two_theta	y_obs	y_weights	y_calc	y_diff	y_bkg	q_values	d_spacings
0.64726557	30.65519524	0.03262090	0.00000000	0.00000000	0.00000000	0.42630772	14.73861496
0.65098231	29.83406639	0.03351873	0.00000000	0.00000000	0.00000000	0.42875564	14.65446669
0.65469905	29.25030136	0.03418768	0.00000000	0.00000000	0.00000000	0.43120357	14.57127385
0.65841579	29.05618668	0.03441608	0.00000000	0.00000000	0.00000000	0.43365150	14.48902025
0.66213254	29.00091362	0.03448167	0.00000000	0.00000000	0.00000000	0.43609942	14.40769009
0.66584928	29.22503853	0.03421723	0.00000000	0.00000000	0.00000000	0.43854735	14.32726790
0.66956602	29.46074867	0.03394347	0.00000000	0.00000000	0.00000000	0.44099527	14.24773855
0.67328276	29.12308693	0.03433702	0.00000000	0.00000000	0.00000000	0.44344319	14.16908727
0.67699950	27.65679359	0.03615748	0.00000000	0.00000000	0.00000000	0.44589112	14.09129958
0.68071624	26.10845947	0.03830176	0.00000000	0.00000000	0.00000000	0.44833904	14.01436135
0.68443298	25.19525719	0.03969001	0.00000000	0.00000000	0.00000000	0.45078696	13.93825873
0.68814973	24.71274376	0.04046495	0.00000000	0.00000000	0.00000000	0.45323488	13.86297819
0.69186647	24.63957405	0.04058512	0.00000000	0.00000000	0.00000000	0.45568281	13.78850647
0.69558321	24.66433716	0.04054437	0.00000000	0.00000000	0.00000000	0.45813073	13.71483061
0.69929995	24.80411911	0.04031588	0.00000000	0.00000000	0.00000000	0.46057865	13.64193793
0.70301669	25.02916908	0.03995338	0.00000000	0.00000000	0.00000000	0.46302657	13.56981600
0.70673343	25.38303375	0.03939639	0.00000000	0.00000000	0.00000000	0.46547449	13.49845265
0.71045017	25.76605225	0.03881076	0.00000000	0.00000000	0.00000000	0.46792240	13.42783599
0.71416691	25.97580338	0.03849737	0.00000000	0.00000000	0.00000000	0.47037032	13.35795435
0.71788366	26.26952934	0.03806692	0.00000000	0.00000000	0.00000000	0.47281824	13.28879633
0.72160040	26.61513329	0.03757261	0.00000000	0.00000000	0.00000000	0.47526616	13.22035073
0.72531714	26.96686363	0.03708255	0.00000000	0.00000000	0.00000000	0.47771408	13.15260661
0.72903388	27.19447899	0.03677217	0.00000000	0.00000000	0.00000000	0.48016199	13.08555323
0.73275062	27.41968155	0.03647015	0.00000000	0.00000000	0.00000000	0.48260991	13.01918009
0.73646736	27.49412155	0.03637141	0.00000000	0.00000000	0.00000000	0.48505782	12.95347689
0.74018410	27.67434120	0.03613455	0.00000000	0.00000000	0.00000000	0.48750574	12.88843353
0.74390085	27.80927086	0.03595923	0.00000000	0.00000000	0.00000000	0.48995365	12.82404013
0.74761759	27.94833183	0.03578031	0.00000000	0.00000000	0.00000000	0.49240157	12.76028699
0.75133433	28.08763123	0.03560286	0.00000000	0.00000000	0.00000000	0.49484948	12.69716461
0.75505107	28.28907204	0.03534934	0.00000000	0.00000000	0.00000000	0.49729739	12.63466368
0.75876781	28.53715706	0.03504203	0.00000000	0.00000000	0.00000000	0.49974531	12.57277505
0.76248455	28.73968697	0.03479509	0.00000000	0.00000000	0.00000000	0.50219322	12.51148979
0.76620129	28.77363396	0.03475404	0.00000000	0.00000000	0.00000000	0.50464113	12.45079910
0.76991803	28.68780136	0.03485802	0.00000000	0.00000000	0.00000000	0.50708904	12.39069438
0.77363478	28.60637093	0.03495725	0.00000000	0.00000000	0.00000000	0.50953695	12.33116718
0.77735152	28.63229179	0.03492560	0.00000000	0.00000000	0.00000000	0.51198486	12.27220922
0.78106826	28.77168655	0.03475639	0.00000000	0.00000000	0.00000000	0.51443277	12.21381237
0.78478500	28.92438889	0.03457290	0.00000000	0.00000000	0.00000000	0.51688068	12.15596866
0.78850174	28.99930000	0.03448359	0.00000000	0.00000000	0.00000000	0.51932858	12.09867026
0.79221848	29.00082397	0.03448178	0.00000000	0.00000000	0.00000000	0.52177649	12.04190951
0.79593522	29.09023094	0.03437580	0.00000000	0.00000000	0.00000000	0.52422440	11.98567887
0.79965197	29.18894768	0.03425954	0.00000000	0.00000000	0.00000000	0.52667231	11.92997095
0.80336871	29.33367348	0.03409051	0.00000000	0.00000000	0.00000000	0.52912021	11.87477849
0.80708545	29.42925453	0.03397979	0.00000000	0.00000000	0.00000000	0.53156812	11.82009437
0.81080219	29.50635529	0.03389100	0.00000000	0.00000000	0.00000000	0.53401602	11.76591160
0.81451893	29.42961502	0.03397938	0.00000000	0.00000000	0.00000000	0.53646393	11.71222333
0.81823567	29.31889725	0.03410769	0.00000000	0.00000000	0.00000000	0.53891183	11.65902280
0.82195241	29.29048729	0.03414078	0.00000000	0.00000000	0.00000000	0.54135973	11.60630340
0.82566915	29.31763649	0.03410916	0.00000000	0.00000000	0.00000000	0.54380764	11.55405864
0.82938590	29.31552315	0.03411162	0.00000000	0.00000000	0.00000000	0.54625554	11.50228214
0.83310264	29.28207588	0.03415058	0.00000000	0.00000000	0.00000000	0.54870344	11.45096762
0.83681938	29.24784851	0.03419055	0.00000000	0.00000000	0.00000000	0.55115134	11.40010894
0.84053612	29.27845573	0.03415481	0.00000000	0.00000000	0.00000000	0.55359924	11.34970004
0.84425286	29.34998322	0.03407157	0.00000000	0.00000000	0.00000000	0.55604714	11.29973498
0.84796960	29.44123840	0.03396596	0.00000000	0.00000000	0.00000000	0.55849504	11.25020793
0.85168634	29.45671654	0.03394811	0.00000000	0.00000000	0.00000000	0.56094294	11.20111316
0.85540309	29.44580460	0.03396070	0.00000000	0.00000000	0.00000000	0.56339083	11.15244503
0.85911983	29.41053581	0.03400142	0.00000000	0.00000000	0.00000000	0.56583873	11.10419799
0.86283657	29.31225204	0.03411543	0.00000000	0.00000000	0.00000000	0.56828663	11.05636662
0.86655331	29.31132126	0.03411651	0.00000000	0.00000000	0.00000000	0.57073452	11.00894556
0.87027005	29.53506660	0.03385806	0.00000000	0.00000000	0.00000000	0.57318242	10.96192956
0.87398679	29.76672745	0.03359456	0.00000000	0.00000000	0.00000000	0.57563031	10.91531344
0.87770353	29.79578972	0.03356179	0.00000000	0.00000000	0.00000000	0.57807821	10.86909213
0.88142027	29.59135818	0.03379365	0.00000000	0.00000000	0.00000000	0.58052610	10.82326063
0.88513702	29.52048683	0.03387478	0.00000000	0.00000000	0.00000000	0.58297400	10.77781403
0.88885376	29.53316498	0.03386024	0.00000000	0.00000000	0.00000000	0.58542189	10.73274751
0.89257050	29.54453850	0.03384720	0.00000000	0.00000000	0.00000000	0.58786978	10.68805631
0.89628724	29.55875397	0.03383093	0.00000000	0.00000000	0.00000000	0.59031767	10.64373577
0.90000398	29.56274986	0.03382635	0.00000000	0.00000000	0.00000000	0.59276556	10.59978129
0.90372072	29.64845467	0.03372857	0.00000000	0.00000000	0.00000000	0.59521345	10.55618836
0.90743746	29.73197174	0.03363383	0.00000000	0.00000000	0.00000000	0.59766134	10.51295254
0.91115421	29.77479172	0.03358546	0.00000000	0.00000000	0.00000000	0.60010923	10.47006945
0.91487095	29.69441223	0.03367637	0.00000000	0.00000000	0.00000000	0.60255712	10.42753480
0.91858769	29.59436989	0.03379021	0.00000000	0.00000000	0.00000000	0.60500500	10.38534435
0.92230443	29.58031082	0.03380627	0.00000000	0.00000000	0.00000000	0.60745289	10.34349395
0.92602117	29.64163399	0.03373633	0.00000000	0.00000000	0.00000000	0.60990078	10.30197950
0.92973791	29.81170082	0.03354388	0.00000000	0.00000000	0.00000000	0.61234866	10.26079697
0.93345465	29.81716919	0.03353772	0.00000000	0.00000000	0.00000000	0.61479655	10.21994240
0.93717140	29.79009819	0.03356820	0.00000000	0.00000000	0.00000000	0.61724443	10.17941188
0.94088814	29.76662636	0.03359467	0.00000000	0.00000000	0.00000000	0.61969232	10.13920158
0.94460488	29.81119156	0.03354445	0.00000000	0.00000000	0.00000000	0.62214020	10.09930771
0.94832162	29.86018753	0.03348941	0.00000000	0.00000000	0.00000000	0.62458808	10.05972656
0.95203836	29.81318474	0.03354221	0.00000000	0.00000000	0.00000000	0.62703596	10.02045446
0.95575510	29.83980560	0.03351228	0.00000000	0.00000000	0.00000000	0.62948384	9.98148781
0.95947184	29.83623886	0.03351629	0.00000000	0.00000000	0.00000000	0.63193172	9.94282305
0.96318858	29.77453995	0.03358574	0.00000000	0.00000000	0.00000000	0.63437960	9.90445669
0.96690533	29.78204918	0.03357727	0.00000000	0.00000000	0.00000000	0.63682748	9.86638530
0.97062207	29.82992744	0.03352338	0.00000000	0.00000000	0.00000000	0.63927536	9.82860547
0.97433881	29.95385361	0.03338469	0.00000000	0.00000000	0.00000000	0.64172324	9.79111389
0.97805555	30.01997566	0.03331115	0.00000000	0.00000000	0.00000000	0.64417111	9.75390725
0.98177229	29.97623825	0.03335976	0.00000000	0.00000000	0.00000000	0.64661899	9.71698232
0.98548903	29.90510559	0.03343911	0.00000000	0.00000000	0.00000000	0.64906687	9.68033592
0.98920577	29.77164841	0.03358900	0.00000000	0.00000000	0.00000000	0.65151474	9.64396491
0.99292252	29.77278328	0.03358772	0.00000000	0.00000000	0.00000000	0.65396262	9.60786619
0.99663926	29.81381416	0.03354150	0.00000000	0.00000000	0.00000000	0.65641049	9.57203672
1.00035600	29.90070343	0.03344403	6.87757663	23.02312680	6.00362587	0.65885836	9.53647349
1.00407274	29.89478111	0.03345065	6.88321864	23.01156247	6.00422491	0.66130623	9.50117356
1.00778948	29.90509987	0.03343911	6.88890641	23.01619346	6.00482581	0.66375411	9.46613400
1.01150622	29.90040207	0.03344437	6.89464037	23.00576170	6.00542857	0.66620198	9.43135195
1.01522296	29.90369606	0.03344068	6.90042080	23.00327526	6.00603319	0.66864985	9.39682457
1.01893970	29.84870529	0.03350229	6.90624835	22.94245694	6.00663967	0.67109772	9.36254909
1.02265645	29.81320381	0.03354219	6.91212406	22.90107975	6.00724798	0.67354558	9.32852275
1.02637319	29.84122086	0.03351069	6.91804754	22.92317332	6.00785814	0.67599345	9.29474285
1.03008993	29.91783714	0.03342488	6.92401996	22.99381718	6.00847012	0.67844132	9.26120672
1.03380667	29.97472000	0.03336145	6.93004152	23.04467848	6.00908393	0.68088919	9.22791173
1.03752341	29.98595810	0.03334894	6.93611333	23.04984477	6.00969955	0.68333705	9.19485529
1.04124015	29.95180893	0.03338697	6.94223525	23.00957368	6.01031698	0.68578492	9.16203485
1.04495689	29.94264412	0.03339718	6.94840840	22.99423572	6.01093620	0.68823278	9.12944788
1.04867364	29.93062782	0.03341059	6.95463303	22.97599480	6.01155721	0.69068064	9.09709191
1.05239038	29.88797569	0.03345827	6.96090985	22.92706584	6.01218000	0.69312851	9.06496449
1.05610712	29.84059334	0.03351140	6.96723932	22.87335401	6.01280455	0.69557637	9.03306320
1.05982386	29.86276627	0.03348652	6.97362216	22.88914410	6.01343086	0.69802423	9.00138566
1.06354060	29.95361328	0.03338495	6.98005922	22.97355406	6.01405892	0.70047209	8.96992954
1.06725734	29.94370461	0.03339600	6.98655073	22.95715387	6.01468870	0.70291995	8.93869251
1.07097408	29.93107224	0.03341010	6.99309743	22.93797480	6.01532021	0.70536781	8.90767229
1.07469082	29.93413353	0.03340668	6.99970029	22.93443324	6.01595343	0.70781567	8.87686664
1.07840757	29.99234009	0.03334185	7.00635922	22.98598087	6.01658834	0.71026353	8.84627334
1.08212431	30.01148033	0.03332058	7.01307575	22.99840459	6.01722493	0.71271138	8.81589020
1.08584105	29.97960854	0.03335601	7.01984984	22.95975870	6.01786319	0.71515924	8.78571506
1.08955779	29.93756485	0.03340285	7.02668268	22.91088217	6.01850310	0.71760710	8.75574579
1.09327453	29.89497757	0.03345043	7.03357465	22.86140292	6.01914465	0.72005495	8.72598029
1.09699127	29.89048767	0.03345546	7.04052660	22.84996108	6.01978783	0.72250280	8.69641649
1.10070801	29.94139290	0.03339858	7.04753936	22.89385354	6.02043261	0.72495066	8.66705236
1.10442476	29.97698975	0.03335892	7.05461331	22.92237643	6.02107898	0.72739851	8.63788586
1.10814150	29.96536636	0.03337186	7.06174918	22.90361719	6.02172693	0.72984636	8.60891502
1.11185824	29.91774368	0.03342498	7.06894812	22.84879556	6.02237644	0.73229421	8.58013787
1.11557498	29.88575172	0.03346076	7.07621072	22.80954100	6.02302748	0.73474206	8.55155248
1.11929172	29.87775040	0.03346972	7.08353749	22.79421291	6.02368005	0.73718991	8.52315693
1.12300846	29.98424530	0.03335085	7.09092946	22.89331584	6.02433413	0.73963776	8.49494934
1.12672520	29.99280739	0.03334133	7.09838755	22.89441984	6.02498968	0.74208561	8.46692785
1.13044194	29.98198318	0.03335336	7.10591219	22.87607100	6.02564671	0.74453346	8.43909063
1.13415869	29.89496803	0.03345045	7.11350443	22.78146361	6.02630518	0.74698130	8.41143586
1.13787543	29.90429688	0.03344001	7.12116503	22.78313184	6.02696508	0.74942915	8.38396175
1.14159217	29.97266960	0.03336373	7.12889517	22.84377443	6.02762639	0.75187699	8.35666655
1.14530891	30.04151535	0.03328727	7.13669509	22.90482026	6.02828908	0.75432484	8.32954850
1.14902565	30.10301590	0.03321926	7.14456609	22.95844981	6.02895314	0.75677268	8.30260590
1.15274239	30.12891197	0.03319071	7.15250901	22.97640296	6.02961854	0.75922052	8.27583703
1.15645913	30.07527733	0.03324990	7.16052449	22.91475284	6.03028526	0.76166836	8.24924024
1.16017588	30.02271652	0.03330811	7.16861382	22.85410270	6.03095328	0.76411620	8.22281386
1.16389262	30.05176735	0.03327591	7.17677779	22.87498956	6.03162258	0.76656404	8.19655626
1.16760936	30.10101891	0.03322147	7.18501741	22.91600150	6.03229313	0.76901188	8.17046583
1.17132610	30.16350937	0.03315264	7.19333359	22.97017578	6.03296492	0.77145972	8.14454098
1.17504284	30.14126968	0.03317710	7.20172684	22.93954284	6.03363791	0.77390756	8.11878013
1.17875958	30.12010765	0.03320041	7.21019912	22.90990853	6.03431208	0.77635539	8.09318174
1.18247632	30.03240585	0.03329737	7.21875041	22.81365545	6.03498741	0.77880323	8.06774428
1.18619307	29.99365234	0.03334039	7.22738252	22.76626983	6.03566388	0.78125107	8.04246622
1.18990981	30.01440048	0.03331734	7.23609623	22.77830426	6.03634146	0.78369890	8.01734609
1.19362655	30.05683136	0.03327031	7.24489269	22.81193867	6.03702012	0.78614673	7.99238239
1.19734329	30.05865288	0.03326829	7.25377243	22.80488045	6.03769984	0.78859457	7.96757368
1.20106003	30.03716469	0.03329209	7.26273725	22.77442744	6.03838059	0.79104240	7.94291852
1.20477677	30.00949478	0.03332279	7.27178832	22.73770646	6.03906235	0.79349023	7.91841548
1.20849351	30.05212212	0.03327552	7.28092615	22.77119597	6.03974510	0.79593806	7.89406316
1.21221025	30.13282013	0.03318641	7.29015203	22.84266810	6.04042879	0.79838589	7.86986018
1.21592700	30.22559547	0.03308454	7.29946765	22.92612782	6.04111342	0.80083372	7.84580517
1.21964374	30.28253555	0.03302233	7.30887378	22.97366177	6.04179895	0.80328154	7.82189677
1.22336048	30.36876869	0.03292857	7.31837184	23.05039685	6.04248536	0.80572937	7.79813364
1.22707722	30.34221458	0.03295738	7.32796261	23.01425197	6.04317261	0.80817720	7.77451447
1.23079396	30.29414940	0.03300967	7.33764843	22.95650097	6.04386068	0.81062502	7.75103796
1.23451070	30.25435448	0.03305309	7.34742927	22.90692521	6.04454955	0.81307284	7.72770281
1.23822744	30.24670219	0.03306146	7.35730749	22.88939471	6.04523918	0.81552067	7.70450775
1.24194419	30.24067879	0.03306804	7.36728345	22.87339534	6.04592955	0.81796849	7.68145152
1.24566093	30.16241264	0.03315385	7.37735978	22.78505287	6.04662063	0.82041631	7.65853289
1.24937767	30.13307953	0.03318612	7.38753656	22.74554297	6.04731239	0.82286413	7.63575061
1.25309441	30.13334656	0.03318583	7.39781603	22.73553052	6.04800481	0.82531195	7.61310349
1.25681115	30.14400673	0.03317409	7.40819948	22.73580725	6.04869785	0.82775977	7.59059032
1.26052789	30.16582298	0.03315010	7.41868807	22.74713491	6.04939149	0.83020759	7.56820991
1.26424463	30.18110847	0.03313331	7.42928322	22.75182525	6.05008570	0.83265541	7.54596110
1.26796137	30.19146538	0.03312194	7.43998689	22.75147849	6.05078045	0.83510322	7.52384272
1.27167812	30.21427727	0.03309694	7.45080064	22.76347663	6.05147572	0.83755104	7.50185364
1.27539486	30.17021179	0.03314528	7.46172562	22.70848617	6.05217146	0.83999885	7.47999272
1.27911160	30.19359779	0.03311960	7.47276340	22.72083440	6.05286767	0.84244667	7.45825885
1.28282834	30.13808250	0.03318061	7.48391672	22.65416579	6.05356431	0.84489448	7.43665092
1.28654508	30.17755318	0.03313721	7.49518529	22.68236789	6.05426134	0.84734229	7.41516784
1.29026182	30.19960022	0.03311302	7.50657238	22.69302783	6.05495875	0.84979010	7.39380853
1.29397856	30.26573753	0.03304066	7.51807904	22.74765850	6.05565651	0.85223791	7.37257192
1.29769531	30.28415108	0.03302057	7.52970733	22.75444375	6.05635458	0.85468572	7.35145697
1.30141205	30.25846481	0.03304860	7.54145909	22.71700572	6.05705295	0.85713353	7.33046262
1.30512879	30.20931625	0.03310237	7.55333627	22.65597998	6.05775157	0.85958134	7.30958786
1.30884553	30.13721657	0.03318156	7.56533911	22.57187746	6.05845043	0.86202914	7.28883165
1.31256227	30.15107536	0.03316631	7.57747233	22.57360303	6.05914950	0.86447695	7.26819299
1.31627901	30.17384720	0.03314128	7.58973512	22.58411207	6.05984875	0.86692475	7.24767089
1.31999575	30.13068771	0.03318875	7.60213155	22.52855616	6.06054815	0.86937256	7.22726436
1.32371249	30.10742378	0.03321440	7.61466213	22.49276166	6.06124768	0.87182036	7.20697243
1.32742924	30.12446785	0.03319561	7.62733024	22.49713760	6.06194731	0.87426816	7.18679413
1.33114598	30.19003868	0.03312351	7.64013668	22.54990200	6.06264701	0.87671596	7.16672852
1.33486272	30.19992065	0.03311267	7.65308445	22.54683621	6.06334677	0.87916376	7.14677465
1.33857946	30.14701080	0.03317078	7.66617524	22.48083556	6.06404655	0.88161156	7.12693160
1.34229620	30.11749268	0.03320330	7.67941154	22.43808114	6.06474633	0.88405936	7.10719843
1.34601294	30.15780449	0.03315891	7.69279570	22.46500879	6.06544608	0.88650716	7.08757424
1.34972968	30.23705864	0.03307200	7.70632956	22.53072908	6.06614578	0.88895496	7.06805814
1.35344643	30.24636459	0.03306182	7.72001598	22.52634861	6.06684540	0.89140275	7.04864922
1.35716317	30.22049141	0.03309013	7.73385694	22.48663447	6.06754493	0.89385055	7.02934662
1.36087991	30.21218872	0.03309922	7.74785531	22.46433341	6.06824433	0.89629834	7.01014945
1.36459665	30.24651527	0.03306166	7.76201318	22.48450209	6.06894359	0.89874613	6.99105686
1.36831339	30.29505539	0.03300869	7.77633359	22.51872180	6.06964268	0.90119392	6.97206799
1.37203013	30.22862434	0.03308123	7.79081860	22.43780574	6.07034157	0.90364171	6.95318201
1.37574687	30.18080711	0.03313364	7.80547125	22.37533586	6.07104026	0.90608950	6.93439807
1.37946361	30.11012650	0.03321142	7.82029389	22.28983260	6.07173871	0.90853729	6.91571535
1.38318036	30.16349983	0.03315265	7.83528967	22.32821016	6.07243691	0.91098508	6.89713305
1.38689710	30.18855858	0.03312513	7.85046135	22.33809723	6.07313483	0.91343287	6.87865034
1.39061384	30.24554825	0.03306272	7.86581155	22.37973670	6.07383246	0.91588065	6.86026643
1.39433058	30.33328438	0.03296709	7.88134343	22.45194095	6.07452977	0.91832844	6.84198054
1.39804732	30.41914558	0.03287403	7.89705986	22.52208572	6.07522675	0.92077622	6.82379187
1.40176406	30.41489220	0.03287863	7.91296388	22.50192832	6.07592337	0.92322401	6.80569966
1.40548080	30.33315849	0.03296722	7.92905890	22.40409959	6.07661963	0.92567179	6.78770315
1.40919755	30.31484413	0.03298714	7.94534808	22.36949606	6.07731550	0.92811957	6.76980156
1.41291429	30.30124283	0.03300195	7.96183443	22.33940840	6.07801097	0.93056735	6.75199416
1.41663103	30.30033875	0.03300293	7.97852165	22.32181710	6.07870601	0.93301513	6.73428020
1.42034777	30.33230019	0.03296816	7.99541262	22.33688757	6.07940062	0.93546291	6.71665895
1.42406451	30.36727142	0.03293019	8.01251130	22.35476013	6.08009478	0.93791068	6.69912969
1.42778125	30.38383675	0.03291224	8.02982097	22.35401578	6.08078848	0.94035846	6.68169169
1.43149799	30.34083366	0.03295888	8.04734546	22.29348820	6.08148170	0.94280624	6.66434424
1.43521474	30.27965927	0.03302547	8.06508845	22.21457082	6.08217442	0.94525401	6.64708665
1.43893148	30.24929428	0.03305862	8.08305349	22.16624079	6.08286664	0.94770178	6.62991821
1.44264822	30.28425026	0.03302046	8.10124521	22.18300505	6.08355835	0.95014956	6.61283824
1.44636496	30.38324356	0.03291288	8.11966636	22.26357720	6.08424953	0.95259733	6.59584604
1.45008170	30.40725517	0.03288689	8.13832223	22.26893294	6.08494017	0.95504510	6.57894096
1.45379844	30.39202309	0.03290337	8.15721623	22.23480685	6.08563026	0.95749287	6.56212232
1.45751518	30.34965134	0.03294931	8.17635299	22.17329835	6.08631980	0.95994063	6.54538946
1.46123192	30.32240295	0.03297892	8.19573725	22.12666570	6.08700878	0.96238840	6.52874172
1.46494867	30.31661797	0.03298521	8.21537139	22.10124658	6.08769718	0.96483617	6.51217846
1.46866541	30.30807495	0.03299451	8.23526306	22.07281189	6.08838500	0.96728393	6.49569903
1.47238215	30.28091049	0.03302411	8.25541344	22.02549705	6.08907223	0.96973170	6.47930281
1.47609889	30.23964310	0.03306917	8.27583100	21.96381210	6.08975888	0.97217946	6.46298915
1.47981563	30.27653122	0.03302888	8.29651691	21.98001431	6.09044493	0.97462722	6.44675745
1.48353237	30.30134010	0.03300184	8.31748002	21.98386008	6.09113037	0.97707498	6.43060708
1.48724911	30.33947182	0.03296036	8.33872193	22.00074989	6.09181521	0.97952274	6.41453744
1.49096586	30.37623215	0.03292048	8.36024975	22.01598240	6.09249945	0.98197050	6.39854791
1.49468260	30.40063095	0.03289405	8.38206824	22.01856271	6.09318307	0.98441826	6.38263791
1.49839934	30.36931992	0.03292797	8.40418244	21.96513748	6.09386609	0.98686602	6.36680684
1.50211608	30.34664154	0.03295258	8.42659841	21.92004313	6.09454849	0.98931377	6.35105411
1.50583282	30.37468529	0.03292215	8.44932250	21.92536278	6.09523029	0.99176153	6.33537915
1.50954956	30.43925667	0.03285231	8.47236000	21.96689667	6.09591147	0.99420928	6.31978138
1.51326630	30.50076485	0.03278606	8.49571726	22.00504759	6.09659204	0.99665704	6.30426023
1.51698304	30.51518440	0.03277057	8.51939796	21.99578644	6.09727201	0.99910479	6.28881514
1.52069979	30.51169395	0.03277432	8.54341323	21.96828073	6.09795137	1.00155254	6.27344555
1.52441653	30.49522018	0.03279202	8.56776438	21.92745580	6.09863013	1.00400029	6.25815091
1.52813327	30.48244095	0.03280577	8.59246200	21.88997895	6.09930830	1.00644804	6.24293067
1.53185001	30.46026230	0.03282966	8.61750925	21.84275305	6.09998588	1.00889578	6.22778429
1.53556675	30.47989082	0.03280852	8.64291725	21.83697357	6.10066287	1.01134353	6.21271123
1.53928349	30.60963249	0.03266945	8.66868945	21.94094305	6.10133929	1.01379128	6.19771097
1.54300023	30.66193390	0.03261373	8.69483509	21.96709881	6.10201513	1.01623902	6.18278297
1.54671698	30.65995789	0.03261583	8.72136026	21.93859762	6.10269041	1.01868676	6.16792672
1.55043372	30.69253731	0.03258121	8.74827397	21.94426334	6.10336513	1.02113451	6.15314170
1.55415046	30.70821571	0.03256458	8.77558309	21.93263262	6.10403932	1.02358225	6.13842740
1.55786720	30.73521423	0.03253597	8.80329609	21.93191814	6.10471296	1.02602999	6.12378331
1.56158394	30.73925591	0.03253169	8.83142144	21.90783446	6.10538608	1.02847773	6.10920893
1.56530068	30.76188087	0.03250777	8.85996709	21.90191379	6.10605869	1.03092546	6.09470377
1.56901742	30.76233482	0.03250729	8.88894149	21.87339333	6.10673079	1.03337320	6.08026733
1.57273416	30.78853226	0.03247963	8.91835445	21.87017780	6.10740241	1.03582094	6.06589912
1.57645091	30.86225128	0.03240204	8.94821417	21.91403711	6.10807355	1.03826867	6.05159867
1.58016765	30.89787865	0.03236468	8.97853045	21.91934819	6.10874423	1.04071640	6.03736549
1.58388439	30.82114601	0.03244526	9.00931334	21.81183267	6.10941446	1.04316414	6.02319912
1.58760113	30.70666695	0.03256622	9.04057159	21.66609536	6.11008426	1.04561187	6.00909907
1.59131787	30.72799110	0.03254362	9.07231604	21.65567507	6.11075364	1.04805960	5.99506490
1.59503461	30.79245949	0.03247548	9.10455728	21.68790221	6.11142262	1.05050733	5.98109613
1.59875135	30.88789177	0.03237515	10.13617500	20.75171677	6.11209122	1.05295506	5.96719231
1.60246810	30.91530800	0.03234643	10.17396522	20.74134277	6.11275945	1.05540278	5.95335299
1.60618484	30.95760345	0.03230224	10.21231616	20.74528730	6.11342734	1.05785051	5.93957772
1.60990158	30.95927429	0.03230050	10.25123876	20.70803553	6.11409489	1.06029823	5.92586606
1.61361832	30.94269371	0.03231781	10.29074503	20.65194868	6.11476214	1.06274596	5.91221756
1.61733506	30.94972801	0.03231046	10.33084898	20.61887903	6.11542909	1.06519368	5.89863180
1.62105180	30.96067238	0.03229904	10.37156193	20.58911045	6.11609577	1.06764140	5.88510834
1.62476854	31.00096893	0.03225706	10.41289714	20.58807179	6.11676220	1.07008912	5.87164675
1.62848528	30.96592903	0.03229356	10.45486914	20.51105989	6.11742840	1.07253684	5.85824661
1.63220203	30.93102074	0.03233000	10.49749070	20.43353004	6.11809440	1.07498456	5.84490750
1.63591877	30.91263390	0.03234923	10.54077709	20.37185680	6.11876020	1.07743227	5.83162901
1.63963551	30.97464371	0.03228447	10.58474236	20.38990135	6.11942585	1.07987999	5.81841072
1.64335225	31.01071739	0.03224692	10.62940150	20.38131589	6.12009135	1.08232770	5.80525222
1.64706899	31.05539131	0.03220053	10.67477096	20.38062035	6.12075673	1.08477542	5.79215310
1.65078573	31.04564857	0.03221063	10.72086572	20.32478286	6.12142202	1.08722313	5.77911298
1.65450247	31.05409813	0.03220187	10.76770335	20.28639478	6.12208724	1.08967084	5.76613145
1.65821922	31.07091141	0.03218444	10.81530113	20.25561027	6.12275241	1.09211855	5.75320811
1.66193596	31.11444092	0.03213942	10.86367231	20.25076861	6.12341756	1.09456626	5.74034257
1.66565270	31.20515251	0.03204599	10.91284162	20.29231089	6.12408272	1.09701397	5.72753446
1.66936944	31.19202805	0.03205947	10.96282198	20.22920606	6.12474790	1.09946167	5.71478338
1.67308618	31.15118790	0.03210150	11.01363437	20.13755353	6.12541314	1.10190938	5.70208895
1.67680292	31.16691780	0.03208530	11.06529805	20.10161975	6.12607846	1.10435708	5.68945081
1.68051966	31.26007271	0.03198969	11.11783417	20.14223854	6.12674389	1.10680479	5.67686857
1.68423640	31.32311821	0.03192530	11.17126249	20.15185572	6.12740944	1.10925249	5.66434186
1.68795315	31.33897591	0.03190915	11.22560456	20.11337135	6.12807516	1.11170019	5.65187032
1.69166989	31.33032036	0.03191796	11.28088279	20.04943757	6.12874106	1.11414789	5.63945358
1.69538663	31.26536369	0.03198428	11.33712006	19.92824363	6.12940718	1.11659559	5.62709129
1.69910337	31.32517815	0.03192320	11.39433889	19.93083926	6.13007354	1.11904329	5.61478308
1.70282011	31.39839172	0.03184877	11.45256419	19.94582753	6.13074016	1.12149098	5.60252861
1.70653685	31.45279503	0.03179368	11.51182139	19.94097364	6.13140708	1.12393868	5.59032751
1.71025359	31.42973709	0.03181700	11.57213526	19.85760183	6.13207433	1.12638637	5.57817945
1.71397034	31.40837288	0.03183864	11.63353221	19.77484067	6.13274192	1.12883406	5.56608408
1.71768708	31.43192863	0.03181478	11.69604107	19.73588757	6.13340989	1.13128175	5.55404105
1.72140382	31.44995689	0.03179655	11.75968857	19.69026833	6.13407827	1.13372944	5.54205004
1.72512056	31.46269989	0.03178367	11.82450437	19.63819552	6.13474709	1.13617713	5.53011069
1.72883730	31.44443512	0.03180213	11.89052127	19.55391385	6.13541637	1.13862482	5.51822268
1.73255404	31.44347954	0.03180310	11.95776223	19.48571731	6.13608613	1.14107251	5.50638567
1.73627078	31.44268608	0.03180390	12.02627056	19.41641552	6.13675642	1.14352019	5.49459935
1.73998753	31.49827576	0.03174777	12.09606925	19.40220650	6.13742726	1.14596788	5.48286338
1.74370427	31.57167435	0.03167396	12.16720289	19.40447145	6.13809867	1.14841556	5.47117744
1.74742101	31.59969521	0.03164587	12.23969760	19.35999761	6.13877068	1.15086324	5.45954122
1.75113775	31.56165504	0.03168402	12.31359451	19.24806054	6.13944332	1.15331092	5.44795439
1.75485449	31.55573082	0.03168996	12.38893106	19.16679976	6.14011663	1.15575860	5.43641665
1.75857123	31.58345985	0.03166214	12.46574656	19.11771329	6.14079062	1.15820628	5.42492768
1.76228797	31.65212440	0.03159346	12.54408110	19.10804331	6.14146533	1.16065396	5.41348717
1.76600471	31.65967751	0.03158592	12.62397716	19.03570034	6.14214078	1.16310163	5.40209482
1.76972146	31.66083527	0.03158476	12.70547942	18.95535584	6.14281701	1.16554931	5.39075033
1.77343820	31.70829201	0.03153749	12.78863147	18.91966054	6.14349403	1.16799698	5.37945339
1.77715494	31.77938080	0.03146694	12.87347954	18.90590126	6.14417187	1.17044465	5.36820370
1.78087168	31.81762886	0.03142912	12.96007367	18.85755519	6.14485057	1.17289232	5.35700097
1.78458842	31.78604317	0.03146035	13.04846336	18.73757981	6.14553016	1.17533999	5.34584490
1.78830516	31.74173355	0.03150427	13.13870118	18.60303237	6.14621065	1.17778766	5.33473521
1.79202190	31.71877670	0.03152707	13.23083944	18.48793726	6.14689207	1.18023533	5.32367161
1.79573865	31.73063469	0.03151529	13.32493427	18.40570042	6.14757445	1.18268299	5.31265381
1.79945539	31.74870872	0.03149734	13.42104550	18.32766322	6.14825782	1.18513066	5.30168152
1.80317213	31.79663467	0.03144987	13.51923309	18.27740158	6.14894221	1.18757832	5.29075447
1.80688887	31.78317070	0.03146319	13.61955570	18.16361500	6.14962763	1.19002598	5.27987237
1.81060561	31.81415176	0.03143255	13.72208391	18.09206785	6.15031412	1.19247364	5.26903495
1.81432235	31.85435104	0.03139289	13.82688176	18.02746928	6.15100169	1.19492130	5.25824194
1.81803909	31.85767174	0.03138961	13.93401848	17.92365326	6.15169038	1.19736896	5.24749305
1.82175583	31.85630035	0.03139096	14.04356931	17.81273105	6.15238022	1.19981662	5.23678803
1.82547258	31.86059952	0.03138673	14.15560842	17.70499110	6.15307121	1.20226427	5.22612660
1.82918932	31.90529633	0.03134276	14.27021377	17.63508255	6.15376339	1.20471193	5.21550850
1.83290606	31.89594841	0.03135194	14.38746929	17.50847912	6.15445679	1.20715958	5.20493346
1.83662280	31.93563080	0.03131299	14.50745780	17.42817300	6.15515142	1.20960723	5.19440123
1.84033954	31.99314880	0.03125669	14.63026851	17.36288030	6.15584731	1.21205489	5.18391154
1.84405628	32.07071304	0.03118110	14.75599428	17.31471876	6.15654448	1.21450253	5.17346414
1.84777302	32.11125946	0.03114172	14.88473290	17.22652656	6.15724295	1.21695018	5.16305877
1.85148977	32.12337494	0.03112998	15.01657996	17.10679498	6.15794276	1.21939783	5.15269517
1.85520651	32.19323349	0.03106243	15.15164244	17.04159105	6.15864390	1.22184548	5.14237310
1.85892325	32.22174072	0.03103495	15.29003035	16.93171037	6.15934642	1.22429312	5.13209231
1.86263999	32.22189713	0.03103480	15.43185964	16.79003748	6.16005032	1.22674076	5.12185255
1.86635673	32.19280624	0.03106284	15.57724104	16.61556520	6.16075564	1.22918840	5.11165358
1.87007347	32.21459198	0.03104183	15.72629992	16.48829206	6.16146239	1.23163604	5.10149515
1.87379021	32.29185486	0.03096756	15.87916788	16.41268697	6.16217059	1.23408368	5.09137702
1.87750695	32.31370926	0.03094662	16.03597912	16.27773014	6.16288026	1.23653132	5.08129895
1.88122370	32.32758713	0.03093333	16.19687418	16.13071295	6.16359143	1.23897896	5.07126071
1.88494044	32.33790970	0.03092346	16.36199868	15.97591102	6.16430409	1.24142659	5.06126205
1.88865718	32.33599854	0.03092529	16.53150955	15.80448898	6.16501829	1.24387423	5.05130275
1.89237392	32.39149094	0.03087231	16.70556606	15.68592488	6.16573403	1.24632186	5.04138258
1.89609066	32.44470596	0.03082167	16.88433564	15.56037032	6.16645133	1.24876949	5.03150129
1.89980740	32.48528671	0.03078317	17.06799740	15.41728932	6.16717020	1.25121712	5.02165867
1.90352414	32.52824402	0.03074251	17.25673637	15.27150765	6.16789068	1.25366475	5.01185449
1.90724089	32.58897018	0.03068523	17.45074378	15.13822641	6.16861276	1.25611238	5.00208852
1.91095763	32.64231873	0.03063508	17.65022321	14.99209552	6.16933647	1.25856000	4.99236055
1.91467437	32.60678864	0.03066846	17.85538899	14.75139965	6.17006182	1.26100763	4.98267034
1.91839111	32.57757187	0.03069596	18.06646377	14.51110810	6.17078883	1.26345525	4.97301768
1.92210785	32.57267380	0.03070058	18.28368396	14.28898984	6.17151750	1.26590287	4.96340236
1.92582459	32.64385223	0.03063364	18.50729405	14.13655819	6.17224787	1.26835049	4.95382415
1.92954133	32.72212982	0.03056036	18.73755537	13.98457446	6.17297993	1.27079811	4.94428284
1.93325807	32.71510696	0.03056692	18.97473905	13.74036792	6.17371370	1.27324573	4.93477822
1.93697482	32.69007111	0.03059033	19.21914355	13.47092755	6.17444919	1.27569335	4.92531008
1.94069156	32.70197678	0.03057919	19.47104752	13.23092926	6.17518642	1.27814096	4.91587821
1.94440830	32.72857666	0.03055434	19.73078257	12.99779409	6.17592539	1.28058858	4.90648239
1.94812504	32.75815201	0.03052675	19.99868310	12.75946891	6.17666613	1.28303619	4.89712243
1.95184178	32.76007080	0.03052496	20.27510033	12.48497047	6.17740863	1.28548380	4.88779812
1.95555852	32.78892517	0.03049810	20.56040894	12.22851623	6.17815291	1.28793141	4.87850925
1.95927526	32.83463287	0.03045565	20.85499965	11.97963322	6.17889898	1.29037902	4.86925563
1.96299201	32.92661667	0.03037057	21.15928999	11.76732668	6.17964685	1.29282663	4.86003705
1.96670875	33.05076981	0.03025648	21.47371821	11.57705159	6.18039652	1.29527423	4.85085331
1.97042549	33.09678268	0.03021442	21.79875092	11.29803176	6.18114802	1.29772184	4.84170423
1.97414223	33.03109741	0.03027450	22.13487617	10.89622124	6.18190133	1.30016944	4.83258959
1.97785897	33.00022507	0.03030282	22.48261833	10.51760674	6.18265648	1.30261704	4.82350921
1.98157571	32.99265671	0.03030977	22.84252181	10.15013489	6.18341347	1.30506464	4.81446290
1.98529245	32.99487305	0.03030774	23.21517566	9.77969739	6.18417229	1.30751224	4.80545046
1.98900920	32.97984695	0.03032155	23.60119885	9.37864810	6.18493298	1.30995984	4.79647171
1.99272594	33.03100204	0.03027459	24.00124966	9.02975238	6.18569552	1.31240744	4.78752644
1.99644268	33.05928802	0.03024869	24.41603002	8.64325800	6.18645993	1.31485503	4.77861449
2.00015942	33.02427292	0.03028076	24.84627689	8.17799603	6.18722621	1.31730262	4.76973566
2.00387616	32.98687363	0.03031509	25.29278999	7.69408363	6.18799436	1.31975022	4.76088977
2.00759290	33.00354767	0.03029977	25.75640732	7.24714035	6.18876438	1.32219781	4.75207663
2.01130964	33.06257248	0.03024568	26.23802738	6.82454510	6.18953629	1.32464540	4.74329607
2.01502638	33.12177277	0.03019162	26.73861092	6.38316184	6.19031009	1.32709298	4.73454790
2.01874313	33.16192627	0.03015506	27.25917609	5.90275018	6.19108578	1.32954057	4.72583195
2.02245987	33.21307373	0.03010863	27.80081882	5.41225492	6.19186336	1.33198816	4.71714803
2.02617661	33.22243118	0.03010015	28.36470947	4.85772171	6.19264283	1.33443574	4.70849597
2.02989335	33.22374344	0.03009896	28.95209647	4.27164697	6.19342420	1.33688332	4.69987560
2.03361009	33.23664093	0.03008728	29.56432136	3.67231957	6.19420747	1.33933090	4.69128674
2.03732683	33.26787949	0.03005902	30.20282531	3.06505417	6.19499264	1.34177848	4.68272922
2.04104357	33.32833481	0.03000450	30.86914364	2.45919117	6.19577971	1.34422606	4.67420286
2.04476032	33.36656189	0.02997012	31.56494556	1.80161633	6.19656868	1.34667364	4.66570751
2.04847706	33.46747971	0.02987975	32.29200644	1.17547327	6.19735956	1.34912121	4.65724298
2.05219380	33.50011444	0.02985064	33.05225347	0.44786097	6.19815233	1.35156879	4.64880912
2.05591054	33.46601868	0.02988106	33.84775797	-0.38173929	6.19894702	1.35401636	4.64040575
2.05962728	33.43471527	0.02990903	34.68074962	-1.24603435	6.19974360	1.35646393	4.63203272
2.06334402	33.47855759	0.02986987	35.55365732	-2.07509973	6.20054208	1.35891150	4.62368985
2.06706076	33.55558014	0.02980130	36.46908615	-2.91350601	6.20134246	1.36135907	4.61537698
2.07077750	33.65308380	0.02971496	37.42990954	-3.77682574	6.20214475	1.36380664	4.60709396
2.07449425	33.72681427	0.02965000	38.43912454	-4.71231027	6.20294892	1.36625420	4.59884061
2.07821099	33.75707245	0.02962342	39.50010481	-5.74303237	6.20375500	1.36870176	4.59061679
2.08192773	33.76725388	0.02961449	40.61648283	-6.84922896	6.20456296	1.37114933	4.58242234
2.08564447	33.78763580	0.02959663	41.79220777	-8.00457196	6.20537282	1.37359689	4.57425709
2.08936121	33.78610992	0.02959796	43.03159207	-9.24548214	6.20618456	1.37604445	4.56612090
2.09307795	33.81707382	0.02957086	44.33933928	-10.52226545	6.20699819	1.37849201	4.55801360
2.09679469	33.87891388	0.02951688	45.72062928	-11.84171540	6.20781370	1.38093956	4.54993504
2.10051144	33.95157242	0.02945372	47.18108903	-13.22951661	6.20863109	1.38338712	4.54188508
2.10422818	33.96954346	0.02943813	48.72692899	-14.75738553	6.20945035	1.38583467	4.53386355
2.10794492	33.92698288	0.02947506	50.36496462	-16.43798174	6.21027148	1.38828222	4.52587032
2.11166166	33.90521622	0.02949399	52.10272948	-18.19751326	6.21109447	1.39072977	4.51790522
2.11537840	33.95687485	0.02944912	53.94850188	-19.99162703	6.21191933	1.39317732	4.50996811
2.11909514	34.01503372	0.02939877	55.91146941	-21.89643569	6.21274605	1.39562487	4.50205885
2.12281188	34.11950684	0.02930875	58.00180109	-23.88229425	6.21357461	1.39807242	4.49417729
2.12652862	34.27295685	0.02917752	60.23079887	-25.95784202	6.21440502	1.40051996	4.48632327
2.13024537	34.38189697	0.02908507	62.61103818	-28.22914120	6.21523728	1.40296751	4.47849667
2.13396211	34.43177795	0.02904294	65.15654502	-30.72476707	6.21607137	1.40541505	4.47069733
2.13767885	34.46681976	0.02901341	67.88302842	-33.41620866	6.21690729	1.40786259	4.46292511
2.14139559	34.58599854	0.02891343	70.80809230	-36.22209377	6.21774504	1.41031013	4.45517988
2.14511233	34.72694016	0.02879609	73.95150616	-39.22456600	6.21858460	1.41275767	4.44746148
2.14882907	34.83394623	0.02870763	77.33560192	-42.50165569	6.21942598	1.41520520	4.43976979
2.15254581	34.96219254	0.02860233	80.98560028	-46.02340775	6.22026917	1.41765274	4.43210466
2.15626256	35.09735870	0.02849217	84.93009285	-49.83273414	6.22111416	1.42010027	4.42446596
2.15997930	35.23222351	0.02838311	89.20182450	-53.96960098	6.22196094	1.42254780	4.41685355
2.16369604	35.32642365	0.02830742	93.83760793	-58.51118428	6.22280951	1.42499533	4.40926729
2.16741278	35.45528030	0.02820454	98.88015201	-63.42487171	6.22365987	1.42744286	4.40170705
2.17112952	35.65710831	0.02804490	104.37842415	-68.72131584	6.22451199	1.42989039	4.39417270
2.17484626	35.83228683	0.02790779	110.38890414	-74.55661731	6.22536589	1.43233791	4.38666410
2.17856300	35.92313004	0.02783722	116.97709532	-81.05396529	6.22622155	1.43478544	4.37918113
2.18227974	36.04854202	0.02774037	124.21921915	-88.17067712	6.22707896	1.43723296	4.37172364
2.18599649	36.19651413	0.02762697	132.20445532	-96.00794119	6.22793812	1.43968048	4.36429151
2.18971323	36.36369324	0.02749996	141.03759505	-104.67390181	6.22879902	1.44212800	4.35688462
2.19342997	36.56855774	0.02734590	150.84246563	-114.27390789	6.22966166	1.44457552	4.34950283
2.19714671	36.88492203	0.02711135	161.76613486	-124.88121283	6.23052601	1.44702304	4.34214602
2.20086345	37.33466339	0.02678476	173.98446447	-136.64980108	6.23139209	1.44947055	4.33481405
2.20458019	37.68680191	0.02653449	187.70876219	-150.02196028	6.23225988	1.45191806	4.32750681
2.20829693	37.99000168	0.02632272	203.19508573	-165.20508406	6.23312937	1.45436558	4.32022417
2.21201368	38.32686996	0.02609136	220.75551787	-182.42864791	6.23400056	1.45681309	4.31296600
2.21573042	38.83911133	0.02574724	240.77366573	-201.93455440	6.23487344	1.45926060	4.30573218
2.21944716	39.44690323	0.02535053	263.72490971	-224.27800648	6.23574800	1.46170810	4.29852260
2.22316390	40.15448761	0.02490382	290.20416714	-250.04967953	6.23662423	1.46415561	4.29133712
2.22688064	41.08134460	0.02434195	320.96466050	-279.88331589	6.23750213	1.46660311	4.28417562
2.23059738	42.26953125	0.02365770	356.97907234	-314.70954109	6.23838168	1.46905062	4.27703800
2.23431412	43.72754669	0.02286888	399.55456464	-355.82701795	6.23926289	1.47149812	4.26992412
2.23803087	45.78263855	0.02184234	450.60507493	-404.82243638	6.24014574	1.47394562	4.26283388
2.24174761	48.73918915	0.02051737	513.38914502	-464.64995588	6.24103022	1.47639311	4.25576714
2.24546435	52.90522003	0.01890173	594.51975367	-541.61453364	6.24191634	1.47884061	4.24872380
2.24918109	59.05128098	0.01693443	709.03439735	-649.98311637	6.24280407	1.48128811	4.24170375
2.25289783	68.56512451	0.01458467	891.68173488	-823.11661037	6.24369341	1.48373560	4.23470685
2.25661457	83.40565491	0.01198959	1218.26768342	-1134.86202851	6.24458436	1.48618309	4.22773301
2.26033131	107.05292511	0.00934117	1838.13736550	-1731.08444039	6.24547691	1.48863058	4.22078210
2.26404805	146.81353760	0.00681136	3008.91600591	-2862.10246831	6.24637105	1.49107807	4.21385401
2.26776480	212.51651001	0.00470552	5107.09289667	-4894.57638666	6.24726677	1.49352556	4.20694864
2.27148154	318.08175659	0.00314385	8571.56737915	-8253.48562256	6.24816406	1.49597304	4.20006586
2.27519828	482.75891113	0.00207143	13747.00841734	-13264.24950621	6.24906292	1.49842053	4.19320557
2.27891502	711.83026123	0.00140483	20640.61308648	-19928.78282525	6.24996334	1.50086801	4.18636767
2.28263176	990.05004883	0.00101005	28684.42258932	-27694.37254049	6.25086532	1.50331549	4.17955203
2.28634850	1285.00732422	0.00077821	36633.13461185	-35348.12728763	6.25176883	1.50576297	4.17275855
2.29006524	1511.07336426	0.00066178	42700.74002308	-41189.66665882	6.25267389	1.50821045	4.16598713
2.29378199	1601.64636230	0.00062436	45076.80456853	-43475.15820623	6.25358047	1.51065792	4.15923765
2.29749873	1531.09851074	0.00065313	42915.53909255	-41384.44058181	6.25448858	1.51310540	4.15251001
2.30121547	1320.92785645	0.00075704	36989.83416162	-35668.90630518	6.25539820	1.51555287	4.14580410
2.30493221	1037.54711914	0.00096381	29089.05348729	-28051.50636815	6.25630933	1.51800034	4.13911982
2.30864895	740.96710205	0.00134959	21015.56866809	-20274.60156604	6.25722197	1.52044781	4.13245707
2.31236569	500.52218628	0.00199791	14047.08492807	-13546.56274179	6.25813609	1.52289528	4.12581573
2.31608243	332.96966553	0.00300328	8783.92869605	-8450.95903052	6.25905171	1.52534275	4.11919571
2.31979917	220.77334595	0.00452953	5242.10297874	-5021.32963279	6.25996880	1.52779021	4.11259691
2.32351592	150.68130493	0.00663652	3087.42587388	-2936.74456895	6.26088737	1.53023768	4.10601922
2.32723266	109.67970276	0.00911746	1880.92699421	-1771.24729145	6.26180740	1.53268514	4.09946254
2.33094940	84.47444153	0.01183790	1241.12282278	-1156.64838125	6.26272890	1.53513260	4.09292677
2.33466614	68.72048187	0.01455170	904.45677802	-835.73629615	6.26365185	1.53758006	4.08641182
2.33838288	59.11444855	0.01691634	717.03029258	-657.91584403	6.26457624	1.54002751	4.07991757
2.34209962	52.69409561	0.01897746	600.26953432	-547.57543871	6.26550207	1.54247497	4.07344394
2.34581636	48.33076477	0.02069075	518.00788894	-469.67712417	6.26642934	1.54492242	4.06699082
2.34953311	45.38225555	0.02203504	454.57220325	-409.18994770	6.26735804	1.54736987	4.06055812
2.35324985	43.25034714	0.02312120	403.09082009	-359.84047296	6.26828815	1.54981732	4.05414574
2.35696659	41.69359207	0.02398450	360.20359862	-318.51000655	6.26921968	1.55226477	4.04775359
2.36068333	40.50851440	0.02468617	323.95381550	-283.44530110	6.27015262	1.55471222	4.04138157
2.36440007	39.54587936	0.02528708	293.01300265	-253.46712329	6.27108696	1.55715967	4.03502958
2.36811681	38.76024246	0.02579963	266.39447721	-227.63423475	6.27202270	1.55960711	4.02869753
2.37183355	38.14168167	0.02621804	243.33815858	-205.19647691	6.27295983	1.56205455	4.02238533
2.37555029	37.60000610	0.02659574	223.24117310	-185.64116700	6.27389834	1.56450199	4.01609288
2.37926704	37.10805893	0.02694832	205.62305740	-168.51499847	6.27483824	1.56694943	4.00982009
2.38298378	36.68859863	0.02725642	190.09625515	-153.40765652	6.27577950	1.56939687	4.00356687
2.38670052	36.30133057	0.02754720	176.34552827	-140.04419771	6.27672214	1.57184430	3.99733313
2.39041726	35.95799255	0.02781023	164.11249764	-128.15450508	6.27766613	1.57429174	3.99111877
2.39413400	35.60079956	0.02808926	153.18376602	-117.58296646	6.27861148	1.57673917	3.98492371
2.39785074	35.32086182	0.02831188	143.38196754	-108.06110573	6.27955819	1.57918660	3.97874786
2.40156748	35.02847672	0.02854820	134.55881815	-99.53034143	6.28050624	1.58163403	3.97259112
2.40528423	34.82054138	0.02871868	126.58942936	-91.76888798	6.28145563	1.58408146	3.96645342
2.40900097	34.58174133	0.02891699	119.36818759	-84.78644625	6.28240635	1.58652888	3.96033465
2.41271771	34.35799408	0.02910531	112.80522409	-78.44723001	6.28335841	1.58897631	3.95423474
2.41643445	34.13401031	0.02929629	106.82374598	-72.68973566	6.28431180	1.59142373	3.94815359
2.42015119	33.99287033	0.02941793	101.35778159	-67.36491126	6.28526650	1.59387115	3.94209112
2.42386793	33.84563446	0.02954591	96.35044624	-62.50481178	6.28622252	1.59631857	3.93604725
2.42758467	33.71045303	0.02966439	91.75247307	-58.04202004	6.28717985	1.59876599	3.93002188
2.43130141	33.50799561	0.02984362	87.52102647	-54.01303086	6.28813849	1.60121340	3.92401494
2.43501816	33.36771011	0.02996909	83.61869955	-50.25098944	6.28909844	1.60366082	3.91802633
2.43873490	33.23287582	0.03009069	80.01276497	-46.77988914	6.29005968	1.60610823	3.91205599
2.44245164	33.14950562	0.03016636	76.67443444	-43.52492883	6.29102221	1.60855564	3.90610381
2.44616838	33.05148697	0.03025582	73.57834609	-40.52685912	6.29198603	1.61100305	3.90016972
2.44988512	32.92702866	0.03037019	70.70206981	-37.77504115	6.29295114	1.61345045	3.89425364
2.45360186	32.79186630	0.03049537	68.02571211	-35.23384581	6.29391753	1.61589786	3.88835549
2.45731860	32.63798141	0.03063915	65.53158198	-32.89360056	6.29488520	1.61834526	3.88247517
2.46103535	32.53141403	0.03073952	63.20391149	-30.67249745	6.29585414	1.62079267	3.87661262
2.46475209	32.42772675	0.03083781	61.02860090	-28.60087415	6.29682435	1.62324007	3.87076776
2.46846883	32.32834244	0.03093261	58.99302925	-26.66468682	6.29779583	1.62568746	3.86494049
2.47218557	32.23943710	0.03101791	57.08583410	-24.84639700	6.29876857	1.62813486	3.85913075
2.47590231	32.15425491	0.03110008	55.29682543	-23.14257052	6.29974256	1.63058226	3.85333845
2.47961905	32.03326797	0.03121755	53.61670841	-21.58344044	6.30071781	1.63302965	3.84756352
2.48333579	31.93523598	0.03131337	52.03731170	-20.10207573	6.30169432	1.63547704	3.84180587
2.48705254	31.85132599	0.03139587	50.55101032	-18.69968433	6.30267207	1.63792443	3.83606544
2.49076928	31.74718285	0.03149886	49.15099590	-17.40381306	6.30365106	1.64037182	3.83034214
2.49448602	31.62746811	0.03161809	47.83102115	-16.20355305	6.30463129	1.64281921	3.82463589
2.49820276	31.56980324	0.03167584	46.58543648	-15.01563324	6.30561277	1.64526659	3.81894663
2.50191950	31.57532692	0.03167030	45.40907818	-13.83375126	6.30659548	1.64771398	3.81327427
2.50563624	31.56813240	0.03167752	44.29723706	-12.72910466	6.30757942	1.65016136	3.80761874
2.50935298	31.52600479	0.03171985	43.24559073	-11.71958594	6.30856459	1.65260874	3.80197997
2.51306972	31.49172974	0.03175437	42.25019207	-10.75846233	6.30955098	1.65505611	3.79635787
2.51678647	31.40908623	0.03183792	41.30741424	-9.89832801	6.31053860	1.65750349	3.79075238
2.52050321	31.36904526	0.03187856	40.41392220	-9.04487694	6.31152744	1.65995087	3.78516343
2.52421995	31.28783035	0.03196131	39.56664601	-8.27881565	6.31251749	1.66239824	3.77959093
2.52793669	31.27352905	0.03197592	38.76276794	-7.48923889	6.31350877	1.66484561	3.77403483
2.53165343	31.22256470	0.03202812	37.99967534	-6.77711064	6.31450125	1.66729298	3.76849503
2.53537017	31.19953346	0.03205176	37.27496840	-6.07543494	6.31549494	1.66974035	3.76297148
2.53908691	31.11415672	0.03213971	36.58641409	-5.47225737	6.31648984	1.67218771	3.75746411
2.54280366	31.04777336	0.03220843	35.93196216	-4.88418880	6.31748595	1.67463508	3.75197283
2.54652040	30.95973587	0.03230002	35.30969992	-4.34996405	6.31848326	1.67708244	3.74649759
2.55023714	30.89130211	0.03237157	34.71785541	-3.82655330	6.31948176	1.67952980	3.74103830
2.55395388	30.90373421	0.03235855	34.15479364	-3.25105943	6.32048147	1.68197716	3.73559491
2.55767062	30.89154625	0.03237132	33.61898050	-2.72743425	6.32148237	1.68442451	3.73016734
2.56138736	30.90923119	0.03235279	33.10897362	-2.19974243	6.32248447	1.68687187	3.72475552
2.56510410	30.89797974	0.03236458	32.62350362	-1.72552389	6.32348776	1.68931922	3.71935939
2.56882084	30.89049149	0.03237242	32.16130759	-1.27081610	6.32449224	1.69176657	3.71397887
2.57253759	30.81232071	0.03245455	31.72124855	-0.90892785	6.32549790	1.69421392	3.70861390
2.57625433	30.75967598	0.03251010	31.30224458	-0.54256860	6.32650475	1.69666127	3.70326441
2.57997107	30.72762489	0.03254401	30.90329640	-0.17567151	6.32751279	1.69910862	3.69793034
2.58368781	30.67600441	0.03259877	30.52347758	0.15252683	6.32852201	1.70155596	3.69261161
2.58740455	30.62825203	0.03264959	30.16190708	0.46634495	6.32953241	1.70400330	3.68730817
2.59112129	30.66194344	0.03261372	29.81776868	0.84417476	6.33054398	1.70645065	3.68201994
2.59483803	30.67974091	0.03259480	29.49029771	1.18944320	6.33155674	1.70889798	3.67674687
2.59855478	30.61403847	0.03266475	29.17878063	1.43525783	6.33257067	1.71134532	3.67148887
2.60227152	30.54181480	0.03274200	28.88254358	1.65927122	6.33358577	1.71379266	3.66624590
2.60598826	30.53827477	0.03274579	28.60095769	1.93731708	6.33460205	1.71623999	3.66101789
2.60970500	30.57747459	0.03270381	28.33343598	2.24403861	6.33561949	1.71868732	3.65580477
2.61342174	30.58096886	0.03270008	28.07942093	2.50154792	6.33663811	1.72113465	3.65060647
2.61713848	30.56704521	0.03271497	27.83839651	2.72864870	6.33765789	1.72358198	3.64542295
2.62085522	30.56402779	0.03271820	27.60987502	2.95415277	6.33867885	1.72602931	3.64025413
2.62457196	30.50731850	0.03277902	27.39340304	3.11391546	6.33970096	1.72847663	3.63509994
2.62828871	30.40023232	0.03289449	27.18854674	3.21168557	6.34072424	1.73092395	3.62996034
2.63200545	30.32932281	0.03297139	26.99490631	3.33441650	6.34174869	1.73337128	3.62483525
2.63572219	30.33580208	0.03296435	26.81210485	3.52369723	6.34277429	1.73581859	3.61972462
2.63943893	30.33776283	0.03296222	26.63978905	3.69797378	6.34380106	1.73826591	3.61462839
2.64315567	30.34606743	0.03295320	26.47762362	3.86844381	6.34482898	1.74071323	3.60954648
2.64687241	30.36860466	0.03292874	26.32530830	4.04329636	6.34585807	1.74316054	3.60447885
2.65058915	30.37638092	0.03292031	26.18252602	4.19385490	6.34688831	1.74560785	3.59942544
2.65430590	30.32810783	0.03297271	26.04903517	4.27907266	6.34791970	1.74805516	3.59438617
2.65802264	30.28478813	0.03301988	25.92454595	4.36024218	6.34895225	1.75050247	3.58936100
2.66173938	30.27260208	0.03303317	25.80885492	4.46374716	6.34998596	1.75294978	3.58434987
2.66545612	30.25194931	0.03305572	25.70170219	4.55024712	6.35102082	1.75539708	3.57935271
2.66917286	30.25293350	0.03305465	25.60291704	4.65001646	6.35205683	1.75784438	3.57436947
2.67288960	30.27232361	0.03303347	25.51226668	4.76005693	6.35309399	1.76029169	3.56940009
2.67660634	30.26697922	0.03303931	25.42960709	4.83737213	6.35413231	1.76273898	3.56444452
2.68032308	30.26155853	0.03304522	25.35474403	4.90681450	6.35517177	1.76518628	3.55950268
2.68403983	30.24074554	0.03306797	25.28752937	4.95321617	6.35621238	1.76763358	3.55457454
2.68775657	30.19658661	0.03311633	25.22782086	4.96876575	6.35725414	1.77008087	3.54966003
2.69147331	30.15610504	0.03316078	25.17548610	4.98061895	6.35829705	1.77252816	3.54475909
2.69519005	30.11221504	0.03320911	25.13040379	4.98181125	6.35934111	1.77497545	3.53987167
2.69890679	30.12216949	0.03319814	25.09246194	5.02970756	6.36038631	1.77742274	3.53499771
2.70262353	30.13726234	0.03318151	25.06156302	5.07569933	6.36143265	1.77987002	3.53013716
2.70634027	30.15868187	0.03315795	25.03761526	5.12106661	6.36248014	1.78231731	3.52528996
2.71005702	30.15572929	0.03316119	25.02053657	5.13519273	6.36352878	1.78476459	3.52045605
2.71377376	30.12539101	0.03319459	25.01025583	5.11513518	6.36457856	1.78721187	3.51563539
2.71749050	30.12194252	0.03319839	25.00670737	5.11523515	6.36562948	1.78965915	3.51082792
2.72120724	30.15707970	0.03315971	25.00983171	5.14724799	6.36668154	1.79210643	3.50603358
2.72492398	30.19143867	0.03312197	25.01961277	5.17182590	6.36773474	1.79455370	3.50125232
2.72864072	30.22210884	0.03308836	25.03596939	5.18613945	6.36878909	1.79700097	3.49648409
2.73235746	30.25638199	0.03305088	25.05891945	5.19746254	6.36984457	1.79944824	3.49172883
2.73607420	30.27621460	0.03302923	25.08839632	5.18781828	6.37090120	1.80189551	3.48698649
2.73979095	30.25552750	0.03305181	25.12443426	5.13109324	6.37195897	1.80434278	3.48225702
2.74350769	30.22322845	0.03308713	25.16698186	5.05624659	6.37301787	1.80679005	3.47754036
2.74722443	30.20261574	0.03310972	25.21607753	4.98653821	6.37407792	1.80923731	3.47283647
2.75094117	30.19822502	0.03311453	25.27172283	4.92650219	6.37513910	1.81168457	3.46814529
2.75465791	30.20042419	0.03311212	25.33393444	4.86648975	6.37620142	1.81413183	3.46346677
2.75837465	30.20382500	0.03310839	25.40274231	4.80108268	6.37726487	1.81657909	3.45880086
2.76209139	30.17653465	0.03313833	25.47817740	4.69835725	6.37832947	1.81902634	3.45414751
2.76580814	30.15490723	0.03316210	25.56028723	4.59462000	6.37939520	1.82147360	3.44950666
2.76952488	30.11594582	0.03320500	25.64912207	4.46682375	6.38046207	1.82392085	3.44487828
2.77324162	30.15158081	0.03316576	25.74474083	4.40683998	6.38153007	1.82636810	3.44026230
2.77695836	30.16355133	0.03315259	25.84721029	4.31634104	6.38259921	1.82881535	3.43565867
2.78067510	30.20865822	0.03310309	25.95660592	4.25205230	6.38366948	1.83126259	3.43106736
2.78439184	30.20217705	0.03311020	26.07301556	4.12916149	6.38474089	1.83370984	3.42648830
2.78810858	30.19918442	0.03311348	26.19652874	4.00265568	6.38581344	1.83615708	3.42192146
2.79182533	30.13402748	0.03318508	26.32724750	3.80677999	6.38688711	1.83860432	3.41736677
2.79554207	30.08165169	0.03324286	26.46528399	3.61636770	6.38796193	1.84105156	3.41282420
2.79925881	30.09774017	0.03322509	26.61075732	3.48698286	6.38903787	1.84349879	3.40829369
2.80297555	30.16362381	0.03315252	26.76379846	3.39982535	6.39011495	1.84594603	3.40377520
2.80669229	30.21725273	0.03309368	26.92454647	3.29270627	6.39119317	1.84839326	3.39926868
2.81040903	30.17754173	0.03313723	27.09314907	3.08439266	6.39227251	1.85084049	3.39477407
2.81412577	30.11554909	0.03320544	27.26977122	2.84577787	6.39335299	1.85328772	3.39029134
2.81784251	30.10351944	0.03321871	27.45457987	2.64893957	6.39443460	1.85573495	3.38582044
2.82155926	30.14201546	0.03317628	27.64775892	2.49425654	6.39551735	1.85818217	3.38136132
2.82527600	30.23259163	0.03307689	27.84950091	2.38309071	6.39660122	1.86062939	3.37691393
2.82899274	30.25070381	0.03305708	28.06001630	2.19068751	6.39768623	1.86307661	3.37247822
2.83270948	30.27193642	0.03303390	28.27951778	1.99241864	6.39877237	1.86552383	3.36805416
2.83642622	30.26156044	0.03304522	28.50824632	1.75331412	6.39985964	1.86797105	3.36364170
2.84014296	30.26855469	0.03303759	28.74643962	1.52211506	6.40094805	1.87041826	3.35924078
2.84385970	30.26421738	0.03304232	28.99436536	1.26985202	6.40203758	1.87286548	3.35485137
2.84757645	30.28109550	0.03302390	29.25229438	1.02880113	6.40312825	1.87531269	3.35047342
2.85129319	30.31201553	0.03299022	29.52052068	0.79149486	6.40422005	1.87775990	3.34610688
2.85500993	30.30744362	0.03299519	29.79935471	0.50808891	6.40531297	1.88020710	3.34175171
2.85872667	30.29000092	0.03301420	30.08914889	0.20085203	6.40640703	1.88265431	3.33740787
2.86244341	30.25479507	0.03305261	30.39016046	-0.13536539	6.40750222	1.88510151	3.33307531
2.86616015	30.26529884	0.03304114	30.70287429	-0.43757544	6.40859854	1.88754871	3.32875399
2.86987689	30.31990242	0.03298164	31.02755177	-0.70764935	6.40969599	1.88999591	3.32444386
2.87359363	30.36644554	0.03293109	31.36472821	-0.99828267	6.41079457	1.89244311	3.32014488
2.87731038	30.35373306	0.03294488	31.71469960	-1.36096654	6.41189428	1.89489030	3.31585701
2.88102712	30.33054161	0.03297007	32.07805175	-1.74751014	6.41299512	1.89733750	3.31158021
2.88474386	30.30899429	0.03299351	32.45516815	-2.14617386	6.41409709	1.89978469	3.30731443
2.88846060	30.30981827	0.03299261	32.84658760	-2.53676933	6.41520019	1.90223188	3.30305962
2.89217734	30.32732391	0.03297357	33.25284379	-2.92551988	6.41630442	1.90467906	3.29881575
2.89589408	30.38918304	0.03290645	33.67450040	-3.28531735	6.41740978	1.90712625	3.29458278
2.89961082	30.39971161	0.03289505	34.35133551	-3.95162390	6.41851627	1.90957343	3.29036066
2.90332757	30.39501190	0.03290014	34.80668493	-4.41167303	6.41962388	1.91202061	3.28614935
2.90704431	30.38334465	0.03291277	35.27934651	-4.89600186	6.42073263	1.91446779	3.28194882
2.91076105	30.40223885	0.03289231	35.77002481	-5.36778596	6.42184251	1.91691497	3.27775901
2.91447779	30.38288116	0.03291327	36.27947612	-5.89659496	6.42295351	1.91936215	3.27357988
2.91819453	30.37576294	0.03292098	36.80848957	-6.43272663	6.42406565	1.92180932	3.26941141
2.92191127	30.39004517	0.03290551	37.35791468	-6.96786952	6.42517891	1.92425649	3.26525354
2.92562801	30.40518951	0.03288912	37.92863221	-7.52344270	6.42629330	1.92670366	3.26110623
2.92934475	30.43363190	0.03285839	38.52160879	-8.08797689	6.42740883	1.92915083	3.25696945
2.93306150	30.50391960	0.03278267	39.13783346	-8.63391386	6.42852548	1.93159799	3.25284316
2.93677824	30.51882935	0.03276666	39.77838031	-9.25955097	6.42964325	1.93404515	3.24872731
2.94049498	30.47543716	0.03281331	40.44438140	-9.96894423	6.43076216	1.93649231	3.24462187
2.94421172	30.42565155	0.03286700	41.13704845	-10.71139690	6.43188220	1.93893947	3.24052679
2.94792846	30.47215652	0.03281684	41.85765084	-11.38549431	6.43300336	1.94138663	3.23644204
2.95164520	30.53996849	0.03274398	42.60757382	-12.06760533	6.43412566	1.94383378	3.23236758
2.95536194	30.57335091	0.03270822	43.38825824	-12.81490733	6.43524908	1.94628094	3.22830337
2.95907869	30.59811401	0.03268175	44.20125663	-13.60314262	6.43637363	1.94872809	3.22424937
2.96279543	30.66340446	0.03261216	45.04822913	-14.38482466	6.43749931	1.95117524	3.22020554
2.96651217	30.69431305	0.03257932	45.93093784	-15.23662479	6.43862612	1.95362238	3.21617185
2.97022891	30.74755859	0.03252291	46.85126241	-16.10370382	6.43975405	1.95606953	3.21214825
2.97394565	30.80244446	0.03246496	47.81123074	-17.00878628	6.44088311	1.95851667	3.20813471
2.97766239	30.85613823	0.03240846	48.81299907	-17.95686084	6.44201331	1.96096381	3.20413119
2.98137913	30.83721542	0.03242835	49.85888031	-19.02166488	6.44314463	1.96341095	3.20013765
2.98509587	30.82633209	0.03243980	50.95134994	-20.12501785	6.44427708	1.96585808	3.19615406
2.98881262	30.85008240	0.03241482	52.09306966	-21.24298727	6.44541065	1.96830522	3.19218038
2.99252936	30.89489746	0.03236780	53.28689959	-22.39200213	6.44654536	1.97075235	3.18821657
2.99624610	30.96551514	0.03229399	54.53591033	-23.57039519	6.44768119	1.97319948	3.18426260
2.99996284	31.06659126	0.03218892	55.84340108	-24.77680981	6.44881815	1.97564661	3.18031842
3.00367958	31.17454529	0.03207745	57.21294172	-26.03839643	6.44995624	1.97809373	3.17638401
3.00739632	31.23665619	0.03201367	58.64836807	-27.41171188	6.45109546	1.98054086	3.17245932
3.01111306	31.29085541	0.03195822	60.15381939	-28.86296398	6.45223580	1.98298798	3.16854432
3.01482981	31.30845833	0.03194025	61.73379516	-30.42533683	6.45337727	1.98543510	3.16463898
3.01854655	31.32047272	0.03192800	63.39312962	-32.07265690	6.45451988	1.98788222	3.16074325
3.02226329	31.37874413	0.03186871	65.13708519	-33.75834107	6.45566360	1.99032933	3.15685711
3.02598003	31.48410606	0.03176206	66.97137879	-35.48727273	6.45680846	1.99277645	3.15298052
3.02969677	31.59173012	0.03165385	68.90218789	-37.31045777	6.45795445	1.99522356	3.14911343
3.03341351	31.68903351	0.03155666	70.93626705	-39.24723354	6.45910156	1.99767067	3.14525583
3.03713025	31.77693748	0.03146936	73.08094414	-41.30400665	6.46024980	2.00011777	3.14140767
3.04084700	31.91499901	0.03133323	75.34423964	-43.42924063	6.46139917	2.00256488	3.13756891
3.04456374	32.05049133	0.03120077	77.73492785	-45.68443651	6.46254966	2.00501198	3.13373953
3.04828048	32.16682434	0.03108793	80.26254688	-48.09572254	6.46370129	2.00745908	3.12991949
3.05199722	32.23305893	0.03102405	82.93763225	-50.70457332	6.46485404	2.00990618	3.12610875
3.05571396	32.30259323	0.03095727	85.77170902	-53.46911579	6.46600792	2.01235328	3.12230729
3.05943070	32.42111969	0.03084409	88.77745806	-56.35633837	6.46716293	2.01480037	3.11851506
3.06314744	32.54595566	0.03072578	91.96914525	-59.42318959	6.46831906	2.01724746	3.11473204
3.06686418	32.67624283	0.03060327	95.36135964	-62.68511682	6.46947633	2.01969455	3.11095819
3.07058093	32.76797104	0.03051761	98.97232726	-66.20435622	6.47063472	2.02214164	3.10719347
3.07429767	32.91126251	0.03038474	102.82008779	-69.90882528	6.47179423	2.02458873	3.10343786
3.07801441	33.07640076	0.03023304	106.92598028	-73.84957952	6.47295488	2.02703581	3.09969132
3.08173115	33.28586578	0.03004278	111.31337480	-78.02750902	6.47411665	2.02948289	3.09595382
3.08544789	33.45329666	0.02989242	116.00842846	-82.55513180	6.47527956	2.03192997	3.09222532
3.08916463	33.59418106	0.02976706	121.04035463	-87.44617356	6.47644359	2.03437705	3.08850579
3.09288137	33.77468109	0.02960798	126.44190783	-92.66722674	6.47760874	2.03682413	3.08479521
3.09659812	33.98340988	0.02942612	132.24994754	-98.26653766	6.47877503	2.03927120	3.08109354
3.10031486	34.18564606	0.02925204	138.50602980	-104.32038374	6.47994244	2.04171827	3.07740074
3.10403160	34.42557907	0.02904817	145.25712977	-110.83155070	6.48111098	2.04416534	3.07371678
3.10774834	34.69631958	0.02882150	152.55653847	-117.86021889	6.48228065	2.04661240	3.07004164
3.11146508	34.97285843	0.02859360	160.46492255	-125.49206413	6.48345144	2.04905947	3.06637528
3.11518182	35.22653961	0.02838769	169.05148486	-133.82494525	6.48462337	2.05150653	3.06271767
3.11889856	35.56845093	0.02811480	178.39554130	-142.82709037	6.48579642	2.05395359	3.05906878
3.12261530	35.89983749	0.02785528	188.58834399	-152.68850649	6.48697059	2.05640065	3.05542858
3.12633205	36.18237686	0.02763776	199.73521915	-163.55284229	6.48814590	2.05884771	3.05179703
3.13004879	36.50138092	0.02739622	211.95821744	-175.45683652	6.48932233	2.06129476	3.04817410
3.13376553	36.85900497	0.02713041	225.39953824	-188.54053327	6.49049990	2.06374181	3.04455978
3.13748227	37.24562454	0.02684879	240.22545740	-202.97983286	6.49167858	2.06618886	3.04095401
3.14119901	37.64398956	0.02656467	256.63145569	-218.98746613	6.49285840	2.06863591	3.03735678
3.14491575	38.09574890	0.02624965	274.84858044	-236.75283154	6.49403934	2.07108295	3.03376806
3.14863249	38.60658646	0.02590232	295.15127240	-256.54468594	6.49522142	2.07353000	3.03018781
3.15234924	39.15772247	0.02553775	317.86755633	-278.70983386	6.49640462	2.07597704	3.02661600
3.15606598	39.79454422	0.02512907	343.39206041	-303.59751619	6.49758894	2.07842407	3.02305260
3.15978272	40.51773453	0.02468055	372.20267157	-331.68493704	6.49877440	2.08087111	3.01949759
3.16349946	41.32701492	0.02419725	404.88200085	-363.55498592	6.49996098	2.08331814	3.01595094
3.16721620	42.28261185	0.02365038	442.14659288	-399.86398103	6.50114869	2.08576518	3.01241260
3.17093294	43.40947342	0.02303645	484.88436639	-441.47489297	6.50233753	2.08821221	3.00888257
3.17464968	44.82204819	0.02231045	534.20703563	-489.38498744	6.50352749	2.09065923	3.00536080
3.17836642	46.63654709	0.02144241	591.52413269	-544.88758560	6.50471858	2.09310626	3.00184727
3.18208317	48.88940430	0.02045433	658.66408785	-609.77468355	6.50591080	2.09555328	2.99834195
3.18579991	51.87383270	0.01927754	738.10981374	-686.23598104	6.50710415	2.09800030	2.99484480
3.18951665	56.03772736	0.01784512	833.57193717	-777.53420981	6.50829863	2.10044732	2.99135581
3.19323339	61.80242538	0.01618059	951.51541900	-889.71299362	6.50949423	2.10289434	2.98787495
3.19695013	69.97919464	0.01428996	1105.17603076	-1035.19683612	6.51069096	2.10534135	2.98440217
3.20066687	82.51113129	0.01211958	1324.24938587	-1241.73825459	6.51188882	2.10778836	2.98093747
3.20438361	101.95650482	0.00980810	1675.43221731	-1573.47571249	6.51308780	2.11023537	2.97748080
3.20810036	132.32507324	0.00755715	2299.24084604	-2166.91577279	6.51428792	2.11268238	2.97403214
3.21181710	182.85443115	0.00546883	3462.48434453	-3279.62991338	6.51548916	2.11512939	2.97059147
3.21553384	266.02917480	0.00375899	5608.36623435	-5342.33705955	6.51669153	2.11757639	2.96715875
3.21925058	399.14447021	0.00250536	9359.00739243	-8959.86292221	6.51789502	2.12002339	2.96373395
3.22296732	616.36834717	0.00162241	15405.77914850	-14789.41080133	6.51909965	2.12247039	2.96031706
3.22668406	937.86566162	0.00106625	24243.95920639	-23306.09354477	6.52030540	2.12491739	2.95690804
3.23040080	1360.73852539	0.00073490	35790.66150349	-34429.92297810	6.52151227	2.12736438	2.95350687
3.23411754	1874.46179199	0.00053349	49033.76650772	-47159.30471573	6.52272028	2.12981137	2.95011351
3.23783429	2366.89819336	0.00042249	61899.26331166	-59532.36511830	6.52392941	2.13225836	2.94672795
3.24155103	2714.75781250	0.00036836	71484.64756586	-68769.88975336	6.52513968	2.13470535	2.94335015
3.24526777	2819.80908203	0.00035463	74917.86014281	-72098.05106077	6.52635106	2.13715233	2.93998009
3.24898451	2631.71459961	0.00037998	70978.69824588	-68346.98364627	6.52756358	2.13959932	2.93661774
3.25270125	2221.39208984	0.00045017	61057.72930740	-58836.33721755	6.52877723	2.14204630	2.93326307
3.25641799	1692.06933594	0.00059099	48076.64660025	-46384.57726432	6.52999200	2.14449328	2.92991607
3.26013473	1187.67285156	0.00084198	34897.75505910	-33710.08220754	6.53120790	2.14694025	2.92657669
3.26385148	798.37878418	0.00125254	23522.26336033	-22723.88457615	6.53242492	2.14938723	2.92324493
3.26756822	520.81451416	0.00192007	14888.50181777	-14367.68730361	6.53364308	2.15183420	2.91992074
3.27128496	338.36337280	0.00295540	9025.29054742	-8686.92717462	6.53486236	2.15428117	2.91660411
3.27500170	226.88989258	0.00440742	5411.39677428	-5184.50688170	6.53608277	2.15672814	2.91329501
3.27871844	159.56857300	0.00626690	3354.03478967	-3194.46621668	6.53730430	2.15917510	2.90999341
3.28243518	118.25475311	0.00845632	2241.48041712	-2123.22566400	6.53852697	2.16162206	2.90669929
3.28615192	92.73567200	0.01078334	1644.05110399	-1551.31543200	6.53975076	2.16406902	2.90341262
3.28986867	76.65444946	0.01304556	1305.77689404	-1229.12244458	6.54097568	2.16651598	2.90013338
3.29358541	66.05496216	0.01513891	1092.97753385	-1026.92257169	6.54220173	2.16896294	2.89686154
3.29730215	58.95152283	0.01696309	942.58515444	-883.63363161	6.54342890	2.17140989	2.89359707
3.30101889	53.96533203	0.01853042	826.58840890	-772.62307687	6.54465720	2.17385684	2.89033996
3.30473563	50.33069992	0.01986859	732.46021665	-682.12951672	6.54588663	2.17630379	2.88709018
3.30845237	47.62939835	0.02099544	654.02128273	-606.39188438	6.54711719	2.17875074	2.88384770
3.31216911	45.60187531	0.02192892	587.68161136	-542.07973605	6.54834888	2.18119768	2.88061250
3.31588585	43.95035934	0.02275294	531.01717792	-487.06681857	6.54958169	2.18364462	2.87738455
3.31960260	42.65077591	0.02344623	482.23551436	-439.58473845	6.55081563	2.18609156	2.87416383
3.32331934	41.53607178	0.02407546	439.95111485	-398.41504308	6.55205070	2.18853850	2.87095032
3.32703608	40.58535004	0.02463943	403.07043983	-362.48508979	6.55328689	2.19098544	2.86774398
3.33075282	39.77942657	0.02513862	370.71912828	-330.93970170	6.55452421	2.19343237	2.86454481
3.33446956	39.12195969	0.02556109	342.19149018	-303.06953050	6.55576266	2.19587930	2.86135276
3.33818630	38.51171494	0.02596612	316.91307872	-278.40136378	6.55700224	2.19832623	2.85816783
3.34190304	37.94945908	0.02635084	294.41261630	-256.46315723	6.55824295	2.20077315	2.85498998
3.34561979	37.39395142	0.02674229	274.30080419	-236.90685277	6.55948478	2.20322008	2.85181919
3.34933653	36.92206192	0.02708408	256.25372517	-219.33166325	6.56072774	2.20566700	2.84865544
3.35305327	36.52071762	0.02738172	240.00033216	-203.47961454	6.56197183	2.20811392	2.84549871
3.35677001	36.10154343	0.02769965	225.31239725	-189.21085383	6.56321704	2.21056084	2.84234897
3.36048675	35.70635605	0.02800622	211.99669875	-176.29034270	6.56446339	2.21300775	2.83920619
3.36420349	35.31312943	0.02831808	199.88886539	-164.57573597	6.56571086	2.21545466	2.83607036
3.36792023	35.00042725	0.02857108	188.84829538	-153.84786813	6.56695945	2.21790157	2.83294146
3.37163697	34.65456772	0.02885622	178.75415633	-144.09958861	6.56820918	2.22034848	2.82981945
3.37535372	34.28745270	0.02916519	169.50228795	-135.21483526	6.56946003	2.22279538	2.82670432
3.37907046	33.94528198	0.02945917	161.00235854	-127.05707656	6.57071201	2.22524229	2.82359604
3.38278720	33.67927933	0.02969185	153.17584521	-119.49656589	6.57196512	2.22768919	2.82049459
3.38650394	33.45180130	0.02989376	145.95419180	-112.50239050	6.57321936	2.23013608	2.81739996
3.39022068	33.18686676	0.03013240	139.27734138	-106.09047462	6.57447472	2.23258298	2.81431210
3.39393742	32.91078186	0.03038518	133.09247844	-100.18169658	6.57573121	2.23502987	2.81123102
3.39765416	32.69692612	0.03058391	127.35305918	-94.65613306	6.57698883	2.23747676	2.80815667
3.40137091	32.55946732	0.03071303	122.01793862	-89.45847130	6.57824758	2.23992365	2.80508905
3.40508765	32.39508820	0.03086888	117.05056089	-84.65547270	6.57950745	2.24237054	2.80202812
3.40880439	32.20323563	0.03105278	112.41845572	-80.21522010	6.58076845	2.24481742	2.79897387
3.41252113	32.01488876	0.03123547	108.09266990	-76.07778114	6.58203058	2.24726431	2.79592627
3.41623787	31.80466080	0.03144193	104.04729999	-72.24263919	6.58329384	2.24971118	2.79288530
3.41995461	31.62662888	0.03161892	100.25913141	-68.63250253	6.58455822	2.25215806	2.78985095
3.42367135	31.44816399	0.03179836	97.27556533	-65.82740135	6.58582373	2.25460494	2.78682318
3.42738809	31.31224442	0.03193639	93.94386047	-62.63161605	6.58709037	2.25705181	2.78380199
3.43110484	31.15796280	0.03209452	90.81284526	-59.65488247	6.58835814	2.25949868	2.78078734
3.43482158	31.01884842	0.03223846	87.86723957	-56.84839115	6.58962703	2.26194554	2.77777921
3.43853832	30.90252495	0.03235982	85.09316218	-54.19063723	6.59089705	2.26439241	2.77477759
3.44225506	30.77888870	0.03248980	82.47806801	-51.69917930	6.59216820	2.26683927	2.77178245
3.44597180	30.63680458	0.03264048	80.01051805	-49.37371347	6.59344048	2.26928613	2.76879377
3.44968854	30.49211502	0.03279536	77.68011696	-47.18800194	6.59471388	2.27173299	2.76581153
3.45340528	30.13284683	0.03318638	75.47737715	-45.34453031	6.59598841	2.27417985	2.76283572
3.45712203	29.92168808	0.03342057	73.39361074	-43.47192266	6.59726407	2.27662670	2.75986630
3.46083877	29.80027580	0.03355674	71.42091209	-41.62063628	6.59854086	2.27907355	2.75690326
3.46455551	29.97922134	0.03335644	69.55201101	-39.57278966	6.59981877	2.28152040	2.75394659
3.46827225	30.02750206	0.03330280	67.78024790	-37.75274584	6.60109781	2.28396724	2.75099624
3.47198899	29.97991753	0.03335566	66.09935875	-36.11944122	6.60237798	2.28641409	2.74805222
3.47570573	29.86851692	0.03348007	64.50412411	-34.63560718	6.60365928	2.28886093	2.74511449
3.47942247	29.72412682	0.03364270	62.98881490	-33.26468809	6.60494170	2.29130777	2.74218305
3.48313921	29.62141991	0.03375935	61.54918364	-31.92776373	6.60622526	2.29375460	2.73925785
3.48685596	29.51868057	0.03387685	60.18030093	-30.66162035	6.60750993	2.29620144	2.73633890
3.49057270	29.49052238	0.03390920	58.87847273	-29.38795035	6.60879574	2.29864827	2.73342616
3.49428944	29.46678734	0.03393651	57.63978445	-28.17299712	6.61008268	2.30109510	2.73051962
3.49800618	29.44800949	0.03395815	56.46075115	-27.01274166	6.61137074	2.30354192	2.72761926
3.50172292	29.39824677	0.03401563	55.33814006	-25.93989329	6.61265993	2.30598875	2.72472505
3.50543966	29.37006378	0.03404827	54.26894806	-24.89888427	6.61395025	2.30843557	2.72183698
3.50915640	29.34293747	0.03407975	53.25038570	-23.90744823	6.61524169	2.31088239	2.71895504
3.51287315	29.27851677	0.03415474	52.27986311	-23.00134634	6.61653426	2.31332920	2.71607919
3.51658989	29.22614098	0.03421594	51.35498607	-22.12884509	6.61782796	2.31577602	2.71320942
3.52030663	29.19108963	0.03425703	50.47349661	-21.28240698	6.61912279	2.31822283	2.71034571
3.52402337	29.15344810	0.03430126	49.63332753	-20.47987942	6.62041874	2.32066964	2.70748804
3.52774011	29.05856133	0.03441327	48.83253273	-19.77397141	6.62171583	2.32311645	2.70463640
3.53145685	28.95974159	0.03453069	48.06931252	-19.10957093	6.62301404	2.32556325	2.70179076
3.53517359	28.91987610	0.03457829	47.34197635	-18.42210025	6.62431337	2.32801005	2.69895110
3.53889034	28.90550232	0.03459549	46.64895678	-17.74345446	6.62561384	2.33045685	2.69611741
3.54260708	28.83692741	0.03467776	45.98879878	-17.15187137	6.62691543	2.33290365	2.69328967
3.54632382	28.78527641	0.03473998	45.36012446	-16.57484805	6.62821815	2.33535045	2.69046786
3.55004056	28.76302528	0.03476686	44.76167778	-15.99865250	6.62952200	2.33779724	2.68765195
3.55375730	28.77672958	0.03475030	44.19226988	-15.41554030	6.63082697	2.34024403	2.68484194
3.55747404	28.73987198	0.03479487	43.65079313	-14.91092115	6.63213308	2.34269082	2.68203779
3.56119078	28.67751503	0.03487052	43.13622709	-14.45871206	6.63344031	2.34513760	2.67923951
3.56490752	28.65473366	0.03489825	42.64760845	-13.99287479	6.63474867	2.34758438	2.67644705
3.56862427	28.61782455	0.03494326	42.18405321	-13.56622865	6.63605815	2.35003116	2.67366042
3.57234101	28.53298187	0.03504716	41.74473357	-13.21175169	6.63736876	2.35247794	2.67087959
3.57605775	28.46834755	0.03512673	41.32888441	-12.86053686	6.63868050	2.35492472	2.66810453
3.57977449	28.47205162	0.03512216	40.93578944	-12.46373782	6.63999337	2.35737149	2.66533524
3.58349123	28.51723480	0.03506651	40.56480197	-12.04756717	6.64130737	2.35981826	2.66257170
3.58720797	28.48628807	0.03510461	40.21530786	-11.72901979	6.64262249	2.36226503	2.65981388
3.59092471	28.42057610	0.03518578	39.88675992	-11.46618382	6.64393874	2.36471179	2.65706177
3.59464146	28.37511253	0.03524215	39.57864090	-11.20352836	6.64525612	2.36715855	2.65431536
3.59835820	28.37539482	0.03524180	39.29048573	-10.91509091	6.64657463	2.36960531	2.65157462
3.60207494	28.39697075	0.03521502	39.02187476	-10.62490401	6.64789426	2.37205207	2.64883954
3.60579168	28.40086746	0.03521019	38.77242950	-10.37156204	6.64921502	2.37449883	2.64611009
3.60950842	28.38685417	0.03522757	38.54179879	-10.15494462	6.65053691	2.37694558	2.64338627
3.61322516	28.39578819	0.03521649	38.32969195	-9.93390376	6.65185992	2.37939233	2.64066805
3.61694190	28.39284515	0.03522014	38.13584143	-9.74299627	6.65318407	2.38183908	2.63795542
3.62065864	28.39540291	0.03521697	37.96001875	-9.56461584	6.65450934	2.38428582	2.63524836
3.62437539	28.36073494	0.03526002	37.80203322	-9.44129828	6.65583574	2.38673257	2.63254685
3.62809213	28.34371948	0.03528118	37.66173458	-9.31801510	6.65716326	2.38917931	2.62985088
3.63180887	28.31928825	0.03531162	37.53900067	-9.21971242	6.65849192	2.39162604	2.62716043
3.63552561	28.29635048	0.03534025	37.43375823	-9.13740776	6.65982170	2.39407278	2.62447548
3.63924235	28.24141693	0.03540899	37.34594438	-9.10452745	6.66115261	2.39651951	2.62179602
3.64295909	28.21356773	0.03544394	37.27556155	-9.06199382	6.66248464	2.39896624	2.61912202
3.64667583	28.23386192	0.03541846	37.22262723	-8.98876530	6.66381780	2.40141297	2.61645348
3.65039258	28.25520897	0.03539170	37.18720524	-8.93199627	6.66515210	2.40385969	2.61379037
3.65410932	28.21349525	0.03544403	37.16941561	-8.95592036	6.66648751	2.40630642	2.61113267
3.65782606	28.21274567	0.03544497	37.16932750	-8.95658183	6.66782406	2.40875314	2.60848039
3.66154280	28.21535873	0.03544169	37.18720532	-8.97184659	6.66916174	2.41119985	2.60583348
3.66525954	28.27176285	0.03537098	37.22317093	-8.95140808	6.67050054	2.41364657	2.60319195
3.66897628	28.26688194	0.03537709	37.27758135	-9.01069940	6.67184047	2.41609328	2.60055576
3.67269302	28.25693130	0.03538955	37.35062304	-9.09369173	6.67318152	2.41853999	2.59792492
3.67640976	28.24676323	0.03540229	37.44275437	-9.19599114	6.67452371	2.42098670	2.59529939
3.68012651	28.25874138	0.03538728	37.55428797	-9.29554659	6.67586702	2.42343340	2.59267917
3.68384325	28.26035118	0.03538526	37.68565966	-9.42530848	6.67721146	2.42588010	2.59006424
3.68755999	28.25404739	0.03539316	37.83742939	-9.58338199	6.67855702	2.42832680	2.58745458
3.69127673	28.25037575	0.03539776	38.01005764	-9.75968189	6.67990372	2.43077350	2.58485017
3.69499347	28.27077866	0.03537221	38.20422584	-9.93344718	6.68125154	2.43322020	2.58225101
3.69871021	28.31370354	0.03531859	38.42052467	-10.10682113	6.68260049	2.43566689	2.57965707
3.70242695	28.33842278	0.03528778	38.65975465	-10.32133187	6.68395057	2.43811358	2.57706834
3.70614370	28.39368439	0.03521910	38.92264398	-10.52895959	6.68530177	2.44056026	2.57448480
3.70986044	28.44306374	0.03515796	39.21012197	-10.76705823	6.68665410	2.44300695	2.57190644
3.71357718	28.50934601	0.03507622	39.52312050	-11.01377449	6.68800756	2.44545363	2.56933324
3.71729392	28.53889275	0.03503990	39.86268345	-11.32379071	6.68936215	2.44790031	2.56676519
3.72101066	28.55860519	0.03501572	40.22993764	-11.67133244	6.69071786	2.45034699	2.56420227
3.72472740	28.56409645	0.03500898	40.62612408	-12.06202763	6.69207470	2.45279366	2.56164447
3.72844414	28.56117630	0.03501256	41.05258307	-12.49140677	6.69343267	2.45524033	2.55909176
3.73216088	28.56527519	0.03500754	41.51077149	-12.94549630	6.69479177	2.45768700	2.55654414
3.73587763	28.55560303	0.03501940	42.00227713	-13.44667410	6.69615200	2.46013367	2.55400160
3.73959437	28.51269150	0.03507210	42.52882959	-14.01613809	6.69751335	2.46258033	2.55146410
3.74331111	28.50858498	0.03507715	43.09231066	-14.58372569	6.69887583	2.46502699	2.54893165
3.74702785	28.55271530	0.03502294	43.69476659	-15.14205129	6.70023943	2.46747365	2.54640422
3.75074459	28.56101227	0.03501276	44.33842371	-15.77741145	6.70160417	2.46992030	2.54388180
3.75446133	28.58717537	0.03498072	45.02571610	-16.43854073	6.70297003	2.47236696	2.54136437
3.75817807	28.61059761	0.03495208	45.75929033	-17.14869272	6.70433702	2.47481361	2.53885193
3.76189482	28.65423203	0.03489886	46.54204499	-17.88781296	6.70570514	2.47726026	2.53634445
3.76561156	28.66602707	0.03488450	47.37713924	-18.71111217	6.70707438	2.47970690	2.53384192
3.76932830	28.70230865	0.03484040	48.26802790	-19.56571924	6.70844476	2.48215355	2.53134433
3.77304504	28.77819633	0.03474853	49.21850658	-20.44031025	6.70981626	2.48460019	2.52885166
3.77676178	28.81464958	0.03470457	50.23272144	-21.41807186	6.71118888	2.48704682	2.52636390
3.78047852	28.83808517	0.03467637	51.31523744	-22.47715226	6.71256264	2.48949346	2.52388103
3.78419526	28.82839966	0.03468802	52.47106707	-23.64266741	6.71393752	2.49194009	2.52140304
3.78791200	28.84714127	0.03466548	53.70572478	-24.85858351	6.71531353	2.49438672	2.51892991
3.79162875	28.87206459	0.03463556	55.02530678	-26.15324219	6.71669067	2.49683335	2.51646163
3.79534549	28.89055252	0.03461339	56.43653363	-27.54598111	6.71806893	2.49927997	2.51399818
3.79906223	28.92570496	0.03457133	57.94684806	-29.02114311	6.71944833	2.50172659	2.51153956
3.80277897	29.01430511	0.03446576	59.56450858	-30.55020347	6.72082885	2.50417321	2.50908574
3.80649571	29.12160301	0.03433877	61.29867586	-32.17707285	6.72221050	2.50661983	2.50663672
3.81021245	29.20814896	0.03423702	63.15956528	-33.95141632	6.72359327	2.50906644	2.50419248
3.81392919	29.28290176	0.03414962	65.15855824	-35.87565648	6.72497717	2.51151305	2.50175300
3.81764594	29.33850861	0.03408490	67.30840024	-37.96989164	6.72636220	2.51395966	2.49931827
3.82136268	29.45068741	0.03395506	69.62335493	-40.17266752	6.72774836	2.51640627	2.49688827
3.82507942	29.54665947	0.03384477	72.11946776	-42.57280829	6.72913565	2.51885287	2.49446301
3.82879616	29.67051125	0.03370350	74.81481949	-45.14430824	6.73052406	2.52129947	2.49204245
3.83251290	29.78426933	0.03357477	77.72981868	-47.94554935	6.73191360	2.52374607	2.48962658
3.83622964	29.89451981	0.03345095	80.88762670	-50.99310690	6.73330427	2.52619267	2.48721540
3.83994638	29.98858833	0.03334602	84.31453409	-54.32594576	6.73469607	2.52863926	2.48480889
3.84366313	30.11028099	0.03321125	88.04055091	-57.93026992	6.73608899	2.53108585	2.48240703
3.84737987	30.27046776	0.03303550	92.10001641	-61.82954865	6.73748304	2.53353244	2.48000981
3.85109661	30.43085480	0.03286138	96.53232121	-66.10146641	6.73887822	2.53597902	2.47761722
3.85481335	30.59197235	0.03268831	101.38295356	-70.79098121	6.74027452	2.53842560	2.47522925
3.85853009	30.70448685	0.03256853	106.70449023	-76.00000339	6.74167196	2.54087218	2.47284588
3.86224683	30.83876991	0.03242671	112.55807619	-81.71930628	6.74307052	2.54331876	2.47046709
3.86596357	31.00041199	0.03225764	119.01509485	-88.01468286	6.74447021	2.54576533	2.46809288
3.86968031	31.17948723	0.03207237	126.15933915	-94.97985192	6.74587102	2.54821191	2.46572324
3.87339706	31.42992592	0.03181681	134.09020820	-102.66028228	6.74727297	2.55065848	2.46335814
3.87711380	31.67231750	0.03157331	142.92351447	-111.25119696	6.74867604	2.55310504	2.46099757
3.88083054	31.92827034	0.03132021	152.79944146	-120.87117112	6.75008024	2.55555160	2.45864153
3.88454728	32.19761658	0.03105820	163.88546706	-131.68785048	6.75148556	2.55799817	2.45629000
3.88826402	32.51640701	0.03075371	176.38377230	-143.86736528	6.75289201	2.56044472	2.45394296
3.89198076	32.86328888	0.03042909	190.54021381	-157.67692493	6.75429960	2.56289128	2.45160041
3.89569750	33.30091095	0.03002921	206.96955205	-173.66864110	6.75570830	2.56533783	2.44926233
3.89941425	33.79541397	0.02958981	225.41794889	-191.62253492	6.75711814	2.56778438	2.44692870
3.90313099	34.38131714	0.02908556	246.66142670	-212.28010956	6.75852910	2.57023093	2.44459953
3.90684773	35.15455246	0.02844582	271.28485788	-236.13030542	6.75994120	2.57267747	2.44227478
3.91056447	36.16049957	0.02765449	300.04010567	-263.87960610	6.76135442	2.57512401	2.43995445
3.91428121	37.37566757	0.02675537	333.93066916	-296.55500159	6.76276876	2.57757055	2.43763853
3.91799795	39.03155899	0.02562029	374.40474854	-335.37318955	6.76418424	2.58001709	2.43532701
3.92171469	41.41380692	0.02414654	423.85485880	-382.44105188	6.76560084	2.58246362	2.43301987
3.92543143	44.79750824	0.02232267	486.92264868	-442.12514044	6.76701857	2.58491015	2.43071710
3.92914818	49.90789795	0.02003691	573.68215925	-523.77426130	6.76843742	2.58735668	2.42841868
3.93286492	57.88744736	0.01727490	706.54736467	-648.65991731	6.76985741	2.58980321	2.42612461
3.93658166	70.10863495	0.01426358	933.13147971	-863.02284476	6.77127852	2.59224973	2.42383488
3.94029840	89.99226379	0.01111207	1345.76901131	-1255.77674751	6.77270076	2.59469625	2.42154946
3.94401514	123.50124359	0.00809708	2102.97084126	-1979.46959767	6.77412412	2.59714277	2.41926835
3.94773188	176.86781311	0.00565394	3438.30978866	-3261.44197555	6.77554862	2.59958928	2.41699154
3.95144862	261.48062134	0.00382438	5632.81963225	-5371.33901091	6.77697424	2.60203579	2.41471901
3.95516537	390.95483398	0.00255784	8929.20972574	-8538.25489175	6.77840099	2.60448230	2.41245076
3.95888211	565.47766113	0.00176842	13390.73052509	-12825.25286396	6.77982887	2.60692881	2.41018676
3.96259885	778.45941162	0.00128459	18748.99927562	-17970.53986399	6.78125787	2.60937531	2.40792701
3.96631559	1001.50195312	0.00099850	24312.09707244	-23310.59511931	6.78268800	2.61182181	2.40567150
3.97003233	1173.12255859	0.00085243	28992.91915867	-27819.79660008	6.78411926	2.61426831	2.40342021
3.97374907	1247.13476562	0.00080184	31537.06588528	-30289.93111966	6.78555165	2.61671481	2.40117314
3.97746581	1200.97656250	0.00083266	31089.58629111	-29888.60972861	6.78698516	2.61916130	2.39893026
3.98118255	1050.57592773	0.00095186	27811.39997419	-26760.82404646	6.78841981	2.62160779	2.39669158
3.98489930	837.37854004	0.00119420	22748.30106036	-21910.92252032	6.78985558	2.62405428	2.39445707
3.98861604	611.52746582	0.00163525	17148.01053664	-16536.48307082	6.79129247	2.62650076	2.39222672
3.99233278	422.97497559	0.00236421	11996.04720026	-11573.07222467	6.79273050	2.62894724	2.39000053
3.99604952	286.79879761	0.00348676	7859.22651780	-7572.42772019	6.79416965	2.63139372	2.38777848
3.99976626	192.30113220	0.00520018	4897.12272348	-4704.82159128	6.79560993	2.63384020	2.38556056
4.00348300	131.90625000	0.00758114	2978.51187480	-2846.60562480	6.79705134	2.63628667	2.38334676
4.00719974	96.17785645	0.01039740	1837.18036165	-1741.00250520	6.79849387	2.63873314	2.38113707
4.01091649	73.97530365	0.01351802	1199.77041921	-1125.79511556	6.79993753	2.64117961	2.37893148
4.01463323	60.08715820	0.01664249	853.57743230	-793.49027409	6.80138232	2.64362608	2.37672996
4.01834997	51.66017914	0.01935727	660.97620052	-609.31602138	6.80282824	2.64607254	2.37453253
4.02206671	46.04044724	0.02172003	544.78433174	-498.74388451	6.80427529	2.64851900	2.37233915
4.02578345	42.21532440	0.02368808	466.36659277	-424.15126836	6.80572346	2.65096545	2.37014983
4.02950019	39.66079712	0.02521381	407.87593005	-368.21513293	6.80717276	2.65341191	2.36796454
4.03321693	37.79055023	0.02646164	361.30229389	-323.51174366	6.80862319	2.65585836	2.36578328
4.03693367	36.44343185	0.02743979	322.86661735	-286.42318550	6.81007474	2.65830481	2.36360604
4.04065042	35.43298340	0.02822229	290.53213132	-255.09914792	6.81152742	2.66075125	2.36143281
4.04436716	34.60564423	0.02889702	263.01034224	-228.40469801	6.81298123	2.66319770	2.35926357
4.04808390	33.87185669	0.02952303	239.38302067	-205.51116399	6.81443617	2.66564413	2.35709832
4.05180064	33.30643082	0.03002423	218.95250546	-185.64607464	6.81589224	2.66809057	2.35493704
4.05551738	32.86056519	0.03043161	201.17256062	-168.31199544	6.81734943	2.67053701	2.35277972
4.05923412	32.54509735	0.03072659	185.60835280	-153.06325545	6.81880775	2.67298344	2.35062635
4.06295086	32.23901367	0.03101832	171.91004925	-139.67103558	6.82026720	2.67542987	2.34847693
4.06666761	31.94936562	0.03129953	159.79382160	-127.84445598	6.82172777	2.67787629	2.34633143
4.07038435	31.64718628	0.03159839	149.02741132	-117.38022505	6.82318948	2.68032271	2.34418985
4.07410109	31.39508438	0.03185212	139.41941945	-108.02433507	6.82465231	2.68276914	2.34205218
4.07781783	31.14438248	0.03210852	130.81031737	-99.66593489	6.82611626	2.68521555	2.33991841
4.08153457	30.93621826	0.03232457	123.06891964	-92.13270138	6.82758135	2.68766197	2.33778853
4.08525131	30.74098778	0.03252986	116.08303808	-85.34205030	6.82904756	2.69010838	2.33566252
4.08896805	30.59232521	0.03268794	109.75851546	-79.16619025	6.83051490	2.69255479	2.33354037
4.09268480	30.42967987	0.03286265	104.01538685	-73.58570698	6.83198337	2.69500119	2.33142209
4.09640154	30.22933960	0.03308044	98.78539044	-68.55605084	6.83345297	2.69744760	2.32930764
4.10011828	30.05101395	0.03327675	94.00998679	-63.95897285	6.83492369	2.69989400	2.32719704
4.10383502	29.92647171	0.03341523	89.63875537	-59.71228366	6.83639554	2.70234039	2.32509025
4.10755176	29.82940674	0.03352397	85.62806812	-55.79866138	6.83786852	2.70478679	2.32298728
4.11126850	29.69231606	0.03367875	81.94004421	-52.24772816	6.83934263	2.70723318	2.32088811
4.11498524	29.58370209	0.03380240	78.54165367	-48.95795158	6.84081786	2.70967957	2.31879274
4.11870198	29.46990395	0.03393292	75.40400354	-45.93409960	6.84229422	2.71212596	2.31670114
4.12241873	29.31784058	0.03410892	72.50174643	-43.18390585	6.84377171	2.71457234	2.31461332
4.12613547	29.17218018	0.03427923	69.81254594	-40.64036576	6.84525032	2.71701872	2.31252927
4.12985221	29.09775162	0.03436692	67.31666437	-38.21891276	6.84673007	2.71946510	2.31044896
4.13356895	29.04749298	0.03442638	64.99664492	-35.94915194	6.84821094	2.72191147	2.30837240
4.13728569	28.94723511	0.03454561	62.83695848	-33.88972337	6.84969294	2.72435784	2.30629956
4.14100243	28.85010529	0.03466192	60.82378402	-31.97367873	6.85117606	2.72680421	2.30423045
4.14471917	28.78856659	0.03473601	58.94477712	-30.15621053	6.85266032	2.72925058	2.30216505
4.14843592	28.72794724	0.03480931	57.18889256	-28.46094532	6.85414570	2.73169694	2.30010336
4.15215266	28.65150642	0.03490218	55.54622700	-26.89472057	6.85563221	2.73414330	2.29804535
4.15586940	28.60269737	0.03496174	54.00786571	-25.40516834	6.85711984	2.73658966	2.29599103
4.15958614	28.56433678	0.03500869	52.56578924	-24.00145246	6.85860861	2.73903601	2.29394038
4.16330288	28.52716255	0.03505431	51.21275853	-22.68559598	6.86009850	2.74148237	2.29189339
4.16701962	28.47633362	0.03511688	49.94222642	-21.46589280	6.86158952	2.74392872	2.28985005
4.17073636	28.41310883	0.03519502	48.74826513	-20.33515631	6.86308166	2.74637506	2.28781036
4.17445310	28.34871674	0.03527497	47.62548689	-19.27677015	6.86457494	2.74882140	2.28577429
4.17816985	28.31164360	0.03532116	46.56900645	-18.25736285	6.86606934	2.75126774	2.28374186
4.18188659	28.30380058	0.03533094	45.57437576	-17.27057517	6.86756487	2.75371408	2.28171303
4.18560333	28.27671242	0.03536479	44.63753853	-16.36082611	6.86906152	2.75616042	2.27968781
4.18932007	28.20790100	0.03545106	43.75479442	-15.54689342	6.87055931	2.75860675	2.27766619
4.19303681	28.15511703	0.03551752	42.92275834	-14.76764131	6.87205822	2.76105308	2.27564814
4.19675355	28.13348770	0.03554483	42.13835224	-14.00486454	6.87355826	2.76349940	2.27363368
4.20047029	28.12302589	0.03555805	41.39872934	-13.27570345	6.87505943	2.76594572	2.27162278
4.20418704	28.10895920	0.03557585	40.70130682	-12.59234762	6.87656172	2.76839204	2.26961543
4.20790378	28.08636856	0.03560446	40.04370407	-11.95733551	6.87806514	2.77083836	2.26761163
4.21162052	28.05115700	0.03564915	39.42373734	-11.37258034	6.87956969	2.77328468	2.26561138
4.21533726	28.00340462	0.03570994	38.83940645	-10.83600183	6.88107537	2.77573099	2.26361464
4.21905400	27.99357796	0.03572248	38.28886923	-10.29529127	6.88258217	2.77817729	2.26162143
4.22277074	28.01838875	0.03569085	37.77043647	-9.75204772	6.88409010	2.78062360	2.25963173
4.22648748	27.98022270	0.03573953	37.28255540	-9.30233270	6.88559916	2.78306990	2.25764552
4.23020422	27.91674232	0.03582080	36.82379961	-8.90705728	6.88710935	2.78551620	2.25566281
4.23392097	27.87669563	0.03587226	36.39286302	-8.51616739	6.88862067	2.78796250	2.25368358
4.23763771	27.86310577	0.03588975	35.98854062	-8.12543485	6.89013311	2.79040879	2.25170782
4.24135445	27.83301353	0.03592856	35.60974312	-7.77672959	6.89164668	2.79285508	2.24973553
4.24507119	27.82427025	0.03593985	35.25543582	-7.43116557	6.89316137	2.79530137	2.24776669
4.24878793	27.83760452	0.03592263	34.92473702	-7.08713250	6.89467720	2.79774765	2.24580130
4.25250467	27.83466339	0.03592643	34.61675627	-6.78209288	6.89619415	2.80019394	2.24383934
4.25622141	27.79109001	0.03598276	34.33078830	-6.53969829	6.89771223	2.80264022	2.24188081
4.25993816	27.74937057	0.03603685	34.06608717	-6.31671659	6.89923144	2.80508649	2.23992569
4.26365490	27.74276161	0.03604544	33.82207377	-6.07931216	6.90075177	2.80753276	2.23797399
4.26737164	27.73455048	0.03605611	33.59815793	-5.86360746	6.90227323	2.80997903	2.23602569
4.27108838	27.73688507	0.03605308	33.39384925	-5.65696418	6.90379582	2.81242530	2.23408078
4.27480512	27.72765160	0.03606508	33.20867852	-5.48102692	6.90531954	2.81487157	2.23213925
4.27852186	27.72681808	0.03606617	33.04234731	-5.31552923	6.90684439	2.81731783	2.23020110
4.28223860	27.71024132	0.03608774	32.89441380	-5.18417248	6.90837036	2.81976408	2.22826631
4.28595534	27.69239998	0.03611099	32.76471353	-5.07231356	6.90989746	2.82221034	2.22633488
4.28967209	27.66753769	0.03614344	32.65290635	-4.98536866	6.91142569	2.82465659	2.22440679
4.29338883	27.66058350	0.03615253	32.55892693	-4.89834343	6.91295504	2.82710284	2.22248205
4.29710557	27.68521309	0.03612036	32.48254703	-4.79733394	6.91448552	2.82954909	2.22056063
4.30082231	27.72330666	0.03607073	32.42376721	-4.70046056	6.91601713	2.83199533	2.21864254
4.30453905	27.70846176	0.03609006	32.38252948	-4.67406772	6.91754987	2.83444157	2.21672776
4.30825579	27.67197037	0.03613765	32.35886607	-4.68689570	6.91908374	2.83688781	2.21481628
4.31197253	27.61225891	0.03621580	32.35284262	-4.74058371	6.92061873	2.83933404	2.21290810
4.31568928	27.60949516	0.03621942	32.36458668	-4.75509151	6.92215485	2.84178027	2.21100321
4.31940602	27.63548279	0.03618536	32.39427640	-4.75879361	6.92369210	2.84422650	2.20910160
4.32312276	27.62644577	0.03619720	32.44214092	-4.81569515	6.92523047	2.84667273	2.20720325
4.32683950	27.61467743	0.03621263	32.50846363	-4.89378620	6.92676998	2.84911895	2.20530817
4.33055624	27.60677147	0.03622300	32.59359220	-4.98682073	6.92831061	2.85156517	2.20341635
4.33427298	27.61172104	0.03621650	32.69792961	-5.08620857	6.92985236	2.85401139	2.20152776
4.33798972	27.59600830	0.03623712	32.82194461	-5.22593631	6.93139525	2.85645760	2.19964242
4.34170647	27.61986542	0.03620582	32.96617323	-5.34630781	6.93293926	2.85890381	2.19776030
4.34542321	27.67863464	0.03612895	33.13122110	-5.45258645	6.93448440	2.86135002	2.19588141
4.34913995	27.70539284	0.03609406	33.31777592	-5.61238308	6.93603067	2.86379622	2.19400573
4.35285669	27.67309570	0.03613618	33.52660265	-5.85350695	6.93757807	2.86624242	2.19213325
4.35657343	27.66186523	0.03615085	33.75854700	-6.09668177	6.93912659	2.86868862	2.19026396
4.36029017	27.70017052	0.03610086	34.01456566	-6.31439514	6.94067624	2.87113482	2.18839787
4.36400691	27.68502235	0.03612061	34.29570400	-6.61068164	6.94222702	2.87358101	2.18653495
4.36772365	27.67140961	0.03613838	34.60312335	-6.93171374	6.94377892	2.87602720	2.18467520
4.37144040	27.67816353	0.03612956	34.93810860	-7.25994507	6.94533196	2.87847338	2.18281862
4.37515714	27.74378014	0.03604411	35.30207431	-7.55829417	6.94688612	2.88091957	2.18096520
4.37887388	27.78062820	0.03599631	35.69657676	-7.91594856	6.94844141	2.88336575	2.17911492
4.38259062	27.79638100	0.03597591	36.12333595	-8.32695496	6.94999782	2.88581193	2.17726777
4.38630736	27.85869408	0.03589544	36.58424678	-8.72555270	6.95155537	2.88825810	2.17542376
4.39002410	27.93005753	0.03580372	37.08140146	-9.15134393	6.95311404	2.89070427	2.17358288
4.39374084	27.94934273	0.03577902	37.61709797	-9.66775524	6.95467384	2.89315044	2.17174511
4.39745759	27.93177032	0.03580153	38.19388027	-10.26210995	6.95623476	2.89559660	2.16991044
4.40117433	27.94268608	0.03578754	38.81455935	-10.87187327	6.95779681	2.89804277	2.16807888
4.40489107	27.96354485	0.03576085	39.48223409	-11.51868924	6.95936000	2.90048892	2.16625041
4.40860781	27.98468590	0.03573383	40.20033861	-12.21565271	6.96092430	2.90293508	2.16442502
4.41232455	28.01012611	0.03570137	40.97268478	-12.96255866	6.96248974	2.90538123	2.16260270
4.41604129	28.04809380	0.03565305	41.80349513	-13.75540134	6.96405630	2.90782738	2.16078346
4.41975803	28.07948112	0.03561319	42.69746719	-14.61798607	6.96562400	2.91027353	2.15896727
4.42347477	28.10271263	0.03558375	43.65984455	-15.55713192	6.96719281	2.91271967	2.15715414
4.42719152	28.15439415	0.03551843	44.69644649	-16.54205234	6.96876276	2.91516581	2.15534406
4.43090826	28.21475029	0.03544245	45.81381599	-17.59906570	6.97033383	2.91761195	2.15353701
4.43462500	28.29650116	0.03534006	47.01925527	-18.72275411	6.97190604	2.92005809	2.15173299
4.43834174	28.37940025	0.03523683	48.32098298	-19.94158272	6.97347936	2.92250422	2.14993199
4.44205848	28.49480629	0.03509411	49.72824138	-21.23343509	6.97505382	2.92495035	2.14813401
4.44577522	28.58167648	0.03498745	51.25147321	-22.66979673	6.97662940	2.92739647	2.14633903
4.44949196	28.63961029	0.03491668	52.90247406	-24.26286377	6.97820612	2.92984259	2.14454706
4.45320871	28.71232605	0.03482825	54.69466148	-25.98233543	6.97978396	2.93228871	2.14275807
4.45692545	28.77444839	0.03475306	56.64328601	-27.86883762	6.98136292	2.93473483	2.14097207
4.46064219	28.83789253	0.03467660	58.76579710	-29.92790457	6.98294302	2.93718094	2.13918905
4.46435893	28.89452934	0.03460863	61.08216338	-32.18763404	6.98452424	2.93962705	2.13740900
4.46807567	29.00708580	0.03447434	63.61558748	-34.60850167	6.98610659	2.94207316	2.13563191
4.47179241	29.11199760	0.03435010	66.39196168	-37.27996407	6.98769006	2.94451926	2.13385777
4.47550915	29.18439102	0.03426489	69.44298486	-40.25859384	6.98927467	2.94696536	2.13208658
4.47922589	29.22897530	0.03421263	72.80376433	-43.57478903	6.99086040	2.94941146	2.13031834
4.48294264	29.24956131	0.03418855	76.51647238	-47.26691107	6.99244726	2.95185755	2.12855302
4.48665938	29.33057213	0.03409412	80.63038835	-51.29981622	6.99403525	2.95430364	2.12679063
4.49037612	29.44025421	0.03396710	85.20374410	-55.76348989	6.99562436	2.95674973	2.12503116
4.49409286	29.58543396	0.03380042	90.30571863	-60.72028467	6.99721460	2.95919582	2.12327460
4.49780960	29.71893120	0.03364859	96.01900068	-66.30006948	6.99880597	2.96164190	2.12152094
4.50152634	29.84210014	0.03350971	102.44299566	-72.60089552	7.00039847	2.96408798	2.11977018
4.50524308	30.05168724	0.03327600	109.69811134	-79.64642410	7.00199209	2.96653405	2.11802231
4.50895983	30.26988602	0.03303613	117.93105264	-87.66116662	7.00358684	2.96898013	2.11627732
4.51267657	30.53338051	0.03275104	127.32219006	-96.78880955	7.00518272	2.97142619	2.11453521
4.51639331	30.82290077	0.03244341	138.09506085	-107.27216008	7.00677973	2.97387226	2.11279596
4.52011005	31.18357277	0.03206817	150.52943312	-119.34586035	7.00837787	2.97631832	2.11105958
4.52382679	31.68051338	0.03156515	164.98083027	-133.30031689	7.00997713	2.97876438	2.10932605
4.52754353	32.26888657	0.03098960	181.91307630	-149.64418974	7.01157752	2.98121044	2.10759536
4.53126027	33.04570007	0.03026112	201.96544246	-168.91974239	7.01317903	2.98365649	2.10586752
4.53497701	34.08531952	0.02933814	226.11678249	-192.03146297	7.01478168	2.98610255	2.10414251
4.53869376	35.62764359	0.02806809	256.11041292	-220.48276934	7.01638545	2.98854859	2.10242033
4.54241050	37.85483932	0.02641670	295.51797071	-257.66313138	7.01799035	2.99099464	2.10070096
4.54612724	41.31964874	0.02420156	352.15969390	-310.84004515	7.01959638	2.99344068	2.09898441
4.54984398	46.71352005	0.02140708	442.92771024	-396.21419019	7.02120353	2.99588672	2.09727066
4.55356072	55.13505173	0.01813728	601.86976167	-546.73470994	7.02281182	2.99833275	2.09555971
4.55727746	69.12893677	0.01446572	890.79544277	-821.66650600	7.02442123	3.00077878	2.09385155
4.56099420	92.08511353	0.01085952	1407.91665243	-1315.83153890	7.02603176	3.00322481	2.09214618
4.56471095	128.16354370	0.00780253	2284.98199907	-2156.81845537	7.02764343	3.00567084	2.09044358
4.56842769	184.92543030	0.00540759	3660.85112438	-3475.92569408	7.02925622	3.00811686	2.08874376
4.57214443	263.98724365	0.00378806	5625.03677044	-5361.04952679	7.03087014	3.01056288	2.08704670
4.57586117	363.86001587	0.00274831	8143.30834888	-7779.44833301	7.03248519	3.01300889	2.08535239
4.57957791	480.34329224	0.00208184	10990.15603045	-10509.81273821	7.03410136	3.01545491	2.08366084
4.58329465	583.27697754	0.00171445	13726.55044745	-13143.27346991	7.03571867	3.01790092	2.08197203
4.58701139	646.38806152	0.00154706	15745.87726388	-15099.48920235	7.03733710	3.02034692	2.08028596
4.59072813	653.60070801	0.00152999	16451.17702288	-15797.57631487	7.03895665	3.02279293	2.07860262
4.59444488	601.85870361	0.00166152	15595.02760477	-14993.16890116	7.04057734	3.02523893	2.07692201
4.59816162	507.89385986	0.00196892	13474.91382524	-12967.01996538	7.04219915	3.02768492	2.07524411
4.60187836	391.38061523	0.00255506	10702.27212002	-10310.89150478	7.04382209	3.03013092	2.07356893
4.60559510	282.97665405	0.00353386	7872.01484947	-7589.03819542	7.04544616	3.03257691	2.07189644
4.60931184	199.48197937	0.00501298	5402.49414599	-5203.01216662	7.04707136	3.03502289	2.07022666
4.61302858	138.84022522	0.00720252	3497.96322194	-3359.12299672	7.04869768	3.03746888	2.06855957
4.61674532	98.30849457	0.01017206	2177.37837646	-2079.06988189	7.05032513	3.03991486	2.06689516
4.62046207	73.24440765	0.01365292	1342.79314903	-1269.54874138	7.05195371	3.04236084	2.06523343
4.62417881	57.86614990	0.01728126	854.01136032	-796.14521042	7.05358341	3.04480681	2.06357437
4.62789555	48.34193802	0.02068597	581.91909637	-533.57715835	7.05521425	3.04725278	2.06191798
4.63161229	42.49509811	0.02353213	432.09512166	-389.60002355	7.05684621	3.04969875	2.06026425
4.63532903	38.79337692	0.02577760	345.98100928	-307.18763236	7.05847929	3.05214471	2.05861317
4.63904577	36.33335495	0.02752292	291.69584508	-255.36249013	7.06011351	3.05459068	2.05696474
4.64276251	34.73014069	0.02879343	253.56054845	-218.83040776	7.06174885	3.05703663	2.05531894
4.64647926	33.60717010	0.02975556	224.34731467	-190.74014457	7.06338532	3.05948259	2.05367578
4.65019600	32.75290680	0.03053164	200.74615261	-167.99324581	7.06502292	3.06192854	2.05203525
4.65391274	32.11949921	0.03113374	181.12305894	-149.00355973	7.06666165	3.06437449	2.05039734
4.65762948	31.63682175	0.03160874	164.54594622	-132.90912447	7.06830150	3.06682044	2.04876204
4.66134622	31.25164223	0.03199832	150.39807484	-119.14643261	7.06994248	3.06926638	2.04712936
4.66506296	30.98724174	0.03227135	138.22867403	-107.24143228	7.07158459	3.07171232	2.04549927
4.66877970	30.78445625	0.03248393	127.69101647	-96.90656022	7.07322783	3.07415825	2.04387178
4.67249644	30.60632515	0.03267298	118.51100151	-87.90467637	7.07487219	3.07660419	2.04224688
4.67621319	30.52548790	0.03275951	110.47216821	-79.94668031	7.07651768	3.07905012	2.04062457
4.67992993	30.44506264	0.03284605	103.39528944	-72.95022680	7.07816430	3.08149604	2.03900483
4.68364667	30.34620285	0.03295305	97.13850103	-66.79229818	7.07981205	3.08394196	2.03738766
4.68736341	30.17460060	0.03314046	91.58322188	-61.40862128	7.08146092	3.08638788	2.03577306
4.69108015	30.10368347	0.03321853	86.63191177	-56.52822830	7.08311092	3.08883380	2.03416102
4.69479689	30.02145195	0.03330951	82.20350095	-52.18204900	7.08476205	3.09127971	2.03255153
4.69851363	29.87536812	0.03347239	78.23007815	-48.35471004	7.08641431	3.09372562	2.03094459
4.70223038	29.66404915	0.03371084	74.65449277	-44.99044362	7.08806769	3.09617153	2.02934019
4.70594712	29.49995804	0.03389835	71.42835313	-41.92839509	7.08972220	3.09861743	2.02773832
4.70966386	29.36069870	0.03405913	68.51050508	-39.14980638	7.09137784	3.10106333	2.02613898
4.71338060	29.26263428	0.03417327	65.86575875	-36.60312448	7.09303461	3.10350923	2.02454217
4.71709734	29.18832207	0.03426028	63.46392307	-34.27560101	7.09469250	3.10595512	2.02294787
4.72081408	29.10508156	0.03435826	61.27893685	-32.17385530	7.09635152	3.10840102	2.02135609
4.72453082	28.99945068	0.03448341	59.28826516	-30.28881448	7.09801167	3.11084690	2.01976680
4.72824756	28.92222023	0.03457549	57.47232564	-28.55010541	7.09967295	3.11329279	2.01818002
4.73196431	28.85716057	0.03465344	55.81406196	-26.95690139	7.10133535	3.11573867	2.01659574
4.73568105	28.78322601	0.03474246	54.42098926	-25.63776324	7.10299888	3.11818454	2.01501393
4.73939779	28.70816231	0.03483330	53.03563051	-24.32746820	7.10466354	3.12063042	2.01343462
4.74311453	28.66798210	0.03488212	51.76840773	-23.10042563	7.10632933	3.12307629	2.01185777
4.74683127	28.62323570	0.03493665	50.60917918	-21.98594347	7.10799624	3.12552216	2.01028340
4.75054801	28.57122421	0.03500025	49.54896872	-20.97774451	7.10966428	3.12796802	2.00871149
4.75426475	28.52550316	0.03505635	48.57983696	-20.05433380	7.11133345	3.13041388	2.00714204
4.75798150	28.48322678	0.03510838	47.69473760	-19.21151082	7.11300375	3.13285974	2.00557504
4.76169824	28.47027206	0.03512436	46.88740406	-18.41713199	7.11467517	3.13530559	2.00401049
4.76541498	28.46385193	0.03513228	46.15227095	-17.68841902	7.11634773	3.13775144	2.00244838
4.76913172	28.44638252	0.03515385	45.48437271	-17.03799019	7.11802141	3.14019729	2.00088871
4.77284846	28.44043732	0.03516120	44.87928652	-16.43884920	7.11969621	3.14264314	1.99933147
4.77656520	28.44001007	0.03516173	44.33306048	-15.89305041	7.12137215	3.14508898	1.99777665
4.78028194	28.47239304	0.03512174	43.84218585	-15.36979281	7.12304921	3.14753481	1.99622424
4.78399868	28.44926262	0.03515030	43.40351074	-14.95424812	7.12472740	3.14998065	1.99467426
4.78771543	28.40089798	0.03521015	43.01425301	-14.61335503	7.12640671	3.15242648	1.99312667
4.79143217	28.35171509	0.03527123	42.67191943	-14.32020434	7.12808716	3.15487231	1.99158150
4.79514891	28.35469818	0.03526752	42.37430590	-14.01960772	7.12976873	3.15731813	1.99003871
4.79886565	28.37282944	0.03524499	42.11945878	-13.74662934	7.13145143	3.15976395	1.98849832
4.80258239	28.38161659	0.03523407	41.90566007	-13.52404348	7.13313526	3.16220977	1.98696031
4.80629913	28.36465263	0.03525515	41.73139775	-13.36674512	7.13482021	3.16465559	1.98542468
4.81001587	28.35764122	0.03526386	41.59536060	-13.23771938	7.13650630	3.16710140	1.98389143
4.81373262	28.33121109	0.03529676	41.49642453	-13.16521344	7.13819350	3.16954720	1.98236054
4.81744936	28.32616997	0.03530304	41.43361990	-13.10744993	7.13988184	3.17199301	1.98083202
4.82116610	28.31972504	0.03531108	41.40615346	-13.08642842	7.14157131	3.17443881	1.97930585
4.82488284	28.34659576	0.03527760	41.41337040	-13.06677464	7.14326190	3.17688461	1.97778204
4.82859958	28.34147835	0.03528397	41.45475422	-13.11327587	7.14495362	3.17933040	1.97626057
4.83231632	28.35033989	0.03527295	41.52994443	-13.17960454	7.14664647	3.18177619	1.97474144
4.83603306	28.31637383	0.03531526	41.63869271	-13.32231889	7.14834044	3.18422198	1.97322465
4.83974980	28.26885033	0.03537463	41.78087982	-13.51202949	7.15003554	3.18666777	1.97171019
4.84346655	28.24893379	0.03539957	41.95652209	-13.70758830	7.15173177	3.18911355	1.97019806
4.84718329	28.26710320	0.03537681	42.16579671	-13.89869351	7.15342913	3.19155932	1.96868824
4.85090003	28.28695107	0.03535199	42.40887743	-14.12192636	7.15512762	3.19400510	1.96718074
4.85461677	28.29013443	0.03534801	42.68617541	-14.39604098	7.15682723	3.19645087	1.96567555
4.85833351	28.29051971	0.03534753	42.99819827	-14.70767855	7.15852797	3.19889664	1.96417266
4.86205025	28.29405975	0.03534311	43.34557693	-15.05151717	7.16022984	3.20134240	1.96267207
4.86576699	28.32575607	0.03530356	43.72905937	-15.40330330	7.16193283	3.20378816	1.96117377
4.86948374	28.35493088	0.03526723	44.14954514	-15.79461426	7.16363696	3.20623392	1.95967776
4.87320048	28.41095734	0.03519769	44.60805655	-16.19709921	7.16534221	3.20867967	1.95818403
4.87691722	28.45105553	0.03514808	45.10577097	-16.65471544	7.16704858	3.21112543	1.95669258
4.88063396	28.47984886	0.03511255	45.64401033	-17.16416147	7.16875609	3.21357117	1.95520341
4.88435070	28.51905632	0.03506427	46.22424284	-17.70518652	7.17046472	3.21601692	1.95371650
4.88806744	28.54124451	0.03503701	46.84815239	-18.30690788	7.17217448	3.21846266	1.95223185
4.89178418	28.54139137	0.03503683	47.51757015	-18.97617878	7.17388537	3.22090839	1.95074946
4.89550093	28.51578140	0.03506830	48.23452065	-19.71873925	7.17559739	3.22335413	1.94926932
4.89921767	28.53731728	0.03504184	49.00125130	-20.46393403	7.17731053	3.22579986	1.94779143
4.90293441	28.61723328	0.03494398	49.82022322	-21.20298995	7.17902480	3.22824559	1.94631577
4.90665115	28.70196342	0.03484082	50.69415130	-21.99218788	7.18074020	3.23069131	1.94484236
4.91036789	28.74129868	0.03479314	51.62602810	-22.88472942	7.18245672	3.23313703	1.94337117
4.91408463	28.77636909	0.03475074	52.61912150	-23.84275240	7.18417438	3.23558275	1.94190222
4.91780137	28.82330322	0.03469415	53.67702032	-24.85371709	7.18589316	3.23802846	1.94043548
4.92151811	28.86284637	0.03464662	54.80367324	-25.94082687	7.18761306	3.24047417	1.93897096
4.92523486	28.85814285	0.03465226	56.00339728	-27.14525442	7.18933410	3.24291988	1.93750865
4.92895160	28.86764717	0.03464086	57.28096201	-28.41331484	7.19105626	3.24536558	1.93604854
4.93266834	28.91636086	0.03458250	58.64158858	-29.72522773	7.19277955	3.24781128	1.93459064
4.93638508	29.02678680	0.03445094	60.09100801	-31.06422121	7.19450397	3.25025698	1.93313493
4.94010182	29.10233116	0.03436151	61.63555863	-32.53322747	7.19622952	3.25270267	1.93168142
4.94381856	29.10400772	0.03435953	63.28221530	-34.17820758	7.19795619	3.25514836	1.93023009
4.94753530	29.12275696	0.03433741	65.03866680	-35.91590984	7.19968399	3.25759405	1.92878094
4.95125205	29.19409752	0.03425350	66.91342424	-37.71932672	7.20141292	3.26003973	1.92733397
4.95496879	29.33891296	0.03408443	68.91588486	-39.57697190	7.20314298	3.26248541	1.92588917
4.95868553	29.43298149	0.03397549	71.05648987	-41.62350838	7.20487416	3.26493108	1.92444653
4.96240227	29.52693939	0.03386738	73.34683700	-43.81989761	7.20660647	3.26737676	1.92300606
4.96611901	29.58766365	0.03379787	75.79980138	-46.21213773	7.20833991	3.26982242	1.92156775
4.96983575	29.66788483	0.03370648	78.42977024	-48.76188541	7.21007448	3.27226809	1.92013158
4.97355249	29.78442764	0.03357459	81.25281135	-51.46838371	7.21181017	3.27471375	1.91869757
4.97726923	29.95396233	0.03338456	84.28691279	-54.33295047	7.21354699	3.27715941	1.91726569
4.98098598	30.08404350	0.03324021	87.55224448	-57.46820098	7.21528494	3.27960507	1.91583596
4.98470272	30.18775558	0.03312601	91.07157291	-60.88381732	7.21702402	3.28205072	1.91440835
4.98841946	30.30656815	0.03299615	94.87050543	-64.56393729	7.21876422	3.28449637	1.91298288
4.99213620	30.44698715	0.03284397	98.97808859	-68.53110144	7.22050555	3.28694201	1.91155952
4.99585294	30.60341644	0.03267609	103.42723251	-72.82381607	7.22224801	3.28938765	1.91013829
4.99956968	30.74498749	0.03252563	108.25545412	-77.51046664	7.22399160	3.29183329	1.90871917
5.00328642	30.91791725	0.03234371	113.50556967	-82.58765242	7.22573631	3.29427893	1.90730216
5.00700317	31.08552742	0.03216931	119.22668396	-88.14115654	7.22748215	3.29672456	1.90588725
5.01071991	31.26274681	0.03198695	125.47525715	-94.21251034	7.22922912	3.29917018	1.90447445
5.01443665	31.43901062	0.03180762	132.31653646	-100.87752584	7.23097722	3.30161581	1.90306373
5.01815339	31.58943367	0.03165615	139.82616386	-108.23673019	7.23272644	3.30406143	1.90165511
5.02187013	31.80272484	0.03144385	148.09223405	-116.28950922	7.23447679	3.30650705	1.90024858
5.02558687	32.04952621	0.03120171	157.21785213	-125.16832591	7.23622827	3.30895266	1.89884412
5.02930361	32.29874039	0.03096096	167.32426624	-135.02552585	7.23798088	3.31139827	1.89744174
5.03302035	32.53522491	0.03073592	178.55468760	-146.01946268	7.23973461	3.31384388	1.89604144
5.03673710	32.82587814	0.03046377	191.07945851	-158.25358037	7.24148947	3.31628948	1.89464320
5.04045384	33.17470169	0.03014345	205.10215809	-171.92745639	7.24324546	3.31873508	1.89324702
5.04417058	33.55457687	0.02980219	220.86764355	-187.31306667	7.24500258	3.32118068	1.89185290
5.04788732	34.01334381	0.02940023	238.67257961	-204.65923580	7.24676083	3.32362627	1.89046084
5.05160406	34.51712799	0.02897112	258.88050488	-224.36337689	7.24852020	3.32607186	1.88907082
5.05532080	35.10507202	0.02848591	281.93296133	-246.82788931	7.25028070	3.32851744	1.88768285
5.05903754	35.88568878	0.02786626	308.38325709	-272.49756831	7.25204232	3.33096303	1.88629692
5.06275429	36.80956268	0.02716685	338.92279410	-302.11323142	7.25380508	3.33340860	1.88491303
5.06647103	37.91295624	0.02637621	374.43268938	-336.51973315	7.25556896	3.33585418	1.88353116
5.07018777	39.34639740	0.02541529	416.07001614	-376.72361874	7.25733397	3.33829975	1.88215133
5.07390451	41.28074646	0.02422437	465.45246543	-424.17171897	7.25910011	3.34074532	1.88077351
5.07762125	43.85430527	0.02280278	525.11314118	-481.25883591	7.26086737	3.34319088	1.87939771
5.08133799	47.59082413	0.02101245	599.66220877	-552.07138464	7.26263576	3.34563645	1.87802393
5.08505473	53.10871124	0.01882930	698.61449131	-645.50578007	7.26440528	3.34808200	1.87665216
5.08877147	61.54616547	0.01624797	842.60705233	-781.06088686	7.26617593	3.35052756	1.87528238
5.09248822	74.95249939	0.01334178	1075.31759237	-1000.36509298	7.26794770	3.35297311	1.87391461
5.09620496	96.53762817	0.01035866	1482.54851143	-1386.01088325	7.26972061	3.35541865	1.87254884
5.09992170	131.13255310	0.00762587	2215.69458997	-2084.56203687	7.27149464	3.35786420	1.87118506
5.10363844	188.39767456	0.00530792	3508.00955346	-3319.61187890	7.27326979	3.36030974	1.86982326
5.10735518	279.06307983	0.00358342	5661.46379428	-5382.40071445	7.27504608	3.36275527	1.86846345
5.11107192	413.83340454	0.00241643	8978.85351293	-8565.02010839	7.27682349	3.36520081	1.86710561
5.11478866	608.37548828	0.00164372	13632.45919392	-13024.08370564	7.27860203	3.36764634	1.86574975
5.11850541	847.96350098	0.00117930	19495.85217851	-18647.88867754	7.28038170	3.37009186	1.86439586
5.12222215	1105.30212402	0.00090473	26009.19611663	-24903.89399261	7.28216249	3.37253739	1.86304393
5.12593889	1337.13903809	0.00074787	32141.52500168	-30804.38596359	7.28394442	3.37498290	1.86169397
5.12965563	1470.29772949	0.00068013	36504.83856961	-35034.54084012	7.28572747	3.37742842	1.86034596
5.13337237	1470.77624512	0.00067991	37792.76107947	-36321.98483435	7.28751164	3.37987393	1.85899990
5.13708911	1334.93579102	0.00074910	35553.13688051	-34218.20108950	7.28929695	3.38231944	1.85765580
5.14080585	1109.09667969	0.00090163	30550.23220136	-29441.13552168	7.29108338	3.38476494	1.85631363
5.14452260	851.70257568	0.00117412	24184.25716655	-23332.55459087	7.29287094	3.38721044	1.85497341
5.14823934	607.23962402	0.00164680	17766.83628138	-17159.59665736	7.29465963	3.38965594	1.85363512
5.15195608	415.60656738	0.00240612	12204.65029158	-11789.04372419	7.29644944	3.39210144	1.85229877
5.15567282	280.82449341	0.00356094	7925.82283409	-7644.99834068	7.29824039	3.39454693	1.85096434
5.15938956	190.32418823	0.00525419	4957.90712239	-4767.58293416	7.30003246	3.39699241	1.84963183
5.16310630	132.46937561	0.00754891	3076.53054582	-2944.06117021	7.30182566	3.39943790	1.84830125
5.16682304	97.17820740	0.01029037	1967.83052155	-1870.65231416	7.30361998	3.40188338	1.84697258
5.17053978	75.58599091	0.01322996	1345.27163493	-1269.68564402	7.30541543	3.40432885	1.84564582
5.17425653	62.04489899	0.01611736	998.58171546	-936.53681648	7.30721201	3.40677432	1.84432096
5.17797327	53.51464462	0.01868647	797.01138615	-743.49674153	7.30900972	3.40921979	1.84299801
5.18169001	47.91175079	0.02087171	668.69596686	-620.78421607	7.31080856	3.41166526	1.84167696
5.18540675	44.13679123	0.02265684	578.02250157	-533.88571034	7.31260852	3.41411072	1.84035780
5.18912349	41.53327942	0.02407708	508.32627315	-466.79299373	7.31440961	3.41655618	1.83904054
5.19284023	39.58456421	0.02526237	451.92025674	-412.33569253	7.31621183	3.41900163	1.83772516
5.19655697	38.11247635	0.02623813	404.94124978	-366.82877343	7.31801517	3.42144708	1.83641166
5.20027372	37.02832413	0.02700635	365.20063092	-328.17230680	7.31981965	3.42389253	1.83510004
5.20399046	36.18144226	0.02763848	331.22479385	-295.04335159	7.32162525	3.42633797	1.83379029
5.20770720	35.45144653	0.02820759	301.95738584	-266.50593930	7.32343198	3.42878341	1.83248241
5.21142394	34.81815338	0.02872065	276.56688506	-241.74873168	7.32523983	3.43122885	1.83117640
5.21514068	34.27104950	0.02917915	254.41338265	-220.14233315	7.32704882	3.43367428	1.82987226
5.21885742	33.81584167	0.02957194	234.97029673	-201.15445505	7.32885893	3.43611971	1.82856997
5.22257416	33.40209198	0.02993824	217.82457702	-184.42248504	7.33067016	3.43856514	1.82726953
5.22629090	33.00921249	0.03029457	202.62848626	-169.61927377	7.33248253	3.44101056	1.82597095
5.23000765	32.67163086	0.03060759	189.10616542	-156.43453456	7.33429602	3.44345598	1.82467421
5.23372439	32.41368103	0.03085117	177.02070425	-144.60702322	7.33611065	3.44590139	1.82337931
5.23744113	32.17433929	0.03108067	166.18260291	-134.00826361	7.33792639	3.44834680	1.82208625
5.24115787	31.94884491	0.03130004	156.42609140	-124.47724649	7.33974327	3.45079221	1.82079503
5.24487461	31.71174812	0.03153405	147.61789145	-115.90614333	7.34156127	3.45323762	1.81950564
5.24859135	31.51413918	0.03173179	139.63925582	-108.12511665	7.34338040	3.45568302	1.81821807
5.25230809	31.29936409	0.03194953	132.39440850	-101.09504441	7.34520066	3.45812841	1.81693233
5.25602484	31.09762764	0.03215679	125.79649686	-94.69886922	7.34702205	3.46057381	1.81564840
5.25974158	30.88116646	0.03238220	119.77539585	-88.89422939	7.34884456	3.46301920	1.81436630
5.26345832	30.68183899	0.03259257	114.26648295	-83.58464396	7.35066820	3.46546458	1.81308600
5.26717506	30.50896072	0.03277726	109.21746471	-78.70850398	7.35249297	3.46790996	1.81180751
5.27089180	30.37233734	0.03292470	104.57948180	-74.20714446	7.35431887	3.47035534	1.81053082
5.27460854	30.26511192	0.03304134	100.31303727	-70.04792534	7.35614589	3.47280072	1.80925594
5.27832528	30.13464737	0.03318439	96.38060628	-66.24595891	7.35797404	3.47524609	1.80798284
5.28204202	29.98724174	0.03334752	92.75194794	-62.76470620	7.35980332	3.47769145	1.80671155
5.28575877	29.78720093	0.03357147	89.39787369	-59.61067276	7.36163373	3.48013682	1.80544204
5.28947551	29.61865807	0.03376250	86.29500332	-56.67634525	7.36346526	3.48258218	1.80417431
5.29319225	29.52665710	0.03386770	83.42037199	-53.89371488	7.36529792	3.48502754	1.80290837
5.29690899	29.50381470	0.03389392	80.75568039	-51.25186569	7.36713171	3.48747289	1.80164420
5.30062573	29.45229340	0.03395321	78.28270967	-48.83041627	7.36896663	3.48991824	1.80038181
5.30434247	29.33549881	0.03408839	75.98703739	-46.65153858	7.37080267	3.49236358	1.79912119
5.30805921	29.23997307	0.03419976	73.85404062	-44.61406755	7.37263985	3.49480892	1.79786233
5.31177596	29.20000267	0.03424657	71.87230065	-42.67229798	7.37447815	3.49725426	1.79660523
5.31549270	29.14911270	0.03430636	70.02999728	-40.88088457	7.37631757	3.49969960	1.79534990
5.31920944	29.04730415	0.03442660	68.31804025	-39.27073610	7.37815813	3.50214493	1.79409631
5.32292618	28.97722244	0.03450986	66.72683243	-37.74960999	7.37999981	3.50459025	1.79284448
5.32664292	28.94667816	0.03454628	65.24909652	-36.30241836	7.38184262	3.50703558	1.79159440
5.33035966	28.88402939	0.03462121	63.87702403	-34.99299464	7.38368655	3.50948090	1.79034606
5.33407640	28.78882408	0.03473570	62.60479625	-33.81597217	7.38553162	3.51192621	1.78909946
5.33779314	28.72159958	0.03481700	61.42602591	-32.70442633	7.38737781	3.51437153	1.78785460
5.34150989	28.70908928	0.03483217	60.33609738	-31.62700810	7.38922513	3.51681683	1.78661147
5.34522663	28.70925140	0.03483198	59.32978884	-30.62053744	7.39107358	3.51926214	1.78537007
5.34894337	28.67356491	0.03487533	58.40345868	-29.72989377	7.39292315	3.52170744	1.78413040
5.35266011	28.58337975	0.03498537	57.55285479	-28.96947504	7.39477385	3.52415274	1.78289245
5.35637685	28.53268623	0.03504752	56.77499996	-28.24231373	7.39662568	3.52659803	1.78165622
5.36009359	28.52832603	0.03505288	56.06699593	-27.53866990	7.39847864	3.52904332	1.78042170
5.36381033	28.53026772	0.03505049	55.42621205	-26.89594433	7.40033272	3.53148861	1.77918889
5.36752708	28.50167274	0.03508566	54.85009869	-26.34842594	7.40218794	3.53393389	1.77795779
5.37124382	28.48569870	0.03510534	54.33703564	-25.85133694	7.40404428	3.53637917	1.77672840
5.37496056	28.47863960	0.03511404	53.88545240	-25.40681280	7.40590174	3.53882444	1.77550071
5.37867730	28.46643639	0.03512909	53.49363197	-25.02719558	7.40776034	3.54126972	1.77427471
5.38239404	28.44126511	0.03516018	53.16091529	-24.71965018	7.40962006	3.54371498	1.77305041
5.38611078	28.40934181	0.03519969	52.88607021	-24.47672840	7.41148091	3.54616025	1.77182780
5.38982752	28.36465645	0.03525514	52.66896160	-24.30430515	7.41334289	3.54860551	1.77060687
5.39354427	28.34287643	0.03528223	52.50887443	-24.16599800	7.41520599	3.55105076	1.76938763
5.39726101	28.37494850	0.03524235	52.40618143	-24.03123293	7.41707022	3.55349602	1.76817007
5.40097775	28.41094017	0.03519771	52.36069269	-23.94975252	7.41893558	3.55594127	1.76695419
5.40469449	28.45114899	0.03514797	52.37332209	-23.92217311	7.42080207	3.55838651	1.76573997
5.40841123	28.45460320	0.03514370	52.44440125	-23.98979806	7.42266969	3.56083175	1.76452743
5.41212797	28.45879364	0.03513852	52.57540303	-24.11660939	7.42453843	3.56327699	1.76331655
5.41584471	28.46677017	0.03512868	52.76723957	-24.30046940	7.42640830	3.56572223	1.76210734
5.41956145	28.45394897	0.03514451	53.02199844	-24.56804946	7.42827930	3.56816746	1.76089979
5.42327820	28.44008636	0.03516164	53.34123117	-24.90114480	7.43015142	3.57061268	1.75969389
5.42699494	28.43359184	0.03516967	53.72772183	-25.29412998	7.43202467	3.57305791	1.75848964
5.43071168	28.43384933	0.03516935	54.18375206	-25.74990273	7.43389905	3.57550312	1.75728704
5.43442842	28.43730927	0.03516507	54.71292831	-26.27561905	7.43577456	3.57794834	1.75608609
5.43814516	28.42359924	0.03518203	55.31839398	-26.89479473	7.43765120	3.58039355	1.75488678
5.44186190	28.45597839	0.03514200	56.00474050	-27.54876210	7.43952896	3.58283876	1.75368911
5.44557864	28.50229454	0.03508489	56.77613738	-28.27384284	7.44140785	3.58528396	1.75249307
5.44929539	28.53787994	0.03504115	57.63839176	-29.10051182	7.44328787	3.58772916	1.75129867
5.45301213	28.56295395	0.03501038	58.59694145	-30.03398750	7.44516901	3.59017436	1.75010589
5.45672887	28.58788109	0.03497986	59.65911225	-31.07123116	7.44705129	3.59261955	1.74891474
5.46044561	28.61071205	0.03495194	60.83192371	-32.22121165	7.44893469	3.59506474	1.74772522
5.46416235	28.66821480	0.03488184	62.12462681	-33.45641201	7.45081921	3.59750993	1.74653731
5.46787909	28.72169495	0.03481689	63.54629330	-34.82459836	7.45270487	3.59995511	1.74535102
5.47159583	28.75883484	0.03477192	65.36628974	-36.60745490	7.45459165	3.60240029	1.74416634
5.47531257	28.79680061	0.03472608	67.08210663	-38.28530602	7.45647956	3.60484546	1.74298326
5.47902932	28.86518860	0.03464381	68.96525838	-40.10006978	7.45836860	3.60729063	1.74180180
5.48274606	28.92424965	0.03457307	71.03102657	-42.10677692	7.46025877	3.60973580	1.74062194
5.48646280	28.98827362	0.03449671	73.29862207	-44.31034845	7.46215006	3.61218096	1.73944367
5.49017954	29.06918335	0.03440069	75.78803245	-46.71884910	7.46404248	3.61462612	1.73826700
5.49389628	29.12398148	0.03433596	78.52428199	-49.40030051	7.46593603	3.61707127	1.73709193
5.49761302	29.18658066	0.03426232	81.53385139	-52.34727073	7.46783071	3.61951642	1.73591844
5.50132976	29.26229477	0.03417367	84.84967131	-55.58737654	7.46972651	3.62196157	1.73474654
5.50504651	29.39298820	0.03402172	88.50727582	-59.11428762	7.47162344	3.62440671	1.73357622
5.50876325	29.51823807	0.03387736	92.55073615	-63.03249808	7.47352150	3.62685185	1.73240749
5.51247999	29.61135483	0.03377083	97.02836929	-67.41701446	7.47542068	3.62929699	1.73124033
5.51619673	29.69355965	0.03367734	102.00016293	-72.30660329	7.47732100	3.63174212	1.73007474
5.51991347	29.81076241	0.03354493	107.53300154	-77.72223913	7.47922244	3.63418725	1.72891072
5.52363021	29.97702408	0.03335888	113.71008167	-83.73305759	7.48112501	3.63663237	1.72774827
5.52734695	30.17843437	0.03313625	120.62586892	-90.44743455	7.48302870	3.63907749	1.72658739
5.53106369	30.35158730	0.03294721	128.39836886	-98.04678157	7.48493353	3.64152261	1.72542806
5.53478044	30.55572510	0.03272709	137.16401801	-106.60829291	7.48683948	3.64396772	1.72427030
5.53849718	30.77898979	0.03248970	147.09447097	-116.31548118	7.48874656	3.64641283	1.72311408
5.54221392	31.01996231	0.03223731	158.39203721	-127.37207490	7.49065476	3.64885794	1.72195942
5.54593066	31.34355545	0.03190449	171.31370543	-139.97014998	7.49256410	3.65130304	1.72080631
5.54964740	31.75044060	0.03149563	186.16919702	-154.41875642	7.49447456	3.65374814	1.71965474
5.55336414	32.26729965	0.03099113	203.35771827	-171.09041861	7.49638615	3.65619323	1.71850472
5.55708088	32.91244888	0.03038364	223.37684731	-190.46439843	7.49829886	3.65863832	1.71735623
5.56079763	33.73239136	0.02964510	246.89881284	-213.16642148	7.50021271	3.66108340	1.71620928
5.56451437	34.77133179	0.02875932	274.85779030	-240.08645852	7.50212768	3.66352849	1.71506386
5.56823111	36.29088593	0.02755513	308.76538802	-272.47450209	7.50404378	3.66597356	1.71391997
5.57194785	38.42113876	0.02602734	350.88511935	-312.46398058	7.50596100	3.66841864	1.71277761
5.57566459	41.54111862	0.02407253	407.97499466	-366.43387604	7.50787936	3.67086371	1.71163677
5.57938133	46.34014130	0.02157956	491.83709002	-445.49694872	7.50979884	3.67330878	1.71049745
5.58309807	54.04124832	0.01850438	628.11887211	-574.07762378	7.51171945	3.67575384	1.70935965
5.58681481	66.22991943	0.01509892	866.06805909	-799.83813965	7.51364118	3.67819890	1.70822337
5.59053156	86.30410004	0.01158694	1290.50969745	-1204.20559741	7.51556405	3.68064395	1.70708859
5.59424830	119.11005402	0.00839560	2029.16835127	-1910.05829725	7.51748804	3.68308900	1.70595533
5.59796504	169.35490417	0.00590476	3242.27639314	-3072.92148897	7.51941316	3.68553405	1.70482357
5.60168178	245.59977722	0.00407166	5084.72639037	-4839.12661314	7.52133940	3.68797909	1.70369331
5.60539852	350.07626343	0.00285652	7633.55328235	-7283.47701892	7.52326678	3.69042413	1.70256455
5.60911526	476.07037354	0.00210053	10804.62074674	-10328.55037321	7.52519528	3.69286917	1.70143729
5.61283200	612.98034668	0.00163137	14282.48011550	-13669.49976882	7.52712491	3.69531420	1.70031152
5.61654875	727.98712158	0.00137365	17508.49866032	-16780.51153873	7.52905567	3.69775923	1.69918724
5.62026549	791.11956787	0.00126403	19744.81126548	-18953.69169761	7.53098755	3.70020425	1.69806445
5.62398223	785.88916016	0.00127244	20317.61717381	-19531.72801365	7.53292056	3.70264927	1.69694315
5.62769897	713.53057861	0.00140148	19026.40610117	-18312.87552255	7.53485470	3.70509429	1.69582332
5.63141571	596.00427246	0.00167784	16305.40458118	-15709.40030872	7.53678997	3.70753930	1.69470498
5.63513245	458.13943481	0.00218274	12898.59279262	-12440.45335780	7.53872636	3.70998431	1.69358811
5.63884919	331.98284912	0.00301220	9487.98888750	-9156.00603838	7.54066389	3.71242931	1.69247271
5.64256593	233.57826233	0.00428122	6539.62917706	-6306.05091473	7.54260253	3.71487432	1.69135878
5.64628268	162.24336243	0.00616358	4270.84055210	-4108.59718967	7.54454231	3.71731931	1.69024633
5.64999942	114.12566376	0.00876227	2693.04386952	-2578.91820576	7.54648322	3.71976430	1.68913533
5.65371616	83.34817505	0.01199786	1687.57564964	-1604.22747459	7.54842525	3.72220929	1.68802580
5.65743290	64.59529877	0.01548100	1091.09027810	-1026.49497933	7.55036841	3.72465428	1.68691772
5.66114964	52.89049149	0.01890699	753.10958022	-700.21908873	7.55231270	3.72709926	1.68581110
5.66486638	45.54267120	0.02195743	563.15927804	-517.61660684	7.55425811	3.72954424	1.68470593
5.66858312	40.98875809	0.02439693	451.72382106	-410.73506297	7.55620465	3.73198921	1.68360222
5.67229987	37.98680878	0.02632493	380.38545390	-342.39864512	7.55815232	3.73443418	1.68249995
5.67601661	35.95930481	0.02780921	329.80495191	-293.84564710	7.56010112	3.73687914	1.68139912
5.67973335	34.57265854	0.02892459	290.88719573	-256.31453719	7.56205104	3.73932411	1.68029974
5.68345009	33.54892349	0.02980722	259.35166527	-225.80274177	7.56400210	3.74176906	1.67920179
5.68716683	32.75115204	0.03053328	233.06877598	-200.31762394	7.56595428	3.74421402	1.67810528
5.69088357	32.13149261	0.03112211	210.80216237	-178.67066976	7.56790758	3.74665897	1.67701020
5.69460031	31.64402580	0.03160154	191.74724827	-160.10322246	7.56986202	3.74910391	1.67591655
5.69831706	31.24730873	0.03200276	175.30515994	-144.05785121	7.57181758	3.75154885	1.67482433
5.70203380	30.92417908	0.03233716	161.02547798	-130.10129890	7.57377427	3.75399379	1.67373354
5.70575054	30.61985779	0.03265854	148.54358597	-117.92372818	7.57573209	3.75643873	1.67264416
5.70946728	30.39677048	0.03289823	137.57536143	-107.17859095	7.57769103	3.75888366	1.67155621
5.71318402	30.20353889	0.03310870	127.88402101	-97.68048211	7.57965111	3.76132858	1.67046967
5.71690076	30.01446915	0.03331726	119.28253216	-89.26806301	7.58161231	3.76377350	1.66938454
5.72061750	29.79161263	0.03356649	111.61174573	-81.82013311	7.58357463	3.76621842	1.66830083
5.72433424	29.62868309	0.03375108	104.74469265	-75.11600956	7.58553809	3.76866333	1.66721852
5.72805099	29.47601509	0.03392589	98.57132277	-69.09530768	7.58750267	3.77110824	1.66613762
5.73176773	29.32341766	0.03410244	93.00319136	-63.67977369	7.58946838	3.77355315	1.66505812
5.73548447	29.19759178	0.03424940	87.96229883	-58.76470705	7.59143522	3.77599805	1.66398002
5.73920121	29.09480476	0.03437040	83.38563313	-54.29082837	7.59340319	3.77844295	1.66290331
5.74291795	28.98146439	0.03450481	79.21665007	-50.23518568	7.59537228	3.78088785	1.66182801
5.74663469	28.85585976	0.03465501	75.40953206	-46.55367230	7.59734250	3.78333274	1.66075409
5.75035143	28.71672440	0.03482291	71.92251189	-43.20578750	7.59931385	3.78577762	1.65968156
5.75406818	28.59521103	0.03497089	68.72167802	-40.12646699	7.60128632	3.78822250	1.65861042
5.75778492	28.50035667	0.03508728	65.77561677	-37.27526009	7.60325993	3.79066738	1.65754066
5.76150166	28.45786667	0.03513967	63.05883324	-34.60096657	7.60523466	3.79311226	1.65647228
5.76521840	28.40276527	0.03520784	60.54732994	-32.14456466	7.60721051	3.79555713	1.65540528
5.76893514	28.31522942	0.03531668	58.22166917	-29.90643975	7.60918750	3.79800199	1.65433966
5.77265188	28.18351173	0.03548174	56.06325370	-27.87974197	7.61116561	3.80044686	1.65327540
5.77636862	28.11393738	0.03556955	54.05704149	-25.94310411	7.61314485	3.80289171	1.65221252
5.78008536	28.06250191	0.03563474	52.18847231	-24.12597040	7.61512522	3.80533657	1.65115101
5.78380211	28.04766273	0.03565359	50.44550145	-22.39783871	7.61710672	3.80778142	1.65009086
5.78751885	28.00288582	0.03571061	48.81737998	-20.81449416	7.61908934	3.81022626	1.64903207
5.79123559	27.95474243	0.03577211	47.29399851	-19.33925608	7.62107309	3.81267111	1.64797464
5.79495233	27.90204430	0.03583967	45.86633822	-17.96429392	7.62305797	3.81511594	1.64691857
5.79866907	27.84967422	0.03590706	44.52679115	-16.67711693	7.62504398	3.81756078	1.64586386
5.80238581	27.80157661	0.03596918	43.26844060	-15.46686398	7.62703111	3.82000561	1.64481049
5.80610255	27.74418449	0.03604359	42.08451963	-14.34033513	7.62901937	3.82245044	1.64375848
5.80981930	27.73596001	0.03605428	40.96963953	-13.23367952	7.63100876	3.82489526	1.64270781
5.81353604	27.70559502	0.03609379	40.08071578	-12.37512076	7.63299927	3.82734008	1.64165848
5.81725278	27.66042328	0.03615274	39.08906214	-11.42863886	7.63499092	3.82978489	1.64061050
5.82096952	27.58692360	0.03624906	38.15189725	-10.56497365	7.63698369	3.83222970	1.63956386
5.82468626	27.51789284	0.03633999	37.26560791	-9.74771507	7.63897759	3.83467451	1.63851855
5.82840300	27.49181557	0.03637446	36.42636053	-8.93454496	7.64097261	3.83711931	1.63747457
5.83211974	27.51156807	0.03634835	35.63117087	-8.11960280	7.64296877	3.83956411	1.63643193
5.83583648	27.52284622	0.03633345	34.87682658	-7.35398036	7.64496605	3.84200890	1.63539062
5.83955323	27.52579880	0.03632955	34.16084027	-6.63504147	7.64696446	3.84445369	1.63435063
5.84326997	27.49652100	0.03636824	33.48050371	-5.98398272	7.64896399	3.84689848	1.63331196
5.84698671	27.46607018	0.03640856	32.83372853	-5.36765836	7.65096466	3.84934326	1.63227462
5.85070345	27.42605782	0.03646167	32.21822000	-4.79216218	7.65296645	3.85178804	1.63123860
5.85442019	27.39503860	0.03650296	31.63221908	-4.23718048	7.65496937	3.85423281	1.63020389
5.85813693	27.37082481	0.03653525	31.07376631	-3.70294149	7.65697341	3.85667758	1.62917049
5.86185367	27.35484695	0.03655659	30.54137470	-3.18652774	7.65897859	3.85912234	1.62813841
5.86557042	27.33511162	0.03658299	30.03335958	-2.69824796	7.66098489	3.86156711	1.62710763
5.86928716	27.32756805	0.03659308	29.54846408	-2.22089603	7.66299232	3.86401186	1.62607816
5.87300390	27.30812263	0.03661914	29.08522675	-1.77710411	7.66500087	3.86645662	1.62505000
5.87672064	27.29734612	0.03663360	28.64258037	-1.34523426	7.66701056	3.86890137	1.62402313
5.88043738	27.28257751	0.03665343	28.21925747	-0.93667995	7.66902137	3.87134611	1.62299756
5.88415412	27.26303482	0.03667970	27.81434220	-0.55130738	7.67103331	3.87379085	1.62197329
5.88787086	27.21801376	0.03674037	27.42673556	-0.20872179	7.67304638	3.87623559	1.62095032
5.89158760	27.17071533	0.03680433	27.05564709	0.11506824	7.67506057	3.87868032	1.61992863
5.89530435	27.11455727	0.03688056	26.70011600	0.41444127	7.67707589	3.88112505	1.61890824
5.89902109	27.08965874	0.03691446	26.35946228	0.73019646	7.67909234	3.88356978	1.61788912
5.90273783	27.10132599	0.03689856	26.03284433	1.06848166	7.68110992	3.88601450	1.61687130
5.90645457	27.09764099	0.03690358	25.71966996	1.37797103	7.68312862	3.88845921	1.61585475
5.91017131	27.10997200	0.03688680	25.41920027	1.69077173	7.68514845	3.89090393	1.61483949
5.91388805	27.08680344	0.03691835	25.13092502	1.95587842	7.68716941	3.89334864	1.61382550
5.91760479	27.07979202	0.03692791	24.85418727	2.22560475	7.68919150	3.89579334	1.61281279
5.92132154	27.05842781	0.03695706	24.58854320	2.46988461	7.69121471	3.89823804	1.61180134
5.92503828	27.04198074	0.03697954	24.33341338	2.70856737	7.69323906	3.90068274	1.61079117
5.92875502	27.02981949	0.03699618	24.08840929	2.94141020	7.69526453	3.90312743	1.60978226
5.93247176	27.02396393	0.03700419	23.85301716	3.17094677	7.69729112	3.90557212	1.60877462
5.93618850	27.04614258	0.03697385	23.62689730	3.41924528	7.69931885	3.90801680	1.60776824
5.93990524	27.05973816	0.03695527	23.40959381	3.65014435	7.70134770	3.91046148	1.60676312
5.94362198	27.02559471	0.03700196	23.20080744	3.82478727	7.70337768	3.91290616	1.60575926
5.94733873	26.97487259	0.03707154	23.00013229	3.97474030	7.70540879	3.91535083	1.60475666
5.95105547	26.94540405	0.03711208	22.80730728	4.13809677	7.70744102	3.91779549	1.60375530
5.95477221	26.98132324	0.03706267	22.62196441	4.35935883	7.70947438	3.92024016	1.60275520
5.95848895	26.98624992	0.03705591	22.44387985	4.54237008	7.71150887	3.92268482	1.60175635
5.96220569	26.97373009	0.03707311	22.27271897	4.70101112	7.71354449	3.92512947	1.60075874
5.96592243	26.97121620	0.03707656	22.10829771	4.86291849	7.71558124	3.92757412	1.59976237
5.96963917	26.97057343	0.03707745	21.95030588	5.02026755	7.71761911	3.93001877	1.59876725
5.97335591	26.97564125	0.03707048	21.79857566	5.17706559	7.71965811	3.93246341	1.59777337
5.97707266	26.96510506	0.03708497	21.65283936	5.31226569	7.72169824	3.93490805	1.59678072
5.98078940	26.96839714	0.03708044	21.51292875	5.45546839	7.72373949	3.93735269	1.59578931
5.98450614	26.97113609	0.03707667	21.37866828	5.59246781	7.72578187	3.93979732	1.59479912
5.98822288	26.99913979	0.03703822	21.24985482	5.74928496	7.72782538	3.94224194	1.59381017
5.99193962	26.99078751	0.03704968	21.12629777	5.86448974	7.72987002	3.94468656	1.59282245
5.99565636	26.95376778	0.03710056	21.00786679	5.94590098	7.73191579	3.94713118	1.59183595
5.99937310	26.94632149	0.03711082	20.89442285	6.05189863	7.73396268	3.94957580	1.59085067
6.00308985	26.97974586	0.03706484	20.78580693	6.19393894	7.73601070	3.95202041	1.58986662
6.00680659	27.00193596	0.03703438	20.68186222	6.32007374	7.73805985	3.95446501	1.58888378
6.01052333	26.99299622	0.03704665	20.58248681	6.41050940	7.74011012	3.95690961	1.58790216
6.01424007	26.95514679	0.03709867	20.48757439	6.46757240	7.74216152	3.95935421	1.58692175
6.01795681	26.94443893	0.03711341	20.39698930	6.54744963	7.74421405	3.96179880	1.58594255
6.02167355	26.93437195	0.03712728	20.31065070	6.62372125	7.74626771	3.96424339	1.58496457
6.02539029	26.91350365	0.03715607	20.22842883	6.68507481	7.74832250	3.96668797	1.58398779
6.02910703	26.90814781	0.03716346	20.15026323	6.75788458	7.75037841	3.96913256	1.58301221
6.03282378	26.92941284	0.03713412	20.07604568	6.85336716	7.75243545	3.97157713	1.58203784
6.03654052	26.94067764	0.03711859	20.00571835	6.93495930	7.75449362	3.97402170	1.58106467
6.04025726	26.93268967	0.03712960	19.93917426	6.99351541	7.75655291	3.97646627	1.58009270
6.04397400	26.90457535	0.03716840	19.87638096	7.02819438	7.75861334	3.97891083	1.57912192
6.04769074	26.89851379	0.03717678	19.81723898	7.08127482	7.76067489	3.98135539	1.57815233
6.05140748	26.90764427	0.03716416	19.76172176	7.14592251	7.76273757	3.98379995	1.57718394
6.05512422	26.93709564	0.03712353	19.70974578	7.22734987	7.76480137	3.98624450	1.57621674
6.05884097	26.97038078	0.03707771	19.66128933	7.30909145	7.76686630	3.98868905	1.57525072
6.06255771	26.96097565	0.03709065	19.61627900	7.34469665	7.76893236	3.99113359	1.57428589
6.06627445	26.93542290	0.03712583	19.57470438	7.36071852	7.77099955	3.99357813	1.57332225
6.06999119	26.93310738	0.03712902	19.53649987	7.39660751	7.77306787	3.99602266	1.57235978
6.07370793	26.95208549	0.03710288	19.50166181	7.45042368	7.77513731	3.99846719	1.57139849
6.07742467	26.97008705	0.03707812	19.47013515	7.49995190	7.77720788	4.00091172	1.57043838
6.08114141	26.94912910	0.03710695	19.44192546	7.50720364	7.77927958	4.00335624	1.56947944
6.08485815	26.92711449	0.03713729	19.41698725	7.51012724	7.78135241	4.00580076	1.56852167
6.08857490	26.95840645	0.03709418	19.39533007	7.56307638	7.78342636	4.00824527	1.56756508
6.09229164	26.99933434	0.03703795	19.37691895	7.62241539	7.78550144	4.01068978	1.56660965
6.09600838	27.02306175	0.03700543	19.36177419	7.66128757	7.78757765	4.01313429	1.56565539
6.09972512	27.03685951	0.03698654	19.34986760	7.68699192	7.78965499	4.01557879	1.56470229
6.10344186	27.02169800	0.03700730	19.34122622	7.68047178	7.79173345	4.01802328	1.56375035
6.10715860	27.01127625	0.03702158	19.33583220	7.67544404	7.79381304	4.02046777	1.56279957
6.11087534	27.00837898	0.03702555	19.33372073	7.67465825	7.79589376	4.02291226	1.56184995
6.11459209	27.00841904	0.03702549	19.33488230	7.67353674	7.79797560	4.02535675	1.56090148
6.11830883	27.01075172	0.03702229	19.33936103	7.67139069	7.80005858	4.02780123	1.55995417
6.12202557	27.00253868	0.03703355	19.34715797	7.65538071	7.80214268	4.03024570	1.55900800
6.12574231	27.01590347	0.03701523	19.35832442	7.65757905	7.80422791	4.03269017	1.55806299
6.12945905	26.99009895	0.03705062	19.37287053	7.61722842	7.80631426	4.03513464	1.55711912
6.13317579	26.97609520	0.03706986	19.39085959	7.58523560	7.80840175	4.03757910	1.55617640
6.13689253	26.97547531	0.03707071	19.41231026	7.56316505	7.81049036	4.04002356	1.55523482
6.14060927	26.99484634	0.03704411	19.46542506	7.52942129	7.81258010	4.04246801	1.55429438
6.14432602	27.01638603	0.03701457	19.49409155	7.52229449	7.81467096	4.04491246	1.55335508
6.14804276	27.03331184	0.03699140	19.52641029	7.50690155	7.81676296	4.04735691	1.55241691
6.15175950	27.03196335	0.03699324	19.56241964	7.46954371	7.81885608	4.04980135	1.55147988
6.15547624	27.02707291	0.03699994	19.60221889	7.42485401	7.82095033	4.05224579	1.55054398
6.15919298	26.99162292	0.03704853	19.64586085	7.34576207	7.82304570	4.05469022	1.54960921
6.16290972	26.99621582	0.03704223	19.69345766	7.30275816	7.82514221	4.05713465	1.54867557
6.16662646	27.02933311	0.03699684	19.74507401	7.28425910	7.82723984	4.05957907	1.54774305
6.17034321	27.07447433	0.03693516	19.80083920	7.27363514	7.82933860	4.06202349	1.54681166
6.17405995	27.08224106	0.03692457	19.86082991	7.22141115	7.83143849	4.06446791	1.54588139
6.17777669	27.06754494	0.03694461	19.92519594	7.14234900	7.83353950	4.06691232	1.54495224
6.18149343	27.05307961	0.03696437	19.99403570	7.05904390	7.83564164	4.06935673	1.54402421
6.18521017	27.07323837	0.03693684	20.06750843	7.00572994	7.83774491	4.07180113	1.54309730
6.18892691	27.09242821	0.03691068	20.14572934	6.94669887	7.83984931	4.07424553	1.54217149
6.19264365	27.12961388	0.03686009	20.22888853	6.90072534	7.84195483	4.07668992	1.54124680
6.19636040	27.13126755	0.03685784	20.31712359	6.81414396	7.84406148	4.07913431	1.54032322
6.20007714	27.11744118	0.03687664	20.41064142	6.70679976	7.84616926	4.08157870	1.53940075
6.20379388	27.08969116	0.03691441	20.50960236	6.58008881	7.84827817	4.08402308	1.53847938
6.20751062	27.09641075	0.03690526	20.61425043	6.48216032	7.85038820	4.08646745	1.53755912
6.21122736	27.14992142	0.03683252	20.72477252	6.42514889	7.85249937	4.08891183	1.53663996
6.21494410	27.17854309	0.03679373	20.84144016	6.33710293	7.85461166	4.09135620	1.53572190
6.21866084	27.18206024	0.03678897	20.96447078	6.21758947	7.85672507	4.09380056	1.53480494
6.22237758	27.15424538	0.03682665	21.09418278	6.06006260	7.85883962	4.09624492	1.53388907
6.22609433	27.16123772	0.03681717	21.23082491	5.93041280	7.86095529	4.09868928	1.53297430
6.22981107	27.19001770	0.03677820	21.37475864	5.81525906	7.86307209	4.10113363	1.53206062
6.23352781	27.23423386	0.03671849	21.52630310	5.70793076	7.86519002	4.10357797	1.53114802
6.23724455	27.26781082	0.03667328	21.68579839	5.58201243	7.86730907	4.10602232	1.53023652
6.24096129	27.27624321	0.03666194	21.85368702	5.42255619	7.86942925	4.10846665	1.52932611
6.24467803	27.27365494	0.03666542	22.03034065	5.24331429	7.87155056	4.11091099	1.52841677
6.24839477	27.28231239	0.03665378	22.21627310	5.06603929	7.87367300	4.11335532	1.52750852
6.25211152	27.29412651	0.03663792	22.41191772	4.88220879	7.87579656	4.11579964	1.52660135
6.25582826	27.27376175	0.03666528	22.61786543	4.65589632	7.87792126	4.11824396	1.52569526
6.25954500	27.22253609	0.03673427	22.83462847	4.38790762	7.88004708	4.12068828	1.52479025
6.26326174	27.23366737	0.03671926	23.06289557	4.17077180	7.88217402	4.12313259	1.52388631
6.26697848	27.27938652	0.03665772	23.30326963	3.97611689	7.88430210	4.12557690	1.52298344
6.27069522	27.30539703	0.03662280	23.55655063	3.74884641	7.88643130	4.12802120	1.52208165
6.27441196	27.32105255	0.03660181	23.82345466	3.49759789	7.88856163	4.13046550	1.52118092
6.27812870	27.33361244	0.03658499	24.10492308	3.22868936	7.89069309	4.13290980	1.52028126
6.28184545	27.35156441	0.03656098	24.40180544	2.94975897	7.89282567	4.13535409	1.51938266
6.28556219	27.33791924	0.03657923	24.71520622	2.62271301	7.89495939	4.13779838	1.51848513
6.28927893	27.35284424	0.03655927	25.04614536	2.30669887	7.89709423	4.14024266	1.51758866
6.29299567	27.37004089	0.03653630	25.39593462	1.97410628	7.89923019	4.14268693	1.51669325
6.29671241	27.40510941	0.03648955	25.76579911	1.63931030	7.90136729	4.14513121	1.51579890
6.30042915	27.44250298	0.03643982	26.15729529	1.28520769	7.90350551	4.14757548	1.51490560
6.30414589	27.48250961	0.03638678	26.57191205	0.91059756	7.90564486	4.15001974	1.51401335
6.30786264	27.49221420	0.03637393	27.01151873	0.48069547	7.90778534	4.15246400	1.51312216
6.31157938	27.49299622	0.03637290	27.47792157	0.01507464	7.90992695	4.15490826	1.51223202
6.31529612	27.50457954	0.03635758	27.97338818	-0.46880863	7.91206968	4.15735251	1.51134293
6.31901286	27.53154755	0.03632197	28.50012806	-0.96858052	7.91421354	4.15979676	1.51045488
6.32272960	27.55238152	0.03629450	29.06090534	-1.50852382	7.91635853	4.16224100	1.50956788
6.32644634	27.56068611	0.03628357	29.65845563	-2.09776952	7.91850464	4.16468524	1.50868192
6.33016308	27.59312439	0.03624091	30.29616934	-2.70304495	7.92065188	4.16712947	1.50779700
6.33387982	27.68387794	0.03612211	30.97745499	-3.29357705	7.92280026	4.16957370	1.50691312
6.33759657	27.74637413	0.03604075	31.48443096	-3.73805683	7.92494975	4.17201792	1.50603028
6.34131331	27.76700974	0.03601396	32.26627571	-4.49926597	7.92710038	4.17446214	1.50514847
6.34503005	27.74392700	0.03604392	33.10546595	-5.36153894	7.92925213	4.17690636	1.50426770
6.34874679	27.74665451	0.03604038	34.00745190	-6.26079739	7.93140501	4.17935057	1.50338795
6.35246353	27.80755234	0.03596145	34.97892638	-7.17137404	7.93355902	4.18179478	1.50250924
6.35618027	27.88494110	0.03586165	36.02688849	-8.14194738	7.93571416	4.18423898	1.50163156
6.35989701	27.96660614	0.03575693	37.15993438	-9.19332824	7.93787042	4.18668318	1.50075490
6.36361376	28.00859261	0.03570333	38.38716050	-10.37856790	7.94002781	4.18912738	1.49987927
6.36733050	28.00428391	0.03570882	39.71974329	-11.71545938	7.94218633	4.19157157	1.49900466
6.37104724	28.02699661	0.03567988	41.16968547	-13.14268886	7.94434597	4.19401575	1.49813107
6.37476398	28.07316208	0.03562121	42.75174482	-14.67858275	7.94650675	4.19645993	1.49725850
6.37848072	28.15256691	0.03552074	44.48200021	-16.32943330	7.94866865	4.19890411	1.49638695
6.38219746	28.17487907	0.03549261	46.38023896	-18.20535989	7.95083168	4.20134828	1.49551641
6.38591420	28.19990921	0.03546111	48.46837261	-20.26846340	7.95299583	4.20379245	1.49464689
6.38963094	28.26773262	0.03537602	50.77345409	-22.50572147	7.95516112	4.20623661	1.49377838
6.39334769	28.37067223	0.03524767	53.32590308	-24.95523085	7.95732753	4.20868077	1.49291088
6.39706443	28.45706940	0.03514065	56.16344846	-27.70637907	7.95949507	4.21112493	1.49204439
6.40078117	28.52354622	0.03505875	59.32926909	-30.80572287	7.96166373	4.21356908	1.49117890
6.40449791	28.61280060	0.03494939	62.87725349	-34.26445289	7.96383353	4.21601322	1.49031442
6.40821465	28.75135612	0.03478097	66.87013283	-38.11877671	7.96600445	4.21845736	1.48945095
6.41193139	28.88035011	0.03462562	71.38694543	-42.50659531	7.96817650	4.22090150	1.48858847
6.41564813	29.02108383	0.03445771	76.52154406	-47.50046023	7.97034967	4.22334563	1.48772700
6.41936488	29.15335274	0.03430137	82.39341043	-53.24005769	7.97252398	4.22578976	1.48686652
6.42308162	29.33375931	0.03409041	89.14793870	-59.81417939	7.97469941	4.22823388	1.48600704
6.42679836	29.57550621	0.03381176	96.97453560	-67.39902939	7.97687597	4.23067800	1.48514855
6.43051510	29.89595413	0.03344934	106.11757113	-76.22161700	7.97905365	4.23312212	1.48429106
6.43423184	30.29932213	0.03300404	116.91728044	-86.61795832	7.98123247	4.23556623	1.48343456
6.43794858	30.86083603	0.03240353	129.90843194	-99.04759591	7.98341241	4.23801033	1.48257904
6.44166532	31.67137146	0.03157426	146.03558065	-114.36420919	7.98559348	4.24045443	1.48172452
6.44538207	32.91489792	0.03038138	167.20813650	-134.29323858	7.98777567	4.24289853	1.48087098
6.44909881	34.73113251	0.02879261	197.42602798	-162.69489548	7.98995900	4.24534262	1.48001843
6.45281555	37.60428619	0.02659271	245.06377286	-207.45948667	7.99214345	4.24778671	1.47916685
6.45653229	42.24214554	0.02367304	325.78653281	-283.54438727	7.99432903	4.25023079	1.47831626
6.46024903	49.63875198	0.02014555	467.38879508	-417.75004310	7.99651573	4.25267487	1.47746665
6.46396577	61.49289703	0.01626204	712.20747332	-650.71457629	7.99870357	4.25511895	1.47661802
6.46768251	80.28955078	0.01245492	1115.54902673	-1035.25947595	8.00089253	4.25756302	1.47577036
6.47139925	107.98927307	0.00926018	1734.27774160	-1626.28846853	8.00308262	4.26000708	1.47492368
6.47511600	146.98237610	0.00680354	2605.29284153	-2458.31046543	8.00527383	4.26245114	1.47407796
6.47883274	195.39437866	0.00511785	3715.57968755	-3520.18530888	8.00746618	4.26489520	1.47323322
6.48254948	247.63108826	0.00403827	4977.42903393	-4729.79794567	8.00965965	4.26733925	1.47238945
6.48626622	296.02139282	0.00337813	6215.39538359	-5919.37399077	8.01185425	4.26978330	1.47154665
6.48998296	326.94229126	0.00305864	7179.73650415	-6852.79421289	8.01404998	4.27222734	1.47070481
6.49369970	332.65817261	0.00300609	7605.68405058	-7273.02587797	8.01624683	4.27467138	1.46986394
6.49741644	312.07849121	0.00320432	7350.75432467	-7038.67583346	8.01844481	4.27711541	1.46902403
6.50113319	271.05895996	0.00368923	6502.59540335	-6231.53644339	8.02064392	4.27955944	1.46818508
6.50484993	220.67593384	0.00453153	5309.27853402	-5088.60260018	8.02284416	4.28200347	1.46734708
6.50856667	168.92147827	0.00591991	4033.79680105	-3864.87532277	8.02504552	4.28444749	1.46651005
6.51228341	125.67949677	0.00795675	2872.61482932	-2746.93533256	8.02724802	4.28689151	1.46567397
6.51600015	93.54518127	0.01069002	1936.29150946	-1842.74632819	8.02945164	4.28933552	1.46483885
6.51971689	70.76425171	0.01413143	1254.64142408	-1183.87717237	8.03165638	4.29177952	1.46400468
6.52343363	55.62701035	0.01797688	801.09627532	-745.46926497	8.03386226	4.29422353	1.46317146
6.52715037	46.08030319	0.02170125	521.22038066	-475.14007746	8.03606926	4.29666752	1.46233919
6.53086712	40.16730499	0.02489587	357.92587044	-317.75856544	8.03827739	4.29911152	1.46150787
6.53458386	36.50033569	0.02739701	264.97119204	-228.47085635	8.04048665	4.30155551	1.46067749
6.53830060	34.16960907	0.02926577	211.08978239	-176.92017332	8.04269703	4.30399949	1.45984806
6.54201734	32.72575760	0.03055697	177.72620790	-145.00045030	8.04490854	4.30644347	1.45901957
6.54573408	31.77046204	0.03147578	155.03342269	-123.26296066	8.04712118	4.30888745	1.45819202
6.54945082	31.12512779	0.03212838	138.15227103	-107.02714323	8.04933495	4.31133142	1.45736542
6.55316756	30.60329819	0.03267622	124.78479839	-94.18150020	8.05154985	4.31377538	1.45653975
6.55688431	30.21783829	0.03309304	113.80082105	-83.58298276	8.05376587	4.31621934	1.45571501
6.56060105	29.93689537	0.03340360	104.59580792	-74.65891255	8.05598302	4.31866330	1.45489122
6.56431779	29.74320793	0.03362112	96.78834260	-67.04513466	8.05820129	4.32110725	1.45406835
6.56803453	29.59418488	0.03379042	90.11631758	-60.52213271	8.06042070	4.32355120	1.45324642
6.57175127	29.48610497	0.03391428	84.37784740	-54.89174243	8.06264123	4.32599515	1.45242542
6.57546801	29.42355347	0.03398638	79.41907964	-49.99552617	8.06486289	4.32843909	1.45160534
6.57918475	29.35162926	0.03406966	75.11400095	-45.76237170	8.06708568	4.33088302	1.45078620
6.58290149	29.25556374	0.03418153	71.36417759	-42.10861386	8.06930960	4.33332695	1.44996798
6.58661824	29.19415092	0.03425344	68.08684937	-38.89269845	8.07153464	4.33577087	1.44915068
6.59033498	29.13576508	0.03432208	65.21673694	-36.08097186	8.07376081	4.33821480	1.44833430
6.59405172	29.09751320	0.03436720	62.69779510	-33.60028190	8.07598811	4.34065871	1.44751885
6.59776846	29.04955101	0.03442394	60.48557535	-31.43602433	8.07821653	4.34310262	1.44670432
6.60148520	29.00992966	0.03447096	58.54123306	-29.53130340	8.08044608	4.34554653	1.44589070
6.60520194	28.93655586	0.03455836	56.83367525	-27.89711938	8.08267676	4.34799043	1.44507800
6.60891868	28.71568298	0.03482418	55.33550335	-26.61982037	8.08490857	4.35043433	1.44426621
6.61263543	28.63796425	0.03491868	54.02479619	-25.38683194	8.08714151	4.35287822	1.44345534
6.61635217	28.69371223	0.03485084	52.88176951	-24.18805728	8.08937557	4.35532211	1.44264538
6.62006891	28.88502121	0.03462002	51.89057619	-23.00555498	8.09161076	4.35776600	1.44183632
6.62378565	28.92888641	0.03456752	51.03702835	-22.10814193	8.09384708	4.36020988	1.44102818
6.62750239	28.91494560	0.03458419	50.30960685	-21.39466125	8.09608452	4.36265375	1.44022094
6.63121913	28.87888718	0.03462737	49.69799104	-20.81910387	8.09832310	4.36509762	1.43941461
6.63493587	28.85220528	0.03465940	49.19384268	-20.34163741	8.10056280	4.36754149	1.43860919
6.63865261	28.83305740	0.03468241	48.78970969	-19.95665229	8.10280363	4.36998535	1.43780466
6.64236936	28.83947182	0.03467470	48.47947264	-19.64000082	8.10504558	4.37242921	1.43700104
6.64608610	28.85602760	0.03465480	48.25827691	-19.40224931	8.10728866	4.37487306	1.43619831
6.64980284	28.87434769	0.03463282	48.12141931	-19.24707162	8.10953288	4.37731690	1.43539649
6.65351958	28.88573456	0.03461916	48.06585677	-19.18012221	8.11177821	4.37976075	1.43459556
6.65723632	28.90150070	0.03460028	48.08839338	-19.18689267	8.11402468	4.38220459	1.43379552
6.66095306	28.89702988	0.03460563	48.18733917	-19.29030929	8.11627227	4.38464842	1.43299638
6.66466980	28.87115479	0.03463665	48.36074053	-19.48958575	8.11852099	4.38709225	1.43219813
6.66838655	28.87497902	0.03463206	48.60807730	-19.73309828	8.12077084	4.38953607	1.43140077
6.67210329	28.89010239	0.03461393	48.92851364	-20.03841126	8.12302182	4.39197989	1.43060430
6.67582003	28.94607735	0.03454700	49.32257501	-20.37649766	8.12527392	4.39442371	1.42980871
6.67953677	28.94659424	0.03454638	49.79041900	-20.84382476	8.12752715	4.39686752	1.42901402
6.68325351	28.93692970	0.03455792	50.33359821	-21.39666850	8.12978151	4.39931132	1.42822020
6.68697025	28.94877434	0.03454378	50.95328325	-22.00450891	8.13203700	4.40175512	1.42742727
6.69068699	28.96991920	0.03451856	51.65205157	-22.68213237	8.13429361	4.40419892	1.42663522
6.69440373	28.99677277	0.03448660	52.43209376	-23.43532099	8.13655135	4.40664271	1.42584405
6.69812048	29.02056503	0.03445832	53.29712317	-24.27655813	8.13881022	4.40908650	1.42505376
6.70183722	29.09853745	0.03436599	54.25045321	-25.15191576	8.14107022	4.41153028	1.42426435
6.70555396	29.18100739	0.03426886	55.29706280	-26.11605542	8.14333134	4.41397406	1.42347581
6.70927070	29.22717857	0.03421473	56.44155116	-27.21437258	8.14559359	4.41641783	1.42268815
6.71298744	29.24211502	0.03419725	57.69039304	-28.44827802	8.14785697	4.41886160	1.42190136
6.71670418	29.24744987	0.03419102	59.04971102	-29.80226115	8.15012148	4.42130537	1.42111544
6.72042092	29.28764343	0.03414409	60.52779029	-31.24014686	8.15238711	4.42374913	1.42033039
6.72413767	29.32752037	0.03409767	62.13264508	-32.80512471	8.15465387	4.42619288	1.41954620
6.72785441	29.38870621	0.03402668	63.87478787	-34.48608166	8.15692176	4.42863663	1.41876289
6.73157115	29.47980499	0.03392153	65.76461594	-36.28481094	8.15919078	4.43108038	1.41798044
6.73528789	29.56780624	0.03382057	67.81548143	-38.24767518	8.16146092	4.43352412	1.41719886
6.73900463	29.62708855	0.03375289	70.04085321	-40.41376466	8.16373219	4.43596785	1.41641813
6.74272137	29.67130852	0.03370259	72.45776633	-42.78645781	8.16600459	4.43841159	1.41563827
6.74643811	29.76995277	0.03359092	75.08369462	-45.31374185	8.16827812	4.44085531	1.41485927
6.75015486	29.87110519	0.03347717	77.94054905	-48.06944386	8.17055277	4.44329904	1.41408113
6.75387160	29.96587563	0.03337129	81.26164255	-51.29576693	8.17282855	4.44574275	1.41330384
6.75758834	30.08332443	0.03324101	84.65529218	-54.57196775	8.17510546	4.44818647	1.41252741
6.76130508	30.20742798	0.03310444	88.36125857	-58.15383059	8.17738350	4.45063017	1.41175183
6.76502182	30.34348488	0.03295600	92.41690901	-62.07342413	8.17966266	4.45307388	1.41097711
6.76873856	30.46128273	0.03282856	96.86244554	-66.40116281	8.18194295	4.45551758	1.41020324
6.77245530	30.58426666	0.03269655	101.74765532	-71.16338866	8.18422437	4.45796127	1.40943021
6.77617204	30.70716667	0.03256569	107.12698723	-76.41982056	8.18650692	4.46040496	1.40865804
6.77988879	30.88002586	0.03238339	113.06788795	-82.18786209	8.18879059	4.46284864	1.40788671
6.78360553	31.06235504	0.03219331	119.64530550	-88.58295045	8.19107540	4.46529232	1.40711623
6.78732227	31.22846603	0.03202207	126.95233123	-95.72386519	8.19336133	4.46773600	1.40634659
6.79103901	31.38016510	0.03186726	135.09418129	-103.71401619	8.19564838	4.47017967	1.40557780
6.79475575	31.58123398	0.03166437	144.20208848	-112.62085450	8.19793657	4.47262334	1.40480985
6.79847249	31.84882164	0.03139834	154.42700618	-122.57818454	8.20022588	4.47506700	1.40404274
6.80218923	32.16460037	0.03109008	165.95847678	-133.79387641	8.20251632	4.47751065	1.40327646
6.80590598	32.48147583	0.03078678	179.01876676	-146.53729093	8.20480789	4.47995431	1.40251103
6.80962272	32.83460236	0.03045568	193.88930405	-161.05470169	8.20710058	4.48239795	1.40174643
6.81333946	33.24335861	0.03008120	210.91032353	-177.66696492	8.20939440	4.48484159	1.40098266
6.81705620	33.75130081	0.02962849	230.50575792	-196.75445711	8.21168935	4.48728523	1.40021973
6.82077294	34.38891220	0.02907914	253.22410668	-218.83519447	8.21398543	4.48972887	1.39945763
6.82448968	35.26266479	0.02835861	279.76682834	-244.50416354	8.21628263	4.49217249	1.39869636
6.82820642	36.41632080	0.02746022	311.12687880	-274.71055800	8.21858097	4.49461612	1.39793592
6.83192316	37.97191238	0.02633526	348.81053116	-310.83861878	8.22088043	4.49705974	1.39717631
6.83563991	40.18708038	0.02488362	395.51001623	-355.32293585	8.22318101	4.49950335	1.39641752
6.83935665	43.45246124	0.02301366	456.52515692	-413.07269568	8.22548273	4.50194696	1.39565956
6.84307339	48.40159988	0.02066047	542.96532033	-494.56372045	8.22778557	4.50439056	1.39490242
6.84679013	56.27286530	0.01777055	677.52528860	-621.25242330	8.23008954	4.50683416	1.39414611
6.85050687	68.93286133	0.01450687	903.88696082	-834.95409949	8.23239464	4.50927776	1.39339061
6.85422361	89.13427734	0.01121903	1297.98414811	-1208.84987076	8.23470086	4.51172135	1.39263594
6.85794035	121.96722412	0.00819892	1976.98158707	-1855.01436295	8.23700822	4.51416493	1.39188209
6.86165710	173.17648315	0.00577446	3094.59016272	-2921.41367957	8.23931670	4.51660851	1.39112905
6.86537384	248.58013916	0.00402285	4813.41931945	-4564.83918029	8.24162630	4.51905209	1.39037683
6.86909058	355.58300781	0.00281228	7244.20614841	-6888.62314060	8.24393704	4.52149566	1.38962542
6.87280732	491.47384644	0.00203470	10367.98030329	-9876.50645686	8.24624890	4.52393923	1.38887483
6.87652406	639.78747559	0.00156302	13958.55515183	-13318.76767625	8.24856189	4.52638279	1.38812504
6.88024080	778.68896484	0.00128421	17548.35033152	-16769.66136667	8.25087601	4.52882635	1.38737607
6.88395754	874.32604980	0.00114374	20446.71464103	-19572.38859123	8.25319125	4.53126990	1.38662791
6.88767428	901.34094238	0.00110946	21891.46709891	-20990.12615652	8.25550763	4.53371345	1.38588055
6.89139103	852.76818848	0.00117265	21409.62275994	-20556.85457146	8.25782513	4.53615699	1.38513401
6.89510777	741.50512695	0.00134861	19166.66510169	-18425.15997474	8.26014375	4.53860053	1.38438826
6.89882451	599.79412842	0.00166724	15834.40882324	-15234.61469482	8.26246351	4.54104406	1.38364333
6.90254125	453.56619263	0.00220475	12170.17795809	-11716.61176547	8.26478439	4.54348759	1.38289919
6.90625799	327.60876465	0.00305242	8764.91318139	-8437.30441674	8.26710640	4.54593111	1.38215586
6.90997473	231.09611511	0.00432720	5965.70645972	-5734.61034461	8.26942954	4.54837463	1.38141332
6.91369147	162.58840942	0.00615050	3890.67485461	-3728.08644519	8.27175381	4.55081815	1.38067159
6.91740822	116.10065460	0.00861322	2484.43782084	-2368.33716623	8.27407920	4.55326166	1.37993065
6.92112496	85.52164459	0.01169295	1602.11815801	-1516.59651341	8.27640572	4.55570516	1.37919051
6.92484170	66.80346680	0.01496928	1079.72136528	-1012.91789848	8.27873337	4.55814866	1.37845116
6.92855844	55.16712952	0.01812674	779.72746756	-724.56033804	8.28106214	4.56059215	1.37771261
6.93227518	47.83357239	0.02090582	605.59642063	-557.76284825	8.28339205	4.56303564	1.37697485
6.93599192	43.23392105	0.02312999	498.62734614	-455.39342509	8.28572308	4.56547913	1.37623788
6.93970866	40.22597885	0.02485956	426.72394778	-386.49796893	8.28805524	4.56792261	1.37550170
6.94342540	38.14151382	0.02621815	373.81548070	-335.67396687	8.29038852	4.57036609	1.37476631
6.94714215	36.70295334	0.02724576	332.15430564	-295.45135230	8.29272293	4.57280956	1.37403170
6.95085889	35.63054276	0.02806581	297.99195297	-262.36141022	8.29505848	4.57525302	1.37329789
6.95457563	34.81734085	0.02872132	269.32298078	-234.50563993	8.29739514	4.57769648	1.37256485
6.95829237	34.20388031	0.02923645	244.94870077	-210.74482046	8.29973294	4.58013994	1.37183261
6.96200911	33.72041321	0.02965563	224.03127399	-190.31086078	8.30207186	4.58258339	1.37110114
6.96572585	33.30658722	0.03002409	205.95933575	-172.65274853	8.30441191	4.58502684	1.37037045
6.96944259	32.99329758	0.03030919	190.24598832	-157.25269075	8.30675309	4.58747028	1.36964055
6.97315934	32.71497726	0.03056704	176.51406565	-143.79908838	8.30909540	4.58991372	1.36891142
6.97687608	32.49989700	0.03076933	164.45099263	-131.95109563	8.31143883	4.59235715	1.36818307
6.98059282	32.28002930	0.03097891	153.81055445	-121.53052515	8.31378339	4.59480058	1.36745550
6.98430956	32.03931808	0.03121165	144.26486808	-112.22554999	8.31612908	4.59724400	1.36672870
6.98802630	31.78776550	0.03145864	135.88704209	-104.09927658	8.31847590	4.59968742	1.36600267
6.99174304	31.61176872	0.03163379	128.41415888	-96.80239016	8.32082384	4.60213083	1.36527742
6.99545978	31.47330666	0.03177296	121.73142585	-90.25811920	8.32317291	4.60457424	1.36455294
6.99917653	31.34151840	0.03190656	115.73810195	-84.39658355	8.32552311	4.60701764	1.36382923
7.00289327	31.21946716	0.03203130	110.35300223	-79.13353506	8.32787444	4.60946104	1.36310628
7.00661001	31.11426163	0.03213960	105.50382042	-74.38955880	8.33022689	4.61190443	1.36238411
7.01032675	31.00440979	0.03225348	101.13201674	-70.12760695	8.33258047	4.61434782	1.36166270
7.01404349	30.89561272	0.03236706	97.18476243	-66.28914971	8.33493518	4.61679121	1.36094205
7.01776023	30.77765083	0.03249111	93.61860138	-62.84095055	8.33729102	4.61923459	1.36022217
7.02147697	30.67218018	0.03260283	90.39626894	-59.72408877	8.33964798	4.62167796	1.35950306
7.02519371	30.57891464	0.03270227	87.48359799	-56.90468335	8.34200607	4.62412133	1.35878470
7.02891046	30.50013351	0.03278674	84.85353705	-54.35340354	8.34436529	4.62656469	1.35806710
7.03262720	30.46062469	0.03282927	82.48030378	-52.01967909	8.34672564	4.62900805	1.35735026
7.03634394	30.39736366	0.03289759	80.34375593	-49.94639227	8.34908711	4.63145141	1.35663418
7.04006068	30.34170532	0.03295794	78.42436205	-48.08265673	8.35144971	4.63389476	1.35591886
7.04377742	30.27949524	0.03302565	76.70715169	-46.42765645	8.35381344	4.63633810	1.35520429
7.04749416	30.21876717	0.03309202	75.17734953	-44.95858236	8.35617830	4.63878144	1.35449048
7.05121090	30.12964058	0.03318991	73.82397361	-43.69433303	8.35854428	4.64122478	1.35377742
7.05492765	30.08381653	0.03324046	72.63597204	-42.55215551	8.36091139	4.64366811	1.35306511
7.05864439	30.03951073	0.03328949	71.60551959	-41.56600886	8.36327963	4.64611143	1.35235355
7.06236113	30.02993774	0.03330010	70.72456739	-40.69462964	8.36564900	4.64855476	1.35164274
7.06607787	29.99856377	0.03333493	69.98792500	-39.98936124	8.36801949	4.65099807	1.35093268
7.06979461	29.98434830	0.03335073	69.39003633	-39.40568803	8.37039112	4.65344138	1.35022337
7.07351135	29.95477295	0.03338366	68.92800110	-38.97322815	8.37276387	4.65588469	1.34951480
7.07722809	29.96690178	0.03337015	68.59844532	-38.63154354	8.37513774	4.65832799	1.34880698
7.08094483	29.98791313	0.03334677	68.40054914	-38.41263601	8.37751275	4.66077128	1.34809990
7.08466158	29.97277451	0.03336361	68.33301305	-38.36023855	8.37988888	4.66321458	1.34739356
7.08837832	29.94089508	0.03339914	68.39701151	-38.45611643	8.38226614	4.66565786	1.34668797
7.09209506	29.90638733	0.03343767	68.59327638	-38.68688905	8.38464453	4.66810114	1.34598311
7.09581180	29.91277504	0.03343053	68.92507233	-39.01229729	8.38702404	4.67054442	1.34527900
7.09952854	29.93193054	0.03340914	69.39550794	-39.46357740	8.38940468	4.67298769	1.34457562
7.10324528	29.97054672	0.03336609	70.00944945	-40.03890273	8.39178645	4.67543096	1.34387297
7.10696202	30.01534843	0.03331629	70.77314835	-40.75779991	8.39416935	4.67787422	1.34317107
7.11067877	30.03474045	0.03329478	71.69380948	-41.65906904	8.39655337	4.68031748	1.34246989
7.11439551	30.06629372	0.03325984	72.78070014	-42.71440643	8.39893853	4.68276073	1.34176945
7.11811225	30.09969330	0.03322293	74.04410236	-43.94440906	8.40132481	4.68520398	1.34106975
7.12182899	30.18390656	0.03313024	75.49701890	-45.31311234	8.40371221	4.68764722	1.34037077
7.12554573	30.23658371	0.03307252	77.15370663	-46.91712292	8.40610075	4.69009045	1.33967252
7.12926247	30.29034042	0.03301383	79.03193144	-48.74159102	8.40849041	4.69253369	1.33897500
7.13297921	30.36485863	0.03293281	81.15116851	-50.78630988	8.41088120	4.69497691	1.33827821
7.13669595	30.43793297	0.03285374	83.53552874	-53.09759577	8.41327312	4.69742014	1.33758215
7.14041270	30.52145958	0.03276383	86.21154118	-55.69008160	8.41566616	4.69986335	1.33688681
7.14412944	30.56247139	0.03271987	89.21199091	-58.64951952	8.41806033	4.70230657	1.33619219
7.14784618	30.63362694	0.03264387	92.57321959	-61.93959265	8.42045563	4.70474977	1.33549830
7.15156292	30.70309639	0.03257000	96.34011933	-65.63702294	8.42285206	4.70719298	1.33480512
7.15527966	30.80432510	0.03246297	100.56301590	-69.75869080	8.42524962	4.70963617	1.33411267
7.15899640	30.91268539	0.03234918	105.30424774	-74.39156234	8.42764830	4.71207937	1.33342094
7.16271314	31.03886986	0.03221767	110.63453582	-79.59566596	8.43004811	4.71452255	1.33272993
7.16642989	31.16392517	0.03208838	116.64190463	-85.47797946	8.43244905	4.71696574	1.33203963
7.17014663	31.29760361	0.03195133	123.42774994	-92.13014633	8.43485111	4.71940891	1.33135005
7.17386337	31.46763611	0.03177868	131.11902838	-99.65139227	8.43725430	4.72185209	1.33066119
7.17758011	31.67019653	0.03157543	139.86449941	-108.19430288	8.43965863	4.72429525	1.32997304
7.18129685	31.91266441	0.03133552	149.85196962	-117.93930521	8.44206407	4.72673842	1.32928560
7.18501359	32.19820786	0.03105763	161.30594986	-129.10774201	8.44447065	4.72918157	1.32859887
7.18873033	32.54652023	0.03072525	174.51347820	-141.96695797	8.44687835	4.73162473	1.32791286
7.19244707	32.95024490	0.03034879	189.82725264	-156.87700773	8.44928718	4.73406788	1.32722755
7.19616382	33.47487259	0.02987315	207.71370215	-174.23882956	8.45169714	4.73651102	1.32654295
7.19988056	34.18414307	0.02925333	228.79239511	-194.60825204	8.45410822	4.73895416	1.32585906
7.20359730	35.16993332	0.02843338	253.99701981	-218.82708649	8.45652044	4.74139729	1.32517588
7.20731404	36.55676270	0.02735472	284.87972572	-248.32296302	8.45893378	4.74384042	1.32449340
7.21103078	38.56278992	0.02593173	324.43307030	-285.87028038	8.46134825	4.74628354	1.32381162
7.21474752	41.59520340	0.02404123	378.76626383	-337.17106043	8.46376384	4.74872666	1.32313055
7.21846426	46.34463501	0.02157747	460.50243891	-414.15780390	8.46618056	4.75116977	1.32245018
7.22218101	53.92727280	0.01854349	594.26893102	-540.34165822	8.46859842	4.75361288	1.32177051
7.22589775	66.16874695	0.01511287	824.36000785	-758.19126091	8.47101739	4.75605598	1.32109154
7.22961449	85.94220734	0.01163573	1221.60149919	-1135.65929185	8.47343750	4.75849908	1.32041327
7.23333123	116.93683624	0.00855163	1884.72658296	-1767.78974672	8.47585873	4.76094217	1.31973569
7.23704797	163.50067139	0.00611618	2926.82488698	-2763.32421559	8.47828109	4.76338526	1.31905881
7.24076471	230.53437805	0.00433775	4443.25169006	-4212.71731201	8.48070458	4.76582834	1.31838263
7.24448145	318.81015015	0.00313666	6459.26587871	-6140.45572857	8.48312920	4.76827142	1.31770714
7.24819820	420.70645142	0.00237695	8877.53397866	-8456.82752724	8.48555494	4.77071449	1.31703235
7.25191494	523.55908203	0.00191000	11438.28962638	-10914.73054435	8.48798181	4.77315756	1.31635824
7.25563168	604.41455078	0.00165449	13718.86000886	-13114.44545808	8.49040981	4.77560062	1.31568483
7.25934842	643.33190918	0.00155441	15188.53570042	-14545.20379124	8.49283894	4.77804368	1.31501211
7.26306516	629.99188232	0.00158732	15402.45516655	-14772.46328423	8.49526919	4.78048674	1.31434008
7.26678190	569.64837646	0.00175547	14287.26795380	-13717.61957733	8.49770057	4.78292978	1.31366873
7.27049864	478.64727783	0.00208922	12200.22342090	-11721.57614307	8.50013308	4.78537283	1.31299807
7.27421538	375.17074585	0.00266545	9674.17028301	-9298.99953716	8.50256671	4.78781586	1.31232810
7.27793213	279.38635254	0.00357927	7175.61192718	-6896.22557464	8.50500148	4.79025890	1.31165881
7.28164887	202.36633301	0.00494153	5017.04743767	-4814.68110466	8.50743737	4.79270192	1.31099021
7.28536561	145.24784851	0.00688478	3343.11940321	-3197.87155469	8.50987439	4.79514495	1.31032229
7.28908235	105.47564697	0.00948086	2161.62681289	-2056.15116591	8.51231253	4.79758796	1.30965505
7.29279909	78.63354492	0.01271722	1392.67531138	-1314.04176645	8.51475181	4.80003098	1.30898849
7.29651583	61.73756027	0.01619760	924.37421569	-862.63665542	8.51719221	4.80247398	1.30832261
7.30023257	51.25611877	0.01950987	651.13556097	-599.87944220	8.51963374	4.80491699	1.30765741
7.30394932	44.65176010	0.02239553	493.14694444	-448.49518434	8.52207639	4.80735998	1.30699289
7.30766606	40.59398651	0.02463419	398.49520042	-357.90121391	8.52452018	4.80980298	1.30632904
7.31138280	37.97443771	0.02633350	337.26389830	-299.28946059	8.52696509	4.81224596	1.30566587
7.31509954	36.17081070	0.02764660	293.83467369	-257.66386299	8.52941113	4.81468895	1.30500337
7.31881628	34.93974304	0.02862070	260.50963980	-225.56989676	8.53185829	4.81713192	1.30434155
7.32253302	34.07415390	0.02934776	233.62110494	-199.54695104	8.53430659	4.81957489	1.30368040
7.32624976	33.43888092	0.02990531	211.20661422	-177.76773330	8.53675601	4.82201786	1.30301992
7.32996650	32.94423294	0.03035433	192.23344458	-159.28921164	8.53920656	4.82446082	1.30236011
7.33368325	32.52673340	0.03074394	175.99655134	-143.46981794	8.54165824	4.82690378	1.30170096
7.33739999	32.19244003	0.03106319	161.99743240	-129.80499236	8.54411104	4.82934673	1.30104249
7.34111673	31.94514656	0.03130366	149.84581309	-117.90066653	8.54656497	4.83178968	1.30038469
7.34483347	31.79833794	0.03144818	139.24167310	-107.44333516	8.54902003	4.83423262	1.29972755
7.34855021	31.62382507	0.03162173	129.93775965	-98.31393458	8.55147622	4.83667556	1.29907107
7.35226695	31.41046524	0.03183652	121.73972834	-90.32926310	8.55393353	4.83911849	1.29841526
7.35598369	31.18558121	0.03206610	114.48368722	-83.29810601	8.55639197	4.84156141	1.29776012
7.35970044	31.01180267	0.03224579	108.03938538	-77.02758271	8.55885154	4.84400434	1.29710563
7.36341718	30.92242241	0.03233899	102.29486010	-71.37243769	8.56131224	4.84644725	1.29645181
7.36713392	30.84233284	0.03242297	97.16049700	-66.31816416	8.56377406	4.84889016	1.29579865
7.37085066	30.76003647	0.03250971	92.55787892	-61.79784245	8.56623702	4.85133307	1.29514614
7.37456740	30.65275002	0.03262350	88.42393934	-57.77118932	8.56870109	4.85377597	1.29449430
7.37828414	30.54044151	0.03274347	84.70264272	-54.16220121	8.57116630	4.85621887	1.29384311
7.38200088	30.42589188	0.03286674	81.34872772	-50.92283584	8.57363264	4.85866176	1.29319258
7.38571762	30.33529091	0.03296491	78.32143680	-47.98614589	8.57610010	4.86110464	1.29254270
7.38943437	30.26148605	0.03304530	75.58780887	-45.32632281	8.57856869	4.86354752	1.29189347
7.39315111	30.17435837	0.03314072	73.11780885	-42.94345048	8.58103840	4.86599040	1.29124490
7.39686785	30.10762596	0.03321418	70.88713972	-40.77951376	8.58350925	4.86843327	1.29059699
7.40058459	30.05426598	0.03327315	68.87345223	-38.81918625	8.58598122	4.87087613	1.28994972
7.40430133	30.01813698	0.03331319	67.05874694	-37.04060996	8.58845432	4.87331899	1.28930310
7.40801807	29.98303032	0.03335220	65.42631928	-35.44328896	8.59092855	4.87576185	1.28865714
7.41173481	29.94755936	0.03339170	63.96282540	-34.01526604	8.59340390	4.87820470	1.28801182
7.41545156	29.90724945	0.03343671	62.65585710	-32.74860765	8.59588039	4.88064754	1.28736715
7.41916830	29.82916069	0.03352424	61.49558836	-31.66642767	8.59835800	4.88309038	1.28672312
7.42288504	29.76638222	0.03359495	60.47296568	-30.70658347	8.60083673	4.88553321	1.28607974
7.42660178	29.73974991	0.03362503	59.58095538	-29.84120547	8.60331660	4.88797604	1.28543701
7.43031852	29.71298409	0.03365532	58.81317940	-29.10019531	8.60579759	4.89041887	1.28479492
7.43403526	29.68100548	0.03369158	58.16491619	-28.48391071	8.60827971	4.89286169	1.28415347
7.43775200	29.63202095	0.03374728	57.63206120	-28.00004025	8.61076296	4.89530450	1.28351266
7.44146874	29.62857628	0.03375120	57.21187395	-27.58329767	8.61324733	4.89774731	1.28287249
7.44518549	29.62995529	0.03374963	56.90227177	-27.27231648	8.61573283	4.90019011	1.28223297
7.44890223	29.61244965	0.03376958	56.70232964	-27.08987999	8.61821946	4.90263291	1.28159408
7.45261897	29.59978294	0.03378403	56.61191741	-27.01213446	8.62070722	4.90507570	1.28095583
7.45633571	29.57254219	0.03381515	56.63188429	-27.05934210	8.62319611	4.90751849	1.28031821
7.46005245	29.58438110	0.03380162	56.76405297	-27.17967186	8.62568612	4.90996127	1.27968124
7.46376919	29.60010529	0.03378366	57.01117417	-27.41106888	8.62817726	4.91240405	1.27904489
7.46748593	29.62384415	0.03375659	57.37723330	-27.75338915	8.63066953	4.91484682	1.27840918
7.47120268	29.63200569	0.03374729	57.86710474	-28.23509904	8.63316292	4.91728959	1.27777411
7.47491942	29.62411880	0.03375628	58.48726239	-28.86314359	8.63565745	4.91973235	1.27713966
7.47863616	29.61444473	0.03376731	59.24516448	-29.63071975	8.63815310	4.92217511	1.27650585
7.48235290	29.62711334	0.03375287	60.15034494	-30.52323159	8.64064987	4.92461786	1.27587266
7.48606964	29.68116188	0.03369140	61.21352047	-31.53235859	8.64314778	4.92706061	1.27524011
7.48978638	29.76170921	0.03360022	62.44814148	-32.68643227	8.64564681	4.92950335	1.27460818
7.49350312	29.82686234	0.03352683	63.86923226	-34.04236992	8.64814697	4.93194608	1.27397688
7.49721987	29.84335709	0.03350829	65.49546169	-35.65210461	8.65064826	4.93438882	1.27334621
7.50093661	29.84384537	0.03350775	67.34770391	-37.50385854	8.65315068	4.93683154	1.27271617
7.50465335	29.86603165	0.03348285	69.45184771	-39.58581607	8.65565422	4.93927426	1.27208674
7.50837009	29.91921425	0.03342334	71.83691696	-41.91770271	8.65815889	4.94171698	1.27145794
7.51208683	29.98334122	0.03335185	74.53920807	-44.55586686	8.66066469	4.94415969	1.27082977
7.51580357	30.05490494	0.03327244	77.59950408	-47.54459914	8.66317161	4.94660239	1.27020221
7.51952031	30.14440155	0.03317366	81.06883245	-50.92443090	8.66567967	4.94904509	1.26957528
7.52323705	30.22469330	0.03308553	85.00656958	-54.78187628	8.66818885	4.95148779	1.26894897
7.52695380	30.31906700	0.03298255	89.48394282	-59.16487582	8.67069916	4.95393048	1.26832327
7.53067054	30.41846085	0.03287477	94.58960621	-64.17114537	8.67321059	4.95637316	1.26769819
7.53438728	30.54430580	0.03273933	100.42814371	-69.88383791	8.67572315	4.95881584	1.26707374
7.53810402	30.71584511	0.03255649	107.13185799	-76.41601288	8.67823685	4.96125851	1.26644989
7.54182076	30.93101120	0.03233001	114.85992603	-83.92891483	8.68075166	4.96370118	1.26582666
7.54553750	31.18033791	0.03207149	123.81693350	-92.63659560	8.68326761	4.96614384	1.26520405
7.54925424	31.46013641	0.03178626	134.25761704	-102.79748062	8.68578468	4.96858650	1.26458205
7.55297099	31.85785484	0.03138943	146.52617442	-114.66831958	8.68830288	4.97102916	1.26396066
7.55668773	32.40181351	0.03086247	160.81887450	-128.41706100	8.69082221	4.97347180	1.26333989
7.56040447	33.14602661	0.03016953	178.47221346	-145.32618684	8.69334267	4.97591445	1.26271972
7.56412121	34.22403336	0.02921923	200.58116705	-166.35713369	8.69586425	4.97835708	1.26210017
7.56783795	35.84642029	0.02789679	229.91403205	-194.06761176	8.69838696	4.98079971	1.26148122
7.57155469	38.34912872	0.02607621	272.14003258	-233.79090386	8.70091080	4.98324234	1.26086288
7.57527143	42.25290680	0.02366701	338.61783827	-296.36493147	8.70343577	4.98568496	1.26024515
7.57898817	48.51581955	0.02061183	450.42106797	-401.90524842	8.70596186	4.98812758	1.25962803
7.58270492	58.72309875	0.01702907	643.09184940	-584.36875065	8.70848908	4.99057019	1.25901151
7.58642166	74.90096283	0.01335096	969.21520249	-894.31423966	8.71101743	4.99301280	1.25839559
7.59013840	99.61295319	0.01003886	1495.31500270	-1395.70204952	8.71354691	4.99545540	1.25778028
7.59385514	135.88938904	0.00735893	2287.46515579	-2151.57576675	8.71607751	4.99789799	1.25716558
7.59757188	185.07783508	0.00540313	3385.25585162	-3200.17801654	8.71860924	5.00034058	1.25655147
7.60128862	246.89842224	0.00405025	4768.57637584	-4521.67795360	8.72114210	5.00278317	1.25593796
7.60500536	313.67019653	0.00318806	6329.62238829	-6015.95219176	8.72367609	5.00522574	1.25532506
7.60872211	371.88711548	0.00268899	7858.08024528	-7486.19312980	8.72621120	5.00766832	1.25471275
7.61243885	410.44476318	0.00243638	9055.40613788	-8644.96137470	8.72874744	5.01011089	1.25410105
7.61615559	419.85043335	0.00238180	9602.20218791	-9182.35175456	8.73128481	5.01255345	1.25348994
7.61987233	397.74789429	0.00251416	9319.88018505	-8922.13229076	8.73382331	5.01499601	1.25287942
7.62358907	348.76406860	0.00286727	8303.69332223	-7954.92925362	8.73636293	5.01743856	1.25226951
7.62730581	285.78710938	0.00349911	6847.34515497	-6561.55804559	8.73890368	5.01988111	1.25166018
7.63102255	223.01870728	0.00448393	5268.84802445	-5045.82931717	8.74144556	5.02232365	1.25105145
7.63473929	167.40098572	0.00597368	3809.94529540	-3642.54430968	8.74398857	5.02476619	1.25044332
7.63845604	123.71073914	0.00808337	2612.23562809	-2488.52488895	8.74653270	5.02720872	1.24983577
7.64217278	91.99349213	0.01087033	1721.64021303	-1629.64672090	8.74907797	5.02965125	1.24922882
7.64588952	70.18706512	0.01424764	1114.66423167	-1044.47716655	8.75162435	5.03209377	1.24862246
7.64960626	55.92928696	0.01787972	730.29291930	-674.36363235	8.75417187	5.03453629	1.24801669
7.65332300	46.68495178	0.02142018	500.18932377	-453.50437198	8.75672052	5.03697880	1.24741151
7.65703974	41.05841446	0.02435554	366.28486174	-325.22644728	8.75927029	5.03942130	1.24680691
7.66075648	37.57670593	0.02661223	287.59690383	-250.02019790	8.76182119	5.04186380	1.24620290
7.66447323	35.32088089	0.02831186	238.75823244	-203.43735155	8.76437321	5.04430630	1.24559948
7.66818997	33.88691330	0.02950992	205.74706937	-171.86015607	8.76692637	5.04674879	1.24499665
7.67190671	32.92427063	0.03037273	181.38303530	-148.45876467	8.76948065	5.04919127	1.24439439
7.67562345	32.25723267	0.03100080	162.17589294	-129.91866028	8.77203606	5.05163375	1.24379273
7.67934019	31.73241043	0.03151352	146.39547923	-114.66306879	8.77459260	5.05407622	1.24319164
7.68305693	31.34089661	0.03190719	133.12968778	-101.78879117	8.77715026	5.05651869	1.24259114
7.68677367	31.05092049	0.03220516	121.81965234	-90.76873185	8.77970905	5.05896115	1.24199121
7.69049041	30.80873489	0.03245833	112.09028741	-81.28155251	8.78226897	5.06140361	1.24139187
7.69420716	30.58089256	0.03270016	103.65683083	-73.07593827	8.78483002	5.06384606	1.24079311
7.69792390	30.39602852	0.03289903	96.30324387	-65.90721535	8.78739219	5.06628851	1.24019493
7.70164064	30.26746750	0.03303877	89.85300395	-59.58553645	8.78995550	5.06873095	1.23959732
7.70535738	30.15308571	0.03316410	84.16793094	-54.01484523	8.79251993	5.07117339	1.23900029
7.70907412	30.05259514	0.03327500	79.13192759	-49.07933245	8.79508548	5.07361582	1.23840384
7.71279086	29.95643997	0.03338180	74.65298610	-44.69654613	8.79765217	5.07605825	1.23780796
7.71650760	29.86566544	0.03348327	70.65222062	-40.78655519	8.80021998	5.07850067	1.23721266
7.72022435	29.76466179	0.03359689	67.06662140	-37.30195961	8.80278892	5.08094308	1.23661793
7.72394109	29.67807388	0.03369491	63.84119106	-34.16311717	8.80535899	5.08338549	1.23602377
7.72765783	29.59790611	0.03378617	60.93169517	-31.33378906	8.80793018	5.08582789	1.23543019
7.73137457	29.52536201	0.03386919	58.29888353	-28.77352151	8.81050251	5.08827029	1.23483717
7.73509131	29.44534111	0.03396123	55.91067314	-26.46533202	8.81307596	5.09071269	1.23424473
7.73880805	29.37373161	0.03404402	53.73962381	-24.36589219	8.81565053	5.09315507	1.23365286
7.74252479	29.33759117	0.03408596	51.76118307	-22.42359190	8.81822624	5.09559746	1.23306155
7.74624153	29.29518700	0.03413530	49.95549024	-20.66030324	8.82080307	5.09803984	1.23247081
7.74995828	29.24016571	0.03419953	48.30423074	-19.06406503	8.82338103	5.10048221	1.23188064
7.75367502	29.17489815	0.03427604	46.79260369	-17.61770555	8.82596012	5.10292457	1.23129104
7.75739176	29.10487175	0.03435851	45.40677165	-16.30189990	8.82854033	5.10536694	1.23070200
7.76110850	29.08002090	0.03438787	44.13557711	-15.05555621	8.83112168	5.10780929	1.23011353
7.76482524	29.07044220	0.03439920	42.96845911	-13.89801691	8.83370415	5.11025164	1.22952562
7.76854198	29.02935791	0.03444789	41.89695395	-12.86759604	8.83628774	5.11269399	1.22893827
7.77225872	28.95533371	0.03453595	40.91296839	-11.95763468	8.83887247	5.11513633	1.22835149
7.77597547	28.89373398	0.03460958	40.01005221	-11.11631824	8.84145832	5.11757866	1.22776526
7.77969221	28.88272858	0.03462277	39.18200314	-10.29927457	8.84404530	5.12002099	1.22717960
7.78340895	28.89366913	0.03460966	38.42393955	-9.53027042	8.84663341	5.12246331	1.22659450
7.78712569	28.87049484	0.03463744	37.73114291	-8.86064807	8.84922265	5.12490563	1.22600995
7.79084243	28.80799866	0.03471258	37.09997243	-8.29197377	8.85181301	5.12734795	1.22542597
7.79455917	28.72938919	0.03480756	36.52692368	-7.79753449	8.85440450	5.12979025	1.22484254
7.79827591	28.69401932	0.03485047	36.00939041	-7.31537109	8.85699712	5.13223256	1.22425966
7.80199266	28.69406319	0.03485041	35.54489094	-6.85082776	8.85959086	5.13467485	1.22367735
7.80570940	28.68691254	0.03485910	35.13175568	-6.44484314	8.86218574	5.13711714	1.22309559
7.80942614	28.69822121	0.03484537	34.76832350	-6.07010230	8.86478174	5.13955943	1.22251438
7.81314288	28.70314789	0.03483938	34.45386154	-5.75071365	8.86737887	5.14200171	1.22193373
7.81685962	28.71933937	0.03481974	34.18754853	-5.46820916	8.86997712	5.14444399	1.22135362
7.82057636	28.69485855	0.03484945	33.96950026	-5.27464171	8.87257650	5.14688625	1.22077408
7.82429310	28.67478561	0.03487384	33.79979763	-5.12501201	8.87517701	5.14932852	1.22019508
7.82800984	28.65613556	0.03489654	33.67947388	-5.02333832	8.87777865	5.15177078	1.21961663
7.83172659	28.66495132	0.03488581	33.60961658	-4.94466526	8.88038142	5.15421303	1.21903873
7.83544333	28.65657616	0.03489600	33.59235046	-4.93577431	8.88298531	5.15665528	1.21846138
7.83916007	28.64690399	0.03490779	33.62996189	-4.98305790	8.88559033	5.15909752	1.21788458
7.84287681	28.63116646	0.03492697	33.72595765	-5.09479119	8.88819648	5.16153976	1.21730832
7.84659355	28.62150764	0.03493876	33.88418664	-5.26267900	8.89080376	5.16398199	1.21673261
7.85031029	28.63046837	0.03492783	34.10998875	-5.47952038	8.89341216	5.16642422	1.21615745
7.85402703	28.63376236	0.03492381	34.40933915	-5.77557679	8.89602169	5.16886644	1.21558283
7.85774378	28.62926292	0.03492930	34.91419696	-6.28493404	8.89863235	5.17130865	1.21500876
7.86146052	28.62903976	0.03492957	35.38601867	-6.75697891	8.90124414	5.17375086	1.21443523
7.86517726	28.62817955	0.03493062	35.96006862	-7.33188907	8.90385705	5.17619307	1.21386224
7.86889400	28.65608978	0.03489660	36.64991085	-7.99382107	8.90647109	5.17863527	1.21328979
7.87261074	28.66300964	0.03488817	37.47305310	-8.81004346	8.90908626	5.18107746	1.21271789
7.87632748	28.69998360	0.03484323	38.45016446	-9.75018086	8.91170256	5.18351965	1.21214652
7.88004422	28.71319771	0.03482719	39.60790589	-10.89470818	8.91431998	5.18596183	1.21157569
7.88376096	28.73913574	0.03479576	40.97854969	-12.23941394	8.91693853	5.18840401	1.21100541
7.88747771	28.75271988	0.03477932	42.60445503	-13.85173516	8.91955821	5.19084618	1.21043566
7.89119445	28.81135559	0.03470854	44.53977500	-15.72841941	8.92217902	5.19328835	1.20986644
7.89491119	28.91569901	0.03458329	46.86172677	-17.94602776	8.92480095	5.19573051	1.20929777
7.89862793	29.09746933	0.03436725	49.68753929	-20.59006996	8.92742401	5.19817266	1.20872963
7.90234467	29.29022598	0.03414108	53.22586095	-23.93563497	8.93004820	5.20061481	1.20816202
7.90606141	29.51059723	0.03388613	57.88093012	-28.37033290	8.93267352	5.20305696	1.20759495
7.90977815	29.85532570	0.03349486	64.48258257	-34.62725687	8.93529996	5.20549910	1.20702841
7.91349490	30.40128708	0.03289334	74.68848889	-44.28720181	8.93792753	5.20794123	1.20646241
7.91721164	31.36938095	0.03187822	91.62759428	-60.25821333	8.94055623	5.21038336	1.20589693
7.92092838	32.97676086	0.03032439	120.65309612	-87.67633526	8.94318606	5.21282548	1.20533199
7.92464512	35.45009613	0.02820867	169.93843078	-134.48833465	8.94581701	5.21526760	1.20476758
7.92836186	39.27863312	0.02545913	250.16333157	-210.88469845	8.94844909	5.21770971	1.20420369
7.93207860	44.97557449	0.02223429	372.71585967	-327.74028518	8.95108230	5.22015182	1.20364034
7.93579534	52.74545288	0.01895898	545.70517380	-492.95972092	8.95371664	5.22259392	1.20307751
7.93951208	62.79296494	0.01592535	768.81229359	-706.01932865	8.95635210	5.22503601	1.20251522
7.94322883	74.02243805	0.01350942	1027.94985868	-953.92742063	8.95898870	5.22747810	1.20195344
7.94694557	84.47477722	0.01183785	1292.54734393	-1208.07256671	8.96162642	5.22992019	1.20139220
7.95066231	92.34399414	0.01082907	1515.83870473	-1423.49471059	8.96426526	5.23236227	1.20083148
7.95437905	95.30393219	0.01049275	1643.22287941	-1547.91894722	8.96690524	5.23480434	1.20027128
7.95809579	93.01842499	0.01075056	1634.98982136	-1541.97139637	8.96954634	5.23724641	1.19971161
7.96181253	85.86998749	0.01164551	1493.91606987	-1408.04608238	8.97218857	5.23968847	1.19915246
7.96552927	75.78305054	0.01319556	1263.05079216	-1187.26774162	8.97483192	5.24213052	1.19859383
7.96924602	65.08776855	0.01536387	996.91898511	-931.83121656	8.97747641	5.24457258	1.19803572
7.97296276	55.00482559	0.01818022	740.64504415	-685.64021855	8.98012202	5.24701462	1.19747814
7.97667950	46.93173218	0.02130755	522.83274972	-475.90101754	8.98276876	5.24945666	1.19692107
7.98039624	40.96194458	0.02441290	355.79062367	-314.82867909	8.98541663	5.25189870	1.19636453
7.98411298	36.66611099	0.02727314	238.57531024	-201.90919924	8.98806562	5.25434073	1.19580850
7.98782972	33.75586700	0.02962448	162.45164441	-128.69577740	8.99071574	5.25678275	1.19525299
7.99154646	31.87871933	0.03136889	115.94949208	-84.07077275	8.99336699	5.25922477	1.19469800
7.99526320	30.76301765	0.03250656	88.62080678	-57.85778913	8.99601937	5.26166678	1.19414352
7.99897995	30.08199120	0.03324248	72.62468966	-42.54269847	8.99867288	5.26410879	1.19358956
8.00269669	29.63458633	0.03374435	62.90205253	-33.26746619	9.00132751	5.26655079	1.19303612
8.00641343	29.35293007	0.03406815	56.53127031	-27.17834025	9.00398327	5.26899278	1.19248319
8.01013017	29.13363266	0.03432459	51.97761917	-22.84398651	9.00664016	5.27143477	1.19193077
8.01384691	28.99293709	0.03449116	48.47874454	-19.48580745	9.00929817	5.27387676	1.19137887
8.01756365	28.90162277	0.03460013	45.65922875	-16.75760598	9.01195731	5.27631874	1.19082747
8.02128039	28.88867950	0.03461564	43.32670487	-14.43802537	9.01461758	5.27876071	1.19027659
8.02499714	28.86442375	0.03464472	41.36863817	-12.50421442	9.01727898	5.28120268	1.18972622
8.02871388	28.83247566	0.03468311	39.71242491	-10.87994925	9.01994151	5.28364464	1.18917636
8.03243062	28.78913307	0.03473533	38.30435873	-9.51522566	9.02260516	5.28608660	1.18862701
8.03614736	28.77452278	0.03475297	37.10435114	-8.32982836	9.02526994	5.28852855	1.18807817
8.03986410	28.75943184	0.03477120	36.07989003	-7.32045819	9.02793585	5.29097050	1.18752983
8.04358084	28.73183250	0.03480460	35.20580162	-6.47396912	9.03060288	5.29341244	1.18698201
8.04729758	28.70341492	0.03483906	34.46101921	-5.75760429	9.03327104	5.29585437	1.18643468
8.05101433	28.67979240	0.03486776	33.82911699	-5.14932458	9.03594033	5.29829630	1.18588787
8.05473107	28.68110657	0.03486616	33.29606950	-4.61496293	9.03861075	5.30073822	1.18534156
8.05844781	28.69717979	0.03484663	32.85094041	-4.15376062	9.04128230	5.30318014	1.18479575
8.06216455	28.70294952	0.03483963	32.48425955	-3.78131002	9.04395497	5.30562205	1.18425045
8.06588129	28.69804955	0.03484557	32.18871328	-3.49066374	9.04662877	5.30806396	1.18370565
8.06959803	28.70484161	0.03483733	31.95786360	-3.25302199	9.04930370	5.31050586	1.18316135
8.07331477	28.69279671	0.03485195	31.63093696	-2.93814025	9.05197975	5.31294776	1.18261756
8.07703151	28.66987419	0.03487982	31.51600038	-2.84612619	9.05465694	5.31538965	1.18207426
8.08074826	28.64181328	0.03491399	31.45344172	-2.81162844	9.05733525	5.31783153	1.18153147
8.08446500	28.65121269	0.03490254	31.44063813	-2.78942543	9.06001468	5.32027341	1.18098918
8.08818174	28.66536331	0.03488531	31.47580973	-2.81044642	9.06269525	5.32271528	1.18044738
8.09189848	28.67119598	0.03487821	31.55745337	-2.88625739	9.06537694	5.32515715	1.17990608
8.09561522	28.69163895	0.03485336	31.68473700	-2.99309805	9.06805976	5.32759901	1.17936528
8.09933196	28.71414757	0.03482604	31.85732914	-3.14318157	9.07074371	5.33004087	1.17882498
8.10304870	28.75405502	0.03477770	32.07524054	-3.32118552	9.07342879	5.33248272	1.17828517
8.10676545	28.76558113	0.03476377	32.33907885	-3.57349772	9.07611499	5.33492457	1.17774586
8.11048219	28.77587318	0.03475133	32.64967959	-3.87380641	9.07880232	5.33736641	1.17720704
8.11419893	28.76663971	0.03476249	33.05745607	-4.29081636	9.08149078	5.33980824	1.17666872
8.11791567	28.77011108	0.03475829	33.46651546	-4.69640437	9.08418036	5.34225007	1.17613089
8.12163241	28.76692772	0.03476214	33.92803146	-5.16110374	9.08687108	5.34469189	1.17559355
8.12534915	28.75686073	0.03477431	34.44465459	-5.68779386	9.08956292	5.34713371	1.17505670
8.12906589	28.78663445	0.03473834	35.01995743	-6.23332299	9.09225589	5.34957552	1.17452035
8.13278263	28.83878517	0.03467552	35.65772911	-6.81894394	9.09494998	5.35201733	1.17398449
8.13649938	28.87292480	0.03463452	36.36284673	-7.48992193	9.09764521	5.35445913	1.17344911
8.14021612	28.88822937	0.03461617	37.14048400	-8.25225463	9.10034156	5.35690092	1.17291423
8.14393286	28.90472794	0.03459642	37.99720109	-9.09247316	9.10303904	5.35934271	1.17237983
8.14764960	28.96269608	0.03452717	38.93998247	-9.97728639	9.10573764	5.36178449	1.17184592
8.15136634	29.00238991	0.03447992	39.97755666	-10.97516676	9.10843738	5.36422627	1.17131250
8.15508308	29.03119659	0.03444570	41.11930547	-12.08810888	9.11113824	5.36666804	1.17077957
8.15879982	29.04888725	0.03442473	42.37690325	-13.32801600	9.11384023	5.36910981	1.17024712
8.16251657	29.07655525	0.03439197	43.76303487	-14.68647962	9.11654334	5.37155157	1.16971516
8.16623331	29.12604332	0.03433353	45.29341353	-16.16737021	9.11924758	5.37399333	1.16918368
8.16995005	29.16560555	0.03428696	46.98534333	-17.81973779	9.12195296	5.37643508	1.16865269
8.17366679	29.20383263	0.03424208	48.86027939	-19.65644676	9.12465945	5.37887682	1.16812218
8.17738353	29.22502899	0.03421725	50.94219018	-21.71716118	9.12736708	5.38131856	1.16759215
8.18110027	29.27410316	0.03415989	53.26081544	-23.98671227	9.13007583	5.38376029	1.16706260
8.18481701	29.32631874	0.03409906	55.84994115	-26.52362240	9.13278572	5.38620202	1.16653354
8.18853375	29.41573524	0.03399541	58.75167818	-29.33594293	9.13549673	5.38864374	1.16600496
8.19225050	29.50119400	0.03389693	62.01464829	-32.51345429	9.13820886	5.39108545	1.16547685
8.19596724	29.57737732	0.03380962	65.69989094	-36.12251362	9.14092213	5.39352716	1.16494923
8.19968398	29.67447662	0.03369899	69.87917324	-40.20469662	9.14363652	5.39596887	1.16442208
8.20340072	29.79538918	0.03356224	74.64349842	-44.84810924	9.14635204	5.39841057	1.16389542
8.20711746	29.94753075	0.03339173	80.10220781	-50.15467706	9.14906868	5.40085226	1.16336922
8.21083420	30.10827637	0.03321346	86.39638595	-56.28810958	9.15178646	5.40329395	1.16284351
8.21455094	30.30241203	0.03300067	93.70281989	-63.40040785	9.15450536	5.40573563	1.16231827
8.21826769	30.54405022	0.03273960	102.26425600	-71.72020579	9.15722539	5.40817730	1.16179351
8.22198443	30.89721870	0.03236537	112.42801110	-81.53079239	9.15994654	5.41061897	1.16126923
8.22570117	31.42173576	0.03182510	124.77254989	-93.35081413	9.16266883	5.41306064	1.16074541
8.22941791	32.13908005	0.03111477	140.36046070	-108.22138065	9.16539224	5.41550230	1.16022207
8.23313465	33.25497055	0.03007069	161.33209630	-128.07712575	9.16811678	5.41794395	1.15969921
8.23685139	35.01096344	0.02856248	191.99881726	-156.98785382	9.17084245	5.42038560	1.15917681
8.24056813	37.70862961	0.02651913	240.74605532	-203.03742571	9.17356924	5.42282724	1.15865489
8.24428487	42.08120346	0.02376358	322.57438471	-280.49318125	9.17629716	5.42526887	1.15813344
8.24800162	49.17229843	0.02033665	461.77586103	-412.60356260	9.17902621	5.42771051	1.15761246
8.25171836	59.97819138	0.01667273	692.68680223	-632.70861086	9.18175639	5.43015213	1.15709195
8.25543510	76.46383667	0.01307808	1056.44105364	-979.97721697	9.18448769	5.43259375	1.15657191
8.25915184	100.28271484	0.00997181	1590.51638135	-1490.23366651	9.18722012	5.43503536	1.15605233
8.26286858	131.78677368	0.00758801	2312.46864935	-2180.68187567	9.18995368	5.43747697	1.15553323
8.26658532	169.98683167	0.00588281	3199.72574222	-3029.73891055	9.19268837	5.43991857	1.15501459
8.27030206	209.30827332	0.00477764	4175.02556527	-3965.71729196	9.19542419	5.44236017	1.15449642
8.27401881	243.12158203	0.00411317	5099.60573722	-4856.48415519	9.19816113	5.44480176	1.15397871
8.27773555	263.99206543	0.00378799	5785.33522746	-5521.34316203	9.20089920	5.44724334	1.15346147
8.28145229	266.79644775	0.00374818	6043.98094485	-5777.18449709	9.20363839	5.44968492	1.15294469
8.28516903	251.98370361	0.00396851	5790.74572501	-5538.76202139	9.20637872	5.45212649	1.15242838
8.28888577	222.24671936	0.00449950	5108.82070183	-4886.57398247	9.20912017	5.45456806	1.15191253
8.29260251	184.92462158	0.00540761	4185.96093254	-4001.03631096	9.21186275	5.45700962	1.15139715
8.29631925	147.40481567	0.00678404	3210.64902254	-3063.24420686	9.21460646	5.45945118	1.15088222
8.30003600	114.09008026	0.00876500	2322.25996539	-2208.16988513	9.21735129	5.46189273	1.15036776
8.30375274	87.92002106	0.01137397	1598.67794312	-1510.75792207	9.22009726	5.46433427	1.14985376
8.30746948	68.70208740	0.01455560	1062.98136321	-994.27927581	9.22284435	5.46677581	1.14934022
8.31118622	55.28450775	0.01808825	697.92574960	-642.64124185	9.22559256	5.46921734	1.14882714
8.31490296	46.16656876	0.02166070	466.14850268	-419.98193393	9.22834191	5.47165887	1.14831452
8.31861970	40.31603241	0.02480403	326.48701808	-286.17098567	9.23109238	5.47410039	1.14780235
8.32233644	36.72982407	0.02722583	244.50936535	-207.77954128	9.23384398	5.47654191	1.14729065
8.32605318	34.50929260	0.02897770	195.81876027	-161.30946767	9.23659671	5.47898342	1.14677940
8.32976993	33.08772278	0.03022269	165.33178252	-132.24405974	9.23935056	5.48142492	1.14626861
8.33348667	32.16036606	0.03109417	144.60929549	-112.44892944	9.24210555	5.48386642	1.14575827
8.33720341	31.55850029	0.03168718	129.30953583	-97.75103554	9.24486166	5.48630791	1.14524839
8.34092015	31.15810013	0.03209438	117.27730630	-86.11920618	9.24761889	5.48874940	1.14473897
8.34463689	30.86819839	0.03239580	107.44333748	-76.57513909	9.25037726	5.49119088	1.14422999
8.34835363	30.62841225	0.03264942	99.22680560	-68.59839335	9.25313675	5.49363235	1.14372148
8.35207037	30.46746826	0.03282189	92.27958929	-61.81212103	9.25589737	5.49607382	1.14321341
8.35578712	30.33184624	0.03296865	86.35921973	-56.02737349	9.25865912	5.49851529	1.14270580
8.35950386	30.24507904	0.03306323	81.28931480	-51.04423576	9.26142199	5.50095674	1.14219864
8.36322060	30.17766190	0.03313709	76.99414753	-46.81648563	9.26418600	5.50339820	1.14169193
8.36693734	30.14061737	0.03317782	73.23651566	-43.09589829	9.26695113	5.50583964	1.14118567
8.37065408	30.08259583	0.03324181	69.99085269	-39.90825686	9.26971739	5.50828108	1.14067986
8.37437082	29.99652290	0.03333720	67.18645658	-37.18993368	9.27248477	5.51072252	1.14017450
8.37808756	29.94425392	0.03339539	64.76380796	-34.81955404	9.27525328	5.51316395	1.13966959
8.38180430	29.91737556	0.03342539	62.67563744	-32.75826188	9.27802292	5.51560537	1.13916513
8.38552105	29.90813828	0.03343572	60.88165751	-30.97351924	9.28079369	5.51804679	1.13866112
8.38923779	29.86637115	0.03348247	59.34975133	-29.48338017	9.28356559	5.52048820	1.13815755
8.39295453	29.83689308	0.03351555	58.05235071	-28.21545763	9.28633861	5.52292960	1.13765443
8.39667127	29.81285858	0.03354257	56.96751050	-27.15465192	9.28911276	5.52537100	1.13715175
8.40038801	29.80574799	0.03355058	56.07639720	-26.27064922	9.29188804	5.52781240	1.13664952
8.40410475	29.79394531	0.03356387	55.36415283	-25.57020752	9.29466445	5.53025379	1.13614773
8.40782149	29.75054741	0.03361283	54.81820542	-25.06765801	9.29744198	5.53269517	1.13564639
8.41153824	29.70726585	0.03366180	54.42886256	-24.72159671	9.30022064	5.53513654	1.13514549
8.41525498	29.70246124	0.03366724	54.18826199	-24.48580075	9.30300043	5.53757792	1.13464504
8.41897172	29.73244858	0.03363329	54.09068181	-24.35823323	9.30578134	5.54001928	1.13414503
8.42268846	29.74198914	0.03362250	54.13203190	-24.39004277	9.30856339	5.54246064	1.13364545
8.42640520	29.74659920	0.03361729	54.30986294	-24.56326374	9.31134656	5.54490199	1.13314632
8.43012194	29.74420166	0.03362000	54.62332485	-24.87912319	9.31413086	5.54734334	1.13264763
8.43383868	29.75739670	0.03360509	55.07289615	-25.31549946	9.31691628	5.54978468	1.13214938
8.43755542	29.78690147	0.03357180	55.66077047	-25.87386900	9.31970284	5.55222602	1.13165157
8.44127217	29.83765793	0.03351469	56.39028609	-26.55262816	9.32249052	5.55466735	1.13115420
8.44498891	29.86034966	0.03348923	57.26674658	-27.40639693	9.32527933	5.55710867	1.13065727
8.44870565	29.90177155	0.03344283	58.29655439	-28.39478285	9.32806926	5.55954999	1.13016077
8.45242239	29.93629837	0.03340426	59.48849232	-29.55219395	9.33086033	5.56199130	1.12966471
8.45613913	29.98647881	0.03334836	60.85250631	-30.86602750	9.33365252	5.56443261	1.12916909
8.45985587	30.03242493	0.03329734	62.40151219	-32.36908727	9.33644584	5.56687391	1.12867390
8.46357261	30.09611511	0.03322688	64.14987422	-34.05375911	9.33924028	5.56931520	1.12817915
8.46728936	30.16325569	0.03315292	66.11573876	-35.95248306	9.34203586	5.57175649	1.12768484
8.47100610	30.19596100	0.03311701	68.31918948	-38.12322848	9.34483256	5.57419778	1.12719095
8.47472284	30.23339844	0.03307600	70.78530234	-40.55190390	9.34763039	5.57663905	1.12669751
8.47843958	30.27782249	0.03302747	73.54188783	-43.26406534	9.35042934	5.57908032	1.12620449
8.48215632	30.32507515	0.03297601	76.62353807	-46.29846292	9.35322943	5.58152159	1.12571191
8.48587306	30.39037323	0.03290516	80.06890523	-49.67853200	9.35603064	5.58396285	1.12521975
8.48958980	30.47843552	0.03281008	83.92598301	-53.44754749	9.35883298	5.58640410	1.12472803
8.49330654	30.57479477	0.03270668	88.24983863	-57.67504386	9.36163644	5.58884535	1.12423675
8.49702329	30.69620514	0.03257732	93.10560822	-62.40940309	9.36444104	5.59128659	1.12374589
8.50074003	30.85214996	0.03241265	98.57405286	-67.72190290	9.36724676	5.59372783	1.12325546
8.50445677	31.00662804	0.03225117	104.74829134	-73.74166331	9.37005361	5.59616906	1.12276546
8.50817351	31.15196609	0.03210070	111.74513896	-80.59317286	9.37286158	5.59861028	1.12227588
8.51189025	31.30323601	0.03194558	119.70193516	-88.39869915	9.37567069	5.60105150	1.12178674
8.51560699	31.52487183	0.03172099	128.79244365	-97.26757183	9.37848092	5.60349271	1.12129802
8.51932373	31.76896477	0.03147726	139.22514478	-107.45618001	9.38129228	5.60593392	1.12080973
8.52304048	32.07199478	0.03117985	151.26804039	-119.19604560	9.38410477	5.60837512	1.12032187
8.52675722	32.43041611	0.03083525	165.25505884	-132.82464273	9.38691838	5.61081632	1.11983443
8.53047396	32.93757248	0.03036046	181.63950331	-148.70193083	9.38973312	5.61325750	1.11934742
8.53419070	33.61388016	0.02974962	201.05686624	-167.44298608	9.39254899	5.61569869	1.11886083
8.53790744	34.55840302	0.02893652	224.53712537	-189.97872236	9.39536599	5.61813986	1.11837467
8.54162418	35.89319611	0.02786043	253.92209655	-218.02890044	9.39818411	5.62058104	1.11788893
8.54534092	37.90732956	0.02638012	292.86499557	-254.95766601	9.40100336	5.62302220	1.11740361
8.54905767	41.01306534	0.02438247	348.69691343	-307.68384809	9.40382374	5.62546336	1.11691871
8.55277441	45.93663025	0.02176912	435.77137857	-389.83474832	9.40664525	5.62790451	1.11643424
8.55649115	53.85235596	0.01856929	580.12082526	-526.26846931	9.40946788	5.63034566	1.11595019
8.56020789	66.56277466	0.01502341	824.77411640	-758.21134174	9.41229165	5.63278680	1.11546656
8.56392463	86.48184204	0.01156312	1232.30166456	-1145.81982252	9.41511654	5.63522794	1.11498335
8.56764137	116.81478882	0.00856056	1880.83189100	-1764.01710218	9.41794255	5.63766907	1.11450056
8.57135811	160.83721924	0.00621747	2847.16015735	-2686.32293811	9.42076970	5.64011019	1.11401818
8.57507485	220.13652039	0.00454264	4178.08405529	-3957.94753491	9.42359797	5.64255131	1.11353623
8.57879160	294.63861084	0.00339399	5851.90531118	-5557.26670034	9.42642737	5.64499242	1.11305469
8.58250834	375.19699097	0.00266527	7747.32077465	-7372.12378368	9.42925790	5.64743353	1.11257357
8.58622508	447.59872437	0.00223414	9624.59407005	-9176.99534568	9.43208955	5.64987463	1.11209287
8.58994182	498.73831177	0.00200506	11137.67580931	-10638.93749754	9.43492233	5.65231572	1.11161259
8.59365856	516.33050537	0.00193674	11902.62849026	-11386.29798489	9.43775624	5.65475681	1.11113272
8.59737530	496.84777832	0.00201269	11678.27510747	-11181.42732915	9.44059128	5.65719789	1.11065326
8.60109204	444.47225952	0.00224986	10539.29125959	-10094.81900007	9.44342745	5.65963897	1.11017423
8.60480879	372.06054688	0.00268773	8817.12050485	-8445.05995797	9.44626474	5.66208004	1.10969560
8.60852553	295.14520264	0.00338816	6894.89826754	-6599.75306491	9.44910316	5.66452110	1.10921739
8.61224227	224.01486206	0.00446399	5074.68748417	-4850.67262211	9.45194271	5.66696216	1.10873959
8.61595901	166.31808472	0.00601258	3543.82253634	-3377.50445162	9.45478338	5.66940321	1.10826220
8.61967575	122.86904907	0.00813875	2375.98633992	-2253.11729085	9.45762518	5.67184426	1.10778523
8.62339249	91.78929901	0.01089452	1558.28317507	-1466.49387606	9.46046811	5.67428530	1.10730867
8.62710923	70.57913208	0.01416849	1026.11130539	-955.53217331	9.46331217	5.67672634	1.10683252
8.63082597	56.41705704	0.01772514	699.30833349	-642.89127645	9.46615736	5.67916736	1.10635678
8.63454272	47.63057709	0.02099492	505.33295683	-457.70237974	9.46900367	5.68160839	1.10588145
8.63825946	42.14964294	0.02372499	390.29959211	-348.14994917	9.47185111	5.68404940	1.10540653
8.64197620	38.66552734	0.02586283	319.23632119	-280.57079385	9.47469968	5.68649041	1.10493201
8.64569294	36.46450043	0.02742393	271.94116481	-235.47666439	9.47754937	5.68893142	1.10445791
8.64940968	35.01377106	0.02856019	237.65624173	-202.64247067	9.48040019	5.69137242	1.10398421
8.65312642	33.96973801	0.02943797	210.99860442	-177.02886641	9.48325215	5.69381341	1.10351093
8.65684316	33.23862076	0.03008548	189.27620726	-156.03758651	9.48610522	5.69625440	1.10303804
8.66055991	32.69372940	0.03058691	171.09135354	-138.39762414	9.48895943	5.69869538	1.10256557
8.66427665	32.28078079	0.03097819	155.61805217	-123.33727138	9.49181476	5.70113635	1.10209350
8.66799339	31.92204666	0.03132631	142.31976401	-110.39771735	9.49467122	5.70357732	1.10162183
8.67171013	31.65314102	0.03159244	130.79827831	-99.14513728	9.49752881	5.70601828	1.10115057
8.67542687	31.45287514	0.03179360	120.75457328	-89.30169815	9.50038753	5.70845924	1.10067972
8.67914361	31.28447723	0.03196473	111.94546460	-80.66098737	9.50324737	5.71090019	1.10020927
8.68286035	31.11091042	0.03214306	104.18081008	-73.06989966	9.50610834	5.71334114	1.09973922
8.68657709	30.95459557	0.03230538	97.30102685	-66.34643128	9.50897044	5.71578207	1.09926957
8.69029384	30.80734444	0.03245979	91.17963237	-60.37228794	9.51183366	5.71822301	1.09880033
8.69401058	30.69339943	0.03258029	85.70825753	-55.01485810	9.51469802	5.72066393	1.09833148
8.69772732	30.60752106	0.03267171	80.80026364	-50.19274259	9.51756350	5.72310485	1.09786304
8.70144406	30.53677559	0.03274740	76.38005697	-45.84328138	9.52043010	5.72554577	1.09739500
8.70516080	30.43682861	0.03285493	72.38617358	-41.94934496	9.52329784	5.72798668	1.09692736
8.70887754	30.35007477	0.03294885	68.76645231	-38.41637754	9.52616670	5.73042758	1.09646012
8.71259428	30.27359772	0.03303208	65.47489707	-35.20129935	9.52903669	5.73286848	1.09599328
8.71631103	30.18994713	0.03312361	62.47425980	-32.28431267	9.53190781	5.73530937	1.09552683
8.72002777	30.09663391	0.03322631	59.73064120	-29.63400729	9.53478006	5.73775025	1.09506079
8.72374451	30.01470375	0.03331700	57.21655728	-27.20185353	9.53765343	5.74019113	1.09459514
8.72746125	29.93787956	0.03340250	54.90661312	-24.96873356	9.54052793	5.74263200	1.09412989
8.73117799	29.86569023	0.03348324	52.78019751	-22.91450728	9.54340356	5.74507287	1.09366503
8.73489473	29.80270958	0.03355400	50.81795218	-21.01524260	9.54628032	5.74751373	1.09320057
8.73861147	29.74529266	0.03361876	49.00420760	-19.25891494	9.54915820	5.74995458	1.09273651
8.74232821	29.69835663	0.03367190	47.32400621	-17.62564958	9.55203721	5.75239543	1.09227284
8.74604496	29.63712311	0.03374147	45.76526061	-16.12813751	9.55491735	5.75483627	1.09180957
8.74976170	29.57600212	0.03381120	44.31627092	-14.74026880	9.55779862	5.75727711	1.09134669
8.75347844	29.50342178	0.03389437	42.96760703	-13.46418525	9.56068101	5.75971794	1.09088420
8.75719518	29.43717194	0.03397065	41.71000928	-12.27283734	9.56356453	5.76215876	1.09042211
8.76091192	29.38759995	0.03402796	40.53603358	-11.14843363	9.56644918	5.76459958	1.08996041
8.76462866	29.36548805	0.03405358	39.43826652	-10.07277846	9.56933496	5.76704039	1.08949910
8.76834540	29.33303833	0.03409125	38.41078859	-9.07775026	9.57222186	5.76948120	1.08903818
8.77206215	29.31312180	0.03411441	37.44760898	-8.13448718	9.57510989	5.77192200	1.08857765
8.77577889	29.27749062	0.03415593	36.54396892	-7.26647830	9.57799905	5.77436279	1.08811752
8.77949563	29.25149727	0.03418628	35.69497667	-6.44347940	9.58088934	5.77680358	1.08765777
8.78321237	29.23527908	0.03420525	34.89678956	-5.66151048	9.58378075	5.77924436	1.08719841
8.78692911	29.25850677	0.03417809	34.14538112	-4.88687435	9.58667329	5.78168514	1.08673945
8.79064585	29.26585388	0.03416951	33.43760796	-4.17175408	9.58956696	5.78412591	1.08628087
8.79436259	29.23845291	0.03420154	32.77014720	-3.53169429	9.59246176	5.78656667	1.08582268
8.79807933	29.18132591	0.03426849	32.14041490	-2.95908899	9.59535768	5.78900743	1.08536487
8.80179608	29.13569450	0.03432216	31.54562849	-2.40993398	9.59825473	5.79144818	1.08490746
8.80551282	29.09482956	0.03437037	30.98366450	-1.88883494	9.60115291	5.79388892	1.08445043
8.80922956	29.05992317	0.03441165	30.45218699	-1.39226382	9.60405222	5.79632966	1.08399378
8.81294630	29.04991341	0.03442351	29.94942859	-0.89951519	9.60695265	5.79877040	1.08353752
8.81666304	29.03551102	0.03444059	29.47341159	-0.43790058	9.60985422	5.80121112	1.08308165
8.82037978	29.02832603	0.03444911	29.02266684	0.00565919	9.61275691	5.80365184	1.08262616
8.82409652	29.01084518	0.03446987	28.59551412	0.41533107	9.61566072	5.80609256	1.08217105
8.82781327	29.00342178	0.03447869	28.19072711	0.81269468	9.61856567	5.80853327	1.08171633
8.83153001	28.98662758	0.03449867	27.80687229	1.17975529	9.62147174	5.81097397	1.08126200
8.83524675	28.97805023	0.03450888	27.44291098	1.53513926	9.62437894	5.81341466	1.08080804
8.83896349	28.96298599	0.03452683	27.09762202	1.86536397	9.62728726	5.81585535	1.08035447
8.84268023	28.95019531	0.03454208	26.77012918	2.18006614	9.63019672	5.81829604	1.07990127
8.84639697	28.92535782	0.03457174	26.51497540	2.41038242	9.63310730	5.82073672	1.07944846
8.85011371	28.91342163	0.03458601	26.22044962	2.69297202	9.63601901	5.82317739	1.07899603
8.85383046	28.90602303	0.03459487	25.94102762	2.96499540	9.63893185	5.82561805	1.07854398
8.85754720	28.90715981	0.03459351	25.67608504	3.23107476	9.64184581	5.82805871	1.07809231
8.86126394	28.88472939	0.03462037	25.42483994	3.45988944	9.64476090	5.83049937	1.07764102
8.86498068	28.86464310	0.03464446	25.18676552	3.67787758	9.64767712	5.83294001	1.07719011
8.86869742	28.85691452	0.03465374	24.96118510	3.89572942	9.65059447	5.83538065	1.07673958
8.87241416	28.85855103	0.03465177	24.74765681	4.11089422	9.65351295	5.83782129	1.07628942
8.87613090	28.85746956	0.03465307	24.54559536	4.31187420	9.65643255	5.84026192	1.07583964
8.87984764	28.83492279	0.03468017	24.35463079	4.48029200	9.65935328	5.84270254	1.07539024
8.88356439	28.82853699	0.03468785	24.17425562	4.65428137	9.66227514	5.84514316	1.07494122
8.88728113	28.83366966	0.03468168	24.00416482	4.82950484	9.66519812	5.84758377	1.07449257
8.89099787	28.84366798	0.03466965	23.84392108	4.99974690	9.66812223	5.85002437	1.07404430
8.89471461	28.86287689	0.03464658	23.69327474	5.16960215	9.67104747	5.85246497	1.07359640
8.89843135	28.84321976	0.03467019	23.55185014	5.29136962	9.67397384	5.85490556	1.07314887
8.90214809	28.80772400	0.03471291	23.41941722	5.38830678	9.67690133	5.85734615	1.07270172
8.90586483	28.76290894	0.03476700	23.29574748	5.46716146	9.67982996	5.85978673	1.07225495
8.90958158	28.78427887	0.03474119	23.18059463	5.60368424	9.68275971	5.86222730	1.07180854
8.91329832	28.81431961	0.03470497	23.07372697	5.74059264	9.68569058	5.86466787	1.07136251
8.91701506	28.82938576	0.03468683	22.97500063	5.85438513	9.68862259	5.86710843	1.07091686
8.92073180	28.80011559	0.03472208	22.88427460	5.91584099	9.69155572	5.86954898	1.07047157
8.92444854	28.78422928	0.03474125	22.80137347	5.98285581	9.69448998	5.87198953	1.07002665
8.92816528	28.77916718	0.03474736	22.72622677	6.05294041	9.69742537	5.87443007	1.06958211
8.93188202	28.76912308	0.03475949	22.65869870	6.11042438	9.70036189	5.87687061	1.06913793
8.93559876	28.73924637	0.03479562	22.59875906	6.14048731	9.70329953	5.87931114	1.06869413
8.93931551	28.74629593	0.03478709	22.54631698	6.19997895	9.70623830	5.88175166	1.06825070
8.94303225	28.76902008	0.03475961	22.50137611	6.26764397	9.70917820	5.88419218	1.06780763
8.94674899	28.79434776	0.03472904	22.46389529	6.33045247	9.71211922	5.88663269	1.06736493
8.95046573	28.79551506	0.03472763	22.43391722	6.36159784	9.71506137	5.88907320	1.06692260
8.95418247	28.80422211	0.03471713	22.41144435	6.39277775	9.71800465	5.89151370	1.06648064
8.95789921	28.82859993	0.03468778	22.39656075	6.43203918	9.72094906	5.89395419	1.06603905
8.96161595	28.83589554	0.03467900	22.38932155	6.44657399	9.72389460	5.89639468	1.06559782
8.96533270	28.84247589	0.03467109	22.38985696	6.45261893	9.72684126	5.89883516	1.06515696
8.96904944	28.84349251	0.03466987	22.39827103	6.44522148	9.72978905	5.90127563	1.06471646
8.97276618	28.85280991	0.03465867	22.41474608	6.43806383	9.73273797	5.90371610	1.06427633
8.97648292	28.84280586	0.03467069	22.43945128	6.40335458	9.73568802	5.90615656	1.06383656
8.98019966	28.83180428	0.03468392	22.47262236	6.35918192	9.73863919	5.90859702	1.06339716
8.98391640	28.82915497	0.03468711	22.51449657	6.31465839	9.74159149	5.91103747	1.06295813
8.98763314	28.82978058	0.03468635	22.56537717	6.26440341	9.74454492	5.91347791	1.06251945
8.99134988	28.82758522	0.03468900	22.56485149	6.26273373	9.74749947	5.91591835	1.06208114
8.99506663	28.80827522	0.03471225	22.63494958	6.17332564	9.75045516	5.91835878	1.06164319
8.99878337	28.82626915	0.03469058	22.71517681	6.11109234	9.75341197	5.92079920	1.06120561
9.00250011	28.85069847	0.03466121	22.80599384	6.04470464	9.75636991	5.92323962	1.06076838
9.00621685	28.89210510	0.03461153	22.90795121	5.98415389	9.75932897	5.92568003	1.06033152
9.00993359	28.90941811	0.03459080	23.02166424	5.88775387	9.76228916	5.92812044	1.05989502
9.01365033	28.92119598	0.03457672	23.14774208	5.77345391	9.76525049	5.93056084	1.05945887
9.01736707	28.90960312	0.03459058	23.28697851	5.62262461	9.76821293	5.93300123	1.05902309
9.02108382	28.92672539	0.03457011	23.44022366	5.48650173	9.77117651	5.93544162	1.05858767
9.02480056	28.92135429	0.03457653	23.60843397	5.31292032	9.77414121	5.93788200	1.05815260
9.02851730	28.90741158	0.03459320	23.79259978	5.11481179	9.77710704	5.94032238	1.05771790
9.03223404	28.89169312	0.03461202	23.99399821	4.89769490	9.78007400	5.94276275	1.05728355
9.03595078	28.88506699	0.03461996	24.21388851	4.67117848	9.78304209	5.94520311	1.05684956
9.03966752	28.90897942	0.03459133	24.45386917	4.45511025	9.78601130	5.94764346	1.05641593
9.04338426	28.91542244	0.03458362	24.71555564	4.19986680	9.78898164	5.95008381	1.05598266
9.04710100	28.93551826	0.03455960	25.00097903	3.93453923	9.79195311	5.95252416	1.05554974
9.05081775	28.91932678	0.03457895	25.31223070	3.60709608	9.79492571	5.95496449	1.05511717
9.05453449	28.93703842	0.03455779	25.65191509	3.28512334	9.79789943	5.95740483	1.05468497
9.05825123	28.96564102	0.03452366	26.02276449	2.94287653	9.80087428	5.95984515	1.05425311
9.06196797	29.00443459	0.03447749	26.42816343	2.57627116	9.80385026	5.96228547	1.05382162
9.06568471	29.02872658	0.03444863	26.87172270	2.15700387	9.80682737	5.96472578	1.05339047
9.06940145	29.03883553	0.03443664	27.35789918	1.68093635	9.80980560	5.96716609	1.05295968
9.07311819	29.06389427	0.03440695	27.89152882	1.17236545	9.81278496	5.96960639	1.05252925
9.07683494	29.07276154	0.03439646	28.47857646	0.59418507	9.81576545	5.97204668	1.05209916
9.08055168	29.10415459	0.03435936	29.12561957	-0.02146498	9.81874707	5.97448697	1.05166943
9.08426842	29.11978149	0.03434092	29.84078961	-0.72100811	9.82172981	5.97692725	1.05124005
9.08798516	29.12186623	0.03433846	30.63319924	-1.51133301	9.82471369	5.97936752	1.05081102
9.09170190	29.13402367	0.03432413	31.51414252	-2.38011885	9.82769868	5.98180779	1.05038235
9.09541864	29.14988136	0.03430546	32.49650303	-3.34662166	9.83068481	5.98424805	1.04995402
9.09913538	29.17220306	0.03427921	33.59634886	-4.42414580	9.83367206	5.98668831	1.04952605
9.10285213	29.22215080	0.03422062	34.83232548	-5.61017468	9.83666045	5.98912856	1.04909842
9.10656887	29.27065468	0.03416391	36.22787345	-6.95721877	9.83964996	5.99156880	1.04867114
9.11028561	29.33613586	0.03408765	37.81075418	-8.47461831	9.84264059	5.99400904	1.04824422
9.11400235	29.37772560	0.03403939	39.61625645	-10.23853085	9.84563236	5.99644927	1.04781764
9.11771909	29.44633675	0.03396008	41.68736575	-12.24102901	9.84862525	5.99888949	1.04739141
9.12143583	29.49507332	0.03390397	44.08043574	-14.58536242	9.85161927	6.00132971	1.04696552
9.12515257	29.56729126	0.03382116	46.86917333	-17.30188207	9.85461441	6.00376992	1.04653999
9.12886931	29.67786026	0.03369515	50.16195614	-20.48409588	9.85761069	6.00621012	1.04611480
9.13258606	29.85262680	0.03349789	54.13156098	-24.27893418	9.86060809	6.00865032	1.04568996
9.13630280	30.08100510	0.03324357	59.09519882	-29.01419372	9.86360662	6.01109052	1.04526546
9.14001954	30.40406036	0.03289034	65.67066508	-35.26660472	9.86660628	6.01353070	1.04484131
9.14373628	30.94550514	0.03231487	75.09240473	-44.14689959	9.86960706	6.01597088	1.04441751
9.14745302	31.78315926	0.03146320	89.71955731	-57.93639806	9.87260897	6.01841105	1.04399405
9.15116976	33.11006546	0.03020230	113.77073713	-80.66067167	9.87561201	6.02085122	1.04357093
9.15488650	35.19861984	0.02841020	154.04975621	-118.85113637	9.87861618	6.02329138	1.04314816
9.15860325	38.46817780	0.02599551	220.31027735	-181.84209956	9.88162148	6.02573154	1.04272573
9.16231999	43.40098953	0.02304095	324.40685990	-281.00587037	9.88462790	6.02817169	1.04230364
9.16603673	50.44151306	0.01982494	477.81368031	-427.37216725	9.88763545	6.03061183	1.04188190
9.16975347	59.89277649	0.01669650	686.99786275	-627.10508626	9.89064412	6.03305196	1.04146050
9.17347021	71.63851166	0.01395897	948.13149135	-876.49297969	9.89365393	6.03549209	1.04103944
9.17718695	84.05141449	0.01189748	1242.05464819	-1158.00323370	9.89666486	6.03793221	1.04061872
9.18090369	95.41179657	0.01048088	1532.18010505	-1436.76830848	9.89967692	6.04037233	1.04019835
9.18462043	103.75814819	0.00963780	1765.57939047	-1661.82124227	9.90269011	6.04281244	1.03977831
9.18833718	106.71353149	0.00937088	1883.97709924	-1777.26356775	9.90570442	6.04525254	1.03935861
9.19205392	103.98152161	0.00961709	1850.53566715	-1746.55414554	9.90871987	6.04769264	1.03893926
9.19577066	96.20497894	0.01039447	1676.28842421	-1580.08344527	9.91173644	6.05013273	1.03852024
9.19948740	85.47077179	0.01169991	1411.53289534	-1326.06212355	9.91475413	6.05257282	1.03810156
9.20320414	73.45314026	0.01361412	1114.46897397	-1041.01583371	9.91777296	6.05501290	1.03768322
9.20692088	62.00308609	0.01612823	831.61852250	-769.61543641	9.92079291	6.05745297	1.03726522
9.21063762	52.67593002	0.01898400	591.87764307	-539.20171305	9.92381399	6.05989303	1.03684756
9.21435437	45.57542419	0.02194165	407.38985893	-361.81443473	9.92683620	6.06233309	1.03643023
9.21807111	40.26872635	0.02483317	276.82711998	-236.55839363	9.92985953	6.06477315	1.03601325
9.22178785	36.55724335	0.02735436	190.93412656	-154.37688321	9.93288400	6.06721319	1.03559659
9.22550459	34.09657288	0.02932846	137.64129095	-103.54471807	9.93590959	6.06965323	1.03518028
9.22922133	32.55067062	0.03072133	105.77603387	-73.22536325	9.93893630	6.07209327	1.03476430
9.23293807	31.56980324	0.03167584	86.86066981	-55.29086657	9.94196415	6.07453329	1.03434865
9.23665481	30.97697258	0.03228204	75.27699615	-44.30002357	9.94499312	6.07697331	1.03393334
9.24037155	30.58831215	0.03269223	67.71256023	-37.12424808	9.94802322	6.07941333	1.03351836
9.24408830	30.32625198	0.03297473	62.36893297	-32.04268099	9.95105445	6.08185334	1.03310372
9.24780504	30.15579987	0.03316112	58.33177350	-28.17597364	9.95408681	6.08429334	1.03268941
9.25152178	30.05032158	0.03327751	55.13996377	-25.08964219	9.95712029	6.08673333	1.03227544
9.25523852	29.95959473	0.03337829	52.55506660	-22.59547187	9.96015490	6.08917332	1.03186179
9.25895526	29.88959503	0.03345646	50.43826900	-20.54867397	9.96319064	6.09161330	1.03144848
9.26267200	29.85704613	0.03349293	48.70143177	-18.84438564	9.96622750	6.09405328	1.03103551
9.26638874	29.85774994	0.03349214	47.28015402	-17.42240409	9.96926550	6.09649325	1.03062286
9.27010549	29.86019707	0.03348940	46.12708439	-16.26688732	9.97230462	6.09893321	1.03021054
9.27382223	29.83534241	0.03351730	45.20404725	-15.36870485	9.97534487	6.10137317	1.02979856
9.27753897	29.81558609	0.03353951	44.48205763	-14.66647154	9.97838624	6.10381312	1.02938691
9.28125571	29.81177521	0.03354379	43.93701517	-14.12523996	9.98142874	6.10625306	1.02897558
9.28497245	29.84200859	0.03350981	43.55080575	-13.70879716	9.98447237	6.10869300	1.02856459
9.28868919	29.87232208	0.03347580	43.30817371	-13.43585163	9.98751713	6.11113293	1.02815392
9.29240593	29.87941742	0.03346785	43.19807662	-13.31865920	9.99056302	6.11357286	1.02774359
9.29612267	29.88376045	0.03346299	43.21119033	-13.32742988	9.99361003	6.11601278	1.02733358
9.29983942	29.90584755	0.03343828	43.34139345	-13.43554590	9.99665817	6.11845269	1.02692390
9.30355616	29.94163704	0.03339831	43.58361313	-13.64197609	9.99970744	6.12089259	1.02651455
9.30727290	29.97940445	0.03335623	43.96578557	-13.98638112	10.00275784	6.12333249	1.02610553
9.31098964	29.96562004	0.03337158	44.42554765	-14.45992760	10.00580936	6.12577238	1.02569683
9.31470638	29.96569061	0.03337150	44.99377998	-15.02808937	10.00886201	6.12821227	1.02528846
9.31842312	29.99077225	0.03334359	45.67158385	-15.68081160	10.01191579	6.13065215	1.02488041
9.32213986	30.05733109	0.03326975	46.46238479	-16.40505370	10.01497070	6.13309202	1.02447269
9.32585661	30.08119774	0.03324336	47.37005656	-17.28885882	10.01802673	6.13553189	1.02406530
9.32957335	30.07906342	0.03324572	48.40091497	-18.32185156	10.02108389	6.13797175	1.02365823
9.33329009	30.06365013	0.03326276	49.56177553	-19.49812540	10.02414218	6.14041160	1.02325149
9.33700683	30.09963036	0.03322300	50.86222119	-20.76259083	10.02720160	6.14285145	1.02284507
9.34072357	30.18347931	0.03313071	52.31255615	-22.12907684	10.03026214	6.14529129	1.02243897
9.34444031	30.25446892	0.03305297	53.92636008	-23.67189116	10.03332381	6.14773113	1.02203320
9.34815705	30.30783463	0.03299477	55.71831851	-25.41048388	10.03638661	6.15017095	1.02162775
9.35187380	30.33984756	0.03295995	57.70720147	-27.36735391	10.03945054	6.15261078	1.02122262
9.35559054	30.39281082	0.03290252	59.91350355	-29.52069272	10.04251559	6.15505059	1.02081782
9.35930728	30.44503021	0.03284608	62.36305837	-31.91802815	10.04558177	6.15749040	1.02041333
9.36302402	30.52018929	0.03276520	65.08439036	-34.56420108	10.04864908	6.15993020	1.02000917
9.36674076	30.59182549	0.03268847	68.11322889	-37.52140341	10.05171752	6.16237000	1.01960533
9.37045750	30.66159248	0.03261409	71.48959156	-40.82799908	10.05478708	6.16480979	1.01920181
9.37417424	30.73410797	0.03253714	75.26348641	-44.52937843	10.05785777	6.16724957	1.01879861
9.37789098	30.85283661	0.03241193	79.49187911	-48.63904250	10.06092959	6.16968934	1.01839573
9.38160773	30.98338318	0.03227536	84.24610678	-53.26272361	10.06400254	6.17212911	1.01799317
9.38532447	31.06580353	0.03218974	89.60880127	-58.54299774	10.06707661	6.17456888	1.01759093
9.38904121	31.17313194	0.03207891	95.68406886	-64.51093692	10.07015181	6.17700863	1.01718901
9.39275795	31.34370041	0.03190434	102.59480031	-71.25109990	10.07322814	6.17944838	1.01678741
9.39647469	31.57258987	0.03167304	110.49742133	-78.92483146	10.07630560	6.18188813	1.01638612
9.40019143	31.80203629	0.03144453	119.58147289	-87.77943660	10.07938418	6.18432786	1.01598516
9.40390817	32.06095505	0.03119059	130.09458818	-98.03363314	10.08246389	6.18676759	1.01558451
9.40762492	32.41920090	0.03084592	142.17808618	-109.75888528	10.08554473	6.18920732	1.01518417
9.41134166	32.89849854	0.03039652	156.65253082	-123.75403228	10.08862670	6.19164704	1.01478416
9.41505840	33.57824326	0.02978119	174.05667085	-140.47842759	10.09170979	6.19408675	1.01438445
9.41877514	34.54048920	0.02895153	195.67853792	-161.13804872	10.09479402	6.19652645	1.01398507
9.42249188	35.94382095	0.02782119	223.98663837	-188.04281742	10.09787937	6.19896615	1.01358600
9.42620862	38.06315994	0.02627212	263.89848553	-225.83532559	10.10096584	6.20140584	1.01318725
9.42992536	41.44985580	0.02412554	324.86330227	-283.41344646	10.10405345	6.20384553	1.01278881
9.43364210	46.86662674	0.02133714	423.99936634	-377.13273960	10.10714218	6.20628520	1.01239068
9.43735885	55.50145721	0.01801754	589.47745805	-533.97600084	10.11023204	6.20872488	1.01199287
9.44107559	69.09000397	0.01447387	862.59204227	-793.50203830	10.11332303	6.21116454	1.01159537
9.44479233	89.62156677	0.01115803	1295.77756588	-1206.15599911	10.11641514	6.21360420	1.01119819
9.44850907	119.40182495	0.00837508	1942.62879141	-1823.22696646	10.11950838	6.21604385	1.01080132
9.45222581	160.50564575	0.00623031	2840.20515540	-2679.69950965	10.12260275	6.21848350	1.01040476
9.45594255	211.45278931	0.00472919	3984.01593101	-3772.56314170	10.12569825	6.22092314	1.01000851
9.45965929	268.79510498	0.00372031	5306.29618057	-5037.50107559	10.12879487	6.22336277	1.00961257
9.46337604	324.65652466	0.00308018	6660.51801422	-6335.86148957	10.13189263	6.22580240	1.00921695
9.46709278	366.59973145	0.00272777	7823.71335074	-7457.11361930	10.13499151	6.22824202	1.00882164
9.47080952	387.06668091	0.00258353	8527.97092956	-8140.90424866	10.13809151	6.23068163	1.00842663
9.47452626	382.53289795	0.00261415	8565.13627661	-8182.60337866	10.14119265	6.23312124	1.00803194
9.47824300	354.92315674	0.00281751	7923.06342969	-7568.14027295	10.14429491	6.23556084	1.00763756
9.48195974	309.05395508	0.00323568	6795.17395091	-6486.11999583	10.14739830	6.23800043	1.00724349
9.48567648	253.54957581	0.00394400	5449.46697662	-5195.91740081	10.15050282	6.24044002	1.00684972
9.48939322	200.14476013	0.00499638	4115.91991462	-3915.77515449	10.15360846	6.24287960	1.00645627
9.49310997	154.06684875	0.00649069	2949.43902211	-2795.37217336	10.15671524	6.24531917	1.00606312
9.49682671	117.09932709	0.00853976	2025.42683888	-1908.32751180	10.15982314	6.24775874	1.00567028
9.50054345	89.50590515	0.01117245	1354.05241283	-1264.54650768	10.16293216	6.25019830	1.00527775
9.50426019	69.88327026	0.01430958	901.33763125	-831.45436098	10.16604232	6.25263785	1.00488553
9.50797693	56.48881912	0.01770262	614.45800498	-557.96918586	10.16915360	6.25507740	1.00449361
9.51169367	47.62237167	0.02099853	440.23367354	-392.61130187	10.17226601	6.25751694	1.00410201
9.51541041	41.99914169	0.02381001	336.04037678	-294.04123509	10.17537955	6.25995647	1.00371070
9.51912716	38.56149292	0.02593261	272.35316233	-233.79166941	10.17849421	6.26239600	1.00331970
9.52284390	36.37866974	0.02748864	231.10479951	-194.72612977	10.18161001	6.26483552	1.00292901
9.52656064	34.98157120	0.02858648	202.18236382	-167.20079263	10.18472693	6.26727504	1.00253863
9.53027738	34.05538177	0.02936393	180.36212350	-146.30674173	10.18784497	6.26971455	1.00214854
9.53399412	33.40375519	0.02993675	162.91973183	-129.51597664	10.19096415	6.27215405	1.00175877
9.53771086	32.90661240	0.03038903	148.52343673	-115.61682434	10.19408445	6.27459354	1.00136929
9.54142760	32.50883865	0.03076087	136.40613769	-103.89729904	10.19720588	6.27703303	1.00098013
9.54514434	32.22485352	0.03103195	126.09510708	-93.87025356	10.20032844	6.27947251	1.00059126
9.54886109	32.02584839	0.03122478	117.25380063	-85.22795224	10.20345213	6.28191199	1.00020270
9.55257783	31.88082886	0.03136681	109.63549217	-77.75466332	10.20657694	6.28435145	0.99981444
9.55629457	31.72968102	0.03151623	103.04196169	-71.31228067	10.20970288	6.28679092	0.99942648
9.56001131	31.59181786	0.03165377	97.31982207	-65.72800421	10.21282995	6.28923037	0.99903882
9.56372805	31.49328804	0.03175280	92.34088983	-60.84760179	10.21595814	6.29166982	0.99865147
9.56744479	31.43026924	0.03181646	88.00467791	-56.57440866	10.21908747	6.29410926	0.99826442
9.57116153	31.36577988	0.03188188	84.22560635	-52.85982647	10.22221792	6.29654870	0.99787766
9.57487828	31.28912735	0.03195998	80.93635347	-49.64722612	10.22534950	6.29898812	0.99749121
9.57859502	31.22324181	0.03202742	78.07868081	-46.85543900	10.22848220	6.30142755	0.99710506
9.58231176	31.17844582	0.03207344	75.60708431	-44.42863849	10.23161603	6.30386696	0.99671921
9.58602850	31.14813995	0.03210465	73.48163223	-42.33349228	10.23475100	6.30630637	0.99633366
9.58974524	31.10642052	0.03214770	71.67170314	-40.56528262	10.23788708	6.30874577	0.99594841
9.59346198	31.08904266	0.03216567	70.15022104	-39.06117837	10.24102430	6.31118517	0.99556345
9.59717872	31.07475662	0.03218046	68.89724282	-37.82248620	10.24416264	6.31362456	0.99517880
9.60089547	31.03644943	0.03222018	67.89532065	-36.85887122	10.24730211	6.31606394	0.99479444
9.60461221	30.98760796	0.03227096	67.13217208	-36.14456413	10.25044271	6.31850331	0.99441038
9.60832895	30.95900154	0.03230078	66.59831070	-35.63930916	10.25358444	6.32094268	0.99402662
9.61204569	30.94888115	0.03231135	66.28795678	-35.33907563	10.25672729	6.32338205	0.99364316
9.61576243	30.92733002	0.03233386	66.19815550	-35.27082548	10.25987127	6.32582140	0.99325999
9.61947917	30.90086365	0.03236156	66.32916956	-35.42830591	10.26301638	6.32826075	0.99287712
9.62319591	30.89033127	0.03237259	66.68431056	-35.79397930	10.26616262	6.33070009	0.99249454
9.62691265	30.91791153	0.03234371	67.26997196	-36.35206043	10.26930998	6.33313943	0.99211227
9.63062940	30.95232010	0.03230776	68.09623449	-37.14391439	10.27245847	6.33557876	0.99173028
9.63434614	30.93143082	0.03232957	69.17630528	-38.24487446	10.27560809	6.33801808	0.99134859
9.63806288	30.92542648	0.03233585	70.52881021	-39.60338373	10.27875884	6.34045739	0.99096720
9.64177962	30.95483398	0.03230513	72.17541788	-41.22058389	10.28191071	6.34289670	0.99058610
9.64549636	31.01085281	0.03224678	74.14490682	-43.13405401	10.28506371	6.34533601	0.99020529
9.64921310	31.06198120	0.03219370	76.47118230	-45.40920110	10.28821784	6.34777530	0.98982478
9.65292984	31.10992241	0.03214409	79.19781472	-48.08789231	10.29137310	6.35021459	0.98944456
9.65664659	31.14934158	0.03210341	82.37542429	-51.22608271	10.29452948	6.35265387	0.98906464
9.66036333	31.17387581	0.03207814	86.06904629	-54.89517048	10.29768699	6.35509315	0.98868501
9.66408007	31.24607468	0.03200402	90.35508256	-59.10900788	10.30084563	6.35753242	0.98830567
9.66779681	31.37786102	0.03186960	95.33139906	-63.95353803	10.30400540	6.35997168	0.98792662
9.67151355	31.51175117	0.03173419	101.11512637	-69.60337519	10.30716629	6.36241093	0.98754786
9.67523029	31.66850853	0.03157711	107.85774586	-76.18923733	10.31032831	6.36485018	0.98716940
9.67894703	31.89113998	0.03135667	115.74727495	-83.85613497	10.31349146	6.36728942	0.98679122
9.68266377	32.17825699	0.03107689	125.03920818	-92.86095119	10.31665574	6.36972866	0.98641334
9.68638052	32.53477097	0.03073635	136.08878709	-103.55401613	10.31982114	6.37216789	0.98603574
9.69009726	33.02323151	0.03028171	149.46487484	-116.44164333	10.32298768	6.37460711	0.98565844
9.69381400	33.72785187	0.02964909	166.16214263	-132.43429076	10.32615533	6.37704633	0.98528143
9.69753074	34.79678726	0.02873829	188.10761179	-153.31082453	10.32932412	6.37948553	0.98490470
9.70124748	36.42057800	0.02745701	219.08234285	-182.66176485	10.33249404	6.38192474	0.98452827
9.70496422	38.96210480	0.02566596	266.37235572	-227.41025093	10.33566508	6.38436393	0.98415212
9.70868096	43.07746887	0.02321399	343.06028437	-299.98281549	10.33883725	6.38680312	0.98377626
9.71239771	49.72191620	0.02011186	470.72094541	-420.99902921	10.34201054	6.38924230	0.98340069
9.71611445	60.05735779	0.01665075	680.92595715	-620.86859936	10.34518497	6.39168148	0.98302541
9.71983119	75.82889557	0.01318758	1013.87804137	-938.04914580	10.34836052	6.39412064	0.98265042
9.72354793	98.73146057	0.01012848	1510.97571895	-1412.24425838	10.35153720	6.39655981	0.98227571
9.72726467	130.00573730	0.00769197	2201.55101429	-2071.54527699	10.35471501	6.39899896	0.98190129
9.73098141	169.75816345	0.00589073	3083.91041750	-2914.15225405	10.35789394	6.40143811	0.98152715
9.73469815	213.85432434	0.00467608	4108.62637748	-3894.77205314	10.36107400	6.40387725	0.98115330
9.73841489	256.79074097	0.00389422	5166.20530232	-4909.41456135	10.36425519	6.40631638	0.98077974
9.74213164	290.37161255	0.00344386	6087.86243922	-5797.49082667	10.36743751	6.40875551	0.98040646
9.74584838	307.77706909	0.00324910	6667.16048838	-6359.38341929	10.37062095	6.41119463	0.98003347
9.74956512	306.08578491	0.00326706	6736.03409597	-6429.94831106	10.37380553	6.41363375	0.97966076
9.75328186	286.26220703	0.00349330	6272.13902441	-5985.87681738	10.37699123	6.41607285	0.97928834
9.75699860	252.75573730	0.00395639	5415.98718640	-5163.23144910	10.38017805	6.41851196	0.97891620
9.76071534	211.16520691	0.00473563	4374.15300508	-4162.98779817	10.38336601	6.42095105	0.97854434
9.76443208	169.14688110	0.00591202	3328.32334893	-3159.17646782	10.38655509	6.42339014	0.97817277
9.76814883	132.56272888	0.00754360	2403.43991070	-2270.87718181	10.38974530	6.42582922	0.97780148
9.77186557	103.07439423	0.00970173	1663.03457713	-1559.96018290	10.39293664	6.42826829	0.97743047
9.77558231	80.48669434	0.01242441	1119.35826650	-1038.87157217	10.39612910	6.43070736	0.97705975
9.77929905	63.87662506	0.01565518	748.90822052	-685.03159546	10.39932270	6.43314642	0.97668931
9.78301579	52.46729660	0.01905949	511.84985597	-459.38255937	10.40251742	6.43558547	0.97631915
9.78673253	44.97917175	0.02223251	366.70093513	-321.72176338	10.40571326	6.43802452	0.97594927
9.79044927	40.05626297	0.02496489	279.44712740	-239.39086443	10.40891024	6.44046356	0.97557967
9.79416601	37.03837585	0.02699902	226.06987661	-189.03150076	10.41210834	6.44290259	0.97521035
9.79788276	35.13416290	0.02846233	191.61789660	-156.48373369	10.41530757	6.44534162	0.97484132
9.80159950	33.90090942	0.02949773	167.46599070	-133.56508128	10.41850793	6.44778064	0.97447256
9.80531624	33.09694290	0.03021427	149.39871493	-116.30177203	10.42170941	6.45021965	0.97410408
9.80903298	32.54824829	0.03072362	135.01309406	-102.46484577	10.42491203	6.45265866	0.97373589
9.81274972	32.14899063	0.03110518	123.13394889	-90.98495826	10.42811577	6.45509766	0.97336797
9.81646646	31.84808922	0.03139906	113.11961621	-81.27152699	10.43132063	6.45753665	0.97300033
9.82018320	31.61092377	0.03163463	104.56837674	-72.95745298	10.43452663	6.45997563	0.97263297
9.82389995	31.42197227	0.03182486	97.20847372	-65.78650145	10.43773375	6.46241461	0.97226589
9.82761669	31.28644943	0.03196272	90.83253307	-59.54608364	10.44094200	6.46485359	0.97189909
9.83133343	31.16369438	0.03208862	85.28310986	-54.11941548	10.44415138	6.46729255	0.97153256
9.83505017	31.06258202	0.03219307	80.43099223	-49.36841021	10.44736189	6.46973151	0.97116631
9.83876691	30.98638153	0.03227224	76.17481319	-45.18843166	10.45057352	6.47217046	0.97080034
9.84248365	30.88438988	0.03237882	72.42910449	-41.54471462	10.45378628	6.47460941	0.97043465
9.84620039	30.79766273	0.03247000	69.12637334	-38.32871060	10.45700017	6.47704834	0.97006923
9.84991713	30.72830963	0.03254328	66.20855943	-35.48024980	10.46021518	6.47948728	0.96970409
9.85363388	30.69099808	0.03258284	63.62968906	-32.93869098	10.46343133	6.48192620	0.96933922
9.85735062	30.61877441	0.03265970	61.34957813	-30.73080371	10.46664860	6.48436512	0.96897463
9.86106736	30.54293442	0.03274080	59.33657890	-28.79364448	10.46986699	6.48680403	0.96861032
9.86478410	30.50804138	0.03277824	57.56268677	-27.05464539	10.47308652	6.48924293	0.96824628
9.86850084	30.48360252	0.03280452	56.00608085	-25.52247832	10.47630717	6.49168183	0.96788251
9.87221758	30.44550514	0.03284557	54.64731654	-24.20181140	10.47952895	6.49412072	0.96751902
9.87593432	30.37144852	0.03292566	53.47170874	-23.10026022	10.48275186	6.49655960	0.96715580
9.87965107	30.31255150	0.03298963	52.46615781	-22.15360632	10.48597590	6.49899848	0.96679286
9.88336781	30.31084633	0.03299149	51.62142608	-21.31057975	10.48920106	6.50143735	0.96643019
9.88708455	30.31167412	0.03299059	50.92942978	-20.61775566	10.49242735	6.50387621	0.96606779
9.89080129	30.30228806	0.03300081	50.38543799	-20.08314993	10.49565477	6.50631507	0.96570566
9.89451803	30.28911591	0.03301516	49.98569105	-19.69657515	10.49888332	6.50875392	0.96534381
9.89823477	30.27086830	0.03303506	49.72958792	-19.45871962	10.50211299	6.51119276	0.96498223
9.90195151	30.24915695	0.03305877	49.61751203	-19.36835508	10.50534379	6.51363160	0.96462092
9.90566826	30.23150063	0.03307808	49.65311382	-19.42161320	10.50857572	6.51607042	0.96425988
9.90938500	30.22079849	0.03308979	49.84126660	-19.62046811	10.51180878	6.51850925	0.96389912
9.91310174	30.20275307	0.03310956	50.19055001	-19.98779695	10.51504296	6.52094806	0.96353862
9.91681848	30.17895699	0.03313567	50.71130622	-20.53234923	10.51827827	6.52338687	0.96317840
9.92053522	30.18602943	0.03312791	51.41844411	-21.23241467	10.52151471	6.52582567	0.96281844
9.92425196	30.21179199	0.03309966	52.32962761	-22.11783562	10.52475227	6.52826447	0.96245876
9.92796870	30.22464752	0.03308558	53.46863883	-23.24399130	10.52799097	6.53070325	0.96209934
9.93168544	30.22466850	0.03308556	54.86371485	-24.63904635	10.53123079	6.53314203	0.96174020
9.93540219	30.22039604	0.03309023	56.55190613	-26.33151009	10.53447174	6.53558081	0.96138132
9.93911893	30.24641609	0.03306177	58.57780625	-28.33139016	10.53771381	6.53801957	0.96102271
9.94283567	30.27453232	0.03303106	60.99979629	-30.72526397	10.54095702	6.54045833	0.96066437
9.94655241	30.34558105	0.03295373	63.89062426	-33.54504321	10.54420135	6.54289709	0.96030630
9.95026915	30.44723701	0.03284370	67.34984201	-36.90260499	10.54744681	6.54533583	0.95994850
9.95398589	30.60030556	0.03267941	71.51627866	-40.91597310	10.55069340	6.54777457	0.95959096
9.95770263	30.77268791	0.03249635	76.61301034	-45.84032243	10.55394111	6.55021331	0.95923369
9.96141938	31.04153633	0.03221490	83.07788130	-52.03634497	10.55718995	6.55265203	0.95887669
9.96513612	31.46926308	0.03177704	91.56762198	-60.09835890	10.56043992	6.55509075	0.95851996
9.96885286	32.11073685	0.03114223	103.60028801	-71.48955117	10.56369102	6.55752946	0.95816349
9.97256960	33.09281540	0.03021804	121.99530171	-88.90248631	10.56694324	6.55996817	0.95780729
9.97628634	34.63354111	0.02887374	151.79328740	-117.15974629	10.57019659	6.56240687	0.95745135
9.98000308	37.10132599	0.02695321	201.28028199	-164.17895601	10.57345107	6.56484556	0.95709568
9.98371982	41.00379944	0.02438798	282.55751982	-241.55372038	10.57670668	6.56728424	0.95674027
9.98743656	46.95497131	0.02129700	411.03422049	-364.07924918	10.57996341	6.56972292	0.95638513
9.99115331	55.56465149	0.01799705	602.62836979	-547.06371830	10.58322127	6.57216159	0.95603025
9.99487005	67.40896606	0.01483482	868.77507385	-801.36610779	10.58648026	6.57460025	0.95567564
9.99858679	82.44755554	0.01212892	1209.24450033	-1126.79694478	10.58974038	6.57703891	0.95532129
10.00230353	99.17051697	0.01008364	1605.75883386	-1506.58831689	10.59300162	6.57947756	0.95496721
10.00602027	115.81366730	0.00863456	2017.16383451	-1901.35016721	10.59626400	6.58191620	0.95461339
10.00973701	129.01940918	0.00775077	2379.44913900	-2250.42972983	10.59952750	6.58435484	0.95425983
10.01345375	136.20207214	0.00734203	2613.24943966	-2477.04736752	10.60279212	6.58679347	0.95390653
10.01717050	136.02809143	0.00735142	2651.96998896	-2515.94189753	10.60605788	6.58923209	0.95355350
10.02088724	128.97143555	0.00775365	2483.08510529	-2354.11366974	10.60932476	6.59167070	0.95320073
10.02460398	116.77609253	0.00856340	2157.87772910	-2041.10163657	10.61259277	6.59410931	0.95284822
10.02832072	101.10784149	0.00989043	1755.64707127	-1654.53922978	10.61586191	6.59654791	0.95249597
10.03203746	84.95293427	0.01177122	1347.57327570	-1262.62034143	10.61913217	6.59898651	0.95214398
10.03575420	70.70428467	0.01414341	983.35753548	-912.65325081	10.62240356	6.60142509	0.95179226
10.03947094	59.06276703	0.01693114	689.30716165	-630.24439462	10.62567608	6.60386367	0.95144080
10.04318768	50.12998581	0.01994814	471.38806931	-421.25808350	10.62894973	6.60630225	0.95108959
10.04690443	43.50055695	0.02298821	321.63458541	-278.13402846	10.63222450	6.60874081	0.95073865
10.05062117	38.87121201	0.02572598	224.97841031	-186.10719830	10.63550041	6.61117937	0.95038796
10.05433791	35.77063370	0.02795589	165.41995049	-129.64931679	10.63877744	6.61361793	0.95003754
10.05805465	33.73649216	0.02964149	129.47652158	-95.74002943	10.64205559	6.61605647	0.94968738
10.06177139	32.48900604	0.03077964	107.52055279	-75.03154675	10.64533488	6.61849501	0.94933747
10.06548813	31.71725082	0.03152858	93.43549420	-61.71824337	10.64861529	6.62093354	0.94898782
10.06920487	31.19298935	0.03205849	83.71640413	-52.52341478	10.65189683	6.62337207	0.94863843
10.07292162	30.83082581	0.03243507	76.48633630	-45.65551049	10.65517950	6.62581058	0.94828930
10.07663836	30.60009766	0.03267963	70.78882089	-40.18872323	10.65846329	6.62824909	0.94794043
10.08035510	30.45466423	0.03283569	66.12876567	-35.67410144	10.66174822	6.63068760	0.94759182
10.08407184	30.34158516	0.03295807	62.23823545	-31.89665029	10.66503427	6.63312609	0.94724346
10.08778858	30.25319290	0.03305436	58.95188913	-28.69869623	10.66832144	6.63556458	0.94689536
10.09150532	30.18500328	0.03312903	56.15950112	-25.97449784	10.67160975	6.63800307	0.94654751
10.09522206	30.16481972	0.03315120	53.77782996	-23.61301024	10.67489918	6.64044154	0.94619993
10.09893880	30.14144135	0.03317691	51.74426375	-21.60282241	10.67818974	6.64288001	0.94585260
10.10265555	30.12731934	0.03319247	50.00770341	-19.88038407	10.68148143	6.64531847	0.94550552
10.10637229	30.08716583	0.03323676	48.52858545	-18.44141962	10.68477424	6.64775693	0.94515870
10.11008903	30.04979897	0.03327809	47.27378314	-17.22398417	10.68806819	6.65019538	0.94481214
10.11380577	30.02103424	0.03330998	46.21768013	-16.19664589	10.69136326	6.65263382	0.94446583
10.11752251	30.00192451	0.03333120	45.33851986	-15.33659534	10.69465945	6.65507225	0.94411977
10.12123925	30.00866508	0.03332371	44.61978482	-14.61111973	10.69795678	6.65751068	0.94377397
10.12495599	30.00868416	0.03332369	44.04737631	-14.03869215	10.70125523	6.65994910	0.94342843
10.12867274	30.00145340	0.03333172	43.61105781	-13.60960441	10.70455481	6.66238751	0.94308314
10.13238948	30.00537872	0.03332736	43.30219527	-13.29681654	10.70785552	6.66482592	0.94273810
10.13610622	30.01686668	0.03331460	43.11523359	-13.09836690	10.71115736	6.66726432	0.94239331
10.13982296	30.00208473	0.03333102	43.04574432	-13.04365959	10.71446032	6.66970271	0.94204878
10.14353970	29.98275375	0.03335251	43.09197880	-13.10922505	10.71776441	6.67214109	0.94170450
10.14725644	29.98490906	0.03335011	43.25312077	-13.26821171	10.72106963	6.67457947	0.94136048
10.15097318	29.99074364	0.03334362	43.53088601	-13.54014237	10.72437597	6.67701784	0.94101670
10.15468993	29.99229813	0.03334189	43.92792404	-13.93562591	10.72768345	6.67945621	0.94067318
10.15840667	29.98954582	0.03334495	44.44954891	-14.46000308	10.73099205	6.68189456	0.94032991
10.16212341	29.99952698	0.03333386	45.10218062	-15.10265364	10.73430178	6.68433291	0.93998689
10.16584015	30.01341629	0.03331843	45.89531914	-15.88190285	10.73761263	6.68677125	0.93964412
10.16955689	30.05547714	0.03327181	46.83998280	-16.78450566	10.74092461	6.68920959	0.93930161
10.17327363	30.09935188	0.03322331	47.95102383	-17.85167195	10.74423773	6.69164792	0.93895934
10.17699037	30.10251045	0.03321982	49.16495340	-19.06244295	10.74755196	6.69408624	0.93861732
10.18070711	30.09734154	0.03322553	50.66546605	-20.56812452	10.75086733	6.69652455	0.93827556
10.18442386	30.12301254	0.03319721	52.39749453	-22.27448199	10.75418382	6.69896286	0.93793404
10.18814060	30.16337776	0.03315279	54.39403241	-24.23065465	10.75750144	6.70140116	0.93759277
10.19185734	30.23391724	0.03307544	56.69381193	-26.45989469	10.76082019	6.70383946	0.93725176
10.19557408	30.32144356	0.03297996	59.34626137	-29.02481781	10.76414007	6.70627774	0.93691099
10.19929082	30.41358185	0.03288005	62.41044035	-31.99685850	10.76746107	6.70871602	0.93657047
10.20300756	30.48612213	0.03280181	65.96240152	-35.47627939	10.77078320	6.71115429	0.93623020
10.20672430	30.56496239	0.03271720	70.09622117	-39.53125879	10.77410646	6.71359256	0.93589017
10.21044105	30.70400047	0.03256905	74.93882282	-44.23482235	10.77743085	6.71603082	0.93555040
10.21415779	30.90816307	0.03235391	80.66455258	-49.75638951	10.78075636	6.71846907	0.93521087
10.21787453	31.15389633	0.03209871	87.54813059	-56.39423426	10.78408300	6.72090731	0.93487159
10.22159127	31.47691917	0.03176931	96.06022272	-64.58330355	10.78741077	6.72334555	0.93453256
10.22530801	31.97540092	0.03127404	107.09818492	-75.12278399	10.79073967	6.72578378	0.93419377
10.22902475	32.79537964	0.03049210	122.40428911	-89.60890947	10.79406969	6.72822200	0.93385523
10.23274149	34.05553436	0.02936380	145.32430120	-111.26876684	10.79740084	6.73066022	0.93351694
10.23645823	36.02634430	0.02775747	181.88478142	-145.85843712	10.80073312	6.73309843	0.93317889
10.24017498	39.12825012	0.02555698	242.06364371	-202.93539359	10.80406653	6.73553663	0.93284109
10.24389172	43.99092102	0.02273196	340.73744311	-296.74652209	10.80740106	6.73797482	0.93250353
10.24760846	51.40637207	0.01945284	497.18428774	-445.77791567	10.81073672	6.74041301	0.93216622
10.25132520	62.29919052	0.01605157	732.08033463	-669.78114411	10.81407351	6.74285119	0.93182915
10.25504194	77.12800598	0.01296546	1061.72802904	-984.60002305	10.81741143	6.74528936	0.93149233
10.25875868	96.21774292	0.01039309	1489.02413994	-1392.80639702	10.82075047	6.74772753	0.93115575
10.26247542	118.73303223	0.00842226	1994.91917077	-1876.18613855	10.82409064	6.75016569	0.93081942
10.26619217	141.08355713	0.00708800	2531.88471869	-2390.80116156	10.82743194	6.75260384	0.93048333
10.26990891	159.84086609	0.00625622	3022.86423035	-2863.02336426	10.83077437	6.75504198	0.93014748
10.27362565	171.60627747	0.00582729	3367.35779083	-3195.75151337	10.83411792	6.75748012	0.92981188
10.27734239	174.38890076	0.00573431	3471.90645330	-3297.51755254	10.83746261	6.75991825	0.92947652
10.28105913	167.80818176	0.00595919	3303.46879583	-3135.66061407	10.84080841	6.76235638	0.92914141
10.28477587	152.82962036	0.00654323	2914.23225338	-2761.40263302	10.84415535	6.76479449	0.92880653
10.28849261	132.83380127	0.00752820	2403.76052795	-2270.92672668	10.84750342	6.76723260	0.92847190
10.29220935	111.36891174	0.00897917	1868.42827408	-1757.05936234	10.85085261	6.76967070	0.92813751
10.29592610	91.23264313	0.01096099	1378.71921969	-1287.48657656	10.85420293	6.77210880	0.92780336
10.29964284	74.51142883	0.01342076	974.45556375	-899.94413492	10.85755437	6.77454689	0.92746945
10.30335958	61.37425232	0.01629348	668.83438158	-607.46012926	10.86090695	6.77698497	0.92713579
10.30707632	51.50141144	0.01941694	454.86483111	-403.36341967	10.86426065	6.77942304	0.92680236
10.31079306	44.43407440	0.02250525	314.59842281	-270.16434841	10.86761548	6.78186111	0.92646918
10.31450980	39.53513336	0.02529396	227.10114616	-187.56601280	10.87097144	6.78429917	0.92613624
10.31822654	36.35798264	0.02750428	174.05655292	-137.69857029	10.87432852	6.78673722	0.92580353
10.32194329	34.35488510	0.02910794	141.81261763	-107.45773253	10.87768673	6.78917526	0.92547107
10.32566003	33.08195877	0.03022796	121.45285506	-88.37089629	10.88104607	6.79161330	0.92513885
10.32937677	32.30260468	0.03095726	107.70177378	-75.39916910	10.88440654	6.79405133	0.92480686
10.33309351	31.80309868	0.03144348	97.69997730	-65.89687862	10.88776813	6.79648936	0.92447512
10.33681025	31.48891258	0.03175721	89.96224336	-58.47333078	10.89113086	6.79892737	0.92414361
10.34052699	31.27188301	0.03197761	83.72903224	-52.45714923	10.89449471	6.80136538	0.92381235
10.34424373	31.08487129	0.03216999	78.58714345	-47.50227216	10.89785968	6.80380338	0.92348132
10.34796047	30.95688248	0.03230299	74.29762780	-43.34074532	10.90122579	6.80624138	0.92315053
10.35167722	30.85614014	0.03240846	70.70101765	-39.84487751	10.90459302	6.80867937	0.92281997
10.35539396	30.79460144	0.03247322	67.68375812	-36.88915668	10.90796138	6.81111735	0.92248966
10.35911070	30.71266747	0.03255986	65.15571171	-34.44304424	10.91133087	6.81355532	0.92215958
10.36282744	30.67595291	0.03259882	63.04943613	-32.37348322	10.91470148	6.81599329	0.92182974
10.36654418	30.66862869	0.03260661	61.31025607	-30.64162737	10.91807323	6.81843125	0.92150013
10.37026092	30.64450645	0.03263228	59.89595466	-29.25144820	10.92144610	6.82086920	0.92117077
10.37397766	30.61547852	0.03266322	58.77048378	-28.15500526	10.92482009	6.82330714	0.92084164
10.37769441	30.59978676	0.03267997	57.98831118	-27.38852442	10.92819522	6.82574508	0.92051274
10.38141115	30.59548569	0.03268456	57.36629815	-26.77081246	10.93157147	6.82818301	0.92018408
10.38512789	30.59460258	0.03268550	56.97003426	-26.37543167	10.93494885	6.83062093	0.91985566
10.38884463	30.57559967	0.03270582	56.78656596	-26.21096629	10.93832736	6.83305885	0.91952747
10.39256137	30.59550095	0.03268454	56.80850192	-26.21300097	10.94170699	6.83549676	0.91919952
10.39627811	30.61805725	0.03266047	57.03105054	-26.41299328	10.94508776	6.83793466	0.91887180
10.39999485	30.64837265	0.03262816	57.45430051	-26.80592786	10.94846965	6.84037256	0.91854431
10.40371160	30.67122459	0.03260385	58.07942283	-27.40819824	10.95185266	6.84281044	0.91821706
10.40742834	30.68201447	0.03259238	58.91207705	-28.23006258	10.95523681	6.84524832	0.91789005
10.41114508	30.70389938	0.03256915	59.96036853	-29.25646915	10.95862208	6.84768620	0.91756327
10.41486182	30.72978592	0.03254172	61.23787297	-30.50808705	10.96200848	6.85012406	0.91723672
10.41857856	30.77849388	0.03249022	62.75971844	-31.98122456	10.96539601	6.85256192	0.91691040
10.42229530	30.81899452	0.03244752	64.54657867	-33.72758415	10.96878467	6.85499977	0.91658432
10.42601204	30.84289169	0.03242238	66.62299754	-35.78010585	10.97217445	6.85743762	0.91625847
10.42972878	30.87622261	0.03238738	69.02213213	-38.14590952	10.97556536	6.85987545	0.91593285
10.43344553	30.94438744	0.03231604	71.78102969	-40.83664225	10.97895740	6.86231328	0.91560747
10.43716227	31.04203606	0.03221438	74.94637819	-43.90434213	10.98235056	6.86475110	0.91528232
10.44087901	31.14769745	0.03210510	78.57482261	-47.42712516	10.98574486	6.86718892	0.91495740
10.44459575	31.24422455	0.03200592	82.73382799	-51.48960344	10.98914028	6.86962673	0.91463271
10.44831249	31.32433891	0.03192406	87.51105516	-56.18671625	10.99253682	6.87206453	0.91430825
10.45202923	31.41794968	0.03182894	93.00897917	-61.59102949	10.99593450	6.87450232	0.91398403
10.45574597	31.52885246	0.03171698	99.35692374	-67.82807128	10.99933330	6.87694011	0.91366003
10.45946272	31.70364952	0.03154211	106.71490115	-75.01125163	11.00273323	6.87937789	0.91333627
10.46317946	31.94601059	0.03130281	115.29836193	-83.35235134	11.00613429	6.88181566	0.91301273
10.46689620	32.25836563	0.03099971	125.39107929	-93.13271366	11.00953648	6.88425342	0.91268943
10.47061294	32.67007828	0.03060905	137.41698589	-104.74690761	11.01293979	6.88669118	0.91236635
10.47432968	33.24946976	0.03007567	152.07147420	-118.82200445	11.01634423	6.88912893	0.91204351
10.47804642	34.09284592	0.02933167	170.64545183	-136.55260591	11.01974980	6.89156667	0.91172089
10.48176316	35.33266449	0.02830242	195.60897151	-160.27630702	11.02315650	6.89400441	0.91139850
10.48547990	37.23162842	0.02685888	231.73981545	-194.50818703	11.02656432	6.89644214	0.91107635
10.48919665	40.25839996	0.02483954	287.84361427	-247.58521431	11.02997327	6.89887986	0.91075442
10.49291339	45.11016464	0.02216795	379.10259260	-333.99242796	11.03338335	6.90131757	0.91043272
10.49663013	52.83449173	0.01892703	529.08756011	-476.25306838	11.03679456	6.90375528	0.91011124
10.50034687	64.70910645	0.01545378	770.31578726	-705.60668081	11.04020689	6.90619298	0.90979000
10.50406361	82.17613983	0.01216898	1140.89754797	-1058.72140813	11.04362035	6.90863067	0.90946898
10.50778035	107.22720337	0.00932599	1676.42626513	-1569.19906176	11.04703494	6.91106836	0.90914819
10.51149709	140.29383850	0.00712790	2395.21459316	-2254.92075466	11.05045066	6.91350603	0.90882763
10.51521384	180.78150940	0.00553154	3282.14212286	-3101.36061346	11.05386750	6.91594370	0.90850730
10.51893058	224.77082825	0.00444898	4274.05787774	-4049.28704949	11.05728547	6.91838137	0.90818719
10.52264732	264.59530640	0.00377936	5253.59085495	-4988.99554856	11.06070457	6.92081902	0.90786730
10.52636406	294.34027100	0.00339743	6050.59307632	-5756.25280533	11.06412480	6.92325667	0.90754765
10.53008080	308.32675171	0.00324331	6474.91828273	-6166.59153102	11.06754615	6.92569431	0.90722822
10.53379754	304.06805420	0.00328874	6399.88802092	-6095.81996672	11.07096863	6.92813194	0.90690901
10.53751428	282.96218872	0.00353404	5849.36606279	-5566.40387407	11.07439224	6.93056957	0.90659003
10.54123102	248.74269104	0.00402022	4979.56002938	-4730.81733834	11.07781698	6.93300719	0.90627128
10.54494777	208.91165161	0.00478671	3980.86614397	-3771.95449236	11.08124284	6.93544480	0.90595275
10.54866451	168.80369568	0.00592404	3009.83206919	-2841.02837351	11.08466983	6.93788241	0.90563445
10.55238125	133.19049072	0.00750804	2167.53603926	-2034.34554854	11.08809795	6.94032000	0.90531637
10.55609799	104.39984131	0.00957856	1502.15222791	-1397.75238660	11.09152720	6.94275759	0.90499851
10.55981473	82.10414886	0.01217965	1017.40255481	-935.29840595	11.09495757	6.94519518	0.90468088
10.56353147	65.63358307	0.01523610	688.36077328	-622.72719021	11.09838907	6.94763275	0.90436348
10.56724821	53.86428452	0.01856518	477.38393818	-423.51965366	11.10182170	6.95007032	0.90404629
10.57096496	45.93239594	0.02177113	347.38541433	-301.45301840	11.10525546	6.95250788	0.90372933
10.57468170	40.87460327	0.02446507	268.31664992	-227.44204664	11.10869034	6.95494544	0.90341260
10.57839844	37.66809082	0.02654767	219.21325377	-181.54516295	11.11212635	6.95738298	0.90309608
10.58211518	35.59897232	0.02809070	187.00784166	-151.40886934	11.11556349	6.95982052	0.90277979
10.58583192	34.30969620	0.02914628	164.22507566	-129.91537946	11.11900176	6.96225805	0.90246372
10.58954866	33.44706345	0.02989799	146.93658476	-113.48952132	11.12244115	6.96469558	0.90214787
10.59326540	32.88035965	0.03041329	133.10703881	-100.22667916	11.12588168	6.96713309	0.90183225
10.59698214	32.44366455	0.03082266	121.66065860	-89.21699405	11.12932333	6.96957060	0.90151685
10.60069889	32.13410950	0.03111958	112.00408751	-79.86997802	11.13276610	6.97200810	0.90120166
10.60441563	31.91375542	0.03133445	103.76307844	-71.84932302	11.13621001	6.97444560	0.90088670
10.60813237	31.75178146	0.03149430	96.67996773	-64.92818627	11.13965504	6.97688309	0.90057196
10.61184911	31.61446762	0.03163109	90.55544027	-58.94097265	11.14310120	6.97932057	0.90025745
10.61556585	31.49678421	0.03174927	85.24042303	-53.74363882	11.14654849	6.98175804	0.89994315
10.61928259	31.38463783	0.03186272	80.61367599	-49.22903816	11.14999690	6.98419551	0.89962907
10.62299933	31.29560661	0.03195337	76.57867793	-45.28307132	11.15344644	6.98663296	0.89931521
10.62671608	31.22525597	0.03202536	73.05300079	-41.82774483	11.15689711	6.98907042	0.89900157
10.63043282	31.16731262	0.03208490	69.97292053	-38.80560791	11.16034891	6.99150786	0.89868816
10.63414956	31.10248184	0.03215178	67.28541006	-36.18292822	11.16380183	6.99394529	0.89837496
10.63786630	31.02767372	0.03222929	64.94746254	-33.91978882	11.16725589	6.99638272	0.89806198
10.64158304	30.96647453	0.03229299	62.92141754	-31.95494301	11.17071107	6.99882015	0.89774922
10.64529978	30.92737579	0.03233381	61.17884627	-30.25147047	11.17416737	7.00125756	0.89743668
10.64901652	30.89590645	0.03236675	59.69654929	-28.80064284	11.17762481	7.00369497	0.89712435
10.65273327	30.87239265	0.03239140	58.45564646	-27.58325380	11.18108337	7.00613237	0.89681225
10.65645001	30.85779190	0.03240673	57.44230385	-26.58451195	11.18454306	7.00856976	0.89650036
10.66016675	30.83034515	0.03243558	56.64458092	-25.81423577	11.18800388	7.01100714	0.89618869
10.66388349	30.77390099	0.03249507	56.05673186	-25.28283088	11.19146582	7.01344452	0.89587724
10.66760023	30.72904015	0.03254251	55.67508277	-24.94604263	11.19492890	7.01588189	0.89556600
10.67131697	30.70531654	0.03256765	55.50006198	-24.79474543	11.19839310	7.01831925	0.89525499
10.67503371	30.68822670	0.03258579	55.53399442	-24.84576772	11.20185842	7.02075661	0.89494419
10.67875045	30.67556190	0.03259924	55.78540002	-25.10983811	11.20532488	7.02319395	0.89463360
10.68246720	30.66362953	0.03261193	56.26533565	-25.60170611	11.20879246	7.02563129	0.89432324
10.68618394	30.64162827	0.03263534	56.99019486	-26.34856659	11.21226117	7.02806863	0.89401308
10.68990068	30.60662460	0.03267267	57.98022122	-27.37359662	11.21573101	7.03050595	0.89370315
10.69361742	30.61954498	0.03265888	59.26484720	-28.64530221	11.21920197	7.03294327	0.89339343
10.69733416	30.65398598	0.03262218	60.87921767	-30.22523169	11.22267407	7.03538058	0.89308393
10.70105090	30.71690178	0.03255537	62.86891075	-32.15200897	11.22614729	7.03781788	0.89277464
10.70476764	30.77286339	0.03249616	65.29004131	-34.51717792	11.22962164	7.04025518	0.89246556
10.70848439	30.83833694	0.03242717	68.21886135	-37.38052440	11.23309711	7.04269247	0.89215670
10.71220113	30.92486954	0.03233643	71.75201716	-40.82714762	11.23657371	7.04512975	0.89184806
10.71591787	31.03895187	0.03221758	76.02539169	-44.98643981	11.24005144	7.04756702	0.89153963
10.71963461	31.19607925	0.03205531	81.24273151	-50.04665225	11.24353030	7.05000429	0.89123142
10.72335135	31.43889618	0.03180773	87.75673518	-56.31783900	11.24701029	7.05244155	0.89092341
10.72706809	31.82954788	0.03141735	96.21215182	-64.38260394	11.25049140	7.05487880	0.89061563
10.73078483	32.41397095	0.03085089	107.85855311	-75.44458217	11.25397364	7.05731604	0.89030805
10.73450157	33.36141968	0.02997474	125.07915185	-91.71773217	11.25745701	7.05975328	0.89000069
10.73821832	34.87856293	0.02867091	152.23525441	-117.35669148	11.26094150	7.06219051	0.88969354
10.74193506	37.27145386	0.02683018	196.64806938	-159.37661552	11.26442713	7.06462773	0.88938661
10.74565180	41.00976944	0.02438443	269.47776742	-228.46799798	11.26791388	7.06706495	0.88907989
10.74936854	46.69654465	0.02141486	385.67515799	-338.97861334	11.27140176	7.06950215	0.88877338
10.75308528	55.16012955	0.01812904	562.38789062	-507.22776107	11.27489076	7.07193935	0.88846708
10.75680202	67.03713989	0.01491710	814.53165474	-747.49451484	11.27838090	7.07437654	0.88816099
10.76051876	82.71333313	0.01208995	1148.46750454	-1065.75417141	11.28187216	7.07681373	0.88785512
10.76423551	101.31275177	0.00987043	1554.56885011	-1453.25609834	11.28536454	7.07925091	0.88754946
10.76795225	120.91876221	0.00827002	2001.89209164	-1880.97332943	11.28885806	7.08168808	0.88724401
10.77166899	138.95069885	0.00719680	2434.52245311	-2295.57175425	11.29235270	7.08412524	0.88693877
10.77538573	151.49919128	0.00660070	2774.55463433	-2623.05544304	11.29584847	7.08656239	0.88663374
10.77910247	156.82290649	0.00637662	2938.43168200	-2781.60877550	11.29934537	7.08899954	0.88632892
10.78281921	154.19612122	0.00648525	2876.65524930	-2722.45912809	11.30284340	7.09143668	0.88602431
10.78653595	144.13339233	0.00693802	2608.55862178	-2464.42522944	11.30634255	7.09387381	0.88571991
10.79025269	128.76623535	0.00776601	2207.83815445	-2079.07191910	11.30984283	7.09631094	0.88541573
10.79396944	110.25204468	0.00907013	1758.60924750	-1648.35720282	11.31334424	7.09874805	0.88511175
10.79768618	92.20721436	0.01084514	1327.46894956	-1235.26173520	11.31684678	7.10118516	0.88480798
10.80140292	76.38623047	0.01309136	957.08267332	-880.69644285	11.32035044	7.10362227	0.88450442
10.80511966	63.28078461	0.01580259	666.45923763	-603.17845302	11.32385523	7.10605936	0.88420107
10.80883640	53.29059601	0.01876504	455.78566367	-402.49506766	11.32736115	7.10849645	0.88389793
10.81255314	45.76164627	0.02185236	313.07106238	-267.30941611	11.33086820	7.11093353	0.88359500
10.81626988	40.47312546	0.02470775	221.63215511	-181.15902966	11.33437637	7.11337060	0.88329228
10.81998663	36.92118073	0.02708472	165.14509583	-128.22391511	11.33788567	7.11580767	0.88298976
10.82370337	34.57726288	0.02892074	130.58816955	-96.01090667	11.34139610	7.11824472	0.88268745
10.82742011	33.10329819	0.03020847	108.90634015	-75.80304197	11.34490766	7.12068178	0.88238535
10.83113685	32.19284821	0.03106280	94.50684411	-62.31399590	11.34842034	7.12311882	0.88208346
10.83485359	31.60253906	0.03164303	84.20431834	-52.60177927	11.35193415	7.12555585	0.88178178
10.83857033	31.19041634	0.03206113	76.30064293	-45.11022659	11.35544909	7.12799288	0.88148030
10.84228707	30.88780022	0.03237524	69.91901109	-39.03121088	11.35896516	7.13042990	0.88117903
10.84600381	30.67595100	0.03259883	64.59228926	-33.91633826	11.36248235	7.13286691	0.88087797
10.84972056	30.53681183	0.03274736	60.06028134	-29.52346951	11.36600068	7.13530392	0.88057711
10.85343730	30.42404938	0.03286873	56.15736272	-25.73331334	11.36952012	7.13774092	0.88027646
10.85715404	30.33557129	0.03296460	52.76844465	-22.43287336	11.37304070	7.14017791	0.87997602
10.86087078	30.25161552	0.03305609	49.80404675	-19.55243122	11.37656240	7.14261489	0.87967578
10.86458752	30.17924690	0.03313535	47.19673486	-17.01748796	11.38008524	7.14505186	0.87937575
10.86830426	30.11103821	0.03321041	44.89147627	-14.78043806	11.38360920	7.14748883	0.87907592
10.87202100	30.05533600	0.03327196	42.84400629	-12.78867030	11.38713428	7.14992579	0.87877630
10.87573775	29.99119568	0.03334312	41.01625444	-11.02505876	11.39066050	7.15236274	0.87847688
10.87945449	29.93984413	0.03340031	39.37846956	-9.43862543	11.39418784	7.15479969	0.87817767
10.88317123	29.92766571	0.03341390	37.85347457	-7.92580886	11.39771631	7.15723663	0.87787866
10.88688797	29.90761375	0.03343630	36.52422945	-6.61661569	11.40124590	7.15967356	0.87757986
10.89060471	29.85895729	0.03349079	35.32001124	-5.46105395	11.40477663	7.16211048	0.87728126
10.89432145	29.80090523	0.03355603	34.22608832	-4.42518309	11.40830848	7.16454739	0.87698287
10.89803819	29.76039696	0.03360170	33.22957263	-3.46917567	11.41184146	7.16698430	0.87668468
10.90175493	29.72728157	0.03363913	32.31963049	-2.59234892	11.41537557	7.16942120	0.87638669
10.90547168	29.70106888	0.03366882	31.48620570	-1.78513682	11.41891080	7.17185809	0.87608891
10.90918842	29.69888496	0.03367130	30.72139081	-1.02250585	11.42244716	7.17429498	0.87579133
10.91290516	29.69548607	0.03367515	30.01810451	-0.32261844	11.42598465	7.17673186	0.87549395
10.91662190	29.68005753	0.03369266	29.37030796	0.30974956	11.42952327	7.17916873	0.87519677
10.92033864	29.66043854	0.03371494	28.77221410	0.88822443	11.43306302	7.18160559	0.87489980
10.92405538	29.64771461	0.03372941	28.21929703	1.42841758	11.43660389	7.18404244	0.87460303
10.92777212	29.64533043	0.03373213	27.70742485	1.93790558	11.44014589	7.18647929	0.87430647
10.93148887	29.61733437	0.03376401	27.23303718	2.38429718	11.44368901	7.18891613	0.87401010
10.93520561	29.59343338	0.03379128	26.79261031	2.80082307	11.44723327	7.19135296	0.87371394
10.93892235	29.56100273	0.03382835	26.38342015	3.17758258	11.45077865	7.19378978	0.87341798
10.94263909	29.54296875	0.03384900	26.00295095	3.54001780	11.45432516	7.19622660	0.87312221
10.94635583	29.50439644	0.03389325	25.64899923	3.85539721	11.45787280	7.19866341	0.87282666
10.95007257	29.47612000	0.03392577	25.31932587	4.15679412	11.46142156	7.20110021	0.87253130
10.95378931	29.45224571	0.03395327	25.01223300	4.44001272	11.46497146	7.20353701	0.87223614
10.95750606	29.45525360	0.03394980	24.72613071	4.72912289	11.46852248	7.20597379	0.87194118
10.96122280	29.45363808	0.03395166	24.45961494	4.99402314	11.47207462	7.20841057	0.87164643
10.96493954	29.43739319	0.03397040	24.21121935	5.22617384	11.47562790	7.21084734	0.87135187
10.96865628	29.42730713	0.03398204	23.97985047	5.44745666	11.47918230	7.21328411	0.87105751
10.97237302	29.41933250	0.03399125	23.76449601	5.65483649	11.48273783	7.21572086	0.87076336
10.97608976	29.42044640	0.03398997	23.57888837	5.84155803	11.48629449	7.21815761	0.87046940
10.97980650	29.40327644	0.03400982	23.39279967	6.01047677	11.48985227	7.22059435	0.87017564
10.98352324	29.39614487	0.03401807	23.22012489	6.17601998	11.49341119	7.22303108	0.86988208
10.98723999	29.39168739	0.03402323	23.06021702	6.33147038	11.49697123	7.22546781	0.86958872
10.99095673	29.37838364	0.03403863	22.91247659	6.46590705	11.50053240	7.22790453	0.86929556
10.99467347	29.35038757	0.03407110	22.77625207	6.57413551	11.50409469	7.23034124	0.86900260
10.99839021	29.32928085	0.03409562	22.65109939	6.67818146	11.50765811	7.23277794	0.86870983
11.00210695	29.29228020	0.03413869	22.53662709	6.75565311	11.51122266	7.23521464	0.86841727
11.00582369	29.28166199	0.03415107	22.43245547	6.84920652	11.51478834	7.23765132	0.86812490
11.00954043	29.28319550	0.03414928	22.33816934	6.94502615	11.51835515	7.24008801	0.86783273
11.01325718	29.30130768	0.03412817	22.25353054	7.04777714	11.52192308	7.24252468	0.86754075
11.01697392	29.29006195	0.03414127	22.17827805	7.11178390	11.52549214	7.24496134	0.86724898
11.02069066	29.28163910	0.03415109	22.11226462	7.16937448	11.52906233	7.24739800	0.86695740
11.02440740	29.28723907	0.03414456	22.05523622	7.23200286	11.53263364	7.24983465	0.86666602
11.02812414	29.27684212	0.03415669	22.00710750	7.26973462	11.53620609	7.25227129	0.86637483
11.03184088	29.28301048	0.03414949	21.96776909	7.31524139	11.53977966	7.25470793	0.86608384
11.03555762	29.29150391	0.03413959	21.93722895	7.35427496	11.54335436	7.25714455	0.86579305
11.03927436	29.30888176	0.03411935	21.91539667	7.39348509	11.54693018	7.25958117	0.86550245
11.04299111	29.29074097	0.03414048	21.90231674	7.38842423	11.55050713	7.26201778	0.86521205
11.04670785	29.29247284	0.03413846	21.89802441	7.39444843	11.55408522	7.26445439	0.86492185
11.05042459	29.30194473	0.03412743	21.90268267	7.39926207	11.55766442	7.26689098	0.86463184
11.05414133	29.30541039	0.03412339	21.91640531	7.38900507	11.56124476	7.26932757	0.86434202
11.05785807	29.29547501	0.03413496	21.93933630	7.35613870	11.56482622	7.27176415	0.86405241
11.06157481	29.28564072	0.03414643	21.97168549	7.31395523	11.56840881	7.27420073	0.86376298
11.06529155	29.28489304	0.03414730	22.01380508	7.27108796	11.57199253	7.27663729	0.86347375
11.06900830	29.28463173	0.03414760	22.06599090	7.21864083	11.57557738	7.27907385	0.86318472
11.07272504	29.28454018	0.03414771	22.12857847	7.15596170	11.57916335	7.28151040	0.86289588
11.07644178	29.28019714	0.03415278	22.20198738	7.07820977	11.58275045	7.28394694	0.86260723
11.08015852	29.28186226	0.03415083	22.28681919	6.99504307	11.58633868	7.28638348	0.86231878
11.08387526	29.28794861	0.03414374	22.38360534	6.90434326	11.58992804	7.28882000	0.86203052
11.08759200	29.29322243	0.03413759	22.49296647	6.80025596	11.59351852	7.29125652	0.86174246
11.09130874	29.29410172	0.03413656	22.61561371	6.67848801	11.59711013	7.29369303	0.86145459
11.09502548	29.30923080	0.03411894	22.75250711	6.55672369	11.60070287	7.29612954	0.86116691
11.09874223	29.30378723	0.03412528	22.90454710	6.39924013	11.60429674	7.29856604	0.86087942
11.10245897	29.33067513	0.03409400	23.07278392	6.25789120	11.60789173	7.30100252	0.86059213
11.10617571	29.33472252	0.03408929	23.25838107	6.07634145	11.61148785	7.30343901	0.86030503
11.10989245	29.33775139	0.03408578	23.46287765	5.87487374	11.61508510	7.30587548	0.86001812
11.11360919	29.30467606	0.03412425	23.68776949	5.61690657	11.61868348	7.30831195	0.85973141
11.11732593	29.28465462	0.03414758	23.93480974	5.34984487	11.62228298	7.31074840	0.85944488
11.12104267	29.28667259	0.03414522	24.20594071	5.08073188	11.62588361	7.31318485	0.85915855
11.12475942	29.31744766	0.03410938	24.50367118	4.81377648	11.62948537	7.31562130	0.85887241
11.12847616	29.36425018	0.03405502	24.83054451	4.53370567	11.63308826	7.31805773	0.85858646
11.13219290	29.39453888	0.03401992	25.18955132	4.20498756	11.63669227	7.32049416	0.85830071
11.13590964	29.41646385	0.03399457	25.58403685	3.83242700	11.64029741	7.32293058	0.85801514
11.13962638	29.43506813	0.03397308	26.01827808	3.41679005	11.64390368	7.32536699	0.85772976
11.14334312	29.46127510	0.03394286	26.49676456	2.96451054	11.64751108	7.32780339	0.85744458
11.14705986	29.47838402	0.03392316	27.02483487	2.45354914	11.65111960	7.33023979	0.85715959
11.15077660	29.49850273	0.03390003	27.60855996	1.88994277	11.65472925	7.33267618	0.85687478
11.15449335	29.50435638	0.03389330	28.25565690	1.24869948	11.65834003	7.33511256	0.85659017
11.15821009	29.53302002	0.03386040	28.97454525	0.55847477	11.66195194	7.33754893	0.85630575
11.16192683	29.54993820	0.03384102	29.77537851	-0.22544031	11.66556497	7.33998530	0.85602151
11.16564357	29.55924416	0.03383036	30.66995679	-1.11071264	11.66917914	7.34242166	0.85573747
11.16936031	29.56520081	0.03382355	31.72319188	-2.15799107	11.67279443	7.34485801	0.85545361
11.17307705	29.58909416	0.03379624	32.85260806	-3.26351390	11.67641084	7.34729435	0.85516995
11.17679379	29.61537552	0.03376624	34.12890941	-4.51353389	11.68002839	7.34973069	0.85488647
11.18051054	29.63090134	0.03374855	35.57724997	-5.94634863	11.68364706	7.35216701	0.85460318
11.18422728	29.64405441	0.03373358	37.23017863	-7.58612421	11.68726686	7.35460333	0.85432008
11.18794402	29.66581917	0.03370883	39.12676564	-9.46094647	11.69088778	7.35703964	0.85403717
11.19166076	29.69855309	0.03367167	41.31779214	-11.61923905	11.69450984	7.35947595	0.85375445
11.19537750	29.76871681	0.03359231	43.87095050	-14.10223369	11.69813302	7.36191224	0.85347191
11.19909424	29.88392639	0.03346280	46.88837133	-17.00444494	11.70175733	7.36434853	0.85318956
11.20281098	30.02506828	0.03330550	50.53293569	-20.50786741	11.70538277	7.36678481	0.85290740
11.20652773	30.18831062	0.03312540	55.09885732	-24.91054670	11.70900933	7.36922109	0.85262543
11.21024447	30.45367050	0.03283676	61.14331895	-30.68964844	11.71263702	7.37165735	0.85234365
11.21396121	30.87524796	0.03238840	69.63336673	-38.75811878	11.71626584	7.37409361	0.85206205
11.21767795	31.53716087	0.03170862	82.73362978	-51.19646891	11.71989579	7.37652986	0.85178064
11.22139469	32.55244446	0.03071966	103.69152978	-71.13908532	11.72352687	7.37896610	0.85149941
11.22511143	34.15186691	0.02928098	137.73973829	-103.58787137	11.72715907	7.38140233	0.85121838
11.22882817	36.60179901	0.02732106	192.13804038	-155.53624137	11.73079240	7.38383856	0.85093752
11.23254491	40.31931686	0.02480201	275.65848736	-235.33917050	11.73442686	7.38627478	0.85065686
11.23626166	45.69608307	0.02188371	396.72432577	-351.02824270	11.73806244	7.38871099	0.85037638
11.23997840	52.93044662	0.01889272	560.48294595	-507.55249932	11.74169915	7.39114719	0.85009609
11.24369514	62.05453491	0.01611486	765.03118695	-702.97665204	11.74533699	7.39358339	0.84981598
11.24741188	72.38925934	0.01381420	998.33780974	-925.94855040	11.74897596	7.39601957	0.84953606
11.25112862	82.35545349	0.01214249	1235.74845432	-1153.39300082	11.75261605	7.39845575	0.84925632
11.25484536	90.37982178	0.01106442	1440.21434770	-1349.83452592	11.75625728	7.40089193	0.84897677
11.25856210	95.16622925	0.01050793	1567.22009246	-1472.05386321	11.75989963	7.40332809	0.84869740
11.26227885	95.85900879	0.01043199	1581.22328219	-1485.36427340	11.76354310	7.40576425	0.84841822
11.26599559	92.46504974	0.01081490	1477.80532038	-1385.34027064	11.76718771	7.40820039	0.84813922
11.26971233	85.55970001	0.01168775	1287.20142051	-1201.64172050	11.77083344	7.41063654	0.84786041
11.27342907	76.62902069	0.01304989	1053.88153293	-977.25251224	11.77448030	7.41307267	0.84758178
11.27714581	67.03588867	0.01491738	817.17482476	-750.13893609	11.77812829	7.41550879	0.84730333
11.28086255	58.05231094	0.01722584	604.69053325	-546.63822231	11.78177741	7.41794491	0.84702507
11.28457929	50.53454971	0.01978844	431.30758166	-380.77303195	11.78542765	7.42038102	0.84674699
11.28829603	44.53947830	0.02245199	300.98731436	-256.44783606	11.78907902	7.42281712	0.84646910
11.29201278	39.95093536	0.02503070	209.75885889	-169.80792353	11.79273152	7.42525322	0.84619139
11.29572952	36.55950928	0.02735266	149.68441770	-113.12490843	11.79638514	7.42768930	0.84591386
11.29944626	34.20106506	0.02923886	111.89285388	-77.69178882	11.80003989	7.43012538	0.84563651
11.30316300	32.66396332	0.03061478	88.68782862	-56.02386530	11.80369578	7.43256145	0.84535935
11.30687974	31.70568275	0.03154009	74.35120332	-42.64552057	11.80735278	7.43499751	0.84508237
11.31059648	31.08642578	0.03216838	65.14984484	-34.06341906	11.81101092	7.43743357	0.84480557
11.31431322	30.65747261	0.03261847	58.85530278	-28.19783016	11.81467018	7.43986962	0.84452895
11.31802997	30.36497498	0.03293268	54.23813752	-23.87316255	11.81833057	7.44230565	0.84425252
11.32174671	30.20408058	0.03310811	50.64708071	-20.44300013	11.82199209	7.44474169	0.84397627
11.32546345	30.11141586	0.03321000	47.74515530	-17.63373944	11.82565474	7.44717771	0.84370020
11.32918019	30.04310036	0.03328551	45.34770042	-15.30460006	11.82931851	7.44961372	0.84342431
11.33289693	29.98762894	0.03334708	43.34531250	-13.35768356	11.83298341	7.45204973	0.84314860
11.33661367	29.92604828	0.03341570	41.66372484	-11.73767656	11.83664944	7.45448573	0.84287307
11.34033041	29.87297821	0.03347507	40.25098977	-10.37801155	11.84031659	7.45692172	0.84259773
11.34404715	29.84892273	0.03350205	39.06693313	-9.21801040	11.84398488	7.45935771	0.84232256
11.34776390	29.86021233	0.03348938	38.08048385	-8.22027153	11.84765429	7.46179369	0.84204758
11.35148064	29.86780930	0.03348086	37.26606104	-7.39825175	11.85132483	7.46422965	0.84177277
11.35519738	29.83667374	0.03351580	36.60427715	-6.76760341	11.85499649	7.46666562	0.84149815
11.35891412	29.82483482	0.03352910	36.12720240	-6.30236757	11.85866929	7.46910157	0.84122371
11.36263086	29.81886864	0.03353581	35.72759335	-5.90872471	11.86234321	7.47153751	0.84094944
11.36634760	29.82157707	0.03353277	35.44332485	-5.62174778	11.86601825	7.47397345	0.84067536
11.37006434	29.82608032	0.03352770	35.26772112	-5.44164080	11.86969443	7.47640938	0.84040145
11.37378109	29.82938576	0.03352399	35.19609356	-5.36670781	11.87337173	7.47884530	0.84012773
11.37749783	29.87070084	0.03347762	35.22583104	-5.35513020	11.87705017	7.48128121	0.83985418
11.38121457	29.91034317	0.03343325	35.35612212	-5.44577895	11.88072972	7.48371712	0.83958081
11.38493131	29.91452408	0.03342858	35.58808667	-5.67356259	11.88441041	7.48615302	0.83930762
11.38864805	29.90115166	0.03344353	35.92469181	-6.02354015	11.88809222	7.48858891	0.83903461
11.39236479	29.88196945	0.03346500	36.37086928	-6.48889982	11.89177517	7.49102479	0.83876178
11.39608153	29.88119125	0.03346587	36.93404022	-7.05284896	11.89545923	7.49346066	0.83848913
11.39979827	29.87183189	0.03347635	37.62381609	-7.75198420	11.89914443	7.49589653	0.83821665
11.40351502	29.88344574	0.03346334	38.45278660	-8.56934086	11.90283075	7.49833239	0.83794436
11.40723176	29.90826988	0.03343557	39.43717962	-9.52890973	11.90651821	7.50076824	0.83767224
11.41094850	29.94638443	0.03339301	40.59661275	-10.65022832	11.91020678	7.50320408	0.83740029
11.41466524	29.96162033	0.03337603	41.95753218	-11.99591185	11.91389649	7.50563992	0.83712853
11.41838198	30.00047112	0.03333281	43.55168689	-13.55121577	11.91758732	7.50807574	0.83685694
11.42209872	30.06660080	0.03325950	45.42031788	-15.35371708	11.92127929	7.51051156	0.83658553
11.42581546	30.14047623	0.03317798	47.61692720	-17.47645098	11.92497237	7.51294737	0.83631430
11.42953221	30.20470047	0.03310743	50.21868750	-20.01398703	11.92866659	7.51538318	0.83604324
11.43324895	30.29452133	0.03300927	53.34087558	-23.04635425	11.93236194	7.51781897	0.83577236
11.43696569	30.44454956	0.03284660	57.18037997	-26.73583041	11.93605841	7.52025476	0.83550166
11.44068243	30.63870811	0.03263845	62.09833114	-31.45962303	11.93975601	7.52269054	0.83523113
11.44439917	30.92572784	0.03233554	68.79046516	-37.86473732	11.94345473	7.52512631	0.83496078
11.44811591	31.41446877	0.03183247	78.55879518	-47.14432642	11.94715459	7.52756207	0.83469060
11.45183265	32.15808868	0.03109638	93.73327343	-61.57518474	11.95085557	7.52999783	0.83442060
11.45554940	33.30394745	0.03002647	118.15828545	-84.85433800	11.95455768	7.53243358	0.83415078
11.45926614	35.12045288	0.02847344	157.62352928	-122.50307640	11.95826091	7.53486932	0.83388113
11.46298288	37.92226028	0.02636974	219.76967019	-181.84740990	11.96196528	7.53730505	0.83361165
11.46669962	42.05285645	0.02377960	313.18680410	-271.13394765	11.96567077	7.53974077	0.83334235
11.47041636	47.88632965	0.02088279	445.24602831	-397.35969866	11.96937739	7.54217649	0.83307323
11.47413310	55.61728287	0.01798002	619.11025834	-563.49297547	11.97308514	7.54461220	0.83280428
11.47784984	64.98967743	0.01538706	829.93799726	-764.94831983	11.97679401	7.54704790	0.83253550
11.48156658	75.04477692	0.01332538	1062.14957416	-987.10479724	11.98050401	7.54948359	0.83226690
11.48528333	84.41014099	0.01184692	1287.84493630	-1203.43479531	11.98421514	7.55191927	0.83199847
11.48900007	91.51151276	0.01092759	1468.08544484	-1376.57393209	11.98792740	7.55435495	0.83173022
11.49271681	95.02832794	0.01052318	1560.10465438	-1465.07632644	11.99164078	7.55679062	0.83146214
11.49643355	94.56305695	0.01057495	1536.90134455	-1442.33828761	11.99535530	7.55922628	0.83119424
11.50015029	90.27857208	0.01107683	1405.80999185	-1315.53141976	11.99907094	7.56166193	0.83092650
11.50386703	83.05717468	0.01203990	1202.79490975	-1119.73773507	12.00278770	7.56409758	0.83065894
11.50758377	74.11333466	0.01349285	970.79966787	-896.68633321	12.00650560	7.56653321	0.83039156
11.51130052	64.95442963	0.01539541	744.85806384	-679.90363421	12.01022462	7.56896884	0.83012435
11.51501726	56.62299728	0.01766067	547.95091237	-491.32791509	12.01394477	7.57140446	0.82985731
11.51873400	49.60958099	0.02015740	390.99691283	-341.38733184	12.01766605	7.57384008	0.82959044
11.52245074	43.98111343	0.02273703	275.35259166	-231.37147822	12.02138845	7.57627568	0.82932374
11.52616748	39.67977524	0.02520176	195.79896872	-156.11919348	12.02511198	7.57871128	0.82905722
11.52988422	36.54168320	0.02736601	144.13782260	-107.59613941	12.02883664	7.58114687	0.82879087
11.53360096	34.35750961	0.02910572	111.93812566	-77.58061605	12.03256243	7.58358245	0.82852469
11.53731770	32.92546844	0.03037163	92.26376834	-59.33829989	12.03628935	7.58601802	0.82825868
11.54103445	32.03036499	0.03122037	80.12947686	-48.09911186	12.04001739	7.58845358	0.82799285
11.54475119	31.46152878	0.03178485	72.34796996	-40.88644118	12.04374656	7.59088914	0.82772719
11.54846793	31.12028694	0.03213338	67.08796918	-35.96768223	12.04747686	7.59332469	0.82746169
11.55218467	30.90454483	0.03235770	63.26016519	-32.35562036	12.05120828	7.59576023	0.82719637
11.55590141	30.76805687	0.03250124	60.36887055	-29.60081368	12.05494083	7.59819576	0.82693122
11.55961815	30.69576073	0.03257779	58.13568091	-27.43992018	12.05867451	7.60063129	0.82666624
11.56333489	30.66625595	0.03260913	56.40422518	-25.73796923	12.06240932	7.60306681	0.82640143
11.56705164	30.63023758	0.03264748	55.08259228	-24.45235470	12.06614526	7.60550231	0.82613680
11.57076838	30.59177589	0.03268852	54.10896015	-23.51718425	12.06988232	7.60793782	0.82587233
11.57448512	30.57338524	0.03270819	53.44078546	-22.86740022	12.07362051	7.61037331	0.82560803
11.57820186	30.56082916	0.03272163	53.04484076	-22.48401160	12.07735983	7.61280879	0.82534390
11.58191860	30.57208633	0.03270958	52.89844374	-22.32635741	12.08110027	7.61524427	0.82507994
11.58563534	30.60999107	0.03266907	52.98473307	-22.37474199	12.08484185	7.61767974	0.82481615
11.58935208	30.63511086	0.03264228	53.29404913	-22.65893828	12.08858455	7.62011520	0.82455254
11.59306882	30.63419914	0.03264326	53.81957629	-23.18537714	12.09232837	7.62255065	0.82428909
11.59678557	30.65355110	0.03262265	54.56035110	-23.90679999	12.09607333	7.62498610	0.82402580
11.60050231	30.67710495	0.03259760	55.51876417	-24.84165922	12.09981941	7.62742153	0.82376269
11.60421905	30.70019531	0.03257308	56.70316640	-26.00297109	12.10356662	7.62985696	0.82349975
11.60793579	30.72633553	0.03254537	58.12394006	-27.39760454	12.10731496	7.63229238	0.82323698
11.61165253	30.80603981	0.03246117	59.79711353	-28.99107372	12.11106443	7.63472780	0.82297437
11.61536927	30.86382484	0.03240039	61.74262409	-30.87879925	12.11481502	7.63716320	0.82271193
11.61908601	30.91120148	0.03235073	63.98834415	-33.07714267	12.11856674	7.63959860	0.82244966
11.62280276	30.94740868	0.03231288	66.56638888	-35.61898020	12.12231959	7.64203399	0.82218756
11.62651950	30.99686432	0.03226133	69.51676954	-38.51990522	12.12607356	7.64446937	0.82192563
11.63023624	31.05070496	0.03220539	72.88775843	-41.83705347	12.12982867	7.64690474	0.82166387
11.63395298	31.10665512	0.03214746	76.74216281	-45.63550769	12.13358490	7.64934010	0.82140227
11.63766972	31.20282745	0.03204838	81.15297972	-49.95015227	12.13734226	7.65177546	0.82114084
11.64138646	31.34266090	0.03190540	86.21107624	-54.86841534	12.14110074	7.65421081	0.82087957
11.64510320	31.48835373	0.03175777	92.02736852	-60.53901479	12.14486035	7.65664615	0.82061848
11.64881994	31.62331963	0.03162223	98.74750418	-67.12418456	12.14862110	7.65908148	0.82035755
11.65253669	31.80113792	0.03144542	106.55240968	-74.75127176	12.15238296	7.66151681	0.82009679
11.65625343	32.06563187	0.03118604	115.68891725	-83.62328539	12.15614596	7.66395212	0.81983619
11.65997017	32.41929626	0.03084583	126.51473783	-94.09544157	12.15991008	7.66638743	0.81957576
11.66368691	32.89318466	0.03040143	139.62338283	-106.73019816	12.16367533	7.66882273	0.81931550
11.66740365	33.54471970	0.02981095	156.05851607	-122.51379637	12.16744171	7.67125802	0.81905540
11.67112039	34.49753571	0.02898758	177.79442950	-143.29689379	12.17120922	7.67369331	0.81879547
11.67483713	35.94931030	0.02781695	208.57051811	-172.62120780	12.17497785	7.67612858	0.81853570
11.67855388	38.23460007	0.02615432	255.18790745	-216.95330739	12.17874761	7.67856385	0.81827610
11.68227062	41.83162308	0.02390536	329.30678328	-287.47516020	12.18251850	7.68099911	0.81801667
11.68598736	47.53854752	0.02103556	449.05850414	-401.51995663	12.18629052	7.68343436	0.81775740
11.68970410	56.30129623	0.01776158	639.75781374	-583.45651751	12.19006366	7.68586961	0.81749830
11.69342084	69.38899994	0.01441151	931.90426812	-862.51526818	12.19383793	7.68830484	0.81723936
11.69713758	88.25814819	0.01133040	1355.79781272	-1267.53966453	12.19761333	7.69074007	0.81698058
11.70085432	113.96260071	0.00877481	1930.92292440	-1816.96032369	12.20138986	7.69317529	0.81672197
11.70457107	146.54597473	0.00682380	2653.62294031	-2507.07696558	12.20516751	7.69561050	0.81646353
11.70828781	183.52720642	0.00544878	3484.83315791	-3301.30595149	12.20894629	7.69804570	0.81620525
11.71200455	220.51039124	0.00453493	4343.34956211	-4122.83917088	12.21272620	7.70048090	0.81594713
11.71572129	251.54110718	0.00397549	5102.76417331	-4851.22306613	12.21650724	7.70291608	0.81568918
11.71943803	271.44107056	0.00368404	5606.50047780	-5335.05940724	12.22028940	7.70535126	0.81543139
11.72315477	277.18637085	0.00360768	5718.81845179	-5441.63208094	12.22407269	7.70778643	0.81517377
11.72687151	267.90774536	0.00373263	5405.21027893	-5137.30253357	12.22785711	7.71022160	0.81491631
11.73058825	245.85006714	0.00406752	4758.06877143	-4512.21870429	12.23164266	7.71265675	0.81465901
11.73430500	215.16737366	0.00464754	3932.57256922	-3717.40519557	12.23542933	7.71509190	0.81440188
11.73802174	180.94152832	0.00552665	3074.42518310	-2893.48365478	12.23921714	7.71752703	0.81414490
11.74173848	147.81011963	0.00676544	2288.16308803	-2140.35296841	12.24300607	7.71996216	0.81388810
11.74545522	118.77439117	0.00841932	1634.43573378	-1515.66134261	12.24679612	7.72239729	0.81363145
11.74917196	94.90225220	0.01053716	1133.76583262	-1038.86358042	12.25058731	7.72483240	0.81337497
11.75288870	76.12511444	0.01313627	777.06661618	-700.94150174	12.25437962	7.72726751	0.81311865
11.75660544	61.92520523	0.01614851	537.96765928	-476.04245405	12.25817306	7.72970260	0.81286249
11.76032219	51.62327194	0.01937111	385.24582829	-333.62255635	12.26196762	7.73213769	0.81260649
11.76403893	44.59071732	0.02242619	290.39115030	-245.80043298	12.26576332	7.73457277	0.81235066
11.76775567	39.97676086	0.02501453	231.52938528	-191.55262442	12.26956014	7.73700785	0.81209499
11.77147241	37.04663849	0.02699300	193.80461395	-156.75797546	12.27335809	7.73944291	0.81183948
11.77518915	35.22992706	0.02838496	168.16416818	-132.93424112	12.27715717	7.74187797	0.81158413
11.77890589	34.10171890	0.02932404	149.47254234	-115.37082344	12.28095737	7.74431302	0.81132894
11.78262263	33.40053558	0.02993964	134.98151088	-101.58097530	12.28475870	7.74674806	0.81107392
11.78633937	32.89287567	0.03040172	123.23437556	-90.34149989	12.28856116	7.74918309	0.81081905
11.79005612	32.52018356	0.03075013	113.45397017	-80.93378661	12.29236475	7.75161812	0.81056435
11.79377286	32.24696732	0.03101067	105.18311233	-72.93614501	12.29616946	7.75405313	0.81030981
11.79748960	32.05307388	0.03119826	98.12830926	-66.07523537	12.29997531	7.75648814	0.81005543
11.80120634	31.89338493	0.03135446	92.07412247	-60.18073753	12.30378228	7.75892314	0.80980120
11.80492308	31.73230171	0.03151363	86.86378004	-55.13147833	12.30759037	7.76135813	0.80954714
11.80863982	31.58865547	0.03165693	82.37211640	-50.78346093	12.31139960	7.76379312	0.80929324
11.81235656	31.50566101	0.03174033	78.50115366	-46.99549265	12.31520995	7.76622809	0.80903950
11.81607331	31.47006035	0.03177623	75.16777132	-43.69771097	12.31902143	7.76866306	0.80878592
11.81979005	31.42211914	0.03182472	72.30896116	-40.88684202	12.32283404	7.77109802	0.80853250
11.82350679	31.34550667	0.03190250	69.87264332	-38.52713665	12.32664777	7.77353297	0.80827924
11.82722353	31.27241516	0.03197706	67.81880737	-36.54639221	12.33046263	7.77596791	0.80802614
11.83094027	31.21467400	0.03203621	66.11290586	-34.89823186	12.33427862	7.77840284	0.80777319
11.83465701	31.15880203	0.03209366	64.73106388	-33.57226185	12.33809574	7.78083777	0.80752041
11.83837375	31.12623215	0.03212724	63.65481941	-32.52858726	12.34191399	7.78327269	0.80726779
11.84209049	31.12463570	0.03212889	62.87358334	-31.74894765	12.34573336	7.78570760	0.80701532
11.84580724	31.14678383	0.03210604	62.36317190	-31.21638808	12.34955386	7.78814250	0.80676301
11.84952398	31.12629128	0.03212718	62.15735959	-31.03106831	12.35337549	7.79057739	0.80651086
11.85324072	31.08919716	0.03216551	62.24471650	-31.15551934	12.35719824	7.79301228	0.80625887
11.85695746	31.06048775	0.03219524	62.63889239	-31.57840465	12.36102212	7.79544716	0.80600704
11.86067420	31.07082748	0.03218453	63.35787308	-32.28704559	12.36484714	7.79788203	0.80575537
11.86439094	31.07661629	0.03217854	64.42976114	-33.35314485	12.36867327	7.80031689	0.80550385
11.86810768	31.10341835	0.03215081	65.89122366	-34.78780531	12.37250054	7.80275174	0.80525250
11.87182443	31.09878349	0.03215560	67.79428024	-36.69549674	12.37632893	7.80518658	0.80500129
11.87554117	31.11831856	0.03213541	70.20442760	-39.08610905	12.38015845	7.80762142	0.80475025
11.87925791	31.20066833	0.03205060	73.21413576	-42.01346742	12.38398910	7.81005625	0.80449937
11.88297465	31.34844780	0.03189951	76.95676261	-45.60831481	12.38782087	7.81249107	0.80424864
11.88669139	31.52310181	0.03172277	81.65198421	-50.12888241	12.39165378	7.81492588	0.80399807
11.89040813	31.74691200	0.03149913	87.68072687	-55.93381486	12.39548781	7.81736068	0.80374765
11.89412487	32.09583664	0.03115669	95.75838912	-63.66255248	12.39932297	7.81979548	0.80349740
11.89784161	32.65160751	0.03062636	107.23876230	-74.58715478	12.40315925	7.82223026	0.80324730
11.90155836	33.52350235	0.02982982	124.63072794	-91.10722559	12.40699666	7.82466504	0.80299735
11.90527510	34.90431213	0.02864976	152.26674179	-117.36242965	12.41083520	7.82709981	0.80274756
11.90899184	37.08539963	0.02696479	197.05839205	-159.97299243	12.41467487	7.82953457	0.80249793
11.91270858	40.45726013	0.02471744	268.91215036	-228.45489023	12.41851567	7.83196933	0.80224846
11.91642532	45.57100677	0.02194378	380.33296214	-334.76195536	12.42235759	7.83440407	0.80199914
11.92014206	53.11693192	0.01882639	544.40272532	-491.28579340	12.42620064	7.83683881	0.80174997
11.92385880	63.58092499	0.01572799	771.05312636	-707.47220137	12.43004482	7.83927354	0.80150096
11.92757555	77.10919189	0.01296862	1061.84265501	-984.73346312	12.43389013	7.84170826	0.80125211
11.93129229	92.95917511	0.01075741	1405.15031686	-1312.19114175	12.43773656	7.84414297	0.80100341
11.93500903	109.38720703	0.00914184	1771.72683629	-1662.33962926	12.44158412	7.84657768	0.80075487
11.93872577	124.05850220	0.00806071	2113.51502390	-1989.45652170	12.44543281	7.84901237	0.80050649
11.94244251	134.49475098	0.00743523	2366.68498971	-2232.19023874	12.44928262	7.85144706	0.80025825
11.94615925	138.90406799	0.00719921	2467.98724365	-2329.08317565	12.45313357	7.85388174	0.80001018
11.94987599	136.68527222	0.00731608	2386.90603809	-2250.22076587	12.45698564	7.85631641	0.79976225
11.95359273	128.49389648	0.00778247	2147.89888853	-2019.40499204	12.46083884	7.85875108	0.79951448
11.95730948	116.01158905	0.00861983	1812.53060231	-1696.51901326	12.46469316	7.86118573	0.79926687
11.96102622	101.43350220	0.00985868	1445.47787815	-1344.04437595	12.46854862	7.86362038	0.79901941
11.96474296	86.73136902	0.01152985	1097.04295886	-1010.31158984	12.47240520	7.86605502	0.79877210
11.96845970	73.49887085	0.01360565	798.57144637	-725.07257552	12.47626291	7.86848965	0.79852495
11.97217644	62.28644180	0.01605486	563.80688150	-501.52043970	12.48012174	7.87092427	0.79827795
11.97589318	53.26153564	0.01877528	392.24836906	-338.98683342	12.48398171	7.87335888	0.79803111
11.97960992	46.27127457	0.02161168	274.73667158	-228.46539701	12.48784280	7.87579349	0.79778442
11.98332667	41.09891891	0.02433154	198.32246244	-157.22354352	12.49170502	7.87822808	0.79753788
11.98704341	37.45428085	0.02669922	150.31255740	-112.85827655	12.49556836	7.88066267	0.79729149
11.99076015	35.02380371	0.02855201	120.44271742	-85.41891371	12.49943284	7.88309725	0.79704526
11.99447689	33.43140030	0.02991200	101.44023072	-68.00883042	12.50329844	7.88553182	0.79679918
11.99819363	32.43915939	0.03082694	88.71389128	-56.27473189	12.50716517	7.88796639	0.79655326
12.00191037	31.82588577	0.03142096	79.58302809	-47.75714231	12.51103302	7.89040094	0.79630748
12.00562711	31.44322205	0.03180336	72.58393426	-41.14071222	12.51490201	7.89283549	0.79606186
12.00934386	31.19314003	0.03205833	66.93651979	-35.74337976	12.51877212	7.89527003	0.79581639
12.01306060	31.02033997	0.03223691	62.22832718	-31.20798721	12.52264336	7.89770456	0.79557108
12.01677734	30.87235260	0.03239144	58.22365876	-27.35130615	12.52651572	7.90013908	0.79532591
12.02049408	30.71562576	0.03255672	54.77582939	-24.06020362	12.53038922	7.90257360	0.79508090
12.02421082	30.60443115	0.03267501	51.78029087	-21.17585972	12.53426384	7.90500810	0.79483604
12.02792756	30.55307198	0.03272993	49.16156469	-18.60849271	12.53813959	7.90744260	0.79459133
12.03164430	30.50363731	0.03278298	46.85980012	-16.35616280	12.54201646	7.90987709	0.79434677
12.03536104	30.44032097	0.03285116	44.82747569	-14.38715472	12.54589447	7.91231157	0.79410236
12.03907779	30.37336922	0.03292358	43.02415042	-12.65078120	12.54977360	7.91474604	0.79385811
12.04279453	30.32993698	0.03297072	41.41825787	-11.08832089	12.55365386	7.91718050	0.79361400
12.04651127	30.29670906	0.03300689	39.98313570	-9.68642664	12.55753525	7.91961496	0.79337005
12.05022801	30.29262352	0.03301134	38.69692387	-8.40430035	12.56141776	7.92204941	0.79312625
12.05394475	30.27204895	0.03303377	37.54017348	-7.26812453	12.56530140	7.92448385	0.79288259
12.05766149	30.23122025	0.03307839	36.49749993	-6.26627969	12.56918617	7.92691828	0.79263909
12.06137823	30.19191933	0.03312145	35.55564807	-5.36372875	12.57307207	7.92935270	0.79239574
12.06509498	30.18286896	0.03313138	34.70349498	-4.52062602	12.57695909	7.93178711	0.79215254
12.06881172	30.18331909	0.03313088	33.93080392	-3.74748483	12.58084725	7.93422152	0.79190949
12.07252846	30.13989830	0.03317861	33.22944476	-3.08954646	12.58473652	7.93665592	0.79166659
12.07624520	30.10560226	0.03321641	32.59230923	-2.48670697	12.58862693	7.93909031	0.79142384
12.07996194	30.08345032	0.03324087	32.01333323	-1.92988291	12.59251847	7.94152469	0.79118123
12.08367868	30.03472900	0.03329479	31.48674146	-1.45201245	12.59641113	7.94395906	0.79093878
12.08739542	29.99073982	0.03334363	31.00803410	-1.01729428	12.60030492	7.94639342	0.79069648
12.09111216	29.99689865	0.03333678	30.57314209	-0.57624344	12.60419984	7.94882778	0.79045433
12.09482891	30.01434708	0.03331740	30.21383781	-0.19949074	12.60809588	7.95126212	0.79021232
12.09854565	30.00588608	0.03332679	29.85640677	0.14947931	12.61199305	7.95369646	0.78997047
12.10226239	29.99399948	0.03334000	29.53334059	0.46065889	12.61589135	7.95613079	0.78972876
12.10597913	29.98776436	0.03334693	29.24228009	0.74548427	12.61979078	7.95856512	0.78948720
12.10969587	29.96876144	0.03336808	28.98121268	0.98754877	12.62369133	7.96099943	0.78924579
12.11341261	29.94368172	0.03339603	28.74810403	1.19557768	12.62759302	7.96343373	0.78900453
12.11712935	29.92958832	0.03341175	28.54143845	1.38814987	12.63149583	7.96586803	0.78876342
12.12084610	29.94465828	0.03339494	28.35988172	1.58477656	12.63539976	7.96830232	0.78852245
12.12456284	29.94305038	0.03339673	28.20228554	1.74076484	12.63930483	7.97073660	0.78828164
12.12827958	29.89631081	0.03344894	28.06746238	1.82884842	12.64321102	7.97317087	0.78804097
12.13199632	29.86474419	0.03348430	27.95458801	1.91015618	12.64711834	7.97560514	0.78780045
12.13571306	29.88098907	0.03346609	27.86299941	2.01798966	12.65102679	7.97803939	0.78756008
12.13942980	29.92298698	0.03341912	27.79212249	2.13086449	12.65493636	7.98047364	0.78731985
12.14314654	29.93316078	0.03340776	27.74136033	2.19180045	12.65884707	7.98290788	0.78707977
12.14686328	29.92523193	0.03341662	27.63296517	2.29226677	12.66275890	7.98534211	0.78683984
12.15058003	29.91007805	0.03343355	27.62181118	2.28826687	12.66667185	7.98777633	0.78660006
12.15429677	29.90195656	0.03344263	27.63014095	2.27181561	12.67058594	7.99021054	0.78636042
12.15801351	29.91645241	0.03342642	27.65781957	2.25863283	12.67450115	7.99264474	0.78612093
12.16173025	29.92706871	0.03341457	27.70491467	2.22215404	12.67841749	7.99507894	0.78588158
12.16544699	29.91713905	0.03342566	27.77171461	2.14542445	12.68233496	7.99751313	0.78564239
12.16916373	29.89938736	0.03344550	27.85848079	2.04090657	12.68625355	7.99994731	0.78540334
12.17288047	29.87434387	0.03347354	27.96552341	1.90882047	12.69017328	8.00238148	0.78516443
12.17659722	29.86061478	0.03348893	28.09330857	1.76730620	12.69409413	8.00481564	0.78492567
12.18031396	29.89044380	0.03345551	28.24260150	1.64784230	12.69801611	8.00724979	0.78468706
12.18403070	29.93960190	0.03340058	28.41406874	1.52553316	12.70193921	8.00968394	0.78444859
12.18774744	29.92585945	0.03341592	28.60860734	1.31725211	12.70586344	8.01211808	0.78421027
12.19146418	29.87398911	0.03347394	28.82707300	1.04691610	12.70978880	8.01455221	0.78397210
12.19518092	29.84391022	0.03350767	29.07085545	0.77305477	12.71371529	8.01698633	0.78373407
12.19889766	29.84639549	0.03350488	29.34118758	0.50520791	12.71764291	8.01942044	0.78349618
12.20261440	29.88616943	0.03346029	29.63960219	0.24656725	12.72157165	8.02185454	0.78325844
12.20633115	29.94772911	0.03339151	29.96763832	-0.01990921	12.72550152	8.02428864	0.78302085
12.21004789	29.97982788	0.03335576	30.32751052	-0.34768263	12.72943252	8.02672272	0.78278340
12.21376463	29.98767662	0.03334703	30.72128015	-0.73360353	12.73336465	8.02915680	0.78254610
12.21748137	29.98239708	0.03335290	31.15142681	-1.16902973	12.73729790	8.03159087	0.78230894
12.22119811	29.97013474	0.03336655	31.62051940	-1.65038467	12.74123228	8.03402493	0.78207192
12.22491485	29.95559692	0.03338274	32.13204612	-2.17644919	12.74516779	8.03645899	0.78183505
12.22863159	29.97461319	0.03336156	32.68938658	-2.71477339	12.74910442	8.03889303	0.78159832
12.23234834	30.03486824	0.03329464	33.29654244	-3.26167420	12.75304219	8.04132707	0.78136174
12.23606508	30.11993027	0.03320061	33.95777412	-3.83784386	12.75698108	8.04376109	0.78112530
12.23978182	30.14974213	0.03316778	34.67868298	-4.52894085	12.76092110	8.04619511	0.78088901
12.24349856	30.13232994	0.03318695	35.46486883	-5.33253889	12.76486224	8.04862912	0.78065286
12.24721530	30.12746239	0.03319231	36.32297392	-6.19551154	12.76880452	8.05106313	0.78041685
12.25093204	30.16517639	0.03315081	37.26056348	-7.09538708	12.77274792	8.05349712	0.78018098
12.25464878	30.19789124	0.03311490	38.28593328	-8.08804204	12.77669245	8.05593110	0.77994526
12.25836553	30.22121048	0.03308934	39.40975676	-9.18854628	12.78063810	8.05836508	0.77970969
12.26208227	30.25600243	0.03305129	40.64317459	-10.38717216	12.78458489	8.06079905	0.77947425
12.26579901	30.28074265	0.03302429	41.99945438	-11.71871174	12.78853280	8.06323301	0.77923896
12.26951575	30.27745056	0.03302788	43.49348451	-13.21603395	12.79248184	8.06566696	0.77900381
12.27323249	30.31606293	0.03298581	45.14423865	-14.82817572	12.79643200	8.06810090	0.77876881
12.27694923	30.38261604	0.03291356	46.97228798	-16.58967193	12.80038329	8.07053484	0.77853394
12.28066597	30.41004562	0.03288387	49.00239170	-18.59234607	12.80433572	8.07296876	0.77829922
12.28438271	30.43679047	0.03285498	51.26303997	-20.82624950	12.80828926	8.07540268	0.77806464
12.28809946	30.49136162	0.03279617	53.79054254	-23.29918092	12.81224394	8.07783659	0.77783021
12.29181620	30.57541847	0.03270601	56.62581565	-26.05039718	12.81619975	8.08027049	0.77759591
12.29553294	30.65169907	0.03262462	59.81895258	-29.16725351	12.82015668	8.08270438	0.77736176
12.29924968	30.73640251	0.03253471	63.42940698	-32.69300447	12.82411474	8.08513826	0.77712775
12.30296642	30.83116341	0.03243472	67.53370114	-36.70253773	12.82807392	8.08757214	0.77689388
12.30668316	30.94415855	0.03231628	72.22253280	-41.27837425	12.83203424	8.09000601	0.77666015
12.31039990	31.06231689	0.03219335	77.61184636	-46.54952946	12.83599568	8.09243986	0.77642657
12.31411665	31.21202278	0.03203894	83.85145518	-52.63943240	12.83995825	8.09487371	0.77619312
12.31783339	31.42309189	0.03182373	91.15782243	-59.73473054	12.84392194	8.09730755	0.77595982
12.32155013	31.72030258	0.03152555	99.85458145	-68.13427887	12.84788677	8.09974139	0.77572666
12.32526687	32.09766388	0.03115492	110.49366389	-78.39600001	12.85185272	8.10217521	0.77549364
12.32898361	32.63555145	0.03064143	124.07827199	-91.44272054	12.85581980	8.10460902	0.77526075
12.33270035	33.47053909	0.02987702	142.51092785	-109.04038876	12.85978800	8.10704283	0.77502801
12.33641709	34.78368759	0.02874911	169.28309284	-134.49940525	12.86375734	8.10947663	0.77479541
12.34013383	36.82737732	0.02715371	210.52091432	-173.69353700	12.86772780	8.11191042	0.77456296
12.34385058	40.01231766	0.02499230	276.14818553	-236.13586787	12.87169939	8.11434420	0.77433064
12.34756732	44.90111542	0.02227116	380.87661892	-335.97550350	12.87567211	8.11677797	0.77409846
12.35128406	52.28038406	0.01912763	543.86551914	-491.58513508	12.87964595	8.11921174	0.77386642
12.35500080	63.18857193	0.01582565	786.46214996	-723.27357803	12.88362092	8.12164549	0.77363452
12.35871754	78.43371582	0.01274962	1126.93267308	-1048.49895726	12.88759702	8.12407924	0.77340276
12.36243428	98.69968414	0.01013174	1573.34036899	-1474.64068485	12.89157425	8.12651298	0.77317114
12.36615102	123.12550354	0.00812179	2114.40820753	-1991.28270399	12.89555260	8.12894671	0.77293966
12.36986777	149.88333130	0.00667186	2712.86549965	-2562.98216835	12.89953209	8.13138043	0.77270832
12.37358451	175.52471924	0.00569720	3301.22869741	-3125.70397817	12.90351270	8.13381414	0.77247712
12.37730125	195.92932129	0.00510388	3783.98366617	-3588.05434488	12.90749443	8.13624784	0.77224606
12.38101799	207.90818787	0.00480982	4052.70377076	-3844.79558289	12.91147730	8.13868154	0.77201513
12.38473473	209.39041138	0.00477577	4031.66645454	-3822.27604317	12.91546129	8.14111523	0.77178435
12.38845147	200.72155762	0.00498203	3727.43321123	-3526.71165361	12.91944641	8.14354890	0.77155370
12.39216821	183.69833374	0.00544371	3223.55331449	-3039.85498075	12.92343266	8.14598257	0.77132320
12.39588495	161.45170593	0.00619380	2628.59687954	-2467.14517361	12.92742003	8.14841624	0.77109283
12.39960170	137.45645142	0.00727503	2034.96410022	-1897.50764880	12.93140853	8.15084989	0.77086260
12.40331844	114.61248779	0.00872505	1505.83725164	-1391.22476385	12.93539816	8.15328353	0.77063250
12.40703518	94.57335663	0.01057380	1074.17508424	-979.60172761	12.93938892	8.15571717	0.77040255
12.41075192	77.85812378	0.01284387	748.21919358	-670.36106980	12.94338080	8.15815080	0.77017273
12.41446866	64.34214020	0.01554191	518.14538553	-453.80324534	12.94737382	8.16058441	0.76994306
12.41818540	53.90624237	0.01855073	364.77612043	-310.86987806	12.95136796	8.16301802	0.76971352
12.42190214	46.28852463	0.02160363	266.73124911	-220.44272448	12.95536322	8.16545162	0.76948411
12.42561889	40.98337936	0.02440014	205.44283384	-164.45945447	12.95935962	8.16788522	0.76925485
12.42933563	37.48907471	0.02667444	166.92054650	-129.43147179	12.96335714	8.17031880	0.76902572
12.43305237	35.26715469	0.02835500	141.82338723	-106.55623254	12.96735579	8.17275238	0.76879673
12.43676911	33.86491394	0.02952909	124.44921709	-90.58430314	12.97135557	8.17518594	0.76856788
12.44048585	32.94887543	0.03035005	111.53106765	-78.58219222	12.97535647	8.17761950	0.76833916
12.44420259	32.33651352	0.03092479	101.45792166	-69.12140814	12.97935851	8.18005305	0.76811058
12.44791933	31.92593384	0.03132250	93.25929482	-61.33336098	12.98336167	8.18248659	0.76788214
12.45163607	31.65767288	0.03158792	86.40277479	-54.74510191	12.98736596	8.18492013	0.76765383
12.45535282	31.49675560	0.03174930	80.59437189	-49.09761629	12.99137137	8.18735365	0.76742566
12.45906956	31.37867165	0.03186878	75.63729520	-44.25862356	12.99537791	8.18978716	0.76719763
12.46278630	31.27280617	0.03197666	71.38864459	-40.11583842	12.99938558	8.19222067	0.76696973
12.46650304	31.15193748	0.03210073	67.74076665	-36.58882916	13.00339438	8.19465417	0.76674197
12.47021978	31.01993179	0.03223734	64.60568662	-33.58575483	13.00740431	8.19708766	0.76651435
12.47393652	30.94285583	0.03231764	61.91678639	-30.97393055	13.01141536	8.19952114	0.76628686
12.47765326	30.93017387	0.03233089	59.62017620	-28.69000233	13.01542754	8.20195461	0.76605951
12.48137001	30.92750359	0.03233368	57.67333015	-26.74582656	13.01944085	8.20438807	0.76583229
12.48508675	30.85909271	0.03240536	56.04058199	-25.18148928	13.02345528	8.20682153	0.76560521
12.48880349	30.78082085	0.03248776	54.69627191	-23.91545106	13.02747085	8.20925498	0.76537826
12.49252023	30.76046753	0.03250926	53.62123594	-22.86076841	13.03148754	8.21168841	0.76515145
12.49623697	30.74217033	0.03252861	52.80222380	-22.06005346	13.03550536	8.21412184	0.76492478
12.49995371	30.71072578	0.03256191	52.23019474	-21.51946896	13.03952430	8.21655526	0.76469824
12.50367045	30.70892715	0.03256382	51.90284887	-21.19392172	13.04354437	8.21898867	0.76447183
12.50738720	30.71742630	0.03255481	51.82388468	-21.10645838	13.04756557	8.22142208	0.76424556
12.51110394	30.70279503	0.03257032	52.00226771	-21.29947268	13.05158790	8.22385547	0.76401942
12.51482068	30.68165016	0.03259277	52.45273496	-21.77108480	13.05561136	8.22628886	0.76379342
12.51853742	30.65594864	0.03262010	53.19836026	-22.54241162	13.05963594	8.22872223	0.76356755
12.52225416	30.63207436	0.03264552	54.27332695	-23.64125259	13.06366165	8.23115560	0.76334182
12.52597090	30.62836075	0.03264948	55.72414869	-25.09578794	13.06768849	8.23358896	0.76311622
12.52968764	30.70387077	0.03256918	57.61880906	-26.91493828	13.07171646	8.23602231	0.76289076
12.53340438	30.82261467	0.03244371	60.06423792	-29.24162325	13.07574555	8.23845566	0.76266543
12.53712113	30.95932961	0.03230044	63.24725034	-32.28792073	13.07977577	8.24088899	0.76244023
12.54083787	31.11018944	0.03214381	67.50605491	-36.39586548	13.08380712	8.24332231	0.76221517
12.54455461	31.32707214	0.03192127	73.47863253	-42.15156039	13.08783960	8.24575563	0.76199024
12.54827135	31.69957542	0.03154616	82.34450197	-50.64492654	13.09187320	8.24818894	0.76176544
12.55198809	32.36483383	0.03089773	96.19601313	-63.83117929	13.09590793	8.25062224	0.76154078
12.55570483	33.45357513	0.02989217	118.45178941	-84.99821428	13.09994379	8.25305553	0.76131625
12.55942157	35.09557343	0.02849362	154.22001801	-119.12444458	13.10398078	8.25548881	0.76109186
12.56313832	37.52993393	0.02664540	210.27168290	-172.74174897	13.10801889	8.25792208	0.76086759
12.56685506	41.09680176	0.02433279	294.40452135	-253.30771960	13.11205813	8.26035535	0.76064346
12.57057180	46.24312592	0.02162484	413.63521651	-367.39209059	13.11609850	8.26278860	0.76041947
12.57428854	53.10707855	0.01882988	571.62332947	-518.51625092	13.12014000	8.26522185	0.76019560
12.57800528	61.57308197	0.01624086	765.58895226	-704.01587029	13.12418262	8.26765509	0.75997187
12.58172202	70.92971039	0.01409846	983.54961512	-912.61990473	13.12822637	8.27008832	0.75974827
12.58543876	80.02552032	0.01249601	1202.96369963	-1122.93817930	13.13227125	8.27252154	0.75952480
12.58915550	87.60941315	0.01141430	1390.30729973	-1302.69788658	13.13631726	8.27495475	0.75930147
12.59287225	92.44087982	0.01081772	1505.89968658	-1413.45880676	13.14036439	8.27738795	0.75907827
12.59658899	93.80883026	0.01065998	1518.30691861	-1424.49808835	13.14441265	8.27982115	0.75885520
12.60030573	91.50554657	0.01092830	1423.71373694	-1332.20819037	13.14846204	8.28225433	0.75863226
12.60402247	86.11131287	0.01161288	1248.73155022	-1162.62023735	13.15251256	8.28468751	0.75840945
12.60773921	78.68717194	0.01270855	1032.84809003	-954.16091809	13.15656420	8.28712068	0.75818678
12.61145595	70.32294464	0.01422011	811.68082189	-741.35787725	13.16061697	8.28955384	0.75796423
12.61517269	62.01930618	0.01612401	610.31112150	-548.29181531	13.16467087	8.29198699	0.75774182
12.61888944	54.57619476	0.01832301	443.12327834	-388.54708358	13.16872590	8.29442013	0.75751954
12.62260618	48.31974792	0.02069547	314.67664312	-266.35689519	13.17278205	8.29685327	0.75729739
12.62632292	43.26261902	0.02311464	222.57819157	-179.31557255	13.17683933	8.29928639	0.75707537
12.63003966	39.29576111	0.02544804	160.24520397	-120.94944286	13.18089774	8.30171951	0.75685348
12.63375640	36.30482483	0.02754455	119.92768698	-83.62286215	13.18495728	8.30415262	0.75663172
12.63747314	34.16850281	0.02926672	94.51298229	-60.34447949	13.18901794	8.30658572	0.75641010
12.64118988	32.74081039	0.03054292	78.48959833	-45.74878794	13.19307974	8.30901881	0.75618860
12.64490662	31.85543823	0.03139181	68.06279042	-36.20735219	13.19714265	8.31145189	0.75596724
12.64862337	31.30688667	0.03194185	60.88289870	-29.57601203	13.20120670	8.31388496	0.75574600
12.65234011	30.93616676	0.03232463	55.59239076	-24.65622399	13.20527188	8.31631802	0.75552490
12.65605685	30.70450211	0.03256851	51.45146063	-20.74695853	13.20933818	8.31875108	0.75530392
12.65977359	30.58814812	0.03269240	48.06157945	-17.47343133	13.21340561	8.32118412	0.75508308
12.66349033	30.49530220	0.03279194	45.20768544	-14.71238324	13.21747416	8.32361716	0.75486236
12.66720707	30.37255669	0.03292446	42.76297177	-12.39041508	13.22154385	8.32605019	0.75464178
12.67092381	30.26927567	0.03303680	40.64601279	-10.37673712	13.22561466	8.32848321	0.75442132
12.67464056	30.19745636	0.03311537	38.79721741	-8.59976105	13.22968660	8.33091622	0.75420100
12.67835730	30.11023521	0.03321130	37.17307650	-7.06284129	13.23375967	8.33334922	0.75398080
12.68207404	30.03892136	0.03329014	35.73855239	-5.69963104	13.23783386	8.33578222	0.75376073
12.68579078	30.04655457	0.03328169	34.46581080	-4.41925623	13.24190918	8.33821520	0.75354079
12.68950752	30.05372429	0.03327375	33.33095116	-3.27722687	13.24598563	8.34064818	0.75332099
12.69322426	30.01583099	0.03331575	32.31534236	-2.29951137	13.25006321	8.34308115	0.75310131
12.69694100	29.97941017	0.03335623	31.40305831	-1.42364814	13.25414192	8.34551411	0.75288176
12.70065774	29.96113396	0.03337657	30.58108780	-0.61995384	13.25822175	8.34794705	0.75266233
12.70437449	29.94439125	0.03339524	29.83774615	0.10664510	13.26230271	8.35038000	0.75244304
12.70809123	29.92364883	0.03341838	29.16387945	0.75976938	13.26638480	8.35281293	0.75222387
12.71180797	29.88556862	0.03346097	28.55137969	1.33418893	13.27046801	8.35524585	0.75200484
12.71552471	29.86740303	0.03348132	27.99356408	1.87383895	13.27455235	8.35767877	0.75178593
12.71924145	29.87607765	0.03347160	27.48417690	2.39190076	13.27863782	8.36011167	0.75156715
12.72295819	29.87302399	0.03347502	27.01834690	2.85467709	13.28272442	8.36254457	0.75134850
12.72667493	29.82857323	0.03352490	26.56755193	3.26102130	13.28681215	8.36497746	0.75112997
12.73039168	29.78038979	0.03357914	26.17630556	3.60408423	13.29090100	8.36741034	0.75091158
12.73410842	29.76797485	0.03359315	25.81689955	3.95107530	13.29499098	8.36984321	0.75069331
12.73782516	29.77971077	0.03357991	25.48657477	4.29313600	13.29908209	8.37227607	0.75047517
12.74154190	29.78388786	0.03357520	25.18273532	4.60115254	13.30317432	8.37470892	0.75025716
12.74525864	29.77569580	0.03358444	24.90324115	4.87245465	13.30726768	8.37714177	0.75003927
12.74897538	29.74613571	0.03361781	24.64592532	5.10021039	13.31136217	8.37957460	0.74982151
12.75269212	29.71056366	0.03365806	24.40918279	5.30138087	13.31545779	8.38200743	0.74960388
12.75640886	29.69908714	0.03367107	24.19142695	5.50766019	13.31955454	8.38444025	0.74938638
12.76012561	29.67857361	0.03369434	23.99137703	5.68719658	13.32365241	8.38687306	0.74916900
12.76384235	29.65441704	0.03372179	23.80767466	5.84674238	13.32775141	8.38930586	0.74895175
12.76755909	29.65427208	0.03372195	23.63937332	6.01489876	13.33185154	8.39173865	0.74873463
12.77127583	29.67979431	0.03369296	23.48547976	6.19431455	13.33595279	8.39417143	0.74851763
12.77499257	29.69177818	0.03367936	23.34517358	6.34660460	13.34005518	8.39660420	0.74830076
12.77870931	29.69971657	0.03367035	23.21774714	6.48196943	13.34415869	8.39903697	0.74808402
12.78242605	29.69624138	0.03367430	23.10250650	6.59373488	13.34826333	8.40146973	0.74786740
12.78614280	29.66395378	0.03371095	22.99888854	6.66506524	13.35236909	8.40390247	0.74765091
12.78985954	29.63796616	0.03374051	22.92405472	6.71391144	13.35647598	8.40633521	0.74743454
12.79357628	29.63088417	0.03374857	22.84237367	6.78851051	13.36058401	8.40876794	0.74721830
12.79729302	29.64133835	0.03373667	22.77104356	6.87029479	13.36469315	8.41120066	0.74700219
12.80100976	29.68041420	0.03369225	22.70975430	6.97065990	13.36880343	8.41363337	0.74678620
12.80472650	29.69190407	0.03367921	22.65826979	7.03363428	13.37291483	8.41606608	0.74657034
12.80844324	29.65163994	0.03372495	22.61639983	7.03524011	13.37702736	8.41849877	0.74635460
12.81215999	29.61521530	0.03376643	22.58400637	7.03120893	13.38114102	8.42093146	0.74613899
12.81587673	29.60940361	0.03377305	22.56098082	7.04842279	13.38525581	8.42336413	0.74592351
12.81959347	29.59332848	0.03379140	22.54729384	7.04603463	13.38937172	8.42579680	0.74570815
12.82331021	29.59836388	0.03378565	22.54294971	7.05541417	13.39348876	8.42822946	0.74549291
12.82702695	29.62366104	0.03375680	22.54802507	7.07563597	13.39760693	8.43066211	0.74527780
12.83074369	29.64814377	0.03372892	22.56261600	7.08552777	13.40172623	8.43309475	0.74506281
12.83446043	29.65839386	0.03371727	22.58689755	7.07149631	13.40584665	8.43552738	0.74484795
12.83817717	29.66329575	0.03371170	22.62107683	7.04221891	13.40996820	8.43796000	0.74463322
12.84189392	29.67343330	0.03370018	22.66547907	7.00795423	13.41409088	8.44039262	0.74441861
12.84561066	29.68091393	0.03369168	22.72044693	6.96046699	13.41821468	8.44282522	0.74420412
12.84932740	29.68979454	0.03368161	22.78639287	6.90340167	13.42233962	8.44525782	0.74398976
12.85304414	29.68079567	0.03369182	22.86379886	6.81699681	13.42646568	8.44769041	0.74377552
12.85676088	29.62821770	0.03375161	22.95332175	6.67489595	13.43059287	8.45012299	0.74356140
12.86047762	29.59315681	0.03379160	23.05561558	6.53754124	13.43472118	8.45255556	0.74334741
12.86419436	29.59905815	0.03378486	23.17148744	6.42757071	13.43885063	8.45498812	0.74313355
12.86791111	29.59548569	0.03378894	23.30186353	6.29362216	13.44298120	8.45742067	0.74291980
12.87162785	29.61846733	0.03376272	23.44776056	6.17070677	13.44711290	8.45985321	0.74270619
12.87534459	29.67373276	0.03369984	23.61052073	6.06321203	13.45124572	8.46228575	0.74249269
12.87906133	29.68777847	0.03368389	23.79150183	5.89627664	13.45537968	8.46471827	0.74227932
12.88277807	29.66233635	0.03371279	23.99235025	5.66998610	13.45951476	8.46715079	0.74206607
12.88649481	29.66341019	0.03371157	24.21488400	5.44852618	13.46365097	8.46958330	0.74185294
12.89021155	29.68347359	0.03368878	24.46145490	5.22201869	13.46778830	8.47201580	0.74163994
12.89392829	29.68917084	0.03368231	24.73452346	4.95464738	13.47192677	8.47444829	0.74142706
12.89764504	29.72604942	0.03364053	25.03706048	4.68898894	13.47606636	8.47688077	0.74121431
12.90136178	29.77259445	0.03358794	25.37242890	4.40016555	13.48020708	8.47931324	0.74100167
12.90507852	29.75686073	0.03360570	25.74491240	4.01194833	13.48434893	8.48174570	0.74078916
12.90879526	29.70043373	0.03366954	26.15918923	3.54124450	13.48849190	8.48417816	0.74057678
12.91251200	29.68851471	0.03368306	26.62094614	3.06756857	13.49263600	8.48661060	0.74036451
12.91622874	29.72561264	0.03364102	27.13672628	2.58888636	13.49678123	8.48904304	0.74015237
12.91994548	29.77059937	0.03359019	27.71498222	2.05561715	13.50092759	8.49147546	0.73994035
12.92366223	29.78318596	0.03357599	28.36525748	1.41792848	13.50507507	8.49390788	0.73972845
12.92737897	29.78366661	0.03357545	29.09934188	0.68432473	13.50922368	8.49634029	0.73951667
12.93109571	29.79691887	0.03356052	29.93143530	-0.13451643	13.51337342	8.49877269	0.73930502
12.93481245	29.79047966	0.03356777	30.88001766	-1.08953800	13.51752429	8.50120508	0.73909349
12.93852919	29.77412796	0.03358621	31.96775901	-2.19363105	13.52167628	8.50363747	0.73888208
12.94224593	29.80542564	0.03355094	33.22532443	-3.41989879	13.52582941	8.50606984	0.73867079
12.94596267	29.85313416	0.03349732	34.69630515	-4.84317100	13.52998366	8.50850221	0.73845962
12.94967941	29.88828278	0.03345793	36.45166279	-6.56338002	13.53413903	8.51093456	0.73824857
12.95339616	30.00133705	0.03333185	38.61252146	-8.61118441	13.53829554	8.51336691	0.73803765
12.95711290	30.18921280	0.03312441	41.40226070	-11.21304790	13.54245317	8.51579925	0.73782685
12.96082964	30.36270714	0.03293514	45.23357171	-14.87086458	13.54661193	8.51823158	0.73761616
12.96454638	30.59732628	0.03268259	50.85352918	-20.25620290	13.55077182	8.52066390	0.73740560
12.96826312	31.04859161	0.03220758	59.52284685	-28.47425523	13.55493283	8.52309621	0.73719516
12.97197986	31.74017334	0.03150581	73.21302078	-41.47284744	13.55909497	8.52552851	0.73698485
12.97569660	32.72731018	0.03055552	94.69882456	-61.97151438	13.56325824	8.52796080	0.73677465
12.97941335	34.18579865	0.02925191	127.45223140	-93.26643276	13.56742264	8.53039309	0.73656457
12.98313009	36.31795120	0.02753459	175.07064680	-138.75269560	13.57158816	8.53282536	0.73635461
12.98684683	39.32401657	0.02542975	240.30740389	-200.98338732	13.57575482	8.53525763	0.73614478
12.99056357	43.16366959	0.02316763	323.69399058	-280.53032099	13.57992260	8.53768988	0.73593506
12.99428031	47.62659454	0.02099667	422.27608007	-374.64948553	13.58409150	8.54012213	0.73572546
12.99799705	52.37292480	0.01909384	528.38427412	-476.01134932	13.58826154	8.54255437	0.73551599
13.00171379	56.73728943	0.01762509	629.19124495	-572.45395552	13.59243270	8.54498660	0.73530663
13.00543053	60.14522934	0.01662642	707.37131661	-647.22608727	13.59660499	8.54741882	0.73509739
13.00914728	61.97848892	0.01613463	744.71544925	-682.73696032	13.60077841	8.54985104	0.73488828
13.01286402	61.98883820	0.01613194	730.58888504	-668.60004684	13.60495295	8.55228324	0.73467928
13.01658076	60.21903992	0.01660604	669.24690007	-609.02786015	13.60912863	8.55471543	0.73447040
13.02029750	57.07527924	0.01752072	576.73788594	-519.66260671	13.61330543	8.55714762	0.73426165
13.02401424	53.15742874	0.01881205	471.51761195	-418.36018321	13.61748335	8.55957979	0.73405301
13.02773098	49.03272629	0.02039454	368.67249601	-319.63976972	13.62166241	8.56201196	0.73384449
13.03144772	45.17737579	0.02213497	278.16122377	-232.98384798	13.62584259	8.56444412	0.73363609
13.03516447	41.79214859	0.02392794	205.01347536	-163.22132677	13.63002390	8.56687627	0.73342781
13.03888121	38.84289169	0.02574474	150.08017991	-111.23728821	13.63420634	8.56930841	0.73321965
13.04259795	36.38636780	0.02748282	111.45289749	-75.06652969	13.63838990	8.57174054	0.73301161
13.04631469	34.50272751	0.02898322	85.76639111	-51.26366361	13.64257460	8.57417266	0.73280368
13.05003143	33.13079071	0.03018340	69.40925006	-36.27845935	13.64676042	8.57660478	0.73259588
13.05374817	32.11828995	0.03113491	59.24698318	-27.12869323	13.65094736	8.57903688	0.73238819
13.05746491	31.39162636	0.03185563	52.95162858	-21.56000222	13.65513544	8.58146897	0.73218062
13.06118166	30.92199135	0.03233944	48.96396494	-18.04197359	13.65932464	8.58390106	0.73197317
13.06489840	30.64263344	0.03263427	46.33379312	-15.69115968	13.66351497	8.58633314	0.73176584
13.06861514	30.50244522	0.03278426	44.51952509	-14.01707987	13.66770643	8.58876521	0.73155863
13.07233188	30.42673683	0.03286583	43.23015641	-12.80341958	13.67189902	8.59119726	0.73135153
13.07604862	30.37808800	0.03291846	42.31050532	-11.93241732	13.67609273	8.59362931	0.73114456
13.07976536	30.33424950	0.03296604	41.67664393	-11.34239444	13.68028757	8.59606136	0.73093770
13.08348210	30.31263351	0.03298955	41.27996895	-10.96733544	13.68448354	8.59849339	0.73073096
13.08719884	30.33263016	0.03296780	41.09132329	-10.75869313	13.68868063	8.60092541	0.73052433
13.09091559	30.36896515	0.03292835	41.09195823	-10.72299308	13.69287886	8.60335742	0.73031783
13.09463233	30.38372803	0.03291235	41.26989553	-10.88616750	13.69707821	8.60578943	0.73011144
13.09834907	30.37783241	0.03291874	41.61954727	-11.24171486	13.70127869	8.60822142	0.72990517
13.10206581	30.35730553	0.03294100	42.13844792	-11.78114240	13.70548029	8.61065341	0.72969901
13.10578255	30.35792351	0.03294033	42.82913668	-12.47121317	13.70968303	8.61308539	0.72949298
13.10949929	30.38394928	0.03291211	43.69755970	-13.31361042	13.71388689	8.61551736	0.72928706
13.11321603	30.39093018	0.03290455	44.75519247	-14.36426230	13.71809187	8.61794932	0.72908126
13.11693278	30.39678955	0.03289821	46.01642677	-15.61963722	13.72229799	8.62038127	0.72887557
13.12064952	30.42996216	0.03286235	47.50139541	-17.07143325	13.72650523	8.62281321	0.72867000
13.12436626	30.46059036	0.03282930	49.23525837	-18.77466801	13.73071360	8.62524514	0.72846455
13.12808300	30.51305199	0.03277286	51.25211917	-20.73906718	13.73492310	8.62767706	0.72825921
13.13179974	30.58345795	0.03269741	53.59248144	-23.00902349	13.73913373	8.63010898	0.72805399
13.13551648	30.62629128	0.03265168	56.30847818	-25.68218691	13.74334548	8.63254088	0.72784889
13.13923322	30.66149712	0.03261419	59.46673707	-28.80523996	13.74755836	8.63497278	0.72764390
13.14294996	30.73893929	0.03253203	63.15390903	-32.41496975	13.75177237	8.63740467	0.72743903
13.14666671	30.88789749	0.03237514	67.49546570	-36.60756821	13.75598751	8.63983654	0.72723428
13.15038345	31.09402275	0.03216052	72.67785522	-41.58383247	13.76020377	8.64226841	0.72702964
13.15410019	31.33904457	0.03190908	79.01530659	-47.67626202	13.76442116	8.64470027	0.72682512
13.15781693	31.69933510	0.03154640	87.07055567	-55.37122057	13.76863968	8.64713212	0.72662071
13.16153367	32.23389816	0.03102324	97.89682765	-65.66292948	13.77285933	8.64956396	0.72641642
13.16525041	32.96959686	0.03033097	113.40628511	-80.43668825	13.77708010	8.65199580	0.72621225
13.16896715	34.08122635	0.02934167	136.93442939	-102.85320304	13.78130200	8.65442762	0.72600819
13.17268390	35.81908798	0.02791808	173.87852264	-138.05943466	13.78552503	8.65685943	0.72580424
13.17640064	38.52654266	0.02595613	232.27956230	-193.75301964	13.78974919	8.65929124	0.72560041
13.18011738	42.62604141	0.02345984	322.74102135	-280.11497994	13.79397447	8.66172303	0.72539670
13.18383412	48.65345001	0.02055353	457.38526730	-408.73181729	13.79820088	8.66415482	0.72519310
13.18755086	57.22907257	0.01747364	647.20954641	-589.98047384	13.80242842	8.66658660	0.72498962
13.19126760	68.69817352	0.01455643	898.37481477	-829.67664125	13.80665709	8.66901837	0.72478625
13.19498434	83.02875519	0.01204402	1207.17198624	-1124.14323106	13.81088688	8.67145013	0.72458300
13.19870108	99.05548859	0.01009535	1556.08145227	-1457.02596369	13.81511781	8.67388188	0.72437986
13.20241783	115.12702179	0.00868606	1910.89862585	-1795.77160406	13.81934985	8.67631362	0.72417683
13.20613457	129.03585815	0.00774978	2220.82038013	-2091.78452197	13.82358303	8.67874535	0.72397392
13.20985131	138.53804016	0.00721823	2423.55011872	-2285.01207856	13.82781734	8.68117707	0.72377113
13.21356805	142.41156006	0.00702190	2466.31020261	-2323.89864255	13.83205277	8.68360879	0.72356845
13.21728479	139.85539246	0.00715024	2336.56641659	-2196.71102413	13.83628933	8.68604049	0.72336588
13.22100153	131.96270752	0.00757790	2070.95538897	-1938.99268145	13.84052701	8.68847219	0.72316343
13.22471827	120.05548859	0.00832948	1730.79039514	-1610.73490656	13.84476583	8.69090387	0.72296109
13.22843502	105.99380493	0.00943451	1373.94465259	-1267.95084766	13.84900577	8.69333555	0.72275886
13.23215176	91.73983765	0.01090039	1042.99131390	-951.25147625	13.85324684	8.69576722	0.72255675
13.23586850	78.60457611	0.01272191	763.02017028	-684.41559417	13.85748904	8.69819888	0.72235475
13.23958524	67.18556976	0.01488415	544.06858220	-476.88301244	13.86173236	8.70063053	0.72215287
13.24330198	57.66878128	0.01734040	384.21172000	-326.54293872	13.86597681	8.70306217	0.72195110
13.24701872	49.99085999	0.02000366	274.28131433	-224.29045435	13.87022239	8.70549380	0.72174944
13.25073546	44.05623627	0.02269826	202.18065518	-158.12441891	13.87446910	8.70792542	0.72154790
13.25445220	39.73713303	0.02516538	156.39044197	-116.65330894	13.87871693	8.71035703	0.72134647
13.25816895	36.72303009	0.02723087	127.58282023	-90.85979014	13.88296589	8.71278864	0.72114515
13.26188569	34.74090958	0.02878451	109.13576644	-74.39485686	13.88721598	8.71522023	0.72094395
13.26560243	33.42717361	0.02991578	96.78180446	-63.35463085	13.89146720	8.71765182	0.72074286
13.26931917	32.59695435	0.03067771	88.00725370	-55.41029936	13.89571955	8.72008339	0.72054188
13.27303591	32.10026169	0.03115239	81.34596463	-49.24570295	13.89997302	8.72251496	0.72034102
13.27675265	31.82855034	0.03141833	76.16162430	-44.33307396	13.90422762	8.72494652	0.72014027
13.28046939	31.65310860	0.03159247	71.97863629	-40.32552769	13.90848335	8.72737807	0.71993963
13.28418614	31.45707321	0.03178935	68.56546960	-37.10839639	13.91274020	8.72980961	0.71973910
13.28790288	31.27542686	0.03197398	65.77747634	-34.50204948	13.91699818	8.73224114	0.71953869
13.29161962	31.18519783	0.03206650	63.51840292	-32.33320509	13.92125729	8.73467266	0.71933838
13.29533636	31.15169716	0.03210098	61.71633107	-30.56463391	13.92551753	8.73710417	0.71913819
13.29905310	31.10833359	0.03214573	60.32150023	-29.21316664	13.92977889	8.73953568	0.71893812
13.30276984	31.05083275	0.03220526	59.29576539	-28.24493264	13.93404139	8.74196717	0.71873815
13.30648658	31.04364777	0.03221271	58.61272448	-27.56907671	13.93830501	8.74439865	0.71853830
13.31020333	31.06254196	0.03219312	58.25307014	-27.19052817	13.94256975	8.74683013	0.71833855
13.31392007	31.04195976	0.03221446	58.20891505	-27.16695528	13.94683563	8.74926160	0.71813892
13.31763681	31.00685883	0.03225093	58.47840074	-27.47154192	13.95110263	8.75169305	0.71793941
13.32135355	31.00827980	0.03224945	59.06822416	-28.05994436	13.95537076	8.75412450	0.71774000
13.32507029	31.04642105	0.03220983	59.99143717	-28.94501612	13.95964002	8.75655594	0.71754070
13.32878703	31.08395004	0.03217094	61.27310815	-30.18915811	13.96391041	8.75898737	0.71734152
13.33250377	31.10313797	0.03215110	62.94633117	-31.84319320	13.96818192	8.76141879	0.71714245
13.33622051	31.12961960	0.03212375	65.05743009	-33.92781049	13.97245456	8.76385020	0.71694349
13.33993726	31.18955612	0.03206201	67.66856256	-36.47900644	13.97672833	8.76628160	0.71674464
13.34365400	31.30037308	0.03194850	70.86923034	-39.56885726	13.98100322	8.76871299	0.71654590
13.34737074	31.42379761	0.03182302	74.78825423	-43.36445662	13.98527924	8.77114438	0.71634727
13.35108748	31.54354668	0.03170221	79.63316698	-48.08962030	13.98955639	8.77357575	0.71614875
13.35480422	31.76411247	0.03148207	85.76271271	-53.99860023	13.99383467	8.77600712	0.71595034
13.35852096	32.11838150	0.03113482	93.84207645	-61.72369495	13.99811408	8.77843847	0.71575205
13.36223770	32.60287476	0.03067214	105.09338965	-72.49051490	14.00239461	8.78086982	0.71555386
13.36595445	33.35166931	0.02998351	121.71819993	-88.36653062	14.00667627	8.78330115	0.71535579
13.36967119	34.61155701	0.02889208	147.44874940	-112.83719240	14.01095906	8.78573248	0.71515782
13.37338793	36.56500626	0.02734855	188.18693240	-151.62192615	14.01524297	8.78816380	0.71495997
13.37710467	39.55615234	0.02528052	252.32866910	-212.77251676	14.01952802	8.79059511	0.71476222
13.38082141	43.98379517	0.02273565	350.49755364	-306.51375847	14.02381419	8.79302641	0.71456459
13.38453815	50.49660873	0.01980331	494.03754151	-443.54093278	14.02810149	8.79545770	0.71436707
13.38825489	59.51631546	0.01680212	692.35772378	-632.84140832	14.03238991	8.79788898	0.71416965
13.39197163	71.22521973	0.01403997	948.63535778	-877.41013805	14.03667947	8.80032026	0.71397235
13.39568838	85.39694977	0.01171002	1255.66574933	-1170.26879957	14.04097015	8.80275152	0.71377515
13.39940512	100.66380310	0.00993406	1592.18009272	-1491.51628962	14.04526195	8.80518277	0.71357807
13.40312186	115.42736816	0.00866346	1921.30369604	-1805.87632787	14.04955489	8.80761402	0.71338109
13.40683860	127.63765717	0.00783468	2190.62031665	-2062.98265949	14.05384895	8.81004525	0.71318423
13.41055534	135.44168091	0.00738325	2341.40722176	-2205.96554085	14.05814414	8.81247648	0.71298747
13.41427208	137.62011719	0.00726638	2332.44374089	-2194.82362371	14.06244046	8.81490769	0.71279082
13.41798882	133.71919250	0.00747836	2166.36515159	-2032.64595909	14.06673791	8.81733890	0.71259428
13.42170557	124.98474121	0.00800098	1887.75336348	-1762.76862227	14.07103648	8.81977010	0.71239786
13.42542231	112.91549683	0.00885618	1555.50801434	-1442.59251752	14.07533618	8.82220129	0.71220154
13.42913905	99.40792084	0.01005956	1220.61961056	-1121.21168972	14.07963701	8.82463247	0.71200532
13.43285579	86.14344788	0.01160854	918.22149963	-832.07805175	14.08393897	8.82706364	0.71180922
13.43657253	74.16242981	0.01348392	667.96152062	-593.79909081	14.08824205	8.82949480	0.71161323
13.44028927	63.90489578	0.01564825	475.73790647	-411.83301069	14.09254626	8.83192595	0.71141734
13.44400601	55.28645706	0.01808761	337.50763336	-282.22117630	14.09685160	8.83435709	0.71122157
13.44772275	48.33675003	0.02068819	243.46484593	-195.12809589	14.10115807	8.83678823	0.71102590
13.45143950	42.92269897	0.02329770	182.23492786	-139.31222888	14.10546566	8.83921935	0.71083034
13.45515624	38.89463425	0.02571049	143.38640939	-104.49177514	14.10977438	8.84165047	0.71063489
13.45887298	36.09357834	0.02770576	118.79397117	-82.70039283	14.11408423	8.84408157	0.71043955
13.46258972	34.31066895	0.02914545	102.81044360	-68.49977466	14.11839521	8.84651267	0.71024431
13.46630646	33.20413589	0.03011673	91.89740912	-58.69327322	14.12270731	8.84894375	0.71004919
13.47002320	32.48525620	0.03078320	83.98214466	-51.49688846	14.12702054	8.85137483	0.70985417
13.47373994	31.98746300	0.03126225	77.91724356	-45.92978056	14.13133490	8.85380590	0.70965926
13.47745669	31.67924118	0.03156641	73.08474254	-41.40550136	14.13565039	8.85623696	0.70946445
13.48117343	31.47954750	0.03176666	69.14136294	-37.66181544	14.13996700	8.85866801	0.70926976
13.48489017	31.34132004	0.03190676	65.89163365	-34.55031361	14.14428474	8.86109905	0.70907517
13.48860691	31.26405334	0.03198562	63.21059669	-31.94654335	14.14860361	8.86353008	0.70888069
13.49232365	31.18984222	0.03206172	61.01381636	-29.82397413	14.15292361	8.86596110	0.70868632
13.49604039	31.07748795	0.03217763	59.23706761	-28.15957967	14.15724473	8.86839211	0.70849205
13.49975713	30.97103310	0.03228824	57.83517751	-26.86414441	14.16156699	8.87082312	0.70829789
13.50347387	30.92761230	0.03233357	56.77379967	-25.84618737	14.16589036	8.87325411	0.70810384
13.50719062	30.93095970	0.03233007	56.02986402	-25.09890432	14.17021487	8.87568509	0.70790990
13.51090736	30.92531776	0.03233597	55.58637999	-24.66106222	14.17454051	8.87811607	0.70771606
13.51462410	30.90472603	0.03235751	55.43612216	-24.53139613	14.17886727	8.88054703	0.70752233
13.51834084	30.88345337	0.03237980	55.57827349	-24.69482012	14.18319516	8.88297799	0.70732870
13.52205758	30.88157272	0.03238177	56.02118867	-25.13961595	14.18752417	8.88540894	0.70713519
13.52577432	30.91551971	0.03234621	56.77880451	-25.86328480	14.19185432	8.88783987	0.70694178
13.52949106	30.96372414	0.03229586	57.87556146	-26.91183732	14.19618559	8.89027080	0.70674847
13.53320781	31.01588821	0.03224154	59.34554896	-28.32966074	14.20051799	8.89270172	0.70655527
13.53692455	31.05614281	0.03219975	61.23962277	-30.18347997	14.20485152	8.89513263	0.70636218
13.54064129	31.10301018	0.03215123	63.59947551	-32.49646533	14.20918617	8.89756353	0.70616920
13.54435803	31.21661377	0.03203422	66.58587034	-35.36925657	14.21352195	8.89999442	0.70597632
13.54807477	31.34671593	0.03190127	70.34267613	-38.99596020	14.21785886	8.90242530	0.70578355
13.55179151	31.45902061	0.03178739	75.17656418	-43.71754357	14.22219690	8.90485617	0.70559088
13.55550825	31.63990593	0.03160566	81.64417895	-50.00427302	14.22653606	8.90728704	0.70539832
13.55922500	32.02668381	0.03122396	90.77501635	-58.74833254	14.23087636	8.90971789	0.70520586
13.56294174	32.70412064	0.03057719	104.40025904	-71.69613841	14.23521778	8.91214873	0.70501352
13.56665848	33.75606537	0.02962431	125.61781965	-91.86175429	14.23956032	8.91457957	0.70482127
13.57037522	35.36199570	0.02827895	159.22360535	-123.86160965	14.24390400	8.91701039	0.70462913
13.57409196	37.75677490	0.02648531	211.97552567	-174.21875077	14.24824880	8.91944121	0.70443710
13.57780870	41.31722641	0.02420298	292.24825926	-250.93103285	14.25259473	8.92187202	0.70424517
13.58152544	46.44319916	0.02153168	408.92102750	-362.47782834	14.25694179	8.92430281	0.70405335
13.58524218	53.66301346	0.01863481	568.90767327	-515.24465981	14.26128997	8.92673360	0.70386163
13.58895893	62.93277740	0.01588997	774.09059425	-711.15781684	14.26563928	8.92916438	0.70367002
13.59267567	74.04821777	0.01350471	1017.90077756	-943.85255979	14.26998972	8.93159515	0.70347852
13.59639241	86.00440979	0.01162731	1283.01251151	-1197.00810172	14.27434129	8.93402591	0.70328712
13.60010915	97.41117859	0.01026576	1539.41146966	-1442.00029107	14.27869399	8.93645666	0.70309582
13.60382589	106.76379395	0.00936647	1745.54329323	-1638.77949928	14.28304781	8.93888740	0.70290463
13.60754263	112.49771118	0.00888907	1855.78020545	-1743.28249427	14.28740276	8.94131813	0.70271354
13.61125937	113.87643433	0.00878145	1839.85740318	-1725.98096886	14.29175884	8.94374885	0.70252256
13.61497612	110.65148926	0.00903738	1702.36188174	-1591.71039249	14.29611604	8.94617956	0.70233168
13.61869286	103.80269623	0.00963366	1479.55752673	-1375.75483050	14.30047437	8.94861027	0.70214090
13.62240960	94.47879028	0.01058439	1217.48275720	-1123.00396692	14.30483383	8.95104096	0.70195024
13.62612634	84.01749420	0.01190228	955.01600607	-870.99851187	14.30919442	8.95347164	0.70175967
13.62984308	73.77191925	0.01355529	719.11603067	-645.34411142	14.31355614	8.95590232	0.70156921
13.63355982	64.49361420	0.01550541	524.42249837	-459.92888417	14.31791898	8.95833298	0.70137885
13.63727656	56.48819733	0.01770281	375.11051778	-318.62232045	14.32228295	8.96076364	0.70118860
13.64099330	49.79541397	0.02008217	267.78850261	-217.99308863	14.32664805	8.96319429	0.70099845
13.64471005	44.34643555	0.02254973	194.72604965	-150.37961410	14.33101427	8.96562492	0.70080841
13.64842679	40.10848618	0.02493238	147.06591600	-106.95742982	14.33538163	8.96805555	0.70061846
13.65214353	36.99689102	0.02702930	116.72710696	-79.73021594	14.33975011	8.97048617	0.70042863
13.65586027	34.77220535	0.02875860	97.42939601	-62.65719065	14.34411972	8.97291678	0.70023889
13.65957701	33.31541824	0.03001613	84.80954885	-51.49413060	14.34849045	8.97534738	0.70004926
13.66329375	32.44480896	0.03082157	76.13197340	-43.68716444	14.35286231	8.97777797	0.69985973
13.66701049	31.89820862	0.03134972	69.79102238	-37.89281376	14.35723530	8.98020855	0.69967031
13.67072724	31.48446274	0.03176170	64.89704727	-33.41258453	14.36160942	8.98263912	0.69948099
13.67444398	31.17637825	0.03207557	60.96339268	-29.78701443	14.36598467	8.98506968	0.69929177
13.67816072	30.97572899	0.03228334	57.72555984	-26.74983085	14.37036104	8.98750023	0.69910266
13.68187746	30.87988663	0.03238354	55.02796943	-24.14808280	14.37473854	8.98993077	0.69891365
13.68559420	30.83642006	0.03242919	52.77278042	-21.93636036	14.37911717	8.99236131	0.69872474
13.68931094	30.76070976	0.03250900	50.88986044	-20.12915068	14.38349693	8.99479183	0.69853593
13.69302768	30.68392944	0.03259035	49.33004454	-18.64611510	14.38787781	8.99722234	0.69834723
13.69674442	30.65656853	0.03261944	48.05556781	-17.39899928	14.39225982	8.99965285	0.69815863
13.70046117	30.67868042	0.03259593	47.03900995	-16.36032953	14.39664296	9.00208334	0.69797013
13.70417791	30.71020126	0.03256247	46.25853626	-15.54833500	14.40102722	9.00451383	0.69778174
13.70789465	30.68469620	0.03258954	45.70046676	-15.01577056	14.40541262	9.00694431	0.69759344
13.71161139	30.61428070	0.03266449	45.35620608	-14.74192538	14.40979914	9.00937477	0.69740525
13.71532813	30.56538773	0.03271675	45.22375089	-14.65836316	14.41418679	9.01180523	0.69721717
13.71904487	30.53822327	0.03274585	45.30490777	-14.76668450	14.41857556	9.01423568	0.69702918
13.72276161	30.53279495	0.03275167	45.60850656	-15.07571161	14.42296547	9.01666612	0.69684130
13.72647836	30.54606819	0.03273744	46.14925366	-15.60318547	14.42735650	9.01909655	0.69665351
13.73019510	30.55691147	0.03272582	46.95169387	-16.39478240	14.43174866	9.02152696	0.69646583
13.73391184	30.55028725	0.03273292	48.05024265	-17.49995540	14.43614194	9.02395737	0.69627826
13.73762858	30.55643082	0.03272634	49.49948296	-18.94305214	14.44053636	9.02638778	0.69609078
13.74134532	30.63329315	0.03264422	51.38796487	-20.75467172	14.44493190	9.02881817	0.69590341
13.74506206	30.76656532	0.03250282	53.87469054	-23.10812522	14.44932857	9.03124855	0.69571613
13.74877880	30.90327835	0.03235903	57.24750804	-26.34422969	14.45372636	9.03367892	0.69552896
13.75249554	31.09424782	0.03216029	62.03994002	-30.94569220	14.45812529	9.03610928	0.69534189
13.75621229	31.41633987	0.03183057	69.20505575	-37.78871587	14.46252534	9.03853963	0.69515492
13.75992903	31.96744347	0.03128183	80.36761223	-48.40016876	14.46692652	9.04096998	0.69496805
13.76364577	32.80252075	0.03048546	98.06921058	-65.26668983	14.47132882	9.04340031	0.69478129
13.76736251	34.02378464	0.02939120	125.94242807	-91.91864343	14.47573226	9.04583064	0.69459462
13.77107925	35.79437637	0.02793735	168.59547122	-132.80109485	14.48013682	9.04826095	0.69440806
13.77479599	38.46184540	0.02599979	230.99268508	-192.53083968	14.48454251	9.05069126	0.69422159
13.77851273	42.25089645	0.02366814	317.34679829	-275.09590184	14.48894932	9.05312155	0.69403523
13.78222948	47.27828979	0.02115136	429.29370015	-382.01541036	14.49335727	9.05555184	0.69384897
13.78594622	53.40412903	0.01872514	564.10345712	-510.69932809	14.49776634	9.05798212	0.69366281
13.78966296	60.15152740	0.01662468	713.04986330	-652.89833589	14.50217654	9.06041238	0.69347675
13.79337970	66.80568695	0.01496879	860.66885224	-793.86316529	14.50658786	9.06284264	0.69329079
13.79709644	72.38545990	0.01381493	984.57453088	-912.18907098	14.51100032	9.06527289	0.69310493
13.80081318	76.12001038	0.01313715	1058.89913615	-982.77912578	14.51541390	9.06770313	0.69291917
13.80452992	77.55591583	0.01289392	1063.92208259	-986.36616676	14.51982861	9.07013336	0.69273351
13.80824666	76.35692596	0.01309639	998.14553436	-921.78860839	14.52424445	9.07256358	0.69254795
13.81196341	72.99098969	0.01370032	879.36918316	-806.37819347	14.52866141	9.07499379	0.69236249
13.81568015	68.04868317	0.01469536	733.34554129	-665.29685812	14.53307950	9.07742399	0.69217713
13.81939689	62.24733734	0.01606494	583.26213774	-521.01480039	14.53749872	9.07985418	0.69199187
13.82311363	56.28281784	0.01776741	445.56899684	-389.28617900	14.54191907	9.08228436	0.69180672
13.82683037	50.78754044	0.01968987	329.91061762	-279.12307719	14.54634054	9.08471453	0.69162166
13.83054711	46.02597427	0.02172686	239.76201276	-193.73603849	14.55076315	9.08714469	0.69143670
13.83426385	42.00794220	0.02380502	173.98777674	-131.97983454	14.55518687	9.08957485	0.69125184
13.83798060	38.78084946	0.02578592	128.61220617	-89.83135671	14.55961173	9.09200499	0.69106708
13.84169734	36.18630981	0.02763476	98.69888847	-62.51257866	14.56403772	9.09443512	0.69088242
13.84541408	34.22465134	0.02921871	79.53644683	-45.31179550	14.56846483	9.09686525	0.69069785
13.84913082	32.84701920	0.03044416	67.34235765	-34.49533846	14.57289307	9.09929536	0.69051339
13.85284756	31.94753075	0.03130132	59.41786635	-27.47033560	14.57732244	9.10172547	0.69032903
13.85656430	31.35412598	0.03189373	54.03188747	-22.67776149	14.58175293	9.10415556	0.69014477
13.86028104	30.96692467	0.03229252	50.14932509	-19.18240042	14.58618455	9.10658565	0.68996060
13.86399779	30.67151070	0.03260355	47.18858851	-16.51707781	14.59061730	9.10901572	0.68977654
13.86771453	30.47862625	0.03280988	44.83029422	-14.35166797	14.59505118	9.11144579	0.68959257
13.87143127	30.41900253	0.03287419	42.90141039	-12.48240785	14.59948618	9.11387585	0.68940870
13.87514801	30.44510078	0.03284601	41.30200545	-10.85690467	14.60392232	9.11630589	0.68922493
13.87886475	30.44506645	0.03284604	39.97032011	-9.52525366	14.60835958	9.11873593	0.68904126
13.88258149	30.38884544	0.03290681	38.86351477	-8.47466932	14.61279796	9.12116596	0.68885769
13.88629823	30.29094505	0.03301317	37.95170113	-7.66075608	14.61723748	9.12359598	0.68867422
13.89001497	30.17451859	0.03314055	37.21237164	-7.03785306	14.62167812	9.12602599	0.68849084
13.89373172	30.13452721	0.03318453	36.62890137	-6.49437417	14.62611989	9.12845599	0.68830756
13.89744846	30.17263985	0.03314261	36.18882023	-6.01618038	14.63056279	9.13088598	0.68812439
13.90116520	30.21478081	0.03309638	35.88410005	-5.66931924	14.63500681	9.13331596	0.68794131
13.90488194	30.22606087	0.03308403	35.71012936	-5.48406849	14.63945197	9.13574593	0.68775832
13.90859868	30.18282509	0.03313142	35.66586367	-5.48303858	14.64389825	9.13817589	0.68757544
13.91231542	30.13435173	0.03318472	35.75296571	-5.61861398	14.64834565	9.14060584	0.68739265
13.91603216	30.14926720	0.03316830	35.97790040	-5.82863320	14.65279419	9.14303578	0.68720997
13.91974891	30.18755531	0.03312623	36.35075082	-6.16319550	14.65724385	9.14546571	0.68702738
13.92346565	30.20041084	0.03311213	36.88761612	-6.68720527	14.66169464	9.14789564	0.68684488
13.92718239	30.19853783	0.03311419	37.61258955	-7.41405172	14.66614656	9.15032555	0.68666249
13.93089913	30.20624542	0.03310574	38.56620429	-8.35995887	14.67059961	9.15275545	0.68648019
13.93461587	30.23268890	0.03307678	39.81642213	-9.58373323	14.67505378	9.15518535	0.68629799
13.93833261	30.25867653	0.03304837	41.48695755	-11.22828103	14.67950908	9.15761523	0.68611589
13.94204935	30.31012535	0.03299228	43.80510132	-13.49497597	14.68396551	9.16004510	0.68593388
13.94576609	30.42520905	0.03286748	47.18749923	-16.76229018	14.68842306	9.16247497	0.68575198
13.94948284	30.63949585	0.03263761	52.35406054	-21.71456469	14.69288174	9.16490482	0.68557016
13.95319958	31.02537537	0.03223168	60.47443909	-29.44906372	14.69734156	9.16733467	0.68538845
13.95691632	31.64111328	0.03160445	73.28513550	-41.64402222	14.70180249	9.16976451	0.68520683
13.96063306	32.51465225	0.03075537	93.12693542	-60.61228316	14.70626456	9.17219433	0.68502531
13.96434980	33.75577545	0.02962456	122.72336420	-88.96758875	14.71072775	9.17462415	0.68484389
13.96806654	35.56518173	0.02811739	164.68850728	-129.12332554	14.71519207	9.17705395	0.68466257
13.97178328	37.97126770	0.02633570	220.67753108	-182.70626338	14.71965752	9.17948375	0.68448134
13.97550003	41.05154037	0.02435962	290.45277770	-249.40123732	14.72412410	9.18191354	0.68430020
13.97921677	44.59870911	0.02242217	370.81087632	-326.21216721	14.72859180	9.18434332	0.68411917
13.98293351	48.29439926	0.02070633	454.95765228	-406.66325301	14.73306063	9.18677309	0.68393823
13.98665025	51.73285675	0.01933007	532.19321314	-480.46035639	14.73753059	9.18920284	0.68375739
13.99036699	54.40562439	0.01838045	588.74429323	-534.33866884	14.74200167	9.19163259	0.68357664
13.99408373	55.91305161	0.01788491	611.11518390	-555.20213230	14.74647389	9.19406233	0.68339599
13.99780047	55.98189926	0.01786292	592.98734206	-537.00544280	14.75094723	9.19649206	0.68321543
14.00151721	54.77727890	0.01825574	539.57510414	-484.79782524	14.75542170	9.19892178	0.68303497
14.00523396	52.43473434	0.01907133	463.90498256	-411.47024821	14.75989729	9.20135149	0.68285461
14.00895070	49.39326096	0.02024568	380.01312328	-330.61986232	14.76437402	9.20378119	0.68267435
14.01266744	46.15497971	0.02166613	298.97255473	-252.81757503	14.76885187	9.20621088	0.68249418
14.01638418	43.10788345	0.02319761	228.00354409	-184.89566063	14.77333085	9.20864056	0.68231410
14.02010092	40.36942291	0.02477122	170.59952072	-130.23009780	14.77781095	9.21107024	0.68213412
14.02381766	37.89251328	0.02639044	127.32563104	-89.43311777	14.78229219	9.21349990	0.68195424
14.02753440	35.78130722	0.02794755	96.66285491	-60.88154769	14.78677455	9.21592955	0.68177445
14.03125115	34.14853287	0.02928383	76.05845464	-41.90992178	14.79125804	9.21835919	0.68159476
14.03496789	32.94369507	0.03035482	62.75583005	-29.81213498	14.79574265	9.22078882	0.68141516
14.03868463	32.00203323	0.03124801	54.37593864	-22.37390540	14.80022840	9.22321845	0.68123566
14.04240137	31.28106880	0.03196822	49.11414938	-17.83308058	14.80471527	9.22564806	0.68105625
14.04611811	30.78964424	0.03247845	45.74780475	-14.95816051	14.80920327	9.22807766	0.68087694
14.04983485	30.50658035	0.03277981	43.50058617	-12.99400581	14.81369239	9.23050726	0.68069773
14.05355159	30.33337021	0.03296699	41.96445000	-11.63107979	14.81818265	9.23293684	0.68051861
14.05726833	30.23675919	0.03307233	40.88295543	-10.64619625	14.82267403	9.23536642	0.68033958
14.06098508	30.17729950	0.03313749	40.12675975	-9.94946025	14.82716654	9.23779598	0.68016065
14.06470182	30.13892365	0.03317969	39.62551259	-9.48658895	14.83166017	9.24022554	0.67998181
14.06841856	30.15947723	0.03315707	39.34061764	-9.18114041	14.83615494	9.24265508	0.67980307
14.07213530	30.19576073	0.03311723	39.24977201	-9.05401128	14.84065083	9.24508462	0.67962442
14.07585204	30.17639160	0.03313849	39.34037166	-9.16398006	14.84514785	9.24751414	0.67944587
14.07956878	30.11850166	0.03320218	39.60662426	-9.48812260	14.84964599	9.24994366	0.67926741
14.08328552	30.06443787	0.03326189	40.04800233	-9.98356446	14.85414527	9.25237317	0.67908905
14.08700227	30.07186890	0.03325367	40.66884650	-10.59697760	14.85864567	9.25480266	0.67891078
14.09071901	30.13114738	0.03318825	41.47800756	-11.34686017	14.86314720	9.25723215	0.67873261
14.09443575	30.16744041	0.03314832	42.49025451	-12.32281410	14.86764986	9.25966163	0.67855453
14.09815249	30.16758537	0.03314816	43.72527292	-13.55768755	14.87215364	9.26209109	0.67837654
14.10186923	30.15024567	0.03316723	45.20965780	-15.05941213	14.87665855	9.26452055	0.67819865
14.10558597	30.15326118	0.03316391	46.97765330	-16.82439212	14.88116459	9.26695000	0.67802085
14.10930271	30.20883751	0.03310290	49.07628811	-18.86745060	14.88567176	9.26937944	0.67784314
14.11301946	30.28370667	0.03302106	51.56710133	-21.28339467	14.89018005	9.27180887	0.67766553
14.11673620	30.34423828	0.03295519	54.53904195	-24.19480367	14.89468947	9.27423829	0.67748802
14.12045294	30.42821693	0.03286423	58.12898002	-27.70076309	14.89920002	9.27666769	0.67731059
14.12416968	30.60636711	0.03267294	62.57317333	-31.96680622	14.90371170	9.27909709	0.67713326
14.12788642	30.91573906	0.03234598	68.28965635	-37.37391729	14.90822450	9.28152648	0.67695603
14.13160316	31.31635475	0.03193220	76.04421549	-44.72786073	14.91273844	9.28395586	0.67677889
14.13531990	31.79805565	0.03144846	87.20270432	-55.40464867	14.91725350	9.28638523	0.67660184
14.13903664	32.53007126	0.03074079	104.10590583	-71.57583457	14.92176968	9.28881459	0.67642488
14.14275339	33.76899719	0.02961296	130.45403305	-96.68503586	14.92628700	9.29124394	0.67624802
14.14647013	35.62747192	0.02806823	171.62115921	-135.99368729	14.93080544	9.29367328	0.67607125
14.15018687	38.40385437	0.02603905	234.56208607	-196.15823170	14.93532501	9.29610261	0.67589457
14.15390361	42.43128204	0.02356752	327.15602806	-284.72474602	14.93984571	9.29853193	0.67571799
14.15762035	48.29785156	0.02070485	456.43639851	-408.13854694	14.94436753	9.30096125	0.67554150
14.16133709	56.01676941	0.01785180	626.16924151	-570.15247210	14.94889048	9.30339055	0.67536510
14.16505383	65.61452484	0.01524053	833.87622398	-768.26169914	14.95341456	9.30581984	0.67518880
14.16877058	76.42005920	0.01308557	1068.53447402	-992.11441482	14.95793977	9.30824912	0.67501259
14.17248732	87.38490295	0.01144362	1308.41214545	-1221.02724250	14.96246611	9.31067839	0.67483647
14.17620406	97.16390991	0.01029189	1520.90161795	-1423.73770804	14.96699357	9.31310766	0.67466044
14.17992080	104.03926086	0.00961176	1665.61419396	-1561.57493310	14.97152216	9.31553691	0.67448451
14.18363754	107.43955994	0.00930756	1706.72417547	-1599.28461554	14.97605188	9.31796615	0.67430866
14.18735428	106.75151825	0.00936755	1632.40351247	-1525.65199422	14.98058272	9.32039538	0.67413291
14.19107102	102.34808350	0.00977058	1463.34769217	-1360.99960867	14.98511469	9.32282461	0.67395726
14.19478776	94.98084259	0.01052844	1238.79652183	-1143.81567924	14.98964779	9.32525382	0.67378169
14.19850451	85.93576813	0.01163660	997.42621106	-911.49044294	14.99418202	9.32768302	0.67360622
14.20222125	76.39237213	0.01309031	768.78523200	-692.39285987	14.99871738	9.33011222	0.67343084
14.20593799	67.34257507	0.01484945	571.33781822	-503.99524315	15.00325386	9.33254140	0.67325555
14.20965473	59.26047134	0.01687465	413.44720287	-354.18673152	15.00779147	9.33497057	0.67308035
14.21337147	52.35138321	0.01910169	295.44130999	-243.08992679	15.01233021	9.33739974	0.67290525
14.21708821	46.59686661	0.02146067	212.21800655	-165.62113995	15.01687007	9.33982889	0.67273024
14.22080495	41.92122269	0.02385427	156.31364949	-114.39242681	15.02141106	9.34225804	0.67255532
14.22452170	38.23266220	0.02615565	120.01150388	-81.77884167	15.02595318	9.34468717	0.67238049
14.22823844	35.49366379	0.02817404	96.76771013	-61.27404634	15.03049643	9.34711630	0.67220575
14.23195518	33.66593170	0.02970362	81.69959953	-48.03366783	15.03504081	9.34954541	0.67203110
14.23567192	32.50143433	0.03076787	71.55425585	-39.05282153	15.03958631	9.35197452	0.67185655
14.23938866	31.72899628	0.03151691	64.32146415	-32.59246787	15.04413294	9.35440361	0.67168208
14.24310540	31.18567276	0.03206601	58.84185691	-27.65618415	15.04868070	9.35683270	0.67150771
14.24682214	30.76844788	0.03250083	54.46843620	-23.69998832	15.05322958	9.35926177	0.67133343
14.25053888	30.48592377	0.03280202	50.84953117	-20.36360740	15.05777960	9.36169084	0.67115924
14.25425563	30.34288979	0.03295665	47.78418411	-17.44129432	15.06233074	9.36411990	0.67098514
14.25797237	30.30756187	0.03299507	45.15042765	-14.84286578	15.06688301	9.36654894	0.67081113
14.26168911	30.26115417	0.03304567	42.86426388	-12.60310970	15.07143640	9.36897798	0.67063722
14.26540585	30.13445282	0.03318461	40.86675787	-10.73230505	15.07599093	9.37140700	0.67046339
14.26912259	30.01630211	0.03331523	39.11176817	-9.09546606	15.08054658	9.37383602	0.67028965
14.27283933	29.95841408	0.03337960	37.56299039	-7.60457631	15.08510335	9.37626503	0.67011601
14.27655607	29.94013596	0.03339998	36.18946627	-6.24933031	15.08966126	9.37869402	0.66994246
14.28027282	29.94357491	0.03339615	34.96710834	-5.02353343	15.09422029	9.38112301	0.66976899
14.28398956	29.90786743	0.03343602	33.87549742	-3.96762998	15.09878045	9.38355199	0.66959562
14.28770630	29.86594963	0.03348295	32.89788875	-3.03193912	15.10334174	9.38598096	0.66942234
14.29142304	29.82627296	0.03352749	32.01927958	-2.19300661	15.10790416	9.38840991	0.66924914
14.29513978	29.77309036	0.03358738	31.22790904	-1.45481867	15.11246770	9.39083886	0.66907604
14.29885652	29.78112030	0.03357832	30.49882044	-0.71770014	15.11703237	9.39326780	0.66890303
14.30257326	29.78054619	0.03357897	29.85290274	-0.07235655	15.12159817	9.39569673	0.66873011
14.30629000	29.71921539	0.03364826	29.26746872	0.45174667	15.12616510	9.39812564	0.66855728
14.31000675	29.70936012	0.03365943	28.73630193	0.97305819	15.13073315	9.40055455	0.66838454
14.31372349	29.73023605	0.03363579	28.25385672	1.47637933	15.13530233	9.40298345	0.66821189
14.31744023	29.71488762	0.03365316	27.81548558	1.89940204	15.13987264	9.40541234	0.66803932
14.32115697	29.69914246	0.03367101	27.41668788	2.28245457	15.14444408	9.40784122	0.66786685
14.32487371	29.73168373	0.03363415	27.05399200	2.67769173	15.14901664	9.41027009	0.66769447
14.32859045	29.79240036	0.03356561	26.72424953	3.06815083	15.15359033	9.41269894	0.66752218
14.33230719	29.78540039	0.03357350	26.42481673	3.36058366	15.15816515	9.41512779	0.66734998
14.33602394	29.69415283	0.03367666	26.15304923	3.54110360	15.16274110	9.41755663	0.66717786
14.33974068	29.60933113	0.03377314	25.90693347	3.70239766	15.16731817	9.41998546	0.66700584
14.34345742	29.59812737	0.03378592	25.68465300	3.91347436	15.17189637	9.42241428	0.66683390
14.34717416	29.62703514	0.03375296	25.48468716	4.14234798	15.17647570	9.42484309	0.66666206
14.35089090	29.61088943	0.03377136	25.30545940	4.30543004	15.18105616	9.42727189	0.66649030
14.35460764	29.57536507	0.03381192	25.14581766	4.42954740	15.18563774	9.42970068	0.66631864
14.35832438	29.55591202	0.03383418	25.00474853	4.55116349	15.19022045	9.43212945	0.66614706
14.36204113	29.51418304	0.03388202	24.88142241	4.63276063	15.19480429	9.43455822	0.66597557
14.36575787	29.46996689	0.03393285	24.77494335	4.69502353	15.19938926	9.43698698	0.66580417
14.36947461	29.49730873	0.03390140	24.68472382	4.81258491	15.20397535	9.43941573	0.66563286
14.37319135	29.56525803	0.03382348	24.61029579	4.95496224	15.20856257	9.44184447	0.66546164
14.37690809	29.60492897	0.03377816	24.55131632	5.05361265	15.21315092	9.44427320	0.66529051
14.38062483	29.61190414	0.03377020	24.50739396	5.10451018	15.21774040	9.44670192	0.66511946
14.38434157	29.56256485	0.03382656	24.47836779	5.08419706	15.22233100	9.44913063	0.66494851
14.38805831	29.49224091	0.03390722	24.46422000	5.02802091	15.22692273	9.45155933	0.66477764
14.39177506	29.48102760	0.03392012	24.46502533	5.01600227	15.23151559	9.45398802	0.66460686
14.39549180	29.52841377	0.03386569	24.48083718	5.04757659	15.23610958	9.45641670	0.66443617
14.39920854	29.56969261	0.03381841	24.51191481	5.05777780	15.24070469	9.45884537	0.66426557
14.40292528	29.56745529	0.03382097	24.55870529	5.00875000	15.24530094	9.46127403	0.66409506
14.40664202	29.56978035	0.03381831	24.62173917	4.94804118	15.24989831	9.46370268	0.66392463
14.41035876	29.58143997	0.03380498	24.70158752	4.87985245	15.25449680	9.46613132	0.66375429
14.41407550	29.54830933	0.03384288	24.79902844	4.74928088	15.25909643	9.46855995	0.66358404
14.41779225	29.53602409	0.03385696	24.91512217	4.62090192	15.26369718	9.47098857	0.66341388
14.42150899	29.57030296	0.03381771	25.05101445	4.51928851	15.26829906	9.47341718	0.66324381
14.42522573	29.54915619	0.03384191	25.20810209	4.34105410	15.27290207	9.47584578	0.66307383
14.42894247	29.50140381	0.03389669	25.38788352	4.11352029	15.27750620	9.47827437	0.66290393
14.43265921	29.50321007	0.03389462	25.59243247	3.91077760	15.28211146	9.48070295	0.66273412
14.43637595	29.53142166	0.03386224	25.82397503	3.70744663	15.28671785	9.48313152	0.66256440
14.44009269	29.58063316	0.03380590	26.08517193	3.49546123	15.29132537	9.48556008	0.66239476
14.44380943	29.62981606	0.03374979	26.37899348	3.25082258	15.29593401	9.48798863	0.66222521
14.44752618	29.61091423	0.03377133	26.70934101	2.90157322	15.30054379	9.49041717	0.66205576
14.45124292	29.55447006	0.03383583	27.08045052	2.47401955	15.30515469	9.49284570	0.66188638
14.45495966	29.53909874	0.03385344	27.49754194	2.04155680	15.30976671	9.49527422	0.66171710
14.45867640	29.58354187	0.03380258	27.96653724	1.61700463	15.31437987	9.49770273	0.66154790
14.46239314	29.64993668	0.03372688	28.49510641	1.15483026	15.31899415	9.50013123	0.66137879
14.46610988	29.68108177	0.03369149	29.09192614	0.58915563	15.32360956	9.50255972	0.66120977
14.46982662	29.65085030	0.03372585	29.76778181	-0.11693151	15.32822610	9.50498820	0.66104083
14.47354337	29.60137939	0.03378221	30.53574015	-0.93436075	15.33284376	9.50741668	0.66087198
14.47726011	29.60992432	0.03377246	31.41187055	-1.80194623	15.33746256	9.50984514	0.66070322
14.48097685	29.66029739	0.03371510	32.41764483	-2.75734744	15.34208248	9.51227359	0.66053455
14.48469359	29.65706253	0.03371878	33.58115911	-3.92409658	15.34670352	9.51470203	0.66036596
14.48841033	29.61336136	0.03376854	34.94348660	-5.33012525	15.35132570	9.51713046	0.66019746
14.49212707	29.69541931	0.03367523	36.56958991	-6.87417060	15.35594900	9.51955888	0.66002904
14.49584381	29.85635376	0.03349371	38.57330887	-8.71695511	15.36057343	9.52198729	0.65986071
14.49956055	29.94602585	0.03339341	41.15738776	-11.21136191	15.36519899	9.52441569	0.65969247
14.50327730	30.07215500	0.03325335	44.68802370	-14.61586870	15.36982567	9.52684408	0.65952431
14.50699404	30.36898804	0.03292833	49.80239013	-19.43340210	15.37445349	9.52927246	0.65935625
14.51071078	30.77590752	0.03249295	57.55608410	-26.78017659	15.37908243	9.53170083	0.65918826
14.51442752	31.30294228	0.03194588	69.55249869	-38.24955641	15.38371249	9.53412919	0.65902037
14.51814426	32.11746979	0.03113570	88.01390191	-55.89643212	15.38834369	9.53655754	0.65885256
14.52186100	33.43379593	0.02990986	115.65754586	-82.22374993	15.39297601	9.53898588	0.65868483
14.52557774	35.23917770	0.02837751	155.33906894	-120.09989124	15.39760946	9.54141421	0.65851719
14.52929449	37.73962402	0.02649735	209.27558599	-171.53596197	15.40224404	9.54384253	0.65834964
14.53301123	40.92868042	0.02443274	278.09966084	-237.17098042	15.40687975	9.54627084	0.65818218
14.53672797	44.78203583	0.02233038	359.79806358	-315.01602775	15.41151658	9.54869914	0.65801480
14.54044471	49.06227112	0.02038226	448.98816225	-399.92589113	15.41615454	9.55112743	0.65784750
14.54416145	53.14530182	0.01881634	536.20447197	-483.05917015	15.42079363	9.55355571	0.65768029
14.54787819	56.61768723	0.01766233	608.35547643	-551.73778920	15.42543384	9.55598398	0.65751317
14.55159493	58.98165894	0.01695442	650.42237788	-591.44071895	15.43007519	9.55841224	0.65734613
14.55531167	59.99875259	0.01666701	651.47781716	-591.47906456	15.43471766	9.56084049	0.65717918
14.55902842	59.45743561	0.01681875	611.27034461	-551.81290900	15.43936125	9.56326873	0.65701231
14.56274516	57.46148300	0.01740296	540.45983213	-482.99834913	15.44400598	9.56569696	0.65684553
14.56646190	54.50163651	0.01834807	454.01323458	-399.51159808	15.44865183	9.56812518	0.65667884
14.57017864	51.01047897	0.01960382	365.19558639	-314.18510742	15.45329881	9.57055339	0.65651223
14.57389538	47.39340973	0.02109998	283.57538939	-236.18197966	15.45794692	9.57298159	0.65634570
14.57761212	43.92076111	0.02276828	214.73496295	-170.81420185	15.46259616	9.57540978	0.65617926
14.58132886	40.83103561	0.02449117	160.79346941	-119.96243379	15.46724652	9.57783796	0.65601291
14.58504561	38.26250839	0.02613524	121.16622474	-82.90371635	15.47189801	9.58026612	0.65584664
14.58876235	36.10442352	0.02769744	93.69424455	-57.58982102	15.47655063	9.58269428	0.65568045
14.59247909	34.36376190	0.02910042	75.55074175	-41.18697985	15.48120438	9.58512243	0.65551435
14.59619583	32.98646927	0.03031546	64.00173000	-31.01526073	15.48585925	9.58755057	0.65534834
14.59991257	31.98387527	0.03126575	56.79947693	-24.81560165	15.49051525	9.58997870	0.65518240
14.60362931	31.30039978	0.03194847	52.32695648	-21.02655670	15.49517238	9.59240682	0.65501656
14.60734605	30.85385895	0.03241086	49.51874839	-18.66488944	15.49983064	9.59483493	0.65485080
14.61106280	30.58281898	0.03269810	47.73023000	-17.14741101	15.50449002	9.59726303	0.65468512
14.61477954	30.42336655	0.03286947	46.59284437	-16.16947782	15.50915053	9.59969112	0.65451953
14.61849628	30.32462692	0.03297650	45.90897470	-15.58434777	15.51381217	9.60211919	0.65435402
14.62221302	30.27242661	0.03303336	45.57300400	-15.30057740	15.51847494	9.60454726	0.65418860
14.62592976	30.24617958	0.03306203	45.53001586	-15.28383628	15.52313883	9.60697532	0.65402326
14.62964650	30.29457855	0.03300921	45.75054775	-15.45596919	15.52780385	9.60940337	0.65385800
14.63336324	30.32745171	0.03297343	46.22286377	-15.89541206	15.53247000	9.61183141	0.65369283
14.63707998	30.26770401	0.03303852	46.94395416	-16.67625015	15.53713728	9.61425943	0.65352775
14.64079673	30.22085381	0.03308973	47.91948149	-17.69862768	15.54180568	9.61668745	0.65336274
14.64451347	30.21586990	0.03309519	49.16137571	-18.94550580	15.54647521	9.61911546	0.65319783
14.64823021	30.21387291	0.03309738	50.69166861	-20.47779571	15.55114587	9.62154346	0.65303299
14.65194695	30.26327515	0.03304335	52.53896659	-22.27569145	15.55581766	9.62397145	0.65286824
14.65566369	30.38974762	0.03290583	54.74261420	-24.35286658	15.56049057	9.62639942	0.65270357
14.65938043	30.52656746	0.03275835	57.35440249	-26.82783503	15.56516461	9.62882739	0.65253899
14.66309717	30.55266380	0.03273037	60.44315540	-29.89049160	15.56983978	9.63125535	0.65237449
14.66681392	30.52497292	0.03276006	64.10894119	-33.58396828	15.57451608	9.63368329	0.65221008
14.67053066	30.59958076	0.03268019	68.49773587	-37.89815511	15.57919350	9.63611123	0.65204574
14.67424740	30.80007172	0.03246746	73.84903211	-43.04896039	15.58387205	9.63853916	0.65188149
14.67796414	31.10475922	0.03214942	80.57907043	-49.47431122	15.58855173	9.64096707	0.65171733
14.68168088	31.51682472	0.03172908	89.44857012	-57.93174539	15.59323254	9.64339498	0.65155325
14.68539762	32.03094482	0.03121981	101.81420353	-69.78325870	15.59791447	9.64582288	0.65138925
14.68911436	32.84789276	0.03044335	120.02760070	-87.17970794	15.60259754	9.64825076	0.65122533
14.69283110	34.08676529	0.02933690	147.90735666	-113.82059138	15.60728172	9.65067864	0.65106150
14.69654785	35.98380280	0.02779028	191.23264248	-155.24883969	15.61196704	9.65310650	0.65089775
14.70026459	38.78168869	0.02578537	257.85638618	-219.07469749	15.61665349	9.65553436	0.65073408
14.70398133	43.20317459	0.02314645	357.25309545	-314.04992086	15.62134106	9.65796220	0.65057050
14.70769807	49.37643051	0.02025258	498.97890188	-449.60247137	15.62602976	9.66039004	0.65040700
14.71141481	58.08186722	0.01721708	690.28850277	-632.20663555	15.63071958	9.66281787	0.65024358
14.71513155	69.21331787	0.01444809	932.48028175	-863.26696388	15.63541054	9.66524568	0.65008025
14.71884829	82.47035217	0.01212557	1217.61750415	-1135.14715198	15.64010262	9.66767348	0.64991700
14.72256504	96.80838776	0.01032968	1525.64759898	-1428.83921122	15.64479583	9.67010128	0.64975383
14.72628178	110.38455200	0.00905924	1823.26250973	-1712.87795773	15.64949017	9.67252906	0.64959074
14.72999852	121.72122955	0.00821549	2064.07228872	-1942.35105917	15.65418563	9.67495684	0.64942774
14.73371526	128.90466309	0.00775767	2197.01685013	-2068.11218704	15.65888222	9.67738460	0.64926481
14.73743200	131.43913269	0.00760808	2187.02140498	-2055.58227229	15.66357994	9.67981236	0.64910197
14.74114874	128.78785706	0.00776471	2036.92415456	-1908.13629751	15.66827879	9.68224010	0.64893922
14.74486548	121.66886902	0.00821903	1785.48589224	-1663.81702323	15.67297877	9.68466783	0.64877654
14.74858222	111.57731628	0.00896240	1484.05168570	-1372.47436942	15.67767987	9.68709556	0.64861395
14.75229897	99.87501526	0.01001251	1177.51876241	-1077.64374715	15.68238210	9.68952327	0.64845144
14.75601571	87.95967865	0.01136885	897.33700879	-809.37733014	15.68708546	9.69195097	0.64828901
14.75973245	76.83345795	0.01301516	661.82119758	-584.98773963	15.69178994	9.69437867	0.64812666
14.76344919	66.97625732	0.01493066	477.47838563	-410.50212830	15.69649555	9.69680635	0.64796440
14.76716593	58.58082962	0.01707043	342.01586905	-283.43503943	15.70120229	9.69923402	0.64780222
14.77088267	51.46177292	0.01943190	247.66873218	-196.20695926	15.70591016	9.70166168	0.64764012
14.77459941	45.56597137	0.02194620	184.77005553	-139.20408415	15.71061915	9.70408933	0.64747810
14.77831616	40.96688080	0.02440996	144.00178036	-103.03489956	15.71532928	9.70651698	0.64731616
14.78203290	37.53813553	0.02663958	117.76027128	-80.22213576	15.72004053	9.70894461	0.64715431
14.78574964	35.08296967	0.02850386	100.59488175	-65.51191209	15.72475290	9.71137223	0.64699253
14.78946638	33.54799271	0.02980804	88.89166678	-55.34367407	15.72946641	9.71379984	0.64683084
14.79318312	32.53702927	0.03073421	80.46046218	-47.92343291	15.73418104	9.71622744	0.64666923
14.79689986	31.82511330	0.03142173	74.04682535	-42.22171205	15.73889680	9.71865503	0.64650770
14.80061660	31.33104324	0.03191723	68.94947022	-37.61842697	15.74361369	9.72108261	0.64634625
14.80433334	31.01004219	0.03224762	64.78492458	-33.77488239	15.74833171	9.72351018	0.64618488
14.80805009	30.79114914	0.03247687	61.33126242	-30.54011328	15.75305085	9.72593774	0.64602360
14.81176683	30.66779518	0.03260750	58.45319551	-27.78540033	15.75777112	9.72836529	0.64586239
14.81548357	30.67749405	0.03259719	56.05742958	-25.37993553	15.76249252	9.73079283	0.64570127
14.81920031	30.71850777	0.03255366	54.08071324	-23.36220548	15.76721504	9.73322036	0.64554023
14.82291705	30.58304977	0.03269785	52.47585680	-21.89280703	15.77193870	9.73564788	0.64537927
14.82663379	30.34789658	0.03295121	51.20993259	-20.86203602	15.77666348	9.73807539	0.64521839
14.83035053	30.26027489	0.03304663	50.25811988	-19.99784500	15.78138938	9.74050289	0.64505759
14.83406728	30.30461693	0.03299827	49.60722331	-19.30260638	15.78611642	9.74293038	0.64489687
14.83778402	30.30355644	0.03299943	49.25215547	-18.94859903	15.79084458	9.74535785	0.64473623
14.84150076	30.27838898	0.03302686	49.19914232	-18.92075334	15.79557387	9.74778532	0.64457568
14.84521750	30.27525330	0.03303028	49.46445819	-19.18920489	15.80030429	9.75021278	0.64441520
14.84893424	30.31279182	0.03298937	50.08429865	-19.77150682	15.80503584	9.75264023	0.64425480
14.85265098	30.39244080	0.03290292	51.12508625	-20.73264546	15.80976851	9.75506766	0.64409449
14.85636772	30.48010254	0.03280829	52.71366880	-22.23356626	15.81450231	9.75749509	0.64393425
14.86008446	30.55842400	0.03272420	55.08282744	-24.52440345	15.81923724	9.75992251	0.64377410
14.86380121	30.67884254	0.03259575	58.66220272	-27.98336017	15.82397329	9.76234991	0.64361402
14.86751795	30.88945389	0.03237351	64.20669684	-33.31724295	15.82871048	9.76477731	0.64345403
14.87123469	31.22912788	0.03202139	72.97934204	-41.75021416	15.83344879	9.76720470	0.64329412
14.87495143	31.82236671	0.03142444	86.91979831	-55.09743159	15.83818823	9.76963207	0.64313428
14.87866817	32.90060806	0.03039458	108.75549758	-75.85488951	15.84292879	9.77205944	0.64297453
14.88238491	34.39177322	0.02907672	141.89165091	-107.49987769	15.84767049	9.77448679	0.64281485
14.88610165	36.43125534	0.02744896	190.02524693	-153.59399159	15.85241331	9.77691414	0.64265526
14.88981840	39.17288589	0.02552786	256.23552658	-217.06264068	15.85715726	9.77934147	0.64249575
14.89353514	42.95650101	0.02327936	341.82893522	-298.87243421	15.86190233	9.78176879	0.64233631
14.89725188	47.60083008	0.02100804	444.98302690	-397.38219682	15.86664853	9.78419611	0.64217696
14.90096862	52.72960663	0.01896468	559.76095635	-507.03134972	15.87139587	9.78662341	0.64201769
14.90468536	57.81061554	0.01729786	675.16397228	-617.35335674	15.87614432	9.78905070	0.64185849
14.90840210	62.22370911	0.01607104	775.16541719	-712.94170808	15.88089391	9.79147799	0.64169938
14.91211884	65.50088501	0.01526697	840.48821479	-774.98732978	15.88564462	9.79390526	0.64154034
14.91583559	67.02524567	0.01491975	854.91100866	-787.88576300	15.89039647	9.79633252	0.64138138
14.91955233	66.89587402	0.01494861	814.27544244	-747.37956841	15.89514943	9.79875977	0.64122251
14.92326907	65.00339508	0.01538381	729.47636144	-664.47296636	15.89990353	9.80118702	0.64106371
14.92698581	61.71570587	0.01620333	619.34708081	-557.63137494	15.90465875	9.80361425	0.64090499
14.93070255	57.40927505	0.01741879	501.98425564	-444.57498059	15.90941511	9.80604147	0.64074635
14.93441929	52.84013367	0.01892501	391.09691822	-338.25678455	15.91417258	9.80846868	0.64058779
14.93813603	48.56242371	0.02059205	295.22720613	-246.66478243	15.91893119	9.81089588	0.64042931
14.94185277	44.78050613	0.02233115	218.25145186	-173.47094573	15.92369092	9.81332307	0.64027091
14.94556952	41.52520752	0.02408176	160.33814276	-118.81293524	15.92845179	9.81575025	0.64011259
14.94928626	38.70734787	0.02583489	119.12888349	-80.42153562	15.93321378	9.81817742	0.63995435
14.95300300	36.35051346	0.02750993	91.14279445	-54.79228099	15.93797689	9.82060458	0.63979618
14.95671974	34.42159653	0.02905153	72.74249580	-38.32089928	15.94274114	9.82303173	0.63963810
14.96043648	32.89827347	0.03039673	60.80593555	-27.90766209	15.94750651	9.82545886	0.63948009
14.96415322	31.79579163	0.03145070	52.97060658	-21.17481496	15.95227301	9.82788599	0.63932216
14.96786996	31.13154602	0.03212176	47.63830760	-16.50676158	15.95704063	9.83031311	0.63916431
14.97158671	30.72622681	0.03254549	43.80490887	-13.07868206	15.96180939	9.83274022	0.63900654
14.97530345	30.40345383	0.03289100	40.88148652	-10.47803269	15.96657927	9.83516731	0.63884885
14.97902019	30.12520409	0.03319480	38.53435893	-8.40915485	15.97135028	9.83759440	0.63869123
14.98273693	29.96623802	0.03337089	36.57994741	-6.61370939	15.97612242	9.84002148	0.63853370
14.98645367	29.94263077	0.03339720	34.91296194	-4.97033117	15.98089568	9.84244854	0.63837624
14.99017041	29.92072868	0.03342165	33.46963938	-3.54891069	15.98567007	9.84487560	0.63821886
14.99388715	29.84132004	0.03351058	32.20644805	-2.36512801	15.99044559	9.84730264	0.63806156
14.99760389	29.80008698	0.03355695	31.09294626	-1.29285929	15.99522224	9.84972968	0.63790434
15.00132064	29.80000496	0.03355704	30.10548821	-0.30548325	16.00000001	9.85215670	0.63774720
15.00503738	29.71087456	0.03365771	0.00000000	0.00000000	0.00000000	9.85458372	0.63759013
15.00875412	29.60091591	0.03378274	0.00000000	0.00000000	0.00000000	9.85701072	0.63743314
15.01247086	29.64432526	0.03373327	0.00000000	0.00000000	0.00000000	9.85943772	0.63727623
15.01618760	29.74713898	0.03361668	0.00000000	0.00000000	0.00000000	9.86186470	0.63711940
15.01990434	29.75161362	0.03361162	0.00000000	0.00000000	0.00000000	9.86429167	0.63696264
15.02362108	29.74181557	0.03362270	0.00000000	0.00000000	0.00000000	9.86671863	0.63680597
15.02733783	29.80452919	0.03355195	0.00000000	0.00000000	0.00000000	9.86914559	0.63664937
15.03105457	29.86874008	0.03347982	0.00000000	0.00000000	0.00000000	9.87157253	0.63649285
15.03477131	29.89481926	0.03345061	0.00000000	0.00000000	0.00000000	9.87399946	0.63633640
15.03848805	29.94920921	0.03338986	0.00000000	0.00000000	0.00000000	9.87642638	0.63618004
15.04220479	30.03088188	0.03329906	0.00000000	0.00000000	0.00000000	9.87885329	0.63602375
15.04592153	30.10210609	0.03322027	0.00000000	0.00000000	0.00000000	9.88128019	0.63586754
15.04963827	30.25098228	0.03305678	0.00000000	0.00000000	0.00000000	9.88370708	0.63571140
15.05335501	30.62359238	0.03265456	0.00000000	0.00000000	0.00000000	9.88613396	0.63555535
15.05707176	31.19830322	0.03205303	0.00000000	0.00000000	0.00000000	9.88856083	0.63539937
15.06078850	31.96231270	0.03128685	0.00000000	0.00000000	0.00000000	9.89098769	0.63524347
15.06450524	33.02404404	0.03028097	0.00000000	0.00000000	0.00000000	9.89341453	0.63508764
15.06822198	34.60089874	0.02890098	0.00000000	0.00000000	0.00000000	9.89584137	0.63493189
15.07193872	36.57620239	0.02734018	0.00000000	0.00000000	0.00000000	9.89826820	0.63477622
15.07565546	39.05250168	0.02560655	0.00000000	0.00000000	0.00000000	9.90069501	0.63462063
15.07937220	41.73648834	0.02395985	0.00000000	0.00000000	0.00000000	9.90312182	0.63446511
15.08308895	44.29147339	0.02257771	0.00000000	0.00000000	0.00000000	9.90554862	0.63430967
15.08680569	46.55264282	0.02148106	0.00000000	0.00000000	0.00000000	9.90797540	0.63415431
15.09052243	48.19672012	0.02074830	0.00000000	0.00000000	0.00000000	9.91040218	0.63399902
15.09423917	49.06552505	0.02038091	0.00000000	0.00000000	0.00000000	9.91282894	0.63384381
15.09795591	48.70117950	0.02053338	0.00000000	0.00000000	0.00000000	9.91525570	0.63368868
15.10167265	47.51029587	0.02104807	0.00000000	0.00000000	0.00000000	9.91768244	0.63353362
15.10538939	45.62361526	0.02191847	0.00000000	0.00000000	0.00000000	9.92010917	0.63337865
15.10910613	43.33018494	0.02307860	0.00000000	0.00000000	0.00000000	9.92253590	0.63322374
15.11282288	40.94178009	0.02442493	0.00000000	0.00000000	0.00000000	9.92496261	0.63306891
15.11653962	38.76296616	0.02579782	0.00000000	0.00000000	0.00000000	9.92738931	0.63291416
15.12025636	36.90371323	0.02709754	0.00000000	0.00000000	0.00000000	9.92981600	0.63275949
15.12397310	35.25368500	0.02836583	0.00000000	0.00000000	0.00000000	9.93224268	0.63260489
15.12768984	33.84683990	0.02954486	0.00000000	0.00000000	0.00000000	9.93466936	0.63245037
15.13140658	32.68029022	0.03059948	0.00000000	0.00000000	0.00000000	9.93709602	0.63229592
15.13512332	31.75033569	0.03149573	0.00000000	0.00000000	0.00000000	9.93952267	0.63214155
15.13884007	31.02094269	0.03223629	0.00000000	0.00000000	0.00000000	9.94194930	0.63198726
15.14255681	30.51269913	0.03277324	0.00000000	0.00000000	0.00000000	9.94437593	0.63183304
15.14627355	30.03943253	0.03328958	0.00000000	0.00000000	0.00000000	9.94680255	0.63167890
15.14999029	29.74269104	0.03362171	0.00000000	0.00000000	0.00000000	9.94922916	0.63152484
15.15370703	29.68943596	0.03368201	0.00000000	0.00000000	0.00000000	9.95165576	0.63137085
15.15742377	29.65741730	0.03371838	0.00000000	0.00000000	0.00000000	9.95408234	0.63121693
15.16114051	29.60252762	0.03378090	0.00000000	0.00000000	0.00000000	9.95650892	0.63106309
15.16485726	29.57279205	0.03381487	0.00000000	0.00000000	0.00000000	9.95893549	0.63090933
15.16857400	29.53522301	0.03385788	0.00000000	0.00000000	0.00000000	9.96136204	0.63075564
15.17229074	29.55083275	0.03383999	0.00000000	0.00000000	0.00000000	9.96378859	0.63060203
15.17600748	29.56407547	0.03382484	0.00000000	0.00000000	0.00000000	9.96621512	0.63044849
15.17972422	29.55848503	0.03383123	0.00000000	0.00000000	0.00000000	9.96864165	0.63029503
15.18344096	29.56637955	0.03382220	0.00000000	0.00000000	0.00000000	9.97106816	0.63014165
15.18715770	29.55918503	0.03383043	0.00000000	0.00000000	0.00000000	9.97349466	0.62998834
15.19087444	29.59244919	0.03379240	0.00000000	0.00000000	0.00000000	9.97592116	0.62983510
15.19459119	29.67580605	0.03369748	0.00000000	0.00000000	0.00000000	9.97834764	0.62968194
15.19830793	29.69530487	0.03367536	0.00000000	0.00000000	0.00000000	9.98077411	0.62952886
15.20202467	29.65819931	0.03371749	0.00000000	0.00000000	0.00000000	9.98320057	0.62937585
15.20574141	29.67088699	0.03370307	0.00000000	0.00000000	0.00000000	9.98562702	0.62922291
15.20945815	29.70550728	0.03366379	0.00000000	0.00000000	0.00000000	9.98805346	0.62907005
15.21317489	29.70667076	0.03366247	0.00000000	0.00000000	0.00000000	9.99047989	0.62891727
15.21689163	29.68943977	0.03368201	0.00000000	0.00000000	0.00000000	9.99290631	0.62876456
15.22060838	29.74953842	0.03361397	0.00000000	0.00000000	0.00000000	9.99533272	0.62861192
15.22432512	29.96462440	0.03337269	0.00000000	0.00000000	0.00000000	9.99775912	0.62845936
15.22804186	30.16859818	0.03314705	0.00000000	0.00000000	0.00000000	10.00018551	0.62830688
15.23175860	30.44056511	0.03285090	0.00000000	0.00000000	0.00000000	10.00261188	0.62815446
15.23547534	30.98929214	0.03226921	0.00000000	0.00000000	0.00000000	10.00503825	0.62800213
15.23919208	31.81092262	0.03143574	0.00000000	0.00000000	0.00000000	10.00746461	0.62784987
15.24290882	32.98247910	0.03031913	0.00000000	0.00000000	0.00000000	10.00989095	0.62769768
15.24662556	34.62856674	0.02887789	0.00000000	0.00000000	0.00000000	10.01231729	0.62754556
15.25034231	36.64531326	0.02728862	0.00000000	0.00000000	0.00000000	10.01474361	0.62739353
15.25405905	38.71488190	0.02582986	0.00000000	0.00000000	0.00000000	10.01716992	0.62724156
15.25777579	40.90878677	0.02444463	0.00000000	0.00000000	0.00000000	10.01959623	0.62708967
15.26149253	42.89271545	0.02331398	0.00000000	0.00000000	0.00000000	10.02202252	0.62693786
15.26520927	44.33367538	0.02255622	0.00000000	0.00000000	0.00000000	10.02444880	0.62678611
15.26892601	45.20948792	0.02211925	0.00000000	0.00000000	0.00000000	10.02687508	0.62663445
15.27264275	45.22149658	0.02211338	0.00000000	0.00000000	0.00000000	10.02930134	0.62648285
15.27635950	44.51045990	0.02246663	0.00000000	0.00000000	0.00000000	10.03172759	0.62633133
15.28007624	43.03610229	0.02323631	0.00000000	0.00000000	0.00000000	10.03415383	0.62617989
15.28379298	41.32029724	0.02420118	0.00000000	0.00000000	0.00000000	10.03658006	0.62602851
15.28750972	39.48122025	0.02532850	0.00000000	0.00000000	0.00000000	10.03900628	0.62587722
15.29122646	37.69160080	0.02653111	0.00000000	0.00000000	0.00000000	10.04143248	0.62572599
15.29494320	36.18293762	0.02763734	0.00000000	0.00000000	0.00000000	10.04385868	0.62557484
15.29865994	34.83621216	0.02870576	0.00000000	0.00000000	0.00000000	10.04628487	0.62542376
15.30237668	33.55706787	0.02979998	0.00000000	0.00000000	0.00000000	10.04871105	0.62527276
15.30609343	32.38223648	0.03088113	0.00000000	0.00000000	0.00000000	10.05113721	0.62512183
15.30981017	31.54488945	0.03170086	0.00000000	0.00000000	0.00000000	10.05356337	0.62497098
15.31352691	31.00595665	0.03225187	0.00000000	0.00000000	0.00000000	10.05598951	0.62482019
15.31724365	30.66376305	0.03261178	0.00000000	0.00000000	0.00000000	10.05841565	0.62466948
15.32096039	30.23956108	0.03306926	0.00000000	0.00000000	0.00000000	10.06084177	0.62451885
15.32467713	29.93951797	0.03340067	0.00000000	0.00000000	0.00000000	10.06326788	0.62436828
15.32839387	29.80825043	0.03354776	0.00000000	0.00000000	0.00000000	10.06569399	0.62421780
15.33211062	29.72195053	0.03364517	0.00000000	0.00000000	0.00000000	10.06812008	0.62406738
15.33582736	29.69863701	0.03367158	0.00000000	0.00000000	0.00000000	10.07054616	0.62391704
15.33954410	29.73186874	0.03363394	0.00000000	0.00000000	0.00000000	10.07297223	0.62376677
15.34326084	29.64731979	0.03372986	0.00000000	0.00000000	0.00000000	10.07539829	0.62361657
15.34697758	29.57451248	0.03381290	0.00000000	0.00000000	0.00000000	10.07782434	0.62346644
15.35069432	29.53022385	0.03386361	0.00000000	0.00000000	0.00000000	10.08025038	0.62331639
15.35441106	29.44261360	0.03396438	0.00000000	0.00000000	0.00000000	10.08267641	0.62316641
15.35812780	29.44409180	0.03396267	0.00000000	0.00000000	0.00000000	10.08510243	0.62301651
15.36184455	29.57271576	0.03381495	0.00000000	0.00000000	0.00000000	10.08752843	0.62286668
15.36556129	29.76468849	0.03359686	0.00000000	0.00000000	0.00000000	10.08995443	0.62271692
15.36927803	29.91396141	0.03342921	0.00000000	0.00000000	0.00000000	10.09238042	0.62256723
15.37299477	29.97738838	0.03335848	0.00000000	0.00000000	0.00000000	10.09480639	0.62241761
15.37671151	29.97428703	0.03336193	0.00000000	0.00000000	0.00000000	10.09723236	0.62226807
15.38042825	29.97803307	0.03335776	0.00000000	0.00000000	0.00000000	10.09965831	0.62211860
15.38414499	30.22787666	0.03308205	0.00000000	0.00000000	0.00000000	10.10208426	0.62196920
15.38786174	30.55619431	0.03272659	0.00000000	0.00000000	0.00000000	10.10451019	0.62181988
15.39157848	30.83600426	0.03242962	0.00000000	0.00000000	0.00000000	10.10693611	0.62167063
15.39529522	31.20826530	0.03204279	0.00000000	0.00000000	0.00000000	10.10936202	0.62152145
15.39901196	31.83418846	0.03141277	0.00000000	0.00000000	0.00000000	10.11178792	0.62137234
15.40272870	32.79304504	0.03049427	0.00000000	0.00000000	0.00000000	10.11421381	0.62122330
15.40644544	34.63427734	0.02887313	0.00000000	0.00000000	0.00000000	10.11663969	0.62107434
15.41016218	37.14104462	0.02692439	0.00000000	0.00000000	0.00000000	10.11906556	0.62092545
15.41387893	41.15540314	0.02429815	0.00000000	0.00000000	0.00000000	10.12149142	0.62077663
15.41759567	46.50031281	0.02150523	0.00000000	0.00000000	0.00000000	10.12391727	0.62062788
15.42131241	53.74661636	0.01860582	0.00000000	0.00000000	0.00000000	10.12634311	0.62047920
15.42502915	62.26172638	0.01606123	0.00000000	0.00000000	0.00000000	10.12876893	0.62033060
15.42874589	71.70237732	0.01394654	0.00000000	0.00000000	0.00000000	10.13119475	0.62018207
15.43246263	81.16544342	0.01232051	0.00000000	0.00000000	0.00000000	10.13362055	0.62003361
15.43617937	88.99324036	0.01123681	0.00000000	0.00000000	0.00000000	10.13604635	0.61988522
15.43989611	94.88410187	0.01053917	0.00000000	0.00000000	0.00000000	10.13847213	0.61973690
15.44361286	96.78285980	0.01033241	0.00000000	0.00000000	0.00000000	10.14089791	0.61958866
15.44732960	95.50390625	0.01047078	0.00000000	0.00000000	0.00000000	10.14332367	0.61944048
15.45104634	90.98561096	0.01099075	0.00000000	0.00000000	0.00000000	10.14574942	0.61929238
15.45476308	84.43302155	0.01184371	0.00000000	0.00000000	0.00000000	10.14817516	0.61914435
15.45847982	76.84704590	0.01301286	0.00000000	0.00000000	0.00000000	10.15060089	0.61899639
15.46219656	68.98906708	0.01449505	0.00000000	0.00000000	0.00000000	10.15302661	0.61884850
15.46591330	61.53303909	0.01625143	0.00000000	0.00000000	0.00000000	10.15545232	0.61870068
15.46963005	54.91680908	0.01820936	0.00000000	0.00000000	0.00000000	10.15787802	0.61855294
15.47334679	49.35564804	0.02026111	0.00000000	0.00000000	0.00000000	10.16030371	0.61840527
15.47706353	44.62202454	0.02241046	0.00000000	0.00000000	0.00000000	10.16272939	0.61825766
15.48078027	40.68199158	0.02458090	0.00000000	0.00000000	0.00000000	10.16515505	0.61811013
15.48449701	37.52443695	0.02664930	0.00000000	0.00000000	0.00000000	10.16758071	0.61796267
15.48821375	35.21478271	0.02839717	0.00000000	0.00000000	0.00000000	10.17000635	0.61781528
15.49193049	33.29445648	0.03003503	0.00000000	0.00000000	0.00000000	10.17243199	0.61766796
15.49564723	31.89846992	0.03134947	0.00000000	0.00000000	0.00000000	10.17485761	0.61752071
15.49936398	31.00441551	0.03225347	0.00000000	0.00000000	0.00000000	10.17728322	0.61737353
15.50308072	30.56802750	0.03271392	0.00000000	0.00000000	0.00000000	10.17970883	0.61722643
15.50679746	30.46394920	0.03282568	0.00000000	0.00000000	0.00000000	10.18213442	0.61707939
15.51051420	30.35340118	0.03294524	0.00000000	0.00000000	0.00000000	10.18456000	0.61693243
15.51423094	30.08347702	0.03324084	0.00000000	0.00000000	0.00000000	10.18698557	0.61678553
15.51794768	29.92486382	0.03341703	0.00000000	0.00000000	0.00000000	10.18941113	0.61663871
15.52166442	29.98093796	0.03335453	0.00000000	0.00000000	0.00000000	10.19183668	0.61649195
15.52538117	29.91089058	0.03343264	0.00000000	0.00000000	0.00000000	10.19426221	0.61634527
15.52909791	29.65947914	0.03371603	0.00000000	0.00000000	0.00000000	10.19668774	0.61619866
15.53281465	29.62093163	0.03375991	0.00000000	0.00000000	0.00000000	10.19911326	0.61605212
15.53653139	29.88271332	0.03346416	0.00000000	0.00000000	0.00000000	10.20153876	0.61590564
15.54024813	29.94342232	0.03339632	0.00000000	0.00000000	0.00000000	10.20396426	0.61575924
15.54396487	29.71967506	0.03364774	0.00000000	0.00000000	0.00000000	10.20638974	0.61561291
15.54768161	29.64065933	0.03373744	0.00000000	0.00000000	0.00000000	10.20881522	0.61546665
15.55139835	29.77019310	0.03359065	0.00000000	0.00000000	0.00000000	10.21124068	0.61532046
15.55511510	30.01145935	0.03332061	0.00000000	0.00000000	0.00000000	10.21366613	0.61517434
15.55883184	30.28870583	0.03301561	0.00000000	0.00000000	0.00000000	10.21609157	0.61502829
15.56254858	30.33390236	0.03296641	0.00000000	0.00000000	0.00000000	10.21851700	0.61488231
15.56626532	30.21160698	0.03309986	0.00000000	0.00000000	0.00000000	10.22094242	0.61473640
15.56998206	30.35103035	0.03294781	0.00000000	0.00000000	0.00000000	10.22336783	0.61459055
15.57369880	30.91322708	0.03234861	0.00000000	0.00000000	0.00000000	10.22579323	0.61444478
15.57741554	31.85327148	0.03139395	0.00000000	0.00000000	0.00000000	10.22821862	0.61429908
15.58113229	33.55905914	0.02979821	0.00000000	0.00000000	0.00000000	10.23064400	0.61415345
15.58484903	35.93317413	0.02782944	0.00000000	0.00000000	0.00000000	10.23306936	0.61400789
15.58856577	39.59836197	0.02525357	0.00000000	0.00000000	0.00000000	10.23549472	0.61386240
15.59228251	44.31728363	0.02256456	0.00000000	0.00000000	0.00000000	10.23792006	0.61371697
15.59599925	50.16296387	0.01993503	0.00000000	0.00000000	0.00000000	10.24034540	0.61357162
15.59971599	56.34585953	0.01774753	0.00000000	0.00000000	0.00000000	10.24277072	0.61342634
15.60343273	62.85563278	0.01590947	0.00000000	0.00000000	0.00000000	10.24519603	0.61328112
15.60714947	68.41734314	0.01461618	0.00000000	0.00000000	0.00000000	10.24762133	0.61313598
15.61086622	71.92646790	0.01390309	0.00000000	0.00000000	0.00000000	10.25004662	0.61299090
15.61458296	74.10515594	0.01349434	0.00000000	0.00000000	0.00000000	10.25247190	0.61284589
15.61829970	73.10478210	0.01367900	0.00000000	0.00000000	0.00000000	10.25489717	0.61270096
15.62201644	70.51995087	0.01418038	0.00000000	0.00000000	0.00000000	10.25732243	0.61255609
15.62573318	65.81282806	0.01519461	0.00000000	0.00000000	0.00000000	10.25974768	0.61241129
15.62944992	60.76975250	0.01645555	0.00000000	0.00000000	0.00000000	10.26217291	0.61226656
15.63316666	55.38541412	0.01805530	0.00000000	0.00000000	0.00000000	10.26459814	0.61212190
15.63688341	49.98652649	0.02000539	0.00000000	0.00000000	0.00000000	10.26702335	0.61197731
15.64060015	46.06501770	0.02170845	0.00000000	0.00000000	0.00000000	10.26944856	0.61183278
15.64431689	42.67948914	0.02343046	0.00000000	0.00000000	0.00000000	10.27187375	0.61168833
15.64803363	39.54444504	0.02528800	0.00000000	0.00000000	0.00000000	10.27429894	0.61154395
15.65175037	36.74254608	0.02721640	0.00000000	0.00000000	0.00000000	10.27672411	0.61139963
15.65546711	34.99779892	0.02857323	0.00000000	0.00000000	0.00000000	10.27914927	0.61125538
15.65918385	33.40076065	0.02993944	0.00000000	0.00000000	0.00000000	10.28157442	0.61111120
15.66290060	32.20330048	0.03105272	0.00000000	0.00000000	0.00000000	10.28399956	0.61096709
15.66661734	31.24356079	0.03200660	0.00000000	0.00000000	0.00000000	10.28642469	0.61082305
15.67033408	30.61498451	0.03266374	0.00000000	0.00000000	0.00000000	10.28884980	0.61067908
15.67405082	30.18441391	0.03312968	0.00000000	0.00000000	0.00000000	10.29127491	0.61053517
15.67776756	30.01449203	0.03331724	0.00000000	0.00000000	0.00000000	10.29370001	0.61039134
15.68148430	29.98297691	0.03335226	0.00000000	0.00000000	0.00000000	10.29612509	0.61024757
15.68520104	29.94528580	0.03339424	0.00000000	0.00000000	0.00000000	10.29855017	0.61010387
15.68891778	29.84956360	0.03350133	0.00000000	0.00000000	0.00000000	10.30097523	0.60996024
15.69263453	29.76755333	0.03359362	0.00000000	0.00000000	0.00000000	10.30340028	0.60981668
15.69635127	29.70935249	0.03365943	0.00000000	0.00000000	0.00000000	10.30582533	0.60967318
15.70006801	29.84792709	0.03350316	0.00000000	0.00000000	0.00000000	10.30825036	0.60952975
15.70378475	30.01995659	0.03331117	0.00000000	0.00000000	0.00000000	10.31067538	0.60938640
15.70750149	29.88170052	0.03346530	0.00000000	0.00000000	0.00000000	10.31310039	0.60924311
15.71121823	29.64680099	0.03373045	0.00000000	0.00000000	0.00000000	10.31552539	0.60909988
15.71493497	29.30421638	0.03412478	0.00000000	0.00000000	0.00000000	10.31795037	0.60895673
15.71865172	28.86601067	0.03464282	0.00000000	0.00000000	0.00000000	10.32037535	0.60881364
15.72236846	28.88022041	0.03462577	0.00000000	0.00000000	0.00000000	10.32280032	0.60867062
15.72608520	29.02191353	0.03445672	0.00000000	0.00000000	0.00000000	10.32522527	0.60852767
15.72980194	28.81537437	0.03470370	0.00000000	0.00000000	0.00000000	10.32765022	0.60838479
15.73351868	28.70298386	0.03483958	0.00000000	0.00000000	0.00000000	10.33007515	0.60824197
15.73723542	28.74135780	0.03479307	0.00000000	0.00000000	0.00000000	10.33250007	0.60809923
15.74095216	28.72689819	0.03481058	0.00000000	0.00000000	0.00000000	10.33492498	0.60795655
15.74466890	28.70442009	0.03483784	0.00000000	0.00000000	0.00000000	10.33734988	0.60781393
15.74838565	28.65614319	0.03489653	0.00000000	0.00000000	0.00000000	10.33977477	0.60767139
15.75210239	28.59654617	0.03496926	0.00000000	0.00000000	0.00000000	10.34219965	0.60752891
15.75581913	28.52294159	0.03505950	0.00000000	0.00000000	0.00000000	10.34462452	0.60738650
15.75953587	28.57053185	0.03500110	0.00000000	0.00000000	0.00000000	10.34704938	0.60724416
15.76325261	28.77306557	0.03475473	0.00000000	0.00000000	0.00000000	10.34947423	0.60710188
15.76696935	29.17094612	0.03428068	0.00000000	0.00000000	0.00000000	10.35189906	0.60695968
15.77068609	29.55355644	0.03383688	0.00000000	0.00000000	0.00000000	10.35432389	0.60681754
15.77440284	29.33399582	0.03409014	0.00000000	0.00000000	0.00000000	10.35674870	0.60667546
15.77811958	28.76716805	0.03476185	0.00000000	0.00000000	0.00000000	10.35917350	0.60653346
15.78183632	28.43119812	0.03517263	0.00000000	0.00000000	0.00000000	10.36159829	0.60639152
15.78555306	28.36183739	0.03525865	0.00000000	0.00000000	0.00000000	10.36402308	0.60624964
15.78926980	28.40427971	0.03520596	0.00000000	0.00000000	0.00000000	10.36644785	0.60610784
15.79298654	28.49114609	0.03509862	0.00000000	0.00000000	0.00000000	10.36887261	0.60596610
15.79670328	28.46747589	0.03512781	0.00000000	0.00000000	0.00000000	10.37129735	0.60582443
15.80042002	28.18265915	0.03548281	0.00000000	0.00000000	0.00000000	10.37372209	0.60568283
15.80413677	28.33726501	0.03528922	0.00000000	0.00000000	0.00000000	10.37614682	0.60554129
15.80785351	28.98146439	0.03450481	0.00000000	0.00000000	0.00000000	10.37857153	0.60539982
15.81157025	29.02705383	0.03445062	0.00000000	0.00000000	0.00000000	10.38099624	0.60525841
15.81528699	28.62876701	0.03492990	0.00000000	0.00000000	0.00000000	10.38342093	0.60511708
15.81900373	28.46184731	0.03513475	0.00000000	0.00000000	0.00000000	10.38584561	0.60497580
15.82272047	28.41124725	0.03519733	0.00000000	0.00000000	0.00000000	10.38827029	0.60483460
15.82643721	28.64158249	0.03491427	0.00000000	0.00000000	0.00000000	10.39069495	0.60469346
15.83015396	29.14205551	0.03431467	0.00000000	0.00000000	0.00000000	10.39311960	0.60455239
15.83387070	29.02858162	0.03444881	0.00000000	0.00000000	0.00000000	10.39554424	0.60441139
15.83758744	28.33456612	0.03529258	0.00000000	0.00000000	0.00000000	10.39796886	0.60427045
15.84130418	28.15032959	0.03552356	0.00000000	0.00000000	0.00000000	10.40039348	0.60412958
15.84502092	28.53429031	0.03504555	0.00000000	0.00000000	0.00000000	10.40281809	0.60398877
15.84873766	28.30178070	0.03533347	0.00000000	0.00000000	0.00000000	10.40524268	0.60384803
15.85245440	27.07602310	0.03693305	0.00000000	0.00000000	0.00000000	10.40766727	0.60370736
15.85617114	26.68253326	0.03747770	0.00000000	0.00000000	0.00000000	10.41009184	0.60356675
15.85988789	28.02228165	0.03568589	0.00000000	0.00000000	0.00000000	10.41251640	0.60342621
15.86360463	29.17382622	0.03427730	0.00000000	0.00000000	0.00000000	10.41494096	0.60328573
15.86732137	29.17382622	0.03427730	0.00000000	0.00000000	0.00000000	10.41736550	0.60314533
