1.000356 29.900703 5.468154
1.004073 29.894781 5.467612
1.007789 29.905100 5.468556
1.011506 29.900402 5.468126
1.015223 29.903696 5.468427
1.018940 29.848705 5.463397
1.022656 29.813204 5.460147
1.026373 29.841221 5.462712
1.030090 29.917837 5.469720
1.033807 29.974720 5.474917
1.037523 29.985958 5.475944
1.041240 29.951809 5.472825
1.044957 29.942644 5.471987
1.048674 29.930628 5.470889
1.052390 29.887976 5.466990
1.056107 29.840593 5.462654
1.059824 29.862766 5.464684
1.063541 29.953613 5.472989
1.067257 29.943705 5.472084
1.070974 29.931072 5.470930
1.074691 29.934134 5.471210
1.078408 29.992340 5.476526
1.082124 30.011480 5.478273
1.085841 29.979609 5.475364
1.089558 29.937565 5.471523
1.093275 29.894978 5.467630
1.096991 29.890488 5.467219
1.100708 29.941393 5.471873
1.104425 29.976990 5.475125
1.108141 29.965366 5.474063
1.111858 29.917744 5.469711
1.115575 29.885752 5.466786
1.119292 29.877750 5.466054
1.123008 29.984245 5.475787
1.126725 29.992807 5.476569
1.130442 29.981983 5.475581
1.134159 29.894968 5.467629
1.137875 29.904297 5.468482
1.141592 29.972670 5.474730
1.145309 30.041515 5.481014
1.149026 30.103016 5.486622
1.152742 30.128912 5.488981
1.156459 30.075277 5.484093
1.160176 30.022717 5.479299
1.163893 30.051767 5.481949
1.167609 30.101019 5.486440
1.171326 30.163509 5.492132
1.175043 30.141270 5.490107
1.178760 30.120108 5.488179
1.182476 30.032406 5.480183
1.186193 29.993652 5.476646
1.189910 30.014400 5.478540
1.193627 30.056831 5.482411
1.197343 30.058653 5.482577
1.201060 30.037165 5.480617
1.204777 30.009495 5.478092
1.208494 30.052122 5.481982
1.212210 30.132820 5.489337
1.215927 30.225595 5.497781
1.219644 30.282536 5.502957
1.223360 30.368769 5.510787
1.227077 30.342215 5.508377
1.230794 30.294149 5.504012
1.234511 30.254354 5.500396
1.238227 30.246702 5.499700
1.241944 30.240679 5.499153
1.245661 30.162413 5.492032
1.249378 30.133080 5.489361
1.253094 30.133347 5.489385
1.256811 30.144007 5.490356
1.260528 30.165823 5.492342
1.264245 30.181108 5.493734
1.267961 30.191465 5.494676
1.271678 30.214277 5.496752
1.275395 30.170212 5.492742
1.279112 30.193598 5.494870
1.282828 30.138083 5.489816
1.286545 30.177553 5.493410
1.290262 30.199600 5.495416
1.293979 30.265738 5.501430
1.297695 30.284151 5.503104
1.301412 30.258465 5.500769
1.305129 30.209316 5.496300
1.308846 30.137217 5.489737
1.312562 30.151075 5.490999
1.316279 30.173847 5.493073
1.319996 30.130688 5.489143
1.323712 30.107424 5.487023
1.327429 30.124468 5.488576
1.331146 30.190039 5.494546
1.334863 30.199921 5.495445
1.338579 30.147011 5.490629
1.342296 30.117493 5.487941
1.346013 30.157804 5.491612
1.349730 30.237059 5.498823
1.353446 30.246365 5.499669
1.357163 30.220491 5.497317
1.360880 30.212189 5.496562
1.364597 30.246515 5.499683
1.368313 30.295055 5.504094
1.372030 30.228624 5.498056
1.375747 30.180807 5.493706
1.379464 30.110126 5.487269
1.383180 30.163500 5.492131
1.386897 30.188559 5.494412
1.390614 30.245548 5.499595
1.394331 30.333284 5.507566
1.398047 30.419146 5.515355
1.401764 30.414892 5.514970
1.405481 30.333158 5.507555
1.409198 30.314844 5.505892
1.412914 30.301243 5.504656
1.416631 30.300339 5.504574
1.420348 30.332300 5.507477
1.424065 30.367271 5.510651
1.427781 30.383837 5.512154
1.431498 30.340834 5.508251
1.435215 30.279659 5.502696
1.438931 30.249294 5.499936
1.442648 30.284250 5.503113
1.446365 30.383244 5.512100
1.450082 30.407255 5.514277
1.453798 30.392023 5.512896
1.457515 30.349651 5.509052
1.461232 30.322403 5.506578
1.464949 30.316618 5.506053
1.468665 30.308075 5.505277
1.472382 30.280910 5.502809
1.476099 30.239643 5.499058
1.479816 30.276531 5.502411
1.483532 30.301340 5.504665
1.487249 30.339472 5.508128
1.490966 30.376232 5.511464
1.494683 30.400631 5.513677
1.498399 30.369320 5.510837
1.502116 30.346642 5.508779
1.505833 30.374685 5.511323
1.509550 30.439257 5.517178
1.513266 30.500765 5.522750
1.516983 30.515184 5.524055
1.520700 30.511694 5.523739
1.524417 30.495220 5.522248
1.528133 30.482441 5.521091
1.531850 30.460262 5.519082
1.535567 30.479891 5.520860
1.539283 30.609632 5.532597
1.543000 30.661934 5.537322
1.546717 30.659958 5.537143
1.550434 30.692537 5.540085
1.554150 30.708216 5.541499
1.557867 30.735214 5.543935
1.561584 30.739256 5.544299
1.565301 30.761881 5.546339
1.569017 30.762335 5.546380
1.572734 30.788532 5.548742
1.576451 30.862251 5.555380
1.580168 30.897879 5.558586
1.583884 30.821146 5.551680
1.587601 30.706667 5.541360
1.591318 30.727991 5.543283
1.595035 30.792459 5.549095
1.598751 30.887892 5.557688
1.602468 30.915308 5.560154
1.606185 30.957603 5.563956
1.609902 30.959274 5.564106
1.613618 30.942694 5.562616
1.617335 30.949728 5.563248
1.621052 30.960672 5.564232
1.624769 31.000969 5.567851
1.628485 30.965929 5.564704
1.632202 30.931021 5.561566
1.635919 30.912634 5.559913
1.639636 30.974644 5.565487
1.643352 31.010717 5.568727
1.647069 31.055391 5.572736
1.650786 31.045649 5.571862
1.654502 31.054098 5.572620
1.658219 31.070911 5.574129
1.661936 31.114441 5.578032
1.665653 31.205153 5.586157
1.669369 31.192028 5.584982
1.673086 31.151188 5.581325
1.676803 31.166918 5.582734
1.680520 31.260073 5.591071
1.684236 31.323118 5.596706
1.687953 31.338976 5.598123
1.691670 31.330320 5.597349
1.695387 31.265364 5.591544
1.699103 31.325178 5.596890
1.702820 31.398392 5.603427
1.706537 31.452795 5.608279
1.710254 31.429737 5.606223
1.713970 31.408373 5.604317
1.717687 31.431929 5.606419
1.721404 31.449957 5.608026
1.725121 31.462700 5.609162
1.728837 31.444435 5.607534
1.732554 31.443480 5.607449
1.736271 31.442686 5.607378
1.739988 31.498276 5.612332
1.743704 31.571674 5.618868
1.747421 31.599695 5.621361
1.751138 31.561655 5.617976
1.754854 31.555731 5.617449
1.758571 31.583460 5.619916
1.762288 31.652124 5.626022
1.766005 31.659678 5.626693
1.769721 31.660835 5.626796
1.773438 31.708292 5.631012
1.777155 31.779381 5.637320
1.780872 31.817629 5.640712
1.784588 31.786043 5.637911
1.788305 31.741734 5.633980
1.792022 31.718777 5.631943
1.795739 31.730635 5.632995
1.799455 31.748709 5.634599
1.803172 31.796635 5.638850
1.806889 31.783171 5.637656
1.810606 31.814152 5.640404
1.814322 31.854351 5.643966
1.818039 31.857672 5.644260
1.821756 31.856300 5.644139
1.825473 31.860600 5.644519
1.829189 31.905296 5.648477
1.832906 31.895948 5.647650
1.836623 31.935631 5.651162
1.840340 31.993149 5.656249
1.844056 32.070713 5.663101
1.847773 32.111259 5.666680
1.851490 32.123375 5.667749
1.855207 32.193233 5.673908
1.858923 32.221741 5.676420
1.862640 32.221897 5.676433
1.866357 32.192806 5.673870
1.870073 32.214592 5.675790
1.873790 32.291855 5.682592
1.877507 32.313709 5.684515
1.881224 32.327587 5.685735
1.884940 32.337910 5.686643
1.888657 32.335999 5.686475
1.892374 32.391491 5.691352
1.896091 32.444706 5.696025
1.899807 32.485287 5.699587
1.903524 32.528244 5.703354
1.907241 32.588970 5.708675
1.910958 32.642319 5.713346
1.914674 32.606789 5.710235
1.918391 32.577572 5.707677
1.922108 32.572674 5.707247
1.925825 32.643852 5.713480
1.929541 32.722130 5.720326
1.933258 32.715107 5.719712
1.936975 32.690071 5.717523
1.940692 32.701977 5.718564
1.944408 32.728577 5.720889
1.948125 32.758152 5.723474
1.951842 32.760071 5.723641
1.955559 32.788925 5.726161
1.959275 32.834633 5.730151
1.962992 32.926617 5.738172
1.966709 33.050770 5.748980
1.970425 33.096783 5.752980
1.974142 33.031097 5.747269
1.977859 33.000225 5.744582
1.981576 32.992657 5.743923
1.985292 32.994873 5.744116
1.989009 32.979847 5.742808
1.992726 33.031002 5.747260
1.996443 33.059288 5.749721
2.000159 33.024273 5.746675
2.003876 32.986874 5.743420
2.007593 33.003548 5.744871
2.011310 33.062572 5.750006
2.015026 33.121773 5.755152
2.018743 33.161926 5.758639
2.022460 33.213074 5.763078
2.026177 33.222431 5.763890
2.029893 33.223743 5.764004
2.033610 33.236641 5.765123
2.037327 33.267879 5.767831
2.041044 33.328335 5.773070
2.044760 33.366562 5.776380
2.048477 33.467480 5.785108
2.052194 33.500114 5.787928
2.055911 33.466019 5.784982
2.059627 33.434715 5.782276
2.063344 33.478558 5.786066
2.067061 33.555580 5.792718
2.070778 33.653084 5.801128
2.074494 33.726814 5.807479
2.078211 33.757072 5.810084
2.081928 33.767254 5.810960
2.085644 33.787636 5.812713
2.089361 33.786110 5.812582
2.093078 33.817074 5.815245
2.096795 33.878914 5.820560
2.100511 33.951572 5.826798
2.104228 33.969543 5.828340
2.107945 33.926983 5.824687
2.111662 33.905216 5.822819
2.115378 33.956875 5.827253
2.119095 34.015034 5.832241
2.122812 34.119507 5.841191
2.126529 34.272957 5.854311
2.130245 34.381897 5.863608
2.133962 34.431778 5.867860
2.137679 34.466820 5.870845
2.141396 34.585999 5.880986
2.145112 34.726940 5.892957
2.148829 34.833946 5.902029
2.152546 34.962193 5.912884
2.156263 35.097359 5.924302
2.159979 35.232224 5.935674
2.163696 35.326424 5.943604
2.167413 35.455280 5.954434
2.171130 35.657108 5.971357
2.174846 35.832287 5.986008
2.178563 35.923130 5.993591
2.182280 36.048542 6.004044
2.185996 36.196514 6.016354
2.189713 36.363693 6.030232
2.193430 36.568558 6.047194
2.197147 36.884922 6.073296
2.200863 37.334663 6.110210
2.204580 37.686802 6.138958
2.208297 37.990002 6.163603
2.212014 38.326870 6.190870
2.215730 38.839111 6.232103
2.219447 39.446903 6.280677
2.223164 40.154488 6.336757
2.226881 41.081345 6.409473
2.230597 42.269531 6.501502
2.234314 43.727547 6.612681
2.238031 45.782639 6.766287
2.241748 48.739189 6.981346
2.245464 52.905220 7.273597
2.249181 59.051281 7.684483
2.252898 68.565125 8.280406
2.256615 83.405655 9.132670
2.260331 107.052925 10.346638
2.264048 146.813538 12.116664
2.267765 212.516510 14.577946
2.271482 318.081757 17.834847
2.275198 482.758911 21.971775
2.278915 711.830261 26.680147
2.282632 990.050049 31.465061
2.286349 1285.007324 35.846999
2.290065 1511.073364 38.872527
2.293782 1601.646362 40.020574
2.297499 1531.098511 39.129254
2.301215 1320.927856 36.344571
2.304932 1037.547119 32.210978
2.308649 740.967102 27.220711
2.312366 500.522186 22.372353
2.316082 332.969666 18.247456
2.319799 220.773346 14.858444
2.323516 150.681305 12.275231
2.327233 109.679703 10.472808
2.330949 84.474442 9.190998
2.334666 68.720482 8.289782
2.338383 59.114449 7.688592
2.342100 52.694096 7.259070
2.345816 48.330765 6.952033
2.349533 45.382256 6.736635
2.353250 43.250347 6.576500
2.356967 41.693592 6.457058
2.360683 40.508514 6.364630
2.364400 39.545879 6.288551
2.368117 38.760242 6.225772
2.371834 38.141682 6.175895
2.375550 37.600006 6.131884
2.379267 37.108059 6.091638
2.382984 36.688599 6.057111
2.386701 36.301331 6.025059
2.390417 35.957993 5.996498
2.394134 35.600800 5.966641
2.397851 35.320862 5.943136
2.401567 35.028477 5.918486
2.405284 34.820541 5.900893
2.409001 34.581741 5.880624
2.412718 34.357994 5.861569
2.416434 34.134010 5.842432
2.420151 33.992870 5.830340
2.423868 33.845634 5.817700
2.427585 33.710453 5.806070
2.431301 33.507996 5.788609
2.435018 33.367710 5.776479
2.438735 33.232876 5.764796
2.442452 33.149506 5.757561
2.446168 33.051487 5.749042
2.449885 32.927029 5.738208
2.453602 32.791866 5.726418
2.457319 32.637981 5.712966
2.461035 32.531414 5.703632
2.464752 32.427727 5.694535
2.468469 32.328342 5.685802
2.472186 32.239437 5.677978
2.475902 32.154255 5.670472
2.479619 32.033268 5.659794
2.483336 31.935236 5.651127
2.487053 31.851326 5.643698
2.490769 31.747183 5.634464
2.494486 31.627468 5.623830
2.498203 31.569803 5.618701
2.501920 31.575327 5.619193
2.505636 31.568132 5.618553
2.509353 31.526005 5.614802
2.513070 31.491730 5.611749
2.516786 31.409086 5.604381
2.520503 31.369045 5.600808
2.524220 31.287830 5.593553
2.527937 31.273529 5.592274
2.531653 31.222565 5.587716
2.535370 31.199533 5.585654
2.539087 31.114157 5.578007
2.542804 31.047773 5.572053
2.546520 30.959736 5.564147
2.550237 30.891302 5.557994
2.553954 30.903734 5.559113
2.557671 30.891546 5.558016
2.561387 30.909231 5.559607
2.565104 30.897980 5.558595
2.568821 30.890491 5.557922
2.572538 30.812321 5.550885
2.576254 30.759676 5.546141
2.579971 30.727625 5.543250
2.583688 30.676004 5.538592
2.587405 30.628252 5.534280
2.591121 30.661943 5.537323
2.594838 30.679741 5.538930
2.598555 30.614038 5.532995
2.602272 30.541815 5.526465
2.605988 30.538275 5.526145
2.609705 30.577475 5.529690
2.613422 30.580969 5.530006
2.617138 30.567045 5.528747
2.620855 30.564028 5.528474
2.624572 30.507318 5.523343
2.628289 30.400232 5.513641
2.632005 30.329323 5.507206
2.635722 30.335802 5.507795
2.639439 30.337763 5.507973
2.643156 30.346067 5.508726
2.646872 30.368605 5.510772
2.650589 30.376381 5.511477
2.654306 30.328108 5.507096
2.658023 30.284788 5.503162
2.661739 30.272602 5.502054
2.665456 30.251949 5.500177
2.669173 30.252934 5.500267
2.672890 30.272324 5.502029
2.676606 30.266979 5.501543
2.680323 30.261559 5.501051
2.684040 30.240746 5.499159
2.687757 30.196587 5.495142
2.691473 30.156105 5.491457
2.695190 30.112215 5.487460
2.698907 30.122169 5.488367
2.702624 30.137262 5.489742
2.706340 30.158682 5.491692
2.710057 30.155729 5.491423
2.713774 30.125391 5.488660
2.717490 30.121943 5.488346
2.721207 30.157080 5.491546
2.724924 30.191439 5.494674
2.728641 30.222109 5.497464
2.732357 30.256382 5.500580
2.736074 30.276215 5.502383
2.739791 30.255527 5.500502
2.743508 30.223228 5.497566
2.747224 30.202616 5.495691
2.750941 30.198225 5.495291
2.754658 30.200424 5.495491
2.758375 30.203825 5.495801
2.762091 30.176535 5.493317
2.765808 30.154907 5.491348
2.769525 30.115946 5.487800
2.773242 30.151581 5.491046
2.776958 30.163551 5.492135
2.780675 30.208658 5.496240
2.784392 30.202177 5.495651
2.788109 30.199184 5.495378
2.791825 30.134027 5.489447
2.795542 30.081652 5.484674
2.799259 30.097740 5.486141
2.802976 30.163624 5.492142
2.806692 30.217253 5.497022
2.810409 30.177542 5.493409
2.814126 30.115549 5.487764
2.817843 30.103519 5.486667
2.821559 30.142015 5.490174
2.825276 30.232592 5.498417
2.828993 30.250704 5.500064
2.832709 30.271936 5.501994
2.836426 30.261560 5.501051
2.840143 30.268555 5.501687
2.843860 30.264217 5.501292
2.847576 30.281096 5.502826
2.851293 30.312016 5.505635
2.855010 30.307444 5.505220
2.858727 30.290001 5.503635
2.862443 30.254795 5.500436
2.866160 30.265299 5.501391
2.869877 30.319902 5.506351
2.873594 30.366446 5.510576
2.877310 30.353733 5.509422
2.881027 30.330542 5.507317
2.884744 30.308994 5.505361
2.888461 30.309818 5.505435
2.892177 30.327324 5.507025
2.895894 30.389183 5.512638
2.899611 30.399712 5.513593
2.903328 30.395012 5.513167
2.907044 30.383345 5.512109
2.910761 30.402239 5.513823
2.914478 30.382881 5.512067
2.918195 30.375763 5.511421
2.921911 30.390045 5.512717
2.925628 30.405190 5.514090
2.929345 30.433632 5.516669
2.933061 30.503920 5.523035
2.936778 30.518829 5.524385
2.940495 30.475437 5.520456
2.944212 30.425652 5.515945
2.947928 30.472157 5.520159
2.951645 30.539968 5.526298
2.955362 30.573351 5.529317
2.959079 30.598114 5.531556
2.962795 30.663404 5.537455
2.966512 30.694313 5.540245
2.970229 30.747559 5.545048
2.973946 30.802444 5.549995
2.977662 30.856138 5.554830
2.981379 30.837215 5.553127
2.985096 30.826332 5.552147
2.988813 30.850082 5.554285
2.992529 30.894897 5.558318
2.996246 30.965515 5.564667
2.999963 31.066591 5.573741
3.003680 31.174545 5.583417
3.007396 31.236656 5.588976
3.011113 31.290855 5.593823
3.014830 31.308458 5.595396
3.018547 31.320473 5.596470
3.022263 31.378744 5.601673
3.025980 31.484106 5.611070
3.029697 31.591730 5.620652
3.033414 31.689034 5.629301
3.037130 31.776937 5.637104
3.040847 31.914999 5.649336
3.044564 32.050491 5.661315
3.048280 32.166824 5.671580
3.051997 32.233059 5.677417
3.055714 32.302593 5.683537
3.059431 32.421120 5.693955
3.063147 32.545956 5.704906
3.066864 32.676243 5.716314
3.070581 32.767971 5.724331
3.074298 32.911263 5.736834
3.078014 33.076401 5.751209
3.081731 33.285866 5.769390
3.085448 33.453297 5.783882
3.089165 33.594181 5.796049
3.092881 33.774681 5.811599
3.096598 33.983410 5.829529
3.100315 34.185646 5.846849
3.104032 34.425579 5.867332
3.107748 34.696320 5.890358
3.111465 34.972858 5.913785
3.115182 35.226540 5.935195
3.118899 35.568451 5.963929
3.122615 35.899837 5.991647
3.126332 36.182377 6.015179
3.130049 36.501381 6.041637
3.133766 36.859005 6.071162
3.137482 37.245625 6.102919
3.141199 37.643990 6.135470
3.144916 38.095749 6.172175
3.148632 38.606586 6.213420
3.152349 39.157722 6.257613
3.156066 39.794544 6.308292
3.159783 40.517735 6.365354
3.163499 41.327015 6.428609
3.167216 42.282612 6.502508
3.170933 43.409473 6.588587
3.174650 44.822048 6.694927
3.178366 46.636547 6.829096
3.182083 48.889404 6.992096
3.185800 51.873833 7.202349
3.189517 56.037727 7.485835
3.193233 61.802425 7.861452
3.196950 69.979195 8.365357
3.200667 82.511131 9.083564
3.204384 101.956505 10.097351
3.208100 132.325073 11.503264
3.211817 182.854431 13.522368
3.215534 266.029175 16.310401
3.219251 399.144470 19.978600
3.222967 616.368347 24.826767
3.226684 937.865662 30.624592
3.230401 1360.738525 36.888190
3.234118 1874.461792 43.295055
3.237834 2366.898193 48.650778
3.241551 2714.757812 52.103338
3.245268 2819.809082 53.101875
3.248985 2631.714600 51.300240
3.252701 2221.392090 47.131646
3.256418 1692.069336 41.134770
3.260135 1187.672852 34.462630
3.263851 798.378784 28.255597
3.267568 520.814514 22.821361
3.271285 338.363373 18.394656
3.275002 226.889893 15.062865
3.278718 159.568573 12.632045
3.282435 118.254753 10.874500
3.286152 92.735672 9.629936
3.289869 76.654449 8.755253
3.293585 66.054962 8.127420
3.297302 58.951523 7.677990
3.301019 53.965332 7.346110
3.304736 50.330700 7.094413
3.308452 47.629398 6.901406
3.312169 45.601875 6.752916
3.315886 43.950359 6.629507
3.319603 42.650776 6.530756
3.323319 41.536072 6.444848
3.327036 40.585350 6.370663
3.330753 39.779427 6.307093
3.334470 39.121960 6.254755
3.338186 38.511715 6.205781
3.341903 37.949459 6.160313
3.345620 37.393951 6.115059
3.349337 36.922062 6.076353
3.353053 36.520718 6.043237
3.356770 36.101543 6.008456
3.360487 35.706356 5.975480
3.364203 35.313129 5.942485
3.367920 35.000427 5.916116
3.371637 34.654568 5.886813
3.375354 34.287453 5.855549
3.379070 33.945282 5.826258
3.382787 33.679279 5.803385
3.386504 33.451801 5.783753
3.390221 33.186867 5.760804
3.393937 32.910782 5.736792
3.397654 32.696926 5.718123
3.401371 32.559467 5.706090
3.405088 32.395088 5.691668
3.408804 32.203236 5.674789
3.412521 32.014889 5.658170
3.416238 31.804661 5.639562
3.419955 31.626629 5.623756
3.423671 31.448164 5.607866
3.427388 31.312244 5.595734
3.431105 31.157963 5.581932
3.434822 31.018848 5.569457
3.438538 30.902525 5.559004
3.442255 30.778889 5.547872
3.445972 30.636805 5.535052
3.449689 30.492115 5.521967
3.453405 30.132847 5.489339
3.457122 29.921688 5.470072
3.460839 29.800276 5.458963
3.464556 29.979221 5.475328
3.468272 30.027502 5.479736
3.471989 29.979918 5.475392
3.475706 29.868517 5.465210
3.479422 29.724127 5.451984
3.483139 29.621420 5.442556
3.486856 29.518681 5.433110
3.490573 29.490522 5.430518
3.494289 29.466787 5.428332
3.498006 29.448009 5.426602
3.501723 29.398247 5.422015
3.505440 29.370064 5.419415
3.509156 29.342937 5.416912
3.512873 29.278517 5.410963
3.516590 29.226141 5.406121
3.520307 29.191090 5.402878
3.524023 29.153448 5.399393
3.527740 29.058561 5.390599
3.531457 28.959742 5.381426
3.535174 28.919876 5.377720
3.538890 28.905502 5.376384
3.542607 28.836927 5.370003
3.546324 28.785276 5.365191
3.550041 28.763025 5.363117
3.553757 28.776730 5.364395
3.557474 28.739872 5.360958
3.561191 28.677515 5.355139
3.564908 28.654734 5.353012
3.568624 28.617825 5.349563
3.572341 28.532982 5.341627
3.576058 28.468348 5.335574
3.579774 28.472052 5.335921
3.583491 28.517235 5.340153
3.587208 28.486288 5.337255
3.590925 28.420576 5.331095
3.594641 28.375113 5.326830
3.598358 28.375395 5.326856
3.602075 28.396971 5.328881
3.605792 28.400867 5.329246
3.609508 28.386854 5.327932
3.613225 28.395788 5.328770
3.616942 28.392845 5.328494
3.620659 28.395403 5.328734
3.624375 28.360735 5.325480
3.628092 28.343719 5.323882
3.631809 28.319288 5.321587
3.635526 28.296350 5.319431
3.639242 28.241417 5.314265
3.642959 28.213568 5.311645
3.646676 28.233862 5.313555
3.650393 28.255209 5.315563
3.654109 28.213495 5.311638
3.657826 28.212746 5.311567
3.661543 28.215359 5.311813
3.665260 28.271763 5.317120
3.668976 28.266882 5.316661
3.672693 28.256931 5.315725
3.676410 28.246763 5.314768
3.680127 28.258741 5.315895
3.683843 28.260351 5.316047
3.687560 28.254047 5.315454
3.691277 28.250376 5.315108
3.694993 28.270779 5.317027
3.698710 28.313704 5.321062
3.702427 28.338423 5.323385
3.706144 28.393684 5.328572
3.709860 28.443064 5.333204
3.713577 28.509346 5.339414
3.717294 28.538893 5.342181
3.721011 28.558605 5.344025
3.724727 28.564096 5.344539
3.728444 28.561176 5.344266
3.732161 28.565275 5.344649
3.735878 28.555603 5.343744
3.739594 28.512691 5.339728
3.743311 28.508585 5.339343
3.747028 28.552715 5.343474
3.750745 28.561012 5.344250
3.754461 28.587175 5.346698
3.758178 28.610598 5.348888
3.761895 28.654232 5.352965
3.765612 28.666027 5.354066
3.769328 28.702309 5.357454
3.773045 28.778196 5.364531
3.776762 28.814650 5.367928
3.780479 28.838085 5.370110
3.784195 28.828400 5.369208
3.787912 28.847141 5.370953
3.791629 28.872065 5.373273
3.795345 28.890553 5.374993
3.799062 28.925705 5.378262
3.802779 29.014305 5.386493
3.806496 29.121603 5.396444
3.810212 29.208149 5.404456
3.813929 29.282902 5.411368
3.817646 29.338509 5.416503
3.821363 29.450687 5.426849
3.825079 29.546659 5.435684
3.828796 29.670511 5.447064
3.832513 29.784269 5.457497
3.836230 29.894520 5.467588
3.839946 29.988588 5.476184
3.843663 30.110281 5.487284
3.847380 30.270468 5.501860
3.851097 30.430855 5.516417
3.854813 30.591972 5.531001
3.858530 30.704487 5.541163
3.862247 30.838770 5.553267
3.865964 31.000412 5.567801
3.869680 31.179487 5.583860
3.873397 31.429926 5.606240
3.877114 31.672318 5.627816
3.880831 31.928270 5.650511
3.884547 32.197617 5.674294
3.888264 32.516407 5.702316
3.891981 32.863289 5.732651
3.895698 33.300911 5.770694
3.899414 33.795414 5.813382
3.903131 34.381317 5.863558
3.906848 35.154552 5.929127
3.910564 36.160500 6.013360
3.914281 37.375668 6.113564
3.917998 39.031559 6.247524
3.921715 41.413807 6.435356
3.925431 44.797508 6.693094
3.929148 49.907898 7.064552
3.932865 57.887447 7.608380
3.936582 70.108635 8.373090
3.940298 89.992264 9.486425
3.944015 123.501244 11.113111
3.947732 176.867813 13.299166
3.951449 261.480621 16.170362
3.955165 390.954834 19.772578
3.958882 565.477661 23.779774
3.962599 778.459412 27.900885
3.966316 1001.501953 31.646516
3.970032 1173.122559 34.250877
3.973749 1247.134766 35.314795
3.977466 1200.976562 34.655109
3.981183 1050.575928 32.412589
3.984899 837.378540 28.937494
3.988616 611.527466 24.729081
3.992333 422.974976 20.566355
3.996050 286.798798 16.935135
3.999766 192.301132 13.867268
4.003483 131.906250 11.485045
4.007200 96.177856 9.807031
4.010916 73.975304 8.600890
4.014633 60.087158 7.751591
4.018350 51.660179 7.187502
4.022067 46.040447 6.785311
4.025783 42.215324 6.497332
4.029500 39.660797 6.297682
4.033217 37.790550 6.147402
4.036934 36.443432 6.036840
4.040650 35.432983 5.952561
4.044367 34.605644 5.882656
4.048084 33.871857 5.819953
4.051801 33.306431 5.771172
4.055517 32.860565 5.732414
4.059234 32.545097 5.704831
4.062951 32.239014 5.677941
4.066668 31.949366 5.652377
4.070384 31.647186 5.625583
4.074101 31.395084 5.603132
4.077818 31.144382 5.580715
4.081535 30.936218 5.562034
4.085251 30.740988 5.544456
4.088968 30.592325 5.531033
4.092685 30.429680 5.516310
4.096402 30.229340 5.498121
4.100118 30.051014 5.481881
4.103835 29.926472 5.470509
4.107552 29.829407 5.461630
4.111269 29.692316 5.449066
4.114985 29.583702 5.439090
4.118702 29.469904 5.428619
4.122419 29.317841 5.414595
4.126135 29.172180 5.401128
4.129852 29.097752 5.394233
4.133569 29.047493 5.389573
4.137286 28.947235 5.380263
4.141002 28.850105 5.371229
4.144719 28.788567 5.365498
4.148436 28.727947 5.359846
4.152153 28.651506 5.352710
4.155869 28.602697 5.348149
4.159586 28.564337 5.344561
4.163303 28.527163 5.341083
4.167020 28.476334 5.336322
4.170736 28.413109 5.330395
4.174453 28.348717 5.324351
4.178170 28.311644 5.320869
4.181887 28.303801 5.320132
4.185603 28.276712 5.317585
4.189320 28.207901 5.311111
4.193037 28.155117 5.306140
4.196754 28.133488 5.304101
4.200470 28.123026 5.303115
4.204187 28.108959 5.301788
4.207904 28.086369 5.299657
4.211621 28.051157 5.296334
4.215337 28.003405 5.291824
4.219054 27.993578 5.290896
4.222771 28.018389 5.293240
4.226487 27.980223 5.289634
4.230204 27.916742 5.283630
4.233921 27.876696 5.279839
4.237638 27.863106 5.278551
4.241354 27.833014 5.275700
4.245071 27.824270 5.274872
4.248788 27.837605 5.276135
4.252505 27.834663 5.275857
4.256221 27.791090 5.271726
4.259938 27.749371 5.267767
4.263655 27.742762 5.267140
4.267372 27.734550 5.266360
4.271088 27.736885 5.266582
4.274805 27.727652 5.265705
4.278522 27.726818 5.265626
4.282239 27.710241 5.264052
4.285955 27.692400 5.262357
4.289672 27.667538 5.259994
4.293389 27.660583 5.259333
4.297106 27.685213 5.261674
4.300822 27.723307 5.265293
4.304539 27.708462 5.263883
4.308256 27.671970 5.260415
4.311973 27.612259 5.254737
4.315689 27.609495 5.254474
4.319406 27.635483 5.256946
4.323123 27.626446 5.256087
4.326839 27.614677 5.254967
4.330556 27.606771 5.254215
4.334273 27.611721 5.254686
4.337990 27.596008 5.253190
4.341706 27.619865 5.255461
4.345423 27.678635 5.261049
4.349140 27.705393 5.263591
4.352857 27.673096 5.260522
4.356573 27.661865 5.259455
4.360290 27.700171 5.263095
4.364007 27.685022 5.261656
4.367724 27.671410 5.260362
4.371440 27.678164 5.261004
4.375157 27.743780 5.267236
4.378874 27.780628 5.270733
4.382591 27.796381 5.272227
4.386307 27.858694 5.278134
4.390024 27.930058 5.284890
4.393741 27.949343 5.286714
4.397458 27.931770 5.285052
4.401174 27.942686 5.286084
4.404891 27.963545 5.288057
4.408608 27.984686 5.290055
4.412325 28.010126 5.292459
4.416041 28.048094 5.296045
4.419758 28.079481 5.299008
4.423475 28.102713 5.301199
4.427192 28.154394 5.306071
4.430908 28.214750 5.311756
4.434625 28.296501 5.319446
4.438342 28.379400 5.327232
4.442058 28.494806 5.338053
4.445775 28.581676 5.346183
4.449492 28.639610 5.351599
4.453209 28.712326 5.358388
4.456925 28.774448 5.364182
4.460642 28.837893 5.370092
4.464359 28.894529 5.375363
4.468076 29.007086 5.385823
4.471792 29.111998 5.395554
4.475509 29.184391 5.402258
4.479226 29.228975 5.406383
4.482943 29.249561 5.408286
4.486659 29.330572 5.415771
4.490376 29.440254 5.425887
4.494093 29.585434 5.439249
4.497810 29.718931 5.451507
4.501526 29.842100 5.462792
4.505243 30.051687 5.481942
4.508960 30.269886 5.501808
4.512677 30.533381 5.525702
4.516393 30.822901 5.551838
4.520110 31.183573 5.584225
4.523827 31.680513 5.628545
4.527544 32.268887 5.680571
4.531260 33.045700 5.748539
4.534977 34.085320 5.838263
4.538694 35.627644 5.968890
4.542410 37.854839 6.152629
4.546127 41.319649 6.428036
4.549844 46.713520 6.834729
4.553561 55.135052 7.425298
4.557277 69.128937 8.314381
4.560994 92.085114 9.596099
4.564711 128.163544 11.320934
4.568428 184.925430 13.598729
4.572144 263.987244 16.247684
4.575861 363.860016 19.075115
4.579578 480.343292 21.916735
4.583295 583.276978 24.151128
4.587011 646.388062 25.424163
4.590728 653.600708 25.565616
4.594445 601.858704 24.532809
4.598162 507.893860 22.536501
4.601878 391.380615 19.783342
4.605595 282.976654 16.821910
4.609312 199.481979 14.123809
4.613029 138.840225 11.783048
4.616745 98.308495 9.915064
4.620462 73.244408 8.558295
4.624179 57.866150 7.606980
4.627896 48.341938 6.952837
4.631612 42.495098 6.518826
4.635329 38.793377 6.228433
4.639046 36.333355 6.027716
4.642763 34.730141 5.893228
4.646479 33.607170 5.797169
4.650196 32.752907 5.723016
4.653913 32.119499 5.667407
4.657629 31.636822 5.624662
4.661346 31.251642 5.590317
4.665063 30.987242 5.566619
4.668780 30.784456 5.548374
4.672496 30.606325 5.532298
4.676213 30.525488 5.524988
4.679930 30.445063 5.517704
4.683647 30.346203 5.508739
4.687363 30.174601 5.493141
4.691080 30.103683 5.486682
4.694797 30.021452 5.479184
4.698514 29.875368 5.465836
4.702230 29.664049 5.446471
4.705947 29.499958 5.431386
4.709664 29.360699 5.418551
4.713381 29.262634 5.409495
4.717097 29.188322 5.402622
4.720814 29.105082 5.394913
4.724531 28.999451 5.385114
4.728248 28.922220 5.377938
4.731964 28.857161 5.371886
4.735681 28.783226 5.365000
4.739398 28.708162 5.358000
4.743115 28.667982 5.354249
4.746831 28.623236 5.350069
4.750548 28.571224 5.345206
4.754265 28.525503 5.340927
4.757981 28.483227 5.336968
4.761698 28.470272 5.335754
4.765415 28.463852 5.335152
4.769132 28.446383 5.333515
4.772848 28.440437 5.332958
4.776565 28.440010 5.332918
4.780282 28.472393 5.335953
4.783999 28.449263 5.333785
4.787715 28.400898 5.329249
4.791432 28.351715 5.324633
4.795149 28.354698 5.324913
4.798866 28.372829 5.326615
4.802582 28.381617 5.327440
4.806299 28.364653 5.325848
4.810016 28.357641 5.325189
4.813733 28.331211 5.322707
4.817449 28.326170 5.322234
4.821166 28.319725 5.321628
4.824883 28.346596 5.324152
4.828600 28.341478 5.323672
4.832316 28.350340 5.324504
4.836033 28.316374 5.321313
4.839750 28.268850 5.316846
4.843467 28.248934 5.314973
4.847183 28.267103 5.316682
4.850900 28.286951 5.318548
4.854617 28.290134 5.318847
4.858334 28.290520 5.318883
4.862050 28.294060 5.319216
4.865767 28.325756 5.322195
4.869484 28.354931 5.324935
4.873200 28.410957 5.330193
4.876917 28.451056 5.333953
4.880634 28.479849 5.336651
4.884351 28.519056 5.340324
4.888067 28.541245 5.342401
4.891784 28.541391 5.342414
4.895501 28.515781 5.340017
4.899218 28.537317 5.342033
4.902934 28.617233 5.349508
4.906651 28.701963 5.357421
4.910368 28.741299 5.361091
4.914085 28.776369 5.364361
4.917801 28.823303 5.368734
4.921518 28.862846 5.372415
4.925235 28.858143 5.371978
4.928952 28.867647 5.372862
4.932668 28.916361 5.377394
4.936385 29.026787 5.387651
4.940102 29.102331 5.394658
4.943819 29.104008 5.394813
4.947535 29.122757 5.396550
4.951252 29.194098 5.403156
4.954969 29.338913 5.416541
4.958686 29.432981 5.425217
4.962402 29.526939 5.433870
4.966119 29.587664 5.439454
4.969836 29.667885 5.446823
4.973552 29.784428 5.457511
4.977269 29.953962 5.473021
4.980986 30.084044 5.484892
4.984703 30.187756 5.494339
4.988419 30.306568 5.505140
4.992136 30.446987 5.517879
4.995853 30.603416 5.532035
4.999570 30.744987 5.544816
5.003286 30.917917 5.560388
5.007003 31.085527 5.575440
5.010720 31.262747 5.591310
5.014437 31.439011 5.607050
5.018153 31.589434 5.620448
5.021870 31.802725 5.639390
5.025587 32.049526 5.661230
5.029304 32.298740 5.683198
5.033020 32.535225 5.703966
5.036737 32.825878 5.729387
5.040454 33.174702 5.759748
5.044171 33.554577 5.792631
5.047887 34.013344 5.832096
5.051604 34.517128 5.875128
5.055321 35.105072 5.924953
5.059038 35.885689 5.990466
5.062754 36.809563 6.067088
5.066471 37.912956 6.157350
5.070188 39.346397 6.272671
5.073905 41.280746 6.425009
5.077621 43.854305 6.622258
5.081338 47.590824 6.898610
5.085055 53.108711 7.287572
5.088771 61.546165 7.845136
5.092488 74.952499 8.657511
5.096205 96.537628 9.825356
5.099922 131.132553 11.451312
5.103638 188.397675 13.725803
5.107355 279.063080 16.705181
5.111072 413.833405 20.342896
5.114789 608.375488 24.665269
5.118505 847.963501 29.119813
5.122222 1105.302124 33.246084
5.125939 1337.139038 36.566912
5.129656 1470.297729 38.344462
5.133372 1470.776245 38.350701
5.137089 1334.935791 36.536773
5.140806 1109.096680 33.303103
5.144523 851.702576 29.183944
5.148239 607.239624 24.642233
5.151956 415.606567 20.386431
5.155673 280.824493 16.757819
5.159390 190.324188 13.795803
5.163106 132.469376 11.509534
5.166823 97.178207 9.857901
5.170540 75.585991 8.694020
5.174257 62.044899 7.876858
5.177973 53.514645 7.315370
5.181690 47.911751 6.921831
5.185407 44.136791 6.643553
5.189123 41.533279 6.444632
5.192840 39.584564 6.291627
5.196557 38.112476 6.173530
5.200274 37.028324 6.085090
5.203990 36.181442 6.015101
5.207707 35.451447 5.954112
5.211424 34.818153 5.900691
5.215141 34.271049 5.854148
5.218857 33.815842 5.815139
5.222574 33.402092 5.779454
5.226291 33.009212 5.745364
5.230008 32.671631 5.715910
5.233724 32.413681 5.693301
5.237441 32.174339 5.672243
5.241158 31.948845 5.652331
5.244875 31.711748 5.631319
5.248591 31.514139 5.613746
5.252308 31.299364 5.594583
5.256025 31.097628 5.576525
5.259742 30.881166 5.557083
5.263458 30.681839 5.539119
5.267175 30.508961 5.523492
5.270892 30.372337 5.511110
5.274609 30.265112 5.501374
5.278325 30.134647 5.489503
5.282042 29.987242 5.476061
5.285759 29.787201 5.457765
5.289476 29.618658 5.442303
5.293192 29.526657 5.433844
5.296909 29.503815 5.431741
5.300626 29.452293 5.426997
5.304342 29.335499 5.416226
5.308059 29.239973 5.407400
5.311776 29.200003 5.403703
5.315493 29.149113 5.398992
5.319209 29.047304 5.389555
5.322926 28.977222 5.383050
5.326643 28.946678 5.380212
5.330360 28.884029 5.374386
5.334076 28.788824 5.365522
5.337793 28.721600 5.359254
5.341510 28.709089 5.358086
5.345227 28.709251 5.358101
5.348943 28.673565 5.354770
5.352660 28.583380 5.346343
5.356377 28.532686 5.341600
5.360094 28.528326 5.341191
5.363810 28.530268 5.341373
5.367527 28.501673 5.338696
5.371244 28.485699 5.337200
5.374961 28.478640 5.336538
5.378677 28.466436 5.335395
5.382394 28.441265 5.333035
5.386111 28.409342 5.330041
5.389828 28.364656 5.325848
5.393544 28.342876 5.323803
5.397261 28.374949 5.326814
5.400978 28.410940 5.330191
5.404694 28.451149 5.333962
5.408411 28.454603 5.334286
5.412128 28.458794 5.334678
5.415845 28.466770 5.335426
5.419561 28.453949 5.334224
5.423278 28.440086 5.332925
5.426995 28.433592 5.332316
5.430712 28.433849 5.332340
5.434428 28.437309 5.332664
5.438145 28.423599 5.331379
5.441862 28.455978 5.334415
5.445579 28.502295 5.338754
5.449295 28.537880 5.342086
5.453012 28.562954 5.344432
5.456729 28.587881 5.346764
5.460446 28.610712 5.348898
5.464162 28.668215 5.354271
5.467879 28.721695 5.359263
5.471596 28.758835 5.362726
5.475313 28.796801 5.366265
5.479029 28.865189 5.372633
5.482746 28.924250 5.378127
5.486463 28.988274 5.384076
5.490180 29.069183 5.391584
5.493896 29.123981 5.396664
5.497613 29.186581 5.402461
5.501330 29.262295 5.409463
5.505047 29.392988 5.421530
5.508763 29.518238 5.433069
5.512480 29.611355 5.441632
5.516197 29.693560 5.449180
5.519913 29.810762 5.459923
5.523630 29.977024 5.475128
5.527347 30.178434 5.493490
5.531064 30.351587 5.509227
5.534780 30.555725 5.527723
5.538497 30.778990 5.547882
5.542214 31.019962 5.569557
5.545931 31.343555 5.598532
5.549647 31.750441 5.634753
5.553364 32.267300 5.680431
5.557081 32.912449 5.736937
5.560798 33.732391 5.807959
5.564514 34.771332 5.896722
5.568231 36.290886 6.024192
5.571948 38.421139 6.198479
5.575665 41.541119 6.445240
5.579381 46.340141 6.807359
5.583098 54.041248 7.351275
5.586815 66.229919 8.138177
5.590532 86.304100 9.290000
5.594248 119.110054 10.913755
5.597965 169.354904 13.013643
5.601682 245.599777 15.671623
5.605399 350.076263 18.710325
5.609115 476.070374 21.819037
5.612832 612.980347 24.758440
5.616549 727.987122 26.981236
5.620265 791.119568 28.126848
5.623982 785.889160 28.033715
5.627699 713.530579 26.711993
5.631416 596.004272 24.413199
5.635132 458.139435 21.404192
5.638849 331.982849 18.220397
5.642566 233.578262 15.283267
5.646283 162.243362 12.737479
5.649999 114.125664 10.682961
5.653716 83.348175 9.129522
5.657433 64.595299 8.037120
5.661150 52.890491 7.272585
5.664866 45.542671 6.748531
5.668583 40.988758 6.402246
5.672300 37.986809 6.163344
5.676017 35.959305 5.996608
5.679733 34.572659 5.879852
5.683450 33.548923 5.792143
5.687167 32.751152 5.722862
5.690884 32.131493 5.668465
5.694600 31.644026 5.625302
5.698317 31.247309 5.589929
5.702034 30.924179 5.560951
5.705751 30.619858 5.533521
5.709467 30.396770 5.513327
5.713184 30.203539 5.495775
5.716901 30.014469 5.478546
5.720618 29.791613 5.458169
5.724334 29.628683 5.443224
5.728051 29.476015 5.429182
5.731768 29.323418 5.415110
5.735484 29.197592 5.403480
5.739201 29.094805 5.393960
5.742918 28.981464 5.383444
5.746635 28.855860 5.371765
5.750351 28.716724 5.358799
5.754068 28.595211 5.347449
5.757785 28.500357 5.338573
5.761502 28.457867 5.334592
5.765218 28.402765 5.329424
5.768935 28.315229 5.321206
5.772652 28.183512 5.308815
5.776369 28.113937 5.302258
5.780085 28.062502 5.297405
5.783802 28.047663 5.296004
5.787519 28.002886 5.291775
5.791236 27.954742 5.287224
5.794952 27.902044 5.282239
5.798669 27.849674 5.277279
5.802386 27.801577 5.272720
5.806103 27.744184 5.267275
5.809819 27.735960 5.266494
5.813536 27.705595 5.263610
5.817253 27.660423 5.259318
5.820970 27.586924 5.252326
5.824686 27.517893 5.245750
5.828403 27.491816 5.243264
5.832120 27.511568 5.245147
5.835836 27.522846 5.246222
5.839553 27.525799 5.246503
5.843270 27.496521 5.243713
5.846987 27.466070 5.240808
5.850703 27.426058 5.236989
5.854420 27.395039 5.234027
5.858137 27.370825 5.231713
5.861854 27.354847 5.230186
5.865570 27.335112 5.228299
5.869287 27.327568 5.227578
5.873004 27.308123 5.225717
5.876721 27.297346 5.224686
5.880437 27.282578 5.223273
5.884154 27.263035 5.221402
5.887871 27.218014 5.217089
5.891588 27.170715 5.212554
5.895304 27.114557 5.207164
5.899021 27.089659 5.204773
5.902738 27.101326 5.205893
5.906455 27.097641 5.205539
5.910171 27.109972 5.206724
5.913888 27.086803 5.204498
5.917605 27.079792 5.203825
5.921322 27.058428 5.201772
5.925038 27.041981 5.200190
5.928755 27.029819 5.199021
5.932472 27.023964 5.198458
5.936189 27.046143 5.200591
5.939905 27.059738 5.201898
5.943622 27.025595 5.198615
5.947339 26.974873 5.193734
5.951055 26.945404 5.190896
5.954772 26.981323 5.194355
5.958489 26.986250 5.194829
5.962206 26.973730 5.193624
5.965922 26.971216 5.193382
5.969639 26.970573 5.193320
5.973356 26.975641 5.193808
5.977073 26.965105 5.192794
5.980789 26.968397 5.193111
5.984506 26.971136 5.193374
5.988223 26.999140 5.196070
5.991940 26.990788 5.195266
5.995656 26.953768 5.191702
5.999373 26.946321 5.190985
6.003090 26.979746 5.194203
6.006807 27.001936 5.196339
6.010523 26.992996 5.195478
6.014240 26.955147 5.191835
6.017957 26.944439 5.190803
6.021674 26.934372 5.189834
6.025390 26.913504 5.187823
6.029107 26.908148 5.187306
6.032824 26.929413 5.189356
6.036541 26.940678 5.190441
6.040257 26.932690 5.189671
6.043974 26.904575 5.186962
6.047691 26.898514 5.186378
6.051407 26.907644 5.187258
6.055124 26.937096 5.190096
6.058841 26.970381 5.193302
6.062558 26.960976 5.192396
6.066274 26.935423 5.189935
6.069991 26.933107 5.189712
6.073708 26.952085 5.191540
6.077425 26.970087 5.193273
6.081141 26.949129 5.191255
6.084858 26.927114 5.189134
6.088575 26.958406 5.192149
6.092292 26.999334 5.196088
6.096008 27.023062 5.198371
6.099725 27.036860 5.199698
6.103442 27.021698 5.198240
6.107159 27.011276 5.197237
6.110875 27.008379 5.196959
6.114592 27.008419 5.196962
6.118309 27.010752 5.197187
6.122026 27.002539 5.196397
6.125742 27.015903 5.197683
6.129459 26.990099 5.195200
6.133176 26.976095 5.193852
6.136893 26.975475 5.193792
6.140609 26.994846 5.195656
6.144326 27.016386 5.197729
6.148043 27.033312 5.199357
6.151759 27.031963 5.199227
6.155476 27.027073 5.198757
6.159193 26.991623 5.195346
6.162910 26.996216 5.195788
6.166626 27.029333 5.198974
6.170343 27.074474 5.203314
6.174060 27.082241 5.204060
6.177777 27.067545 5.202648
6.181493 27.053080 5.201258
6.185210 27.073238 5.203195
6.188927 27.092428 5.205039
6.192644 27.129614 5.208610
6.196360 27.131268 5.208768
6.200077 27.117441 5.207441
6.203794 27.089691 5.204776
6.207511 27.096411 5.205421
6.211227 27.149921 5.210559
6.214944 27.178543 5.213304
6.218661 27.182060 5.213642
6.222378 27.154245 5.210974
6.226094 27.161238 5.211644
6.229811 27.190018 5.214405
6.233528 27.234234 5.218643
6.237245 27.267811 5.221859
6.240961 27.276243 5.222666
6.244678 27.273655 5.222418
6.248395 27.282312 5.223247
6.252112 27.294127 5.224378
6.255828 27.273762 5.222429
6.259545 27.222536 5.217522
6.263262 27.233667 5.218589
6.266978 27.279387 5.222967
6.270695 27.305397 5.225457
6.274412 27.321053 5.226954
6.278129 27.333612 5.228156
6.281845 27.351564 5.229872
6.285562 27.337919 5.228568
6.289279 27.352844 5.229995
6.292996 27.370041 5.231638
6.296712 27.405109 5.234989
6.300429 27.442503 5.238559
6.304146 27.482510 5.242376
6.307863 27.492214 5.243302
6.311579 27.492996 5.243376
6.315296 27.504580 5.244481
6.319013 27.531548 5.247051
6.322730 27.552382 5.249036
6.326446 27.560686 5.249827
6.330163 27.593124 5.252916
6.333880 27.683878 5.261547
6.337597 27.746374 5.267483
6.341313 27.767010 5.269441
6.345030 27.743927 5.267250
6.348747 27.746655 5.267509
6.352464 27.807552 5.273287
6.356180 27.884941 5.280619
6.359897 27.966606 5.288346
6.363614 28.008593 5.292314
6.367330 28.004284 5.291907
6.371047 28.026997 5.294053
6.374764 28.073162 5.298411
6.378481 28.152567 5.305899
6.382197 28.174879 5.308001
6.385914 28.199909 5.310359
6.389631 28.267733 5.316741
6.393348 28.370672 5.326413
6.397064 28.457069 5.334517
6.400781 28.523546 5.340744
6.404498 28.612801 5.349093
6.408215 28.751356 5.362029
6.411931 28.880350 5.374044
6.415648 29.021084 5.387122
6.419365 29.153353 5.399384
6.423082 29.333759 5.416065
6.426798 29.575506 5.438337
6.430515 29.895954 5.467719
6.434232 30.299322 5.504482
6.437949 30.860836 5.555253
6.441665 31.671371 5.627732
6.445382 32.914898 5.737151
6.449099 34.731133 5.893313
6.452816 37.604286 6.132233
6.456532 42.242146 6.499396
6.460249 49.638752 7.045477
6.463966 61.492897 7.841741
6.467683 80.289551 8.960444
6.471399 107.989273 10.391789
6.475116 146.982376 12.123629
6.478833 195.394379 13.978354
6.482549 247.631088 15.736298
6.486266 296.021393 17.205272
6.489983 326.942291 18.081546
6.493700 332.658173 18.238919
6.497416 312.078491 17.665743
6.501133 271.058960 16.463868
6.504850 220.675934 14.855165
6.508567 168.921478 12.996980
6.512283 125.679497 11.210687
6.516000 93.545181 9.671876
6.519717 70.764252 8.412149
6.523434 55.627010 7.458352
6.527150 46.080303 6.788247
6.530867 40.167305 6.337768
6.534584 36.500336 6.041551
6.538301 34.169609 5.845478
6.542017 32.725758 5.720643
6.545734 31.770462 5.636529
6.549451 31.125128 5.578990
6.553168 30.603298 5.532025
6.556884 30.217838 5.497075
6.560601 29.936895 5.471462
6.564318 29.743208 5.453733
6.568035 29.594185 5.440054
6.571751 29.486105 5.430111
6.575468 29.423553 5.424348
6.579185 29.351629 5.417714
6.582901 29.255564 5.408841
6.586618 29.194151 5.403161
6.590335 29.135765 5.397756
6.594052 29.097513 5.394211
6.597768 29.049551 5.389764
6.601485 29.009930 5.386087
6.605202 28.936556 5.379271
6.608919 28.715683 5.358702
6.612635 28.637964 5.351445
6.616352 28.693712 5.356651
6.620069 28.885021 5.374479
6.623786 28.928886 5.378558
6.627502 28.914946 5.377262
6.631219 28.878887 5.373908
6.634936 28.852205 5.371425
6.638653 28.833057 5.369642
6.642369 28.839472 5.370239
6.646086 28.856028 5.371781
6.649803 28.874348 5.373486
6.653520 28.885735 5.374545
6.657236 28.901501 5.376012
6.660953 28.897030 5.375596
6.664670 28.871155 5.373189
6.668387 28.874979 5.373544
6.672103 28.890102 5.374951
6.675820 28.946077 5.380156
6.679537 28.946594 5.380204
6.683254 28.936930 5.379306
6.686970 28.948774 5.380407
6.690687 28.969919 5.382371
6.694404 28.996773 5.384865
6.698120 29.020565 5.387074
6.701837 29.098537 5.394306
6.705554 29.181007 5.401945
6.709271 29.227179 5.406217
6.712987 29.242115 5.407598
6.716704 29.247450 5.408091
6.720421 29.287643 5.411806
6.724138 29.327520 5.415489
6.727854 29.388706 5.421135
6.731571 29.479805 5.429531
6.735288 29.567806 5.437629
6.739005 29.627089 5.443077
6.742721 29.671309 5.447138
6.746438 29.769953 5.456185
6.750155 29.871105 5.465446
6.753872 29.965876 5.474110
6.757588 30.083324 5.484827
6.761305 30.207428 5.496128
6.765022 30.343485 5.508492
6.768739 30.461283 5.519174
6.772455 30.584267 5.530304
6.776172 30.707167 5.541405
6.779889 30.880026 5.556980
6.783606 31.062355 5.573361
6.787322 31.228466 5.588244
6.791039 31.380165 5.601800
6.794756 31.581234 5.619718
6.798472 31.848822 5.643476
6.802189 32.164600 5.671384
6.805906 32.481476 5.699252
6.809623 32.834602 5.730149
6.813339 33.243359 5.765705
6.817056 33.751301 5.809587
6.820773 34.388912 5.864206
6.824490 35.262665 5.938238
6.828206 36.416321 6.034594
6.831923 37.971912 6.162135
6.835640 40.187080 6.339328
6.839357 43.452461 6.591848
6.843073 48.401600 6.957126
6.846790 56.272865 7.501524
6.850507 68.932861 8.302582
6.854224 89.134277 9.441095
6.857940 121.967224 11.043877
6.861657 173.176483 13.159654
6.865374 248.580139 15.766424
6.869091 355.583008 18.856909
6.872807 491.473846 22.169209
6.876524 639.787476 25.294021
6.880241 778.688965 27.904999
6.883958 874.326050 29.569005
6.887674 901.340942 30.022341
6.891391 852.768188 29.202195
6.895108 741.505127 27.230592
6.898825 599.794128 24.490695
6.902541 453.566193 21.297094
6.906258 327.608765 18.099966
6.909975 231.096115 15.201846
6.913691 162.588409 12.751016
6.917408 116.100655 10.775001
6.921125 85.521645 9.247791
6.924842 66.803467 8.173339
6.928558 55.167130 7.427458
6.932275 47.833572 6.916182
6.935992 43.233921 6.575251
6.939709 40.225979 6.342395
6.943425 38.141514 6.175882
6.947142 36.702953 6.058296
6.950859 35.630543 5.969132
6.954576 34.817341 5.900622
6.958292 34.203880 5.848408
6.962009 33.720413 5.806928
6.965726 33.306587 5.771186
6.969443 32.993298 5.743979
6.973159 32.714977 5.719701
6.976876 32.499897 5.700868
6.980593 32.280029 5.681552
6.984310 32.039318 5.660328
6.988026 31.787766 5.638064
6.991743 31.611769 5.622434
6.995460 31.473307 5.610108
6.999177 31.341518 5.598350
7.002893 31.219467 5.587438
7.006610 31.114262 5.578016
7.010327 31.004410 5.568160
7.014043 30.895613 5.558382
7.017760 30.777651 5.547761
7.021477 30.672180 5.538247
7.025194 30.578915 5.529820
7.028910 30.500134 5.522693
7.032627 30.460625 5.519114
7.036344 30.397364 5.513380
7.040061 30.341705 5.508331
7.043777 30.279495 5.502681
7.047494 30.218767 5.497160
7.051211 30.129641 5.489047
7.054928 30.083817 5.484872
7.058644 30.039511 5.480831
7.062361 30.029938 5.479958
7.066078 29.998564 5.477094
7.069795 29.984348 5.475797
7.073511 29.954773 5.473095
7.077228 29.966902 5.474203
7.080945 29.987913 5.476122
7.084662 29.972775 5.474740
7.088378 29.940895 5.471827
7.092095 29.906387 5.468673
7.095812 29.912775 5.469257
7.099529 29.931931 5.471008
7.103245 29.970547 5.474536
7.106962 30.015348 5.478627
7.110679 30.034740 5.480396
7.114396 30.066294 5.483274
7.118112 30.099693 5.486319
7.121829 30.183907 5.493988
7.125546 30.236584 5.498780
7.129262 30.290340 5.503666
7.132979 30.364859 5.510432
7.136696 30.437933 5.517058
7.140413 30.521460 5.524623
7.144129 30.562471 5.528334
7.147846 30.633627 5.534765
7.151563 30.703096 5.541037
7.155280 30.804325 5.550164
7.158996 30.912685 5.559918
7.162713 31.038870 5.571254
7.166430 31.163925 5.582466
7.170147 31.297604 5.594426
7.173863 31.467636 5.609602
7.177580 31.670197 5.627628
7.181297 31.912664 5.649130
7.185014 32.198208 5.674346
7.188730 32.546520 5.704956
7.192447 32.950245 5.740230
7.196164 33.474873 5.785747
7.199881 34.184143 5.846721
7.203597 35.169933 5.930424
7.207314 36.556763 6.046219
7.211031 38.562790 6.209895
7.214748 41.595203 6.449434
7.218464 46.344635 6.807689
7.222181 53.927273 7.343519
7.225898 66.168747 8.134417
7.229614 85.942207 9.270502
7.233331 116.936836 10.813734
7.237048 163.500671 12.786738
7.240765 230.534378 15.183359
7.244481 318.810150 17.855256
7.248198 420.706451 20.511130
7.251915 523.559082 22.881413
7.255632 604.414551 24.584844
7.259348 643.331909 25.363988
7.263065 629.991882 25.099639
7.266782 569.648376 23.867308
7.270499 478.647278 21.878009
7.274215 375.170746 19.369325
7.277932 279.386353 16.714854
7.281649 202.366333 14.225552
7.285366 145.247849 12.051882
7.289082 105.475647 10.270134
7.292799 78.633545 8.867556
7.296516 61.737560 7.857325
7.300233 51.256119 7.159338
7.303949 44.651760 6.682197
7.307666 40.593987 6.371341
7.311383 37.974438 6.162340
7.315100 36.170811 6.014217
7.318816 34.939743 5.910985
7.322533 34.074154 5.837307
7.326250 33.438881 5.782636
7.329967 32.944233 5.739707
7.333683 32.526733 5.703221
7.337400 32.192440 5.673838
7.341117 31.945147 5.652004
7.344833 31.798338 5.639002
7.348550 31.623825 5.623506
7.352267 31.410465 5.604504
7.355984 31.185581 5.584405
7.359700 31.011803 5.568824
7.363417 30.922422 5.560793
7.367134 30.842333 5.553587
7.370851 30.760036 5.546173
7.374567 30.652750 5.536493
7.378284 30.540442 5.526341
7.382001 30.425892 5.515967
7.385718 30.335291 5.507748
7.389434 30.261486 5.501044
7.393151 30.174358 5.493119
7.396868 30.107626 5.487042
7.400585 30.054266 5.482177
7.404301 30.018137 5.478881
7.408018 29.983030 5.475676
7.411735 29.947559 5.472436
7.415452 29.907249 5.468752
7.419168 29.829161 5.461608
7.422885 29.766382 5.455858
7.426602 29.739750 5.453416
7.430319 29.712984 5.450962
7.434035 29.681005 5.448028
7.437752 29.632021 5.443530
7.441469 29.628576 5.443214
7.445185 29.629955 5.443340
7.448902 29.612450 5.441732
7.452619 29.599783 5.440568
7.456336 29.572542 5.438064
7.460052 29.584381 5.439153
7.463769 29.600105 5.440598
7.467486 29.623844 5.442779
7.471203 29.632006 5.443529
7.474919 29.624119 5.442804
7.478636 29.614445 5.441916
7.482353 29.627113 5.443079
7.486070 29.681162 5.448042
7.489786 29.761709 5.455429
7.493503 29.826862 5.461397
7.497220 29.843357 5.462907
7.500937 29.843845 5.462952
7.504653 29.866032 5.464982
7.508370 29.919214 5.469846
7.512087 29.983341 5.475705
7.515804 30.054905 5.482235
7.519520 30.144402 5.490392
7.523237 30.224693 5.497699
7.526954 30.319067 5.506275
7.530671 30.418461 5.515293
7.534387 30.544306 5.526690
7.538104 30.715845 5.542188
7.541821 30.931011 5.561566
7.545538 31.180338 5.583936
7.549254 31.460136 5.608934
7.552971 31.857855 5.644276
7.556688 32.401814 5.692259
7.560404 33.146027 5.757259
7.564121 34.224033 5.850131
7.567838 35.846420 5.987188
7.571555 38.349129 6.192667
7.575271 42.252907 6.500224
7.578988 48.515820 6.965330
7.582705 58.723099 7.663100
7.586422 74.900963 8.654534
7.590138 99.612953 9.980629
7.593855 135.889389 11.657160
7.597572 185.077835 13.604331
7.601289 246.898422 15.713002
7.605005 313.670197 17.710737
7.608722 371.887115 19.284375
7.612439 410.444763 20.259436
7.616156 419.850433 20.490252
7.619872 397.747894 19.943618
7.623589 348.764069 18.675226
7.627306 285.787109 16.905239
7.631023 223.018707 14.933811
7.634739 167.400986 12.938353
7.638456 123.710739 11.122533
7.642173 91.993492 9.591324
7.645890 70.187065 8.377772
7.649606 55.929287 7.478589
7.653323 46.684952 6.832639
7.657040 41.058414 6.407684
7.660756 37.576706 6.129984
7.664473 35.320881 5.943137
7.668190 33.886913 5.821247
7.671907 32.924271 5.737967
7.675623 32.257233 5.679545
7.679340 31.732410 5.633153
7.683057 31.340897 5.598294
7.686774 31.050920 5.572335
7.690490 30.808735 5.550562
7.694207 30.580893 5.529999
7.697924 30.396029 5.513259
7.701641 30.267467 5.501588
7.705357 30.153086 5.491183
7.709074 30.052595 5.482025
7.712791 29.956440 5.473248
7.716508 29.865665 5.464949
7.720224 29.764662 5.455700
7.723941 29.678074 5.447759
7.727658 29.597906 5.440396
7.731375 29.525362 5.433725
7.735091 29.445341 5.426356
7.738808 29.373732 5.419754
7.742525 29.337591 5.416419
7.746242 29.295187 5.412503
7.749958 29.240166 5.407418
7.753675 29.174898 5.401379
7.757392 29.104872 5.394893
7.761109 29.080021 5.392589
7.764825 29.070442 5.391701
7.768542 29.029358 5.387890
7.772259 28.955334 5.381016
7.775975 28.893734 5.375289
7.779692 28.882729 5.374265
7.783409 28.893669 5.375283
7.787126 28.870495 5.373127
7.790842 28.807999 5.367308
7.794559 28.729389 5.359980
7.798276 28.694019 5.356680
7.801993 28.694063 5.356684
7.805709 28.686913 5.356016
7.809426 28.698221 5.357072
7.813143 28.703148 5.357532
7.816860 28.719339 5.359043
7.820576 28.694859 5.356758
7.824293 28.674786 5.354884
7.828010 28.656136 5.353143
7.831727 28.664951 5.353966
7.835443 28.656576 5.353184
7.839160 28.646904 5.352280
7.842877 28.631166 5.350810
7.846594 28.621508 5.349907
7.850310 28.630468 5.350745
7.854027 28.633762 5.351052
7.857744 28.629263 5.350632
7.861461 28.629040 5.350611
7.865177 28.628180 5.350531
7.868894 28.656090 5.353138
7.872611 28.663010 5.353785
7.876327 28.699984 5.357237
7.880044 28.713198 5.358470
7.883761 28.739136 5.360889
7.887478 28.752720 5.362156
7.891194 28.811356 5.367621
7.894911 28.915699 5.377332
7.898628 29.097469 5.394207
7.902345 29.290226 5.412045
7.906061 29.510597 5.432366
7.909778 29.855326 5.464003
7.913495 30.401287 5.513736
7.917212 31.369381 5.600838
7.920928 32.976761 5.742540
7.924645 35.450096 5.953998
7.928362 39.278633 6.267267
7.932079 44.975574 6.706383
7.935795 52.745453 7.262606
7.939512 62.792965 7.924201
7.943229 74.022438 8.603629
7.946946 84.474777 9.191016
7.950662 92.343994 9.609578
7.954379 95.303932 9.762373
7.958096 93.018425 9.644606
7.961813 85.869987 9.266606
7.965529 75.783051 8.705346
7.969246 65.087769 8.067699
7.972963 55.004826 7.416524
7.976679 46.931732 6.850674
7.980396 40.961945 6.400152
7.984113 36.666111 6.055255
7.987830 33.755867 5.809980
7.991546 31.878719 5.646124
7.995263 30.763018 5.546442
7.998980 30.081991 5.484705
8.002697 29.634586 5.443766
8.006413 29.352930 5.417834
8.010130 29.133633 5.397558
8.013847 28.992937 5.384509
8.017564 28.901623 5.376023
8.021280 28.888680 5.374819
8.024997 28.864424 5.372562
8.028714 28.832476 5.369588
8.032431 28.789133 5.365551
8.036147 28.774523 5.364189
8.039864 28.759432 5.362782
8.043581 28.731833 5.360208
8.047298 28.703415 5.357557
8.051014 28.679792 5.355352
8.054731 28.681107 5.355474
8.058448 28.697180 5.356975
8.062165 28.702950 5.357513
8.065881 28.698050 5.357056
8.069598 28.704842 5.357690
8.073315 28.692797 5.356566
8.077032 28.669874 5.354426
8.080748 28.641813 5.351805
8.084465 28.651213 5.352683
8.088182 28.665363 5.354004
8.091898 28.671196 5.354549
8.095615 28.691639 5.356458
8.099332 28.714148 5.358558
8.103049 28.754055 5.362281
8.106765 28.765581 5.363355
8.110482 28.775873 5.364315
8.114199 28.766640 5.363454
8.117916 28.770111 5.363778
8.121632 28.766928 5.363481
8.125349 28.756861 5.362542
8.129066 28.786634 5.365318
8.132783 28.838785 5.370176
8.136499 28.872925 5.373353
8.140216 28.888229 5.374777
8.143933 28.904728 5.376312
8.147650 28.962696 5.381700
8.151366 29.002390 5.385387
8.155083 29.031197 5.388061
8.158800 29.048887 5.389702
8.162517 29.076555 5.392268
8.166233 29.126043 5.396855
8.169950 29.165606 5.400519
8.173667 29.203833 5.404057
8.177384 29.225029 5.406018
8.181100 29.274103 5.410555
8.184817 29.326319 5.415378
8.188534 29.415735 5.423627
8.192250 29.501194 5.431500
8.195967 29.577377 5.438509
8.199684 29.674477 5.447428
8.203401 29.795389 5.458515
8.207117 29.947531 5.472434
8.210834 30.108276 5.487101
8.214551 30.302412 5.504763
8.218268 30.544050 5.526667
8.221984 30.897219 5.558527
8.225701 31.421736 5.605509
8.229418 32.139080 5.669134
8.233135 33.254971 5.766712
8.236851 35.010963 5.917006
8.240568 37.708630 6.140735
8.244285 42.081203 6.487003
8.248002 49.172298 7.012296
8.251718 59.978191 7.744559
8.255435 76.463837 8.744360
8.259152 100.282715 10.014126
8.262869 131.786774 11.479842
8.266585 169.986832 13.037900
8.270302 209.308273 14.467490
8.274019 243.121582 15.592357
8.277736 263.992065 16.247833
8.281452 266.796448 16.333905
8.285169 251.983704 15.873995
8.288886 222.246719 14.907941
8.292603 184.924622 13.598699
8.296319 147.404816 12.141038
8.300036 114.090080 10.681296
8.303753 87.920021 9.376568
8.307469 68.702087 8.288672
8.311186 55.284508 7.435355
8.314903 46.166569 6.794598
8.318620 40.316032 6.349491
8.322336 36.729824 6.060514
8.326053 34.509293 5.874461
8.329770 33.087723 5.752193
8.333487 32.160366 5.671011
8.337203 31.558500 5.617695
8.340920 31.158100 5.581944
8.344637 30.868198 5.555916
8.348354 30.628412 5.534294
8.352070 30.467468 5.519734
8.355787 30.331846 5.507436
8.359504 30.245079 5.499553
8.363221 30.177662 5.493420
8.366937 30.140617 5.490047
8.370654 30.082596 5.484760
8.374371 29.996523 5.476908
8.378088 29.944254 5.472134
8.381804 29.917376 5.469678
8.385521 29.908138 5.468833
8.389238 29.866371 5.465013
8.392955 29.836893 5.462316
8.396671 29.812859 5.460115
8.400388 29.805748 5.459464
8.404105 29.793945 5.458383
8.407821 29.750547 5.454406
8.411538 29.707266 5.450437
8.415255 29.702461 5.449996
8.418972 29.732449 5.452747
8.422688 29.741989 5.453622
8.426405 29.746599 5.454044
8.430122 29.744202 5.453824
8.433839 29.757397 5.455034
8.437555 29.786901 5.457738
8.441272 29.837658 5.462386
8.444989 29.860350 5.464462
8.448706 29.901772 5.468251
8.452422 29.936298 5.471407
8.456139 29.986479 5.475991
8.459856 30.032425 5.480185
8.463573 30.096115 5.485993
8.467289 30.163256 5.492108
8.471006 30.195961 5.495085
8.474723 30.233398 5.498491
8.478440 30.277822 5.502529
8.482156 30.325075 5.506821
8.485873 30.390373 5.512746
8.489590 30.478436 5.520728
8.493307 30.574795 5.529448
8.497023 30.696205 5.540416
8.500740 30.852150 5.554471
8.504457 31.006628 5.568360
8.508174 31.151966 5.581395
8.511890 31.303236 5.594929
8.515607 31.524872 5.614701
8.519324 31.768965 5.636396
8.523040 32.071995 5.663214
8.526757 32.430416 5.694771
8.530474 32.937572 5.739126
8.534191 33.613880 5.797748
8.537907 34.558403 5.878640
8.541624 35.893196 5.991093
8.545341 37.907330 6.156893
8.549058 41.013065 6.404144
8.552774 45.936630 6.777657
8.556491 53.852356 7.338416
8.560208 66.562775 8.158601
8.563925 86.481842 9.299561
8.567641 116.814789 10.808089
8.571358 160.837219 12.682161
8.575075 220.136520 14.836998
8.578792 294.638611 17.165040
8.582508 375.196991 19.370002
8.586225 447.598724 21.156529
8.589942 498.738312 22.332450
8.593659 516.330505 22.722907
8.597375 496.847778 22.290083
8.601092 444.472260 21.082511
8.604809 372.060547 19.288871
8.608526 295.145203 17.179791
8.612242 224.014862 14.967126
8.615959 166.318085 12.896437
8.619676 122.869049 11.084631
8.623392 91.789299 9.580673
8.627109 70.579132 8.401139
8.630826 56.417057 7.511129
8.634543 47.630577 6.901491
8.638259 42.149643 6.492276
8.641976 38.665527 6.218161
8.645693 36.464500 6.038584
8.649410 35.013771 5.917244
8.653126 33.969738 5.828356
8.656843 33.238621 5.765295
8.660560 32.693729 5.717843
8.664277 32.280781 5.681618
8.667993 31.922047 5.649960
8.671710 31.653141 5.626112
8.675427 31.452875 5.608286
8.679144 31.284477 5.593253
8.682860 31.110910 5.577716
8.686577 30.954596 5.563685
8.690294 30.807344 5.550436
8.694011 30.693399 5.540162
8.697727 30.607521 5.532406
8.701444 30.536776 5.526009
8.705161 30.436829 5.516958
8.708878 30.350075 5.509090
8.712594 30.273598 5.502145
8.716311 30.189947 5.494538
8.720028 30.096634 5.486040
8.723745 30.014704 5.478568
8.727461 29.937880 5.471552
8.731178 29.865690 5.464951
8.734895 29.802710 5.459186
8.738611 29.745293 5.453925
8.742328 29.698357 5.449620
8.746045 29.637123 5.443999
8.749762 29.576002 5.438382
8.753478 29.503422 5.431705
8.757195 29.437172 5.425603
8.760912 29.387600 5.421033
8.764629 29.365488 5.418993
8.768345 29.333038 5.415998
8.772062 29.313122 5.414159
8.775779 29.277491 5.410868
8.779496 29.251497 5.408465
8.783212 29.235279 5.406966
8.786929 29.258507 5.409113
8.790646 29.265854 5.409792
8.794363 29.238453 5.407259
8.798079 29.181326 5.401974
8.801796 29.135695 5.397749
8.805513 29.094830 5.393962
8.809230 29.059923 5.390726
8.812946 29.049913 5.389797
8.816663 29.035511 5.388461
8.820380 29.028326 5.387794
8.824097 29.010845 5.386172
8.827813 29.003422 5.385483
8.831530 28.986628 5.383923
8.835247 28.978050 5.383126
8.838963 28.962986 5.381727
8.842680 28.950195 5.380539
8.846397 28.925358 5.378230
8.850114 28.913422 5.377120
8.853830 28.906023 5.376432
8.857547 28.907160 5.376538
8.861264 28.884729 5.374452
8.864981 28.864643 5.372583
8.868697 28.856915 5.371863
8.872414 28.858551 5.372016
8.876131 28.857470 5.371915
8.879848 28.834923 5.369816
8.883564 28.828537 5.369221
8.887281 28.833670 5.369699
8.890998 28.843668 5.370630
8.894715 28.862877 5.372418
8.898431 28.843220 5.370588
8.902148 28.807724 5.367283
8.905865 28.762909 5.363106
8.909582 28.784279 5.365098
8.913298 28.814320 5.367897
8.917015 28.829386 5.369300
8.920732 28.800116 5.366574
8.924449 28.784229 5.365094
8.928165 28.779167 5.364622
8.931882 28.769123 5.363686
8.935599 28.739246 5.360900
8.939316 28.746296 5.361557
8.943032 28.769020 5.363676
8.946749 28.794348 5.366037
8.950466 28.795515 5.366145
8.954182 28.804222 5.366957
8.957899 28.828600 5.369227
8.961616 28.835896 5.369906
8.965333 28.842476 5.370519
8.969049 28.843493 5.370614
8.972766 28.852810 5.371481
8.976483 28.842806 5.370550
8.980200 28.831804 5.369526
8.983916 28.829155 5.369279
8.987633 28.829781 5.369337
8.991350 28.827585 5.369133
8.995067 28.808275 5.367334
8.998783 28.826269 5.369010
9.002500 28.850698 5.371285
9.006217 28.892105 5.375138
9.009934 28.909418 5.376748
9.013650 28.921196 5.377843
9.017367 28.909603 5.376765
9.021084 28.926725 5.378357
9.024801 28.921354 5.377858
9.028517 28.907412 5.376561
9.032234 28.891693 5.375099
9.035951 28.885067 5.374483
9.039668 28.908979 5.376707
9.043384 28.915422 5.377306
9.047101 28.935518 5.379174
9.050818 28.919327 5.377669
9.054534 28.937038 5.379316
9.058251 28.965641 5.381974
9.061968 29.004435 5.385577
9.065685 29.028727 5.387831
9.069401 29.038836 5.388769
9.073118 29.063894 5.391094
9.076835 29.072762 5.391916
9.080552 29.104155 5.394827
9.084268 29.119781 5.396275
9.087985 29.121866 5.396468
9.091702 29.134024 5.397594
9.095419 29.149881 5.399063
9.099135 29.172203 5.401130
9.102852 29.222151 5.405752
9.106569 29.270655 5.410236
9.110286 29.336136 5.416284
9.114002 29.377726 5.420122
9.117719 29.446337 5.426448
9.121436 29.495073 5.430937
9.125153 29.567291 5.437581
9.128869 29.677860 5.447739
9.132586 29.852627 5.463756
9.136303 30.081005 5.484615
9.140020 30.404060 5.513988
9.143736 30.945505 5.562868
9.147453 31.783159 5.637655
9.151170 33.110065 5.754135
9.154887 35.198620 5.932842
9.158603 38.468178 6.202272
9.162320 43.400990 6.587943
9.166037 50.441513 7.102219
9.169753 59.892776 7.739042
9.173470 71.638512 8.463954
9.177187 84.051414 9.167956
9.180904 95.411797 9.767896
9.184620 103.758148 10.186174
9.188337 106.713531 10.330224
9.192054 103.981522 10.197133
9.195771 96.204979 9.808414
9.199487 85.470772 9.245040
9.203204 73.453140 8.570481
9.206921 62.003086 7.874204
9.210638 52.675930 7.257819
9.214354 45.575424 6.750957
9.218071 40.268726 6.345764
9.221788 36.557243 6.046259
9.225505 34.096573 5.839227
9.229221 32.550671 5.705320
9.232938 31.569803 5.618701
9.236655 30.976973 5.565696
9.240372 30.588312 5.530670
9.244088 30.326252 5.506928
9.247805 30.155800 5.491430
9.251522 30.050322 5.481817
9.255239 29.959595 5.473536
9.258955 29.889595 5.467138
9.262672 29.857046 5.464160
9.266389 29.857750 5.464225
9.270105 29.860197 5.464448
9.273822 29.835342 5.462174
9.277539 29.815586 5.460365
9.281256 29.811775 5.460016
9.284972 29.842009 5.462784
9.288689 29.872322 5.465558
9.292406 29.879417 5.466207
9.296123 29.883760 5.466604
9.299839 29.905848 5.468624
9.303556 29.941637 5.471895
9.307273 29.979404 5.475345
9.310990 29.965620 5.474086
9.314706 29.965691 5.474093
9.318423 29.990772 5.476383
9.322140 30.057331 5.482457
9.325857 30.081198 5.484633
9.329573 30.079063 5.484438
9.333290 30.063650 5.483033
9.337007 30.099630 5.486313
9.340724 30.183479 5.493949
9.344440 30.254469 5.500406
9.348157 30.307835 5.505255
9.351874 30.339848 5.508162
9.355591 30.392811 5.512968
9.359307 30.445030 5.517702
9.363024 30.520189 5.524508
9.366741 30.591825 5.530988
9.370458 30.661592 5.537291
9.374174 30.734108 5.543835
9.377891 30.852837 5.554533
9.381608 30.983383 5.566272
9.385324 31.065804 5.573671
9.389041 31.173132 5.583290
9.392758 31.343700 5.598544
9.396475 31.572590 5.618949
9.400191 31.802036 5.639329
9.403908 32.060955 5.662239
9.407625 32.419201 5.693786
9.411342 32.898499 5.735721
9.415058 33.578243 5.794674
9.418775 34.540489 5.877116
9.422492 35.943821 5.995317
9.426209 38.063160 6.169535
9.429925 41.449856 6.438156
9.433642 46.866627 6.845920
9.437359 55.501457 7.449930
9.441076 69.090004 8.312040
9.444792 89.621567 9.466867
9.448509 119.401825 10.927114
9.452226 160.505646 12.669082
9.455943 211.452789 14.541416
9.459659 268.795105 16.394972
9.463376 324.656525 18.018228
9.467093 366.599731 19.146794
9.470810 387.066681 19.674010
9.474526 382.532898 19.558448
9.478243 354.923157 18.839404
9.481960 309.053955 17.579930
9.485676 253.549576 15.923240
9.489393 200.144760 14.147253
9.493110 154.066849 12.412367
9.496827 117.099327 10.821244
9.500543 89.505905 9.460756
9.504260 69.883270 8.359621
9.507977 56.488819 7.515904
9.511694 47.622372 6.900896
9.515410 41.999142 6.480674
9.519127 38.561493 6.209790
9.522844 36.378670 6.031473
9.526561 34.981571 5.914522
9.530277 34.055382 5.835699
9.533994 33.403755 5.779598
9.537711 32.906612 5.736429
9.541428 32.508839 5.701652
9.545144 32.224854 5.676694
9.548861 32.025848 5.659138
9.552578 31.880829 5.646311
9.556295 31.729681 5.632911
9.560011 31.591818 5.620660
9.563728 31.493288 5.611888
9.567445 31.430269 5.606271
9.571162 31.365780 5.600516
9.574878 31.289127 5.593669
9.578595 31.223242 5.587776
9.582312 31.178446 5.583766
9.586028 31.148140 5.581052
9.589745 31.106421 5.577313
9.593462 31.089043 5.575755
9.597179 31.074757 5.574474
9.600895 31.036449 5.571037
9.604612 30.987608 5.566651
9.608329 30.959002 5.564081
9.612046 30.948881 5.563172
9.615762 30.927330 5.561235
9.619479 30.900864 5.558855
9.623196 30.890331 5.557907
9.626913 30.917912 5.560388
9.630629 30.952320 5.563481
9.634346 30.931431 5.561603
9.638063 30.925426 5.561063
9.641780 30.954834 5.563707
9.645496 31.010853 5.568739
9.649213 31.061981 5.573328
9.652930 31.109922 5.577627
9.656647 31.149342 5.581160
9.660363 31.173876 5.583357
9.664080 31.246075 5.589819
9.667797 31.377861 5.601595
9.671514 31.511751 5.613533
9.675230 31.668509 5.627478
9.678947 31.891140 5.647224
9.682664 32.178257 5.672588
9.686381 32.534771 5.703926
9.690097 33.023232 5.746584
9.693814 33.727852 5.807568
9.697531 34.796787 5.898880
9.701247 36.420578 6.034946
9.704964 38.962105 6.241963
9.708681 43.077469 6.563343
9.712398 49.721916 7.051377
9.716114 60.057358 7.749668
9.719831 75.828896 8.707979
9.723548 98.731461 9.936371
9.727265 130.005737 11.402006
9.730981 169.758163 13.029128
9.734698 213.854324 14.623759
9.738415 256.790741 16.024692
9.742132 290.371613 17.040294
9.745848 307.777069 17.543576
9.749565 306.085785 17.495308
9.753282 286.262207 16.919285
9.756999 252.755737 15.898294
9.760715 211.165207 14.531525
9.764432 169.146881 13.005648
9.768149 132.562729 11.513589
9.771866 103.074394 10.152556
9.775582 80.486694 8.971438
9.779299 63.876625 7.992285
9.783016 52.467297 7.243431
9.786733 44.979172 6.706651
9.790449 40.056263 6.329002
9.794166 37.038376 6.085916
9.797883 35.134163 5.927408
9.801599 33.900909 5.822449
9.805316 33.096943 5.752994
9.809033 32.548248 5.705107
9.812750 32.148991 5.670008
9.816466 31.848089 5.643411
9.820183 31.610924 5.622359
9.823900 31.421972 5.605531
9.827617 31.286449 5.593429
9.831333 31.163694 5.582445
9.835050 31.062582 5.573382
9.838767 30.986382 5.566541
9.842484 30.884390 5.557373
9.846200 30.797663 5.549564
9.849917 30.728310 5.543312
9.853634 30.690998 5.539946
9.857351 30.618774 5.533423
9.861067 30.542934 5.526566
9.864784 30.508041 5.523408
9.868501 30.483603 5.521196
9.872218 30.445505 5.517745
9.875934 30.371449 5.511030
9.879651 30.312551 5.505684
9.883368 30.310846 5.505529
9.887085 30.311674 5.505604
9.890801 30.302288 5.504751
9.894518 30.289116 5.503555
9.898235 30.270868 5.501897
9.901952 30.249157 5.499923
9.905668 30.231501 5.498318
9.909385 30.220798 5.497345
9.913102 30.202753 5.495703
9.916818 30.178957 5.493538
9.920535 30.186029 5.494181
9.924252 30.211792 5.496525
9.927969 30.224648 5.497695
9.931685 30.224669 5.497697
9.935402 30.220396 5.497308
9.939119 30.246416 5.499674
9.942836 30.274532 5.502230
9.946552 30.345581 5.508682
9.950269 30.447237 5.517902
9.953986 30.600306 5.531754
9.957703 30.772688 5.547314
9.961419 31.041536 5.571493
9.965136 31.469263 5.609747
9.968853 32.110737 5.666634
9.972570 33.092815 5.752636
9.976286 34.633541 5.885027
9.980003 37.101326 6.091086
9.983720 41.003799 6.403421
9.987437 46.954971 6.852370
9.991153 55.564651 7.454170
9.994870 67.408966 8.210296
9.998587 82.447556 9.080064
10.002304 99.170517 9.958439
10.006020 115.813667 10.761676
10.009737 129.019409 11.358671
10.013454 136.202072 11.670564
10.017170 136.028091 11.663108
10.020887 128.971436 11.356559
10.024604 116.776093 10.806299
10.028321 101.107841 10.055240
10.032037 84.952934 9.216992
10.035754 70.704285 8.408584
10.039471 59.062767 7.685230
10.043188 50.129986 7.080253
10.046904 43.500557 6.595495
10.050621 38.871212 6.234678
10.054338 35.770634 5.980856
10.058055 33.736492 5.808312
10.061771 32.489006 5.699913
10.065488 31.717251 5.631807
10.069205 31.192989 5.585068
10.072922 30.830826 5.552551
10.076638 30.600098 5.531736
10.080355 30.454664 5.518574
10.084072 30.341585 5.508320
10.087789 30.253193 5.500290
10.091505 30.185003 5.494088
10.095222 30.164820 5.492251
10.098939 30.141441 5.490122
10.102656 30.127319 5.488836
10.106372 30.087166 5.485177
10.110089 30.049799 5.481770
10.113806 30.021034 5.479145
10.117523 30.001925 5.477401
10.121239 30.008665 5.478017
10.124956 30.008684 5.478018
10.128673 30.001453 5.477358
10.132389 30.005379 5.477717
10.136106 30.016867 5.478765
10.139823 30.002085 5.477416
10.143540 29.982754 5.475651
10.147256 29.984909 5.475848
10.150973 29.990744 5.476381
10.154690 29.992298 5.476522
10.158407 29.989546 5.476271
10.162123 29.999527 5.477182
10.165840 30.013416 5.478450
10.169557 30.055477 5.482288
10.173274 30.099352 5.486288
10.176990 30.102510 5.486575
10.180707 30.097342 5.486104
10.184424 30.123013 5.488444
10.188141 30.163378 5.492120
10.191857 30.233917 5.498538
10.195574 30.321444 5.506491
10.199291 30.413582 5.514851
10.203008 30.486122 5.521424
10.206724 30.564962 5.528559
10.210441 30.704000 5.541119
10.214158 30.908163 5.559511
10.217875 31.153896 5.581568
10.221591 31.476919 5.610429
10.225308 31.975401 5.654680
10.229025 32.795380 5.726725
10.232741 34.055534 5.835712
10.236458 36.026344 6.002195
10.240175 39.128250 6.255258
10.243892 43.990921 6.632565
10.247608 51.406372 7.169824
10.251325 62.299191 7.892984
10.255042 77.128006 8.782255
10.258759 96.217743 9.809064
10.262475 118.733032 10.896469
10.266192 141.083557 11.877860
10.269909 159.840866 12.642819
10.273626 171.606277 13.099858
10.277342 174.388901 13.205639
10.281059 167.808182 12.954080
10.284776 152.829620 12.362428
10.288493 132.833801 11.525355
10.292209 111.368912 10.553147
10.295926 91.232643 9.551578
10.299643 74.511429 8.632000
10.303360 61.374252 7.834172
10.307076 51.501411 7.176448
10.310793 44.434074 6.665889
10.314510 39.535133 6.287697
10.318227 36.357983 6.029758
10.321943 34.354885 5.861304
10.325660 33.081959 5.751692
10.329377 32.302605 5.683538
10.333094 31.803099 5.639424
10.336810 31.488913 5.611498
10.340527 31.271883 5.592127
10.344244 31.084871 5.575381
10.347960 30.956882 5.563891
10.351677 30.856140 5.554830
10.355394 30.794601 5.549288
10.359111 30.712667 5.541901
10.362827 30.675953 5.538588
10.366544 30.668629 5.537926
10.370261 30.644506 5.535748
10.373978 30.615479 5.533126
10.377694 30.599787 5.531707
10.381411 30.595486 5.531319
10.385128 30.594603 5.531239
10.388845 30.575600 5.529521
10.392561 30.595501 5.531320
10.396278 30.618057 5.533359
10.399995 30.648373 5.536097
10.403712 30.671225 5.538161
10.407428 30.682014 5.539135
10.411145 30.703899 5.541110
10.414862 30.729786 5.543445
10.418579 30.778494 5.547837
10.422295 30.818995 5.551486
10.426012 30.842892 5.553638
10.429729 30.876223 5.556638
10.433446 30.944387 5.562768
10.437162 31.042036 5.571538
10.440879 31.147697 5.581012
10.444596 31.244225 5.589653
10.448312 31.324339 5.596815
10.452029 31.417950 5.605172
10.455746 31.528852 5.615056
10.459463 31.703650 5.630599
10.463179 31.946011 5.652080
10.466896 32.258366 5.679645
10.470613 32.670078 5.715775
10.474330 33.249470 5.766235
10.478046 34.092846 5.838908
10.481763 35.332664 5.944129
10.485480 37.231628 6.101773
10.489197 40.258400 6.344951
10.492913 45.110165 6.716410
10.496630 52.834492 7.268734
10.500347 64.709106 8.044197
10.504064 82.176140 9.065106
10.507780 107.227203 10.355057
10.511497 140.293839 11.844570
10.515214 180.781509 13.445501
10.518931 224.770828 14.992359
10.522647 264.595306 16.266386
10.526364 294.340271 17.156348
10.530081 308.326752 17.559236
10.533798 304.068054 17.437547
10.537514 282.962189 16.821480
10.541231 248.742691 15.771579
10.544948 208.911652 14.453776
10.548665 168.803696 12.992448
10.552381 133.190491 11.540818
10.556098 104.399841 10.217624
10.559815 82.104149 9.061134
10.563531 65.633583 8.101456
10.567248 53.864285 7.339229
10.570965 45.932396 6.777344
10.574682 40.874603 6.393325
10.578398 37.668091 6.137434
10.582115 35.598972 5.966487
10.585832 34.309696 5.857448
10.589549 33.447063 5.783344
10.593265 32.880360 5.734140
10.596982 32.443665 5.695934
10.600699 32.134109 5.668696
10.604416 31.913755 5.649226
10.608132 31.751781 5.634872
10.611849 31.614468 5.622674
10.615566 31.496784 5.612200
10.619283 31.384638 5.602199
10.622999 31.295607 5.594248
10.626716 31.225256 5.587956
10.630433 31.167313 5.582769
10.634150 31.102482 5.576960
10.637866 31.027674 5.570249
10.641583 30.966475 5.564753
10.645300 30.927376 5.561239
10.649017 30.895906 5.558409
10.652733 30.872393 5.556293
10.656450 30.857792 5.554979
10.660167 30.830345 5.552508
10.663883 30.773901 5.547423
10.667600 30.729040 5.543378
10.671317 30.705317 5.541238
10.675034 30.688227 5.539696
10.678750 30.675562 5.538552
10.682467 30.663630 5.537475
10.686184 30.641628 5.535488
10.689901 30.606625 5.532325
10.693617 30.619545 5.533493
10.697334 30.653986 5.536604
10.701051 30.716902 5.542283
10.704768 30.772863 5.547329
10.708484 30.838337 5.553228
10.712201 30.924870 5.561013
10.715918 31.038952 5.571261
10.719635 31.196079 5.585345
10.723351 31.438896 5.607040
10.727068 31.829548 5.641768
10.730785 32.413971 5.693327
10.734502 33.361420 5.775935
10.738218 34.878563 5.905808
10.741935 37.271454 6.105035
10.745652 41.009769 6.403887
10.749369 46.696545 6.833487
10.753085 55.160130 7.426987
10.756802 67.037140 8.187621
10.760519 82.713333 9.094687
10.764236 101.312752 10.065424
10.767952 120.918762 10.996307
10.771669 138.950699 11.787735
10.775386 151.499191 12.308501
10.779102 156.822906 12.522895
10.782819 154.196121 12.417573
10.786536 144.133392 12.005557
10.790253 128.766235 11.347521
10.793969 110.252045 10.500097
10.797686 92.207214 9.602459
10.801403 76.386230 8.739922
10.805120 63.280785 7.954922
10.808836 53.290596 7.300041
10.812553 45.761646 6.764735
10.816270 40.473125 6.361849
10.819987 36.921181 6.076280
10.823703 34.577263 5.880243
10.827420 33.103298 5.753547
10.831137 32.192848 5.673874
10.834854 31.602539 5.621614
10.838570 31.190416 5.584838
10.842287 30.887800 5.557679
10.846004 30.675951 5.538587
10.849721 30.536812 5.526012
10.853437 30.424049 5.515800
10.857154 30.335571 5.507774
10.860871 30.251616 5.500147
10.864588 30.179247 5.493564
10.868304 30.111038 5.487353
10.872021 30.055336 5.482275
10.875738 29.991196 5.476422
10.879454 29.939844 5.471731
10.883171 29.927666 5.470618
10.886888 29.907614 5.468785
10.890605 29.858957 5.464335
10.894321 29.800905 5.459021
10.898038 29.760397 5.455309
10.901755 29.727282 5.452273
10.905472 29.701069 5.449869
10.909188 29.698885 5.449668
10.912905 29.695486 5.449356
10.916622 29.680058 5.447941
10.920339 29.660439 5.446140
10.924055 29.647715 5.444971
10.927772 29.645330 5.444753
10.931489 29.617334 5.442181
10.935206 29.593433 5.439985
10.938922 29.561003 5.437003
10.942639 29.542969 5.435344
10.946356 29.504396 5.431795
10.950073 29.476120 5.429191
10.953789 29.452246 5.426992
10.957506 29.455254 5.427269
10.961223 29.453638 5.427121
10.964940 29.437393 5.425624
10.968656 29.427307 5.424694
10.972373 29.419333 5.423959
10.976090 29.420446 5.424062
10.979807 29.403276 5.422479
10.983523 29.396145 5.421821
10.987240 29.391687 5.421410
10.990957 29.378384 5.420183
10.994673 29.350388 5.417600
10.998390 29.329281 5.415651
11.002107 29.292280 5.412234
11.005824 29.281662 5.411253
11.009540 29.283195 5.411395
11.013257 29.301308 5.413068
11.016974 29.290062 5.412029
11.020691 29.281639 5.411251
11.024407 29.287239 5.411769
11.028124 29.276842 5.410808
11.031841 29.283010 5.411378
11.035558 29.291504 5.412163
11.039274 29.308882 5.413768
11.042991 29.290741 5.412092
11.046708 29.292473 5.412252
11.050425 29.301945 5.413127
11.054141 29.305410 5.413447
11.057858 29.295475 5.412529
11.061575 29.285641 5.411621
11.065292 29.284893 5.411552
11.069008 29.284632 5.411528
11.072725 29.284540 5.411519
11.076442 29.280197 5.411118
11.080159 29.281862 5.411272
11.083875 29.287949 5.411834
11.087592 29.293222 5.412321
11.091309 29.294102 5.412403
11.095025 29.309231 5.413800
11.098742 29.303787 5.413297
11.102459 29.330675 5.415780
11.106176 29.334723 5.416154
11.109892 29.337751 5.416433
11.113609 29.304676 5.413379
11.117326 29.284655 5.411530
11.121043 29.286673 5.411716
11.124759 29.317448 5.414559
11.128476 29.364250 5.418879
11.132193 29.394539 5.421673
11.135910 29.416464 5.423695
11.139626 29.435068 5.425409
11.143343 29.461275 5.427824
11.147060 29.478384 5.429400
11.150777 29.498503 5.431252
11.154493 29.504356 5.431791
11.158210 29.533020 5.434429
11.161927 29.549938 5.435985
11.165644 29.559244 5.436841
11.169360 29.565201 5.437389
11.173077 29.589094 5.439586
11.176794 29.615376 5.442001
11.180511 29.630901 5.443427
11.184227 29.644054 5.444635
11.187944 29.665819 5.446634
11.191661 29.698553 5.449638
11.195378 29.768717 5.456072
11.199094 29.883926 5.466619
11.202811 30.025068 5.479514
11.206528 30.188311 5.494389
11.210244 30.453671 5.518484
11.213961 30.875248 5.556550
11.217678 31.537161 5.615796
11.221395 32.552444 5.705475
11.225111 34.151867 5.843960
11.228828 36.601799 6.049942
11.232545 40.319317 6.349749
11.236262 45.696083 6.759888
11.239978 52.930447 7.275331
11.243695 62.054535 7.877470
11.247412 72.389259 8.508188
11.251129 82.355453 9.074991
11.254845 90.379822 9.506830
11.258562 95.166229 9.755318
11.262279 95.859009 9.790761
11.265996 92.465050 9.615875
11.269712 85.559700 9.249849
11.273429 76.629021 8.753800
11.277146 67.035889 8.187545
11.280863 58.052311 7.619207
11.284579 50.534550 7.108766
11.288296 44.539478 6.673790
11.292013 39.950935 6.320675
11.295730 36.559509 6.046446
11.299446 34.201065 5.848168
11.303163 32.663963 5.715240
11.306880 31.705683 5.630780
11.310596 31.086426 5.575520
11.314313 30.657473 5.536919
11.318030 30.364975 5.510442
11.321747 30.204081 5.495824
11.325463 30.111416 5.487387
11.329180 30.043100 5.481159
11.332897 29.987629 5.476096
11.336614 29.926048 5.470471
11.340330 29.872978 5.465618
11.344047 29.848923 5.463417
11.347764 29.860212 5.464450
11.351481 29.867809 5.465145
11.355197 29.836674 5.462296
11.358914 29.824835 5.461212
11.362631 29.818869 5.460666
11.366348 29.821577 5.460914
11.370064 29.826080 5.461326
11.373781 29.829386 5.461628
11.377498 29.870701 5.465409
11.381215 29.910343 5.469035
11.384931 29.914524 5.469417
11.388648 29.901152 5.468195
11.392365 29.881969 5.466440
11.396082 29.881191 5.466369
11.399798 29.871832 5.465513
11.403515 29.883446 5.466575
11.407232 29.908270 5.468845
11.410948 29.946384 5.472329
11.414665 29.961620 5.473721
11.418382 30.000471 5.477269
11.422099 30.066601 5.483302
11.425815 30.140476 5.490034
11.429532 30.204700 5.495880
11.433249 30.294521 5.504046
11.436966 30.444550 5.517658
11.440682 30.638708 5.535224
11.444399 30.925728 5.561091
11.448116 31.414469 5.604861
11.451833 32.158089 5.670810
11.455549 33.303947 5.770957
11.459266 35.120453 5.926251
11.462983 37.922260 6.158105
11.466700 42.052856 6.484817
11.470416 47.886330 6.919995
11.474133 55.617283 7.457700
11.477850 64.989677 8.061618
11.481567 75.044777 8.662839
11.485283 84.410141 9.187499
11.489000 91.511513 9.566165
11.492717 95.028328 9.748247
11.496434 94.563057 9.724354
11.500150 90.278572 9.501504
11.503867 83.057175 9.113571
11.507584 74.113335 8.608910
11.511301 64.954430 8.059431
11.515017 56.622997 7.524825
11.518734 49.609581 7.043407
11.522451 43.981113 6.631826
11.526167 39.679775 6.299188
11.529884 36.541683 6.044972
11.533601 34.357510 5.861528
11.537318 32.925468 5.738072
11.541034 32.030365 5.659538
11.544751 31.461529 5.609058
11.548468 31.120287 5.578556
11.552185 30.904545 5.559186
11.555901 30.768057 5.546896
11.559618 30.695761 5.540376
11.563335 30.666256 5.537712
11.567052 30.630238 5.534459
11.570768 30.591776 5.530983
11.574485 30.573385 5.529321
11.578202 30.560829 5.528185
11.581919 30.572086 5.529203
11.585635 30.609991 5.532630
11.589352 30.635111 5.534899
11.593069 30.634199 5.534817
11.596786 30.653551 5.536565
11.600502 30.677105 5.538692
11.604219 30.700195 5.540776
11.607936 30.726336 5.543134
11.611653 30.806040 5.550319
11.615369 30.863825 5.555522
11.619086 30.911201 5.559784
11.622803 30.947409 5.563040
11.626519 30.996864 5.567483
11.630236 31.050705 5.572316
11.633953 31.106655 5.577334
11.637670 31.202827 5.585949
11.641386 31.342661 5.598452
11.645103 31.488354 5.611448
11.648820 31.623320 5.623462
11.652537 31.801138 5.639250
11.656253 32.065632 5.662652
11.659970 32.419296 5.693795
11.663687 32.893185 5.735258
11.667404 33.544720 5.791780
11.671120 34.497536 5.873460
11.674837 35.949310 5.995774
11.678554 38.234600 6.183413
11.682271 41.831623 6.467737
11.685987 47.538548 6.894820
11.689704 56.301296 7.503419
11.693421 69.389000 8.330006
11.697138 88.258148 9.394581
11.700854 113.962601 10.675327
11.704571 146.545975 12.105617
11.708288 183.527206 13.547221
11.712005 220.510391 14.849592
11.715721 251.541107 15.860048
11.719438 271.441071 16.475469
11.723155 277.186371 16.648915
11.726872 267.907745 16.367888
11.730588 245.850067 15.679607
11.734305 215.167374 14.668585
11.738022 180.941528 13.451451
11.741738 147.810120 12.157719
11.745455 118.774391 10.898366
11.749172 94.902252 9.741779
11.752889 76.125114 8.724971
11.756605 61.925205 7.869257
11.760322 51.623272 7.184934
11.764039 44.590717 6.677628
11.767756 39.976761 6.322718
11.771472 37.046638 6.086595
11.775189 35.229927 5.935480
11.778906 34.101719 5.839668
11.782623 33.400536 5.779320
11.786339 32.892876 5.735231
11.790056 32.520184 5.702647
11.793773 32.246967 5.678641
11.797490 32.053074 5.661543
11.801206 31.893385 5.647423
11.804923 31.732302 5.633143
11.808640 31.588655 5.620379
11.812357 31.505661 5.612990
11.816073 31.470060 5.609818
11.819790 31.422119 5.605544
11.823507 31.345507 5.598706
11.827224 31.272415 5.592174
11.830940 31.214674 5.587009
11.834657 31.158802 5.582007
11.838374 31.126232 5.579089
11.842090 31.124636 5.578946
11.845807 31.146784 5.580930
11.849524 31.126291 5.579094
11.853241 31.089197 5.575769
11.856957 31.060488 5.573194
11.860674 31.070827 5.574121
11.864391 31.076616 5.574640
11.868108 31.103418 5.577044
11.871824 31.098783 5.576628
11.875541 31.118319 5.578380
11.879258 31.200668 5.585756
11.882975 31.348448 5.598968
11.886691 31.523102 5.614544
11.890408 31.746912 5.634440
11.894125 32.095837 5.665319
11.897842 32.651608 5.714159
11.901558 33.523502 5.789948
11.905275 34.904312 5.907987
11.908992 37.085400 6.089778
11.912709 40.457260 6.360602
11.916425 45.571007 6.750630
11.920142 53.116932 7.288136
11.923859 63.580925 7.973765
11.927576 77.109192 8.781184
11.931292 92.959175 9.641534
11.935009 109.387207 10.458834
11.938726 124.058502 11.138155
11.942443 134.494751 11.597187
11.946159 138.904068 11.785757
11.949876 136.685272 11.691248
11.953593 128.493896 11.335515
11.957309 116.011589 10.770868
11.961026 101.433502 10.071420
11.964743 86.731369 9.312968
11.968460 73.498871 8.573148
11.972176 62.286442 7.892176
11.975893 53.261536 7.298050
11.979610 46.271275 6.802299
11.983327 41.098919 6.410844
11.987043 37.454281 6.119990
11.990760 35.023804 5.918091
11.994477 33.431400 5.781989
11.998194 32.439159 5.695539
12.001910 31.825886 5.641444
12.005627 31.443222 5.607426
12.009344 31.193140 5.585082
12.013061 31.020340 5.569591
12.016777 30.872353 5.556289
12.020494 30.715626 5.542168
12.024211 30.604431 5.532127
12.027928 30.553072 5.527483
12.031644 30.503637 5.523010
12.035361 30.440321 5.517275
12.039078 30.373369 5.511204
12.042795 30.329937 5.507262
12.046511 30.296709 5.504245
12.050228 30.292624 5.503874
12.053945 30.272049 5.502004
12.057661 30.231220 5.498292
12.061378 30.191919 5.494717
12.065095 30.182869 5.493894
12.068812 30.183319 5.493935
12.072528 30.139898 5.489982
12.076245 30.105602 5.486857
12.079962 30.083450 5.484838
12.083679 30.034729 5.480395
12.087395 29.990740 5.476380
12.091112 29.996899 5.476942
12.094829 30.014347 5.478535
12.098546 30.005886 5.477763
12.102262 29.993999 5.476678
12.105979 29.987764 5.476109
12.109696 29.968761 5.474373
12.113413 29.943682 5.472082
12.117129 29.929588 5.470794
12.120846 29.944658 5.472171
12.124563 29.943050 5.472024
12.128280 29.896311 5.467752
12.131996 29.864744 5.464865
12.135713 29.880989 5.466351
12.139430 29.922987 5.470191
12.143147 29.933161 5.471121
12.146863 29.925232 5.470396
12.150580 29.910078 5.469011
12.154297 29.901957 5.468268
12.158014 29.916452 5.469593
12.161730 29.927069 5.470564
12.165447 29.917139 5.469656
12.169164 29.899387 5.468033
12.172880 29.874344 5.465743
12.176597 29.860615 5.464487
12.180314 29.890444 5.467215
12.184031 29.939602 5.471709
12.187747 29.925859 5.470453
12.191464 29.873989 5.465710
12.195181 29.843910 5.462958
12.198898 29.846395 5.463185
12.202614 29.886169 5.466824
12.206331 29.947729 5.472452
12.210048 29.979828 5.475384
12.213765 29.987677 5.476100
12.217481 29.982397 5.475618
12.221198 29.970135 5.474499
12.224915 29.955597 5.473171
12.228632 29.974613 5.474908
12.232348 30.034868 5.480408
12.236065 30.119930 5.488163
12.239782 30.149742 5.490878
12.243499 30.132330 5.489292
12.247215 30.127462 5.488849
12.250932 30.165176 5.492283
12.254649 30.197891 5.495261
12.258366 30.221210 5.497382
12.262082 30.256002 5.500546
12.265799 30.280743 5.502794
12.269516 30.277451 5.502495
12.273232 30.316063 5.506002
12.276949 30.382616 5.512043
12.280666 30.410046 5.514530
12.284383 30.436790 5.516955
12.288099 30.491362 5.521898
12.291816 30.575418 5.529504
12.295533 30.651699 5.536398
12.299250 30.736403 5.544042
12.302966 30.831163 5.552582
12.306683 30.944159 5.562747
12.310400 31.062317 5.573358
12.314117 31.212023 5.586772
12.317833 31.423092 5.605630
12.321550 31.720303 5.632078
12.325267 32.097664 5.665480
12.328984 32.635551 5.712753
12.332700 33.470539 5.785373
12.336417 34.783688 5.897770
12.340134 36.827377 6.068556
12.343851 40.012318 6.325529
12.347567 44.901115 6.700829
12.351284 52.280384 7.230518
12.355001 63.188572 7.949124
12.358718 78.433716 8.856281
12.362434 98.699684 9.934771
12.366151 123.125504 11.096193
12.369868 149.883331 12.242685
12.373585 175.524719 13.248574
12.377301 195.929321 13.997476
12.381018 207.908188 14.419022
12.384735 209.390411 14.470329
12.388451 200.721558 14.167624
12.392168 183.698334 13.553536
12.395885 161.451706 12.706365
12.399602 137.456451 11.724182
12.403318 114.612488 10.705722
12.407035 94.573357 9.724883
12.410752 77.858124 8.823725
12.414469 64.342140 8.021355
12.418185 53.906242 7.342087
12.421902 46.288525 6.803567
12.425619 40.983379 6.401826
12.429336 37.489075 6.122832
12.433052 35.267155 5.938616
12.436769 33.864914 5.819357
12.440486 32.948875 5.740111
12.444203 32.336514 5.686520
12.447919 31.925934 5.650304
12.451636 31.657673 5.626515
12.455353 31.496756 5.612197
12.459070 31.378672 5.601667
12.462786 31.272806 5.592209
12.466503 31.151937 5.581392
12.470220 31.019932 5.569554
12.473937 30.942856 5.562630
12.477653 30.930174 5.561490
12.481370 30.927504 5.561250
12.485087 30.859093 5.555096
12.488803 30.780821 5.548047
12.492520 30.760468 5.546212
12.496237 30.742170 5.544562
12.499954 30.710726 5.541726
12.503670 30.708927 5.541564
12.507387 30.717426 5.542330
12.511104 30.702795 5.541010
12.514821 30.681650 5.539102
12.518537 30.655949 5.536781
12.522254 30.632074 5.534625
12.525971 30.628361 5.534290
12.529688 30.703871 5.541107
12.533404 30.822615 5.551812
12.537121 30.959330 5.564111
12.540838 31.110189 5.577651
12.544555 31.327072 5.597059
12.548271 31.699575 5.630238
12.551988 32.364834 5.689010
12.555705 33.453575 5.783907
12.559422 35.095573 5.924152
12.563138 37.529934 6.126168
12.566855 41.096802 6.410679
12.570572 46.243126 6.800230
12.574289 53.107079 7.287460
12.578005 61.573082 7.846852
12.581722 70.929710 8.421978
12.585439 80.025520 8.945698
12.589156 87.609413 9.359990
12.592872 92.440880 9.614618
12.596589 93.808830 9.685496
12.600306 91.505547 9.565853
12.604022 86.111313 9.279618
12.607739 78.687172 8.870579
12.611456 70.322945 8.385878
12.615173 62.019306 7.875234
12.618889 54.576195 7.387570
12.622606 48.319748 6.951241
12.626323 43.262619 6.577433
12.630040 39.295761 6.268633
12.633756 36.304825 6.025349
12.637473 34.168503 5.845383
12.641190 32.740810 5.721959
12.644907 31.855438 5.644062
12.648623 31.306887 5.595256
12.652340 30.936167 5.562029
12.656057 30.704502 5.541164
12.659774 30.588148 5.530655
12.663490 30.495302 5.522255
12.667207 30.372557 5.511130
12.670924 30.269276 5.501752
12.674641 30.197456 5.495221
12.678357 30.110235 5.487279
12.682074 30.038921 5.480777
12.685791 30.046555 5.481474
12.689508 30.053724 5.482128
12.693224 30.015831 5.478671
12.696941 29.979410 5.475346
12.700658 29.961134 5.473676
12.704374 29.944391 5.472147
12.708091 29.923649 5.470251
12.711808 29.885569 5.466769
12.715525 29.867403 5.465108
12.719241 29.876078 5.465901
12.722958 29.873024 5.465622
12.726675 29.828573 5.461554
12.730392 29.780390 5.457141
12.734108 29.767975 5.456004
12.737825 29.779711 5.457079
12.741542 29.783888 5.457462
12.745259 29.775696 5.456711
12.748975 29.746136 5.454002
12.752692 29.710564 5.450740
12.756409 29.699087 5.449687
12.760126 29.678574 5.447804
12.763842 29.654417 5.445587
12.767559 29.654272 5.445574
12.771276 29.679794 5.447917
12.774993 29.691778 5.449016
12.778709 29.699717 5.449745
12.782426 29.696241 5.449426
12.786143 29.663954 5.446463
12.789860 29.637966 5.444076
12.793576 29.630884 5.443426
12.797293 29.641338 5.444386
12.801010 29.680414 5.447973
12.804727 29.691904 5.449028
12.808443 29.651640 5.445332
12.812160 29.615215 5.441986
12.815877 29.609404 5.441452
12.819593 29.593328 5.439975
12.823310 29.598364 5.440438
12.827027 29.623661 5.442762
12.830744 29.648144 5.445011
12.834460 29.658394 5.445952
12.838177 29.663296 5.446402
12.841894 29.673433 5.447333
12.845611 29.680914 5.448019
12.849327 29.689795 5.448834
12.853044 29.680796 5.448008
12.856761 29.628218 5.443181
12.860478 29.593157 5.439959
12.864194 29.599058 5.440502
12.867911 29.595486 5.440173
12.871628 29.618467 5.442285
12.875345 29.673733 5.447360
12.879061 29.687778 5.448649
12.882778 29.662336 5.446314
12.886495 29.663410 5.446413
12.890212 29.683474 5.448254
12.893928 29.689171 5.448777
12.897645 29.726049 5.452160
12.901362 29.772594 5.456427
12.905079 29.756861 5.454985
12.908795 29.700434 5.449810
12.912512 29.688515 5.448717
12.916229 29.725613 5.452120
12.919945 29.770599 5.456244
12.923662 29.783186 5.457397
12.927379 29.783667 5.457441
12.931096 29.796919 5.458655
12.934812 29.790480 5.458066
12.938529 29.774128 5.456567
12.942246 29.805426 5.459435
12.945963 29.853134 5.463802
12.949679 29.888283 5.467018
12.953396 30.001337 5.477348
12.957113 30.189213 5.494471
12.960830 30.362707 5.510237
12.964546 30.597326 5.531485
12.968263 31.048592 5.572126
12.971980 31.740173 5.633842
12.975697 32.727310 5.720779
12.979413 34.185799 5.846862
12.983130 36.317951 6.026438
12.986847 39.324017 6.270886
12.990564 43.163670 6.569906
12.994280 47.626595 6.901202
12.997997 52.372925 7.236914
13.001714 56.737289 7.532416
13.005431 60.145229 7.755336
13.009147 61.978489 7.872642
13.012864 61.988838 7.873299
13.016581 60.219040 7.760093
13.020298 57.075279 7.554818
13.024014 53.157429 7.290914
13.027731 49.032726 7.002337
13.031448 45.177376 6.721412
13.035164 41.792149 6.464685
13.038881 38.842892 6.232407
13.042598 36.386368 6.032111
13.046315 34.502728 5.873902
13.050031 33.130791 5.755935
13.053748 32.118290 5.667300
13.057465 31.391626 5.602823
13.061182 30.921991 5.560755
13.064898 30.642633 5.535579
13.068615 30.502445 5.522902
13.072332 30.426737 5.516044
13.076049 30.378088 5.511632
13.079765 30.334249 5.507654
13.083482 30.312634 5.505691
13.087199 30.332630 5.507507
13.090916 30.368965 5.510804
13.094632 30.383728 5.512144
13.098349 30.377832 5.511609
13.102066 30.357306 5.509746
13.105783 30.357924 5.509802
13.109499 30.383949 5.512164
13.113216 30.390930 5.512797
13.116933 30.396790 5.513328
13.120650 30.429962 5.516336
13.124366 30.460590 5.519111
13.128083 30.513052 5.523862
13.131800 30.583458 5.530231
13.135516 30.626291 5.534103
13.139233 30.661497 5.537282
13.142950 30.738939 5.544271
13.146667 30.887897 5.557688
13.150383 31.094023 5.576201
13.154100 31.339045 5.598129
13.157817 31.699335 5.630216
13.161534 32.233898 5.677490
13.165250 32.969597 5.741916
13.168967 34.081226 5.837913
13.172684 35.819088 5.984905
13.176401 38.526543 6.206975
13.180117 42.626041 6.528862
13.183834 48.653450 6.975203
13.187551 57.229073 7.564990
13.191268 68.698174 8.288436
13.194984 83.028755 9.112012
13.198701 99.055489 9.952662
13.202418 115.127022 10.729726
13.206135 129.035858 11.359395
13.209851 138.538040 11.770218
13.213568 142.411560 11.933631
13.217285 139.855392 11.826047
13.221002 131.962708 11.487502
13.224718 120.055489 10.956984
13.228435 105.993805 10.295329
13.232152 91.739838 9.578092
13.235868 78.604576 8.865922
13.239585 67.185570 8.196680
13.243302 57.668781 7.593996
13.247019 49.990860 7.070421
13.250735 44.056236 6.637487
13.254452 39.737133 6.303740
13.258169 36.723030 6.059953
13.261886 34.740910 5.894142
13.265602 33.427174 5.781624
13.269319 32.596954 5.709374
13.273036 32.100262 5.665709
13.276753 31.828550 5.641680
13.280469 31.653109 5.626110
13.284186 31.457073 5.608661
13.287903 31.275427 5.592444
13.291620 31.185198 5.584371
13.295336 31.151697 5.581371
13.299053 31.108334 5.577485
13.302770 31.050833 5.572327
13.306487 31.043648 5.571683
13.310203 31.062542 5.573378
13.313920 31.041960 5.571531
13.317637 31.006859 5.568380
13.321354 31.008280 5.568508
13.325070 31.046421 5.571932
13.328787 31.083950 5.575298
13.332504 31.103138 5.577019
13.336221 31.129620 5.579392
13.339937 31.189556 5.584761
13.343654 31.300373 5.594674
13.347371 31.423798 5.605693
13.351087 31.543547 5.616364
13.354804 31.764112 5.635966
13.358521 32.118382 5.667308
13.362238 32.602875 5.709893
13.365954 33.351669 5.775090
13.369671 34.611557 5.883159
13.373388 36.565006 6.046901
13.377105 39.556152 6.289368
13.380821 43.983795 6.632028
13.384538 50.496609 7.106097
13.388255 59.516315 7.714682
13.391972 71.225220 8.439504
13.395688 85.396950 9.241047
13.399405 100.663803 10.033135
13.403122 115.427368 10.743713
13.406839 127.637657 11.297684
13.410555 135.441681 11.637941
13.414272 137.620117 11.731160
13.417989 133.719193 11.563702
13.421706 124.984741 11.179657
13.425422 112.915497 10.626170
13.429139 99.407921 9.970352
13.432856 86.143448 9.281349
13.436573 74.162430 8.611761
13.440289 63.904896 7.994054
13.444006 55.286457 7.435486
13.447723 48.336750 6.952464
13.451439 42.922699 6.551542
13.455156 38.894634 6.236556
13.458873 36.093578 6.007793
13.462590 34.310669 5.857531
13.466306 33.204136 5.762303
13.470023 32.485256 5.699584
13.473740 31.987463 5.655746
13.477457 31.679241 5.628432
13.481173 31.479548 5.610664
13.484890 31.341320 5.598332
13.488607 31.264053 5.591427
13.492324 31.189842 5.584787
13.496040 31.077488 5.574719
13.499757 30.971033 5.565162
13.503474 30.927612 5.561260
13.507191 30.930960 5.561561
13.510907 30.925318 5.561054
13.514624 30.904726 5.559202
13.518341 30.883453 5.557288
13.522058 30.881573 5.557119
13.525774 30.915520 5.560173
13.529491 30.963724 5.564506
13.533208 31.015888 5.569191
13.536925 31.056143 5.572804
13.540641 31.103010 5.577007
13.544358 31.216614 5.587183
13.548075 31.346716 5.598814
13.551792 31.459021 5.608834
13.555508 31.639906 5.624936
13.559225 32.026684 5.659212
13.562942 32.704121 5.718752
13.566658 33.756065 5.809997
13.570375 35.361996 5.946595
13.574092 37.756775 6.144654
13.577809 41.317226 6.427848
13.581525 46.443199 6.814925
13.585242 53.663013 7.325504
13.588959 62.932777 7.933018
13.592676 74.048218 8.605127
13.596392 86.004410 9.273856
13.600109 97.411179 9.869710
13.603826 106.763794 10.332657
13.607543 112.497711 10.606494
13.611259 113.876434 10.671290
13.614976 110.651489 10.519101
13.618693 103.802696 10.188361
13.622410 94.478790 9.720020
13.626126 84.017494 9.166106
13.629843 73.771919 8.589058
13.633560 64.493614 8.030792
13.637277 56.488197 7.515863
13.640993 49.795414 7.056587
13.644710 44.346436 6.659312
13.648427 40.108486 6.333126
13.652144 36.996891 6.082507
13.655860 34.772205 5.896796
13.659577 33.315418 5.771951
13.663294 32.444809 5.696034
13.667010 31.898209 5.647850
13.670727 31.484463 5.611102
13.674444 31.176378 5.583581
13.678161 30.975729 5.565584
13.681877 30.879887 5.556967
13.685594 30.836420 5.553055
13.689311 30.760710 5.546234
13.693028 30.683929 5.539308
13.696744 30.656569 5.536837
13.700461 30.678680 5.538834
13.704178 30.710201 5.541679
13.707895 30.684696 5.539377
13.711611 30.614281 5.533017
13.715328 30.565388 5.528597
13.719045 30.538223 5.526140
13.722762 30.532795 5.525649
13.726478 30.546068 5.526850
13.730195 30.556911 5.527831
13.733912 30.550287 5.527231
13.737629 30.556431 5.527787
13.741345 30.633293 5.534735
13.745062 30.766565 5.546762
13.748779 30.903278 5.559072
13.752496 31.094248 5.576222
13.756212 31.416340 5.605028
13.759929 31.967443 5.653976
13.763646 32.802521 5.727348
13.767363 34.023785 5.832991
13.771079 35.794376 5.982840
13.774796 38.461845 6.201761
13.778513 42.250896 6.500069
13.782229 47.278290 6.875921
13.785946 53.404129 7.307813
13.789663 60.151527 7.755742
13.793380 66.805687 8.173475
13.797096 72.385460 8.507964
13.800813 76.120010 8.724678
13.804530 77.555916 8.806584
13.808247 76.356926 8.738245
13.811963 72.990990 8.543476
13.815680 68.048683 8.249163
13.819397 62.247337 7.889698
13.823114 56.282818 7.502188
13.826830 50.787540 7.126538
13.830547 46.025974 6.784245
13.834264 42.007942 6.481353
13.837981 38.780849 6.227427
13.841697 36.186310 6.015506
13.845414 34.224651 5.850184
13.849131 32.847019 5.731232
13.852848 31.947531 5.652215
13.856564 31.354126 5.599476
13.860281 30.966925 5.564793
13.863998 30.671511 5.538187
13.867715 30.478626 5.520745
13.871431 30.419003 5.515342
13.875148 30.445101 5.517708
13.878865 30.445066 5.517705
13.882581 30.388845 5.512608
13.886298 30.290945 5.503721
13.890015 30.174519 5.493134
13.893732 30.134527 5.489492
13.897448 30.172640 5.492963
13.901165 30.214781 5.496797
13.904882 30.226061 5.497823
13.908599 30.182825 5.493890
13.912315 30.134352 5.489476
13.916032 30.149267 5.490835
13.919749 30.187555 5.494320
13.923466 30.200411 5.495490
13.927182 30.198538 5.495320
13.930899 30.206245 5.496021
13.934616 30.232689 5.498426
13.938333 30.258677 5.500789
13.942049 30.310125 5.505463
13.945766 30.425209 5.515905
13.949483 30.639496 5.535295
13.953200 31.025375 5.570043
13.956916 31.641113 5.625043
13.960633 32.514652 5.702162
13.964350 33.755775 5.809972
13.968067 35.565182 5.963655
13.971783 37.971268 6.162083
13.975500 41.051540 6.407148
13.979217 44.598709 6.678226
13.982934 48.294399 6.949417
13.986650 51.732857 7.192556
13.990367 54.405624 7.376017
13.994084 55.913052 7.477503
13.997800 55.981899 7.482105
14.001517 54.777279 7.401167
14.005234 52.434734 7.241183
14.008951 49.393261 7.028034
14.012667 46.154980 6.793746
14.016384 43.107883 6.565659
14.020101 40.369423 6.353694
14.023818 37.892513 6.155690
14.027534 35.781307 5.981748
14.031251 34.148533 5.843675
14.034968 32.943695 5.739660
14.038685 32.002033 5.657034
14.042401 31.281069 5.592948
14.046118 30.789644 5.548842
14.049835 30.506580 5.523276
14.053552 30.333370 5.507574
14.057268 30.236759 5.498796
14.060985 30.177299 5.493387
14.064702 30.138924 5.489893
14.068419 30.159477 5.491764
14.072135 30.195761 5.495067
14.075852 30.176392 5.493304
14.079569 30.118502 5.488033
14.083286 30.064438 5.483105
14.087002 30.071869 5.483782
14.090719 30.131147 5.489185
14.094436 30.167440 5.492489
14.098152 30.167585 5.492503
14.101869 30.150246 5.490924
14.105586 30.153261 5.491199
14.109303 30.208838 5.496257
14.113019 30.283707 5.503063
14.116736 30.344238 5.508560
14.120453 30.428217 5.516178
14.124170 30.606367 5.532302
14.127886 30.915739 5.560192
14.131603 31.316355 5.596102
14.135320 31.798056 5.638976
14.139037 32.530071 5.703514
14.142753 33.768997 5.811110
14.146470 35.627472 5.968875
14.150187 38.403854 6.197084
14.153904 42.431282 6.513930
14.157620 48.297852 6.949666
14.161337 56.016769 7.484435
14.165054 65.614525 8.100279
14.168771 76.420059 8.741857
14.172487 87.384903 9.347989
14.176204 97.163910 9.857176
14.179921 104.039261 10.199964
14.183638 107.439560 10.365306
14.187354 106.751518 10.332063
14.191071 102.348083 10.116723
14.194788 94.980843 9.745812
14.198505 85.935768 9.270155
14.202221 76.392372 8.740273
14.205938 67.342575 8.206252
14.209655 59.260471 7.698082
14.213371 52.351383 7.235426
14.217088 46.596867 6.826190
14.220805 41.921223 6.474660
14.224522 38.232662 6.183257
14.228238 35.493664 5.957656
14.231955 33.665932 5.802235
14.235672 32.501434 5.701003
14.239389 31.728996 5.632850
14.243105 31.185673 5.584413
14.246822 30.768448 5.546931
14.250539 30.485924 5.521406
14.254256 30.342890 5.508438
14.257972 30.307562 5.505230
14.261689 30.261154 5.501014
14.265406 30.134453 5.489486
14.269123 30.016302 5.478714
14.272839 29.958414 5.473428
14.276556 29.940136 5.471758
14.280273 29.943575 5.472072
14.283990 29.907867 5.468809
14.287706 29.865950 5.464975
14.291423 29.826273 5.461344
14.295140 29.773090 5.456472
14.298857 29.781120 5.457208
14.302573 29.780546 5.457156
14.306290 29.719215 5.451533
14.310007 29.709360 5.450629
14.313723 29.730236 5.452544
14.317440 29.714888 5.451136
14.321157 29.699142 5.449692
14.324874 29.731684 5.452677
14.328590 29.792400 5.458242
14.332307 29.785400 5.457600
14.336024 29.694153 5.449234
14.339741 29.609331 5.441446
14.343457 29.598127 5.440416
14.347174 29.627035 5.443072
14.350891 29.610889 5.441589
14.354608 29.575365 5.438324
14.358324 29.555912 5.436535
14.362041 29.514183 5.432696
14.365758 29.469967 5.428625
14.369475 29.497309 5.431142
14.373191 29.565258 5.437394
14.376908 29.604929 5.441041
14.380625 29.611904 5.441682
14.384342 29.562565 5.437147
14.388058 29.492241 5.430676
14.391775 29.481028 5.429643
14.395492 29.528414 5.434005
14.399209 29.569693 5.437802
14.402925 29.567455 5.437596
14.406642 29.569780 5.437810
14.410359 29.581440 5.438882
14.414076 29.548309 5.435836
14.417792 29.536024 5.434706
14.421509 29.570303 5.437858
14.425226 29.549156 5.435914
14.428942 29.501404 5.431519
14.432659 29.503210 5.431686
14.436376 29.531422 5.434282
14.440093 29.580633 5.438808
14.443809 29.629816 5.443328
14.447526 29.610914 5.441591
14.451243 29.554470 5.436402
14.454960 29.539099 5.434988
14.458676 29.583542 5.439075
14.462393 29.649937 5.445176
14.466110 29.681082 5.448035
14.469827 29.650850 5.445259
14.473543 29.601379 5.440715
14.477260 29.609924 5.441500
14.480977 29.660297 5.446127
14.484694 29.657063 5.445830
14.488410 29.613361 5.441816
14.492127 29.695419 5.449350
14.495844 29.856354 5.464097
14.499561 29.946026 5.472296
14.503277 30.072155 5.483808
14.506994 30.368988 5.510806
14.510711 30.775908 5.547604
14.514428 31.302942 5.594903
14.518144 32.117470 5.667228
14.521861 33.433796 5.782196
14.525578 35.239178 5.936260
14.529294 37.739624 6.143258
14.533011 40.928680 6.397553
14.536728 44.782036 6.691938
14.540445 49.062271 7.004447
14.544161 53.145302 7.290082
14.547878 56.617687 7.524473
14.551595 58.981659 7.679952
14.555312 59.998753 7.745886
14.559028 59.457436 7.710865
14.562745 57.461483 7.580335
14.566462 54.501637 7.382522
14.570179 51.010479 7.142162
14.573895 47.393410 6.884287
14.577612 43.920761 6.627274
14.581329 40.831036 6.389917
14.585046 38.262508 6.185670
14.588762 36.104424 6.008696
14.592479 34.363762 5.862061
14.596196 32.986469 5.743385
14.599913 31.983875 5.655429
14.603629 31.300400 5.594676
14.607346 30.853859 5.554625
14.611063 30.582819 5.530174
14.614780 30.423367 5.515738
14.618496 30.324627 5.506780
14.622213 30.272427 5.502038
14.625930 30.246180 5.499653
14.629647 30.294579 5.504051
14.633363 30.327452 5.507037
14.637080 30.267704 5.501609
14.640797 30.220854 5.497350
14.644513 30.215870 5.496896
14.648230 30.213873 5.496715
14.651947 30.263275 5.501207
14.655664 30.389748 5.512690
14.659380 30.526567 5.525085
14.663097 30.552664 5.527446
14.666814 30.524973 5.524941
14.670531 30.599581 5.531689
14.674247 30.800072 5.549781
14.677964 31.104759 5.577164
14.681681 31.516825 5.613985
14.685398 32.030945 5.659589
14.689114 32.847893 5.731308
14.692831 34.086765 5.838387
14.696548 35.983803 5.998650
14.700265 38.781689 6.227495
14.703981 43.203175 6.572912
14.707698 49.376431 7.026836
14.711415 58.081867 7.621146
14.715132 69.213318 8.319454
14.718848 82.470352 9.081319
14.722565 96.808388 9.839125
14.726282 110.384552 10.506405
14.729999 121.721230 11.032734
14.733715 128.904663 11.353619
14.737432 131.439133 11.464691
14.741149 128.787857 11.348474
14.744865 121.668869 11.030361
14.748582 111.577316 10.563016
14.752299 99.875015 9.993749
14.756016 87.959679 9.378682
14.759732 76.833458 8.765470
14.763449 66.976257 8.183902
14.767166 58.580830 7.653811
14.770883 51.461773 7.173686
14.774599 45.565971 6.750257
14.778316 40.966881 6.400538
14.782033 37.538136 6.126837
14.785750 35.082970 5.923088
14.789466 33.547993 5.792063
14.793183 32.537029 5.704124
14.796900 31.825113 5.641375
14.800617 31.331043 5.597414
14.804333 31.010042 5.568666
14.808050 30.791149 5.548977
14.811767 30.667795 5.537851
14.815484 30.677494 5.538727
14.819200 30.718508 5.542428
14.822917 30.583050 5.530194
14.826634 30.347897 5.508892
14.830351 30.260275 5.500934
14.834067 30.304617 5.504963
14.837784 30.303556 5.504867
14.841501 30.278389 5.502580
14.845217 30.275253 5.502295
14.848934 30.312792 5.505705
14.852651 30.392441 5.512934
14.856368 30.480103 5.520879
14.860084 30.558424 5.527967
14.863801 30.678843 5.538848
14.867518 30.889454 5.557828
14.871235 31.229128 5.588303
14.874951 31.822367 5.641132
14.878668 32.900608 5.735905
14.882385 34.391773 5.864450
14.886102 36.431255 6.035831
14.889818 39.172886 6.258825
14.893535 42.956501 6.554121
14.897252 47.600830 6.899335
14.900969 52.729607 7.261515
14.904685 57.810616 7.603329
14.908402 62.223709 7.888201
14.912119 65.500885 8.093262
14.915836 67.025246 8.186895
14.919552 66.895874 8.178990
14.923269 65.003395 8.062468
14.926986 61.715706 7.855934
14.930703 57.409275 7.576891
14.934419 52.840134 7.269122
14.938136 48.562424 6.968674
14.941853 44.780506 6.691824
14.945570 41.525208 6.444006
14.949286 38.707348 6.221523
14.953003 36.350513 6.029139
14.956720 34.421597 5.866992
14.960436 32.898273 5.735702
14.964153 31.795792 5.638776
14.967870 31.131546 5.579565
14.971587 30.726227 5.543124
14.975303 30.403454 5.513933
14.979020 30.125204 5.488643
14.982737 29.966238 5.474143
14.986454 29.942631 5.471986
14.990170 29.920729 5.469984
14.993887 29.841320 5.462721
14.997604 29.800087 5.458946
