 1.000356 63.553524 0.015734769 64.669718 -1.1161939 64.669718
 1.0040727 63.509933 0.015745568 64.722741 -1.2128075 64.722741
 1.0077895 63.5082 0.015745998 64.775585 -1.2673846 64.775585
 1.0115062 63.523371 0.015742238 64.82825 -1.3048786 64.82825
 1.015223 63.621737 0.015717898 64.880736 -1.2589993 64.880736
 1.0189397 63.663428 0.015707605 64.933045 -1.2696168 64.933045
 1.0226564 63.70918 0.015696325 64.985175 -1.2759951 64.985175
 1.0263732 63.751059 0.015686014 65.037128 -1.286069 65.037128
 1.0300899 63.762853 0.015683113 65.088904 -1.3260509 65.088904
 1.0338067 63.736265 0.015689655 65.140503 -1.4042381 65.140503
 1.0375234 63.721683 0.015693245 65.191925 -1.4702415 65.191925
 1.0412401 63.746647 0.0156871 65.243171 -1.4965242 65.243171
 1.0449569 63.791231 0.015676136 65.294241 -1.5030108 65.294241
 1.0486736 63.785249 0.015677606 65.345136 -1.5598871 65.345136
 1.0523904 63.77801 0.015679385 65.395856 -1.6178457 65.395856
 1.0561071 63.760146 0.015683778 65.4464 -1.6862545 65.4464
 1.0598239 63.824673 0.015667922 65.49677 -1.6720978 65.49677
 1.0635406 63.875238 0.015655519 65.546966 -1.6717287 65.546966
 1.0672573 63.890004 0.015651901 65.596989 -1.706984 65.596989
 1.0709741 63.883498 0.015653495 65.646837 -1.7633392 65.646837
 1.0746908 63.910028 0.015646997 65.696512 -1.7864846 65.696512
 1.0784076 63.937658 0.015640235 65.746015 -1.8083573 65.746015
 1.0821243 63.979336 0.015630047 65.795345 -1.8160092 65.795345
 1.085841 64.012137 0.015622037 65.844503 -1.8323656 65.844503
 1.0895578 64.048589 0.015613146 65.893489 -1.8448994 65.893489
 1.0932745 64.04461 0.015614116 65.942303 -1.8976925 65.942303
 1.0969913 64.033857 0.015616739 65.990946 -1.9570892 65.990946
 1.100708 64.034246 0.015616644 66.039418 -2.0051722 66.039418
 1.1044248 64.039138 0.015615451 66.08772 -2.0485823 66.08772
 1.1081415 64.099018 0.015600863 66.135851 -2.0368331 66.135851
 1.1118582 64.128746 0.015593631 66.183813 -2.0550666 66.183813
 1.115575 64.134122 0.015592324 66.231605 -2.0974823 66.231605
 1.1192917 64.1031 0.01559987 66.279227 -2.1761273 66.279227
 1.1230085 64.188152 0.015579199 66.326681 -2.1385286 66.326681
 1.1267252 64.26811 0.015559817 66.373966 -2.1058563 66.373966
 1.1304419 64.350293 0.015539945 66.421083 -2.0707893 66.421083
 1.1341587 64.397118 0.015528645 66.468032 -2.0709142 66.468032
 1.1378754 64.462893 0.0155128 66.514813 -2.0519199 66.514813
 1.1415922 64.445694 0.015516941 66.561427 -2.115733 66.561427
 1.1453089 64.46476 0.015512351 66.607874 -2.1431141 66.607874
 1.1490257 64.471616 0.015510702 66.654154 -2.1825381 66.654154
 1.1527424 64.502586 0.015503254 66.700268 -2.1976819 66.700268
 1.1564591 64.507062 0.015502179 66.746216 -2.2391539 66.746216
 1.1601759 64.508792 0.015501763 66.791999 -2.283207 66.791999
 1.1638926 64.525047 0.015497858 66.837616 -2.3125682 66.837616
 1.1676094 64.568756 0.015487367 66.883067 -2.3143113 66.883067
 1.1713261 64.597145 0.01548056 66.928355 -2.3312095 66.928355
 1.1750428 64.659877 0.015465541 66.973477 -2.3136008 66.973477
 1.1787596 64.684992 0.015459536 67.018436 -2.3334436 67.018436
 1.1824763 64.736247 0.015447297 67.063231 -2.3269842 67.063231
 1.1861931 64.730626 0.015448638 67.107863 -2.3772362 67.107863
 1.1899098 64.761614 0.015441246 67.152331 -2.3907165 67.152331
 1.1936266 64.798027 0.015432569 67.196637 -2.3986095 67.196637
 1.1973433 64.817642 0.015427898 67.24078 -2.4231375 67.24078
 1.20106 64.834076 0.015423988 67.284761 -2.4506847 67.284761
 1.2047768 64.84785 0.015420712 67.32858 -2.4807302 67.32858
 1.2084935 64.829653 0.01542504 67.372237 -2.5425839 67.372237
 1.2122103 64.817835 0.015427852 67.415734 -2.5978983 67.415734
 1.215927 64.845367 0.015421302 67.459069 -2.6137019 67.459069
 1.2196437 64.909688 0.015406021 67.502244 -2.592556 67.502244
 1.2233605 64.945412 0.015397547 67.545259 -2.5998473 67.545259
 1.2270772 64.951441 0.015396117 67.588114 -2.6366723 67.588114
 1.230794 65.004239 0.015383612 67.630809 -2.6265695 67.630809
 1.2345107 65.035512 0.015376215 67.673345 -2.6378324 67.673345
 1.2382274 65.062711 0.015369787 67.715722 -2.6530105 67.715722
 1.2419442 65.07977 0.015365758 67.75794 -2.6781694 67.75794
 1.2456609 65.1573 0.015347474 67.8 -2.6426993 67.8
 1.2493777 65.26106 0.015323073 67.841901 -2.5808413 67.841901
 1.2530944 65.326986 0.01530761 67.883645 -2.5566597 67.883645
 1.2568112 65.350817 0.015302027 67.925232 -2.5744147 67.925232
 1.2605279 65.379705 0.015295266 67.966662 -2.5869567 67.966662
 1.2642446 65.404147 0.01528955 68.007934 -2.6037874 68.007934
 1.2679614 65.412575 0.01528758 68.04905 -2.6364757 68.04905
 1.2716781 65.396243 0.015291398 68.090011 -2.6937679 68.090011
 1.2753949 65.398921 0.015290772 68.130815 -2.7318942 68.130815
 1.2791116 65.442894 0.015280498 68.171464 -2.7285696 68.171464
 1.2828283 65.485057 0.015270659 68.211957 -2.7269004 68.211957
 1.2865451 65.504265 0.015266182 68.252295 -2.7480307 68.252295
 1.2902618 65.511337 0.015264533 68.292479 -2.7811421 68.292479
 1.2939786 65.549657 0.01525561 68.332509 -2.7828518 68.332509
 1.2976953 65.591342 0.015245915 68.372385 -2.781043 68.372385
 1.301412 65.602414 0.015243341 68.412107 -2.8096922 68.412107
 1.3051288 65.629049 0.015237155 68.451675 -2.8226265 68.451675
 1.3088455 65.658457 0.01523033 68.491091 -2.8326332 68.491091
 1.3125623 65.739812 0.015211482 68.530353 -2.7905411 68.530353
 1.316279 65.802409 0.015197012 68.569464 -2.7670548 68.569464
 1.3199957 65.85288 0.015185365 68.608422 -2.7555419 68.608422
 1.3237125 65.888992 0.015177042 68.647228 -2.7582357 68.647228
 1.3274292 65.95211 0.015162517 68.685883 -2.7337726 68.685883
 1.331146 66.00796 0.015149688 68.724386 -2.7164265 68.724386
 1.3348627 66.03831 0.015142726 68.762739 -2.7244293 68.762739
 1.3385795 66.017886 0.01514741 68.800941 -2.7830553 68.800941
 1.3422962 65.995402 0.015152571 68.838993 -2.8435908 68.838993
 1.3460129 65.940155 0.015165266 68.876895 -2.9367395 68.876895
 1.3497297 65.904645 0.015173437 68.914647 -3.0100012 68.914647
 1.3534464 65.873817 0.015180538 68.952249 -3.0784318 68.952249
 1.3571632 65.884773 0.015178014 68.989703 -3.1049295 68.989703
 1.3608799 65.957308 0.015161322 69.027008 -3.0696991 69.027008
 1.3645966 66.019071 0.015147138 69.064164 -3.0450929 69.064164
 1.3683134 66.07517 0.015134278 69.101172 -3.026002 69.101172
 1.3720301 66.100548 0.015128468 69.138032 -3.0374843 69.138032
 1.3757469 66.123845 0.015123137 69.174745 -3.0508993 69.174745
 1.3794636 66.171305 0.015112291 69.21131 -3.0400048 69.21131
 1.3831804 66.268135 0.015090209 69.247729 -2.9795935 69.247729
 1.3868971 66.359484 0.015069436 69.284 -2.924516 69.284
 1.3906138 66.389796 0.015062556 69.320126 -2.9303298 69.320126
 1.3943306 66.383578 0.015063967 69.356105 -2.972527 69.356105
 1.3980473 66.371391 0.015066733 69.391939 -3.0205472 69.391939
 1.4017641 66.36495 0.015068195 69.427627 -3.0626771 69.427627
 1.4054808 66.382703 0.015064165 69.46317 -3.0804664 69.46317
 1.4091976 66.409785 0.015058022 69.498568 -3.0887827 69.498568
 1.4129143 66.4428 0.01505054 69.533821 -3.0910212 69.533821
 1.416631 66.450951 0.015048694 69.56893 -3.1179797 69.56893
 1.4203478 66.470291 0.015044315 69.603895 -3.1336043 69.603895
 1.4240645 66.478666 0.01504242 69.638717 -3.1600514 69.638717
 1.4277813 66.518087 0.015033505 69.673395 -3.1553084 69.673395
 1.431498 66.57106 0.015021542 69.70793 -3.1368701 69.70793
 1.4352147 66.637492 0.015006567 69.742323 -3.1048308 69.742323
 1.4389315 66.677442 0.014997576 69.776572 -3.0991305 69.776572
 1.4426482 66.717318 0.014988612 69.81068 -3.0933618 69.81068
 1.446365 66.773499 0.014976001 69.844646 -3.0711472 69.844646
 1.4500817 66.820257 0.014965522 69.87847 -3.0582133 69.87847
 1.4537984 66.82828 0.014963725 69.912153 -3.0838725 69.912153
 1.4575152 66.803185 0.014969346 69.945694 -3.1425099 69.945694
 1.4612319 66.846194 0.014959715 69.979096 -3.1329016 69.979096
 1.4649487 66.900454 0.014947582 70.012356 -3.1119021 70.012356
 1.4686654 66.952227 0.014936023 70.045477 -3.0932495 70.045477
 1.4723822 67.023534 0.014920132 70.078457 -3.0549233 70.078457
 1.4760989 67.11514 0.014899768 70.111299 -2.9961583 70.111299
 1.4798156 67.188649 0.014883466 70.144 -2.955351 70.144
 1.4835324 67.199043 0.014881164 70.176563 -2.9775201 70.176563
 1.4872491 67.218307 0.014876899 70.208988 -2.9906801 70.208988
 1.4909659 67.256266 0.014868503 70.241274 -2.9850073 70.241274
 1.4946826 67.291201 0.014860784 70.273421 -2.9822201 70.273421
 1.4983993 67.338198 0.014850412 70.305431 -2.967233 70.305431
 1.5021161 67.380425 0.014841106 70.337304 -2.9568793 70.337304
 1.5058328 67.430489 0.014830087 70.369039 -2.9385505 70.369039
 1.5095496 67.511574 0.014812275 70.400637 -2.8890637 70.400637
 1.5132663 67.569532 0.01479957 70.432099 -2.8625674 70.432099
 1.516983 67.653936 0.014781106 70.463425 -2.8094888 70.463425
 1.5206998 67.701591 0.014770702 70.494614 -2.7930224 70.494614
 1.5244165 67.745623 0.014761101 70.525667 -2.7800442 70.525667
 1.5281333 67.820903 0.014744717 70.556586 -2.735683 70.556586
 1.53185 67.88873 0.014729985 70.587368 -2.698638 70.587368
 1.5355668 67.933449 0.014720289 70.618016 -2.6845675 70.618016
 1.5392835 68.010422 0.014703629 70.64853 -2.6381079 70.64853
 1.5430002 68.098961 0.014684512 70.678909 -2.5799478 70.678909
 1.546717 68.191073 0.014664676 70.709154 -2.5180806 70.709154
 1.5504337 68.258672 0.014650153 70.739265 -2.4805928 70.739265
 1.5541505 68.330788 0.014634692 70.769243 -2.4384549 70.769243
 1.5578672 68.357018 0.014629076 70.799087 -2.4420696 70.799087
 1.5615839 68.416387 0.014616381 70.828799 -2.4124118 70.828799
 1.5653007 68.494507 0.014599711 70.858378 -2.3638709 70.858378
 1.5690174 68.590515 0.014579275 70.887824 -2.2973092 70.887824
 1.5727342 68.685323 0.014559151 70.917139 -2.2318159 70.917139
 1.5764509 68.783707 0.014538327 70.946322 -2.1626153 70.946322
 1.5801676 68.858032 0.014522634 70.975373 -2.117341 70.975373
 1.5838844 68.939418 0.01450549 71.004293 -2.0648759 71.004293
 1.5876011 69.038099 0.014484756 71.033083 -1.994984 71.033083
 1.5913179 69.10172 0.01447142 71.061741 -1.9600211 71.061741
 1.5950346 69.125308 0.014466482 71.090269 -1.9649618 71.090269
 1.5987513 69.189382 0.014453085 71.118668 -1.9292857 71.118668
 1.6024681 69.262667 0.014437792 71.146936 -1.8842688 71.146936
 1.6061848 69.328705 0.01442404 71.175075 -1.8463701 71.175075
 1.6099016 69.420369 0.014404994 71.203085 -1.7827151 71.203085
 1.6136183 69.530014 0.014382278 71.230965 -1.7009512 71.230965
 1.6173351 69.622569 0.014363159 71.258717 -1.6361485 71.258717
 1.6210518 69.698112 0.014347591 71.286341 -1.5882284 71.286341
 1.6247685 69.815046 0.01432356 71.313836 -1.4987907 71.313836
 1.6284853 69.932381 0.014299527 71.341204 -1.4088234 71.341204
 1.632202 70.054504 0.0142746 71.368444 -1.3139398 71.368444
 1.6359188 70.148633 0.014255445 71.395557 -1.2469237 71.395557
 1.6396355 70.237928 0.014237322 71.422543 -1.1846151 71.422543
 1.6433522 70.348066 0.014215032 71.449402 -1.1013363 71.449402
 1.647069 70.531876 0.014177987 71.476135 -0.94425904 71.476135
 1.6507857 70.687754 0.014146722 71.502741 -0.81498683 71.502741
 1.6545025 70.823962 0.014119515 71.529222 -0.70525985 71.529222
 1.6582192 70.953102 0.014093816 71.555577 -0.60247469 71.555577
 1.661936 71.114103 0.014061908 71.581806 -0.46770376 71.581806
 1.6656527 71.277657 0.014029642 71.607911 -0.33025446 71.607911
 1.6693694 71.393321 0.014006913 71.633891 -0.24057009 71.633891
 1.6730862 71.503616 0.013985307 71.659746 -0.15612976 71.659746
 1.6768029 71.634763 0.013959703 71.685477 -0.050714043 71.685477
 1.6805197 71.790548 0.01392941 71.711084 0.079463498 71.711084
 1.6842364 71.933571 0.013901715 71.736568 0.19700329 71.736568
 1.6879532 72.035863 0.013881974 71.761928 0.27393565 71.761928
 1.6916699 72.122632 0.013865273 71.787164 0.33546793 71.787164
 1.6953866 72.184141 0.013853459 71.812278 0.37186217 71.812278
 1.6991034 72.254557 0.013839957 71.83727 0.41728761 71.83727
 1.7028201 72.35052 0.013821601 71.862139 0.48838113 71.862139
 1.7065368 72.44912 0.01380279 71.886886 0.56223392 71.886886
 1.7102536 72.528374 0.013787707 71.911511 0.61686291 71.911511
 1.7139703 72.611992 0.01377183 71.936015 0.67597735 71.936015
 1.7176871 72.704196 0.013754364 71.960397 0.74379872 71.960397
 1.7214038 72.747452 0.013746186 71.984658 0.7627934 71.984658
 1.7251206 72.792999 0.013737585 72.008799 0.78420016 72.008799
 1.7288373 72.88059 0.013721074 72.032819 0.84777039 72.032819
 1.732554 72.990499 0.013700413 72.05672 0.93377931 72.05672
 1.7362708 73.081131 0.013683423 72.0805 1.0006312 72.0805
 1.7399875 73.141739 0.013672084 72.10416 1.0375784 72.10416
 1.7437043 73.219533 0.013657558 72.127702 1.0918315 72.127702
 1.747421 73.286278 0.013645119 72.151124 1.1351539 72.151124
 1.7511378 73.356687 0.013632022 72.174427 1.1822597 72.174427
 1.7548545 73.449183 0.013614855 72.197612 1.2515711 72.197612
 1.7585712 73.568764 0.013592725 72.220679 1.3480852 72.220679
 1.762288 73.692342 0.013569931 72.243627 1.4487151 72.243627
 1.7660047 73.78216 0.013553412 72.266458 1.5157027 72.266458
 1.7697215 73.870547 0.013537195 73.104808 0.76573916 72.289171
 1.7734382 73.988726 0.013515573 73.154315 0.83441092 72.311767
 1.7771549 74.079351 0.013499038 73.20507 0.87428032 72.334246
 1.7808717 74.177462 0.013481184 73.257155 0.92030753 72.356609
 1.7845884 74.277486 0.01346303 73.310659 0.96682749 72.378855
 1.7883052 74.370013 0.01344628 73.365696 1.0043171 72.400984
 1.7920219 74.461886 0.013429689 73.422409 1.0394769 72.422998
 1.7957387 74.570635 0.013410104 73.480899 1.0897369 72.444897
 1.7994554 74.687485 0.013389124 73.541303 1.1461818 72.466679
 1.8031721 74.818235 0.013365726 73.603806 1.2144291 72.488347
 1.8068889 74.962377 0.013340025 73.668565 1.2938117 72.5099
 1.8106056 75.114461 0.013313016 73.735749 1.3787123 72.531339
 1.8143224 75.263135 0.013286717 73.805566 1.4575697 72.552663
 1.8180391 75.42395 0.013258388 73.878289 1.5456612 72.573873
 1.8217558 75.566978 0.013233293 73.954115 1.6128633 72.594969
 1.8254726 75.689044 0.013211952 74.033315 1.6557284 72.615951
 1.8291893 75.811684 0.013190579 74.116239 1.6954444 72.636821
 1.8329061 75.933271 0.013169458 74.203218 1.7300531 72.657577
 1.8366228 76.072055 0.013145432 74.294591 1.777464 72.678221
 1.8403395 76.240969 0.013116308 74.390779 1.8501906 72.698752
 1.8440563 76.443693 0.013081524 74.492355 1.9513371 72.719171
 1.847773 76.633507 0.013049122 74.599747 2.0337595 72.739478
 1.8514898 76.806857 0.013019671 74.71354 2.0933167 72.759673
 1.8552065 76.950691 0.012995335 74.834478 2.116213 72.779757
 1.8589232 77.097338 0.012970616 74.963325 2.1340134 72.799729
 1.86264 77.271164 0.012941438 75.100859 2.1703052 72.819591
 1.8663567 77.468074 0.012908544 75.248042 2.2200314 72.839342
 1.8700735 77.667989 0.012875317 75.406223 2.2617656 72.858982
 1.8737902 77.886706 0.012839162 75.576469 2.310237 72.878512
 1.8775069 78.09624 0.012804714 75.760229 2.3360103 72.897933
 1.8812237 78.302297 0.012771017 75.959343 2.3429543 72.917244
 1.8849404 78.510391 0.012737167 76.175837 2.3345546 72.936445
 1.8886572 78.750793 0.012698285 76.411811 2.3389828 72.955537
 1.8923739 78.983536 0.012660866 76.669908 2.3136278 72.974521
 1.8960907 79.222748 0.012622637 76.953792 2.2689555 72.993395
 1.8998074 79.479912 0.012581796 77.266772 2.21314 73.012162
 1.9035241 79.762327 0.012537247 77.613186 2.1491404 73.03082
 1.9072409 80.097031 0.012484857 77.998624 2.0984071 73.04937
 1.9109576 80.409838 0.012436289 78.429736 1.9801023 73.067813
 1.9146744 80.685974 0.012393728 78.913684 1.7722899 73.086148
 1.9183911 81.027555 0.012341481 79.459739 1.5678158 73.104376
 1.9221078 81.433924 0.012279895 80.080853 1.3530714 73.122498
 1.9258246 81.927882 0.012205857 80.790393 1.1374886 73.140512
 1.9295413 82.528366 0.012117046 81.605938 0.92242808 73.158421
 1.9332581 83.261121 0.012010408 83.002584 0.25853676 73.176223
 1.9369748 84.081963 0.011893157 84.1235 -0.041537653 73.19392
 1.9406916 85.142451 0.011745022 85.446561 -0.30410967 73.21151
 1.9444083 86.537328 0.011555707 87.036461 -0.49913282 73.228996
 1.948125 88.407616 0.011311243 89.017133 -0.60951783 73.246376
 1.9518418 91.138578 0.010972302 91.62189 -0.4833121 73.263652
 1.9555585 95.120906 0.010512936 95.336156 -0.21525053 73.280823
 1.9592753 100.81366 0.009919291 101.16252 -0.34886212 73.297889
 1.962992 109.77941 0.0091091764 111.06704 -1.2876288 73.314852
 1.9667088 123.77985 0.0080788591 128.26068 -4.4808247 73.331711
 1.9704255 145.21299 0.0068864361 157.54947 -12.33648 73.348466
 1.9741422 179.75069 0.0055632609 205.35939 -25.608698 73.365117
 1.977859 234.33787 0.0042673427 277.51917 -43.181298 73.381666
 1.9815757 311.4921 0.0032103543 376.98227 -65.490173 73.398112
 1.9852924 412.72205 0.0024229382 501.01039 -88.288344 73.414455
 1.9890092 533.71175 0.0018736706 637.99332 -104.28157 73.430695
 1.9927259 644.56295 0.0015514389 766.30331 -121.74036 73.446834
 1.9964427 714.77639 0.0013990389 857.32142 -142.54504 73.462871
 2.0001594 727.94796 0.0013737246 882.46276 -154.5148 73.478806
 2.0038762 678.71059 0.001473382 833.13032 -154.41973 73.49464
 2.0075929 584.43007 0.0017110687 726.78632 -142.35624 73.510372
 2.0113096 465.47083 0.0021483624 592.73098 -127.26016 73.526004
 2.0150264 356.07632 0.0028083867 458.29548 -102.21916 73.541535
 2.0187431 271.00635 0.0036899505 341.65537 -70.649019 73.556966
 2.0224599 207.32599 0.004823322 251.20652 -43.880534 73.572296
 2.0261766 162.97388 0.0061359525 188.71196 -25.738075 73.587527
 2.0298934 135.70013 0.0073691895 147.96309 -12.262952 73.602658
 2.0336101 118.66509 0.0084270781 123.36177 -4.6966762 73.61769
 2.0373268 107.8508 0.0092720683 109.17812 -1.3273159 73.632622
 2.0410436 101.45429 0.0098566552 101.12207 0.33222233 73.647455
 2.0447603 97.457591 0.010260873 96.309929 1.1476618 73.66219
 2.0484771 94.829295 0.010545265 93.212871 1.616424 73.676826
 2.0521938 93.180016 0.010731915 91.044701 2.1353148 73.691364
 2.0559105 92.126157 0.01085468 89.412593 2.713564 73.705804
 2.0596273 91.417814 0.010938787 88.130002 3.2878112 73.720147
 2.063344 90.967257 0.010992966 87.104437 3.8628202 73.734392
 2.0670608 90.662315 0.011029941 86.28516 4.3771556 73.748539
 2.0707775 90.468506 0.01105357 85.632887 4.8356186 73.76259
 2.0744942 90.346354 0.011068515 85.123319 5.2230356 73.776544
 2.078211 90.345876 0.011068574 84.739918 5.6059578 73.790401
 2.0819277 90.472987 0.011053023 84.46958 6.0034069 73.804162
 2.0856445 90.721647 0.011022728 84.302522 6.4191243 73.817827
 2.0893612 91.063833 0.010981308 84.233635 6.8301973 73.831396
 2.093078 91.523315 0.010926178 84.262909 7.2604069 73.844869
 2.0967947 92.113141 0.010856214 84.389682 7.7234596 73.858247
 2.1005114 92.963244 0.01075694 84.618429 8.3448151 73.871531
 2.1042282 94.088679 0.010628271 84.958467 9.1302125 73.884719
 2.1079449 95.421674 0.010479799 85.423472 9.9982017 73.897812
 2.1116617 97.051102 0.01030385 86.032457 11.018645 73.910812
 2.1153784 99.104612 0.010090348 86.818252 12.286359 73.923717
 2.1190951 101.57255 0.0098451793 87.846184 13.726369 73.936528
 2.1228119 104.63206 0.0095572999 89.234613 15.397449 73.949245
 2.1265286 108.65682 0.0092032877 91.231787 17.425035 73.961869
 2.1302454 113.86171 0.0087825839 94.352443 19.509264 73.9744
 2.1339621 121.141 0.0082548433 99.593115 21.547889 73.986838
 2.1376788 132.22208 0.0075630333 108.60144 23.620638 73.999183
 2.1413956 149.08789 0.0067074529 123.87183 25.216066 74.011435
 2.1451123 175.8627 0.0056862542 148.84228 27.020414 74.023595
 2.1488291 219.70806 0.0045514943 186.70558 33.002488 74.035664
 2.1525458 282.83394 0.0035356435 239.42301 43.410937 74.04764
 2.1562626 366.07991 0.0027316441 306.1814 59.898505 74.059525
 2.1599793 468.63057 0.002133877 381.55091 87.079666 74.071318
 2.163696 565.78687 0.00176745 454.74365 111.04322 74.083021
 2.1674128 632.03552 0.0015821896 510.70136 121.33416 74.094632
 2.1711295 650.96407 0.0015361831 532.85009 118.11398 74.106153
 2.1748463 616.42961 0.0016222452 513.86066 102.56894 74.117583
 2.178563 541.40633 0.0018470416 460.69968 80.706653 74.128923
 2.1822797 441.16261 0.0022667379 388.84925 52.313355 74.140174
 2.1859965 344.85249 0.0028997906 314.01846 30.834027 74.151334
 2.1897132 268.44458 0.0037251637 247.25886 21.185721 74.162405
 2.19343 210.67774 0.004746586 194.2629 16.414842 74.173387
 2.1971467 170.2717 0.0058729665 156.5054 13.766303 74.184279
 2.2008634 145.70123 0.0068633601 131.95551 13.74572 74.195083
 2.2045802 131.51705 0.0076035769 117.34189 14.175161 74.205799
 2.2082969 123.83386 0.008075336 109.48965 14.344203 74.216426
 2.2120137 120.85719 0.0082742284 105.91655 14.940638 74.226964
 2.2157304 121.47033 0.0082324627 104.99973 16.470606 74.237415
 2.2194472 124.84526 0.0080099158 106.08967 18.755589 74.247779
 2.2231639 130.99505 0.0076338765 109.39321 21.601835 74.258054
 2.2268806 141.41683 0.0070712939 116.0347 25.382131 74.268243
 2.2305974 157.38286 0.0063539319 128.30964 29.073225 74.278345
 2.2343141 180.96997 0.0055257788 149.21968 31.750289 74.288359
 2.2380309 219.35864 0.0045587446 185.84059 33.518045 74.298288
 2.2417476 278.19789 0.0035945636 242.92875 35.269138 74.30813
 2.2454644 362.28548 0.0027602541 324.89521 37.390274 74.317886
 2.2491811 480.43523 0.002081446 432.49426 47.940976 74.327556
 2.2528978 626.72514 0.0015955958 559.02956 67.695578 74.33714
 2.2566146 773.58081 0.0012926898 689.25492 84.325886 74.346639
 2.2603313 890.73332 0.0011226705 800.20161 90.531707 74.356053
 2.264048 950.19509 0.0010524155 861.05667 89.138421 74.365382
 2.2677648 930.66536 0.0010745001 852.90704 77.758324 74.374626
 2.2714815 836.68469 0.0011951934 778.63272 58.051976 74.383785
 2.2751983 694.25802 0.0014403867 661.27039 32.987623 74.39286
 2.278915 549.39209 0.0018201937 529.64645 19.745637 74.401852
 2.2826318 421.42033 0.0023729278 405.83598 15.584347 74.410759
 2.2863485 316.87564 0.0031558122 302.87625 13.999386 74.419583
 2.2900652 241.27078 0.0041447208 226.08964 15.181134 74.428323
 2.293782 191.54848 0.0052206104 173.37116 18.177322 74.43698
 2.2974987 158.45767 0.0063108338 139.77997 18.677693 74.445554
 2.3012155 136.41397 0.0073306275 119.64994 16.76403 74.454046
 2.3049322 122.84011 0.0081406636 107.89626 14.943848 74.462455
 2.3086489 113.70752 0.0087944929 100.90638 12.80114 74.470781
 2.3123657 107.37151 0.0093134573 96.518201 10.853313 74.479026
 2.3160824 103.12413 0.0096970517 93.537898 9.5862293 74.487188
 2.3197992 100.03014 0.0099969873 91.319432 8.7107045 74.495269
 2.3235159 97.692909 0.010236157 89.566861 8.1260483 74.503269
 2.3272327 96.015747 0.010414958 88.13345 7.8822966 74.511187
 2.3309494 94.676058 0.010562332 86.937064 7.7389941 74.519024
 2.3346661 93.60997 0.010682623 85.925078 7.684892 74.526781
 2.3383829 92.790723 0.010776939 85.063236 7.7274871 74.534457
 2.3420996 92.097847 0.010858017 84.32776 7.7700873 74.542053
 2.3458164 91.544439 0.010923656 83.696283 7.8481557 74.549568
 2.3495331 91.105441 0.010976293 83.152926 7.9525146 74.557004
 2.3532499 90.741557 0.011020309 82.685635 8.0559221 74.56436
 2.3569666 90.44779 0.011056102 82.284363 8.1634267 74.571637
 2.3606833 90.235761 0.011082081 81.940042 8.2957194 74.578834
 2.3644001 90.085492 0.011100567 81.646101 8.4393918 74.585952
 2.3681168 90.000074 0.011111102 81.397918 8.6021561 74.592991
 2.3718335 89.953473 0.011116858 81.190487 8.7629868 74.599952
 2.3755503 89.95754 0.011116356 81.020288 8.9372515 74.606835
 2.379267 90.023794 0.011108174 80.884891 9.1389023 74.613639
 2.3829838 90.181605 0.011088736 80.782505 9.3990998 74.620365
 2.3867005 90.406359 0.011061169 80.711254 9.6951057 74.627014
 2.3904173 90.668508 0.011029188 80.670279 9.998229 74.633585
 2.394134 90.93042 0.01099742 80.659713 10.270707 74.640078
 2.3978507 91.256058 0.010958177 80.679374 10.576684 74.646495
 2.4015675 91.679888 0.010907518 80.72981 10.950079 74.652834
 2.4052842 92.166667 0.01084991 80.812418 11.354249 74.659097
 2.409001 92.723595 0.010784742 80.929415 11.79418 74.665284
 2.4127177 93.332222 0.010714413 80.644185 12.688037 74.671394
 2.4164345 94.00249 0.010638016 80.850408 13.152082 74.677428
 2.4201512 94.746579 0.010554471 81.100615 13.645965 74.683386
 2.4238679 95.522636 0.010468723 81.399879 14.122758 74.689269
 2.4275847 96.27386 0.010387036 81.754631 14.519228 74.695076
 2.4313014 96.974803 0.010311957 82.17349 14.801313 74.700808
 2.4350182 97.703288 0.01023507 82.668131 15.035157 74.706465
 2.4387349 98.447406 0.010157708 83.250746 15.196659 74.712048
 2.4424516 99.234647 0.010077126 83.938154 15.296493 74.717555
 2.4461684 100.13571 0.0099864477 84.754335 15.381371 74.722989
 2.4498851 101.184 0.0098829859 85.729451 15.454545 74.728348
 2.4536019 102.48923 0.0097571223 86.907766 15.581469 74.733633
 2.4573186 104.37844 0.0095805227 88.365586 16.012853 74.738844
 2.4610353 106.97668 0.0093478317 90.255374 16.721305 74.743982
 2.4647521 110.73801 0.0090303227 92.861916 17.876098 74.749047
 2.4684688 116.72291 0.0085672985 96.756416 19.966492 74.754038
 2.4721856 125.8612 0.0079452606 103.05845 22.802745 74.758957
 2.4759023 139.77665 0.0071542709 113.68681 26.089838 74.763803
 2.4796191 162.76449 0.0061438462 131.51766 31.246835 74.768576
 2.4833358 197.85505 0.0050542052 160.39988 37.455164 74.773277
 2.4870525 249.30184 0.0040112018 204.84881 44.453037 74.777906
 2.4907693 326.73885 0.0030605482 267.71766 59.021194 74.782463
 2.494486 428.07187 0.0023360563 349.10599 78.965881 74.786948
 2.4982028 544.67588 0.0018359542 444.344 100.33188 74.791362
 2.5019195 667.63466 0.0014978252 542.05044 125.58423 74.795705
 2.5056362 768.59629 0.0013010731 624.68721 143.90908 74.799976
 2.509353 820.06852 0.0012194103 670.64388 149.42465 74.804177
 2.5130697 806.41781 0.001240052 665.04423 141.37358 74.808307
 2.5167865 735.06093 0.0013604314 610.08715 124.97379 74.812366
 2.5205032 628.08535 0.0015921403 522.99631 105.08903 74.816356
 2.5242199 503.21098 0.001987238 424.49963 78.711347 74.820275
 2.5279367 386.24233 0.0025890482 331.31337 54.92896 74.824124
 2.5316534 293.36823 0.0034086854 253.20004 40.168187 74.827904
 2.5353702 224.21975 0.0044599105 193.90287 30.316876 74.831614
 2.5390869 175.44191 0.0056998922 152.92712 22.514792 74.835255
 2.5428037 143.03351 0.0069913685 126.41896 16.614554 74.838827
 2.5465204 122.94652 0.0081336177 110.18887 12.757654 74.84233
 2.5502371 110.1198 0.0090810189 100.58084 9.5389589 74.845765
 2.5539539 101.88249 0.0098152293 94.843247 7.0392423 74.849131
 2.5576706 96.820811 0.010328358 91.218516 5.6022949 74.852429
 2.5613874 93.40554 0.010706003 88.745016 4.6605243 74.855659
 2.5651041 91.088666 0.010978314 86.921799 4.1668673 74.858821
 2.5688208 89.532672 0.011169107 85.483124 4.0495481 74.861915
 2.5725376 88.365712 0.011316607 84.302824 4.0628889 74.864942
 2.5762543 87.443225 0.011435992 83.313585 4.1296393 74.867901
 2.5799711 86.716838 0.011531786 82.473456 4.243382 74.870794
 2.5836878 86.111145 0.011612899 81.751681 4.3594645 74.87362
 2.5874046 85.61555 0.011680121 81.127122 4.4884279 74.876379
 2.5911213 85.222839 0.011733944 80.58444 4.6383992 74.879072
 2.594838 84.85055 0.011785427 80.109193 4.7413573 74.881698
 2.5985548 84.49496 0.011835025 79.690649 4.8043104 74.884258
 2.6022715 84.209251 0.01187518 79.320539 4.8887129 74.886753
 2.6059883 83.960266 0.011910396 78.992032 4.9682341 74.889181
 2.609705 83.773087 0.011937008 78.698708 5.0743784 74.891545
 2.6134217 83.560997 0.011967306 78.435797 5.1251998 74.893843
 2.6171385 83.348185 0.011997862 78.19966 5.148525 74.896076
 2.6208552 83.154167 0.012025856 77.986562 5.1676048 74.898244
 2.624572 83.000315 0.012048147 77.79355 5.2067657 74.900347
 2.6282887 82.882197 0.012065317 77.618287 5.2639099 74.902386
 2.6320054 82.744873 0.012085341 77.458831 5.2860422 74.904361
 2.6357222 82.614057 0.012104478 77.313142 5.3009144 74.906271
 2.6394389 82.478381 0.012124389 77.179702 5.2986784 74.908118
 2.6431557 82.381083 0.012138709 77.057334 5.3237491 74.909901
 2.6468724 82.296817 0.012151138 76.944768 5.3520487 74.91162
 2.6505892 82.247533 0.012158419 76.840943 5.4065906 74.913276
 2.6543059 82.193527 0.012166408 76.745011 5.4485161 74.914869
 2.6580226 82.138392 0.012174575 76.656283 5.4821093 74.916399
 2.6617394 82.083832 0.012182667 76.57395 5.5098821 74.917866
 2.6654561 82.00234 0.012194774 76.497416 5.5049238 74.919271
 2.6691729 81.864723 0.012215274 76.426216 5.4385069 74.920613
 2.6728896 81.690219 0.012241368 76.359835 5.3303834 74.921893
 2.6766063 81.52317 0.012266451 76.297816 5.2253543 74.923111
 2.6803231 81.38063 0.012287936 76.239794 5.1408366 74.924267
 2.6840398 81.246773 0.012308181 76.58864 4.6581327 74.925362
 2.6877566 81.159988 0.012321342 76.549057 4.6109318 74.926395
 2.6914733 81.056157 0.012337126 76.513028 4.5431299 74.927367
 2.69519 80.958656 0.012351984 76.480375 4.478281 74.928278
 2.6989068 80.840675 0.01237001 76.450892 4.3897837 74.929128
 2.7026235 80.755191 0.012383105 76.424381 4.3308098 74.929918
 2.7063403 80.697093 0.01239202 76.400699 4.2963933 74.930647
 2.710057 80.651853 0.012398971 76.379768 4.2720849 74.931316
 2.7137738 80.614237 0.012404757 76.361421 4.252816 74.931924
 2.7174905 80.569977 0.012411571 76.345567 4.22441 74.932473
 2.7212072 80.528392 0.012417981 76.332152 4.1962394 74.932962
 2.724924 80.472491 0.012426607 76.32111 4.1513814 74.933391
 2.7286407 80.413722 0.012435689 76.312365 4.1013563 74.933761
 2.7323575 80.338933 0.012447265 76.305884 4.0330498 74.934072
 2.7360742 80.275897 0.012457039 76.301687 3.9742098 74.934324
 2.739791 80.211395 0.012467057 76.299718 3.9116774 74.934518
 2.7435077 80.162951 0.012474591 76.299978 3.8629732 74.934652
 2.7472244 80.109032 0.012482987 76.302504 3.8065277 74.934728
 2.7509412 80.077726 0.012487867 76.307328 3.770398 74.934746
 2.7546579 80.057426 0.012491034 76.314465 3.7429617 74.934706
 2.7583746 80.043905 0.012493144 76.32397 3.7199349 74.934608
 2.7620914 80.037577 0.012494131 76.335961 3.7016159 74.934452
 2.7658081 80.011063 0.012498272 75.766605 4.2444577 74.934239
 2.7695249 79.989357 0.012501663 75.800356 4.1890009 74.933969
 2.7732416 79.94696 0.012508293 75.836179 4.1107814 74.933641
 2.7769584 79.905436 0.012514793 75.874266 4.0311705 74.933257
 2.7806751 79.896197 0.01251624 75.914786 3.9814106 74.932815
 2.7843918 79.917048 0.012512975 75.957959 3.9590891 74.932318
 2.7881086 79.955297 0.012506989 76.004084 3.9512133 74.931763
 2.7918253 79.999644 0.012500056 76.053392 3.9462522 74.931153
 2.7955421 80.051491 0.01249196 76.106178 3.9453127 74.930486
 2.7992588 80.122027 0.012480962 76.162811 3.9592164 74.929764
 2.8029756 80.169472 0.012473576 76.223709 3.9457627 74.928986
 2.8066923 80.201243 0.012468635 76.28925 3.9119926 74.928152
 2.810409 80.208295 0.012467538 76.359919 3.8483763 74.927264
 2.8141258 80.252686 0.012460642 76.436369 3.8163165 74.92632
 2.8178425 80.310359 0.012451694 76.519167 3.7911912 74.925321
 2.8215593 80.391563 0.012439116 76.609005 3.7825586 74.924267
 2.825276 80.489212 0.012424025 76.706746 3.7824665 74.923159
 2.8289927 80.649503 0.012399332 76.813432 3.8360712 74.921996
 2.8327095 80.837639 0.012370475 76.930029 3.9076094 74.920779
 2.8364262 81.058866 0.012336713 77.057787 4.0010784 74.919508
 2.840143 81.269259 0.012304776 77.198378 4.0708808 74.918184
 2.8438597 81.471825 0.012274182 77.353415 4.1184092 74.916805
 2.8475765 81.640147 0.012248876 77.524829 4.1153174 74.915373
 2.8512932 81.811188 0.012223267 77.715063 4.0961243 74.913888
 2.8550099 82.017626 0.012192501 77.927228 4.0903984 74.912349
 2.8587267 82.276131 0.012154193 78.16436 4.111771 74.910758
 2.8624434 82.546832 0.012114335 78.430447 4.1163848 74.909114
 2.8661601 82.836349 0.012071995 78.730859 4.1054904 74.907417
 2.8698769 83.214541 0.01201713 79.071364 4.1431769 74.905667
 2.8735936 83.677968 0.011950577 79.458947 4.2190216 74.903866
 2.8773104 84.260058 0.011868019 79.902699 4.3573589 74.902012
 2.8810271 84.943207 0.011772572 80.414976 4.5282304 74.900106
 2.8847439 85.703697 0.011668108 81.009126 4.6945712 74.898149
 2.8884606 86.566963 0.011551751 81.704044 4.8629191 74.89614
 2.8921773 87.633191 0.011411201 82.528555 5.1046363 74.894079
 2.8958941 88.957664 0.011241302 83.525602 5.4320623 74.891968
 2.8996108 90.653618 0.011030999 84.769306 5.884312 74.889805
 2.9033276 92.925708 0.010761285 86.40265 6.5230579 74.887591
 2.9070443 95.920761 0.010425272 88.721511 7.1992498 74.885327
 2.9107611 100.03024 0.0099969769 92.252802 7.7774383 74.883012
 2.9144778 106.20333 0.009415901 97.928629 8.2746971 74.880647
 2.9181945 115.28556 0.0086741134 107.29686 7.9887004 74.878232
 2.9219113 128.98871 0.0077526164 122.51798 6.4707359 74.875766
 2.925628 151.28051 0.0066102369 146.0841 5.196408 74.873251
 2.9293447 184.70275 0.0054141044 180.36032 4.3424367 74.870686
 2.9330615 232.28792 0.0043050022 226.80608 5.4818353 74.868072
 2.9367782 298.15243 0.0033539892 284.02468 14.127743 74.865408
 2.940495 373.646 0.00267633 347.53529 26.110704 74.862695
 2.9442117 445.08403 0.0022467668 408.82819 36.255835 74.859934
 2.9479285 497.79656 0.0020088528 455.39655 42.400006 74.857123
 2.9516452 515.31123 0.0019405748 474.4404 40.870833 74.854264
 2.9553619 492.85277 0.0020290035 459.50631 33.346463 74.851356
 2.9590787 435.08653 0.0022983934 415.23368 19.852846 74.8484
 2.9627954 362.72538 0.0027569066 354.98709 7.7382922 74.845395
 2.9665122 292.70141 0.003416451 291.19787 1.5035396 74.842343
 2.9702289 230.74009 0.0043338806 232.91181 -2.171721 74.839243
 2.9739457 182.32706 0.0054846495 185.2185 -2.8914426 74.836096
 2.9776624 148.38453 0.0067392469 149.46643 -1.0818936 74.8329
 2.9813791 125.40515 0.0079741539 124.67223 0.73292503 74.829658
 2.9850959 109.97708 0.0090928034 108.6855 1.2915811 74.826369
 2.9888126 100.02746 0.0099972549 98.758323 1.2691353 74.823032
 2.9925294 93.785545 0.010662624 92.7109 1.0746452 74.819649
 2.9962461 89.590889 0.011161849 88.983312 0.60757738 74.816219
 2.9999628 86.708298 0.011532922 86.561063 0.1472351 74.812743
 3.0036796 84.726161 0.01180273 84.856351 -0.13018987 74.80922
 3.0073963 83.226026 0.012015472 83.568146 -0.34212041 74.805651
 3.0111131 82.074598 0.012184038 82.543413 -0.4688157 74.802036
 3.0148298 81.190852 0.012316659 81.696205 -0.50535294 74.798376
 3.0185465 80.491796 0.012423626 80.981108 -0.48931179 74.79467
 3.0222633 79.929034 0.012511098 80.370416 -0.44138179 74.790918
 3.02598 79.443433 0.012587573 79.844527 -0.40109338 74.787121
 3.0296968 78.999326 0.012658336 79.387411 -0.38808516 74.783279
 3.0334135 78.647191 0.012715012 78.987629 -0.34043792 74.779392
 3.0371303 78.352104 0.012762899 78.636684 -0.28457944 74.77546
 3.040847 78.088285 0.012806018 78.326429 -0.23814439 74.771484
 3.0445637 77.821932 0.012849848 78.05068 -0.22874772 74.767463
 3.0482805 77.560242 0.012893204 77.804639 -0.24439693 74.763398
 3.0519972 77.315186 0.01293407 77.584355 -0.26916986 74.759288
 3.055714 77.113475 0.012967902 77.386001 -0.27252622 74.755135
 3.0594307 76.945946 0.012996136 77.206732 -0.26078619 74.750938
 3.0631474 76.770078 0.013025908 77.044366 -0.27428786 74.746697
 3.0668642 76.581251 0.013058027 76.896653 -0.31540265 74.742412
 3.0705809 76.406998 0.013087806 76.761778 -0.35477999 74.738085
 3.0742977 76.25902 0.013113203 76.638302 -0.37928176 74.733714
 3.0780144 76.122912 0.013136649 76.525043 -0.40213085 74.7293
 3.0817311 75.989871 0.013159649 76.420719 -0.43084818 74.724843
 3.0854479 75.860174 0.013182148 76.32438 -0.46420598 74.720344
 3.0891646 75.738444 0.013203334 76.235285 -0.49684078 74.715802
 3.0928814 75.622589 0.013223562 76.152639 -0.53004961 74.711217
 3.0965981 75.485624 0.013247556 76.075761 -0.5901373 74.70659
 3.1003149 75.384974 0.013265243 76.004109 -0.61913485 74.701922
 3.1040316 75.306206 0.013279118 75.937248 -0.63104252 74.697211
 3.1077483 75.221977 0.013293987 75.874653 -0.65267553 74.692459
 3.1114651 75.132599 0.013309802 75.815937 -0.68333844 74.687665
 3.1151818 75.053001 0.013323918 75.7608 -0.7077983 74.68283
 3.1188986 74.987902 0.013335484 75.708908 -0.72100541 74.677953
 3.1226153 74.947708 0.013342636 75.65996 -0.71225192 74.673035
 3.126332 74.912827 0.013348849 75.613716 -0.70088919 74.668077
 3.1300488 74.903231 0.013350559 75.569993 -0.66676123 74.663077
 3.1337655 74.874596 0.013355665 75.528541 -0.65394506 74.658037
 3.1374823 74.847506 0.013360499 75.489182 -0.64167529 74.652957
 3.141199 74.808797 0.013367412 75.451774 -0.64297655 74.647836
 3.1449158 74.774386 0.013373563 75.416162 -0.64177573 74.642675
 3.1486325 74.708733 0.013385316 75.382195 -0.67346227 74.637474
 3.1523492 74.632055 0.013399068 75.349753 -0.71769797 74.632233
 3.156066 74.531258 0.013417189 75.318751 -0.78749347 74.626952
 3.1597827 74.428457 0.013435721 75.289058 -0.86060182 74.621632
 3.1634995 74.310186 0.013457105 75.260583 -0.95039716 74.616272
 3.1672162 74.209524 0.013475359 75.233252 -1.023728 74.610873
 3.1709329 74.114568 0.013492624 75.45885 -1.3442823 74.605436
 3.1746497 74.015793 0.01351063 75.440189 -1.4243966 74.599959
 3.1783664 73.902664 0.013531312 75.422708 -1.5200441 74.594443
 3.1820832 73.832799 0.013544116 75.406383 -1.5735842 74.588889
 3.1857999 73.791036 0.013551782 75.391152 -1.6001155 74.583296
 3.1895166 73.73203 0.013562627 75.376977 -1.6449465 74.577665
 3.1932334 73.651591 0.013577439 75.363838 -1.7122473 74.571996
 3.1969501 73.601896 0.013586607 75.351713 -1.7498176 74.566289
 3.2006669 73.607333 0.013585603 75.340568 -1.7332355 74.560544
 3.2043836 73.627797 0.013581827 75.330388 -1.7025902 74.554761
 3.2081004 73.623749 0.013582574 75.321177 -1.6974282 74.548941
 3.2118171 73.591832 0.013588464 75.312912 -1.7210795 74.543084
 3.2155338 73.573186 0.013591908 75.305587 -1.7324007 74.537189
 3.2192506 73.556193 0.013595048 75.29921 -1.7430166 74.531257
 3.2229673 73.562917 0.013593806 74.900306 -1.3373886 74.525288
 3.2266841 73.579295 0.01359078 74.906377 -1.327082 74.519282
 3.2304008 73.637856 0.013579972 74.913 -1.2751442 74.51324
 3.2341175 73.714498 0.013565852 74.920224 -1.2057265 74.507161
 3.2378343 73.841278 0.013542561 74.928085 -1.0868071 74.501046
 3.241551 74.017115 0.013510389 74.936625 -0.91951021 74.494894
 3.2452678 74.227743 0.013472052 74.9459 -0.71815752 74.488707
 3.2489845 74.459483 0.013430123 74.955971 -0.49648776 74.482483
 3.2527012 74.722249 0.013382895 74.966885 -0.24463574 74.476224
 3.256418 74.975133 0.013337756 74.978708 -0.0035742941 74.46993
 3.2601347 75.206355 0.013296749 74.991526 0.21482928 74.463599
 3.2638515 75.332708 0.013274447 75.005406 0.32730173 74.457234
 3.2675682 75.384183 0.013265382 75.020429 0.36375473 74.450833
 3.271285 75.328056 0.013275266 75.036693 0.29136382 74.444398
 3.2750017 75.156685 0.013305536 75.054317 0.10236823 74.437927
 3.2787184 74.885539 0.013353713 75.073394 -0.187855 74.431422
 3.2824352 74.567594 0.013410651 75.094048 -0.52645381 74.424882
 3.2861519 74.261058 0.013466008 75.116444 -0.85538631 74.418308
 3.2898687 73.970378 0.013518925 75.140723 -1.1703454 74.4117
 3.2935854 73.72802 0.013563364 75.167044 -1.4390246 74.405057
 3.2973022 73.527311 0.013600389 75.195606 -1.6682954 74.398381
 3.3010189 73.352618 0.013632779 75.226656 -1.8740385 74.39167
 3.3047356 73.21685 0.013658058 75.260394 -2.0435438 74.384926
 3.3084524 73.118645 0.013676402 75.297084 -2.1784393 74.378148
 3.3121691 73.066783 0.01368611 75.337073 -2.2702908 74.371337
 3.3158858 73.033056 0.01369243 75.380688 -2.3476321 74.364493
 3.3196026 73.009282 0.013696888 75.428286 -2.4190032 74.357616
 3.3233193 72.978968 0.013702578 75.480313 -2.5013445 74.350705
 3.3270361 72.958168 0.013706485 75.537351 -2.5791828 74.343762
 3.3307528 72.997528 0.013699094 75.599886 -2.6023581 74.336786
 3.3344696 73.056404 0.013688054 75.668567 -2.6121625 74.329778
 3.3381863 73.141149 0.013672194 75.744232 -2.6030835 74.322737
 3.341903 73.235827 0.013654519 75.827745 -2.5919178 74.315664
 3.3456198 73.366982 0.01363011 75.920051 -2.5530691 74.308558
 3.3493365 73.510053 0.013603582 76.022332 -2.5122785 74.301421
 3.3530533 73.730492 0.01356291 76.136191 -2.4056997 74.294252
 3.35677 73.957593 0.013521262 76.263058 -2.3054645 74.287051
 3.3604868 74.223646 0.013472796 76.40484 -2.1811948 74.279819
 3.3642035 74.498657 0.013423061 76.564027 -2.0653694 74.272555
 3.3679202 74.83638 0.013362485 76.7434 -1.9070197 74.26526
 3.371637 75.228592 0.013292818 76.946084 -1.7174924 74.257934
 3.3753537 75.614126 0.013225042 77.176062 -1.5619362 74.250577
 3.3790705 75.982201 0.013160977 77.438958 -1.4567569 74.243189
 3.3827872 76.396446 0.013089614 77.740258 -1.3438113 74.235771
 3.3865039 76.803418 0.013020254 78.087478 -1.28406 74.228322
 3.3902207 77.183647 0.012956112 78.490843 -1.3071956 74.220842
 3.3939374 77.534063 0.012897557 78.963567 -1.4295045 74.213332
 3.3976542 77.913391 0.012834764 79.523223 -1.6098314 74.205792
 3.4013709 78.376017 0.012759005 80.197947 -1.8219296 74.198222
 3.4050877 79.04656 0.012650772 81.040702 -1.9941425 74.190622
 3.4088044 79.977198 0.012503564 82.141564 -2.1643655 74.182992
 3.4125211 81.303335 0.012299619 83.672588 -2.3692535 74.175333
 3.4162379 83.374278 0.011994107 85.95737 -2.583092 74.167645
 3.4199546 86.554838 0.011553369 89.560424 -3.0055864 74.159927
 3.4236713 91.46815 0.010932767 95.330824 -3.8626745 74.152179
 3.4273881 99.664769 0.010033636 104.45664 -4.7918693 74.144403
 3.4311048 112.7923 0.0088658536 118.47553 -5.6832308 74.136598
 3.4348216 133.07055 0.0075148107 138.69609 -5.6255363 74.128764
 3.4385383 164.75655 0.0060695614 165.87577 -1.1192169 74.120901
 3.4422551 208.27024 0.0048014541 199.64061 8.6296269 74.11301
 3.4459718 260.06281 0.0038452249 237.74167 22.321138 74.105091
 3.4496885 314.32102 0.0031814607 275.6374 38.683629 74.097143
 3.4534053 358.28437 0.002791079 306.64163 51.642746 74.089167
 3.457122 378.76893 0.0026401321 322.58446 56.184469 74.081164
 3.4608388 370.07956 0.0027021217 318.42629 51.653269 74.073132
 3.4645555 336.57715 0.002971087 295.80785 40.769298 74.065073
 3.4682723 289.54571 0.0034536862 261.17325 28.372455 74.056986
 3.471989 238.57242 0.0041915993 222.48052 16.091903 74.048872
 3.4757057 192.13935 0.0052045559 185.69063 6.4487256 74.04073
 3.4794225 155.4896 0.0064312981 154.30732 1.1822878 74.032562
 3.4831392 128.77877 0.0077652552 129.91677 -1.1380044 74.024366
 3.486856 109.8526 0.0091031072 112.31497 -2.4623679 74.016143
 3.4905727 96.965017 0.010312998 100.38544 -3.4204236 74.007894
 3.4942894 88.898237 0.011248817 92.711129 -3.812892 73.999618
 3.4980062 83.649974 0.011954576 87.931156 -4.2811823 73.991315
 3.5017229 80.166105 0.0124741 84.925442 -4.7593372 73.982986
 3.5054397 77.969411 0.012825543 82.972385 -5.0029734 73.974631
 3.5091564 76.486961 0.013074124 81.630455 -5.1434939 73.96625
 3.5128731 75.434878 0.013256467 80.638011 -5.2031334 73.957843
 3.5165899 74.693919 0.013387971 80.131386 -5.437467 73.94941
 3.5203066 74.131119 0.013489612 79.502296 -5.3711775 73.940951
 3.5240234 73.680939 0.013572031 78.977827 -5.2968883 73.932467
 3.5277401 73.27272 0.013647644 78.532522 -5.2598016 73.923957
 3.5314569 72.896818 0.01371802 78.15086 -5.2540428 73.915422
 3.5351736 72.563459 0.013781041 77.822084 -5.2586252 73.906862
 3.5388903 72.317668 0.01382788 77.536982 -5.2193147 73.898277
 3.5426071 72.107501 0.013868183 77.288376 -5.1808748 73.889666
 3.5463238 71.942284 0.013900031 77.070841 -5.1285578 73.881031
 3.5500406 71.79083 0.013929356 76.880245 -5.0894152 73.872372
 3.5537573 71.665209 0.013953772 76.712403 -5.0471935 73.863688
 3.557474 71.59257 0.01396793 76.564329 -4.9717594 73.854979
 3.5611908 71.548019 0.013976627 76.433728 -4.8857082 73.846246
 3.5649075 71.5019 0.013985642 76.31842 -4.8165202 73.837489
 3.5686243 71.456701 0.013994489 76.216549 -4.7598487 73.828708
 3.572341 71.453735 0.01399507 76.126695 -4.6729596 73.819903
 3.5760577 71.469208 0.01399204 76.047826 -4.5786185 73.811074
 3.5797745 71.455007 0.013994821 75.978706 -4.5236994 73.802221
 3.5834912 71.410955 0.014003454 75.918494 -4.5075392 73.793345
 3.587208 71.383835 0.014008774 75.866566 -4.4827316 73.784446
 3.5909247 71.388852 0.014007789 75.822314 -4.4334613 73.775523
 3.5946415 71.405444 0.014004534 75.785178 -4.3797337 73.766577
 3.5983582 71.428731 0.013999969 75.819027 -4.3902956 73.757609
 3.6020749 71.488538 0.013988256 75.796539 -4.3080011 73.748617
 3.6057917 71.584345 0.013969535 75.780277 -4.1959318 73.739602
 3.6095084 71.724459 0.013942245 75.77008 -4.0456204 73.730565
 3.6132252 71.891243 0.0139099 75.765906 -3.874663 73.721505
 3.6169419 72.055865 0.013878121 75.76773 -3.7118651 73.712423
 3.6206586 72.198901 0.013850626 75.775513 -3.5766122 73.703319
 3.6243754 72.331001 0.013825331 75.789342 -3.4583408 73.694193
 3.6280921 72.427462 0.013806918 75.973107 -3.5456447 73.685044
 3.6318089 72.492869 0.01379446 76.00372 -3.5108514 73.675874
 3.6355256 72.503115 0.013792511 76.04119 -3.5380747 73.666681
 3.6392423 72.505864 0.013791988 76.085948 -3.5800832 73.657467
 3.6429591 72.511233 0.013790967 76.138493 -3.6272601 73.648232
 3.6466758 72.527641 0.013787847 76.199289 -3.6716475 73.638975
 3.6503926 72.547541 0.013784065 76.268993 -3.7214516 73.629697
 3.6541093 72.560257 0.013781649 76.348579 -3.7883216 73.620398
 3.6578261 72.576775 0.013778513 76.438852 -3.8620774 73.611078
 3.6615428 72.59285 0.013775461 76.654177 -4.0613274 73.601736
 3.6652595 72.621307 0.013770063 76.772193 -4.1508855 73.592374
 3.6689763 72.652384 0.013764173 76.960017 -4.3076323 73.582992
 3.672693 72.682248 0.013758518 77.111024 -4.4287756 73.573588
 3.6764098 72.740779 0.013747447 77.280976 -4.5401974 73.564165
 3.6801265 72.850703 0.013726704 77.472959 -4.6222559 73.55472
 3.6838432 73.00371 0.013697934 77.690029 -4.6863184 73.545256
 3.68756 73.16113 0.01366846 77.936073 -4.7749427 73.535772
 3.6912767 73.353065 0.013632695 78.272029 -4.9189634 73.526268
 3.6949935 73.574832 0.013591604 78.594295 -5.0194636 73.516743
 3.6987102 73.874265 0.013536514 78.964983 -5.0907183 73.5072
 3.7024269 74.281298 0.013462339 79.395273 -5.1139742 73.497636
 3.7061437 74.788373 0.013371062 79.903569 -5.1151961 73.488053
 3.7098604 75.423302 0.013258502 80.51834 -5.095038 73.478451
 3.7135772 76.302068 0.013105805 81.290435 -4.9883667 73.468829
 3.7172939 77.486046 0.012905549 82.314546 -4.8284998 73.459188
 3.7210107 79.101949 0.012641914 83.767315 -4.6653655 73.449529
 3.7247274 81.497876 0.012270258 85.929672 -4.4317956 73.43985
 3.7284441 84.793371 0.011793375 89.237743 -4.4443723 73.430153
 3.7321609 89.313583 0.011196505 94.326785 -5.0132015 73.420437
 3.7358776 95.721141 0.010447013 101.92155 -6.200413 73.410702
 3.7395944 104.10781 0.0096054272 112.69717 -8.5893626 73.400949
 3.7433111 114.41639 0.0087400064 127.08348 -12.667087 73.391178
 3.7470278 126.99738 0.0078741785 144.96774 -17.970361 73.381388
 3.7507446 140.534 0.0071157159 165.00516 -24.471165 73.37158
 3.7544613 153.20182 0.0065273377 185.58489 -32.383074 73.361755
 3.7581781 163.79651 0.0061051362 203.11209 -39.315579 73.351911
 3.7618948 170.34674 0.0058703796 213.53595 -43.189211 73.34205
 3.7656116 171.49807 0.0058309693 214.05032 -42.552243 73.332171
 3.7693283 167.16338 0.0059821716 205.02756 -37.864184 73.322275
 3.773045 158.79714 0.0062973427 189.96891 -31.171766 73.312361
 3.7767618 148.72935 0.0067236223 173.55288 -24.82352 73.30243
 3.7804785 138.86777 0.0072010948 159.72005 -20.852279 73.292482
 3.7841953 131.7802 0.0075883936 151.67376 -19.893564 73.282517
 3.787912 129.76049 0.0077065059 151.76559 -22.005097 73.272535
 3.7916288 134.7882 0.0074190469 161.41556 -26.627355 73.262536
 3.7953455 148.38301 0.0067393162 181.15583 -32.772824 73.25252
 3.7990622 170.72155 0.0058574914 210.41777 -39.696224 73.242488
 3.802779 201.3832 0.0049656575 246.61167 -45.228471 73.232439
 3.8064957 235.86032 0.0042397976 285.41944 -49.559128 73.222374
 3.8102124 265.25522 0.0037699541 320.22779 -54.972576 73.212293
 3.8139292 281.74724 0.0035492805 342.59407 -60.846829 73.202195
 3.8176459 281.03985 0.0035582143 345.6162 -64.576355 73.192082
 3.8213627 263.43501 0.0037960027 328.01215 -64.57714 73.181952
 3.8250794 233.83199 0.0042765748 294.97798 -61.145989 73.171807
 3.8287962 199.28386 0.0050179677 254.99367 -55.709801 73.161646
 3.8325129 167.60347 0.0059664634 214.86956 -47.266084 73.151469
 3.8362296 141.65051 0.0070596288 179.17681 -37.526304 73.141277
 3.8399464 121.35402 0.0082403535 150.2702 -28.916187 73.13107
 3.8436631 106.5448 0.0093857232 128.56247 -22.017675 73.120847
 3.8473799 96.786756 0.010331992 113.33792 -16.551163 73.110609
 3.8510966 90.318103 0.011071978 103.34107 -13.022969 73.100356
 3.8548134 86.025714 0.011624431 97.016086 -10.990372 73.090088
 3.8585301 83.424199 0.01198693 93.128725 -9.7045253 73.079805
 3.8622468 81.810186 0.012223417 90.782073 -8.9718871 73.069508
 3.8659636 80.834063 0.012371022 89.377223 -8.5431598 73.059196
 3.8696803 80.341616 0.012446849 88.556242 -8.2146259 73.048869
 3.8733971 80.200478 0.012468754 88.137648 -7.9371701 73.038529
 3.8771138 80.388021 0.012439664 88.044435 -7.6564138 73.028173
 3.8808305 80.912366 0.01235905 88.258771 -7.3464052 73.017804
 3.8845473 81.854657 0.012216776 88.827018 -6.9723601 73.007421
 3.888264 83.254761 0.012011325 89.876101 -6.6213399 72.997023
 3.8919808 85.317479 0.011720928 91.65625 -6.3387701 72.986612
 3.8956975 88.541875 0.011294091 94.569696 -6.027821 72.976187
 3.8994142 93.286189 0.0107197 99.233582 -5.9473931 72.965748
 3.903131 100.09758 0.009990251 106.54308 -6.4454973 72.955296
 3.9068477 110.30333 0.0090659097 117.48124 -7.1779102 72.944831
 3.9105645 124.57935 0.0080270126 132.98092 -8.4015728 72.934352
 3.9142812 143.33471 0.0069766771 153.6708 -10.336089 72.923859
 3.917998 167.86775 0.0059570703 179.4772 -11.60945 72.913354
 3.9217147 196.02638 0.0051013542 209.12588 -13.099497 72.902836
 3.9254314 224.14964 0.0044613053 240.11614 -15.966493 72.892305
 3.9291482 249.2674 0.004011756 268.42144 -19.154036 72.881761
 3.9328649 266.90213 0.0037466917 289.33409 -22.431958 72.871204
 3.9365817 274.6476 0.0036410294 299.92554 -25.27794 72.860635
 3.9402984 273.53133 0.0036558883 301.03522 -27.503885 72.850053
 3.9440151 268.11927 0.0037296834 296.695 -28.575724 72.839459
 3.9477319 263.94261 0.0037887025 291.46583 -27.523223 72.828853
 3.9514486 264.685 0.0037780759 288.27183 -23.586832 72.818234
 3.9551654 271.15404 0.0036879406 288.23907 -17.085025 72.807604
 3.9588821 280.92507 0.0035596681 290.90757 -9.9824961 72.796961
 3.9625989 289.23654 0.0034573778 293.98621 -4.7496678 72.786307
 3.9663156 290.95171 0.0034369965 293.99373 -3.0420199 72.77564
 3.9700323 283.48498 0.0035275238 288.29296 -4.8079828 72.764963
 3.9737491 267.16177 0.0037430505 276.2398 -9.0780287 72.754273
 3.9774658 245.53544 0.0040727319 259.23406 -13.698628 72.743572
 3.9811826 223.9761 0.0044647621 239.74091 -15.764814 72.73286
 3.9848993 205.2136 0.0048729713 220.32706 -15.11346 72.722137
 3.988616 190.28289 0.0052553333 203.12174 -12.838852 72.711402
 3.9923328 178.95484 0.005588002 188.97082 -10.015978 72.700656
 3.9960495 169.26517 0.0059078899 177.02511 -7.7599357 72.6899
 3.9997663 158.77529 0.0062982091 165.71086 -6.9355685 72.679132
 4.003483 146.46449 0.0068275934 153.79622 -7.3317301 72.668354
 4.0071997 132.76726 0.0075319772 141.21032 -8.4430608 72.657565
 4.0109165 118.58602 0.0084326975 128.77529 -10.18927 72.646766
 4.0146332 106.15988 0.0094197543 117.36513 -11.205252 72.635956
 4.01835 96.223882 0.01039243 107.52666 -11.302782 72.625136
 4.0220667 88.487928 0.011300977 99.609023 -11.121095 72.614305
 4.0257834 82.880442 0.012065573 93.580499 -10.700057 72.603465
 4.0295002 79.126185 0.012638041 89.049184 -9.9229988 72.592614
 4.0332169 76.620369 0.01305136 85.833333 -9.2129644 72.581753
 4.0369337 74.923912 0.013346874 83.588768 -8.6648561 72.570883
 4.0406504 73.8566 0.013539751 82.008642 -8.152042 72.560003
 4.0443672 73.138685 0.013672655 80.8654 -7.7267158 72.549113
 4.0480839 72.642896 0.013765971 80.004611 -7.3617149 72.538213
 4.0518006 72.296661 0.013831897 79.320665 -7.0240034 72.527304
 4.0555174 72.048943 0.013879454 78.754749 -6.705806 72.516386
 4.0592341 71.82902 0.01392195 78.272628 -6.443608 72.505459
 4.0629509 71.629692 0.013960691 77.853677 -6.2239848 72.494522
 4.0666676 71.460813 0.013993684 77.354507 -5.8936937 72.483576
 4.0703844 71.339747 0.014017431 77.029551 -5.6898038 72.472621
 4.0741011 71.257512 0.014033608 76.739558 -5.4820455 72.461658
 4.0778178 71.184962 0.014047911 76.479105 -5.2941432 72.450685
 4.0815346 71.132197 0.014058331 76.244172 -5.1119751 72.439704
 4.0852513 71.074354 0.014069773 76.031489 -4.9571357 72.428714
 4.0889681 71.009033 0.014082715 75.838397 -4.8293635 72.417716
 4.0926848 70.95109 0.014094216 75.662374 -4.7112837 72.406709
 4.0964015 70.920214 0.014100352 75.501483 -4.5812691 72.395694
 4.1001183 70.874435 0.01410946 75.354174 -4.4797383 72.384671
 4.103835 70.843712 0.014115579 75.218935 -4.3752235 72.37364
 4.1075518 70.807465 0.014122805 75.094502 -4.2870372 72.362601
 4.1112685 70.782669 0.014127752 74.979856 -4.1971869 72.351553
 4.1149852 70.761668 0.014131945 74.874133 -4.1124648 72.340498
 4.118702 70.742353 0.014135804 74.776471 -4.0341181 72.329435
 4.1224187 70.745425 0.01413519 74.424872 -3.6794475 72.318365
 4.1261355 70.764201 0.014131439 74.347646 -3.5834448 72.307287
 4.1298522 70.787112 0.014126865 74.276487 -3.4893749 72.296201
 4.1335689 70.821587 0.014119989 74.210937 -3.3893499 72.285108
 4.1372857 70.871841 0.014109976 74.150629 -3.2787874 72.274008
 4.1410024 70.926275 0.014099147 74.095261 -3.1689865 72.262901
 4.1447192 70.978167 0.014088839 74.044516 -3.0663488 72.251786
 4.1484359 71.064682 0.014071688 73.998145 -2.9334634 72.240665
 4.1521527 71.176201 0.01404964 73.955983 -2.7797825 72.229537
 4.1558694 71.307978 0.014023676 73.917839 -2.6098603 72.218401
 4.1595861 71.458071 0.01399422 73.883565 -2.425494 72.207259
 4.1633029 71.620122 0.013962556 73.853064 -2.2329417 72.196111
 4.1670196 71.794904 0.013928565 73.826291 -2.0313871 72.184956
 4.1707364 71.9608 0.013896455 73.803157 -1.8423565 72.173794
 4.1744531 72.12399 0.013865012 73.992172 -1.8681815 72.162626
 4.1781698 72.315417 0.01382831 73.980355 -1.6649382 72.151452
 4.1818866 72.509801 0.013791239 73.97234 -1.4625389 72.140271
 4.1856033 72.672648 0.013760335 73.968179 -1.2955311 72.129085
 4.1893201 72.788816 0.013738374 73.967978 -1.1791622 72.117892
 4.1930368 72.878774 0.013721416 73.971932 -1.0931581 72.106694
 4.1967536 72.941065 0.013709698 73.980149 -1.039083 72.095489
 4.2004703 72.976105 0.013703116 74.204982 -1.228877 72.084279
 4.204187 73.009727 0.013696805 74.339997 -1.3302698 72.073064
 4.2079038 73.037837 0.013691534 74.37019 -1.3323528 72.061842
 4.2116205 73.081052 0.013683437 74.406052 -1.325 72.050616
 4.2153373 73.147064 0.013671089 74.448026 -1.300962 72.039383
 4.219054 73.253993 0.013651133 74.496752 -1.2427596 72.028146
 4.2227707 73.350309 0.013633208 74.664988 -1.3146788 72.016903
 4.2264875 73.456014 0.013613589 74.731459 -1.2754449 72.005656
 4.2302042 73.548411 0.013596487 74.806866 -1.258455 71.994403
 4.233921 73.630185 0.013581386 74.892202 -1.2620162 71.983145
 4.2376377 73.712084 0.013566297 74.988509 -1.2764242 71.971882
 4.2413545 73.786379 0.013552637 75.09712 -1.3107406 71.960615
 4.2450712 73.862958 0.013538586 75.061624 -1.1986656 71.949343
 4.2487879 73.932587 0.013525835 75.203965 -1.2713787 71.938066
 4.2525047 73.997012 0.013514059 75.364249 -1.3672374 71.926785
 4.2562214 74.081095 0.01349872 75.545387 -1.4642918 71.915499
 4.2599382 74.195081 0.013477982 75.75079 -1.5557091 71.904209
 4.2636549 74.354696 0.01344905 75.984201 -1.6295053 71.892915
 4.2673716 74.538816 0.013415829 76.250487 -1.7116708 71.881616
 4.2710884 74.756866 0.013376698 76.556582 -1.7997159 71.870314
 4.2748051 75.027578 0.013328432 76.909722 -1.8821444 71.859007
 4.2785219 75.337191 0.013273657 77.211162 -1.8739708 71.847697
 4.2822386 75.722102 0.013206184 77.696543 -1.9744415 71.836382
 4.2859553 76.231667 0.013117908 78.277625 -2.045958 71.825064
 4.2896721 76.909859 0.013002234 78.937654 -2.0277949 71.813742
 4.2933888 77.886088 0.012839263 80.266377 -2.3802888 71.802417
 4.2971056 79.236903 0.012620382 81.514013 -2.2771106 71.791088
 4.3008223 81.106829 0.012329418 83.29542 -2.1885905 71.779756
 4.304539 83.920954 0.011915975 85.890148 -1.969194 71.76842
 4.3082558 88.100009 0.011350737 89.963648 -1.8636389 71.757081
 4.3119725 94.16718 0.010619411 96.146254 -1.9790736 71.745739
 4.3156893 103.31165 0.0096794502 105.39014 -2.0784913 71.734394
 4.319406 116.67554 0.0085707764 118.48616 -1.810615 71.723046
 4.3231228 134.79708 0.0074185584 136.09619 -1.2991087 71.711694
 4.3268395 158.49045 0.0063095285 158.11817 0.37227464 71.70034
 4.3305562 186.55967 0.0053602153 183.54025 3.0194227 71.688984
 4.334273 214.81082 0.0046552591 210.11771 4.6931076 71.677624
 4.3379897 238.61925 0.0041907767 234.00924 4.6100094 71.666262
 4.3417065 253.69758 0.003941701 250.2643 3.4332762 71.654898
 4.3454232 255.82183 0.0039089705 254.398 1.4238312 71.643531
 4.3491399 244.64795 0.0040875061 244.87282 -0.22486768 71.632161
 4.3528567 222.96632 0.0044849822 224.86841 -1.9020896 71.62079
 4.3565734 196.65022 0.0050851711 199.43866 -2.7884375 71.609416
 4.3602902 170.07266 0.0058798399 173.1207 -3.0480463 71.59804
 4.3640069 145.3185 0.0068814362 149.11069 -3.792187 71.586662
 4.3677237 125.19537 0.0079875158 129.07417 -3.878802 71.575282
 4.3714404 110.25315 0.0090700356 113.55654 -3.3033854 71.5639
 4.3751571 99.221909 0.010078419 102.35933 -3.1374223 71.552516
 4.3788739 91.443914 0.010935665 94.692334 -3.2484201 71.541131
 4.3825906 86.402288 0.011573768 89.655909 -3.2536215 71.529744
 4.3863074 83.062576 0.012039116 86.444509 -3.3819332 71.518355
 4.3900241 80.845088 0.012369335 84.41821 -3.5731227 71.506965
 4.3937408 79.449196 0.01258666 83.110544 -3.661348 71.495574
 4.3974576 78.520795 0.01273548 82.24307 -3.7222752 71.484181
 4.4011743 77.859261 0.012843687 81.653332 -3.7940719 71.472787
 4.4048911 77.435438 0.012913984 81.245335 -3.8098975 71.461392
 4.4086078 77.156197 0.012960722 80.968096 -3.8118993 71.449995
 4.4123246 76.982361 0.012989989 80.794267 -3.8119057 71.438598
 4.4160413 76.885078 0.013006425 80.708576 -3.8234973 71.4272
 4.419758 76.861565 0.013010404 80.699809 -3.8382448 71.4158
 4.4234748 76.899554 0.013003977 80.762181 -3.8626273 71.4044
 4.4271915 76.975967 0.012991068 80.893205 -3.917238 71.393
 4.4309083 77.128265 0.012965415 81.091263 -3.9629974 71.381598
 4.434625 77.3498 0.012928282 81.356483 -4.006683 71.370196
 4.4383417 77.631699 0.012881336 81.691344 -4.0596458 71.358794
 4.4420585 77.986298 0.012822765 82.10103 -4.114732 71.347391
 4.4457752 78.418859 0.012752035 82.696489 -4.2776303 71.335988
 4.449492 78.932119 0.012669114 83.275793 -4.3436739 71.324584
 4.4532087 79.581144 0.012565791 83.954412 -4.3732682 71.313181
 4.4569254 80.386345 0.012439924 84.746136 -4.3597907 71.301777
 4.4606422 81.385841 0.012287149 85.668068 -4.2822261 71.290373
 4.4643589 82.640689 0.012100577 86.74432 -4.1036313 71.27897
 4.4680757 84.206296 0.011875597 88.012869 -3.8065722 71.267566
 4.4717924 86.192782 0.0116019 89.523766 -3.3309843 71.256162
 4.4755091 88.840726 0.011256099 91.363982 -2.5232559 71.244759
 4.4792259 92.350286 0.010828337 93.6882 -1.3379137 71.233356
 4.4829426 97.002841 0.010308976 96.765824 0.23701716 71.221954
 4.4866594 103.31849 0.0096788093 101.0372 2.2812976 71.210552
 4.4903761 111.91284 0.0089355252 107.20848 4.7043608 71.19915
 4.4940929 123.39111 0.0081043114 116.39947 6.9916439 71.18775
 4.4978096 139.45822 0.0071706065 129.98705 9.471167 71.176349
 4.5015263 161.45829 0.0061935499 149.61571 11.842583 71.16495
 4.5052431 190.43443 0.0052511512 176.98677 13.447661 71.153552
 4.5089598 228.66117 0.004373283 213.31148 15.349686 71.142154
 4.5126766 276.57329 0.0036156781 258.66274 17.910551 71.130757
 4.5163933 331.01312 0.0030210283 311.67965 19.333468 71.119362
 4.5201101 388.79051 0.0025720793 368.88684 19.903668 71.107967
 4.5238268 445.70704 0.0022436262 424.17846 21.528577 71.096574
 4.5275435 493.36418 0.0020269003 469.85278 23.511395 71.085182
 4.5312603 527.52669 0.0018956387 499.15697 28.369723 71.073791
 4.534977 548.41044 0.0018234518 510.92555 37.48489 71.062402
 4.5386938 557.30497 0.0017943497 510.25549 47.049484 71.051014
 4.5424105 556.49373 0.0017969654 503.39691 53.096826 71.039628
 4.5461272 548.08327 0.0018245403 494.35602 53.727253 71.028243
 4.549844 533.81812 0.0018732972 483.54889 50.269221 71.016861
 4.5535607 513.31801 0.0019481101 469.2904 44.027613 71.005479
 4.5572775 486.18396 0.0020568346 450.39867 35.785294 70.9941
 4.5609942 454.57758 0.0021998445 426.52463 28.052946 70.982723
 4.564711 420.74936 0.0023767119 398.10869 22.640669 70.971347
 4.5684277 384.234 0.0026025807 366.28195 17.952049 70.959974
 4.5721444 347.15751 0.0028805368 332.68946 14.468054 70.948602
 4.5758612 310.76973 0.0032178166 299.53331 11.23643 70.937233
 4.5795779 275.08785 0.0036352024 268.8974 6.1904481 70.925866
 4.5832947 243.57247 0.0041055543 242.63017 0.94230221 70.914502
 4.5870114 218.62355 0.0045740726 222.57205 -3.9484959 70.903139
 4.5907281 201.51189 0.0049624864 210.44248 -8.9305933 70.89178
 4.5944449 194.78801 0.0051337861 208.01245 -13.224438 70.880422
 4.5981616 201.10523 0.004972521 217.18879 -16.083557 70.869067
 4.6018784 225.18456 0.0044408019 239.18459 -14.000031 70.857715
 4.6055951 268.98106 0.0037177339 274.10961 -5.1285525 70.846366
 4.6093118 332.46993 0.0030077908 320.48947 11.980465 70.835019
 4.6130286 414.19016 0.00241435 374.44802 39.74214 70.823676
 4.6167453 497.12998 0.0020115463 428.86542 68.264566 70.812335
 4.6204621 561.39675 0.0017812714 473.69274 87.704009 70.800997
 4.6241788 591.18258 0.0016915248 496.88668 94.295895 70.789662
 4.6278955 578.05353 0.0017299436 490.43473 87.618797 70.77833
 4.6316123 527.83789 0.0018945211 455.99362 71.844276 70.767002
 4.635329 451.12348 0.002216688 402.91993 48.203558 70.755677
 4.6390458 368.17673 0.0027160869 342.49136 25.685372 70.744355
 4.6427625 294.45337 0.0033961235 283.67091 10.782456 70.733036
 4.6464793 232.50626 0.0043009595 231.94907 0.55718486 70.721721
 4.650196 184.23451 0.0054278647 189.84497 -5.610458 70.710409
 4.6539127 149.36521 0.0066949995 157.85053 -8.4853182 70.699101
 4.6576295 125.45715 0.0079708493 134.80956 -9.352416 70.687796
 4.6613462 109.28623 0.0091502834 118.94804 -9.6618074 70.676496
 4.665063 98.589127 0.010143106 108.41052 -9.8213919 70.665198
 4.6687797 91.837433 0.010888806 101.21653 -9.3790943 70.653905
 4.6724964 87.42866 0.011437897 96.473243 -9.0445827 70.642616
 4.6762132 84.493162 0.011835277 93.239947 -8.7467856 70.63133
 4.6799299 82.593933 0.012107427 90.783515 -8.1895814 70.620049
 4.6836467 81.307617 0.012298971 88.871606 -7.5639892 70.608772
 4.6873634 80.434153 0.01243253 87.327481 -6.8933275 70.597498
 4.6910802 79.872007 0.012520031 86.054195 -6.1821884 70.586229
 4.6947969 79.491778 0.012579917 84.986683 -5.4949054 70.574965
 4.6985136 79.255038 0.012617494 84.140863 -4.8858248 70.563704
 4.7022304 79.149513 0.012634316 83.388735 -4.239222 70.552448
 4.7059471 79.130834 0.012637299 82.764458 -3.6336245 70.541197
 4.7096639 79.182666 0.012629027 82.254552 -3.0718866 70.529949
 4.7133806 79.295237 0.012611098 81.851482 -2.5562445 70.518707
 4.7170973 79.467845 0.012583706 81.553944 -2.0860994 70.507469
 4.7208141 79.666367 0.012552349 81.36246 -1.6960935 70.496236
 4.7245308 79.874517 0.012519638 81.287157 -1.41264 70.485007
 4.7282476 80.096799 0.012484893 81.353094 -1.2562943 70.473784
 4.7319643 80.405451 0.012436968 81.610207 -1.2047555 70.462565
 4.7356811 80.856501 0.012367589 82.145024 -1.288523 70.451351
 4.7393978 81.584119 0.012257287 83.106788 -1.5226689 70.440142
 4.7431145 82.714261 0.012089814 84.746697 -2.0324361 70.428938
 4.7468313 84.520691 0.011831422 87.401253 -2.8805618 70.41774
 4.750548 87.539594 0.011423402 91.498596 -3.9590015 70.406546
 4.7542647 92.341009 0.010829425 97.523416 -5.1824074 70.395358
 4.7579815 99.673991 0.010032708 105.90472 -6.2307261 70.384175
 4.7616982 110.76123 0.0090284303 116.78669 -6.0254674 70.372997
 4.765415 125.22252 0.0079857841 129.94444 -4.7219246 70.361825
 4.7691317 141.89884 0.0070472737 144.59075 -2.6919021 70.350658
 4.7728485 159.17958 0.006282213 159.12992 0.049656521 70.339497
 4.7765652 172.81227 0.0057866263 171.19952 1.6127411 70.328341
 4.7802819 179.34873 0.0055757293 177.94011 1.408621 70.317191
 4.7839987 177.267 0.005641208 177.18852 0.078474451 70.306047
 4.7877154 167.59031 0.0059669322 169.25879 -1.668481 70.294908
 4.7914322 153.12921 0.0065304329 156.40856 -3.2793542 70.283775
 4.7951489 136.37899 0.0073325076 141.45026 -5.0712668 70.272648
 4.7988656 120.6717 0.0082869472 126.69589 -6.0241901 70.261527
 4.8025824 107.74161 0.0092814654 113.56165 -5.8200464 70.250412
 4.8062991 97.428276 0.010263961 102.76575 -5.3374711 70.239303
 4.8100159 89.66303 0.011152869 94.497083 -4.8340535 70.2282
 4.8137326 84.224932 0.011872969 88.48709 -4.2621578 70.217104
 4.8174494 80.550865 0.012414516 84.314169 -3.7633036 70.206013
 4.8211661 78.056714 0.012811198 81.519682 -3.4629681 70.194929
 4.8248828 76.442457 0.013081736 79.743972 -3.3015151 70.183851
 4.8285996 75.385455 0.013265158 78.49104 -3.1055848 70.172779
 4.8323163 74.656624 0.013394659 77.617165 -2.9605416 70.161714
 4.8360331 74.148867 0.013486383 76.979454 -2.8305871 70.150656
 4.8397498 73.810041 0.013548292 76.487787 -2.6777467 70.139604
 4.8434665 73.597417 0.013587433 76.093928 -2.496511 70.128558
 4.8471833 73.448702 0.013614944 75.770857 -2.3221545 70.117519
 4.8509 73.326942 0.013637552 75.501684 -2.1747412 70.106487
 4.8546168 73.230855 0.013655446 75.2759 -2.0450444 70.095462
 4.8583335 73.17509 0.013665853 75.086752 -1.9116629 70.084443
 4.8620503 73.13649 0.013673065 74.723746 -1.5872564 70.073432
 4.865767 73.104889 0.013678976 74.49066 -1.3857711 70.062427
 4.8694837 73.088938 0.013681961 74.393572 -1.3046332 70.051429
 4.8732005 73.094953 0.013680835 74.319661 -1.2247079 70.040438
 4.8769172 73.122114 0.013675753 74.26739 -1.1452764 70.029455
 4.880634 73.150291 0.013670486 74.235649 -1.0853576 70.018478
 4.8843507 73.202075 0.013660815 74.114447 -0.91237255 70.007509
 4.8880674 73.237867 0.013654139 74.125328 -0.88746142 69.996547
 4.8917842 73.267522 0.013648612 74.156298 -0.88877539 69.985592
 4.8955009 73.30083 0.01364241 74.208099 -0.90726986 69.974644
 4.8992177 73.35775 0.013631825 74.282 -0.92424982 69.963704
 4.9029344 73.423686 0.013619583 74.379634 -0.95594795 69.952772
 4.9066512 73.496808 0.013606033 74.502974 -1.0061661 69.941847
 4.9103679 73.556384 0.013595013 74.65479 -1.0984066 69.930929
 4.9140846 73.622482 0.013582807 74.839146 -1.2166641 69.920019
 4.9178014 73.716512 0.013565482 75.060137 -1.3436254 69.909117
 4.9215181 73.851107 0.013540758 75.32373 -1.4726225 69.898223
 4.9252349 74.020477 0.013509775 75.638165 -1.6176879 69.887336
 4.9289516 74.208506 0.013475544 76.015111 -1.8066045 69.876457
 4.9326683 74.466921 0.013428781 76.471374 -2.004453 69.865586
 4.9363851 74.763105 0.013375581 77.03517 -2.2720656 69.854722
 4.9401018 75.143272 0.013307911 77.757604 -2.614332 69.843867
 4.9438186 75.689916 0.0132118 78.720384 -3.0304685 69.83302
 4.9475353 76.463328 0.013078165 80.059871 -3.5965433 69.822181
 4.951252 77.563983 0.012892582 81.994967 -4.4309846 69.81135
 4.9549688 79.221502 0.012622836 84.644226 -5.4227245 69.800527
 4.9586855 81.686335 0.01224195 88.819631 -7.1332961 69.789712
 4.9624023 85.291789 0.011724458 94.374909 -9.0831202 69.778906
 4.966119 90.840324 0.011008327 102.61275 -11.772424 69.768108
 4.9698357 98.768379 0.010124698 113.38423 -14.615856 69.757318
 4.9735525 109.39894 0.0091408563 126.6601 -17.261163 69.746537
 4.9772692 123.15171 0.008120066 141.97701 -18.825306 69.735764
 4.980986 138.28961 0.0072312012 158.22162 -19.932011 69.725
 4.9847027 152.46957 0.0065586856 173.55763 -21.088052 69.714244
 4.9884195 163.73988 0.0061072477 185.62463 -21.884747 69.703497
 4.9921362 170.21327 0.0058749825 192.20602 -21.992749 69.692758
 4.9958529 171.82103 0.0058200094 193.06065 -21.239621 69.682028
 4.9995697 170.24328 0.0058739469 190.19016 -19.946883 69.671307
 5.0032864 168.55641 0.0059327321 186.51605 -17.959643 69.660595
 5.0070032 168.86146 0.0059220146 184.36322 -15.501766 69.649891
 5.0107199 171.94591 0.0058157825 184.80826 -12.86235 69.639197
 5.0144367 177.0257 0.0056488973 187.55735 -10.531647 69.628511
 5.0181534 182.13637 0.0054903915 191.0447 -8.9083319 69.617835
 5.0218701 185.58323 0.005388418 192.97286 -7.389634 69.607167
 5.0255869 186.11604 0.0053729919 191.59798 -5.4819402 69.596508
 5.0293036 183.42633 0.0054517802 186.87334 -3.4470101 69.585859
 5.0330204 177.95641 0.0056193536 180.30381 -2.3474006 69.575219
 5.0367371 170.79453 0.0058549884 173.3572 -2.5626672 69.564588
 5.0404538 162.77474 0.0061434592 166.65556 -3.8808168 69.553966
 5.0441706 153.87899 0.0064986131 159.85493 -5.9759444 69.543353
 5.0478873 144.03682 0.0069426693 152.03421 -7.9973891 69.53275
 5.0516041 133.44443 0.0074937559 142.67719 -9.2327541 69.522156
 5.0553208 122.29099 0.0081772176 132.15348 -9.8624934 69.511572
 5.0590375 111.36091 0.0089798114 121.41295 -10.052035 69.500997
 5.0627543 101.70416 0.0098324392 111.36225 -9.6580841 69.490432
 5.066471 93.75559 0.010666031 102.55974 -8.8041454 69.479876
 5.0701878 87.497704 0.011428871 95.286692 -7.788988 69.46933
 5.0739045 82.850891 0.012069876 89.570484 -6.7195933 69.458794
 5.0776212 79.58813 0.012564688 85.267778 -5.6796482 69.448267
 5.081338 77.304118 0.012935921 82.154394 -4.850276 69.43775
 5.0850547 75.73777 0.013203452 79.979834 -4.2420638 69.427243
 5.0887715 74.759384 0.013376247 78.4745 -3.715116 69.416745
 5.0924882 74.148384 0.013486471 77.435395 -3.2870109 69.406258
 5.096205 73.737503 0.01356162 76.714235 -2.9767316 69.39578
 5.0999217 73.50191 0.013605089 76.207152 -2.705242 69.385313
 5.1036384 73.375041 0.013628613 75.849319 -2.4742783 69.374855
 5.1073552 73.32073 0.013638708 75.605134 -2.2844047 69.364408
 5.1110719 73.314969 0.013639779 75.45809 -2.1431209 69.35397
 5.1147887 73.376244 0.013628389 75.400725 -2.0244818 69.343543
 5.1185054 73.491241 0.013607064 75.437982 -1.9467409 69.333126
 5.1222221 73.675415 0.013573049 75.48542 -1.8100049 69.322719
 5.1259389 73.938278 0.013524794 75.791789 -1.853511 69.312322
 5.1296556 74.325679 0.0134543 76.392852 -2.0671734 69.301936
 5.1333724 74.893303 0.013352329 77.258926 -2.3656226 69.29156
 5.1370891 75.81266 0.013190409 78.654184 -2.8415234 69.281194
 5.1408058 77.254219 0.012944277 80.826837 -3.5726183 69.270839
 5.1445226 79.513631 0.01257646 84.091603 -4.5779718 69.260494
 5.1482393 83.176404 0.01202264 88.803254 -5.6268496 69.25016
 5.1519561 88.791542 0.011262334 95.265064 -6.4735217 69.239836
 5.1556728 96.978427 0.010311572 103.58452 -6.6060906 69.229523
 5.1593896 108.52906 0.0092141222 113.60749 -5.0784309 69.219221
 5.1631063 122.40445 0.0081696377 124.78302 -2.378571 69.208929
 5.166823 136.62057 0.0073195417 135.97249 0.64808139 69.198648
 5.1705398 148.94017 0.0067141056 145.4708 3.4693693 69.188377
 5.1742565 156.00904 0.0064098848 151.13918 4.8698596 69.178118
 5.1779733 156.14652 0.0064042414 151.25987 4.886652 69.167869
 5.18169 149.24729 0.006700289 145.84502 3.4022775 69.157631
 5.1854068 137.89581 0.0072518521 136.44463 1.4511788 69.147404
 5.1891235 124.99179 0.0080005253 125.16326 -0.17146921 69.137188
 5.1928402 112.09496 0.0089210076 113.80966 -1.7147011 69.126983
 5.196557 101.03448 0.0098976107 103.51918 -2.4846962 69.116789
 5.2002737 92.361483 0.010827024 94.904867 -2.5433837 69.106607
 5.2039905 85.806821 0.011654085 88.16913 -2.362309 69.096435
 5.2077072 81.071925 0.012334726 83.169439 -2.0975145 69.086274
 5.2114239 77.81898 0.012850336 79.62422 -1.8052405 69.076125
 5.2151407 75.693204 0.013211226 77.204803 -1.5115984 69.065986
 5.2188574 74.249944 0.013468024 75.569928 -1.3199843 69.055859
 5.2225742 73.26975 0.013648197 74.4559 -1.1861504 69.045744
 5.2262909 72.606791 0.013772816 73.676291 -1.0695002 69.035639
 5.2300077 72.150436 0.01385993 73.106667 -0.95623087 69.025546
 5.2337244 71.819946 0.013923709 72.666806 -0.84685985 69.015464
 5.2374411 71.595866 0.013967287 72.312107 -0.71624132 69.005394
 5.2411579 71.413078 0.014003037 72.017093 -0.60401511 68.995335
 5.2448746 71.257975 0.014033517 71.765586 -0.50761096 68.985288
 5.2485913 71.134758 0.014057825 71.54777 -0.41301211 68.975253
 5.2523081 71.039482 0.014076679 71.357291 -0.31780874 68.965228
 5.2560248 70.966527 0.01409115 71.189688 -0.22316056 68.955216
 5.2597416 70.918322 0.014100728 71.040979 -0.12265692 68.945215
 5.2634583 70.859362 0.014112461 70.90836 -0.04899819 68.935226
 5.2671751 70.8075 0.014122798 70.789703 0.017796933 68.925249
 5.2708918 70.762375 0.014131804 70.683017 0.07935827 68.915283
 5.2746085 70.73111 0.014138051 70.586673 0.14443617 68.905329
 5.2783253 70.697695 0.014144733 70.499412 0.19828364 68.895387
 5.282042 70.652552 0.01415377 70.420263 0.23228933 68.885457
 5.2857588 70.608228 0.014162655 70.348173 0.26005473 68.875539
 5.2894755 70.579681 0.014168384 70.282393 0.29728859 68.865633
 5.2931922 70.587306 0.014166853 70.222337 0.36496876 68.855738
 5.296909 70.597287 0.01416485 70.167431 0.4298563 68.845856
 5.3006257 70.584829 0.01416735 70.117172 0.46765636 68.835986
 5.3043425 70.551636 0.014174016 70.071176 0.48046023 68.826127
 5.3080592 70.534889 0.014177381 70.029172 0.50571685 68.816281
 5.311776 70.524028 0.014179565 70.049643 0.4743849 68.806447
 5.3154927 70.517693 0.014180838 70.015873 0.50181926 68.796626
 5.3192094 70.503405 0.014183712 69.985383 0.51802225 68.786816
 5.3229262 70.489891 0.014186431 69.958008 0.53188322 68.777019
 5.3266429 70.490524 0.014186304 69.933594 0.55693052 68.767234
 5.3303597 70.489609 0.014186488 69.912048 0.57756058 68.757461
 5.3340764 70.504534 0.014183485 69.893356 0.61117832 68.747701
 5.3377931 70.516446 0.014181089 69.877423 0.6390231 68.737953
 5.3415099 70.533717 0.014177617 69.817797 0.71591991 68.728217
 5.3452266 70.548218 0.014174703 69.810682 0.7375354 68.718494
 5.3489434 70.563769 0.014171579 69.806363 0.75740556 68.708783
 5.3526601 70.595985 0.014165111 69.804881 0.79110395 68.699085
 5.3563769 70.637797 0.014156727 69.806337 0.83146054 68.689399
 5.3600936 70.699849 0.014144302 69.810917 0.88893219 68.679726
 5.3638103 70.766111 0.014131058 69.818739 0.94737129 68.670066
 5.3675271 70.835396 0.014117236 69.830002 1.0053943 68.660418
 5.3712438 70.884308 0.014107495 69.844981 1.0393264 68.650783
 5.3749606 70.933932 0.014097625 69.828066 1.1058664 68.64116
 5.3786773 70.984823 0.014087518 69.854372 1.1304508 68.63155
 5.382394 71.02213 0.014080118 69.885417 1.1367137 68.621953
 5.3861108 71.031736 0.014078214 69.921802 1.1099339 68.612369
 5.3898275 71.041494 0.014076281 69.964056 1.0774376 68.602798
 5.3935443 71.066419 0.014071344 70.01287 1.0535493 68.593239
 5.397261 71.107651 0.014063184 70.069136 1.0385143 68.583693
 5.4009778 71.148921 0.014055027 70.082348 1.0665726 68.57416
 5.4046945 71.218664 0.014041263 70.157864 1.0607997 68.56464
 5.4084112 71.298126 0.014025614 70.30641 0.99171582 68.555134
 5.412128 71.395846 0.014006417 70.407288 0.98855842 68.54564
 5.4158447 71.508822 0.013984289 70.523313 0.9855095 68.536159
 5.4195614 71.622447 0.013962103 70.657119 0.96532799 68.526691
 5.4232782 71.748449 0.013937584 70.812247 0.93620121 68.517236
 5.4269949 71.871923 0.013913639 70.993568 0.87835472 68.507794
 5.4307117 72.016434 0.01388572 71.207125 0.80930913 68.498366
 5.4344284 72.205035 0.01384945 71.462417 0.74261838 68.488951
 5.4381452 72.47241 0.013798355 71.77585 0.69655983 68.479548
 5.4418619 72.815847 0.013733274 72.173431 0.64241596 68.470159
 5.4455786 73.232765 0.01365509 72.699024 0.53374137 68.460784
 5.4492954 73.776334 0.013554482 73.426769 0.34956551 68.451421
 5.4530121 74.573044 0.013409671 74.4794 0.093644284 68.442072
 5.4567289 75.764977 0.013198711 76.026276 -0.26129939 68.432737
 5.4604456 77.550446 0.012894832 78.29877 -0.74832447 68.423414
 5.4641623 80.28583 0.012455498 81.593697 -1.3078673 68.414105
 5.4678791 84.436264 0.011843253 86.198527 -1.7622631 68.40481
 5.4715958 90.465101 0.011053986 92.331672 -1.8665712 68.395527
 5.4753126 98.903142 0.010110902 100.07246 -1.1693164 68.386259
 5.4790293 110.24742 0.0090705067 109.25422 0.99320574 68.377004
 5.4827461 123.27816 0.0081117371 119.29663 3.9815304 68.367762
 5.4864628 136.18352 0.0073430323 129.18888 6.9946446 68.358534
 5.4901795 146.86915 0.006808782 137.35737 9.5117773 68.349319
 5.4938963 152.55143 0.0065551665 141.93127 10.620161 68.340118
 5.497613 152.09786 0.0065747145 141.62078 10.477084 68.330931
 5.5013298 145.73641 0.0068617033 136.51151 9.2248946 68.321758
 5.5050465 135.53108 0.0073783816 128.06326 7.4678137 68.312598
 5.5087633 123.61565 0.0080895905 118.10165 5.5140024 68.303451
 5.51248 111.69613 0.0089528613 108.20431 3.4918286 68.294319
 5.5161967 101.46877 0.0098552493 99.214226 2.2545416 68.2852
 5.5199135 93.393906 0.010707337 91.698776 1.6951293 68.276095
 5.5236302 87.159368 0.011473236 85.897369 1.261999 68.267004
 5.527347 82.584752 0.012108773 81.49924 1.0855127 68.257927
 5.5310637 79.467631 0.01258374 78.391706 1.0759247 68.248863
 5.5347804 77.353973 0.012927584 76.175202 1.1787715 68.239814
 5.5384972 75.940814 0.01316815 74.736248 1.2045655 68.230778
 5.5422139 75.038076 0.013326568 73.772358 1.2657177 68.221756
 5.5459307 74.427457 0.013435902 73.114641 1.3128164 68.212749
 5.5496474 74.010857 0.013511531 72.649744 1.3611131 68.203755
 5.5533641 73.738841 0.013561374 72.309194 1.4296469 68.194775
 5.5570809 73.566579 0.013593129 72.052935 1.5136443 68.185809
 5.5607976 73.451828 0.013614365 71.855208 1.5966202 68.176858
 5.5645144 73.38338 0.013627064 71.702107 1.6812727 68.16792
 5.5682311 73.343763 0.013634425 71.585386 1.7583763 68.158996
 5.5719478 73.343839 0.01363441 71.499527 1.8443125 68.150087
 5.5756646 73.379995 0.013627692 71.440509 1.9394856 68.141192
 5.5793813 73.441638 0.013616254 71.405811 2.0358264 68.132311
 5.5830981 73.501879 0.013605094 71.394093 2.1077867 68.123444
 5.5868148 73.564262 0.013593557 71.403978 2.1602841 68.114591
 5.5905316 73.646406 0.013578395 71.434931 2.2114744 68.105753
 5.5942483 73.748934 0.013559518 71.487145 2.2617892 68.096928
 5.597965 73.847666 0.013541389 71.561328 2.2863382 68.088119
 5.6016818 73.968964 0.013519184 71.71783 2.2511338 68.079323
 5.6053985 74.119336 0.013491756 71.840521 2.2788152 68.070542
 5.6091153 74.299291 0.013459079 71.990619 2.3086719 68.061775
 5.612832 74.495127 0.013423697 72.171247 2.3238805 68.053022
 5.6165487 74.735982 0.013380436 72.413797 2.3221851 68.044284
 5.6202655 75.030006 0.013328001 72.672146 2.3578609 68.03556
 5.6239822 75.375112 0.013266979 72.983793 2.3913186 68.026851
 5.627699 75.815849 0.013189854 73.36507 2.4507792 68.018156
 5.6314157 76.409589 0.013087363 73.843801 2.5657882 68.009475
 5.6351325 77.249331 0.012945096 74.557076 2.6922553 68.00081
 5.6388492 78.389595 0.012756795 75.404805 2.9847901 67.992158
 5.6425659 79.913078 0.012513596 76.585327 3.3277517 67.983521
 5.6462827 82.0109 0.012193501 78.260142 3.7507581 67.974899
 5.6499994 84.798653 0.01179264 80.645189 4.1534635 67.966291
 5.6537162 88.383746 0.011314298 83.964989 4.4187571 67.957698
 5.6574329 93.008321 0.010751726 88.441626 4.5666956 67.949119
 5.6611496 98.671196 0.01013467 94.253566 4.4176296 67.940556
 5.6648664 105.16938 0.0095084707 101.40908 3.7603038 67.932006
 5.6685831 112.46697 0.0088914994 109.71376 2.7532081 67.923472
 5.6722999 120.05467 0.0083295387 118.70999 1.3446728 67.914952
 5.6760166 127.23505 0.0078594695 127.56132 -0.32627167 67.906447
 5.6797334 133.52816 0.0074890571 135.14566 -1.6174978 67.897956
 5.6834501 138.55316 0.0072174463 140.21669 -1.6635295 67.88948
 5.6871668 142.07665 0.0070384542 142.31991 -0.24326279 67.88102
 5.6908836 144.43053 0.006923744 142.17926 2.2512641 67.872573
 5.6946003 146.23858 0.006838141 141.22233 5.0162473 67.864142
 5.6983171 148.25339 0.0067452082 140.72344 7.5299487 67.855725
 5.7020338 150.87582 0.0066279671 141.34983 9.5259958 67.847324
 5.7057505 153.87916 0.006498606 143.03432 10.844831 67.838937
 5.7094673 156.2271 0.0064009381 145.03536 11.19174 67.830565
 5.713184 156.77861 0.0063784211 146.16585 10.61276 67.822208
 5.7169008 154.88396 0.0064564464 145.54015 9.343817 67.813866
 5.7206175 150.6636 0.0066373033 143.18661 7.4769903 67.805539
 5.7243342 145.11395 0.0068911364 140.06011 5.0538393 67.797226
 5.728051 139.72536 0.0071568971 137.47433 2.2510293 67.788929
 5.7317677 136.18794 0.0073427939 136.24006 -0.052116835 67.780647
 5.7354845 135.08603 0.00740269 136.64217 -1.5561453 67.77238
 5.7392012 135.82786 0.0073622598 138.3581 -2.5302394 67.764127
 5.7429179 137.03756 0.0072972696 140.45821 -3.4206534 67.75589
 5.7466347 137.42823 0.0072765255 141.75835 -4.3301189 67.747668
 5.7503514 136.16627 0.0073439626 141.38314 -5.2168728 67.739461
 5.7540682 133.54984 0.0074878412 139.33859 -5.7887478 67.731269
 5.7577849 130.7479 0.0076483061 136.7498 -6.001895 67.723092
 5.7615017 129.25217 0.0077368139 134.8006 -5.5484325 67.71493
 5.7652184 130.50989 0.0076622547 134.31494 -3.8050548 67.706783
 5.7689351 134.6848 0.0074247428 135.55679 -0.87199318 67.698652
 5.7726519 140.84026 0.0071002427 138.10299 2.7372632 67.690535
 5.7763686 146.65703 0.0068186299 140.91421 5.742815 67.682434
 5.7800854 149.95211 0.0066687957 142.47838 7.4737324 67.674348
 5.7838021 149.18271 0.0067031897 141.22784 7.9548647 67.666277
 5.7875188 144.12866 0.0069382452 136.66765 7.4610148 67.658221
 5.7912356 135.73717 0.0073671789 129.45137 6.2858023 67.650181
 5.7949523 125.29893 0.007980914 120.85057 4.4483623 67.642156
 5.7986691 115.07842 0.0086897265 112.11936 2.959055 67.634146
 5.8023858 106.1621 0.0094195571 104.09413 2.0679707 67.626152
 5.8061026 98.7254 0.010129106 97.267482 1.4579178 67.618172
 5.8098193 92.967522 0.010756445 91.838193 1.129329 67.610208
 5.813536 88.787064 0.011262902 87.772251 1.0148124 67.60226
 5.8172528 85.917633 0.011639054 84.92089 0.99674322 67.594326
 5.8209695 84.034734 0.011899841 83.083674 0.9510605 67.586409
 5.8246863 82.930957 0.012058223 82.02211 0.90884698 67.578506
 5.828403 82.420728 0.01213287 81.560344 0.86038417 67.570619
 5.8321197 82.339401 0.012144854 81.589111 0.75029042 67.562747
 5.8358365 82.601451 0.012106325 82.059496 0.54195458 67.554891
 5.8395532 83.263964 0.012009997 83.005192 0.25877264 67.54705
 5.84327 84.40475 0.011847675 84.551272 -0.14652226 67.539224
 5.8469867 86.144969 0.011608339 86.925419 -0.78045072 67.531414
 5.8507035 88.884654 0.011250536 90.434605 -1.5499515 67.523619
 5.8544202 93.072383 0.010744326 95.482808 -2.4104254 67.51584
 5.8581369 99.349396 0.010065486 102.573 -3.2236055 67.508077
 5.8618537 108.97019 0.0091768217 112.15672 -3.1865322 67.500328
 5.8655704 122.78609 0.008144245 124.52357 -1.7374762 67.492596
 5.8692872 141.16389 0.0070839646 140.00372 1.1601699 67.484878
 5.8730039 164.58301 0.0060759612 158.31914 6.2638698 67.477177
 5.8767206 191.08595 0.0052332472 178.64305 12.442902 67.469491
 5.8804374 217.50948 0.0045975009 199.56093 17.948549 67.46182
 5.8841541 241.47124 0.0041412799 218.93799 22.533253 67.454165
 5.8878709 260.29106 0.0038418531 234.77107 25.519982 67.446526
 5.8915876 272.25803 0.0036729863 245.73383 26.5242 67.438902
 5.8953043 276.75117 0.0036133542 251.33006 25.421111 67.431294
 5.8990211 274.11867 0.003648055 251.34296 22.775716 67.423701
 5.9027378 264.96399 0.0037740978 245.56073 19.403262 67.416124
 5.9064546 249.06485 0.0040150185 233.52661 15.538249 67.408563
 5.9101713 227.74676 0.0043908418 215.85262 11.894145 67.401018
 5.913888 203.85105 0.0049055426 194.83962 9.0114258 67.393488
 5.9176048 179.46024 0.0055722649 173.13353 6.3267099 67.385973
 5.9213215 156.65475 0.0063834643 152.87883 3.7759178 67.378475
 5.9250383 137.5286 0.0072712149 135.36482 2.1637815 67.370992
 5.928755 122.50515 0.008162922 121.07449 1.4306609 67.363524
 5.9324718 111.14937 0.008996902 110.0627 1.0866666 67.356073
 5.9361885 103.12828 0.009696661 102.08538 1.0429045 67.348637
 5.9399052 98.155568 0.010187909 96.69687 1.458698 67.341217
 5.943622 95.506414 0.010470501 93.487269 2.0191447 67.333812
 5.9473387 94.730629 0.010556248 92.141905 2.5887239 67.326424
 5.9510555 95.67205 0.010452373 92.51855 3.1535 67.319051
 5.9547722 98.149562 0.010188533 94.558414 3.5911474 67.311694
 5.9584889 101.86504 0.0098169108 98.15469 3.7103482 67.304352
 5.9622057 106.74878 0.0093677882 103.50925 3.2395359 67.297027
 5.9659224 112.74459 0.0088696049 110.65248 2.0921153 67.289717
 5.9696392 119.384 0.008376332 119.47245 -0.088454254 67.282423
 5.9733559 126.38949 0.0079120502 129.63144 -3.2419511 67.275145
 5.9770727 133.69845 0.0074795185 140.44194 -6.7434945 67.267883
 5.9807894 140.78023 0.0071032702 150.84321 -10.062984 67.260636
 5.9845061 147.30752 0.0067885199 159.67676 -12.369241 67.253406
 5.9882229 153.31302 0.0065226033 166.11622 -12.803204 67.246191
 5.9919396 158.39563 0.0063133053 170.44711 -12.051479 67.238992
 5.9956564 162.39597 0.0061577884 173.60365 -11.207682 67.231809
 5.9993731 165.60803 0.0060383545 176.40373 -10.795701 67.224641
 6.0030899 168.43614 0.0059369681 179.23839 -10.802247 67.21749
 6.0068066 170.9264 0.0058504713 182.13193 -11.205528 67.210355
 6.0105233 172.73625 0.0057891729 184.80157 -12.065326 67.203235
 6.0142401 172.90027 0.0057836808 186.21239 -13.312114 67.196131
 6.0179568 170.279 0.0058727147 184.80429 -14.525287 67.189043
 6.0216736 164.02044 0.0060968012 179.31541 -15.29497 67.181972
 6.0253903 154.71642 0.0064634383 169.77393 -15.05751 67.174916
 6.029107 143.84313 0.0069520178 157.85319 -14.010059 67.167876
 6.0328238 132.77584 0.0075314908 145.57041 -12.794571 67.160851
 6.0365405 123.39653 0.0081039556 134.56441 -11.167882 67.153843
 6.0402573 116.71579 0.0085678207 125.92946 -9.2136691 67.146851
 6.043974 112.79329 0.0088657759 120.17251 -7.3792195 67.139875
 6.0476907 111.32136 0.008983002 117.31577 -5.9944124 67.132914
 6.0514075 111.80703 0.008943981 117.0129 -5.205869 67.12597
 6.0551242 113.5806 0.0088043201 118.46228 -4.8816742 67.119042
 6.058841 115.55765 0.0086536895 120.61316 -5.0555162 67.112129
 6.0625577 116.83858 0.0085588168 121.99974 -5.1611626 67.105233
 6.0662744 116.77821 0.0085632411 121.44512 -4.6669069 67.098352
 6.0699912 115.06305 0.0086908874 118.38785 -3.3247975 67.091488
 6.0737079 111.79349 0.0089450645 113.27689 -1.4833935 67.084639
 6.0774247 107.21146 0.0093273614 107.0216 0.18986046 67.077807
 6.0811414 102.08839 0.0097954328 100.5203 1.5680963 67.07099
 6.0848581 97.106483 0.010297974 94.5521 2.5543837 67.06419
 6.0885749 92.583351 0.010801078 89.240042 3.3433089 67.057405
 6.0922916 88.799614 0.01126131 84.813688 3.985926 67.050637
 6.0960084 85.83697 0.011649992 81.3997 4.4372697 67.043885
 6.0997251 83.598086 0.011961996 78.827272 4.770814 67.037148
 6.1034419 81.964633 0.012200384 76.945327 5.0193055 67.030428
 6.1071586 80.808932 0.01237487 75.596233 5.2126989 67.023724
 6.1108753 80.04409 0.012493115 74.626016 5.4180742 67.017035
 6.1145921 79.535962 0.012572929 73.979894 5.5560685 67.010363
 6.1183088 79.216868 0.012623574 73.446901 5.7699666 67.003707
 6.1220256 79.011424 0.012656398 73.033114 5.9783101 66.997067
 6.1257423 78.90359 0.012673695 72.647631 6.2559589 66.990443
 6.1294591 78.867134 0.012679553 72.374132 6.4930023 66.983835
 6.1331758 78.886251 0.01267648 72.145507 6.7407437 66.977243
 6.1368925 78.922 0.012670738 71.952744 6.969256 66.970667
 6.1406093 78.987686 0.012660201 71.789904 7.1977824 66.964107
 6.144326 79.074565 0.012646292 71.652972 7.4215926 66.957563
 6.1480428 79.163048 0.012632156 71.539221 7.6238265 66.951036
 6.1517595 79.244677 0.012619144 71.446183 7.7984947 66.944524
 6.1554762 79.316516 0.012607715 71.372106 7.9444092 66.938029
 6.159193 79.360687 0.012600697 71.315842 8.044845 66.931549
 6.1629097 79.387505 0.012596441 71.277928 8.1095767 66.925086
 6.1666265 79.411565 0.012592624 71.256953 8.1546122 66.918639
 6.1703432 79.415232 0.012592043 71.25178 8.1634521 66.912208
 6.17406 79.405474 0.01259359 71.262503 8.1429713 66.905793
 6.1777767 79.371061 0.01259905 71.289127 8.0819335 66.899394
 6.1814934 79.334109 0.012604919 71.332137 8.0019723 66.893011
 6.1852102 79.284548 0.012612798 71.392356 7.8921925 66.886644
 6.1889269 79.249934 0.012618307 71.470864 7.77907 66.880294
 6.1926436 79.21553 0.012623787 71.568984 7.6465468 66.873959
 6.1963604 79.193021 0.012627375 71.688607 7.5044146 66.867641
 6.2000771 79.183161 0.012628948 71.832385 7.3507766 66.861338
 6.2037939 79.196757 0.01262678 72.003137 7.1936204 66.855052
 6.2075106 79.250898 0.012618154 72.205119 7.045779 66.848782
 6.2112274 79.349765 0.012602432 72.479539 6.870226 66.842528
 6.2149441 79.501961 0.012578306 72.76447 6.7374905 66.83629
 6.2186608 79.710757 0.012545358 73.107026 6.6037307 66.830068
 6.2223776 80.005035 0.012499213 73.526773 6.4782622 66.823863
 6.2260943 80.434547 0.012432469 74.056682 6.3778659 66.817673
 6.2298111 81.05453 0.012337373 74.745278 6.3092517 66.8115
 6.2335278 81.899719 0.012210054 75.668175 6.2315446 66.805342
 6.2372445 83.118118 0.012031071 76.935439 6.1826793 66.799201
 6.2409613 84.804459 0.011791833 78.698058 6.1064002 66.793076
 6.244678 87.153058 0.011474067 81.136885 6.016173 66.786967
 6.2483948 90.540385 0.011044795 84.460655 6.0797303 66.780874
 6.2521115 95.154823 0.010509189 88.931223 6.2236 66.774797
 6.2558283 101.29948 0.0098717188 94.622858 6.676624 66.768737
 6.259545 109.42191 0.0091389375 101.66247 7.7594391 66.762692
 6.2632617 119.19032 0.0083899432 109.95524 9.2350827 66.756664
 6.2669785 129.94629 0.007695487 119.09987 10.846424 66.750651
 6.2706952 141.10421 0.0070869606 128.51227 12.591938 66.744655
 6.274412 150.97555 0.006623589 137.09984 13.875713 66.738675
 6.2781287 158.38436 0.0063137548 143.95167 14.432692 66.732711
 6.2818454 162.83322 0.0061412531 148.44736 14.385853 66.726763
 6.2855622 164.06952 0.0060949773 150.34483 13.724684 66.720831
 6.2892789 162.27764 0.0061622783 149.32383 12.953818 66.714916
 6.2929957 157.71728 0.0063404595 145.43988 12.277392 66.709016
 6.2967124 151.25189 0.0066114878 138.85233 12.399555 66.703133
 6.3004292 143.53492 0.0069669459 130.62438 12.910538 66.697265
 6.3041459 134.99669 0.0074075888 122.11299 12.883709 66.691414
 6.3078626 126.73517 0.0078904695 114.43777 12.2974 66.685579
 6.3115794 119.71718 0.0083530199 108.38358 11.333602 66.67976
 6.3152961 114.50118 0.0087335342 104.40796 10.093225 66.673957
 6.3190129 111.75387 0.0089482359 102.79423 8.9596361 66.66817
 6.3227296 111.92618 0.0089344606 103.44741 8.4787668 66.662399
 6.3264463 115.37511 0.0086673803 106.24243 9.1326875 66.656644
 6.3301631 121.64836 0.0082204147 110.83979 10.80857 66.650906
 6.3338798 129.83384 0.0077021524 116.67508 13.15876 66.645183
 6.3375966 138.70608 0.0072094893 122.94751 15.758569 66.639477
 6.3413133 146.10417 0.0068444318 128.589 17.515171 66.633786
 6.3450301 150.24008 0.0066560136 132.38185 17.858228 66.628112
 6.3487468 150.31221 0.0066528197 133.6109 16.701303 66.622454
 6.3524635 146.89153 0.0068077445 132.43576 14.455774 66.616811
 6.3561803 141.57391 0.0070634482 129.84189 11.732023 66.611185
 6.359897 136.03232 0.0073511943 127.10847 8.9238462 66.605575
 6.3636138 131.97642 0.0075771111 125.16195 6.8144697 66.599981
 6.3673305 130.37961 0.0076699111 124.45396 5.925648 66.594403
 6.3710472 131.1317 0.0076259209 124.93361 6.1980982 66.588841
 6.374764 133.07616 0.0075144941 126.2103 6.8658587 66.583295
 6.3784807 134.75663 0.007420785 127.36571 7.3909181 66.577765
 6.3821975 135.01637 0.0074065094 127.46257 7.5538008 66.572251
 6.3859142 133.21818 0.0075064829 125.94889 7.2692929 66.566754
 6.3896309 129.59409 0.0077164015 122.9771 6.6169833 66.561272
 6.3933477 124.88926 0.0080070935 119.43486 5.4543994 66.555806
 6.3970644 120.31237 0.0083116976 116.18826 4.124102 66.550356
 6.4007812 116.99049 0.0085477032 113.95029 3.0401975 66.544923
 6.4044979 115.35021 0.0086692519 113.27392 2.0762832 66.539505
 6.4082146 115.66428 0.0086457113 114.32222 1.3420624 66.534103
 6.4119314 118.00483 0.0084742296 117.55824 0.44659123 66.528718
 6.4156481 122.55131 0.0081598473 123.01804 -0.46672515 66.523348
 6.4193649 129.47985 0.0077232092 130.82422 -1.3443692 66.517994
 6.4230816 138.69141 0.0072102521 141.15199 -2.4605878 66.512656
 6.4267984 150.45779 0.0066463824 154.09853 -3.6407382 66.507335
 6.4305151 165.22457 0.0060523687 169.78811 -4.5635431 66.502029
 6.4342318 182.80391 0.0054703424 188.29158 -5.4876701 66.496739
 6.4379486 203.44634 0.004915301 209.47041 -6.0240696 66.491465
 6.4416653 227.36056 0.0043983002 232.85427 -5.4937051 66.486207
 6.4453821 253.08267 0.003951278 257.6167 -4.5340259 66.480965
 6.4490988 279.28566 0.0035805633 282.36785 -3.082181 66.475739
 6.4528156 304.39907 0.0032851612 305.15453 -0.75546661 66.470529
 6.4565323 325.10234 0.0030759545 323.53515 1.5671838 66.465335
 6.460249 339.42122 0.0029461917 335.08039 4.3408291 66.460157
 6.4639658 346.7982 0.0028835213 338.51906 8.2791385 66.454995
 6.4676825 347.91532 0.0028742626 335.09337 12.821951 66.449848
 6.4713993 344.60706 0.0029018558 327.67617 16.930889 66.444718
 6.475116 339.10134 0.002948971 319.06261 20.038731 66.439603
 6.4788327 333.27488 0.0030005262 310.90788 22.367002 66.434505
 6.4825495 326.4517 0.0030632403 303.01485 23.436855 66.429422
 6.4862662 316.95362 0.0031550357 293.94641 23.00721 66.424355
 6.489983 303.80229 0.0032916145 282.11381 21.688473 66.419304
 6.4936997 286.78402 0.0034869447 267.01513 19.768887 66.414269
 6.4974164 266.80175 0.0037481014 250.12121 16.680535 66.40925
 6.5011332 247.46071 0.0040410456 233.67762 13.783089 66.404246
 6.5048499 230.90203 0.004330841 219.01685 11.88518 66.399258
 6.5085667 216.83923 0.0046117116 206.58355 10.255682 66.394287
 6.5122834 204.63916 0.0048866502 195.70203 8.93713 66.389331
 6.5160001 192.9303 0.0051832191 185.06203 7.8682703 66.384391
 6.5197169 180.11953 0.0055518687 173.73386 6.3856721 66.379466
 6.5234336 166.2653 0.0060144841 161.65618 4.6091242 66.374558
 6.5271504 152.24303 0.0065684453 149.60986 2.6331628 66.369665
 6.5308671 138.8505 0.0072019904 138.68173 0.16877767 66.364788
 6.5345839 127.55909 0.0078395039 129.69453 -2.1354344 66.359927
 6.5383006 119.23008 0.0083871455 123.17155 -3.9414728 66.355082
 6.5420173 114.29976 0.0087489248 119.43916 -5.1393984 66.350252
 6.5457341 113.03801 0.0088465814 118.5204 -5.4823839 66.345439
 6.5494508 115.59777 0.0086506861 120.23199 -4.6342252 66.34064
 6.5531676 122.03843 0.00819414 124.1705 -2.1320702 66.335858
 6.5568843 130.97931 0.0076347934 129.59332 1.3859987 66.331092
 6.560601 140.48856 0.0071180172 135.44523 5.0433303 66.326341
 6.5643178 148.61429 0.0067288281 140.3463 8.2679859 66.321606
 6.5680345 153.02609 0.0065348335 142.73956 10.286525 66.316886
 6.5717513 152.65851 0.0065505682 141.69069 10.967824 66.312182
 6.575468 147.47835 0.0067806564 137.35064 10.127712 66.307494
 6.5791847 139.12917 0.0071875656 130.8349 8.2942673 66.302822
 6.5829015 129.76109 0.0077064705 123.62607 6.1350196 66.298165
 6.5866182 120.64964 0.0082884625 116.93948 3.7101574 66.293524
 6.590335 113.26158 0.0088291196 111.5875 1.6740785 66.288899
 6.5940517 108.41386 0.009223913 108.04879 0.36506752 66.284289
 6.5977685 106.3529 0.0094026587 106.48316 -0.13026506 66.279695
 6.6014852 106.89922 0.0093546056 106.70986 0.18935717 66.275116
 6.6052019 109.50665 0.0091318657 108.38525 1.121397 66.270553
 6.6089187 113.37938 0.008819946 110.89498 2.484399 66.266006
 6.6126354 117.05157 0.0085432426 113.40995 3.6416265 66.261474
 6.6163522 119.21627 0.0083881172 114.99095 4.2253195 66.256958
 6.6200689 119.16839 0.0083914872 115.01924 4.1491477 66.252457
 6.6237857 116.97455 0.008548868 113.50981 3.4647411 66.247972
 6.6275024 113.44803 0.0088146091 111.01501 2.4330198 66.243503
 6.6312191 109.58123 0.0091256509 108.46679 1.1144357 66.239049
 6.6349359 106.58871 0.0093818569 106.62865 -0.039944293 66.234611
 6.6386526 105.38719 0.0094888193 105.96993 -0.5827399 66.230188
 6.6423694 106.37532 0.009400677 106.69462 -0.3193015 66.22578
 6.6460861 109.38349 0.0091421474 108.71306 0.67042839 66.221388
 6.6498028 113.62679 0.0088007418 111.60685 2.019934 66.217012
 6.6535196 118.10066 0.0084673532 114.6695 3.4311592 66.212651
 6.6572363 121.44651 0.0082340779 116.9267 4.5198116 66.208305
 6.6609531 122.50374 0.0081630162 117.37791 5.1258275 66.203975
 6.6646698 120.7877 0.0082789887 115.57543 5.2122674 66.199661
 6.6683866 116.74249 0.0085658613 111.80576 4.9367353 66.195362
 6.6721033 111.40232 0.0089764741 106.85622 4.5460925 66.191078
 6.67582 105.6726 0.0094631906 101.57464 4.0979687 66.186809
 6.6795368 100.37215 0.0099629233 96.692646 3.6795006 66.182557
 6.6832535 96.053327 0.010410884 92.621224 3.4321024 66.178319
 6.6869702 92.876979 0.010766931 89.65507 3.221909 66.174097
 6.690687 90.829791 0.011009604 87.905446 2.9243447 66.16989
 6.6944037 89.913211 0.011121836 87.575309 2.3379014 66.165698
 6.6981205 90.171064 0.011090032 88.698106 1.4729579 66.161522
 6.7018372 91.521901 0.010926346 91.269858 0.25204385 66.157361
 6.705554 93.782059 0.01066302 95.240026 -1.4579668 66.153216
 6.7092707 96.87129 0.010322976 100.47424 -3.6029518 66.149085
 6.7129874 100.59662 0.0099406917 106.68113 -6.0845055 66.14497
 6.7167042 104.48394 0.0095708489 113.33063 -8.8466898 66.140871
 6.7204209 108.11875 0.0092490898 119.62556 -11.506817 66.136786
 6.7241377 111.12009 0.0089992726 124.43238 -13.312293 66.132717
 6.7278544 112.96501 0.0088522985 126.59997 -13.634956 66.128663
 6.7315711 113.34653 0.0088225019 125.52569 -12.179159 66.124624
 6.7352879 112.0941 0.0089210759 121.51916 -9.4250605 66.1206
 6.7390046 109.46666 0.0091352018 115.62314 -6.1564828 66.116592
 6.7427214 105.79598 0.009452155 109.03568 -3.2396983 66.112599
 6.7464381 101.50188 0.0098520341 102.6026 -1.1007208 66.108621
 6.7501549 97.289279 0.010278625 97.037185 0.25209345 66.104658
 6.7538716 93.572543 0.010686896 92.637734 0.93480842 66.10071
 6.7575883 90.566709 0.011041585 89.581776 0.98493316 66.096777
 6.7613051 88.501101 0.011299294 87.963127 0.53797425 66.09286
 6.7650218 87.485715 0.011430437 87.84344 -0.35772441 66.088957
 6.7687386 87.608831 0.011414374 89.239103 -1.6302723 66.08507
 6.7724553 88.92778 0.01124508 92.205408 -3.2776276 66.081197
 6.776172 91.566691 0.010921002 96.815869 -5.2491777 66.07734
 6.7798888 95.689067 0.010450515 103.07538 -7.3863157 66.073498
 6.7836055 101.01861 0.009899166 110.85733 -9.8387146 66.069671
 6.7873223 107.36112 0.0093143589 120.00708 -12.645961 66.065858
 6.791039 114.58675 0.0087270122 129.91406 -15.327311 66.062061
 6.7947558 121.85916 0.0082061947 139.65872 -17.799557 66.058279
 6.7984725 128.54753 0.007779224 148.09556 -19.548031 66.054512
 6.8021892 134.2774 0.0074472693 154.17238 -19.894977 66.050759
 6.805906 138.3514 0.0072279717 157.50315 -19.15175 66.047022
 6.8096227 140.24703 0.0071302758 158.21559 -17.968564 66.0433
 6.8133395 139.57311 0.0071647039 156.3177 -16.744588 66.039592
 6.8170562 136.45374 0.0073284912 151.69132 -15.237586 66.035899
 6.8207729 131.16229 0.0076241427 144.42762 -13.265331 66.032222
 6.8244897 124.11634 0.008056957 135.19838 -11.082039 66.028559
 6.8282064 116.52292 0.0085820029 125.22387 -8.700954 66.024911
 6.8319232 109.32374 0.0091471442 115.60594 -6.2822018 66.021277
 6.8356399 102.89239 0.0097188915 107.08684 -4.194443 66.017659
 6.8393567 97.776416 0.010227415 100.10133 -2.3249157 66.014055
 6.8430734 94.170102 0.010619082 94.8362 -0.6660977 66.010466
 6.8467901 92.046644 0.010864057 91.30778 0.73886343 66.006892
 6.8505069 91.244726 0.010959538 89.477612 1.7671139 66.003333
 6.8542236 91.617195 0.010914982 89.231017 2.3861783 65.999788
 6.8579403 93.077901 0.010743689 90.420172 2.6577296 65.996259
 6.8616571 95.311913 0.010491868 92.852107 2.459806 65.992743
 6.8653738 98.051974 0.010198673 96.149402 1.9025715 65.989243
 6.8690906 101.12222 0.0098890236 100.22167 0.90054952 65.985757
 6.8728073 104.14934 0.0096015968 104.43792 -0.2885795 65.982286
 6.8765241 106.86857 0.0093572878 108.14685 -1.2782743 65.978829
 6.8802408 109.11061 0.0091650117 110.61407 -1.5034626 65.975387
 6.8839575 110.68944 0.0090342854 111.36694 -0.6774988 65.97196
 6.8876743 111.63305 0.0089579209 110.58153 1.051515 65.968547
 6.891391 112.06521 0.0089233757 108.92717 3.138048 65.965149
 6.8951078 112.3959 0.0088971213 107.10292 5.292984 65.961766
 6.8988245 113.07496 0.008843691 106.05494 7.0200179 65.958397
 6.9025412 114.59181 0.0087266268 105.90771 8.6841028 65.955042
 6.906258 116.99957 0.0085470398 106.69475 10.304821 65.951702
 6.9099747 119.76477 0.0083497008 108.09902 11.665746 65.948377
 6.9136915 122.0725 0.0081918529 109.46062 12.611889 65.945066
 6.9174082 122.90612 0.0081362912 109.9547 12.951419 65.941769
 6.921125 121.53297 0.0082282198 108.88234 12.650628 65.938487
 6.9248417 117.76175 0.0084917217 105.96228 11.799471 65.935219
 6.9285584 112.18196 0.0089140891 101.77864 10.403325 65.931966
 6.9322752 105.85782 0.0094466336 96.938934 8.9188825 65.928727
 6.9359919 99.464094 0.010053879 92.051857 7.412237 65.925502
 6.9397087 93.627848 0.010680583 87.539188 6.0886604 65.922292
 6.9434254 88.802373 0.01126096 83.632027 5.1703462 65.919096
 6.9471422 84.992999 0.011765675 80.434872 4.558127 65.915915
 6.9508589 82.06943 0.012184805 77.949679 4.1197512 65.912747
 6.9545756 79.91674 0.012513023 76.101992 3.8147488 65.909594
 6.9582924 78.435229 0.012749373 74.690025 3.7452039 65.906455
 6.9620091 77.442734 0.012912767 73.827659 3.6150745 65.903331
 6.9657259 76.815534 0.0130182 73.308258 3.5072763 65.900221
 6.9694426 76.505864 0.013070893 73.06918 3.4366842 65.897125
 6.9731593 76.430473 0.013083787 73.109655 3.3208186 65.894043
 6.9768761 76.560819 0.013061511 73.319818 3.2410012 65.890975
 6.9805928 76.916799 0.013001061 73.887415 3.0293838 65.887921
 6.9843096 77.586965 0.012888763 74.821508 2.7654568 65.884882
 6.9880263 78.669159 0.012711462 76.250336 2.418823 65.881857
 6.991743 80.364316 0.012443334 78.215657 2.1486589 65.878845
 6.9954598 82.861435 0.01206834 80.838134 2.0233014 65.875848
 6.9991765 86.293383 0.011588374 84.188649 2.1047338 65.872865
 7.0028933 90.715958 0.011023419 88.28984 2.4261181 65.869896
 7.00661 96.082621 0.010407709 92.988522 3.0940993 65.866941
 7.0103267 101.81154 0.0098220689 98.095916 3.7156273 65.864
 7.0140435 107.36733 0.0093138201 103.18882 4.1785134 65.861073
 7.0177602 112.29533 0.0089050895 107.69454 4.6007964 65.85816
 7.021477 116.07949 0.0086147864 111.06884 5.0106514 65.85526
 7.0251937 118.71502 0.0084235342 113.06625 5.6487663 65.852375
 7.0289105 120.68341 0.0082861432 113.90633 6.7770795 65.849504
 7.0326272 122.32894 0.0081746802 114.14221 8.1867325 65.846646
 7.0363439 123.67949 0.0080854147 114.02912 9.6503759 65.843803
 7.0400607 124.39614 0.0080388347 113.5023 10.893838 65.840973
 7.0437774 123.79248 0.0080780354 112.17683 11.615645 65.838157
 7.0474942 121.30986 0.008243353 109.6086 11.701263 65.835355
 7.0512109 116.7648 0.0085642246 105.67824 11.086562 65.832566
 7.0549276 110.72531 0.0090313591 100.78633 9.9389788 65.829792
 7.0586444 104.04768 0.0096109785 95.508537 8.5391413 65.827031
 7.0623611 97.356857 0.01027149 90.372477 6.9843803 65.824284
 7.0660779 91.514104 0.010927277 85.72697 5.7871338 65.82155
 7.0697946 86.741417 0.011528518 81.735178 5.0062386 65.818831
 7.0735114 82.931127 0.012058199 78.421734 4.5093934 65.816125
 7.0772281 80.019132 0.012497011 75.837108 4.1820238 65.813432
 7.0809448 77.909027 0.012835483 73.85795 4.0510773 65.810753
 7.0846616 76.412506 0.013086863 72.382389 4.0301167 65.808088
 7.0883783 75.355637 0.013270407 71.334276 4.0213604 65.805436
 7.0920951 74.637115 0.01339816 70.553177 4.0839382 65.802798
 7.0958118 74.149612 0.013486247 69.989175 4.1604377 65.800174
 7.0995285 73.831581 0.013544339 69.547308 4.2842734 65.797563
 7.1032453 73.612384 0.013584671 69.202542 4.4098417 65.794965
 7.106962 73.448738 0.013614938 68.924959 4.5237794 65.792381
 7.1106788 73.304921 0.013641649 68.695313 4.6096084 65.789811
 7.1143955 73.191622 0.013662766 68.500947 4.6906757 65.787253
 7.1181123 73.092921 0.013681215 68.333607 4.7593136 65.78471
 7.121829 73.016543 0.013695526 68.187886 4.8286568 65.782179
 7.1255457 72.960709 0.013706007 68.071732 4.8889768 65.779662
 7.1292625 72.90714 0.013716078 67.959303 4.9478373 65.777159
 7.1329792 72.859802 0.013724989 67.85981 4.9999919 65.774668
 7.136696 72.823369 0.013731856 67.771587 5.0517828 65.772191
 7.1404127 72.805468 0.013735232 67.693181 5.112287 65.769728
 7.1441294 72.792089 0.013737757 67.570808 5.2212806 65.767277
 7.1478462 72.774821 0.013741016 67.50968 5.2651414 65.76484
 7.1515629 72.731219 0.013749254 67.455448 5.2757707 65.762416
 7.1552797 72.6999 0.013755177 67.407376 5.2925247 65.760005
 7.1589964 72.685847 0.013757837 67.36492 5.3209269 65.757607
 7.1627131 72.695951 0.013755924 67.353041 5.3429095 65.755223
 7.1664299 72.687121 0.013757595 67.320884 5.3662372 65.752852
 7.1701466 72.669329 0.013760964 67.293138 5.3761913 65.750493
 7.1738634 72.654933 0.01376369 67.269527 5.3854056 65.748148
 7.1775801 72.65919 0.013762884 67.249823 5.4093666 65.745816
 7.1812968 72.664904 0.013761802 67.233829 5.4310757 65.743497
 7.1850136 72.670334 0.013760773 67.221432 5.4489018 65.741191
 7.1887303 72.668826 0.013761059 67.212528 5.4562982 65.738898
 7.1924471 72.691905 0.01375669 67.228977 5.4629278 65.736618
 7.1961638 72.724411 0.013750541 67.227246 5.497165 65.734351
 7.1998806 72.758909 0.013744021 67.228931 5.5299776 65.732097
 7.2035973 72.775363 0.013740914 67.256219 5.5191439 65.729855
 7.207314 72.784777 0.013739137 67.265226 5.5195514 65.727627
 7.2110308 72.787796 0.013738567 67.277911 5.5098852 65.725411
 7.2147475 72.803586 0.013735587 67.294399 5.5091877 65.723209
 7.2184643 72.818792 0.013732719 67.286136 5.5326559 65.721019
 7.222181 72.831858 0.013730255 67.312134 5.519724 65.718842
 7.2258977 72.843582 0.013728045 67.342715 5.5008675 65.716677
 7.2296145 72.86218 0.013724541 67.378219 5.4839608 65.714526
 7.2333312 72.886454 0.01371997 67.419107 5.4673476 65.712387
 7.237048 72.895154 0.013718333 67.415201 5.4799529 65.710261
 7.2407647 72.91377 0.013714831 67.491623 5.4221469 65.708147
 7.2444815 72.952881 0.013707478 67.553803 5.3990781 65.706046
 7.2481982 73.000356 0.013698563 67.624444 5.3759121 65.703958
 7.2519149 73.053914 0.01368852 67.70478 5.3491345 65.701883
 7.2556317 73.111768 0.013677689 67.796245 5.3155226 65.69982
 7.2593484 73.168856 0.013667017 67.90081 5.2680467 65.697769
 7.2630652 73.224515 0.013656628 68.021506 5.2030097 65.695731
 7.2667819 73.303899 0.013641839 68.161981 5.1419185 65.693706
 7.2704986 73.402219 0.013623566 68.328057 5.0741618 65.691693
 7.2742154 73.532206 0.013599483 68.529234 5.0029718 65.689692
 7.2779321 73.701566 0.013568233 68.780326 4.9212404 65.687704
 7.2816489 73.938464 0.01352476 69.10331 4.8351538 65.685729
 7.2853656 74.266273 0.013465062 69.531393 4.7348807 65.683765
 7.2890824 74.718002 0.013383655 70.115875 4.6021276 65.681815
 7.2927991 75.321335 0.013276451 70.918202 4.403133 65.679876
 7.2965158 76.167519 0.013128956 72.015005 4.1525133 65.67795
 7.3002326 77.346196 0.012928884 73.494215 3.8519819 65.676036
 7.3039493 78.953987 0.012665605 75.402827 3.5511603 65.674134
 7.3076661 81.116386 0.012327965 77.859739 3.2566469 65.672245
 7.3113828 83.976501 0.011908093 80.836158 3.1403437 65.670368
 7.3150995 87.466654 0.011432928 84.272471 3.1941838 65.668503
 7.3188163 91.454056 0.010934452 88.014194 3.4398623 65.66665
 7.322533 95.616491 0.010458447 91.690168 3.9263229 65.664809
 7.3262498 99.288521 0.010071658 94.844315 4.4442059 65.662981
 7.3299665 101.86262 0.0098171439 96.866944 4.9956755 65.661164
 7.3336832 102.90681 0.0097175297 97.292706 5.6141059 65.65936
 7.3374 102.2425 0.0097806685 96.06796 6.1745405 65.657568
 7.3411167 100.00357 0.0099996432 93.466565 6.5370026 65.655787
 7.3448335 96.587662 0.010353289 90.231906 6.3557555 65.654019
 7.3485502 92.745018 0.01078225 86.815797 5.9292211 65.652263
 7.3522669 88.963409 0.011240576 83.625137 5.3382727 65.650518
 7.3559837 85.535439 0.011691061 80.900618 4.6348209 65.648786
 7.3597004 82.764219 0.012082516 78.784222 3.9799971 65.647065
 7.3634172 80.665431 0.012396884 77.279299 3.3861314 65.645357
 7.3671339 79.207219 0.012625112 76.432443 2.7747766 65.64366
 7.3708507 78.326836 0.012767016 76.23495 2.0918854 65.641975
 7.3745674 78.036954 0.012814442 76.690774 1.3461799 65.640301
 7.3782841 78.369848 0.012760009 77.829598 0.54024993 65.63864
 7.3820009 79.336322 0.012604567 79.704669 -0.36834752 65.63699
 7.3857176 81.06459 0.012335842 82.377797 -1.3132069 65.635352
 7.3894344 83.774737 0.011936773 85.842715 -2.0679784 65.633726
 7.3931511 87.509954 0.011427271 90.119101 -2.6091468 65.632111
 7.3968678 92.260768 0.010838843 95.089319 -2.8285513 65.630508
 7.4005846 97.920581 0.010212358 100.49785 -2.5772674 65.628917
 7.4043013 103.79304 0.0096345571 105.90812 -2.1150757 65.627337
 7.4080181 109.2838 0.0091504868 110.72536 -1.4415607 65.625769
 7.4117348 113.92805 0.0087774699 114.33692 -0.40887003 65.624212
 7.4154516 117.04493 0.0085437278 116.4291 0.61582757 65.622667
 7.4191683 118.26966 0.0084552536 116.89682 1.3728446 65.621133
 7.422885 117.48108 0.0085120092 115.69092 1.7901603 65.619611
 7.4266018 114.92221 0.0087015381 112.88747 2.0347426 65.6181
 7.4303185 110.94263 0.0090136675 108.68745 2.2551818 65.6166
 7.4340353 105.90838 0.0094421236 103.67516 2.2332168 65.615112
 7.437752 100.69097 0.009931377 98.513761 2.1772103 65.613636
 7.4414687 95.828506 0.010435308 93.73408 2.0944263 65.61217
 7.4451855 91.58962 0.010918268 89.664209 1.9254112 65.610716
 7.4489022 88.27685 0.011327998 86.549027 1.7278237 65.609273
 7.452619 85.941788 0.011635783 84.419714 1.5220738 65.607842
 7.4563357 84.474431 0.011837902 83.276405 1.1980265 65.606421
 7.4600525 83.741824 0.011941464 83.067031 0.67479317 65.605012
 7.4637692 83.637072 0.01195642 83.678194 -0.041121295 65.603614
 7.4674859 84.044502 0.011898458 84.977619 -0.93311723 65.602227
 7.4712027 84.778084 0.011795501 86.768554 -1.9904703 65.600852
 7.4749194 85.730588 0.011664448 88.88526 -3.1546715 65.599487
 7.4786362 86.848089 0.011514358 91.039916 -4.1918277 65.598133
 7.4823529 88.00499 0.011362992 92.941273 -4.9362838 65.596791
 7.4860696 89.146779 0.011217455 94.264089 -5.1173094 65.595459
 7.4897864 90.330289 0.011070484 95.132821 -4.8025315 65.594139
 7.4935031 91.632421 0.010913168 95.896669 -4.2642477 65.592829
 7.4972199 93.210012 0.010728461 97.066429 -3.8564175 65.59153
 7.5009366 95.352849 0.010487364 99.128362 -3.7755125 65.590242
 7.5046533 98.32606 0.010170244 102.46802 -4.1419578 65.588965
 7.5083701 102.40577 0.0097650743 107.21695 -4.8111788 65.587699
 7.5120868 107.81011 0.0092755675 113.40203 -5.5919118 65.586444
 7.5158036 114.14747 0.0087605973 120.74565 -6.5981807 65.585199
 7.5195203 120.77646 0.0082797589 128.68011 -7.903643 65.583966
 7.523237 127.06849 0.0078697716 136.30021 -9.2317187 65.582743
 7.5269538 132.08157 0.0075710788 142.53624 -10.454667 65.58153
 7.5306705 135.26132 0.0073930965 146.46058 -11.199259 65.580329
 7.5343873 136.47643 0.0073272725 147.67338 -11.196951 65.579138
 7.538104 136.06698 0.0073493216 146.39747 -10.330489 65.577957
 7.5418208 134.54363 0.0074325332 143.33852 -8.7948885 65.576787
 7.5455375 132.21201 0.0075636096 139.42547 -7.2134674 65.575628
 7.5492542 129.6476 0.0077132162 135.43102 -5.7834117 65.574479
 7.552971 127.10977 0.0078672159 131.95077 -4.8409999 65.573341
 7.5566877 124.68996 0.008019892 129.15277 -4.4628081 65.572213
 7.5604045 122.53265 0.0081610899 126.97978 -4.4471286 65.571096
 7.5641212 120.68716 0.0082858855 125.14985 -4.4626911 65.569989
 7.567838 119.08816 0.0083971407 123.36572 -4.277562 65.568893
 7.5715547 117.63036 0.0085012068 121.47404 -3.8436805 65.567807
 7.5752714 116.24694 0.0086023767 119.52531 -3.2783707 65.566731
 7.5789882 114.96213 0.0086985164 117.712 -2.7498628 65.565666
 7.5827049 113.85604 0.0087830212 116.24642 -2.3903802 65.56461
 7.5864217 113.11256 0.0088407515 115.29593 -2.1833695 65.563565
 7.5901384 112.8964 0.0088576785 114.96109 -2.0646874 65.562531
 7.5938551 113.21815 0.0088325057 115.22501 -2.0068573 65.561506
 7.5975719 113.94617 0.0087760741 115.94835 -2.0021876 65.560492
 7.6012886 114.81393 0.0087097442 116.8548 -2.0408629 65.559488
 7.6050054 115.4531 0.0086615254 117.53946 -2.0863545 65.558494
 7.6087221 115.61481 0.0086494108 117.70773 -2.0929139 65.55751
 7.6124389 115.31898 0.0086715992 117.39063 -2.0716505 65.556536
 7.6161556 114.9715 0.0086978074 116.90746 -1.9359562 65.555572
 7.6198723 115.15995 0.0086835742 116.80093 -1.6409755 65.554618
 7.6235891 116.31904 0.0085970449 117.45043 -1.1313914 65.553674
 7.6273058 118.61674 0.0084305131 118.98661 -0.36987134 65.55274
 7.6310225 121.74625 0.0082138051 121.22285 0.52340075 65.551816
 7.6347393 125.20555 0.0079868666 123.73971 1.465839 65.550901
 7.638456 128.30145 0.007794144 126.03014 2.2713127 65.549997
 7.6421728 130.40521 0.0076684054 127.69789 2.7073173 65.549103
 7.6458895 131.31841 0.0076150785 128.53044 2.7879667 65.548218
 7.6496063 131.0718 0.0076294063 128.46276 2.6090354 65.547343
 7.653323 129.84331 0.0077015903 127.59727 2.246047 65.546477
 7.6570397 127.81432 0.0078238496 126.13709 1.6772255 65.545622
 7.6607565 125.23742 0.0079848338 124.24954 0.98788118 65.544776
 7.6644732 122.44198 0.0081671338 122.00184 0.4401311 65.54394
 7.66819 119.6419 0.0083582757 119.43621 0.20569048 65.543113
 7.6719067 117.11097 0.0085389099 116.7319 0.3790669 65.542296
 7.6756234 115.05446 0.0086915365 114.1344 0.92005443 65.541489
 7.6793402 113.26921 0.0088285249 111.73208 1.5371222 65.540691
 7.6830569 111.4356 0.0089737927 109.37514 2.0604592 65.539902
 7.6867737 109.20128 0.0091574015 106.74774 2.453548 65.539123
 7.6904904 106.25763 0.0094110889 103.57067 2.6869625 65.538354
 7.6942072 102.53927 0.0097523616 99.838821 2.7004446 65.537593
 7.6979239 98.346565 0.010168123 95.83476 2.5118052 65.536843
 7.7016406 94.062772 0.010631198 91.88449 2.1782825 65.536101
 7.7053574 90.032145 0.011107144 88.251658 1.7804875 65.535369
 7.7090741 86.631569 0.011543136 85.096477 1.5350917 65.534646
 7.7127909 83.910731 0.011917427 82.475317 1.4354141 65.533933
 7.7165076 81.791954 0.012226141 80.41095 1.3810043 65.533228
 7.7202243 80.204501 0.012468128 78.840284 1.3642167 65.532533
 7.7239411 79.132881 0.012636972 77.718421 1.4144602 65.531847
 7.7276578 78.476232 0.012742712 76.98336 1.4928717 65.53117
 7.7313746 78.140198 0.01279751 76.582917 1.5572806 65.530503
 7.7350913 78.106102 0.012803097 76.474393 1.6317094 65.529844
 7.7388081 78.347364 0.012763671 76.673925 1.6734383 65.529195
 7.7425248 78.813922 0.012688114 77.134722 1.6791994 65.528554
 7.7462415 79.563192 0.012568626 77.936617 1.6265744 65.527922
 7.7499583 80.697774 0.012391916 79.162898 1.534876 65.5273
 7.753675 82.299644 0.012150721 80.924736 1.3749081 65.526686
 7.7573918 84.493538 0.011835225 83.357299 1.136239 65.526081
 7.7611085 87.531499 0.011424459 86.602838 0.92866076 65.525486
 7.7648252 91.504855 0.010928382 90.775222 0.72963317 65.524898
 7.768542 96.533925 0.010359052 95.917849 0.61607652 65.52432
 7.7722587 102.71303 0.0097358633 102.06255 0.65047851 65.523751
 7.7759755 109.61341 0.0091229711 109.01469 0.59872186 65.52319
 7.7796922 116.80671 0.0085611521 116.43257 0.37413759 65.522638
 7.783409 123.87709 0.0080725178 123.6836 0.19348817 65.522095
 7.7871257 130.07332 0.0076879718 129.94316 0.13015658 65.52156
 7.7908424 135.04571 0.0074049001 134.51461 0.53109996 65.521034
 7.7945592 138.7731 0.0072060074 136.9764 1.7966984 65.520516
 7.7982759 141.23435 0.0070804305 137.43529 3.7990558 65.520008
 7.8019927 142.33714 0.0070255733 136.3546 5.9825351 65.519507
 7.8057094 142.00574 0.007041969 134.21874 7.7870008 65.519015
 7.8094261 140.22651 0.0071313191 131.37264 8.8538677 65.518532
 7.8131429 136.99175 0.0072997096 128.08862 8.9031332 65.518057
 7.8168596 132.50614 0.0075468199 124.73219 7.7739592 65.51759
 7.8205764 127.53063 0.0078412534 121.80898 5.7216541 65.517132
 7.8242931 122.82102 0.008141929 119.80991 3.0111031 65.516682
 7.8280098 118.93167 0.0084081893 118.93985 -0.0081742502 65.516241
 7.8317266 116.38159 0.0085924242 119.20586 -2.8242695 65.515808
 7.8354433 115.41211 0.0086646021 120.35013 -4.938022 65.515383
 7.8391601 116.04701 0.0086171975 122.09421 -6.0471957 65.514966
 7.8428768 118.10062 0.0084673559 124.30615 -6.2055307 65.514557
 7.8465935 121.42025 0.0082358587 127.06508 -5.6448328 65.514157
 7.8503103 125.86108 0.0079452678 130.47511 -4.6140306 65.513765
 7.854027 130.86307 0.0076415754 134.54894 -3.6858747 65.513381
 7.8577438 135.9815 0.0073539415 138.92922 -2.9477171 65.513005
 7.8614605 140.9337 0.0070955352 143.09687 -2.1631715 65.512636
 7.8651773 145.18013 0.0068879949 146.51583 -1.3357049 65.512276
 7.868894 148.30477 0.0067428713 148.83068 -0.52590512 65.511924
 7.8726107 149.87678 0.0066721476 149.67373 0.20305021 65.51158
 7.8763275 149.6135 0.0066838888 148.81602 0.79748145 65.511244
 7.8800442 147.46104 0.006781452 146.38379 1.0772497 65.510916
 7.883761 143.63138 0.0069622667 142.90525 0.7261329 65.510595
 7.8874777 138.94329 0.0071971808 139.05264 -0.10934425 65.510282
 7.8911945 134.13888 0.0074549601 135.54547 -1.4065879 65.509977
 7.8949112 129.81304 0.0077033861 132.89525 -3.0822071 65.50968
 7.8986279 126.72754 0.0078909448 131.44454 -4.717005 65.509391
 7.9023447 125.27736 0.007982288 131.43101 -6.1536461 65.509109
 7.9060614 125.83386 0.0079469863 132.94671 -7.112846 65.508835
 7.9097782 128.59894 0.0077761138 136.08751 -7.4885726 65.508569
 7.9134949 133.85354 0.0074708523 140.9021 -7.0485654 65.50831
 7.9172116 141.99712 0.0070423963 147.30378 -5.3066604 65.508058
 7.9209284 152.64144 0.0065513007 155.06158 -2.4201398 65.507815
 7.9246451 165.01745 0.0060599653 163.70822 1.3092235 65.507578
 7.9283619 177.93361 0.0056200736 172.38041 5.5532089 65.507349
 7.9320786 188.85391 0.0052950983 179.8289 9.0250118 65.507128
 7.9357953 195.63837 0.0051114718 184.59554 11.042824 65.506914
 7.9395121 196.96916 0.0050769369 185.54351 11.425656 65.506707
 7.9432288 192.87045 0.0051848274 182.6159 10.254555 65.506508
 7.9469456 184.30108 0.0054259043 176.69814 7.6029358 65.506316
 7.9506623 172.62363 0.0057929498 169.00981 3.6138188 65.506132
 7.9543791 160.29965 0.0062383169 160.48129 -0.18164671 65.505954
 7.9580958 148.7349 0.0067233714 151.59266 -2.8577565 65.505784
 7.9618125 138.23242 0.0072341931 142.593 -4.360583 65.505621
 7.9655293 129.11882 0.0077448042 133.86044 -4.7416154 65.505465
 7.969246 121.44857 0.0082339378 125.96698 -4.5184099 65.505316
 7.9729628 115.27792 0.0086746882 119.46995 -4.1920272 65.505174
 7.9766795 110.74045 0.0090301242 114.80975 -4.0693068 65.50504
 7.9803962 108.08795 0.0092517252 112.13276 -4.0448095 65.504912
 7.984113 107.67606 0.0092871151 111.46449 -3.7884271 65.504791
 7.9878297 109.46232 0.0091355639 112.58132 -3.1189972 65.504678
 7.9915465 113.15037 0.0088377972 115.12841 -1.9780427 65.504571
 7.9952632 118.17349 0.008462135 118.53316 -0.35967135 65.504471
 7.9989799 123.30352 0.0081100689 121.99174 1.3117788 65.504378
 8.0026967 127.29765 0.0078556047 124.56921 2.728435 65.504292
 8.0064134 129.24573 0.0077371997 125.41429 3.8314414 65.504212
 8.0101302 128.57916 0.00777731 124.01176 4.5674026 65.50414
 8.0138469 125.44924 0.0079713513 120.46298 4.9862682 65.504074
 8.0175636 120.20451 0.0083191553 115.38512 4.8193935 65.504014
 8.0212804 113.80089 0.0087872773 109.50954 4.2913578 65.503962
 8.0249971 107.18955 0.0093292679 103.59265 3.5968927 65.503916
 8.0287139 100.85991 0.0099147417 98.182898 2.6770158 65.503876
 8.0324306 95.349258 0.010487759 93.617593 1.7316658 65.503844
 8.0361474 90.952568 0.010994742 90.095746 0.85682217 65.503817
 8.0398641 87.797407 0.011389858 87.68079 0.11661657 65.503797
 8.0435808 85.883916 0.011643624 86.356769 -0.47285309 65.503784
 8.0472976 85.106438 0.011749992 86.063435 -0.95699689 65.503777
 8.0510143 85.48245 0.011698308 86.701557 -1.2191074 65.503777
 8.0547311 86.803874 0.011520223 88.083112 -1.2792385 65.503783
 8.0584478 88.74573 0.011268148 90.065204 -1.3194739 65.503795
 8.0621646 91.040194 0.010984159 92.354836 -1.3146414 65.503813
 8.0658813 93.192749 0.010730449 94.584542 -1.3917928 65.503838
 8.069598 94.730372 0.010556276 96.351114 -1.6207419 65.503869
 8.0733148 95.374257 0.01048501 97.32736 -1.953103 65.503906
 8.0770315 95.053327 0.01052041 97.383075 -2.3297483 65.50395
 8.0807483 93.916537 0.010647752 96.629365 -2.7128277 65.503999
 8.084465 92.144 0.010852579 95.1838 -3.0398 65.504055
 8.0881817 90.09877 0.011098931 93.187141 -3.0883706 65.504117
 8.0918985 88.088155 0.011352264 90.730849 -2.6426938 65.504184
 8.0956152 86.188077 0.011602533 87.96646 -1.7783823 65.504258
 8.099332 84.453962 0.011840771 85.183262 -0.72930065 65.504338
 8.1030487 82.916893 0.012060269 82.555583 0.36131048 65.504424
 8.1067654 81.560471 0.012260841 80.231287 1.3291839 65.504515
 8.1104822 80.369382 0.012442549 78.277581 2.0918013 65.504613
 8.1141989 79.329819 0.0126056 76.688911 2.6409075 65.504716
 8.1179157 78.461189 0.012745155 75.485155 2.9760341 65.504825
 8.1216324 77.731845 0.01286474 74.607614 3.1242303 65.50494
 8.1253491 77.169055 0.012958562 74.019535 3.1495195 65.50506
 8.1290659 76.753176 0.013028777 73.684226 3.0689506 65.505187
 8.1327826 76.50811 0.01307051 73.575687 2.932423 65.505319
 8.1364994 76.422152 0.013085211 73.663636 2.7585159 65.505456
 8.1402161 76.505427 0.013070968 74.000719 2.5047079 65.505599
 8.1439329 76.782733 0.013023762 74.56173 2.2210031 65.505748
 8.1476496 77.259982 0.012943311 75.436888 1.8230938 65.505903
 8.1513663 77.970673 0.012825335 76.642761 1.3279116 65.506062
 8.1550831 78.877551 0.012677878 78.232207 0.64534373 65.506228
 8.1587998 79.954231 0.012507155 80.236296 -0.28206465 65.506399
 8.1625166 81.20623 0.012314326 82.673349 -1.4671192 65.506575
 8.1662333 82.644221 0.01210006 85.533089 -2.8888685 65.506756
 8.1699501 84.234823 0.011871575 88.741946 -4.5071237 65.506943
 8.1736668 85.967262 0.011632335 92.163517 -6.1962544 65.507135
 8.1773835 87.880493 0.01137909 95.544816 -7.6643224 65.507333
 8.1811003 89.985316 0.011112924 98.67932 -8.6940041 65.507536
 8.184817 92.327309 0.010831032 101.48188 -9.1545753 65.507744
 8.1885337 94.940564 0.010532906 104.02791 -9.0873468 65.507957
 8.1922505 97.687312 0.010236744 106.42839 -8.741076 65.508175
 8.1959672 100.31545 0.0099685542 108.65962 -8.3441658 65.508398
 8.199684 102.52586 0.0097536369 110.48216 -7.9562993 65.508627
 8.2034007 103.911 0.0096236206 111.49187 -7.5808736 65.50886
 8.2071175 104.18421 0.0095983831 111.36185 -7.1776349 65.509099
 8.2108342 103.38884 0.0096722234 110.18183 -6.7929864 65.509342
 8.2145509 101.85989 0.0098174072 108.41148 -6.5515907 65.50959
 8.2182677 100.08985 0.0099910232 106.68271 -6.5928599 65.509844
 8.2219844 98.640185 0.010137856 105.58001 -6.9398222 65.510102
 8.2257012 98.090139 0.010194705 105.46557 -7.3754347 65.510365
 8.2294179 98.700005 0.010131712 106.48424 -7.7842385 65.510633
 8.2331347 100.45191 0.0099550126 108.57285 -8.1209448 65.510905
 8.2368514 102.8925 0.0097188809 111.42195 -8.5294433 65.511183
 8.2405681 105.5381 0.0094752515 114.48102 -8.9429218 65.511465
 8.2442849 107.86172 0.00927113 117.13203 -9.2703157 65.511751
 8.2480016 109.27822 0.009150954 118.58067 -9.3024449 65.512043
 8.2517184 109.64024 0.009120739 118.57457 -8.9343272 65.512339
 8.2554351 109.0718 0.0091682728 117.2891 -8.2172984 65.512639
 8.2591518 107.99658 0.0092595523 115.29133 -7.2947449 65.512944
 8.2628686 106.91735 0.0093530187 113.34394 -6.4265883 65.513254
 8.2665853 106.3366 0.0094040999 112.04514 -5.7085423 65.513568
 8.2703021 106.68794 0.0093731304 111.8026 -5.1146585 65.513886
 8.2740188 108.15344 0.0092461229 112.68811 -4.5346666 65.514209
 8.2777355 110.70534 0.0090329879 114.5077 -3.8023596 65.514536
 8.2814523 113.84261 0.008784057 116.81958 -2.9769703 65.514868
 8.285169 116.98043 0.0085484385 119.00676 -2.0263333 65.515203
 8.2888858 119.38062 0.0083765688 120.43987 -1.0592514 65.515544
 8.2926025 120.25512 0.0083156545 120.53792 -0.2828068 65.515888
 8.2963192 119.18248 0.008390495 119.00753 0.17495068 65.516236
 8.300036 116.11775 0.0086119476 115.79841 0.31934065 65.516589
 8.3037527 111.57794 0.0089623449 111.26758 0.31036371 65.516946
 8.3074695 106.12825 0.0094225619 106.03514 0.093114656 65.517307
 8.3111862 100.36032 0.0099640975 100.7635 -0.40318054 65.517672
 8.314903 95.120059 0.01051303 95.913173 -0.79311383 65.518041
 8.3186197 90.761701 0.011017863 91.817864 -1.0561631 65.518414
 8.3223364 87.371925 0.011445324 88.705944 -1.3340183 65.518791
 8.3260532 85.094106 0.011751695 86.65881 -1.5647036 65.519172
 8.3297699 83.96917 0.011909133 85.626682 -1.6575124 65.519557
 8.3334867 84.012858 0.01190294 85.590633 -1.577775 65.519945
 8.3372034 85.046387 0.011758289 86.473919 -1.4275327 65.520338
 8.3409202 86.967448 0.011498555 88.104107 -1.1366592 65.520734
 8.3446369 89.555547 0.011166254 90.284929 -0.72938162 65.521134
 8.3483536 92.272845 0.010837425 92.699631 -0.4267865 65.521538
 8.3520704 94.64227 0.010566103 94.971555 -0.32928491 65.521945
 8.3557871 96.372864 0.010376365 96.718011 -0.34514737 65.522356
 8.3595039 97.138878 0.010294539 97.684154 -0.54527619 65.522771
 8.3632206 96.928052 0.010316931 97.825372 -0.89731983 65.523189
 8.3669373 95.849604 0.010433011 97.271078 -1.4214734 65.523611
 8.3706541 94.259753 0.010608982 96.126752 -1.8669994 65.524037
 8.3743708 92.418327 0.010820365 94.418052 -1.9997248 65.524465
 8.3780876 90.451574 0.01105564 92.124232 -1.672658 65.524898
 8.3818043 88.564588 0.011291195 89.371139 -0.80655092 65.525333
 8.385521 86.784559 0.011522787 86.366647 0.4179113 65.525773
 8.3892378 85.06588 0.011755595 83.391627 1.6742528 65.526215
 8.3929545 83.43322 0.011985634 80.616402 2.8168175 65.526661
 8.3966713 81.893588 0.012210968 78.144032 3.7495557 65.52711
 8.400388 80.461344 0.012428328 76.1093 4.3520441 65.527562
 8.4041048 79.148974 0.012634403 74.45034 4.6986343 65.528018
 8.4078215 77.985319 0.012822926 73.135563 4.8497553 65.528476
 8.4115382 76.953702 0.012994826 72.120032 4.8336707 65.528938
 8.415255 76.075483 0.013144839 71.366374 4.7091085 65.529403
 8.4189717 75.367152 0.01326838 70.765233 4.6019193 65.529871
 8.4226885 74.824165 0.013364666 70.349154 4.4750114 65.530342
 8.4264052 74.419301 0.013437374 70.05015 4.3691511 65.530816
 8.4301219 74.104774 0.013494407 69.857497 4.2472779 65.531293
 8.4338387 73.886861 0.013534206 69.724755 4.1621058 65.531773
 8.4375554 73.749601 0.013559395 69.657483 4.0921175 65.532256
 8.4412722 73.684156 0.013571439 69.655117 4.0290386 65.532742
 8.4449889 73.660835 0.013575735 69.725972 3.9348636 65.53323
 8.4487057 73.686752 0.01357096 69.885111 3.801641 65.533722
 8.4524224 73.779872 0.013553832 70.155592 3.6242793 65.534216
 8.4561391 73.967804 0.013519396 70.570373 3.3974309 65.534713
 8.4598559 74.276001 0.013463299 71.163942 3.1120591 65.535213
 8.4635726 74.738467 0.013379991 71.981386 2.757081 65.535715
 8.4672894 75.409711 0.013260892 73.003625 2.4060859 65.53622
 8.4710061 76.349266 0.013097703 74.314068 2.0351976 65.536727
 8.4747228 77.643918 0.012879309 75.847216 1.796702 65.537237
 8.4784396 79.325328 0.012606314 77.600163 1.725165 65.53775
 8.4821563 81.23971 0.012309251 79.464438 1.7752725 65.538265
 8.4858731 83.14461 0.012027238 81.237285 1.907325 65.538782
 8.4895898 84.793493 0.011793358 82.685512 2.1079802 65.539302
 8.4933065 85.844594 0.011648957 83.527419 2.3171753 65.539825
 8.4970233 86.136864 0.011609431 83.548824 2.5880401 65.54035
 8.50074 85.641986 0.011676516 82.736103 2.9058822 65.540877
 8.5044568 84.500188 0.011834293 81.344874 3.1553144 65.541406
 8.5081735 82.954478 0.012054804 79.625861 3.3286174 65.541937
 8.5118903 81.238078 0.012309499 77.836607 3.4014706 65.542471
 8.515607 79.637444 0.012556907 76.152206 3.4852373 65.543007
 8.5193237 78.257352 0.012778352 74.679019 3.5783329 65.543545
 8.5230405 77.092682 0.0129714 73.47853 3.6141515 65.544086
 8.5267572 76.194771 0.01312426 72.56888 3.6258906 65.544628
 8.530474 75.553406 0.013235671 71.952803 3.6006028 65.545173
 8.5341907 75.129125 0.013310417 71.609059 3.5200664 65.545719
 8.5379074 74.914576 0.013348537 71.567466 3.3471101 65.546267
 8.5416242 74.888585 0.01335317 71.805534 3.0830514 65.546818
 8.5453409 75.098173 0.013315903 72.328632 2.7695408 65.54737
 8.5490577 75.55794 0.013234876 73.15064 2.4072999 65.547924
 8.5527744 76.320951 0.013102562 74.259599 2.0613518 65.54848
 8.5564911 77.456731 0.012910434 75.668809 1.7879223 65.549038
 8.5602079 78.979622 0.012661494 77.335658 1.6439643 65.549598
 8.5639246 80.869286 0.012365634 79.183657 1.6856282 65.550159
 8.5676414 83.010783 0.012046628 81.094265 1.9165177 65.550722
 8.5713581 85.080795 0.011753534 82.84011 2.2406854 65.551287
 8.5750749 86.707751 0.011532994 84.125813 2.581938 65.551853
 8.5787916 87.623207 0.011412502 84.700588 2.9226191 65.552421
 8.5825083 87.704508 0.011401922 84.436342 3.2681661 65.552991
 8.5862251 87.004517 0.011493656 83.415895 3.5886211 65.553562
 8.5899418 85.662313 0.011673745 81.899014 3.7632986 65.554134
 8.5936586 83.976947 0.01190803 80.177986 3.798961 65.554708
 8.5973753 82.275813 0.01215424 78.480063 3.7957494 65.555284
 8.601092 80.697896 0.012391897 76.964493 3.7334033 65.555861
 8.6048088 79.393651 0.012595466 75.7231 3.6705517 65.556439
 8.6085255 78.414492 0.012752745 74.807908 3.606584 65.557018
 8.6122423 77.786621 0.012855681 74.261046 3.5255748 65.557599
 8.615959 77.510946 0.012901404 74.074359 3.4365865 65.558181
 8.6196758 77.54128 0.012896357 74.263071 3.278209 65.558765
 8.6233925 77.9241 0.012833 74.834008 3.0900927 65.559349
 8.6271092 78.66261 0.01271252 75.799915 2.8626956 65.559935
 8.630826 79.734128 0.012541681 77.156699 2.5774293 65.560522
 8.6345427 81.169642 0.012319877 78.905808 2.2638339 65.56111
 8.6382595 82.895887 0.012063325 81.006043 1.8898441 65.561699
 8.6419762 84.849106 0.011785628 83.377313 1.4717928 65.562289
 8.6456929 86.94057 0.01150211 85.9078 1.0327691 65.56288
 8.6494097 89.014058 0.011234181 88.396919 0.61713962 65.563472
 8.6531264 90.946294 0.0109955 90.621267 0.32502761 65.564065
 8.6568432 92.680402 0.010789768 92.35115 0.32925239 65.564659
 8.6605599 94.199989 0.010615712 93.54724 0.65274952 65.565254
 8.6642766 95.52802 0.010468133 94.398903 1.1291168 65.565849
 8.6679934 96.83918 0.010326399 95.265962 1.5732182 65.566445
 8.6717101 98.34757 0.010168019 96.518413 1.8291568 65.567042
 8.6754269 100.27279 0.0099727956 98.377115 1.8956714 65.56764
 8.6791436 102.74122 0.0097331915 100.99487 1.7463494 65.568239
 8.6828604 105.64339 0.0094658074 104.26983 1.3735605 65.568838
 8.6865771 108.77956 0.0091929038 107.90276 0.87679693 65.569437
 8.6902938 111.89724 0.0089367705 111.44132 0.45592887 65.570038
 8.6940106 114.68341 0.008719657 114.34319 0.34022262 65.570639
 8.6977273 116.79323 0.0085621399 116.13148 0.66174885 65.57124
 8.7014441 118.06752 0.0084697302 116.61293 1.4545843 65.571842
 8.7051608 118.51313 0.0084378834 116.00487 2.5082669 65.572444
 8.7088775 118.26539 0.0084555594 114.75026 3.5151299 65.573047
 8.7125943 117.47748 0.0085122697 113.36517 4.1123117 65.57365
 8.716311 116.38264 0.0085923468 112.19426 4.188376 65.574253
 8.7200278 115.14045 0.0086850449 111.37057 3.7698813 65.574857
 8.7237445 113.72457 0.0087931749 110.70652 3.0180431 65.575461
 8.7274612 112.07682 0.008922452 109.94969 2.1271237 65.576065
 8.731178 110.08874 0.0090835811 108.7743 1.3144396 65.57667
 8.7348947 107.65829 0.0092886482 107.00795 0.6503429 65.577275
 8.7386115 104.80395 0.0095416249 104.59905 0.20490251 65.577879
 8.7423282 101.66095 0.0098366185 101.5879 0.073047844 65.578484
 8.746045 98.34831 0.010167943 98.192389 0.15592035 65.579089
 8.7497617 95.074628 0.010518053 94.725107 0.34952143 65.579694
 8.7534784 92.020437 0.010867151 91.537001 0.48343591 65.580299
 8.7571952 89.28435 0.011200171 88.818178 0.4661723 65.580904
 8.7609119 86.968231 0.011498452 86.809037 0.15919437 65.581509
 8.7646287 85.172368 0.011740897 85.597517 -0.42514873 65.582114
 8.7683454 84.014905 0.01190265 85.227782 -1.2128763 65.582719
 8.7720622 83.547404 0.011969253 85.742742 -2.1953376 65.583323
 8.7757789 83.800496 0.011933104 87.124604 -3.3241081 65.583928
 8.7794956 84.912249 0.011776864 89.293974 -4.3817248 65.584532
 8.7832124 86.821274 0.011517914 92.145145 -5.3238707 65.585136
 8.7869291 89.398801 0.011185832 95.444533 -6.0457318 65.585739
 8.7906459 92.478264 0.010813352 98.898022 -6.4197583 65.586343
 8.7943626 95.657951 0.010453914 102.10124 -6.4432911 65.586945
 8.7980793 98.51344 0.010150899 104.61688 -6.1034349 65.587548
 8.8017961 100.73783 0.0099267578 106.19795 -5.4601275 65.58815
 8.8055128 102.1483 0.0097896881 106.82389 -4.6755856 65.588752
 8.8092296 102.74067 0.0097332437 106.64034 -3.8996701 65.589353
 8.8129463 102.63602 0.0097431682 105.84316 -3.2071447 65.589953
 8.816663 102.08517 0.0097957419 104.63821 -2.5530408 65.590553
 8.8203798 101.27943 0.0098736733 103.23667 -1.9572422 65.591153
 8.8240965 100.27766 0.009972311 101.86494 -1.5872847 65.591751
 8.8278133 99.154373 0.010085284 100.62587 -1.4714919 65.59235
 8.83153 97.921969 0.010212213 99.511551 -1.5895822 65.592947
 8.8352467 96.58891 0.010353155 98.543184 -1.954274 65.593544
 8.8389635 95.285065 0.010494824 97.748708 -2.4636432 65.594139
 8.8426802 94.17863 0.01061812 97.283199 -3.1045693 65.594735
 8.846397 93.454259 0.010700422 97.285645 -3.8313857 65.595329
 8.8501137 93.228617 0.01072632 97.795915 -4.567298 65.595922
 8.8538305 93.477058 0.010697812 98.755007 -5.2779489 65.596515
 8.8575472 93.992963 0.010639094 99.916693 -5.9237293 65.597106
 8.8612639 94.477592 0.01058452 100.94358 -6.465991 65.597697
 8.8649807 94.626183 0.0105679 101.48431 -6.8581288 65.598286
 8.8686974 94.313454 0.010602941 101.36383 -7.0503777 65.598875
 8.8724142 93.554123 0.010689 100.57908 -7.024962 65.599463
 8.8761309 92.531052 0.010807183 99.350232 -6.81918 65.600049
 8.8798476 91.451182 0.010934796 98.001176 -6.5499938 65.600634
 8.8835644 90.588064 0.011038982 96.86804 -6.2799763 65.601218
 8.8872811 90.173129 0.011089778 96.207133 -6.0340042 65.601801
 8.8909979 90.312014 0.011072724 96.134127 -5.822113 65.602383
 8.8947146 90.983271 0.010991031 96.602286 -5.6190145 65.602963
 8.8984313 92.05379 0.010863214 97.420391 -5.3666014 65.603542
 8.9021481 93.353233 0.010712002 98.280734 -4.9275005 65.60412
 8.9058648 94.642174 0.010566114 98.871871 -4.2296974 65.604696
 8.9095816 95.659261 0.010453771 98.982342 -3.3230807 65.605271
 8.9132983 96.172943 0.010397935 98.518708 -2.3457645 65.605845
 8.9170151 96.028798 0.010413543 97.43869 -1.4098911 65.606417
 8.9207318 95.228511 0.010501057 95.734795 -0.50628457 65.606987
 8.9244485 93.788549 0.010662282 93.472561 0.31598819 65.607556
 8.9281653 91.856211 0.01088658 90.820685 1.0355266 65.608124
 8.931882 89.654096 0.01115398 88.081641 1.572455 65.60869
 8.9355988 87.363492 0.011446429 85.528938 1.834554 65.609254
 8.9393155 85.218257 0.011734575 83.363958 1.8542989 65.609817
 8.9430322 83.426414 0.011986611 81.72726 1.6991546 65.610378
 8.946749 82.122462 0.012176936 80.646273 1.4761888 65.610937
 8.9504657 81.358353 0.012291301 80.134545 1.2238076 65.611494
 8.9541825 81.173175 0.012319341 80.160837 1.0123376 65.61205
 8.9578992 81.602425 0.012254538 80.644122 0.95830293 65.612603
 8.961616 82.55644 0.012112925 81.460411 1.0960284 65.613155
 8.9653327 83.792297 0.011934271 82.450879 1.3414184 65.613705
 8.9690494 85.077268 0.011754021 83.361136 1.716132 65.614253
 8.9727662 86.100881 0.011614283 83.936926 2.1639551 65.614799
 8.9764829 86.591136 0.011548526 83.953711 2.6374247 65.615343
 8.9801997 86.411985 0.011572469 83.346497 3.0654882 65.615886
 8.9839164 85.59744 0.011682592 82.193661 3.4037787 65.616426
 8.9876331 84.361069 0.011853809 80.722805 3.6382639 65.616963
 8.9913499 82.899974 0.01206273 79.147556 3.7524175 65.617499
 8.9950666 81.426882 0.012280956 77.634482 3.7924004 65.618033
 8.9987834 80.135717 0.01247883 76.287917 3.8477996 65.618564
 9.0025001 79.079193 0.012645551 75.166093 3.9130998 65.619094
 9.0062168 78.271461 0.012776049 74.300232 3.9712293 65.619621
 9.0099336 77.705289 0.012869137 73.700484 4.0048052 65.620145
 9.0136503 77.383331 0.01292268 73.365529 4.0178025 65.620668
 9.0173671 77.307345 0.012935381 73.297227 4.0101178 65.621188
 9.0210838 77.459455 0.01290998 73.509633 3.949822 65.621705
 9.0248006 77.862305 0.012843185 74.018776 3.8435291 65.62222
 9.0285173 78.480131 0.012742079 74.857495 3.6226358 65.622733
 9.032234 79.320824 0.01260703 76.083906 3.2369182 65.623243
 9.0359508 80.407791 0.012436606 77.719196 2.6885948 65.623751
 9.0396675 81.78507 0.012227171 79.80461 1.9804593 65.624256
 9.0433843 83.413096 0.011988525 82.351058 1.0620385 65.624759
 9.047101 85.299466 0.011723403 85.34078 -0.041313089 65.625259
 9.0508178 87.423449 0.011438579 88.652577 -1.2291281 65.625756
 9.0545345 89.659747 0.011153277 92.118462 -2.4587156 65.626251
 9.0582512 91.92142 0.010878857 95.423614 -3.5021939 65.626743
 9.061968 94.067251 0.010630692 98.15702 -4.089769 65.627232
 9.0656847 95.908231 0.010426634 99.968914 -4.060683 65.627718
 9.0694015 97.285922 0.01027898 100.61667 -3.3307506 65.628202
 9.0731182 98.077362 0.010196033 100.13718 -2.0598178 65.628683
 9.0768349 98.283592 0.010174638 98.875133 -0.5915411 65.629161
 9.0805517 97.952087 0.010209073 97.280234 0.67185344 65.629636
 9.0842684 97.293783 0.010278149 95.783225 1.5105575 65.630108
 9.0879852 96.600787 0.010351883 94.712317 1.8884702 65.630577
 9.0917019 96.115089 0.010404194 94.25561 1.8594792 65.631043
 9.0954186 96.035085 0.010412861 94.49878 1.5363048 65.631506
 9.0991354 96.43443 0.01036974 95.400315 1.0341151 65.631966
 9.1028521 97.26033 0.010281684 96.845853 0.41447753 65.632423
 9.1065689 98.330905 0.010169743 98.605169 -0.27426422 65.632877
 9.1102856 99.414683 0.010058876 100.46293 -1.0482516 65.633327
 9.1140023 100.4433 0.0099558656 102.2822 -1.8389002 65.633775
 9.1177191 101.44541 0.009857518 104.01966 -2.5742507 65.634219
 9.1214358 102.42702 0.0097630489 105.68119 -3.2541696 65.63466
 9.1251526 103.38096 0.0096729614 107.21368 -3.8327265 65.635098
 9.1288693 104.2347 0.0095937339 108.42988 -4.195172 65.635532
 9.1325861 104.8125 0.009540847 109.03073 -4.2182357 65.635963
 9.1363028 104.90154 0.0095327487 108.71112 -3.8095776 65.636391
 9.1400195 104.31714 0.0095861527 107.30422 -2.9870793 65.636815
 9.1437363 103.02548 0.0097063365 104.93165 -1.9061692 65.637236
 9.147453 101.08089 0.0098930669 101.97201 -0.89112374 65.637653
 9.1511698 98.682983 0.010133459 98.81461 -0.13162681 65.638067
 9.1548865 96.174103 0.01039781 95.781283 0.39281972 65.638477
 9.1586033 93.744911 0.010667246 93.113711 0.63120008 65.638883
 9.16232 91.513011 0.010927408 90.934959 0.57805146 65.639286
 9.1660367 89.609922 0.011159479 89.298074 0.31184819 65.639686
 9.1697535 88.05482 0.011356562 88.145626 -0.090805921 65.640082
 9.1734702 86.81248 0.011519081 87.379455 -0.56697551 65.640474
 9.1771869 85.844147 0.011649018 86.83258 -0.98843359 65.640862
 9.1809037 85.103612 0.011750383 86.284422 -1.1808093 65.641246
 9.1846204 84.471827 0.011838266 85.522486 -1.050659 65.641627
 9.1883372 83.880913 0.011921663 84.466222 -0.58530936 65.642004
 9.1920539 83.291435 0.012006036 83.165004 0.1264314 65.642377
 9.1957707 82.668238 0.012096544 81.732226 0.93601244 65.642746
 9.1994874 81.99249 0.012196239 80.337465 1.6550255 65.643112
 9.2032041 81.274656 0.012303959 79.096127 2.1785286 65.643473
 9.2069209 80.557167 0.012413545 78.114839 2.4423277 65.64383
 9.2106376 79.927259 0.012511376 77.467658 2.4596005 65.644184
 9.2143544 79.42111 0.012591111 77.212435 2.2086748 65.644533
 9.2180711 79.141179 0.012635647 77.393325 1.7478539 65.644878
 9.2217879 79.166997 0.012631526 78.092859 1.0741381 65.645219
 9.2255046 79.636734 0.012557019 79.337182 0.2995518 65.645556
 9.2292213 80.688942 0.012393272 81.151968 -0.4630265 65.645889
 9.2329381 82.449847 0.012128585 83.594345 -1.1444976 65.646218
 9.2366548 85.07444 0.011754412 86.605563 -1.5311234 65.646542
 9.2403716 88.66247 0.011278729 90.132578 -1.4701072 65.646862
 9.2440883 92.965047 0.010756731 94.010821 -1.0457742 65.647178
 9.247805 97.645795 0.010241096 97.973083 -0.32728824 65.64749
 9.2515218 102.16828 0.0097877738 101.61636 0.55191897 65.647797
 9.2552385 105.73944 0.0094572093 104.43167 1.3077724 65.6481
 9.2589553 107.93419 0.0092649052 105.9623 1.9718864 65.648398
 9.262672 108.60138 0.0092079857 106.08503 2.5163532 65.648692
 9.2663887 107.97175 0.0092616816 105.0437 2.9280534 65.648981
 9.2701055 106.40774 0.0093978128 103.29905 3.1086915 65.649266
 9.2738222 104.40975 0.0095776499 101.32662 3.0831276 65.649547
 9.277539 102.53071 0.0097531753 99.410324 3.1203873 65.649823
 9.2812557 100.83724 0.0099169714 97.646735 3.1905016 65.650094
 9.2849724 99.245476 0.010076026 95.962691 3.2827845 65.650361
 9.2886892 97.635765 0.010242148 94.242495 3.3932705 65.650623
 9.2924059 95.875338 0.010430211 92.495674 3.3796644 65.65088
 9.2961227 93.965062 0.010642253 90.812904 3.1521589 65.651133
 9.2998394 92.033785 0.010865575 89.338649 2.6951361 65.65138
 9.3035562 90.20238 0.011086182 88.179386 2.0229936 65.651624
 9.3072729 88.573481 0.011290061 87.4108 1.1626812 65.651862
 9.3109896 87.270808 0.011458585 86.977937 0.2928706 65.652095
 9.3147064 86.327782 0.011583756 86.756785 -0.4290035 65.652324
 9.3184231 85.675273 0.011671979 86.579508 -0.90423531 65.652548
 9.3221399 85.231308 0.011732778 86.268641 -1.0373331 65.652766
 9.3258566 84.948003 0.011771907 85.745013 -0.79700959 65.65298
 9.3295734 84.820808 0.01178956 85.107265 -0.28645653 65.653189
 9.3332901 84.798444 0.011792669 84.513064 0.2853801 65.653393
 9.3370068 84.912201 0.011776871 84.159582 0.7526188 65.653591
 9.3407236 85.171346 0.011741038 84.204648 0.96669836 65.653785
 9.3444403 85.595683 0.011682832 84.75186 0.84382282 65.653974
 9.348157 86.256157 0.011593375 85.811235 0.4449218 65.654157
 9.3518738 87.175985 0.011471049 87.355408 -0.17942363 65.654335
 9.3555905 88.309736 0.01132378 89.252021 -0.94228511 65.654509
 9.3593073 89.553693 0.011166485 91.305418 -1.7517252 65.654676
 9.363024 90.750587 0.011019212 93.212924 -2.4623364 65.654839
 9.3667408 91.658908 0.010910014 94.616454 -2.9575461 65.654996
 9.3704575 92.078265 0.010860326 95.25501 -3.176745 65.655148
 9.3741742 91.913684 0.010879773 94.952401 -3.0387177 65.655295
 9.377891 91.183177 0.010966935 93.717082 -2.5339052 65.655436
 9.3816077 90.00961 0.011109925 91.758804 -1.7491937 65.655572
 9.3853245 88.54671 0.011293474 89.353217 -0.80650687 65.655703
 9.3890412 87.012136 0.01149265 86.824796 0.1873396 65.655828
 9.392758 85.489408 0.011697356 84.457108 1.0323 65.655947
 9.3964747 84.073987 0.011894285 82.413361 1.6606259 65.656061
 9.4001914 82.873611 0.012066567 80.81732 2.0562913 65.65617
 9.4039082 81.940684 0.01220395 79.739839 2.200845 65.656273
 9.4076249 81.336843 0.012294551 79.195748 2.1410948 65.65637
 9.4113417 81.119756 0.012327453 79.17823 1.9415258 65.656461
 9.4150584 81.353363 0.012292055 79.652337 1.7010258 65.656547
 9.4187751 82.094798 0.01218104 80.598434 1.4963643 65.656628
 9.4224919 83.287305 0.012006632 81.930449 1.3568558 65.656702
 9.4262086 84.874807 0.011782059 83.549884 1.3249225 65.656771
 9.4299254 86.736977 0.011529108 85.322403 1.4145739 65.656834
 9.4336421 88.633458 0.011282421 87.096937 1.5365216 65.656891
 9.4373589 90.428535 0.011058456 88.726095 1.7024409 65.656943
 9.4410756 92.045957 0.010864138 90.166741 1.8792162 65.656988
 9.4447923 93.420972 0.010704235 91.473682 1.9472905 65.657028
 9.4485091 94.574061 0.010573724 92.722777 1.8512837 65.657062
 9.4522258 95.552521 0.010465449 93.946378 1.6061429 65.65709
 9.4559425 96.394847 0.010373999 95.133353 1.2614932 65.657111
 9.4596593 97.156784 0.010292642 96.340417 0.8163673 65.657127
 9.463376 97.887062 0.010215855 97.609999 0.27706285 65.657137
 9.4670928 98.61083 0.010140874 98.994191 -0.38336094 65.657141
 9.4708095 99.291196 0.010071386 100.43574 -1.1445482 65.657138
 9.4745263 99.870842 0.010012933 101.76784 -1.8969949 65.65713
 9.478243 100.22674 0.009977377 102.84791 -2.6211653 65.657115
 9.4819597 100.21414 0.0099786318 103.39458 -3.1804446 65.657094
 9.4856765 99.728025 0.010027272 103.22143 -3.4934007 65.657067
 9.4893932 98.748942 0.010126691 102.17889 -3.4299491 65.657034
 9.49311 97.304189 0.01027705 100.21977 -2.9155839 65.656995
 9.4968267 95.491173 0.010472172 97.52252 -2.0313469 65.656949
 9.5005435 93.475774 0.010697959 94.412297 -0.93652304 65.656897
 9.5042602 91.390271 0.010942084 91.271177 0.11909451 65.656838
 9.5079769 89.32977 0.011194476 88.417742 0.91202852 65.656773
 9.5116937 87.468018 0.01143275 86.040836 1.4271819 65.656702
 9.5154104 85.886248 0.011643308 84.269934 1.616314 65.656625
 9.5191272 84.705363 0.011805628 83.171888 1.5334747 65.65654
 9.5228439 84.027425 0.011900876 82.778028 1.249397 65.65645
 9.5265606 83.917651 0.011916444 83.029868 0.88778315 65.656353
 9.5302774 84.39461 0.011849098 83.891936 0.50267427 65.656249
 9.5339941 85.424985 0.011706177 85.270428 0.15455697 65.656139
 9.5377109 86.956973 0.01149994 87.021251 -0.064278353 65.656022
 9.5414276 88.878049 0.011251372 88.949905 -0.071855821 65.655899
 9.5451443 90.951889 0.010994824 90.816238 0.13565095 65.655769
 9.5488611 92.992765 0.010753525 92.4088 0.58396488 65.655632
 9.5525778 94.809166 0.010547503 93.604181 1.2049845 65.655489
 9.5562946 96.196187 0.010395422 94.348786 1.8474012 65.655338
 9.5600113 97.009379 0.010308282 94.626968 2.382411 65.655181
 9.563728 97.147906 0.010293583 94.401917 2.7459888 65.655018
 9.5674448 96.595248 0.010352476 93.684941 2.9103068 65.654847
 9.5711615 95.416822 0.010480332 92.501887 2.9149344 65.65467
 9.5748783 93.754784 0.010666122 91.001094 2.7536893 65.654486
 9.578595 91.841779 0.010888291 89.367571 2.4742079 65.654295
 9.5823118 89.882306 0.01112566 87.852161 2.0301456 65.654097
 9.5860285 88.126465 0.011347329 86.673753 1.4527123 65.653892
 9.5897452 86.797663 0.011521047 85.978857 0.81880658 65.65368
 9.593462 86.019526 0.011625267 85.842055 0.17747068 65.653461
 9.5971787 85.829661 0.011650984 86.268444 -0.43878263 65.653235
 9.6008955 86.241938 0.011595287 87.173087 -0.93114828 65.653002
 9.6046122 87.20251 0.01146756 88.406603 -1.2040931 65.652762
 9.608329 88.577779 0.011289513 89.735568 -1.157789 65.652515
 9.6120457 90.053932 0.011104457 90.847272 -0.79333954 65.652261
 9.6157624 91.347 0.010947267 91.474358 -0.12735829 65.651999
 9.6194792 92.165082 0.010850096 91.402951 0.76213112 65.651731
 9.6231959 92.295682 0.010834743 90.584547 1.711135 65.651455
 9.6269126 91.695503 0.01090566 89.165281 2.5302222 65.651172
 9.6306294 90.463084 0.011054233 87.366266 3.0968175 65.650881
 9.6343461 88.84184 0.011255958 85.496937 3.344903 65.650584
 9.6380629 87.060725 0.011486236 83.793721 3.267004 65.650279
 9.6417796 85.384857 0.011711679 82.440522 2.9443355 65.649967
 9.6454964 84.091993 0.011891739 81.555258 2.5367345 65.649647
 9.6492131 83.267822 0.012009441 81.178686 2.0891366 65.64932
 9.6529298 82.934385 0.012057725 81.313466 1.620919 65.648986
 9.6566466 83.05722 0.012039892 81.911281 1.1459395 65.648644
 9.6603633 83.569377 0.011966106 82.902741 0.6666358 65.648295
 9.6640801 84.325584 0.011858797 84.108964 0.21662091 65.647938
 9.6677968 85.074763 0.011754367 85.338478 -0.2637155 65.647573
 9.6715136 85.683932 0.0116708 86.400186 -0.71625405 65.647202
 9.6752303 86.038617 0.011622688 87.130873 -1.0922553 65.646822
 9.678947 86.116613 0.011612161 87.449361 -1.3327481 65.646435
 9.6826638 85.943634 0.011635533 87.340221 -1.3965872 65.64604
 9.6863805 85.601802 0.011681997 86.813199 -1.2113978 65.645638
 9.6900973 85.21653 0.011734813 85.943207 -0.72667731 65.645228
 9.693814 84.86086 0.011783996 84.896238 -0.035377397 65.644811
 9.6975307 84.580149 0.011823105 83.838183 0.74196629 65.644385
 9.7012475 84.379779 0.011851181 82.931542 1.4482361 65.643952
 9.7049642 84.248304 0.011869675 82.28434 1.9639633 65.643511
 9.708681 84.166336 0.011881235 81.899786 2.2665505 65.643062
 9.7123977 84.117622 0.011888115 81.747699 2.3699239 65.642606
 9.7161144 84.082324 0.011893106 81.721465 2.3608585 65.642142
 9.7198312 84.034149 0.011899924 81.677659 2.3564905 65.641669
 9.7235479 83.950981 0.011911713 81.49246 2.4585212 65.641189
 9.7272647 83.818827 0.011930494 81.116321 2.7025063 65.640701
 9.7309814 83.642598 0.01195563 80.59886 3.0437381 65.640205
 9.7346981 83.439006 0.011984802 80.062412 3.3765934 65.639701
 9.7384149 83.223869 0.012015784 79.626939 3.5969299 65.63919
 9.7421316 83.036776 0.012042857 79.37428 3.6624966 65.63867
 9.7458484 82.907946 0.01206157 79.338498 3.5694485 65.638142
 9.7495651 82.849996 0.012070007 79.506256 3.3437394 65.637606
 9.7532819 82.842885 0.012071043 79.836997 3.0058886 65.637061
 9.7569986 82.878354 0.012065877 80.194439 2.6839155 65.636509
 9.7607153 82.917887 0.012060124 80.452021 2.4658668 65.635949
 9.7644321 82.91776 0.012060142 80.480007 2.4377533 65.63538
 9.7681488 82.841601 0.01207123 80.335474 2.5061271 65.634804
 9.7718656 82.682945 0.012094393 80.065813 2.6171327 65.634219
 9.7755823 82.490667 0.012122584 79.828918 2.661749 65.633625
 9.7792991 82.393021 0.01213695 79.690507 2.7025139 65.633024
 9.7830158 82.518163 0.012118544 79.793346 2.7248174 65.632414
 9.7867325 82.94854 0.012055667 80.109886 2.8386541 65.631796
 9.7904493 83.725164 0.01194384 80.649966 3.0751975 65.63117
 9.794166 84.788376 0.01179407 81.343161 3.4452147 65.630535
 9.7978828 85.958003 0.011633588 82.028979 3.9290233 65.629892
 9.8015995 86.944979 0.011501527 82.549216 4.3957638 65.629241
 9.8053162 87.522608 0.011425619 82.705865 4.8167438 65.628581
 9.809033 87.520185 0.011425936 82.414147 5.1060376 65.627913
 9.8127497 86.924182 0.011504279 81.714057 5.2101242 65.627236
 9.8164665 85.818858 0.011652451 80.761411 5.0574465 65.626551
 9.8201832 84.443225 0.011842276 79.721924 4.7213007 65.625857
 9.8238999 83.033948 0.012043267 78.766996 4.2669518 65.625154
 9.8276167 81.745008 0.012233163 78.015413 3.729595 65.624444
 9.8313334 80.698499 0.012391804 77.540585 3.1579135 65.623724
 9.8350502 79.966817 0.012505187 77.438175 2.5286421 65.622996
 9.8387669 79.545794 0.012571375 77.712643 1.8331514 65.622259
 9.8424837 79.411049 0.012592706 78.415886 0.99516282 65.621514
 9.8462004 79.530418 0.012573805 79.514539 0.015879561 65.62076
 9.8499171 79.926376 0.012511514 81.018541 -1.0921648 65.619997
 9.8536339 80.55619 0.012413695 82.862172 -2.305982 65.619226
 9.8573506 81.370809 0.012289419 84.972995 -3.6021862 65.618446
 9.8610674 82.355614 0.012142463 87.211872 -4.8562581 65.617657
 9.8647841 83.464572 0.011981131 89.39307 -5.9284985 65.616859
 9.8685008 84.637403 0.011815107 91.315748 -6.6783449 65.616052
 9.8722176 85.807632 0.011653975 92.820093 -7.0124602 65.615237
 9.8759343 86.901034 0.011507343 93.857288 -6.9562543 65.614413
 9.8796511 87.861036 0.01138161 94.504875 -6.643839 65.61358
 9.8833678 88.697108 0.011274325 94.87029 -6.1731821 65.612738
 9.8870846 89.472877 0.011176571 95.1755 -5.7026227 65.611887
 9.8908013 90.298787 0.011074346 95.625216 -5.3264289 65.611027
 9.894518 91.296473 0.010953326 96.411725 -5.115252 65.610158
 9.8982348 92.571203 0.010802496 97.654835 -5.0836323 65.60928
 9.9019515 94.144503 0.010621969 99.361777 -5.2172741 65.608394
 9.9056683 95.989647 0.01041779 101.40459 -5.4149415 65.607498
 9.909385 97.945025 0.010209809 103.57606 -5.6310369 65.606593
 9.9131017 99.7942 0.010020622 105.62506 -5.8308556 65.605679
 9.9168185 101.33053 0.0098686942 107.31481 -5.984277 65.604756
 9.9205352 102.37426 0.0097680806 108.49242 -6.1181644 65.603824
 9.924252 102.83929 0.0097239096 109.07231 -6.2330127 65.602883
 9.9279687 102.74235 0.0097330847 109.04498 -6.3026341 65.601932
 9.9316854 102.20368 0.0097843838 108.49002 -6.2863392 65.600973
 9.9354022 101.38659 0.0098632374 107.60103 -6.2144385 65.600004
 9.9391189 100.47031 0.0099531888 106.65093 -6.1806163 65.599026
 9.9428357 99.681913 0.01003191 105.91498 -6.2330631 65.598038
 9.9465524 99.208389 0.010079793 105.63455 -6.426157 65.597042
 9.9502692 99.167981 0.0100839 105.93444 -6.7664567 65.596036
 9.9539859 99.630005 0.010037137 106.87334 -7.2433349 65.595021
 9.9577026 100.58562 0.0099417787 108.37264 -7.7870175 65.593997
 9.9614194 102.00314 0.0098036199 110.28395 -8.2808097 65.592963
 9.9651361 103.7171 0.0096416117 112.42388 -8.7067765 65.59192
 9.9688529 105.55045 0.0094741424 114.56418 -9.0137316 65.590867
 9.9725696 107.38726 0.0093120915 116.51164 -9.1243818 65.589805
 9.9762863 109.05875 0.0091693694 118.10907 -9.0503167 65.588734
 9.9800031 110.39302 0.0090585441 119.16428 -8.7712685 65.587653
 9.9837198 111.27498 0.0089867459 119.58105 -8.3060696 65.586563
 9.9874366 111.6726 0.0089547481 119.36905 -7.6964543 65.585463
 9.9911533 111.5792 0.0089622438 118.64781 -7.06861 65.584354
 9.99487 111.0042 0.009008668 117.65979 -6.6555861 65.583235
 9.9985868 110.05325 0.0090865105 116.60202 -6.5487719 65.582107
 10.002304 108.89677 0.0091830085 115.62327 -6.726499 65.580969
 10.00602 107.63706 0.0092904807 114.76142 -7.1243645 65.579822
 10.009737 106.45003 0.0093940793 113.91446 -7.4644341 65.578665
 10.013454 105.48103 0.0094803776 113.01654 -7.5355043 65.577498
 10.017171 104.81451 0.0095406641 112.06602 -7.2515119 65.576322
 10.020887 104.46302 0.0095727653 111.11911 -6.6560913 65.575136
 10.024604 104.38124 0.0095802653 110.3065 -5.9252532 65.57394
 10.028321 104.51488 0.0095680154 109.6612 -5.1463213 65.572735
 10.032037 104.72821 0.0095485258 109.11437 -4.3861669 65.57152
 10.035754 104.87195 0.0095354384 108.56826 -3.6963119 65.570295
 10.039471 104.80385 0.0095416346 107.91652 -3.1126755 65.56906
 10.043188 104.43729 0.0095751241 107.07398 -2.6366941 65.567816
 10.046904 103.68838 0.009644282 105.97426 -2.2858816 65.566562
 10.050621 102.5536 0.0097509988 104.53117 -1.9775783 65.565298
 10.054338 101.06605 0.0098945195 102.65224 -1.5861852 65.564024
 10.058055 99.266673 0.010073874 100.29074 -1.0240631 65.56274
 10.061771 97.154246 0.010292911 97.504965 -0.35071875 65.561447
 10.065488 94.864171 0.010541388 94.482023 0.38214854 65.560143
 10.069205 92.516157 0.010808923 91.491612 1.0245447 65.55883
 10.072922 90.212054 0.011084993 88.736558 1.475496 65.557507
 10.076638 88.092964 0.011351644 86.358086 1.7348786 65.556174
 10.080355 86.280528 0.011590101 84.421833 1.8586951 65.554831
 10.084072 84.799146 0.011792572 82.965982 1.833164 65.553478
 10.087789 83.69986 0.011947451 81.963333 1.7365266 65.552114
 10.091505 82.943825 0.012056353 81.360905 1.58292 65.550741
 10.095222 82.526922 0.012117258 81.108165 1.4187568 65.549358
 10.098939 82.351301 0.012143099 81.107531 1.2437691 65.547965
 10.102656 82.360181 0.01214179 81.267718 1.0924631 65.546562
 10.106372 82.542798 0.012114927 81.515281 1.0275174 65.545148
 10.110089 82.864047 0.01206796 81.819301 1.0447454 65.543725
 10.113806 83.286677 0.012006722 82.208194 1.0784834 65.542291
 10.117523 83.822296 0.01193 82.735281 1.087015 65.540848
 10.121239 84.49689 0.011834755 83.452057 1.0448326 65.539394
 10.124956 85.292539 0.011724355 84.390683 0.90185604 65.53793
 10.128673 86.158511 0.011606514 85.553512 0.60499837 65.536455
 10.132389 87.067513 0.01148534 86.941789 0.12572365 65.534971
 10.136106 88.002439 0.011363321 88.581014 -0.57857523 65.533476
 10.139823 88.959231 0.011241104 90.533861 -1.5746298 65.531971
 10.14354 89.935941 0.011119025 92.828942 -2.8930011 65.530456
 10.147256 90.98629 0.010990667 95.51001 -4.5237199 65.528931
 10.150973 92.146617 0.01085227 98.515001 -6.3683846 65.527395
 10.15469 93.423999 0.010703888 101.67553 -8.2515281 65.525849
 10.158407 94.844376 0.010543588 104.76871 -9.9243321 65.524293
 10.162123 96.440694 0.010369067 107.52935 -11.088659 65.522726
 10.16584 98.20049 0.010183249 109.81385 -11.613364 65.521149
 10.169557 100.08799 0.0099912088 111.68352 -11.59553 65.519561
 10.173274 102.14974 0.0097895504 113.3737 -11.223964 65.517964
 10.17699 104.36811 0.0095814712 115.17388 -10.805771 65.516355
 10.180707 106.73293 0.0093691796 117.28938 -10.556451 65.514737
 10.184424 109.24449 0.0091537794 119.77424 -10.529745 65.513107
 10.188141 111.84387 0.008941035 122.51105 -10.667179 65.511468
 10.191857 114.43536 0.0087385576 125.20842 -10.773057 65.509818
 10.195574 116.8712 0.0085564279 127.44858 -10.577384 65.508157
 10.199291 118.94374 0.0084073364 128.81193 -9.8681937 65.506486
 10.203008 120.39701 0.0083058542 129.00858 -8.6115759 65.504805
 10.206724 121.04007 0.0082617266 128.02706 -6.9869872 65.503113
 10.210441 120.80207 0.0082780038 126.06851 -5.2664396 65.50141
 10.214158 119.76989 0.0083493439 123.48922 -3.7193351 65.499697
 10.217875 118.05595 0.00847056 120.63553 -2.5795793 65.497973
 10.221591 115.94443 0.0086248216 117.77459 -1.8301665 65.496239
 10.225308 113.6913 0.0087957476 115.09364 -1.4023338 65.494494
 10.229025 111.46804 0.0089711811 112.67079 -1.2027468 65.492738
 10.232741 109.38965 0.009141633 110.5249 -1.1352577 65.490972
 10.236458 107.43451 0.0093079964 108.6055 -1.1709927 65.489195
 10.240175 105.4959 0.0094790418 106.81708 -1.3211864 65.487408
 10.243892 103.45608 0.0096659372 105.06099 -1.6049103 65.485609
 10.247608 101.29964 0.0098717037 103.30763 -2.0079978 65.4838
 10.251325 99.04203 0.010096724 101.65549 -2.6134592 65.481981
 10.255042 96.840645 0.010326243 100.25568 -3.4150361 65.48015
 10.258759 94.875575 0.010540121 99.291606 -4.4160308 65.478309
 10.262475 93.366486 0.010710481 98.92786 -5.5613748 65.476457
 10.266192 92.543958 0.010805676 99.314419 -6.7704613 65.474595
 10.269909 92.554385 0.010804458 100.52455 -7.97017 65.472721
 10.273626 93.536802 0.010690979 102.61722 -9.0804199 65.470837
 10.277342 95.504211 0.010470742 105.59774 -10.093526 65.468942
 10.281059 98.424014 0.010160122 109.40241 -10.978392 65.467036
 10.284776 102.19888 0.0097848435 113.85417 -11.655298 65.46512
 10.288493 106.46782 0.0093925095 118.67384 -12.20602 65.463192
 10.292209 110.94886 0.0090131613 123.52989 -12.58103 65.461254
 10.295926 115.48727 0.0086589629 128.1178 -12.630528 65.459304
 10.299643 119.82235 0.0083456886 132.33159 -12.509244 65.457344
 10.30336 123.9561 0.0080673724 136.23822 -12.282122 65.455373
 10.307076 127.96514 0.0078146282 139.96837 -12.003228 65.453391
 10.310793 131.77989 0.0075884111 143.55841 -11.778523 65.451398
 10.31451 135.26259 0.0073930272 146.78977 -11.527177 65.449394
 10.318227 138.17691 0.0072370994 149.22913 -11.052223 65.447379
 10.321943 140.06477 0.0071395539 150.39411 -10.329333 65.445354
 10.32566 140.54343 0.0071152385 149.90239 -9.3589648 65.443317
 10.329377 139.30009 0.0071787463 147.70776 -8.4076698 65.441269
 10.333094 136.47836 0.0073271688 144.03378 -7.5554121 65.43921
 10.33681 132.37216 0.0075544585 139.3434 -6.9712423 65.43714
 10.340527 127.35959 0.007851784 134.13887 -6.7792812 65.435059
 10.344244 122.17805 0.0081847764 128.93035 -6.752306 65.432968
 10.34796 117.29808 0.0085252887 124.16986 -6.8717815 65.430865
 10.351677 112.99041 0.0088503082 120.20121 -7.2107929 65.428751
 10.355394 109.54641 0.0091285509 117.2129 -7.6664845 65.426625
 10.359111 107.02412 0.0093436882 115.26316 -8.2390447 65.424489
 10.362827 105.40399 0.0094873072 114.26899 -8.8650078 65.422342
 10.366544 104.62239 0.0095581836 114.08979 -9.4674038 65.420183
 10.370261 104.57019 0.0095629545 114.54047 -9.9702739 65.418014
 10.373978 105.15641 0.009509644 115.36674 -10.210334 65.415833
 10.377694 106.07165 0.0094275897 116.24334 -10.171689 65.413641
 10.381411 107.02525 0.0093435899 116.74904 -9.7237953 65.411438
 10.385128 107.70315 0.0092847799 116.46454 -8.761395 65.409224
 10.388845 107.77177 0.0092788674 115.11934 -7.3475693 65.406999
 10.392561 107.01517 0.0093444698 112.66897 -5.6538051 65.404762
 10.396278 105.39992 0.0094876735 109.26557 -3.8656515 65.402514
 10.399995 103.11014 0.0096983672 105.28951 -2.1793696 65.400255
 10.403712 100.33061 0.0099670477 101.16513 -0.83451483 65.397985
 10.407428 97.319308 0.010275453 97.228451 0.090857083 65.395703
 10.411145 94.406316 0.010592512 93.731128 0.67518803 65.393411
 10.414862 91.766721 0.010897197 90.799883 0.96683832 65.391107
 10.418579 89.496585 0.011173611 88.505509 0.99107531 65.388791
 10.422295 87.730698 0.011398519 86.832897 0.89780086 65.386465
 10.426012 86.453687 0.011566887 85.713406 0.74028134 65.384127
 10.429729 85.627754 0.011678456 85.037764 0.58999019 65.381778
 10.433446 85.116536 0.011748598 84.680401 0.4361352 65.379417
 10.437162 84.800016 0.011792451 84.473308 0.32670785 65.377045
 10.440879 84.55501 0.01182662 84.307854 0.24715693 65.374662
 10.444596 84.289993 0.011863804 84.141783 0.14821042 65.372268
 10.448312 83.964813 0.011909751 84.058254 -0.093440389 65.369862
 10.452029 83.633939 0.011956868 84.086339 -0.45240024 65.367445
 10.455746 83.36851 0.011994937 84.35024 -0.98173014 65.365016
 10.459463 83.224815 0.012015647 84.894785 -1.6699701 65.362576
 10.463179 83.2677 0.012009459 85.688564 -2.4208637 65.360125
 10.466896 83.527707 0.011972075 86.699922 -3.1722141 65.357662
 10.470613 83.985364 0.011906836 87.79657 -3.8112061 65.355188
 10.47433 84.597844 0.011820632 88.82539 -4.2275455 65.352702
 10.478046 85.305626 0.011722556 89.65534 -4.3497139 65.350205
 10.481763 86.029566 0.011623911 90.20069 -4.1711231 65.347697
 10.48548 86.695351 0.011534644 90.443436 -3.7480856 65.345177
 10.489197 87.196986 0.011468286 90.357459 -3.1604735 65.342645
 10.492913 87.554522 0.011421455 89.982628 -2.4281062 65.340102
 10.49663 87.759646 0.011394759 89.397091 -1.6374445 65.337548
 10.500347 87.866302 0.011380927 88.699823 -0.83352033 65.334982
 10.504064 87.910688 0.011375181 88.000631 -0.08994293 65.332405
 10.50778 87.90357 0.011376102 87.333838 0.56973172 65.329816
 10.511497 87.781517 0.01139192 86.663673 1.1178438 65.327216
 10.515214 87.464447 0.011433217 85.981426 1.4830209 65.324604
 10.518931 86.942568 0.011501846 85.259378 1.6831901 65.321981
 10.522647 86.276281 0.011590671 84.600846 1.6754343 65.319346
 10.526364 85.554703 0.011688428 84.120366 1.434337 65.3167
 10.530081 84.880285 0.011781299 83.977695 0.90258954 65.314042
 10.533798 84.432434 0.01184379 84.258894 0.17353962 65.311372
 10.537514 84.344068 0.011856198 85.016485 -0.67241724 65.308691
 10.541231 84.696805 0.011806821 86.251002 -1.5541971 65.305999
 10.544948 85.481107 0.011698491 87.889756 -2.4086488 65.303294
 10.548665 86.630948 0.011543219 89.804343 -3.173395 65.300579
 10.552381 88.01402 0.011361826 91.800695 -3.7866745 65.297851
 10.556098 89.395513 0.011186244 93.56696 -4.1714473 65.295112
 10.559815 90.599556 0.011037582 94.812121 -4.212565 65.292362
 10.563531 91.432681 0.010937008 95.291617 -3.8589365 65.2896
 10.567248 91.772105 0.010896557 94.846349 -3.0742442 65.286826
 10.570965 91.552472 0.010922698 93.495607 -1.943135 65.284041
 10.574682 90.819374 0.011010866 91.382395 -0.56302131 65.281243
 10.578398 89.704781 0.011147678 88.755174 0.94960684 65.278435
 10.582115 88.287987 0.011326569 85.921353 2.3666334 65.275615
 10.585832 86.68692 0.011535766 83.115982 3.5709382 65.272783
 10.589549 85.036936 0.011759596 80.504794 4.532142 65.269939
 10.593265 83.385946 0.011992429 78.166522 5.2194234 65.267084
 10.596982 81.843763 0.012218402 76.196451 5.6473114 65.264217
 10.600699 80.448583 0.0124303 74.534661 5.9139217 65.261338
 10.604416 79.219226 0.012623198 73.180714 6.0385114 65.258448
 10.608132 78.169055 0.012792786 72.101113 6.0679422 65.255546
 10.611849 77.311513 0.012934684 71.252613 6.0589001 65.252632
 10.615566 76.611224 0.013052918 70.591255 6.0199687 65.249707
 10.619283 76.065923 0.013146491 70.079134 5.9867893 65.24677
 10.622999 75.624379 0.013223249 69.682299 5.94208 65.243821
 10.626716 75.281604 0.013283458 69.372952 5.9086519 65.240861
 10.630433 75.009755 0.013331599 69.130274 5.8794818 65.237889
 10.63415 74.820076 0.013365397 68.939463 5.8806127 65.234905
 10.637866 74.678271 0.013390776 68.789883 5.8883884 65.231909
 10.641583 74.579676 0.013408479 68.674663 5.9050133 65.228902
 10.6453 74.509773 0.013421058 68.592731 5.9170425 65.225883
 10.649017 74.464147 0.013429282 68.539067 5.9250798 65.222852
 10.652733 74.425804 0.0134362 68.517041 5.9087627 65.219809
 10.65645 74.406324 0.013439718 68.537206 5.8691175 65.216755
 10.660167 74.416522 0.013437876 68.592854 5.8236678 65.213689
 10.663883 74.457314 0.013430514 68.698961 5.7583525 65.210611
 10.6676 74.508174 0.013421346 68.865326 5.6428476 65.207522
 10.671317 74.608429 0.013403311 69.098827 5.5096015 65.20442
 10.675034 74.772115 0.01337397 69.42064 5.351475 65.201307
 10.67875 75.000801 0.013333191 69.831534 5.1692671 65.198182
 10.682467 75.295919 0.013280932 70.341211 4.9547074 65.195046
 10.686184 75.702105 0.013209672 70.952979 4.7491263 65.191898
 10.689901 76.251681 0.013114465 71.654743 4.5969379 65.188737
 10.693617 76.946869 0.01299598 72.39646 4.5504092 65.185565
 10.697334 77.729543 0.012865121 73.14415 4.5853928 65.182382
 10.701051 78.526057 0.012734626 73.820805 4.7052519 65.179186
 10.704768 79.241503 0.01261965 74.323346 4.9181578 65.175979
 10.708484 79.755402 0.012538336 74.573733 5.1816683 65.17276
 10.712201 79.981923 0.012502825 74.509709 5.4722148 65.169529
 10.715918 79.893745 0.012516624 74.152845 5.7409002 65.166286
 10.719635 79.534434 0.012573171 73.586783 5.9476512 65.163032
 10.723351 78.995288 0.012658983 72.91236 6.0829276 65.159765
 10.727068 78.345439 0.012763985 72.223794 6.1216444 65.156487
 10.730785 77.686696 0.012872217 71.593314 6.093382 65.153198
 10.734502 77.091454 0.012971606 71.037946 6.0535076 65.149896
 10.738218 76.5839 0.013057575 70.598478 5.985422 65.146582
 10.741935 76.188431 0.013125352 70.269835 5.9185953 65.143257
 10.745652 75.895124 0.013176077 70.099054 5.7960694 65.13992
 10.749369 75.709216 0.013208432 70.058618 5.6505977 65.136571
 10.753085 75.643125 0.013219972 70.171366 5.4717591 65.13321
 10.756802 75.690259 0.01321174 70.422298 5.2679613 65.129838
 10.760519 75.837461 0.013186095 70.806504 5.0309571 65.126453
 10.764236 76.052391 0.013148831 71.322992 4.7293989 65.123057
 10.767952 76.336431 0.013099905 71.945327 4.3911042 65.119649
 10.771669 76.69116 0.013039313 72.656506 4.0346538 65.116229
 10.775386 77.073934 0.012974555 73.420506 3.6534282 65.112797
 10.779102 77.464495 0.01290914 74.195395 3.2691004 65.109354
 10.782819 77.851023 0.012845046 74.88719 2.9638331 65.105899
 10.786536 78.222677 0.012784017 75.437592 2.785085 65.102431
 10.790253 78.561981 0.012728803 75.835857 2.7261247 65.098952
 10.793969 78.850677 0.012682199 76.104029 2.7466487 65.095462
 10.797686 79.069664 0.012647075 76.329097 2.740567 65.091959
 10.801403 79.22064 0.012622973 76.58525 2.63539 65.088445
 10.80512 79.30321 0.01260983 76.951419 2.3517909 65.084918
 10.808836 79.337324 0.012604408 77.452148 1.8851756 65.08138
 10.812553 79.338511 0.012604219 78.071286 1.2672254 65.07783
 10.81627 79.325338 0.012606313 78.756979 0.56835894 65.074268
 10.819987 79.314738 0.012607997 79.407244 -0.092505652 65.070695
 10.823703 79.326345 0.012606153 79.890793 -0.56444781 65.06711
 10.82742 79.366725 0.012599739 80.104892 -0.73816779 65.063512
 10.831137 79.433047 0.012589219 79.999209 -0.56616203 65.059903
 10.834854 79.518094 0.012575754 79.643409 -0.12531463 65.056282
 10.83857 79.637886 0.012556838 79.15567 0.48221565 65.05265
 10.842287 79.795822 0.012531984 78.718378 1.0774439 65.049005
 10.846004 80.017672 0.012497239 78.439696 1.5779766 65.045349
 10.849721 80.308022 0.012452056 78.436023 1.8719983 65.041681
 10.853437 80.720851 0.012388373 78.757179 1.9636716 65.038001
 10.857154 81.273804 0.012304088 79.441925 1.8318788 65.034309
 10.860871 81.977168 0.012198519 80.484825 1.492343 65.030606
 10.864588 82.821276 0.012074192 81.849517 0.97175886 65.02689
 10.868304 83.78673 0.011935064 83.472786 0.31394432 65.023163
 10.872021 84.832163 0.011787982 85.299128 -0.4669643 65.019424
 10.875738 85.934479 0.011636773 87.164878 -1.2303989 65.015673
 10.879454 87.097463 0.011481391 89.001263 -1.9038001 65.011911
 10.883171 88.304316 0.011324475 90.627583 -2.3232672 65.008137
 10.886888 89.470665 0.011176848 91.922938 -2.452273 65.00435
 10.890605 90.578761 0.011040116 92.855237 -2.2764761 65.000552
 10.894321 91.569522 0.010920664 93.481522 -1.9120008 64.996743
 10.898038 92.387032 0.01082403 93.852094 -1.4650622 64.992921
 10.901755 92.98496 0.010754427 94.018162 -1.033202 64.989088
 10.905472 93.32355 0.010715409 94.005205 -0.68165537 64.985243
 10.909188 93.417231 0.010704663 93.825272 -0.40804049 64.981386
 10.912905 93.316149 0.010716259 93.49023 -0.17408104 64.977517
 10.916622 93.07682 0.010743814 93.044466 0.032354047 64.973637
 10.920339 92.766754 0.010779724 92.503526 0.26322824 64.969745
 10.924055 92.439751 0.010817857 91.882954 0.55679703 64.965841
 10.927772 92.034943 0.010865438 91.150918 0.8840244 64.961925
 10.931489 91.49438 0.010929633 90.218276 1.276104 64.957998
 10.935206 90.710035 0.011024139 89.017695 1.6923396 64.954059
 10.938922 89.643084 0.01115535 87.486497 2.1565876 64.950108
 10.942639 88.297312 0.011325373 85.735889 2.5614235 64.946145
 10.946356 86.699849 0.011534045 83.881261 2.8185884 64.942171
 10.950073 84.959813 0.011770271 82.086778 2.8730354 64.938185
 10.953789 83.26755 0.01200948 80.455794 2.8117564 64.934187
 10.957506 81.691157 0.012241227 79.12332 2.5678368 64.930178
 10.961223 80.336032 0.012447715 78.122536 2.2134955 64.926156
 10.96494 79.258624 0.012616924 77.489222 1.7694018 64.922123
 10.968656 78.483894 0.012741468 77.248539 1.2353553 64.918079
 10.972373 78.022687 0.012816785 77.415345 0.6073424 64.914022
 10.97609 77.892092 0.012838274 78.010168 -0.11807515 64.909954
 10.979807 78.119601 0.012800885 79.040311 -0.92071005 64.905874
 10.983523 78.722458 0.012702855 80.5111 -1.7886422 64.901783
 10.98724 79.68763 0.012548999 82.411227 -2.723597 64.89768
 10.990957 81.026555 0.012341633 84.700472 -3.6739164 64.893565
 10.994673 82.69812 0.012092173 87.307238 -4.609118 64.889439
 10.99839 84.60849 0.011819145 90.118027 -5.509537 64.885301
 11.002107 86.716693 0.011531805 92.949735 -6.2330422 64.881151
 11.005824 88.876928 0.011251514 95.630243 -6.7533157 64.876989
 11.00954 90.913925 0.010999415 97.953615 -7.0396899 64.872816
 11.013257 92.708344 0.010786516 99.727956 -7.0196129 64.868632
 11.016974 94.072276 0.010630124 100.79059 -6.7183185 64.864435
 11.020691 94.927821 0.01053432 101.04488 -6.1170571 64.860228
 11.024407 95.229368 0.010500962 100.52684 -5.297474 64.856008
 11.028124 95.013041 0.010524871 99.411628 -4.3985871 64.851777
 11.031841 94.379918 0.010595474 97.947664 -3.5677458 64.847534
 11.035558 93.405942 0.010705957 96.366966 -2.9610237 64.84328
 11.039274 92.296865 0.010834604 94.884132 -2.5872669 64.839014
 11.042991 91.196528 0.01096533 93.609494 -2.4129662 64.834736
 11.046708 90.150251 0.011092593 92.570638 -2.4203874 64.830447
 11.050425 89.225772 0.011207524 91.674491 -2.4487189 64.826147
 11.054141 88.412432 0.011310626 90.775324 -2.3628913 64.821835
 11.057858 87.685 0.011404459 89.747587 -2.0625865 64.817511
 11.061575 87.012182 0.011492644 88.566822 -1.5546402 64.813176
 11.065292 86.372724 0.011577729 87.297507 -0.92478319 64.808829
 11.069008 85.786942 0.011656786 86.048191 -0.26124898 64.804471
 11.072725 85.251577 0.011729988 84.946533 0.30504326 64.800101
 11.076442 84.764544 0.011797385 84.047177 0.71736675 64.79572
 11.080159 84.3225 0.011859231 83.337087 0.98541236 64.791327
 11.083875 83.946922 0.011912289 82.776138 1.1707839 64.786923
 11.087592 83.617991 0.011959149 82.293957 1.3240343 64.782507
 11.091309 83.326426 0.012000995 81.833062 1.4933642 64.77808
 11.095025 83.046707 0.012041417 81.387958 1.6587492 64.773641
 11.098742 82.787303 0.012079147 80.999881 1.7874218 64.769191
 11.102459 82.556572 0.012112906 80.729585 1.8269873 64.76473
 11.106176 82.380274 0.012138828 80.631942 1.748332 64.760257
 11.109892 82.292091 0.012151836 80.733363 1.5587287 64.755772
 11.113609 82.316803 0.012148188 81.013875 1.3029279 64.751277
 11.117326 82.440959 0.012129893 81.466354 0.97460426 64.746769
 11.121043 82.638713 0.012100866 82.025907 0.61280578 64.742251
 11.124759 82.918503 0.012060034 82.633295 0.28520733 64.737721
 11.128476 83.26605 0.012009697 83.319633 -0.053583593 64.73318
 11.132193 83.663345 0.011952666 84.106723 -0.44337801 64.728627
 11.13591 84.135445 0.011885597 85.080878 -0.94543348 64.724063
 11.139626 84.690496 0.0118077 86.329358 -1.6388619 64.719488
 11.143343 85.381302 0.011712166 87.921256 -2.5399542 64.714901
 11.14706 86.265416 0.011592131 89.884155 -3.6187384 64.710303
 11.150777 87.355019 0.011447539 92.201937 -4.8469186 64.705694
 11.154493 88.618121 0.011284374 94.813405 -6.1952845 64.701073
 11.15821 90.054642 0.011104369 97.59247 -7.5378283 64.696442
 11.161927 91.569288 0.010920692 100.33698 -8.7676942 64.691799
 11.165644 93.080167 0.010743427 102.78023 -9.7000584 64.687144
 11.16936 94.54762 0.010576681 104.59751 -10.049887 64.682479
 11.173077 95.851873 0.010432764 105.5753 -9.7234282 64.677802
 11.176794 96.897138 0.010320222 105.66474 -8.7676035 64.673114
 11.180511 97.651769 0.01024047 105.00067 -7.348901 64.668415
 11.184227 98.064239 0.010197397 103.85577 -5.7915306 64.663704
 11.187944 98.169009 0.010186514 102.49575 -4.3267401 64.658983
 11.191661 97.990659 0.010205054 101.1342 -3.1435434 64.65425
 11.195377 97.616038 0.010244218 99.927892 -2.3118538 64.649506
 11.199094 97.121938 0.010296335 98.982069 -1.8601306 64.644751
 11.202811 96.589444 0.010353098 98.332185 -1.7427404 64.639985
 11.206528 96.09579 0.010406283 98.014381 -1.9185913 64.635208
 11.210244 95.647263 0.010455082 98.013095 -2.3658321 64.63042
 11.213961 95.244184 0.010499329 98.280837 -3.0366526 64.62562
 11.217678 94.906344 0.010536703 98.74587 -3.8395262 64.62081
 11.221395 94.638639 0.010566509 99.3348 -4.6961609 64.615988
 11.225111 94.457441 0.010586778 99.97144 -5.5139988 64.611155
 11.228828 94.370974 0.010596479 100.6309 -6.2599291 64.606312
 11.232545 94.427816 0.0105901 101.33745 -6.9096331 64.601457
 11.236262 94.685493 0.01056128 102.13464 -7.449143 64.596592
 11.239978 95.211665 0.010502915 103.08594 -7.8742785 64.591715
 11.243695 96.078445 0.010408162 104.26002 -8.18157 64.586827
 11.247412 97.314575 0.010275953 105.68475 -8.3701707 64.581929
 11.251129 98.886462 0.010112608 107.31658 -8.4301136 64.577019
 11.254845 100.75029 0.0099255295 109.01436 -8.2640705 64.572099
 11.258562 102.72317 0.0097349023 110.58096 -7.8577897 64.567167
 11.262279 104.55883 0.0095639935 111.80571 -7.2468797 64.562225
 11.265996 106.08652 0.0094262685 112.51321 -6.4266917 64.557272
 11.269712 107.10357 0.0093367568 112.61837 -5.5147944 64.552308
 11.273429 107.52162 0.0093004552 112.17665 -4.6550296 64.547333
 11.277146 107.29523 0.0093200784 111.28164 -3.9864018 64.542348
 11.280863 106.4707 0.0093922555 110.05043 -3.5797313 64.537351
 11.284579 105.15167 0.009510072 108.59007 -3.438391 64.532344
 11.288296 103.47515 0.0096641562 107.00642 -3.5312692 64.527326
 11.292013 101.60574 0.0098419636 105.45154 -3.845803 64.522297
 11.29573 99.722069 0.010027871 104.07807 -4.3560057 64.517257
 11.299446 97.945602 0.010209749 102.95422 -5.0086137 64.512207
 11.303163 96.375331 0.010376099 102.04202 -5.6666886 64.507146
 11.30688 95.046509 0.010521165 101.21034 -6.1638331 64.502074
 11.310596 93.948313 0.010644151 100.28513 -6.3368125 64.496992
 11.314313 93.05511 0.01074632 99.160268 -6.1051585 64.491899
 11.31803 92.28712 0.010835748 97.861247 -5.5741274 64.486795
 11.321747 91.597265 0.010917357 96.508806 -4.9115414 64.48168
 11.325463 90.973391 0.010992225 95.295404 -4.3220124 64.476555
 11.32918 90.467354 0.011053711 94.398209 -3.9308548 64.47142
 11.332897 90.134338 0.011094551 93.908419 -3.7740802 64.466274
 11.336614 90.068675 0.011102639 93.842914 -3.7742397 64.461117
 11.34033 90.310908 0.01107286 94.150468 -3.8395599 64.455949
 11.344047 90.905235 0.011000467 94.724333 -3.8190982 64.450772
 11.347764 91.792267 0.010894164 95.457149 -3.6648821 64.445583
 11.351481 92.843984 0.010770757 96.210453 -3.3664687 64.440384
 11.355197 93.852498 0.010655017 96.884421 -3.0319227 64.435175
 11.358914 94.612297 0.010569451 97.376651 -2.7643543 64.429955
 11.362631 94.960083 0.010530741 97.644531 -2.6844479 64.424725
 11.366348 94.839406 0.01054414 97.716739 -2.8773329 64.419485
 11.370064 94.259389 0.010609023 97.693221 -3.4338321 64.414234
 11.373781 93.338921 0.010713644 97.688063 -4.3491426 64.408972
 11.377498 92.268354 0.010837952 97.747289 -5.4789353 64.4037
 11.381215 91.242851 0.010959763 97.858529 -6.6156776 64.398418
 11.384931 90.37606 0.011064877 97.958186 -7.5821255 64.393126
 11.388648 89.730265 0.011144512 97.985436 -8.2551711 64.387823
 11.392365 89.365125 0.011190048 97.905009 -8.5398841 64.38251
 11.396082 89.296796 0.01119861 97.792998 -8.4962015 64.377187
 11.399798 89.470072 0.011176922 97.689482 -8.21941 64.371854
 11.403515 89.869054 0.011127301 97.653221 -7.7841667 64.36651
 11.407232 90.422221 0.011059228 97.670836 -7.2486148 64.361156
 11.410948 91.055906 0.010982264 97.655984 -6.6000785 64.355792
 11.414665 91.634697 0.010912897 97.471673 -5.8369762 64.350418
 11.418382 92.05161 0.010863471 97.026002 -4.9743912 64.345034
 11.422099 92.191867 0.010846944 96.253744 -4.0618778 64.339639
 11.425815 91.984543 0.010871392 95.212846 -3.2283034 64.334235
 11.429532 91.42452 0.010937985 94.003112 -2.5785923 64.32882
 11.433249 90.562383 0.011042112 92.768208 -2.2058255 64.323395
 11.436966 89.521797 0.011170464 91.624734 -2.1029364 64.317961
 11.440682 88.446487 0.011306271 90.634492 -2.1880044 64.312516
 11.444399 87.487356 0.011430223 89.83152 -2.3441643 64.307061
 11.448116 86.733498 0.011529571 89.219293 -2.4857952 64.301597
 11.451833 86.200859 0.011600812 88.805069 -2.6042099 64.296122
 11.455549 85.894071 0.011642247 88.589129 -2.6950584 64.290638
 11.459266 85.768097 0.011659347 88.568083 -2.7999856 64.285143
 11.462983 85.802877 0.011654621 88.66608 -2.8632033 64.279639
 11.4667 85.921911 0.011638475 88.815846 -2.8939358 64.274125
 11.470416 86.085856 0.01161631 88.966578 -2.8807217 64.268601
 11.474133 86.241247 0.01159538 89.098503 -2.8572564 64.263068
 11.47785 86.367615 0.011578414 89.25333 -2.8857148 64.257524
 11.481567 86.452222 0.011567083 89.45925 -3.0070279 64.251971
 11.485283 86.5553 0.011553307 89.762665 -3.2073645 64.246408
 11.489 86.715429 0.011531973 90.243021 -3.5275923 64.240835
 11.492717 86.96651 0.011498679 90.941208 -3.9746988 64.235253
 11.496434 87.330978 0.01145069 91.85635 -4.5253713 64.229661
 11.50015 87.816945 0.011387324 92.907491 -5.0905458 64.224059
 11.503867 88.357628 0.011317642 93.917196 -5.5595682 64.218448
 11.507584 88.868251 0.011252613 94.658945 -5.7906942 64.212827
 11.511301 89.265971 0.011202477 94.912778 -5.6468072 64.207197
 11.515017 89.46228 0.011177895 94.552902 -5.0906215 64.201557
 11.518734 89.396576 0.011186111 93.60055 -4.2039745 64.195908
 11.522451 89.071724 0.011226907 92.207753 -3.136029 64.190249
 11.526167 88.528969 0.011295738 90.580667 -2.0516981 64.184581
 11.529884 87.822873 0.011386555 88.880931 -1.0580574 64.178903
 11.533601 86.982279 0.011496595 87.222967 -0.24068709 64.173216
 11.537318 86.034383 0.01162326 85.691093 0.3432897 64.167519
 11.541034 85.054199 0.011757209 84.344625 0.70957429 64.161813
 11.544751 84.119606 0.011887835 83.260841 0.85876534 64.156098
 11.548468 83.283277 0.012007212 82.491146 0.79213052 64.150373
 11.552185 82.627752 0.012102471 82.052176 0.57557597 64.144639
 11.555901 82.243182 0.012159063 81.943583 0.29959884 64.138896
 11.559618 82.185811 0.01216755 82.116105 0.069706665 64.133144
 11.563335 82.457349 0.012127482 82.54835 -0.091000772 64.127382
 11.567052 83.024989 0.012044567 83.19594 -0.17095092 64.121612
 11.570768 83.825584 0.011929532 84.003538 -0.17795342 64.115832
 11.574485 84.77094 0.011796495 84.872544 -0.10160364 64.110043
 11.578202 85.693647 0.011669477 85.687299 0.0063479084 64.104245
 11.581919 86.436185 0.011569229 86.301766 0.13441934 64.098438
 11.585635 86.855036 0.011513437 86.606663 0.24837333 64.092622
 11.589352 86.914192 0.011505601 86.522368 0.39182423 64.086796
 11.593069 86.613436 0.011545553 86.067842 0.54559424 64.080962
 11.596786 86.03039 0.011623799 85.316564 0.71382663 64.075119
 11.600502 85.246714 0.011730657 84.338529 0.90818508 64.069267
 11.604219 84.345329 0.011856021 83.247164 1.0981651 64.063406
 11.607936 83.422895 0.011987117 82.127598 1.2952963 64.057537
 11.611653 82.561646 0.012112162 81.051662 1.5099832 64.051658
 11.615369 81.78349 0.012227407 80.049946 1.7335448 64.045771
 11.619086 81.083402 0.01233298 79.11843 1.9649722 64.039874
 11.622803 80.43233 0.012432812 78.2079 2.22443 64.033969
 11.62652 79.821144 0.012528009 77.310702 2.5104422 64.028056
 11.630236 79.221624 0.012622816 76.428115 2.7935089 64.022133
 11.633953 78.616348 0.012720001 75.625475 2.9908732 64.016202
 11.63767 78.038073 0.012814258 74.941236 3.0968374 64.010263
 11.641386 77.546801 0.012895438 74.414024 3.1327774 64.004315
 11.645103 77.152918 0.012961272 74.064741 3.0881775 63.998358
 11.64882 76.84611 0.01301302 73.893778 2.9523321 63.992392
 11.652537 76.624079 0.013050728 73.8852 2.7388792 63.986419
 11.656253 76.503797 0.013071247 74.005617 2.4981797 63.980436
 11.65997 76.457199 0.013079213 74.205941 2.2512579 63.974445
 11.663687 76.457212 0.013079211 74.406505 2.0507068 63.968446
 11.667404 76.474042 0.013076332 74.524252 1.9497906 63.962439
 11.67112 76.498828 0.013072096 74.501369 1.9974584 63.956423
 11.674837 76.529818 0.013066802 74.309873 2.2199453 63.950398
 11.678554 76.555422 0.013062432 73.979582 2.5758408 63.944366
 11.682271 76.544851 0.013064236 73.57606 2.9687909 63.938325
 11.685987 76.484164 0.013074602 73.176042 3.3081214 63.932276
 11.689704 76.384636 0.013091638 72.846391 3.5382446 63.926219
 11.693421 76.281222 0.013109386 72.623969 3.6572534 63.920153
 11.697138 76.191404 0.01312484 72.540076 3.6513277 63.914079
 11.700854 76.140226 0.013133662 72.598292 3.5419342 63.907998
 11.704571 76.138687 0.013133928 72.80554 3.333147 63.901908
 11.708288 76.224642 0.013119117 73.138498 3.0861443 63.89581
 11.712005 76.386528 0.013091314 73.562312 2.8242164 63.889704
 11.715721 76.574092 0.013059247 74.02402 2.550072 63.883591
 11.719438 76.779671 0.013024281 74.462005 2.3176662 63.877469
 11.723155 76.981842 0.012990076 74.817676 2.1641662 63.871339
 11.726872 77.136477 0.012964035 75.068452 2.0680248 63.865202
 11.730588 77.22286 0.012949533 75.24059 1.98227 63.859057
 11.734305 77.266001 0.012942303 75.406196 1.8598052 63.852903
 11.738022 77.309596 0.012935005 75.618094 1.6915015 63.846743
 11.741738 77.416189 0.012917195 75.952682 1.4635065 63.840574
 11.745455 77.646344 0.012878906 76.451778 1.1945661 63.834398
 11.749172 78.005557 0.0128196 77.12478 0.88077699 63.828214
 11.752889 78.499626 0.012738914 77.961662 0.53796367 63.822022
 11.756605 79.100327 0.012642173 78.9464 0.15392621 63.815823
 11.760322 79.79524 0.012532076 80.023606 -0.22836585 63.809616
 11.764039 80.566165 0.012412158 81.154253 -0.58808876 63.803401
 11.767756 81.397662 0.012285365 82.333606 -0.93594369 63.79718
 11.771472 82.274239 0.012154473 83.575643 -1.3014047 63.79095
 11.775189 83.190343 0.012020626 84.895088 -1.7047444 63.784714
 11.778906 84.125903 0.011886945 86.270612 -2.1447089 63.77847
 11.782623 85.034986 0.011759866 87.649795 -2.6148091 63.772218
 11.786339 85.881551 0.011643944 88.96753 -3.0859785 63.765959
 11.790056 86.625842 0.011543899 90.13694 -3.5110985 63.759693
 11.793773 87.245532 0.011461905 91.10498 -3.8594488 63.75342
 11.79749 87.743785 0.011396819 91.830666 -4.0868812 63.74714
 11.801206 88.110156 0.011349429 92.318919 -4.2087637 63.740852
 11.804923 88.365771 0.011316599 92.60704 -4.2412689 63.734557
 11.80864 88.537824 0.011294608 92.766941 -4.2291165 63.728255
 11.812357 88.69223 0.011274945 92.828896 -4.1366662 63.721946
 11.816073 88.815974 0.011259236 92.734246 -3.9182723 63.71563
 11.81979 88.875666 0.011251674 92.398607 -3.5229406 63.709307
 11.823507 88.80378 0.011260782 91.709219 -2.9054395 63.702977
 11.827224 88.532956 0.011295229 90.621898 -2.0889414 63.696641
 11.83094 88.030924 0.011359644 89.188271 -1.1573464 63.690297
 11.834657 87.287059 0.011456452 87.539865 -0.25280693 63.683946
 11.838374 86.339002 0.011582251 85.834454 0.50454807 63.677589
 11.84209 85.2456 0.011730811 84.221949 1.0236516 63.671225
 11.845807 84.102002 0.011890323 82.790046 1.3119565 63.664854
 11.849524 83.008403 0.012046973 81.595348 1.4130545 63.658477
 11.853241 82.027453 0.01219104 80.683791 1.3436624 63.652093
 11.856957 81.198207 0.012315543 80.040838 1.1573686 63.645702
 11.860674 80.557236 0.012413534 79.650547 0.90668901 63.639305
 11.864391 80.115496 0.01248198 79.486149 0.62934721 63.632901
 11.868108 79.862055 0.012521591 79.498835 0.3632208 63.626491
 11.871824 79.775322 0.012535205 79.672507 0.10281454 63.620074
 11.875541 79.830556 0.012526532 79.942097 -0.11154045 63.613651
 11.879258 79.998431 0.012500245 80.250167 -0.25173583 63.607222
 11.882975 80.224261 0.012465057 80.543546 -0.3192847 63.600786
 11.886691 80.466754 0.012427493 80.794731 -0.32797725 63.594344
 11.890408 80.685977 0.012393727 81.004161 -0.3181842 63.587895
 11.894125 80.887093 0.012362912 81.214993 -0.32790029 63.581441
 11.897842 81.090823 0.012331852 81.459217 -0.36839452 63.57498
 11.901558 81.326963 0.012296045 81.799227 -0.47226461 63.568513
 11.905275 81.606471 0.01225393 82.226665 -0.6201946 63.56204
 11.908992 81.941966 0.012203759 82.712673 -0.77070775 63.555562
 11.912709 82.325562 0.012146896 83.195891 -0.87032986 63.549077
 11.916425 82.69236 0.012093016 83.589082 -0.89672231 63.542586
 11.920142 82.935402 0.012057577 83.838167 -0.90276497 63.536089
 11.923859 83.021222 0.012045113 83.945087 -0.92386481 63.529586
 11.927576 82.961828 0.012053736 83.961698 -0.99987081 63.523078
 11.931292 82.803388 0.012076801 83.980877 -1.177489 63.516564
 11.935009 82.626175 0.012102702 84.102408 -1.4762333 63.510044
 11.938726 82.492139 0.012122367 84.368245 -1.8761059 63.503518
 11.942443 82.444211 0.012129414 84.765431 -2.3212197 63.496987
 11.946159 82.495577 0.012121862 85.236346 -2.7407684 63.49045
 11.949876 82.625397 0.012102816 85.716046 -3.0906496 63.483907
 11.953593 82.794006 0.012078169 86.127569 -3.3335629 63.477359
 11.957309 82.948461 0.012055679 86.468641 -3.5201796 63.470805
 11.961026 83.025589 0.012044479 86.80512 -3.779531 63.464246
 11.964743 83.042511 0.012042025 87.265548 -4.2230369 63.457682
 11.96846 83.069794 0.01203807 87.967997 -4.8982029 63.451112
 11.972176 83.211108 0.012017626 89.000052 -5.7889442 63.444537
 11.975893 83.543961 0.011969746 90.387632 -6.8436719 63.437957
 11.97961 84.106695 0.01188966 92.094037 -7.987343 63.431371
 11.983327 84.902417 0.011778228 94.035014 -9.1325964 63.424781
 11.987043 85.907448 0.011640434 96.083836 -10.176389 63.418185
 11.99076 87.105522 0.011480328 98.112625 -11.007103 63.411584
 11.994477 88.455465 0.011305124 100.0419 -11.586432 63.404978
 11.998194 89.917437 0.011121313 101.91062 -11.993181 63.398367
 12.00191 91.454409 0.01093441 103.75331 -12.298906 63.391751
 12.005627 93.035332 0.010748605 105.6348 -12.599471 63.38513
 12.009344 94.628034 0.010567693 107.58058 -12.952548 63.378505
 12.013061 96.183192 0.010396827 109.49253 -13.30934 63.371874
 12.016777 97.627988 0.010242964 111.22408 -13.596087 63.365239
 12.020494 98.847132 0.010116631 112.51958 -13.672453 63.358599
 12.024211 99.723724 0.010027704 113.12767 -13.403943 63.351955
 12.027928 100.13804 0.0099862149 112.87069 -12.732653 63.345305
 12.031644 100.05239 0.0099947634 111.69264 -11.640249 63.338652
 12.035361 99.490776 0.010051183 109.67981 -10.189039 63.331993
 12.039078 98.515355 0.010150702 107.03012 -8.5147667 63.32533
 12.042795 97.195638 0.010288528 103.98348 -6.7878429 63.318663
 12.046511 95.604418 0.010459768 100.75566 -5.1512367 63.311991
 12.050228 93.826927 0.010657921 97.490898 -3.6639711 63.305315
 12.053945 91.947762 0.010875741 94.278244 -2.330482 63.298635
 12.057661 90.002818 0.011110763 91.180542 -1.1777238 63.291951
 12.061378 88.05618 0.011356386 88.280644 -0.22446387 63.285262
 12.065095 86.179573 0.011603678 85.656764 0.52280873 63.278569
 12.068812 84.401886 0.011848076 83.387346 1.0145403 63.271872
 12.072528 82.777321 0.012080604 81.5209 1.2564204 63.265171
 12.076245 81.391947 0.012286228 80.102301 1.2896466 63.258466
 12.079962 80.294172 0.012454204 79.140682 1.1534896 63.251757
 12.083679 79.507861 0.012577373 78.631759 0.87610141 63.245044
 12.087395 79.02361 0.012654446 78.56695 0.45666043 63.238327
 12.091112 78.83786 0.012684261 78.93048 -0.092619917 63.231607
 12.094829 78.94709 0.012666711 79.704989 -0.7578989 63.224883
 12.098546 79.371114 0.012599042 80.850927 -1.4798133 63.218155
 12.102262 80.064578 0.012489918 82.319118 -2.2545406 63.211423
 12.105979 81.012082 0.012343838 84.038203 -3.0261208 63.204688
 12.109696 82.181221 0.01216823 85.890908 -3.7096866 63.197949
 12.113413 83.495847 0.011976644 87.710216 -4.2143693 63.191207
 12.117129 84.8274 0.011788644 89.303478 -4.4760782 63.184461
 12.120846 86.069537 0.011618513 90.483559 -4.4140218 63.177712
 12.124563 87.138448 0.01147599 91.131261 -3.9928125 63.170959
 12.12828 87.930712 0.011372591 91.251682 -3.3209696 63.164203
 12.131996 88.385757 0.01131404 90.933143 -2.547386 63.157444
 12.135713 88.500137 0.011299417 90.354347 -1.8542095 63.150682
 12.13943 88.350573 0.011318546 89.695254 -1.3446806 63.143917
 12.143147 88.05408 0.011356657 89.083664 -1.0295848 63.137148
 12.146863 87.745054 0.011396654 88.590935 -0.8458811 63.130377
 12.15058 87.525302 0.011425268 88.239583 -0.71428168 63.123602
 12.154297 87.49276 0.011429517 88.02756 -0.53480003 63.116825
 12.158014 87.633802 0.011411122 87.904882 -0.27108013 63.110045
 12.16173 87.871714 0.011380226 87.814451 0.057263059 63.103262
 12.165447 88.067767 0.011354892 87.659802 0.40796435 63.096476
 12.169164 88.105675 0.011350007 87.352821 0.75285337 63.089687
 12.17288 87.896347 0.011377037 86.851106 1.0452414 63.082896
 12.176597 87.398244 0.011441877 86.18173 1.216514 63.076102
 12.180314 86.63711 0.011542398 85.440891 1.1962192 63.069306
 12.184031 85.693853 0.011669448 84.722202 0.97165118 63.062507
 12.187747 84.70389 0.011805833 84.123658 0.5802324 63.055705
 12.191464 83.804398 0.011932548 83.687234 0.11716382 63.048902
 12.195181 83.093328 0.012034661 83.431623 -0.33829526 63.042095
 12.198898 82.621234 0.012103426 83.331983 -0.71074942 63.035287
 12.202614 82.381854 0.012138596 83.357474 -0.97562045 63.028476
 12.206331 82.365059 0.012141071 83.466923 -1.1018637 63.021664
 12.210048 82.509453 0.012119823 83.596293 -1.0868401 63.014849
 12.213765 82.701881 0.012091623 83.659771 -0.95788959 63.008032
 12.217481 82.831785 0.01207266 83.574229 -0.74244418 63.001213
 12.221198 82.832898 0.012072498 83.293093 -0.46019458 62.994392
 12.224915 82.672185 0.012095967 82.791485 -0.1192998 62.987569
 12.228632 82.353165 0.012142824 82.079387 0.2737775 62.980744
 12.232348 81.885544 0.012212168 81.169981 0.71556321 62.973918
 12.236065 81.302358 0.012299766 80.086563 1.2157947 62.96709
 12.239782 80.667631 0.012396546 78.891027 1.7766031 62.96026
 12.243499 80.04425 0.01249309 77.663708 2.3805423 62.953428
 12.247215 79.445803 0.012587197 76.492037 2.9537661 62.946595
 12.250932 78.874807 0.012678319 75.451682 3.423125 62.939761
 12.254649 78.342923 0.012764395 74.587397 3.7555264 62.932925
 12.258366 77.875712 0.012840974 73.918404 3.9573085 62.926087
 12.262082 77.487027 0.012905386 73.444614 4.0424136 62.919249
 12.265799 77.193354 0.012954483 73.139963 4.0533908 62.912409
 12.269516 76.982076 0.012990037 72.962189 4.019887 62.905568
 12.273232 76.84299 0.013013549 72.866005 3.9769846 62.898725
 12.276949 76.762355 0.013027219 72.797892 3.9644626 62.891882
 12.280666 76.73601 0.013031691 72.724999 4.0110111 62.885038
 12.284383 76.754054 0.013028628 72.640622 4.1134322 62.878192
 12.288099 76.810682 0.013019023 72.558675 4.2520071 62.871346
 12.291816 76.879468 0.013007374 72.499553 4.3799154 62.864499
 12.295533 76.944585 0.012996366 72.473869 4.4707163 62.857651
 12.29925 77.000074 0.012987001 72.475784 4.5242902 62.850802
 12.302966 77.031972 0.012981623 72.496437 4.5355352 62.843953
 12.306683 77.024475 0.012982886 72.505331 4.5191443 62.837103
 12.3104 76.988403 0.012988969 72.510777 4.4776259 62.830252
 12.314117 76.923121 0.012999993 72.539806 4.3833153 62.823401
 12.317833 76.846858 0.013012894 72.6388 4.2080575 62.81655
 12.32155 76.791751 0.013022232 72.851122 3.9406284 62.809698
 12.325267 76.777362 0.013024673 73.225921 3.5514409 62.802846
 12.328984 76.824099 0.013016749 73.781461 3.0426379 62.795994
 12.3327 76.982964 0.012989887 74.521292 2.4616712 62.789141
 12.336417 77.305545 0.012935683 75.426561 1.8789831 62.782288
 12.340134 77.798421 0.012853731 76.451979 1.3464421 62.775436
 12.343851 78.432472 0.012749821 77.522482 0.90999053 62.768583
 12.347567 79.129593 0.012637497 78.520927 0.6086662 62.76173
 12.351284 79.783292 0.012533953 79.332689 0.45060348 62.754878
 12.355001 80.314486 0.012451054 79.858917 0.45556871 62.748025
 12.358718 80.715998 0.012389118 80.058661 0.65733724 62.741173
 12.362434 80.961383 0.012351568 79.987696 0.97368618 62.734321
 12.366151 81.040143 0.012339564 79.763141 1.2770023 62.72747
 12.369868 80.997609 0.012346043 79.480192 1.5174173 62.720619
 12.373585 80.915657 0.012358548 79.217546 1.698111 62.713768
 12.377301 80.821246 0.012372984 79.018299 1.8029466 62.706918
 12.381018 80.728216 0.012387243 78.905471 1.8227441 62.700069
 12.384735 80.666384 0.012396738 78.896187 1.7701972 62.69322
 12.388451 80.659808 0.012397748 79.035512 1.6242963 62.686372
 12.392168 80.704308 0.012390912 79.363586 1.3407218 62.679525
 12.395885 80.833455 0.012371115 79.894262 0.93919389 62.672679
 12.399602 81.081548 0.012333262 80.602462 0.47908585 62.665834
 12.403318 81.453659 0.012276919 81.452546 0.0011129017 62.65899
 12.407035 81.881973 0.0122127 82.343576 -0.4616028 62.652146
 12.410752 82.329976 0.012146244 83.18517 -0.85519381 62.645304
 12.414469 82.765607 0.012082313 83.876381 -1.1107742 62.638464
 12.418185 83.15566 0.01202564 84.316801 -1.1611408 62.631624
 12.421902 83.425095 0.011986801 84.427797 -1.0027023 62.624786
 12.425619 83.539797 0.011970343 84.168346 -0.62854819 62.617949
 12.429336 83.462166 0.011981477 83.512018 -0.049851937 62.611114
 12.433052 83.178352 0.012022359 82.530903 0.64744896 62.60428
 12.436769 82.708814 0.01209061 81.310052 1.3987621 62.597448
 12.440486 82.101992 0.012179972 79.971876 2.1301164 62.590618
 12.444203 81.397392 0.012285406 78.634358 2.7630343 62.583789
 12.447919 80.673828 0.012395594 77.38105 3.2927777 62.576962
 12.451636 80.006152 0.012499039 76.257039 3.749113 62.570137
 12.455353 79.420766 0.012591165 75.268165 4.1526017 62.563314
 12.45907 78.901474 0.012674034 74.385491 4.5159835 62.556493
 12.462786 78.423487 0.012751282 73.569632 4.8538557 62.549674
 12.466503 77.958158 0.012827394 72.787375 5.1707829 62.542857
 12.47022 77.497945 0.012903568 72.030459 5.4674864 62.536042
 12.473937 77.04348 0.012979684 71.304174 5.7393062 62.52923
 12.477653 76.593651 0.013055912 70.642131 5.95152 62.52242
 12.48137 76.164103 0.013129545 70.06127 6.1028328 62.515613
 12.485087 75.770554 0.013197739 69.588083 6.1824709 62.508807
 12.488803 75.443286 0.01325499 69.222198 6.2210881 62.502005
 12.49252 75.197217 0.013298364 68.983604 6.213613 62.495205
 12.496237 75.016769 0.013330353 68.875191 6.1415789 62.488408
 12.499954 74.907506 0.013349797 68.905871 6.0016352 62.481614
 12.50367 74.894656 0.013352088 69.075095 5.8195609 62.474822
 12.507387 74.986727 0.013335693 69.392451 5.5942762 62.468033
 12.511104 75.175326 0.013302237 69.868356 5.3069704 62.461248
 12.514821 75.462184 0.013251671 70.501258 4.9609252 62.454465
 12.518537 75.855209 0.01318301 71.289508 4.5657011 62.447686
 12.522254 76.377581 0.013092847 72.231068 4.1465131 62.44091
 12.525971 77.026792 0.012982496 73.298795 3.7279973 62.434137
 12.529688 77.785784 0.012855819 74.478502 3.3072826 62.427367
 12.533404 78.617393 0.012719832 75.717527 2.8998664 62.420601
 12.537121 79.456032 0.012585577 76.960407 2.4956252 62.413838
 12.540838 80.273656 0.012457387 78.170422 2.1032345 62.407079
 12.544555 81.063444 0.012336017 79.319377 1.7440668 62.400323
 12.548271 81.784462 0.012227261 80.405105 1.3793572 62.393571
 12.551988 82.423566 0.012132452 81.436325 0.98724152 62.386823
 12.555705 82.976496 0.012051605 82.427852 0.54864431 62.380079
 12.559422 83.432045 0.011985802 83.342434 0.089610612 62.373339
 12.563138 83.808627 0.011931946 84.162772 -0.35414523 62.366602
 12.566855 84.166967 0.011881146 84.809888 -0.64292103 62.35987
 12.570572 84.515902 0.011832093 85.203756 -0.68785376 62.353142
 12.574289 84.818446 0.011789888 85.290314 -0.47186846 62.346418
 12.578005 85.045476 0.011758415 85.070702 -0.025226087 62.339698
 12.581722 85.208051 0.01173598 84.603512 0.60453905 62.332983
 12.585439 85.298846 0.011723488 83.980137 1.3187086 62.326272
 12.589156 85.305072 0.011722632 83.263319 2.0417526 62.319566
 12.592872 85.193576 0.011737974 82.490745 2.7028302 62.312864
 12.596589 84.970105 0.011768845 81.632813 3.3372927 62.306167
 12.600306 84.657224 0.011812341 80.664848 3.9923765 62.299475
 12.604022 84.255862 0.01186861 79.570898 4.6849639 62.292787
 12.607739 83.740328 0.011941678 78.378145 5.3621834 62.286105
 12.611456 83.114428 0.012031605 77.143134 5.9712942 62.279427
 12.615173 82.403114 0.012135464 75.956848 6.4462663 62.272754
 12.618889 81.643143 0.012248426 74.883917 6.7592261 62.266087
 12.622606 80.847822 0.012368917 73.962787 6.8850349 62.259425
 12.626323 80.04391 0.012493143 73.196013 6.8478967 62.252768
 12.63004 79.287509 0.012612327 72.577122 6.7103868 62.246116
 12.633756 78.58669 0.012724801 72.065395 6.521295 62.23947
 12.637473 77.930099 0.012832012 71.640864 6.2892359 62.232829
 12.64119 77.349747 0.012928291 71.246988 6.1027592 62.226194
 12.644907 76.861992 0.013010332 70.863278 5.9987143 62.219564
 12.648623 76.462296 0.013078341 70.513461 5.9488342 62.21294
 12.65234 76.143588 0.013133082 70.209297 5.9342911 62.206322
 12.656057 75.897853 0.013175603 69.978258 5.919595 62.19971
 12.659774 75.733836 0.013204138 69.848837 5.8849988 62.193104
 12.66349 75.645671 0.013219527 69.837621 5.8080495 62.186504
 12.667207 75.637296 0.013220991 69.961193 5.6761026 62.17991
 12.670924 75.703784 0.013209379 70.234441 5.4693423 62.173323
 12.674641 75.846731 0.013184484 70.643709 5.2030211 62.166741
 12.678357 76.076792 0.013144613 71.18108 4.8957129 62.160166
 12.682074 76.387853 0.013091087 71.82631 4.5615431 62.153598
 12.685791 76.781751 0.013023928 72.544781 4.2369701 62.147035
 12.689508 77.241969 0.01294633 73.302501 3.9394681 62.14048
 12.693224 77.737172 0.012863859 74.072875 3.6642976 62.133931
 12.696941 78.253276 0.012779018 74.847265 3.4060102 62.127389
 12.700658 78.793358 0.012691425 75.617659 3.1756993 62.120854
 12.704374 79.322637 0.012606742 76.359959 2.9626784 62.114326
 12.708091 79.814168 0.012529104 77.023649 2.7905191 62.107805
 12.711808 80.245862 0.012461702 77.526437 2.7194254 62.10129
 12.715525 80.57223 0.012411224 77.791441 2.7807887 62.094783
 12.719241 80.748161 0.012384183 77.762176 2.9859852 62.088284
 12.722958 80.751239 0.012383711 77.445 3.3062381 62.081791
 12.726675 80.587364 0.012408893 76.906525 3.6808389 62.075306
 12.730392 80.282834 0.012455963 76.242112 4.0407227 62.068829
 12.734108 79.847903 0.01252381 75.582111 4.2657919 62.062359
 12.737825 79.328359 0.012605832 75.012172 4.3161869 62.055897
 12.741542 78.802183 0.012690004 74.622404 4.1797782 62.049442
 12.745259 78.333875 0.012765869 74.457962 3.8759131 62.042996
 12.748975 77.94222 0.012830017 74.536818 3.4054019 62.036557
 12.752692 77.634521 0.012880868 74.865853 2.7686681 62.030126
 12.756409 77.468399 0.012908489 75.409051 2.0593476 62.023704
 12.760126 77.489838 0.012904918 76.138154 1.3516837 62.017289
 12.763842 77.74364 0.012862789 77.019176 0.72446388 62.010883
 12.767559 78.218119 0.012784761 78.029898 0.18822175 62.004485
 12.771276 78.924019 0.012670414 79.133062 -0.20904291 61.998096
 12.774993 79.838893 0.012525224 80.275531 -0.43663803 61.991715
 12.778709 80.871318 0.012365323 81.370752 -0.49943401 61.985343
 12.782426 81.878062 0.012213284 82.280661 -0.40259884 61.978979
 12.786143 82.760101 0.012083117 82.892653 -0.1325517 61.972624
 12.78986 83.43144 0.011985889 83.093964 0.3374756 61.966278
 12.793576 83.78228 0.011935698 82.865575 0.91670476 61.959941
 12.797293 83.782806 0.011935623 82.28371 1.499096 61.953613
 12.80101 83.467763 0.011980673 81.466203 2.0015605 61.947294
 12.804726 82.93573 0.012057529 80.546799 2.3889305 61.940984
 12.808443 82.287697 0.012152485 79.638409 2.6492878 61.934684
 12.81216 81.632446 0.012250031 78.824832 2.8076145 61.928393
 12.815877 81.022313 0.012342279 78.140398 2.8819152 61.922111
 12.819593 80.484431 0.012424763 77.605213 2.8792178 61.915839
 12.82331 80.040362 0.012493697 77.16805 2.8723118 61.909577
 12.827027 79.694542 0.012547911 76.765537 2.9290052 61.903324
 12.830744 79.405306 0.012593617 76.308467 3.0968392 61.897081
 12.83446 79.132428 0.012637044 75.716223 3.4162057 61.890848
 12.838177 78.839541 0.012683991 74.974524 3.8650168 61.884625
 12.841894 78.505524 0.012737957 74.119065 4.3864591 61.878412
 12.845611 78.146192 0.012796529 73.20872 4.9374715 61.872209
 12.849327 77.759514 0.012860163 72.315773 5.4437411 61.866016
 12.853044 77.349866 0.012928271 71.487345 5.8625211 61.859834
 12.856761 76.934308 0.012998102 70.77052 6.1637889 61.853662
 12.860478 76.529343 0.013066883 70.186371 6.3429717 61.847501
 12.864194 76.155182 0.013131083 69.74613 6.4090521 61.84135
 12.867911 75.836166 0.013186321 69.442811 6.3933556 61.83521
 12.871628 75.58198 0.013230667 69.282093 6.2998871 61.829081
 12.875345 75.393631 0.01326372 69.260417 6.1332141 61.822963
 12.879061 75.276042 0.013284439 69.37321 5.902832 61.816856
 12.882778 75.235761 0.013291552 69.612512 5.6232488 61.810759
 12.886495 75.274401 0.013284729 69.973901 5.3005002 61.804674
 12.890212 75.420141 0.013259058 70.442311 4.9778291 61.7986
 12.893928 75.676715 0.013214104 71.008126 4.6685889 61.792538
 12.897645 76.013741 0.013155516 71.651105 4.3626354 61.786487
 12.901362 76.426796 0.013084416 72.35564 4.0711562 61.780447
 12.905079 76.898656 0.013004128 73.079082 3.8195743 61.774419
 12.908795 77.381536 0.012922979 73.789918 3.5916177 61.768403
 12.912512 77.841362 0.012846641 74.459574 3.3817883 61.762398
 12.916229 78.260117 0.012777901 75.076142 3.1839749 61.756406
 12.919945 78.6225 0.012719005 75.650653 2.9718476 61.750425
 12.923662 78.927968 0.01266978 76.20823 2.7197381 61.744457
 12.927379 79.186236 0.012628457 76.749046 2.4371901 61.7385
 12.931096 79.413709 0.012592284 77.273753 2.1399556 61.732556
 12.934812 79.60966 0.01256129 77.74388 1.8657795 61.726625
 12.938529 79.786359 0.012533471 78.096353 1.6900064 61.720705
 12.942246 79.963153 0.01250576 78.278826 1.6843262 61.714799
 12.945963 80.14167 0.012477903 78.265369 1.8763015 61.708905
 12.949679 80.291934 0.012454551 78.087864 2.2040701 61.703023
 12.953396 80.383591 0.01244035 77.822501 2.5610893 61.697155
 12.957113 80.43294 0.012432717 77.577996 2.8549444 61.691299
 12.96083 80.462453 0.012428157 77.439427 3.0230265 61.685457
 12.964546 80.477989 0.012425758 77.482769 2.9952199 61.679627
 12.968263 80.513234 0.012420318 77.749573 2.7636616 61.673811
 12.97198 80.608831 0.012405589 78.254761 2.3540696 61.668008
 12.975697 80.801102 0.012376069 78.979547 1.8215546 61.662219
 12.979413 81.134745 0.012325176 79.868888 1.2658575 61.656443
 12.98313 81.576352 0.012258454 80.849558 0.72679469 61.65068
 12.986847 82.076625 0.012183737 81.790703 0.28592192 61.644932
 12.990564 82.591845 0.012107733 82.557963 0.033882309 61.639197
 12.99428 83.075058 0.012037307 83.014731 0.060327145 61.633476
 12.997997 83.458603 0.011981988 83.072298 0.38630487 61.627769
 13.001714 83.650876 0.011954447 82.696334 0.95454191 61.622076
 13.005431 83.580671 0.011964489 81.936974 1.6436963 61.616397
 13.009147 83.221649 0.012016104 80.900593 2.3210562 61.610733
 13.012864 82.664726 0.012097058 79.700641 2.9640854 61.605083
 13.016581 82.005033 0.012194374 78.455412 3.549621 61.599447
 13.020297 81.293175 0.012301156 77.262662 4.0305131 61.593826
 13.024014 80.572294 0.012411214 76.21647 4.3558236 61.58822
 13.027731 79.888682 0.012517418 75.370453 4.5182294 61.582629
 13.031448 79.304848 0.01260957 74.754344 4.5505036 61.577052
 13.035164 78.861168 0.012680512 74.386936 4.4742322 61.57149
 13.038881 78.564827 0.012728342 74.245898 4.3189286 61.565944
 13.042598 78.383904 0.012757721 74.287971 4.0959321 61.560412
 13.046315 78.277774 0.012775018 74.442057 3.8357165 61.554896
 13.050031 78.229902 0.012782836 74.634189 3.5957126 61.549396
 13.053748 78.208265 0.012786372 74.763481 3.4447832 61.54391
 13.057465 78.172513 0.01279222 74.747453 3.4250602 61.538441
 13.061182 78.121025 0.012800651 74.543161 3.5778641 61.532987
 13.064898 78.060567 0.012810565 74.160215 3.9003523 61.527549
 13.068615 77.957359 0.012827525 73.653057 4.304302 61.522126
 13.072332 77.79999 0.012853472 73.089595 4.7103953 61.51672
 13.076049 77.612877 0.01288446 72.557937 5.0549395 61.51133
 13.079765 77.408623 0.012918457 72.125504 5.2831187 61.505956
 13.083482 77.216156 0.012950658 71.840964 5.3751916 61.500598
 13.087199 77.068459 0.012975477 71.739886 5.3285721 61.495257
 13.090916 76.96095 0.012993603 71.848457 5.1124935 61.489932
 13.094632 76.868718 0.013009193 72.172795 4.6959232 61.484624
 13.098349 76.79981 0.013020866 72.70246 4.0973502 61.479333
 13.102066 76.791178 0.013022329 73.429327 3.3618515 61.474058
 13.105783 76.858841 0.013010865 74.322869 2.5359716 61.468801
 13.109499 76.988589 0.012988938 75.335747 1.6528415 61.46356
 13.113216 77.177785 0.012957096 76.406258 0.77152722 61.458336
 13.116933 77.429064 0.012915047 77.454274 -0.025209339 61.45313
 13.12065 77.722005 0.012866369 78.410797 -0.6887919 61.447941
 13.124366 78.052129 0.01281195 79.229705 -1.177576 61.44277
 13.128083 78.425779 0.012750909 79.881553 -1.4557739 61.437616
 13.1318 78.83036 0.012685468 80.367068 -1.536708 61.43248
 13.135516 79.262904 0.012616242 80.703014 -1.4401098 61.427361
 13.139233 79.698858 0.012547231 80.914521 -1.2156632 61.42226
 13.14295 80.120481 0.012481203 81.033215 -0.91273404 61.417178
 13.146667 80.511431 0.012420596 81.087507 -0.57607542 61.412113
 13.150383 80.880501 0.012363919 81.097613 -0.21711228 61.407067
 13.1541 81.193103 0.012316317 81.056556 0.13654691 61.402039
 13.157817 81.402618 0.012284617 80.965613 0.43700567 61.397029
 13.161534 81.492605 0.012271052 80.822379 0.67022588 61.392038
 13.16525 81.453748 0.012276906 80.654418 0.79933051 61.387065
 13.168967 81.306094 0.012299201 80.494249 0.81184491 61.382112
 13.172684 81.109833 0.012328961 80.427921 0.6819114 61.377177
 13.176401 80.916799 0.012358373 80.525801 0.39099817 61.372261
 13.180117 80.763936 0.012381764 80.839934 -0.075997857 61.367364
 13.183834 80.72261 0.012388103 81.39806 -0.67544939 61.362486
 13.187551 80.870748 0.012365411 82.182422 -1.3116742 61.357627
 13.191268 81.231865 0.01231044 83.146932 -1.9150666 61.352788
 13.194984 81.804319 0.012224293 84.227562 -2.4232429 61.347968
 13.198701 82.546417 0.012114396 85.341884 -2.7954667 61.343168
 13.202418 83.394849 0.011991148 86.405926 -3.0110764 61.338388
 13.206135 84.248731 0.011869615 87.322952 -3.0742211 61.333628
 13.209851 85.021166 0.011761777 88.010712 -2.9895458 61.328887
 13.213568 85.660561 0.011673984 88.441162 -2.7806018 61.324166
 13.217285 86.100983 0.011614269 88.630417 -2.5294348 61.319466
 13.221002 86.334056 0.011582915 88.64892 -2.3148645 61.314786
 13.224718 86.413116 0.011572317 88.582932 -2.1698158 61.310126
 13.228435 86.390284 0.011575376 88.520513 -2.1302284 61.305487
 13.232152 86.292564 0.011588484 88.500282 -2.2077174 61.300868
 13.235869 86.179499 0.011603688 88.549475 -2.3699753 61.29627
 13.239585 86.102646 0.011614045 88.649676 -2.5470305 61.291693
 13.243302 86.049352 0.011621238 88.76414 -2.7147879 61.287137
 13.247019 85.987714 0.011629568 88.862659 -2.8749446 61.282602
 13.250735 85.906741 0.01164053 88.929977 -3.0232359 61.278088
 13.254452 85.834821 0.011650284 88.967737 -3.1329156 61.273595
 13.258169 85.797798 0.011655311 88.980894 -3.1830957 61.269124
 13.261886 85.756803 0.011660882 88.957813 -3.2010101 61.264674
 13.265602 85.673373 0.011672238 88.869588 -3.1962154 61.260246
 13.269319 85.540538 0.011690364 88.663845 -3.1233075 61.25584
 13.273036 85.328776 0.011719376 88.268265 -2.939489 61.251455
 13.276753 85.002187 0.011764403 87.634528 -2.6323404 61.247092
 13.280469 84.533422 0.011829641 86.763911 -2.2304894 61.242752
 13.284186 83.913625 0.011917016 85.695255 -1.7816303 61.238434
 13.287903 83.169411 0.012023651 84.514509 -1.3450979 61.234137
 13.29162 82.348658 0.012143489 83.327893 -0.97923458 61.229864
 13.295336 81.486155 0.012272023 82.219812 -0.73365709 61.225613
 13.299053 80.637779 0.012401135 81.27065 -0.63287091 61.221384
 13.30277 79.862645 0.012521499 80.524769 -0.66212342 61.217179
 13.306487 79.213893 0.012624048 80.000785 -0.78689253 61.212996
 13.310203 78.744527 0.012699295 79.696849 -0.95232178 61.208836
 13.31392 78.47155 0.012743472 79.603278 -1.1317276 61.2047
 13.317637 78.42601 0.012750872 79.696514 -1.2705035 61.200586
 13.321354 78.60391 0.012722013 79.948123 -1.3442133 61.196496
 13.32507 78.978465 0.012661679 80.308657 -1.3301926 61.19243
 13.328787 79.458018 0.012585262 80.710202 -1.2521841 61.188387
 13.332504 79.968506 0.012504923 81.074247 -1.1057409 61.184367
 13.336221 80.483513 0.012424905 81.324603 -0.84108986 61.180372
 13.339937 80.951897 0.012353015 81.400294 -0.44839698 61.1764
 13.343654 81.288432 0.012301873 81.272008 0.016423542 61.172453
 13.347371 81.431068 0.012280325 80.951581 0.47948758 61.16853
 13.351087 81.405177 0.012284231 80.506412 0.8987644 61.164631
 13.354804 81.229212 0.012310842 80.003439 1.2257732 61.160756
 13.358521 80.949771 0.01235334 79.512463 1.4373079 61.156906
 13.362238 80.632604 0.012401931 79.07557 1.5570342 61.153081
 13.365954 80.322576 0.0124498 78.703635 1.6189406 61.149281
 13.369671 80.036667 0.012494273 78.388477 1.6481897 61.145505
 13.373388 79.778211 0.012534751 78.117567 1.6606437 61.141754
 13.377105 79.552373 0.012570335 77.870503 1.6818702 61.138029
 13.380821 79.356801 0.012601314 77.623668 1.7331332 61.134329
 13.384538 79.154172 0.012633573 77.370813 1.7833589 61.130654
 13.388255 78.924624 0.012670317 77.114056 1.8105682 61.127005
 13.391972 78.698766 0.01270668 76.871632 1.8271338 61.123381
 13.395688 78.521258 0.012735405 76.674245 1.8470129 61.119783
 13.399405 78.396868 0.012755612 76.538748 1.8581199 61.116211
 13.403122 78.286697 0.012773562 76.469248 1.817449 61.112666
 13.406839 78.187505 0.012789767 76.435366 1.752139 61.109146
 13.410555 78.110448 0.012802385 76.392141 1.7183071 61.105652
 13.414272 78.023593 0.012816636 76.302235 1.7213575 61.102185
 13.417989 77.918546 0.012833915 76.153203 1.7653432 61.098744
 13.421706 77.794927 0.012854309 75.964951 1.8299758 61.09533
 13.425422 77.640317 0.012879906 75.772884 1.867433 61.091943
 13.429139 77.479724 0.012906603 75.615201 1.8645223 61.088582
 13.432856 77.347221 0.012928713 75.539166 1.8080552 61.085249
 13.436573 77.251111 0.012944798 75.542856 1.7082549 61.081942
 13.440289 77.204608 0.012952595 75.638938 1.56567 61.078663
 13.444006 77.232938 0.012947844 75.840842 1.3920965 61.075411
 13.447723 77.321592 0.012932998 76.174115 1.1474765 61.072187
 13.451439 77.443868 0.012912578 76.6685 0.77536753 61.06899
 13.455156 77.618942 0.012883453 77.334569 0.28437281 61.065822
 13.458873 77.866959 0.012842418 78.190745 -0.32378605 61.06268
 13.46259 78.177856 0.012791346 79.231905 -1.0540487 61.059567
 13.466306 78.5588 0.012729319 80.419501 -1.8607016 61.056483
 13.470023 79.030838 0.012653289 81.694392 -2.6635542 61.053426
 13.47374 79.590472 0.012564318 82.963062 -3.3725906 61.050398
 13.477457 80.235586 0.012463298 84.156161 -3.9205752 61.047398
 13.481173 80.942444 0.012354458 85.188307 -4.2458628 61.044427
 13.48489 81.649467 0.012247477 86.031573 -4.3821054 61.041484
 13.488607 82.334534 0.012145572 86.676346 -4.3418119 61.038571
 13.492324 83.012459 0.012046385 87.169698 -4.1572394 61.035686
 13.49604 83.67365 0.011951194 87.572813 -3.8991627 61.032831
 13.499757 84.26122 0.011867856 87.948548 -3.6873277 61.030005
 13.503474 84.776978 0.011795655 88.334323 -3.5573455 61.027208
 13.507191 85.268219 0.011727699 88.72954 -3.4613211 61.024441
 13.510907 85.717036 0.011666292 89.094496 -3.3774602 61.021704
 13.514624 86.051982 0.011620883 89.343881 -3.2918992 61.018996
 13.518341 86.25266 0.011593845 89.39571 -3.1430503 61.016318
 13.522058 86.335014 0.011582786 89.173931 -2.8389162 61.013671
 13.525774 86.309321 0.011586234 88.646515 -2.3371935 61.011053
 13.529491 86.152746 0.011607291 87.833706 -1.6809607 61.008466
 13.533208 85.830744 0.011650837 86.812675 -0.98193088 61.00591
 13.536925 85.34638 0.011716959 85.672745 -0.32636526 61.003383
 13.540641 84.761607 0.011797794 84.508472 0.25313507 61.000888
 13.544358 84.138758 0.011885129 83.387196 0.75156226 60.998423
 13.548075 83.474693 0.011979679 82.339969 1.1347242 60.99599
 13.551792 82.787127 0.012079173 81.381684 1.405443 60.993587
 13.555508 82.117968 0.012177603 80.523403 1.5945652 60.991216
 13.559225 81.487211 0.012271864 79.779861 1.7073497 60.988876
 13.562942 80.924355 0.012357219 79.157542 1.7668122 60.986568
 13.566658 80.45326 0.012429577 78.663686 1.7895734 60.984291
 13.570375 80.043577 0.012493195 78.304656 1.7389207 60.982046
 13.574092 79.664561 0.012552633 78.094761 1.5697995 60.979833
 13.577809 79.358518 0.012601042 78.040985 1.3175333 60.977652
 13.581525 79.15775 0.012633002 78.137899 1.0198517 60.975504
 13.585242 79.062429 0.012648233 78.365169 0.69725929 60.973387
 13.588959 79.04129 0.012651615 78.681542 0.35974796 60.971303
 13.592676 79.083745 0.012644823 79.060006 0.023738883 60.969252
 13.596392 79.178635 0.01262967 79.468169 -0.28953457 60.967233
 13.600109 79.272476 0.012614719 79.88099 -0.60851379 60.965247
 13.603826 79.348058 0.012602703 80.293133 -0.9450751 60.963294
 13.607543 79.43352 0.012589144 80.696272 -1.2627515 60.961374
 13.611259 79.522316 0.012575086 81.082985 -1.5606691 60.959488
 13.614976 79.603638 0.01256224 81.437619 -1.8339813 60.957635
 13.618693 79.718524 0.012544136 81.743808 -2.0252843 60.955815
 13.62241 79.895518 0.012516347 81.996522 -2.1010037 60.954029
 13.626126 80.129908 0.012479735 82.204638 -2.0747297 60.952277
 13.629843 80.435755 0.012432282 82.399604 -1.9638482 60.950559
 13.63356 80.826335 0.012372205 82.6227 -1.7963652 60.948875
 13.637277 81.254471 0.012307015 82.907875 -1.6534045 60.947225
 13.640993 81.681112 0.012242732 83.266849 -1.5857376 60.94561
 13.64471 82.084981 0.012182497 83.690608 -1.6056265 60.944029
 13.648427 82.443148 0.012129571 84.174411 -1.7312628 60.942482
 13.652144 82.760986 0.012082988 84.68701 -1.9260235 60.940971
 13.65586 83.03258 0.012043465 85.196796 -2.1642161 60.939494
 13.659577 83.219905 0.012016356 85.67532 -2.4554152 60.938053
 13.663294 83.329582 0.01200054 86.112583 -2.7830009 60.936646
 13.66701 83.434278 0.011985482 86.503513 -3.0692354 60.935275
 13.670727 83.573435 0.011965525 86.856397 -3.2829612 60.93394
 13.674444 83.745705 0.011940911 87.154249 -3.4085448 60.93264
 13.678161 83.927602 0.011915031 87.382436 -3.4548334 60.931376
 13.681877 84.059868 0.011896283 87.499145 -3.4392775 60.930147
 13.685594 84.101181 0.011890439 87.462481 -3.3612995 60.928955
 13.689311 84.05422 0.011897083 87.258127 -3.2039079 60.927799
 13.693028 83.904648 0.011918291 86.917525 -3.0128774 60.926679
 13.696744 83.660161 0.011953121 86.510695 -2.8505333 60.925596
 13.700461 83.32608 0.012001045 86.128215 -2.8021348 60.92455
 13.704178 82.965246 0.01205324 85.852256 -2.8870109 60.92354
 13.707895 82.631559 0.012101914 85.759239 -3.1276798 60.922567
 13.711611 82.367686 0.012140683 85.871901 -3.5042147 60.921631
 13.715328 82.237384 0.01215992 86.217817 -3.9804334 60.920732
 13.719045 82.271729 0.012154844 86.774947 -4.5032185 60.91987
 13.722762 82.470723 0.012125515 87.517639 -5.0469151 60.919047
 13.726478 82.813871 0.012075272 88.405457 -5.5915864 60.91826
 13.730195 83.295479 0.012005454 89.385001 -6.0895218 60.917512
 13.733912 83.878736 0.011921973 90.398947 -6.5202108 60.916801
 13.737629 84.52534 0.011830772 91.390608 -6.865268 60.916128
 13.741345 85.197576 0.011737423 92.325405 -7.1278296 60.915494
 13.745062 85.873886 0.011644984 93.187851 -7.3139652 60.914898
 13.748779 86.518044 0.011558283 93.987589 -7.4695451 60.91434
 13.752496 87.076853 0.011484108 94.710927 -7.6340739 60.913821
 13.756212 87.545504 0.011422631 95.301924 -7.7564196 60.913341
 13.759929 87.92927 0.011372777 95.650165 -7.7208947 60.9129
 13.763646 88.161476 0.011342823 95.628979 -7.4675029 60.912497
 13.767363 88.146741 0.011344719 95.138651 -6.9919096 60.912134
 13.771079 87.867462 0.011380777 94.187025 -6.3195624 60.911811
 13.774796 87.331612 0.011450607 92.85337 -5.5217587 60.911527
 13.778513 86.590907 0.011548557 91.267101 -4.6761938 60.911282
 13.782229 85.680481 0.01167127 89.566309 -3.8858282 60.911078
 13.785946 84.625834 0.011816723 87.847901 -3.2220672 60.910913
 13.789663 83.51855 0.011973388 86.192686 -2.6741365 60.910788
 13.79338 82.454137 0.012127954 84.680137 -2.2259995 60.910704
 13.797096 81.510979 0.012268286 83.376213 -1.8652345 60.91066
 13.800813 80.747187 0.012384332 82.342799 -1.5956121 60.910657
 13.80453 80.181547 0.012471698 81.630708 -1.4491613 60.910694
 13.808247 79.829709 0.012526665 81.252871 -1.4231617 60.910772
 13.811963 79.689331 0.012548731 81.1974 -1.5080693 60.910891
 13.81568 79.740059 0.012540748 81.410396 -1.6703369 60.911052
 13.819397 79.942263 0.012509028 81.827992 -1.8857289 60.911253
 13.823114 80.27388 0.012457352 82.372855 -2.0989754 60.911496
 13.82683 80.684736 0.012393918 82.96399 -2.2792544 60.911781
 13.830547 81.138196 0.012324652 83.530326 -2.3921298 60.912108
 13.834264 81.597008 0.012255351 84.027174 -2.4301664 60.912476
 13.837981 82.011169 0.012193461 84.404135 -2.3929651 60.912886
 13.841697 82.325737 0.01214687 84.608758 -2.2830211 60.913339
 13.845414 82.51916 0.012118398 84.603817 -2.0846572 60.913834
 13.849131 82.599531 0.012106606 84.373512 -1.7739818 60.914372
 13.852848 82.544904 0.012114618 83.920578 -1.375674 60.914952
 13.856564 82.346466 0.012143812 83.258003 -0.91153668 60.915575
 13.860281 81.991859 0.012196333 82.4177 -0.42584091 60.916241
 13.863998 81.511884 0.01226815 81.443687 0.068197469 60.91695
 13.867715 80.926593 0.012356878 80.414179 0.51241393 60.917702
 13.871431 80.267756 0.012458303 79.404142 0.8636138 60.918498
 13.875148 79.599963 0.01256282 78.490381 1.1095815 60.919338
 13.878865 78.966136 0.012663656 77.726348 1.2397872 60.920221
 13.882581 78.411748 0.012753191 77.150782 1.2609666 60.921148
 13.886298 77.996933 0.012821017 76.759759 1.2371744 60.922119
 13.890015 77.730199 0.012865013 76.520977 1.2092226 60.923135
 13.893732 77.569265 0.012891704 76.37307 1.1961945 60.924194
 13.897448 77.505636 0.012902288 76.24845 1.2571857 60.925299
 13.901165 77.504807 0.012902426 76.058125 1.4466814 60.926448
 13.904882 77.472061 0.012907879 75.747471 1.7245901 60.927641
 13.908599 77.372416 0.012924503 75.300886 2.0715297 60.92888
 13.912315 77.228645 0.012948563 74.723765 2.5048805 60.930164
 13.916032 77.007655 0.012985722 74.067208 2.9404469 60.931493
 13.919749 76.668154 0.013043225 73.410793 3.2573612 60.932868
 13.923466 76.285001 0.013108737 72.818345 3.4666562 60.934288
 13.927182 75.94769 0.013166957 72.330412 3.6172783 60.935755
 13.930899 75.678291 0.013213829 71.971822 3.7064691 60.937267
 13.934616 75.434931 0.013256458 71.772123 3.662808 60.938825
 13.938333 75.222733 0.013293854 71.716851 3.5058818 60.940429
 13.942049 75.103536 0.013314952 71.796051 3.3074851 60.94208
 13.945766 75.07899 0.013319306 71.976035 3.1029543 60.943778
 13.949483 75.101896 0.013315243 72.226189 2.8757066 60.945522
 13.9532 75.17689 0.01330196 72.523814 2.6530761 60.947313
 13.956916 75.30348 0.013279599 72.848969 2.45451 60.949151
 13.960633 75.453275 0.013253235 73.185386 2.2678888 60.951036
 13.96435 75.596975 0.013228043 73.511982 2.0849926 60.952969
 13.968067 75.720886 0.013206396 73.793229 1.9276577 60.95495
 13.971783 75.825745 0.013188133 73.997643 1.828102 60.956978
 13.9755 75.920586 0.013171658 74.096865 1.8237202 60.959053
 13.979217 75.967875 0.013163459 74.093638 1.8742371 60.961177
 13.982934 75.941696 0.013167997 74.008234 1.933462 60.963349
 13.98665 75.872691 0.013179973 73.87916 1.9935311 60.96557
 13.990367 75.74703 0.013201838 73.723087 2.0239427 60.967839
 13.994084 75.571854 0.01323244 73.550486 2.0213676 60.970157
 13.9978 75.403923 0.013261909 73.357408 2.0465146 60.972523
 14.001517 75.267843 0.013285886 73.130613 2.1372297 60.974939
 14.005234 75.131554 0.013309987 72.883117 2.2484364 60.977403
 14.008951 74.972987 0.013338137 72.625838 2.3471493 60.979917
 14.012667 74.811864 0.013366864 72.382227 2.4296374 60.982481
 14.016384 74.672994 0.013391722 72.180693 2.4923009 60.985094
 14.020101 74.53744 0.013416077 72.034277 2.5031632 60.987757
 14.023818 74.405294 0.013439904 71.947843 2.4574506 60.99047
 14.027534 74.315997 0.013456053 71.905632 2.4103648 60.993233
 14.031251 74.266797 0.013464967 71.892574 2.3742235 60.996047
 14.034968 74.251556 0.013467731 71.890234 2.3613224 60.99891
 14.038685 74.270866 0.01346423 71.886572 2.3842941 61.001825
 14.042401 74.309814 0.013457173 71.885732 2.4240824 61.004791
 14.046118 74.373037 0.013445733 71.886372 2.4866642 61.007807
 14.049835 74.454277 0.013431062 71.880522 2.5737554 61.010875
 14.053552 74.512652 0.01342054 71.867553 2.6450987 61.013993
 14.057268 74.543312 0.01341502 71.836028 2.7072841 61.017164
 14.060985 74.564204 0.013411261 71.770054 2.7941499 61.020386
 14.064702 74.579419 0.013408525 71.647062 2.9323572 61.02366
 14.068419 74.574697 0.013409374 71.446777 3.1279198 61.026986
 14.072135 74.511754 0.013420701 71.158443 3.3533115 61.030364
 14.075852 74.403885 0.013440158 70.790492 3.6133929 61.033794
 14.079569 74.303324 0.013458348 70.390787 3.9125369 61.037277
 14.083286 74.201213 0.013476869 69.999341 4.201872 61.040813
 14.087002 74.078153 0.013499257 69.663818 4.4143348 61.044401
 14.090719 73.956942 0.013521381 69.411836 4.5451061 61.048042
 14.094436 73.868985 0.013537481 69.269629 4.5993569 61.051737
 14.098152 73.825027 0.013545542 69.250483 4.5745447 61.055485
 14.101869 73.814992 0.013547383 69.35627 4.4587219 61.059286
 14.105586 73.843987 0.013542064 69.588263 4.255724 61.063142
 14.109303 73.925791 0.013527079 69.932293 3.9934983 61.067051
 14.113019 74.058436 0.013502851 70.368882 3.6895537 61.071014
 14.116736 74.213435 0.013474649 70.884847 3.3285877 61.075031
 14.120453 74.399236 0.013440998 71.450633 2.9486034 61.079103
 14.12417 74.629868 0.013399461 72.059403 2.5704649 61.083229
 14.127886 74.898005 0.01335149 72.71033 2.1876753 61.08741
 14.131603 75.171664 0.013302885 73.40648 1.7651842 61.091646
 14.13532 75.430372 0.013257259 74.145091 1.2852802 61.095937
 14.139037 75.697194 0.013210529 74.915816 0.78137829 61.100283
 14.142753 76.014303 0.013155419 75.714738 0.29956483 61.104685
 14.14647 76.369169 0.013094289 76.515669 -0.14650058 61.109142
 14.150187 76.720441 0.013034336 77.310749 -0.59030759 61.113655
 14.153904 77.033976 0.012981285 78.070673 -1.0366964 61.118224
 14.15762 77.312731 0.01293448 78.769959 -1.4572279 61.122849
 14.161337 77.580002 0.01288992 79.361461 -1.7814588 61.12753
 14.165054 77.838679 0.012847083 79.796557 -1.9578784 61.132268
 14.168771 78.059128 0.012810802 80.0122 -1.9530721 61.137062
 14.172487 78.21034 0.012786033 79.97026 -1.7599202 61.141914
 14.176204 78.299706 0.01277144 79.684978 -1.3852729 61.146822
 14.179921 78.330971 0.012766342 79.204159 -0.87318804 61.151787
 14.183638 78.318553 0.012768367 78.620258 -0.30170494 61.15681
 14.187354 78.264025 0.012777263 78.019984 0.24404113 61.16189
 14.191071 78.171939 0.012792314 77.463791 0.70814785 61.167028
 14.194788 78.041405 0.012813711 76.995882 1.045523 61.172224
 14.198505 77.871208 0.012841717 76.623354 1.2478538 61.177478
 14.202221 77.669001 0.012875149 76.331763 1.3372382 61.182791
 14.205938 77.472013 0.012907887 76.106567 1.3654459 61.188161
 14.209655 77.303258 0.012936065 75.933809 1.3694491 61.193591
 14.213371 77.148008 0.012962098 75.804879 1.3431288 61.199079
 14.217088 77.008153 0.012985638 75.705339 1.3028147 61.204626
 14.220805 76.901454 0.013003655 75.620181 1.2812727 61.210232
 14.224522 76.809705 0.013019188 75.526357 1.2833484 61.215897
 14.228238 76.725021 0.013033558 75.395123 1.3298988 61.221622
 14.231955 76.657369 0.01304506 75.201374 1.4559955 61.227407
 14.235672 76.557513 0.013062075 74.924611 1.6329024 61.233251
 14.239389 76.397074 0.013089506 74.563701 1.8333732 61.239156
 14.243105 76.21641 0.013120534 74.13376 2.0826507 61.245121
 14.246822 76.015691 0.013155179 73.672588 2.3431027 61.251146
 14.250539 75.801181 0.013192407 73.232064 2.5691162 61.257231
 14.254256 75.601008 0.013227337 72.862958 2.7380506 61.263378
 14.257972 75.413284 0.013260263 72.602994 2.8102898 61.269585
 14.261689 75.26092 0.013287108 72.470422 2.7904987 61.275854
 14.265406 75.137711 0.013308896 72.472664 2.6650464 61.282184
 14.269123 75.000885 0.013333176 72.593637 2.4072484 61.288575
 14.272839 74.896764 0.013351712 72.802038 2.0947263 61.295028
 14.276556 74.888471 0.01335319 73.067467 1.8210036 61.301543
 14.280273 74.943784 0.013343335 73.34214 1.6016445 61.30812
 14.28399 75.003367 0.013332735 73.591589 1.411778 61.31476
 14.287706 75.058413 0.013322957 73.802408 1.2560054 61.321461
 14.291423 75.10791 0.013314177 73.973909 1.1340016 61.328225
 14.29514 75.185143 0.0133005 74.113283 1.0718593 61.335053
 14.298857 75.299024 0.013280385 74.263116 1.0359078 61.341943
 14.302573 75.39107 0.01326417 74.45822 0.93285021 61.348896
 14.30629 75.471008 0.013250121 74.739451 0.73155765 61.355912
 14.310007 75.611186 0.013225556 75.137697 0.47348852 61.362992
 14.313723 75.806839 0.013191422 75.671695 0.13514441 61.370136
 14.31744 76.051529 0.01314898 76.333716 -0.28218686 61.377344
 14.321157 76.343831 0.013098635 77.092667 -0.74883586 61.384616
 14.324874 76.666247 0.01304355 77.89098 -1.2247328 61.391952
 14.32859 77.01462 0.012984548 78.665212 -1.6505913 61.399352
 14.332307 77.357839 0.012926938 79.3487 -1.990861 61.406818
 14.336024 77.644394 0.01287923 79.902627 -2.2582335 61.414348
 14.339741 77.862981 0.012843074 80.316739 -2.4537574 61.421943
 14.343457 78.008959 0.01281904 80.622697 -2.6137372 61.429603
 14.347174 78.093486 0.012805165 80.855416 -2.7619306 61.437329
 14.350891 78.147247 0.012796356 81.058815 -2.9115676 61.44512
 14.354608 78.144427 0.012796818 81.256906 -3.112479 61.452977
 14.358324 78.090963 0.012805579 81.457166 -3.3662032 61.4609
 14.362041 78.049451 0.01281239 81.645485 -3.5960336 61.46889
 14.365758 78.05777 0.012811024 81.771688 -3.7139182 61.476945
 14.369475 78.085607 0.012806457 81.79168 -3.7060733 61.485068
 14.373191 78.068985 0.012809184 81.680085 -3.6110998 61.493257
 14.376908 77.959747 0.012827132 81.43578 -3.4760331 61.501513
 14.380625 77.833153 0.012847996 81.086853 -3.2537003 61.509836
 14.384342 77.763311 0.012859535 80.678716 -2.9154049 61.518226
 14.388058 77.693713 0.012871054 80.257167 -2.5634541 61.526684
 14.391775 77.569031 0.012891743 79.871384 -2.3023529 61.535209
 14.395492 77.413221 0.01291769 79.545209 -2.1319879 61.543803
 14.399209 77.271044 0.012941458 79.272628 -2.0015837 61.552465
 14.402925 77.149434 0.012961858 79.034553 -1.8851191 61.561194
 14.406642 77.056735 0.012977451 78.803438 -1.7467034 61.569993
 14.410359 77.006406 0.012985933 78.563182 -1.5567761 61.57886
 14.414075 76.960149 0.012993738 78.308317 -1.3481683 61.587796
 14.417792 76.87768 0.013007677 78.074354 -1.196674 61.596801
 14.421509 76.797129 0.01302132 77.884569 -1.0874393 61.605875
 14.425226 76.763802 0.013026973 77.74861 -0.98480808 61.615019
 14.428942 76.74587 0.013030017 77.672655 -0.92678456 61.624232
 14.432659 76.731262 0.013032498 77.639717 -0.90845473 61.633515
 14.436376 76.709119 0.01303626 77.62161 -0.91249058 61.642868
 14.440093 76.662689 0.013044155 77.574384 -0.91169481 61.652292
 14.443809 76.623522 0.013050823 77.507454 -0.88393116 61.661786
 14.447526 76.582932 0.01305774 77.414121 -0.83118942 61.67135
 14.451243 76.526006 0.013067453 77.300054 -0.77404773 61.680986
 14.45496 76.463348 0.013078161 77.17424 -0.71089166 61.690692
 14.458676 76.424075 0.013084882 77.025079 -0.60100422 61.70047
 14.462393 76.44399 0.013081473 76.838491 -0.39450129 61.710319
 14.46611 76.474302 0.013076288 76.602091 -0.12778978 61.72024
 14.469827 76.46329 0.013078171 76.310256 0.15303377 61.730232
 14.473543 76.427076 0.013084368 75.953461 0.47361429 61.740297
 14.47726 76.368167 0.013094461 75.544589 0.82357742 61.750433
 14.480977 76.284121 0.013108888 75.090891 1.1932301 61.760643
 14.484694 76.164609 0.013129457 74.618527 1.5460821 61.770924
 14.48841 75.983287 0.013160789 74.152504 1.8307828 61.781279
 14.492127 75.772802 0.013197348 73.721758 2.0510438 61.791707
 14.495844 75.587761 0.013229655 73.33928 2.2484807 61.802208
 14.499561 75.391683 0.013264063 73.019395 2.3722882 61.812782
 14.503277 75.198166 0.013298197 72.75563 2.4425361 61.82343
 14.506994 75.047623 0.013324872 72.543035 2.5045877 61.834152
 14.510711 74.925191 0.013346646 72.357913 2.5672786 61.844947
 14.514428 74.807198 0.013367698 72.180532 2.6266654 61.855817
 14.518144 74.656255 0.013394725 71.992177 2.6640782 61.866762
 14.521861 74.489835 0.01342465 71.784555 2.7052804 61.877781
 14.525578 74.353984 0.013449179 71.567714 2.7862695 61.888875
 14.529294 74.212603 0.0134748 71.343171 2.8694327 61.900044
 14.533011 74.036883 0.013506781 71.125556 2.9113273 61.911288
 14.536728 73.850169 0.01354093 70.940401 2.9097675 61.922608
 14.540445 73.670016 0.013574043 70.803302 2.8667138 61.934003
 14.544161 73.50798 0.013603965 70.735051 2.7729295 61.945474
 14.547878 73.361857 0.013631062 70.747607 2.6142506 61.957021
 14.551595 73.253166 0.013651287 70.837883 2.4152832 61.968645
 14.555312 73.199809 0.013661238 70.994211 2.2055979 61.980345
 14.559028 73.171349 0.013666551 71.195194 1.9761543 61.992122
 14.562745 73.171153 0.013666588 71.408455 1.7626977 62.003975
 14.566462 73.216906 0.013658048 71.605385 1.6115216 62.015906
 14.570179 73.254987 0.013650948 71.768625 1.4863617 62.027914
 14.573895 73.271703 0.013647833 71.905614 1.3660893 62.039999
 14.577612 73.292366 0.013643986 72.045906 1.2464601 62.052162
 14.581329 73.315559 0.01363967 72.220682 1.0948774 62.064403
 14.585046 73.353139 0.013632682 72.48249 0.87064885 62.076723
 14.588762 73.429082 0.013618582 72.856149 0.57293289 62.08912
 14.592479 73.574366 0.01359169 73.373882 0.20048454 62.101596
 14.596196 73.784955 0.013552898 74.031131 -0.2461755 62.114151
 14.599913 74.031845 0.013507701 74.818466 -0.78662129 62.126785
 14.603629 74.351583 0.013449613 75.695162 -1.3435791 62.139498
 14.607346 74.795161 0.013369849 76.610035 -1.8148742 62.152291
 14.611063 75.325063 0.013275794 77.494871 -2.1698078 62.165163
 14.61478 75.87336 0.013179857 78.280744 -2.4073846 62.178114
 14.618496 76.348241 0.013097879 78.919125 -2.5708842 62.191146
 14.622213 76.704684 0.013037013 79.386341 -2.6816572 62.204258
 14.62593 76.995422 0.012987785 79.684723 -2.6893006 62.217451
 14.629646 77.250097 0.012944968 79.846578 -2.5964809 62.230724
 14.633363 77.456525 0.012910468 79.906097 -2.4495722 62.244078
 14.63708 77.582176 0.012889559 79.907231 -2.3250547 62.257513
 14.640797 77.624392 0.012882549 79.885037 -2.2606447 62.27103
 14.644513 77.594721 0.012887475 79.835811 -2.2410895 62.284627
 14.64823 77.510933 0.012901406 79.749235 -2.2383021 62.298307
 14.651947 77.370318 0.012924853 79.617315 -2.2469972 62.312068
 14.655664 77.197606 0.01295377 79.437037 -2.2394303 62.325912
 14.65938 77.00972 0.012985374 79.242582 -2.2328623 62.339838
 14.663097 76.817184 0.01301792 79.073273 -2.2560889 62.353847
 14.666814 76.589511 0.013056618 78.961564 -2.3720539 62.367938
 14.670531 76.360942 0.0130957 78.935338 -2.574396 62.382112
 14.674247 76.236242 0.013117121 79.011989 -2.775747 62.39637
 14.677964 76.221191 0.013119711 79.169237 -2.948046 62.410711
 14.681681 76.2898 0.013107912 79.366041 -3.076241 62.425136
 14.685398 76.418152 0.013085896 79.531418 -3.1132662 62.439644
 14.689114 76.59213 0.013056172 79.587003 -2.9948725 62.454237
 14.692831 76.760302 0.013027567 79.457076 -2.6967734 62.468913
 14.696548 76.841415 0.013013815 79.089482 -2.2480669 62.483675
 14.700265 76.812294 0.013018749 78.477332 -1.6650382 62.498521
 14.703981 76.67276 0.013042442 77.662437 -0.98967739 62.513452
 14.707698 76.43264 0.013083416 76.715268 -0.28262811 62.528468
 14.711415 76.061025 0.013147338 75.710163 0.35086226 62.54357
 14.715132 75.568176 0.013233084 74.711628 0.85654855 62.558757
 14.718848 75.03037 0.013327936 73.756033 1.274337 62.57403
 14.722565 74.51577 0.013419978 72.867189 1.6485814 62.589389
 14.726282 73.984151 0.013516408 72.046797 1.9373547 62.604834
 14.729999 73.462799 0.013612332 71.293827 2.1689718 62.620366
 14.733715 73.043884 0.0136904 70.608071 2.4358136 62.635984
 14.737432 72.678579 0.013759212 69.99454 2.684039 62.65169
 14.741149 72.314796 0.013828429 69.464622 2.8501748 62.667482
 14.744865 72.005821 0.013887766 69.022318 2.9835034 62.683362
 14.748582 71.780365 0.013931386 68.674501 3.1058637 62.699329
 14.752299 71.589475 0.013968534 68.419454 3.170021 62.715385
 14.756016 71.402044 0.014005201 68.252174 3.1498698 62.731528
 14.759732 71.254562 0.014034189 68.174754 3.0798085 62.747759
 14.763449 71.162188 0.014052407 68.183432 2.9787562 62.764079
 14.767166 71.093389 0.014066006 68.27396 2.8194286 62.780488
 14.770883 71.082548 0.014068151 68.441892 2.6406554 62.796985
 14.774599 71.142115 0.014056371 68.681634 2.4604814 62.813572
 14.778316 71.241341 0.014036794 68.98436 2.2569809 62.830248
 14.782033 71.358243 0.014013798 69.337523 2.0207202 62.847014
 14.78575 71.484693 0.013989009 69.722866 1.761827 62.863869
 14.789466 71.648529 0.013957021 70.116636 1.5318931 62.880815
 14.793183 71.850189 0.013917848 70.491325 1.3588644 62.89785
 14.7969 72.042175 0.013880758 70.823749 1.2184264 62.914976
 14.800617 72.18898 0.01385253 71.103528 1.0854521 62.932193
 14.804333 72.326205 0.013826247 71.340593 0.9856121 62.949501
 14.80805 72.461606 0.013800412 71.557382 0.90422399 62.9669
 14.811767 72.544945 0.013784558 71.791798 0.75314665 62.984391
 14.815484 72.587003 0.013776571 72.071535 0.51546854 63.001972
 14.8192 72.618889 0.013770522 72.416942 0.20194671 63.019646
 14.822917 72.663012 0.01376216 72.837226 -0.17421405 63.037412
 14.826634 72.726997 0.013750052 73.331037 -0.60403963 63.05527
 14.830351 72.836016 0.013729471 73.900299 -1.0642826 63.073221
 14.834067 73.029696 0.01369306 74.542943 -1.5132468 63.091264
 14.837784 73.276301 0.013646977 75.256543 -1.9802419 63.109401
 14.841501 73.57314 0.013591917 76.029757 -2.456617 63.12763
 14.845218 73.91949 0.013528232 76.846583 -2.927094 63.145954
 14.848934 74.250013 0.013468011 77.664425 -3.4144127 63.16437
 14.852651 74.55956 0.013412096 78.433211 -3.8736504 63.182881
 14.856368 74.94295 0.013343483 79.0991 -4.1561499 63.201486
 14.860084 75.337329 0.013273632 79.626103 -4.2887744 63.220185
 14.863801 75.626623 0.013222857 79.986537 -4.3599149 63.238978
 14.867518 75.851171 0.013183712 80.191328 -4.3401567 63.257867
 14.871235 76.045207 0.013150073 80.249249 -4.2040427 63.27685
 14.874951 76.185964 0.013125777 80.176049 -3.9900849 63.295929
 14.878668 76.232135 0.013117828 79.984555 -3.7524204 63.315103
 14.882385 76.209742 0.013121682 79.681273 -3.4715307 63.334374
 14.886102 76.138766 0.013133914 79.281259 -3.142493 63.35374
 14.889818 76.03612 0.013151644 78.80057 -2.76445 63.373202
 14.893535 75.92244 0.013171337 78.255321 -2.3328812 63.392761
 14.897252 75.799266 0.01319274 77.675006 -1.8757402 63.412416
 14.900969 75.593849 0.01322859 77.078136 -1.4842873 63.432168
 14.904685 75.342763 0.013272675 76.490116 -1.147353 63.452018
 14.908402 75.113996 0.013313098 75.93305 -0.81905428 63.471964
 14.912119 74.851911 0.013359712 75.427425 -0.57551439 63.492009
 14.915836 74.504377 0.01342203 74.988425 -0.48404847 63.512151
 14.919552 74.16408 0.013483616 74.637147 -0.47306643 63.532391
 14.923269 73.943464 0.013523846 74.379799 -0.43633569 63.55273
 14.926986 73.794431 0.013551158 74.217743 -0.42331225 63.573167
 14.930703 73.648949 0.013577926 74.144132 -0.49518317 63.593703
 14.934419 73.521456 0.013601472 74.150562 -0.62910581 63.614338
 14.938136 73.434489 0.01361758 74.229547 -0.79505846 63.635073
 14.941853 73.390462 0.013625749 74.369842 -0.9793796 63.655906
 14.94557 73.383647 0.013627014 74.565185 -1.1815384 63.67684
 14.949286 73.403999 0.013623236 74.806354 -1.4023551 63.697874
 14.953003 73.461484 0.013612575 75.079598 -1.6181141 63.719007
 14.95672 73.544815 0.013597152 75.370368 -1.8255531 63.740241
 14.960436 73.65672 0.013576494 75.670224 -2.0135031 63.761576
 14.964153 73.795423 0.013550976 75.980562 -2.1851388 63.783012
 14.96787 73.90844 0.013530255 76.314159 -2.4057192 63.804549
 14.971587 73.998642 0.013513762 76.692214 -2.6935725 63.826188
 14.975303 74.157982 0.013484725 77.130305 -2.9723228 63.847928
 14.97902 74.34756 0.013450341 77.643461 -3.2959014 63.86977
 14.982737 74.473058 0.013427675 78.232542 -3.7594836 63.891714
 14.986454 74.57373 0.013409548 78.893126 -4.3193951 63.91376
 14.99017 74.730148 0.01338148 79.622528 -4.8923801 63.935909
 14.993887 74.955785 0.013341198 80.40486 -5.4490753 63.958161
 14.997604 75.24113 0.013290603 81.224256 -5.9831268 63.980516
 15.001321 75.551188 0.013236059 82.054159 -6.5029709 64.002974
