two_theta	y_obs	y_weights	y_calc	y_diff	y_bkg	q_values	d_spacings
1.00035600	63.55352400	0.01573477	64.66971800	-1.11619390	64.66971800	0.65885836	9.53647347
1.00407270	63.50993300	0.01574557	64.72274100	-1.21280750	64.72274100	0.66130621	9.50117393
1.00778950	63.50820000	0.01574600	64.77558500	-1.26738460	64.77558500	0.66375412	9.46613382
1.01150620	63.52337100	0.01574224	64.82825000	-1.30487860	64.82825000	0.66620196	9.43135215
1.01522300	63.62173700	0.01571790	64.88073600	-1.25899930	64.88073600	0.66864987	9.39682423
1.01893970	63.66342800	0.01570760	64.93304500	-1.26961680	64.93304500	0.67109771	9.36254913
1.02265640	63.70918000	0.01569633	64.98517500	-1.27599510	64.98517500	0.67354555	9.32852317
1.02637320	63.75105900	0.01568601	65.03712800	-1.28606900	65.03712800	0.67599346	9.29474273
1.03008990	63.76285300	0.01568311	65.08890400	-1.32605090	65.08890400	0.67844130	9.26120698
1.03380670	63.73626500	0.01568966	65.14050300	-1.40423810	65.14050300	0.68088921	9.22791146
1.03752340	63.72168300	0.01569325	65.19192500	-1.47024150	65.19192500	0.68333704	9.19485539
1.04124010	63.74664700	0.01568710	65.24317100	-1.49652420	65.24317100	0.68578488	9.16203531
1.04495690	63.79123100	0.01567614	65.29424100	-1.50301080	65.29424100	0.68823279	9.12944783
1.04867360	63.78524900	0.01567761	65.34513600	-1.55988710	65.34513600	0.69068062	9.09709222
1.05239040	63.77801000	0.01567939	65.39585600	-1.61784570	65.39585600	0.69312852	9.06496429
1.05610710	63.76014600	0.01568378	65.44640000	-1.68625450	65.44640000	0.69557636	9.03306335
1.05982390	63.82467300	0.01566792	65.49677000	-1.67209780	65.49677000	0.69802426	9.00138532
1.06354060	63.87523800	0.01565552	65.54696600	-1.67172870	65.54696600	0.70047209	8.96992954
1.06725730	63.89000400	0.01565190	65.59698900	-1.70698400	65.59698900	0.70291992	8.93869286
1.07097410	63.88349800	0.01565349	65.64683700	-1.76333920	65.64683700	0.70536782	8.90767216
1.07469080	63.91002800	0.01564700	65.69651200	-1.78648460	65.69651200	0.70781565	8.87686685
1.07840760	63.93765800	0.01564023	65.74601500	-1.80835730	65.74601500	0.71026355	8.84627306
1.08212430	63.97933600	0.01563005	65.79534500	-1.81600920	65.79534500	0.71271138	8.81589026
1.08584100	64.01213700	0.01562204	65.84450300	-1.83236560	65.84450300	0.71515921	8.78571545
1.08955780	64.04858900	0.01561315	65.89348900	-1.84489940	65.89348900	0.71760710	8.75574571
1.09327450	64.04461000	0.01561412	65.94230300	-1.89769250	65.94230300	0.72005493	8.72598054
1.09699130	64.03385700	0.01561674	65.99094600	-1.95708920	65.99094600	0.72250282	8.69641628
1.10070800	64.03424600	0.01561664	66.03941800	-2.00517220	66.03941800	0.72495065	8.66705247
1.10442480	64.03913800	0.01561545	66.08772000	-2.04858230	66.08772000	0.72739854	8.63788551
1.10814150	64.09901800	0.01560086	66.13585100	-2.03683310	66.13585100	0.72984636	8.60891500
1.11185820	64.12874600	0.01559363	66.18381300	-2.05506660	66.18381300	0.73229419	8.58013816
1.11557500	64.13412200	0.01559232	66.23160500	-2.09748230	66.23160500	0.73474208	8.55155232
1.11929170	64.10310000	0.01559987	66.27922700	-2.17612730	66.27922700	0.73718990	8.52315709
1.12300850	64.18815200	0.01557920	66.32668100	-2.13852860	66.32668100	0.73963779	8.49494905
1.12672520	64.26811000	0.01555982	66.37396600	-2.10585630	66.37396600	0.74208561	8.46692788
1.13044190	64.35029300	0.01553994	66.42108300	-2.07078930	66.42108300	0.74453343	8.43909096
1.13415870	64.39711800	0.01552865	66.46803200	-2.07091420	66.46803200	0.74698131	8.41143575
1.13787540	64.46289300	0.01551280	66.51481300	-2.05191990	66.51481300	0.74942913	8.38396196
1.14159220	64.44569400	0.01551694	66.56142700	-2.11573300	66.56142700	0.75187701	8.35666632
1.14530890	64.46476000	0.01551235	66.60787400	-2.14311410	66.60787400	0.75432483	8.32954858
1.14902570	64.47161600	0.01551070	66.65415400	-2.18253810	66.65415400	0.75677271	8.30260555
1.15274240	64.50258600	0.01550325	66.70026800	-2.19768190	66.70026800	0.75922053	8.27583698
1.15645910	64.50706200	0.01550218	66.74621600	-2.23915390	66.74621600	0.76166834	8.24924048
1.16017590	64.50879200	0.01550176	66.79199900	-2.28320700	66.79199900	0.76411622	8.22281369
1.16389260	64.52504700	0.01549786	66.83761600	-2.31256820	66.83761600	0.76656403	8.19655638
1.16760940	64.56875600	0.01548737	66.88306700	-2.31431130	66.88306700	0.76901191	8.17046554
1.17132610	64.59714500	0.01548056	66.92835500	-2.33120950	66.92835500	0.77145972	8.14454097
1.17504280	64.65987700	0.01546554	66.97347700	-2.31360080	66.97347700	0.77390753	8.11878042
1.17875960	64.68499200	0.01545954	67.01843600	-2.33344360	67.01843600	0.77635541	8.09318162
1.18247630	64.73624700	0.01544730	67.06323100	-2.32698420	67.06323100	0.77880321	8.06774444
1.18619310	64.73062600	0.01544864	67.10786300	-2.37723620	67.10786300	0.78125109	8.04246599
1.18990980	64.76161400	0.01544125	67.15233100	-2.39071650	67.15233100	0.78369890	8.01734613
1.19362660	64.79802700	0.01543257	67.19663700	-2.39860950	67.19663700	0.78614677	7.99238204
1.19734330	64.81764200	0.01542790	67.24078000	-2.42313750	67.24078000	0.78859457	7.96757361
1.20106000	64.83407600	0.01542399	67.28476100	-2.45068470	67.28476100	0.79104238	7.94291872
1.20477680	64.84785000	0.01542071	67.32858000	-2.48073020	67.32858000	0.79349025	7.91841530
1.20849350	64.82965300	0.01542504	67.37223700	-2.54258390	67.37223700	0.79593805	7.89406325
1.21221030	64.81783500	0.01542785	67.41573400	-2.59789830	67.41573400	0.79838592	7.86985989
1.21592700	64.84536700	0.01542130	67.45906900	-2.61370190	67.45906900	0.80083372	7.84580514
1.21964370	64.90968800	0.01540602	67.50224400	-2.59255600	67.50224400	0.80328152	7.82189701
1.22336050	64.94541200	0.01539755	67.54525900	-2.59984730	67.54525900	0.80572938	7.79813351
1.22707720	64.95144100	0.01539612	67.58811400	-2.63667230	67.58811400	0.80817718	7.77451460
1.23079400	65.00423900	0.01538361	67.63080900	-2.62656950	67.63080900	0.81062505	7.75103771
1.23451070	65.03551200	0.01537622	67.67334500	-2.63783240	67.67334500	0.81307284	7.72770282
1.23822740	65.06271100	0.01536979	67.71572200	-2.65301050	67.71572200	0.81552064	7.70450802
1.24194420	65.07977000	0.01536576	67.75794000	-2.67816940	67.75794000	0.81796850	7.68145143
1.24566090	65.15730000	0.01534747	67.80000000	-2.64269930	67.80000000	0.82041629	7.65853305
1.24937770	65.26106000	0.01532307	67.84190100	-2.58084130	67.84190100	0.82286415	7.63575042
1.25309440	65.32698600	0.01530761	67.88364500	-2.55665970	67.88364500	0.82531195	7.61310355
1.25681120	65.35081700	0.01530203	67.92523200	-2.57441470	67.92523200	0.82775980	7.59059002
1.26052790	65.37970500	0.01529527	67.96666200	-2.58695670	67.96666200	0.83020759	7.56820986
1.26424460	65.40414700	0.01528955	68.00793400	-2.60378740	68.00793400	0.83265538	7.54596130
1.26796140	65.41257500	0.01528758	68.04905000	-2.63647570	68.04905000	0.83510324	7.52384257
1.27167810	65.39624300	0.01529140	68.09001100	-2.69376790	68.09001100	0.83755103	7.50185373
1.27539490	65.39892100	0.01529077	68.13081500	-2.73189420	68.13081500	0.83999888	7.47999247
1.27911160	65.44289400	0.01528050	68.17146400	-2.72856960	68.17146400	0.84244667	7.45825884
1.28282830	65.48505700	0.01527066	68.21195700	-2.72690040	68.21195700	0.84489445	7.43665115
1.28654510	65.50426500	0.01526618	68.25229500	-2.74803070	68.25229500	0.84734230	7.41516773
1.29026180	65.51133700	0.01526453	68.29247900	-2.78114210	68.29247900	0.84979009	7.39380866
1.29397860	65.54965700	0.01525561	68.33250900	-2.78285180	68.33250900	0.85223794	7.37257172
1.29769530	65.59134200	0.01524592	68.37238500	-2.78104300	68.37238500	0.85468572	7.35145700
1.30141200	65.60241400	0.01524334	68.41210700	-2.80969220	68.41210700	0.85713350	7.33046289
1.30512880	65.62904900	0.01523716	68.45167500	-2.82262650	68.45167500	0.85958135	7.30958779
1.30884550	65.65845700	0.01523033	68.49109100	-2.83263320	68.49109100	0.86202912	7.28883181
1.31256230	65.73981200	0.01521148	68.53035300	-2.79054110	68.53035300	0.86447697	7.26819283
1.31627900	65.80240900	0.01519701	68.56946400	-2.76705480	68.56946400	0.86692475	7.24767096
1.31999570	65.85288000	0.01518536	68.60842200	-2.75554190	68.60842200	0.86937252	7.22726465
1.32371250	65.88899200	0.01517704	68.64722800	-2.75823570	68.64722800	0.87182036	7.20697240
1.32742920	65.95211000	0.01516252	68.68588300	-2.73377260	68.68588300	0.87426814	7.18679433
1.33114600	66.00796000	0.01514969	68.72438600	-2.71642650	68.72438600	0.87671598	7.16672840
1.33486270	66.03831000	0.01514273	68.76273900	-2.72442930	68.76273900	0.87916375	7.14677475
1.33857950	66.01788600	0.01514741	68.80094100	-2.78305530	68.80094100	0.88161159	7.12693138
1.34229620	65.99540200	0.01515257	68.83899300	-2.84359080	68.83899300	0.88405936	7.10719844
1.34601290	65.94015500	0.01516527	68.87689500	-2.93673950	68.87689500	0.88650713	7.08757447
1.34972970	65.90464500	0.01517344	68.91464700	-3.01000120	68.91464700	0.88895497	7.06805805
1.35344640	65.87381700	0.01518054	68.95224900	-3.07843180	68.95224900	0.89140273	7.04864935
1.35716320	65.88477300	0.01517801	68.98970300	-3.10492950	68.98970300	0.89385057	7.02934644
1.36087990	65.95730800	0.01516132	69.02700800	-3.06969910	69.02700800	0.89629833	7.01014949
1.36459660	66.01907100	0.01514714	69.06416400	-3.04509290	69.06416400	0.89874610	6.99105711
1.36831340	66.07517000	0.01513428	69.10117200	-3.02600200	69.10117200	0.90119393	6.97206794
1.37203010	66.10054800	0.01512847	69.13803200	-3.03748430	69.13803200	0.90364169	6.95318217
1.37574690	66.12384500	0.01512314	69.17474500	-3.05089930	69.17474500	0.90608952	6.93439794
1.37946360	66.17130500	0.01511229	69.21131000	-3.04000480	69.21131000	0.90853728	6.91571543
1.38318040	66.26813500	0.01509021	69.24772900	-2.97959350	69.24772900	0.91098511	6.89713283
1.38689710	66.35948400	0.01506944	69.28400000	-2.92451600	69.28400000	0.91343287	6.87865033
1.39061380	66.38979600	0.01506256	69.32012600	-2.93032980	69.32012600	0.91588063	6.86026663
1.39433060	66.38357800	0.01506397	69.35610500	-2.97252700	69.35610500	0.91832845	6.84198044
1.39804730	66.37139100	0.01506673	69.39193900	-3.02054720	69.39193900	0.92077621	6.82379198
1.40176410	66.36495000	0.01506819	69.42762700	-3.06267710	69.42762700	0.92322403	6.80569948
1.40548080	66.38270300	0.01506416	69.46317000	-3.08046640	69.46317000	0.92567179	6.78770317
1.40919760	66.40978500	0.01505802	69.49856800	-3.08878270	69.49856800	0.92811960	6.76980130
1.41291430	66.44280000	0.01505054	69.53382100	-3.09102120	69.53382100	0.93056736	6.75199410
1.41663100	66.45095100	0.01504869	69.56893000	-3.11797970	69.56893000	0.93301511	6.73428034
1.42034780	66.47029100	0.01504432	69.60389500	-3.13360430	69.60389500	0.93546293	6.71665881
1.42406450	66.47866600	0.01504242	69.63871700	-3.16005140	69.63871700	0.93791068	6.69912974
1.42778130	66.51808700	0.01503351	69.67339500	-3.15530840	69.67339500	0.94035849	6.68169147
1.43149800	66.57106000	0.01502154	69.70793000	-3.13687010	69.70793000	0.94280624	6.66434421
1.43521470	66.63749200	0.01500657	69.74232300	-3.10483080	69.74232300	0.94525399	6.64708681
1.43893150	66.67744200	0.01499758	69.77657200	-3.09913050	69.77657200	0.94770180	6.62991810
1.44264820	66.71731800	0.01498861	69.81068000	-3.09336180	69.81068000	0.95014954	6.61283832
1.44636500	66.77349900	0.01497600	69.84464600	-3.07114720	69.84464600	0.95259735	6.59584586
1.45008170	66.82025700	0.01496552	69.87847000	-3.05821330	69.87847000	0.95504510	6.57894096
1.45379840	66.82828000	0.01496373	69.91215300	-3.08387250	69.91215300	0.95749284	6.56212251
1.45751520	66.80318500	0.01496935	69.94569400	-3.14250990	69.94569400	0.95994065	6.54538938
1.46123190	66.84619400	0.01495972	69.97909600	-3.13290160	69.97909600	0.96238839	6.52874183
1.46494870	66.90045400	0.01494758	70.01235600	-3.11190210	70.01235600	0.96483619	6.51217831
1.46866540	66.95222700	0.01493602	70.04547700	-3.09324950	70.04547700	0.96728393	6.49569907
1.47238220	67.02353400	0.01492013	70.07845700	-3.05492330	70.07845700	0.96973173	6.47930258
1.47609890	67.11514000	0.01489977	70.11129900	-2.99615830	70.11129900	0.97217947	6.46298911
1.47981560	67.18864900	0.01488347	70.14400000	-2.95535100	70.14400000	0.97462720	6.44675759
1.48353240	67.19904300	0.01488116	70.17656300	-2.97752010	70.17656300	0.97707500	6.43060696
1.48724910	67.21830700	0.01487690	70.20898800	-2.99068010	70.20898800	0.97952273	6.41453750
1.49096590	67.25626600	0.01486850	70.24127400	-2.98500730	70.24127400	0.98197053	6.39854772
1.49468260	67.29120100	0.01486078	70.27342100	-2.98222010	70.27342100	0.98441826	6.38263789
1.49839930	67.33819800	0.01485041	70.30543100	-2.96723300	70.30543100	0.98686599	6.36680700
1.50211610	67.38042500	0.01484111	70.33730400	-2.95687930	70.33730400	0.98931379	6.35105402
1.50583280	67.43048900	0.01483009	70.36903900	-2.93855050	70.36903900	0.99176151	6.33537923
1.50954960	67.51157400	0.01481227	70.40063700	-2.88906370	70.40063700	0.99420931	6.31978122
1.51326630	67.56953200	0.01479957	70.43209900	-2.86256740	70.43209900	0.99665703	6.30426024
1.51698300	67.65393600	0.01478111	70.46342500	-2.80948880	70.46342500	0.99910476	6.28881532
1.52069980	67.70159100	0.01477070	70.49461400	-2.79302240	70.49461400	1.00155255	6.27344549
1.52441650	67.74562300	0.01476110	70.52566700	-2.78004420	70.52566700	1.00400027	6.25815102
1.52813330	67.82090300	0.01474472	70.55658600	-2.73568300	70.55658600	1.00644806	6.24293054
1.53185000	67.88873000	0.01472998	70.58736800	-2.69863800	70.58736800	1.00889578	6.22778433
1.53556680	67.93344900	0.01472029	70.61801600	-2.68456750	70.61801600	1.01134356	6.21271103
1.53928350	68.01042200	0.01470363	70.64853000	-2.63810790	70.64853000	1.01379128	6.19771094
1.54300020	68.09896100	0.01468451	70.67890900	-2.57994780	70.67890900	1.01623900	6.18278311
1.54671700	68.19107300	0.01466468	70.70915400	-2.51808060	70.70915400	1.01868678	6.16792662
1.55043370	68.25867200	0.01465015	70.73926500	-2.48059280	70.73926500	1.02113449	6.15314177
1.55415050	68.33078800	0.01463469	70.76924300	-2.43845490	70.76924300	1.02358227	6.13842723
1.55786720	68.35701800	0.01462908	70.79908700	-2.44206960	70.79908700	1.02602999	6.12378331
1.56158390	68.41638700	0.01461638	70.82879900	-2.41241180	70.82879900	1.02847770	6.10920909
1.56530070	68.49450700	0.01459971	70.85837800	-2.36387090	70.85837800	1.03092548	6.09470370
1.56901740	68.59051500	0.01457927	70.88782400	-2.29730920	70.88782400	1.03337318	6.08026742
1.57273420	68.68532300	0.01455915	70.91713900	-2.23181590	70.91713900	1.03582096	6.06589899
1.57645090	68.78370700	0.01453833	70.94632200	-2.16261530	70.94632200	1.03826867	6.05159869
1.58016760	68.85803200	0.01452263	70.97537300	-2.11734100	70.97537300	1.04071637	6.03736568
1.58388440	68.93941800	0.01450549	71.00429300	-2.06487590	71.00429300	1.04316414	6.02319908
1.58760110	69.03809900	0.01448476	71.03308300	-1.99498400	71.03308300	1.04561185	6.00909919
1.59131790	69.10172000	0.01447142	71.06174100	-1.96002110	71.06174100	1.04805962	5.99506479
1.59503460	69.12530800	0.01446648	71.09026900	-1.96496180	71.09026900	1.05050732	5.98109618
1.59875130	69.18938200	0.01445308	71.11866800	-1.92928570	71.11866800	1.05295502	5.96719251
1.60246810	69.26266700	0.01443779	71.14693600	-1.88426880	71.14693600	1.05540279	5.95335297
1.60618480	69.32870500	0.01442404	71.17507500	-1.84637010	71.17507500	1.05785048	5.93957785
1.60990160	69.42036900	0.01440499	71.20308500	-1.78271510	71.20308500	1.06029825	5.92586598
1.61361830	69.53001400	0.01438228	71.23096500	-1.70095120	71.23096500	1.06274594	5.91221763
1.61733510	69.62256900	0.01436316	71.25871700	-1.63614850	71.25871700	1.06519370	5.89863166
1.62105180	69.69811200	0.01434759	71.28634100	-1.58822840	71.28634100	1.06764140	5.88510835
1.62476850	69.81504600	0.01432356	71.31383600	-1.49879070	71.31383600	1.07008909	5.87164691
1.62848530	69.93238100	0.01429953	71.34120400	-1.40882340	71.34120400	1.07253685	5.85824656
1.63220200	70.05450400	0.01427460	71.36844400	-1.31393980	71.36844400	1.07498454	5.84490760
1.63591880	70.14863300	0.01425545	71.39555700	-1.24692370	71.39555700	1.07743230	5.83162889
1.63963550	70.23792800	0.01423732	71.42254300	-1.18461510	71.42254300	1.07987998	5.81841075
1.64335220	70.34806600	0.01421503	71.44940200	-1.10133630	71.44940200	1.08232767	5.80525239
1.64706900	70.53187600	0.01417799	71.47613500	-0.94425904	71.47613500	1.08477542	5.79215307
1.65078570	70.68775400	0.01414672	71.50274100	-0.81498683	71.50274100	1.08722311	5.77911310
1.65450250	70.82396200	0.01411951	71.52922200	-0.70525985	71.52922200	1.08967086	5.76613136
1.65821920	70.95310200	0.01409382	71.55557700	-0.60247469	71.55557700	1.09211854	5.75320816
1.66193600	71.11410300	0.01406191	71.58180600	-0.46770376	71.58180600	1.09456629	5.74034243
1.66565270	71.27765700	0.01402964	71.60791100	-0.33025446	71.60791100	1.09701397	5.72753445
1.66936940	71.39332100	0.01400691	71.63389100	-0.24057009	71.63389100	1.09946165	5.71478352
1.67308620	71.50361600	0.01398531	71.65974600	-0.15612976	71.65974600	1.10190939	5.70208889
1.67680290	71.63476300	0.01395970	71.68547700	-0.05071404	71.68547700	1.10435707	5.68945088
1.68051970	71.79054800	0.01392941	71.71108400	0.07946350	71.71108400	1.10680481	5.67686844
1.68423640	71.93357100	0.01390172	71.73656800	0.19700329	71.73656800	1.10925249	5.66434187
1.68795320	72.03586300	0.01388197	71.76192800	0.27393565	71.76192800	1.11170023	5.65187014
1.69166990	72.12263200	0.01386527	71.78716400	0.33546793	71.78716400	1.11414790	5.63945354
1.69538660	72.18414100	0.01385346	71.81227800	0.37186217	71.81227800	1.11659557	5.62709138
1.69910340	72.25455700	0.01383996	71.83727000	0.41728761	71.83727000	1.11904331	5.61478298
1.70282010	72.35052000	0.01382160	71.86213900	0.48838113	71.86213900	1.12149097	5.60252864
1.70653680	72.44912000	0.01380279	71.88688600	0.56223392	71.88688600	1.12393864	5.59032769
1.71025360	72.52837400	0.01378771	71.91151100	0.61686291	71.91151100	1.12638637	5.57817943
1.71397030	72.61199200	0.01377183	71.93601500	0.67597735	71.93601500	1.12883404	5.56608420
1.71768710	72.70419600	0.01375436	71.96039700	0.74379872	71.96039700	1.13128177	5.55404098
1.72140380	72.74745200	0.01374619	71.98465800	0.76279340	71.98465800	1.13372943	5.54205009
1.72512060	72.79299900	0.01373759	72.00879900	0.78420016	72.00879900	1.13617716	5.53011056
1.72883730	72.88059000	0.01372107	72.03281900	0.84777039	72.03281900	1.13862482	5.51822268
1.73255400	72.99049900	0.01370041	72.05672000	0.93377931	72.05672000	1.14107248	5.50638581
1.73627080	73.08113100	0.01368342	72.08050000	1.00063120	72.08050000	1.14352020	5.49459930
1.73998750	73.14173900	0.01367208	72.10416000	1.03757840	72.10416000	1.14596786	5.48286346
1.74370430	73.21953300	0.01365756	72.12770200	1.09183150	72.12770200	1.14841558	5.47117734
1.74742100	73.28627800	0.01364512	72.15112400	1.13515390	72.15112400	1.15086324	5.45954124
1.75113780	73.35668700	0.01363202	72.17442700	1.18225970	72.17442700	1.15331096	5.44795424
1.75485450	73.44918300	0.01361486	72.19761200	1.25157110	72.19761200	1.15575861	5.43641662
1.75857120	73.56876400	0.01359272	72.22067900	1.34808520	72.22067900	1.15820626	5.42492778
1.76228800	73.69234200	0.01356993	72.24362700	1.44871510	72.24362700	1.16065397	5.41348709
1.76600470	73.78216000	0.01355341	72.26645800	1.51570270	72.26645800	1.16310162	5.40209487
1.76972150	73.87054700	0.01353720	73.10480800	0.76573916	72.28917100	1.16554934	5.39075019
1.77343820	73.98872600	0.01351557	73.15431500	0.83441092	72.31176700	1.16799698	5.37945338
1.77715490	74.07935100	0.01349904	73.20507000	0.87428032	72.33424600	1.17044463	5.36820381
1.78087170	74.17746200	0.01348118	73.25715500	0.92030753	72.35660900	1.17289234	5.35700091
1.78458840	74.27748600	0.01346303	73.31065900	0.96682749	72.37885500	1.17533998	5.34584497
1.78830520	74.37001300	0.01344628	73.36569600	1.00431710	72.40098400	1.17778769	5.33473510
1.79202190	74.46188600	0.01342969	73.42240900	1.03947690	72.42299800	1.18023532	5.32367162
1.79573870	74.57063500	0.01341010	73.48089900	1.08973690	72.44489700	1.18268303	5.31265365
1.79945540	74.68748500	0.01338912	73.54130300	1.14618180	72.46667900	1.18513067	5.30168148
1.80317210	74.81823500	0.01336573	73.60380600	1.21442910	72.48834700	1.18757830	5.29075455
1.80688890	74.96237700	0.01334003	73.66856500	1.29381170	72.50990000	1.19002600	5.27987228
1.81060560	75.11446100	0.01331302	73.73574900	1.37871230	72.53133900	1.19247364	5.26903498
1.81432240	75.26313500	0.01328672	73.80556600	1.45756970	72.55266300	1.19492134	5.25824180
1.81803910	75.42395000	0.01325839	73.87828900	1.54566120	72.57387300	1.19736897	5.24749303
1.82175580	75.56697800	0.01323329	73.95411500	1.61286330	72.59496900	1.19981660	5.23678813
1.82547260	75.68904400	0.01321195	74.03331500	1.65572840	72.61595100	1.20226429	5.22612653
1.82918930	75.81168400	0.01319058	74.11623900	1.69544440	72.63682100	1.20471192	5.21550855
1.83290610	75.93327100	0.01316946	74.20321800	1.73005310	72.65757700	1.20715961	5.20493335
1.83662280	76.07205500	0.01314543	74.29459100	1.77746400	72.67822100	1.20960723	5.19440123
1.84033950	76.24096900	0.01311631	74.39077900	1.85019060	72.69875200	1.21205486	5.18391166
1.84405630	76.44369300	0.01308152	74.49235500	1.95133710	72.71917100	1.21450255	5.17346409
1.84777300	76.63350700	0.01304912	74.59974700	2.03375950	72.73947800	1.21695017	5.16305883
1.85148980	76.80685700	0.01301967	74.71354000	2.09331670	72.75967300	1.21939785	5.15269507
1.85520650	76.95069100	0.01299534	74.83447800	2.11621300	72.77975700	1.22184547	5.14237312
1.85892320	77.09733800	0.01297062	74.96332500	2.13401340	72.79972900	1.22429309	5.13209245
1.86264000	77.27116400	0.01294144	75.10085900	2.17030520	72.81959100	1.22674077	5.12185253
1.86635670	77.46807400	0.01290854	75.24804200	2.22003140	72.83934200	1.22918838	5.11165367
1.87007350	77.66798900	0.01287532	75.40622300	2.26176560	72.85898200	1.23163606	5.10149507
1.87379020	77.88670600	0.01283916	75.57646900	2.31023700	72.87851200	1.23408367	5.09137706
1.87750690	78.09624000	0.01280471	75.76022900	2.33601030	72.89793300	1.23653129	5.08129910
1.88122370	78.30229700	0.01277102	75.95934300	2.34295430	72.91724400	1.23897896	5.07126070
1.88494040	78.51039100	0.01273717	76.17583700	2.33455460	72.93644500	1.24142657	5.06126215
1.88865720	78.75079300	0.01269829	76.41181100	2.33898280	72.95553700	1.24387424	5.05130270
1.89237390	78.98353600	0.01266087	76.66990800	2.31362780	72.97452100	1.24632185	5.04138263
1.89609070	79.22274800	0.01262264	76.95379200	2.26895550	72.99339500	1.24876952	5.03150119
1.89980740	79.47991200	0.01258180	77.26677200	2.21314000	73.01216200	1.25121712	5.02165868
1.90352410	79.76232700	0.01253725	77.61318600	2.14914040	73.03082000	1.25366472	5.01185461
1.90724090	80.09703100	0.01248486	77.99862400	2.09840710	73.04937000	1.25611239	5.00208849
1.91095760	80.40983800	0.01243629	78.42973600	1.98010230	73.06781300	1.25855999	4.99236062
1.91467440	80.68597400	0.01239373	78.91368400	1.77228990	73.08614800	1.26100765	4.98267026
1.91839110	81.02755500	0.01234148	79.45973900	1.56781580	73.10437600	1.26345524	4.97301771
1.92210780	81.43392400	0.01227990	80.08085300	1.35307140	73.12249800	1.26590284	4.96340249
1.92582460	81.92788200	0.01220586	80.79039300	1.13748860	73.14051200	1.26835050	4.95382413
1.92954130	82.52836600	0.01211705	81.60593800	0.92242808	73.15842100	1.27079809	4.94428293
1.93325810	83.26112100	0.01201041	83.00258400	0.25853676	73.17622300	1.27324575	4.93477816
1.93697480	84.08196300	0.01189316	84.12350000	-0.04153765	73.19392000	1.27569334	4.92531012
1.94069160	85.14245100	0.01174502	85.44656100	-0.30410967	73.21151000	1.27814099	4.91587810
1.94440830	86.53732800	0.01155571	87.03646100	-0.49913282	73.22899600	1.28058858	4.90648239
1.94812500	88.40761600	0.01131124	89.01713300	-0.60951783	73.24637600	1.28303616	4.89712253
1.95184180	91.13857800	0.01097230	91.62189000	-0.48331210	73.26365200	1.28548381	4.88779807
1.95555850	95.12090600	0.01051294	95.33615600	-0.21525053	73.28082300	1.28793140	4.87850931
1.95927530	100.81366000	0.00991929	101.16252000	-0.34886212	73.29788900	1.29037904	4.86925554
1.96299200	109.77941000	0.00910918	111.06704000	-1.28762880	73.31485200	1.29282662	4.86003706
1.96670880	123.77985000	0.00807886	128.26068000	-4.48082470	73.33171100	1.29527427	4.85085318
1.97042550	145.21299000	0.00688644	157.54947000	-12.33648000	73.34846600	1.29772185	4.84170420
1.97414220	179.75069000	0.00556326	205.35939000	-25.60869800	73.36511700	1.30016942	4.83258966
1.97785900	234.33787000	0.00426734	277.51917000	-43.18129800	73.38166600	1.30261706	4.82350914
1.98157570	311.49210000	0.00321035	376.98227000	-65.49017300	73.39811200	1.30506463	4.81446293
1.98529240	412.72205000	0.00242294	501.01039000	-88.28834400	73.41445500	1.30751221	4.80545059
1.98900920	533.71175000	0.00187367	637.99332000	-104.28157000	73.43069500	1.30995984	4.79647169
1.99272590	644.56295000	0.00155144	766.30331000	-121.74036000	73.44683400	1.31240741	4.78752653
1.99644270	714.77639000	0.00139904	857.32142000	-142.54504000	73.46287100	1.31485505	4.77861444
2.00015940	727.94796000	0.00137372	882.46276000	-154.51480000	73.47880600	1.31730261	4.76973571
2.00387620	678.71059000	0.00147338	833.13032000	-154.41973000	73.49464000	1.31975024	4.76088968
2.00759290	584.43007000	0.00171107	726.78632000	-142.35624000	73.51037200	1.32219781	4.75207664
2.01130960	465.47083000	0.00214836	592.73098000	-127.26016000	73.52600400	1.32464537	4.74329617
2.01502640	356.07632000	0.00280839	458.29548000	-102.21916000	73.54153500	1.32709300	4.73454787
2.01874310	271.00635000	0.00368995	341.65537000	-70.64901900	73.55696600	1.32954055	4.72583201
2.02245990	207.32599000	0.00482332	251.20652000	-43.88053400	73.57229600	1.33198818	4.71714795
2.02617660	162.97388000	0.00613595	188.71196000	-25.73807500	73.58752700	1.33443573	4.70849599
2.02989340	135.70013000	0.00736919	147.96309000	-12.26295200	73.60265800	1.33688336	4.69987548
2.03361010	118.66509000	0.00842708	123.36177000	-4.69667620	73.61769000	1.33933091	4.69128672
2.03732680	107.85080000	0.00927207	109.17812000	-1.32731590	73.63262200	1.34177846	4.68272929
2.04104360	101.45429000	0.00985666	101.12207000	0.33222233	73.64745500	1.34422608	4.67420280
2.04476030	97.45759100	0.01026087	96.30992900	1.14766180	73.66219000	1.34667363	4.66570754
2.04847710	94.82929500	0.01054526	93.21287100	1.61642400	73.67682600	1.34912124	4.65724289
2.05219380	93.18001600	0.01073191	91.04470100	2.13531480	73.69136400	1.35156879	4.64880912
2.05591050	92.12615700	0.01085468	89.41259300	2.71356400	73.70580400	1.35401633	4.64040584
2.05962730	91.41781400	0.01093879	88.13000200	3.28781120	73.72014700	1.35646394	4.63203267
2.06334400	90.96725700	0.01099297	87.10443700	3.86282020	73.73439200	1.35891149	4.62368989
2.06706080	90.66231500	0.01102994	86.28516000	4.37715560	73.74853900	1.36135909	4.61537690
2.07077750	90.46850600	0.01105357	85.63288700	4.83561860	73.76259000	1.36380663	4.60709397
2.07449420	90.34635400	0.01106851	85.12331900	5.22303560	73.77654400	1.36625417	4.59884071
2.07821100	90.34587600	0.01106857	84.73991800	5.60595780	73.79040100	1.36870177	4.59061677
2.08192770	90.47298700	0.01105302	84.46958000	6.00340690	73.80416200	1.37114931	4.58242240
2.08564450	90.72164700	0.01102273	84.30252200	6.41912430	73.81782700	1.37359691	4.57425703
2.08936120	91.06383300	0.01098131	84.23363500	6.83019730	73.83139600	1.37604444	4.56612092
2.09307800	91.52331500	0.01092618	84.26290900	7.26040690	73.84486900	1.37849204	4.55801349
2.09679470	92.11314100	0.01085621	84.38968200	7.72345960	73.85824700	1.38093957	4.54993503
2.10051140	92.96324400	0.01075694	84.61842900	8.34481510	73.87153100	1.38338709	4.54188515
2.10422820	94.08867900	0.01062827	84.95846700	9.13021250	73.88471900	1.38583469	4.53386350
2.10794490	95.42167400	0.01047980	85.42347200	9.99820170	73.89781200	1.38828221	4.52587035
2.11166170	97.05110200	0.01030385	86.03245700	11.01864500	73.91081200	1.39072980	4.51790513
2.11537840	99.10461200	0.01009035	86.81825200	12.28635900	73.92371700	1.39317732	4.50996811
2.11909510	101.57255000	0.00984518	87.84618400	13.72636900	73.93652800	1.39562484	4.50205894
2.12281190	104.63206000	0.00955730	89.23461300	15.39744900	73.94924500	1.39807243	4.49417725
2.12652860	108.65682000	0.00920329	91.23178700	17.42503500	73.96186900	1.40051995	4.48632333
2.13024540	113.86171000	0.00878258	94.35244300	19.50926400	73.97440000	1.40296753	4.47849660
2.13396210	121.14100000	0.00825484	99.59311500	21.54788900	73.98683800	1.40541504	4.47069734
2.13767880	132.22208000	0.00756303	108.60144000	23.62063800	73.99918300	1.40786256	4.46292521
2.14139560	149.08789000	0.00670745	123.87183000	25.21606600	74.01143500	1.41031014	4.45517986
2.14511230	175.86270000	0.00568625	148.84228000	27.02041400	74.02359500	1.41275765	4.44746155
2.14882910	219.70806000	0.00455149	186.70558000	33.00248800	74.03566400	1.41520522	4.43976974
2.15254580	282.83394000	0.00353564	239.42301000	43.41093700	74.04764000	1.41765273	4.43210469
2.15626260	366.07991000	0.00273164	306.18140000	59.89850500	74.05952500	1.42010030	4.42446587
2.15997930	468.63057000	0.00213388	381.55091000	87.07966600	74.07131800	1.42254780	4.41685354
2.16369600	565.78687000	0.00176745	454.74365000	111.04322000	74.08302100	1.42499531	4.40926737
2.16741280	632.03552000	0.00158219	510.70136000	121.33416000	74.09463200	1.42744287	4.40170701
2.17112950	650.96407000	0.00153618	532.85009000	118.11398000	74.10615300	1.42989037	4.39417274
2.17484630	616.42961000	0.00162225	513.86066000	102.56894000	74.11758300	1.43233794	4.38666403
2.17856300	541.40633000	0.00184704	460.69968000	80.70665300	74.12892300	1.43478544	4.37918113
2.18227970	441.16261000	0.00226674	388.84925000	52.31335500	74.14017400	1.43723293	4.37172373
2.18599650	344.85249000	0.00289979	314.01846000	30.83402700	74.15133400	1.43968049	4.36429149
2.18971320	268.44458000	0.00372516	247.25886000	21.18572100	74.16240500	1.44212798	4.35688468
2.19343000	210.67774000	0.00474659	194.26290000	16.41484200	74.17338700	1.44457554	4.34950277
2.19714670	170.27170000	0.00587297	156.50540000	13.76630300	74.18427900	1.44702303	4.34214604
2.20086340	145.70123000	0.00686336	131.95551000	13.74572000	74.19508300	1.44947052	4.33481415
2.20458020	131.51705000	0.00760358	117.34189000	14.17516100	74.20579900	1.45191807	4.32750679
2.20829690	123.83386000	0.00807534	109.48965000	14.34420300	74.21642600	1.45436555	4.32022423
2.21201370	120.85719000	0.00827423	105.91655000	14.94063800	74.22696400	1.45681310	4.31296595
2.21573040	121.47033000	0.00823246	104.99973000	16.47060600	74.23741500	1.45926058	4.30573222
2.21944720	124.84526000	0.00800992	106.08967000	18.75558900	74.24777900	1.46170813	4.29852251
2.22316390	130.99505000	0.00763388	109.39321000	21.60183500	74.25805400	1.46415561	4.29133712
2.22688060	141.41683000	0.00707129	116.03470000	25.38213100	74.26824300	1.46660309	4.28417570
2.23059740	157.38286000	0.00635393	128.30964000	29.07322500	74.27834500	1.46905063	4.27703797
2.23431410	180.96997000	0.00552578	149.21968000	31.75028900	74.28835900	1.47149810	4.26992417
2.23803090	219.35864000	0.00455874	185.84059000	33.51804500	74.29828800	1.47394564	4.26283381
2.24174760	278.19789000	0.00359456	242.92875000	35.26913800	74.30813000	1.47639311	4.25576716
2.24546440	362.28548000	0.00276025	324.89521000	37.39027400	74.31788600	1.47884065	4.24872371
2.24918110	480.43523000	0.00208145	432.49426000	47.94097600	74.32755600	1.48128811	4.24170372
2.25289780	626.72514000	0.00159560	559.02956000	67.69557800	74.33714000	1.48373558	4.23470691
2.25661460	773.58081000	0.00129269	689.25492000	84.32588600	74.34663900	1.48618311	4.22773295
2.26033130	890.73332000	0.00112267	800.20161000	90.53170700	74.35605300	1.48863057	4.22078212
2.26404800	950.19509000	0.00105242	861.05667000	89.13842100	74.36538200	1.49107803	4.21385411
2.26776480	930.66536000	0.00107450	852.90704000	77.75832400	74.37462600	1.49352556	4.20694863
2.27148150	836.68469000	0.00119519	778.63272000	58.05197600	74.38378500	1.49597302	4.20006593
2.27519830	694.25802000	0.00144039	661.27039000	32.98762300	74.39286000	1.49842054	4.19320553
2.27891500	549.39209000	0.00182019	529.64645000	19.74563700	74.40185200	1.50086800	4.18636770
2.28263180	421.42033000	0.00237293	405.83598000	15.58434700	74.41075900	1.50331552	4.17955196
2.28634850	316.87564000	0.00315581	302.87625000	13.99938600	74.41958300	1.50576297	4.17275855
2.29006520	241.27078000	0.00414472	226.08964000	15.18113400	74.42832300	1.50821042	4.16598721
2.29378200	191.54848000	0.00522061	173.37116000	18.17732200	74.43698000	1.51065793	4.15923762
2.29749870	158.45767000	0.00631083	139.77997000	18.67769300	74.44555400	1.51310538	4.15251005
2.30121550	136.41397000	0.00733063	119.64994000	16.76403000	74.45404600	1.51555289	4.14580404
2.30493220	122.84011000	0.00814066	107.89626000	14.94384800	74.46245500	1.51800034	4.13911984
2.30864890	113.70752000	0.00879449	100.90638000	12.80114000	74.47078100	1.52044778	4.13245716
2.31236570	107.37151000	0.00931346	96.51820100	10.85331300	74.47902600	1.52289529	4.12581572
2.31608240	103.12413000	0.00969705	93.53789800	9.58622930	74.48718800	1.52534273	4.11919577
2.31979920	100.03014000	0.00999699	91.31943200	8.71070450	74.49526900	1.52779023	4.11259687
2.32351590	97.69290900	0.01023616	89.56686100	8.12604830	74.50326900	1.53023766	4.10601925
2.32723270	96.01574700	0.01041496	88.13345000	7.88229660	74.51118700	1.53268517	4.09946247
2.33094940	94.67605800	0.01056233	86.93706400	7.73899410	74.51902400	1.53513260	4.09292677
2.33466610	93.60997000	0.01068262	85.92507800	7.68489200	74.52678100	1.53758003	4.08641189
2.33838290	92.79072300	0.01077694	85.06323600	7.72748710	74.53445700	1.54002752	4.07991754
2.34209960	92.09784700	0.01085802	84.32776000	7.77008730	74.54205300	1.54247495	4.07344398
2.34581640	91.54443900	0.01092366	83.69628300	7.84815570	74.54956800	1.54492245	4.06699076
2.34953310	91.10544100	0.01097629	83.15292600	7.95251460	74.55700400	1.54736987	4.06055813
2.35324990	90.74155700	0.01102031	82.68563500	8.05592210	74.56436000	1.54981736	4.05414565
2.35696660	90.44779000	0.01105610	82.28436300	8.16342670	74.57163700	1.55226478	4.04775357
2.36068330	90.23576100	0.01108208	81.94004200	8.29571940	74.57883400	1.55471220	4.04138162
2.36440010	90.08549200	0.01110057	81.64610100	8.43939180	74.58595200	1.55715968	4.03502953
2.36811680	90.00007400	0.01111110	81.39791800	8.60215610	74.59299100	1.55960710	4.02869755
2.37183350	89.95347300	0.01111686	81.19048700	8.76298680	74.59995200	1.56205452	4.02238542
2.37555030	89.95754000	0.01111636	81.02028800	8.93725150	74.60683500	1.56450200	4.01609287
2.37926700	90.02379400	0.01110817	80.88489100	9.13890230	74.61363900	1.56694941	4.00982015
2.38298380	90.18160500	0.01108874	80.78250500	9.39909980	74.62036500	1.56939688	4.00356683
2.38670050	90.40635900	0.01106117	80.71125400	9.69510570	74.62701400	1.57184429	3.99733316
2.39041730	90.66850800	0.01102919	80.67027900	9.99822900	74.63358500	1.57429176	3.99111871
2.39413400	90.93042000	0.01099742	80.65971300	10.27070700	74.64007800	1.57673917	3.98492371
2.39785070	91.25605800	0.01095818	80.67937400	10.57668400	74.64649500	1.57918657	3.97874793
2.40156750	91.67988800	0.01090752	80.72981000	10.95007900	74.65283400	1.58163404	3.97259110
2.40528420	92.16666700	0.01084991	80.81241800	11.35424900	74.65909700	1.58408144	3.96645346
2.40900100	92.72359500	0.01078474	80.92941500	11.79418000	74.66528400	1.58652890	3.96033460
2.41271770	93.33222200	0.01071441	80.64418500	12.68803700	74.67139400	1.58897630	3.95423475
2.41643450	94.00249000	0.01063802	80.85040800	13.15208200	74.67742800	1.59142376	3.94815351
2.42015120	94.74657900	0.01055447	81.10061500	13.64596500	74.68338600	1.59387116	3.94209111
2.42386790	95.52263600	0.01046872	81.39987900	14.12275800	74.68926900	1.59631855	3.93604730
2.42758470	96.27386000	0.01038704	81.75463100	14.51922800	74.69507600	1.59876600	3.93002184
2.43130140	96.97480300	0.01031196	82.17349000	14.80131300	74.70080800	1.60121339	3.92401496
2.43501820	97.70328800	0.01023507	82.66813100	15.03515700	74.70646500	1.60366084	3.91802626
2.43873490	98.44740600	0.01015771	83.25074600	15.19665900	74.71204800	1.60610823	3.91205598
2.44245160	99.23464700	0.01007713	83.93815400	15.29649300	74.71755500	1.60855561	3.90610387
2.44616840	100.13571000	0.00998645	84.75433500	15.38137100	74.72298900	1.61100306	3.90016969
2.44988510	101.18400000	0.00988299	85.72945100	15.45454500	74.72834800	1.61345044	3.89425368
2.45360190	102.48923000	0.00975712	86.90776600	15.58146900	74.73363300	1.61589788	3.88835543
2.45731860	104.37844000	0.00958052	88.36558600	16.01285300	74.73884400	1.61834526	3.88247518
2.46103530	106.97668000	0.00934783	90.25537400	16.72130500	74.74398200	1.62079264	3.87661269
2.46475210	110.73801000	0.00903032	92.86191600	17.87609800	74.74904700	1.62324007	3.87076773
2.46846880	116.72291000	0.00856730	96.75641600	19.96649200	74.75403800	1.62568745	3.86494053
2.47218560	125.86120000	0.00794526	103.05845000	22.80274500	74.75895700	1.62813488	3.85913070
2.47590230	139.77665000	0.00715427	113.68681000	26.08983800	74.76380300	1.63058225	3.85333847
2.47961910	162.76449000	0.00614385	131.51766000	31.24683500	74.76857600	1.63302968	3.84756344
2.48333580	197.85505000	0.00505421	160.39988000	37.45516400	74.77327700	1.63547705	3.84180586
2.48705250	249.30184000	0.00401120	204.84881000	44.45303700	74.77790600	1.63792441	3.83606549
2.49076930	326.73885000	0.00306055	267.71766000	59.02119400	74.78246300	1.64037184	3.83034210
2.49448600	428.07187000	0.00233606	349.10599000	78.96588100	74.78694800	1.64281920	3.82463592
2.49820280	544.67588000	0.00183595	444.34400000	100.33188000	74.79136200	1.64526662	3.81894657
2.50191950	667.63466000	0.00149783	542.05044000	125.58423000	74.79570500	1.64771398	3.81327427
2.50563620	768.59629000	0.00130107	624.68721000	143.90908000	74.79997600	1.65016133	3.80761880
2.50935300	820.06852000	0.00121941	670.64388000	149.42465000	74.80417700	1.65260875	3.80197994
2.51306970	806.41781000	0.00124005	665.04423000	141.37358000	74.80830700	1.65505610	3.79635791
2.51678650	735.06093000	0.00136043	610.08715000	124.97379000	74.81236600	1.65750351	3.79075233
2.52050320	628.08535000	0.00159214	522.99631000	105.08903000	74.81635600	1.65995086	3.78516344
2.52421990	503.21098000	0.00198724	424.49963000	78.71134700	74.82027500	1.66239821	3.77959101
2.52793670	386.24233000	0.00258905	331.31337000	54.92896000	74.82412400	1.66484562	3.77403481
2.53165340	293.36823000	0.00340869	253.20004000	40.16818700	74.82790400	1.66729296	3.76849508
2.53537020	224.21975000	0.00445991	193.90287000	30.31687600	74.83161400	1.66974036	3.76297144
2.53908690	175.44191000	0.00569989	152.92712000	22.51479200	74.83525500	1.67218770	3.75746413
2.54280370	143.03351000	0.00699137	126.41896000	16.61455400	74.83882700	1.67463510	3.75197277
2.54652040	122.94652000	0.00813362	110.18887000	12.75765400	74.84233000	1.67708244	3.74649758
2.55023710	110.11980000	0.00908102	100.58084000	9.53895890	74.84576500	1.67952977	3.74103836
2.55395390	101.88249000	0.00981523	94.84324700	7.03924230	74.84913100	1.68197717	3.73559488
2.55767060	96.82081100	0.01032836	91.21851600	5.60229490	74.85242900	1.68442450	3.73016737
2.56138740	93.40554000	0.01070600	88.74501600	4.66052430	74.85565900	1.68687189	3.72475547
2.56510410	91.08866600	0.01097831	86.92179900	4.16686730	74.85882100	1.68931922	3.71935939
2.56882080	89.53267200	0.01116911	85.48312400	4.04954810	74.86191500	1.69176654	3.71397893
2.57253760	88.36571200	0.01131661	84.30282400	4.06288890	74.86494200	1.69421393	3.70861388
2.57625430	87.44322500	0.01143599	83.31358500	4.12963930	74.86790100	1.69666125	3.70326445
2.57997110	86.71683800	0.01153179	82.47345600	4.24338200	74.87079400	1.69910864	3.69793029
2.58368780	86.11114500	0.01161290	81.75168100	4.35946450	74.87362000	1.70155596	3.69261163
2.58740460	85.61555000	0.01168012	81.12712200	4.48842790	74.87637900	1.70400334	3.68730810
2.59112130	85.22283900	0.01173394	80.58444000	4.63839920	74.87907200	1.70645065	3.68201993
2.59483800	84.85055000	0.01178543	80.10919300	4.74135730	74.88169800	1.70889796	3.67674691
2.59855480	84.49496000	0.01183503	79.69064900	4.80431040	74.88425800	1.71134534	3.67148884
2.60227150	84.20925100	0.01187518	79.32053900	4.88871290	74.88675300	1.71379265	3.66624593
2.60598830	83.96026600	0.01191040	78.99203200	4.96823410	74.88918100	1.71624002	3.66101783
2.60970500	83.77308700	0.01193701	78.69870800	5.07437840	74.89154500	1.71868732	3.65580477
2.61342170	83.56099700	0.01196731	78.43579700	5.12519980	74.89384300	1.72113463	3.65060653
2.61713850	83.34818500	0.01199786	78.19966000	5.14852500	74.89607600	1.72358199	3.64542292
2.62085520	83.15416700	0.01202586	77.98656200	5.16760480	74.89824400	1.72602929	3.64025416
2.62457200	83.00031500	0.01204815	77.79355000	5.20676570	74.90034700	1.72847666	3.63509989
2.62828870	82.88219700	0.01206532	77.61828700	5.26390990	74.90238600	1.73092395	3.62996035
2.63200540	82.74487300	0.01208534	77.45883100	5.28604220	74.90436100	1.73337124	3.62483532
2.63572220	82.61405700	0.01210448	77.31314200	5.30091440	74.90627100	1.73581860	3.61972461
2.63943890	82.47838100	0.01212439	77.17970200	5.29867840	74.90811800	1.73826589	3.61462843
2.64315570	82.38108300	0.01213871	77.05733400	5.32374910	74.90990100	1.74071325	3.60954644
2.64687240	82.29681700	0.01215114	76.94476800	5.35204870	74.91162000	1.74316053	3.60447887
2.65058920	82.24753300	0.01215842	76.84094300	5.40659060	74.91327600	1.74560788	3.59942537
2.65430590	82.19352700	0.01216641	76.74501100	5.44851610	74.91486900	1.74805517	3.59438617
2.65802260	82.13839200	0.01217457	76.65628300	5.48210930	74.91639900	1.75050245	3.58936105
2.66173940	82.08383200	0.01218267	76.57395000	5.50988210	74.91786600	1.75294979	3.58434984
2.66545610	82.00234000	0.01219477	76.49741600	5.50492380	74.91927100	1.75539707	3.57935274
2.66917290	81.86472300	0.01221527	76.42621600	5.43850690	74.92061300	1.75784441	3.57436942
2.67288960	81.69021900	0.01224137	76.35983500	5.33038340	74.92189300	1.76029168	3.56940010
2.67660630	81.52317000	0.01226645	76.29781600	5.22535430	74.92311100	1.76273896	3.56444457
2.68032310	81.38063000	0.01228794	76.23979400	5.14083660	74.92426700	1.76518629	3.55950266
2.68403980	81.24677300	0.01230818	76.58864000	4.65813270	74.92536200	1.76763356	3.55457457
2.68775660	81.15998800	0.01232134	76.54905700	4.61093180	74.92639500	1.77008089	3.54965998
2.69147330	81.05615700	0.01233713	76.51302800	4.54312990	74.92736700	1.77252816	3.54475910
2.69519000	80.95865600	0.01235198	76.48037500	4.47828100	74.92827800	1.77497542	3.53987173
2.69890680	80.84067500	0.01237001	76.45089200	4.38978370	74.92912800	1.77742274	3.53499770
2.70262350	80.75519100	0.01238311	76.42438100	4.33080980	74.92991800	1.77987000	3.53013720
2.70634030	80.69709300	0.01239202	76.40069900	4.29639330	74.93064700	1.78231733	3.52528992
2.71005700	80.65185300	0.01239897	76.37976800	4.27208490	74.93131600	1.78476458	3.52045607
2.71377380	80.61423700	0.01240476	76.36142100	4.25281600	74.93192400	1.78721190	3.51563534
2.71749050	80.56997700	0.01241157	76.34556700	4.22441000	74.93247300	1.78965915	3.51082792
2.72120720	80.52839200	0.01241798	76.33215200	4.19623940	74.93296200	1.79210640	3.50603363
2.72492400	80.47249100	0.01242661	76.32111000	4.15138140	74.93339100	1.79455371	3.50125230
2.72864070	80.41372200	0.01243569	76.31236500	4.10135630	74.93376100	1.79700096	3.49648412
2.73235750	80.33893300	0.01244727	76.30588400	4.03304980	74.93407200	1.79944827	3.49172878
2.73607420	80.27589700	0.01245704	76.30168700	3.97420980	74.93432400	1.80189551	3.48698649
2.73979100	80.21139500	0.01246706	76.29971800	3.91167740	74.93451800	1.80434282	3.48225695
2.74350770	80.16295100	0.01247459	76.29997800	3.86297320	74.93465200	1.80679005	3.47754035
2.74722440	80.10903200	0.01248299	76.30250400	3.80652770	74.93472800	1.80923729	3.47283651
2.75094120	80.07772600	0.01248787	76.30732800	3.77039800	74.93474600	1.81168459	3.46814525
2.75465790	80.05742600	0.01249103	76.31446500	3.74296170	74.93470600	1.81413182	3.46346678
2.75837460	80.04390500	0.01249314	76.32397000	3.71993490	74.93460800	1.81657905	3.45880093
2.76209140	80.03757700	0.01249413	76.33596100	3.70161590	74.93445200	1.81902635	3.45414750
2.76580810	80.01106300	0.01249827	75.76660500	4.24445770	74.93423900	1.82147357	3.44950671
2.76952490	79.98935700	0.01250166	75.80035600	4.18900090	74.93396900	1.82392086	3.44487825
2.77324160	79.94696000	0.01250829	75.83617900	4.11078140	74.93364100	1.82636809	3.44026232
2.77695840	79.90543600	0.01251479	75.87426600	4.03117050	74.93325700	1.82881537	3.43565862
2.78067510	79.89619700	0.01251624	75.91478600	3.98141060	74.93281500	1.83126259	3.43106736
2.78439180	79.91704800	0.01251298	75.95795900	3.95908910	74.93231800	1.83370981	3.42648836
2.78810860	79.95529700	0.01250699	76.00408400	3.95121330	74.93176300	1.83615709	3.42192144
2.79182530	79.99964400	0.01250006	76.05339200	3.94625220	74.93115300	1.83860430	3.41736680
2.79554210	80.05149100	0.01249196	76.10617800	3.94531270	74.93048600	1.84105158	3.41282416
2.79925880	80.12202700	0.01248096	76.16281100	3.95921640	74.92976400	1.84349879	3.40829370
2.80297560	80.16947200	0.01247358	76.22370900	3.94576270	74.92898600	1.84594606	3.40377514
2.80669230	80.20124300	0.01246864	76.28925000	3.91199260	74.92815200	1.84839327	3.39926866
2.81040900	80.20829500	0.01246754	76.35991900	3.84837630	74.92726400	1.85084047	3.39477411
2.81412580	80.25268600	0.01246064	76.43636900	3.81631650	74.92632000	1.85328774	3.39029131
2.81784250	80.31035900	0.01245169	76.51916700	3.79119120	74.92532100	1.85573494	3.38582046
2.82155930	80.39156300	0.01243912	76.60900500	3.78255860	74.92426700	1.85818220	3.38136126
2.82527600	80.48921200	0.01242402	76.70674600	3.78246650	74.92315900	1.86062939	3.37691392
2.82899270	80.64950300	0.01239933	76.81343200	3.83607120	74.92199600	1.86307659	3.37247827
2.83270950	80.83763900	0.01237048	76.93002900	3.90760940	74.92077900	1.86552385	3.36805414
2.83642620	81.05886600	0.01233671	77.05778700	4.00107840	74.91950800	1.86797104	3.36364172
2.84014300	81.26925900	0.01230478	77.19837800	4.07088080	74.91818400	1.87041829	3.35924073
2.84385970	81.47182500	0.01227418	77.35341500	4.11840920	74.91680500	1.87286547	3.35485137
2.84757650	81.64014700	0.01224888	77.52482900	4.11531740	74.91537300	1.87531272	3.35047335
2.85129320	81.81118800	0.01222327	77.71506300	4.09612430	74.91388800	1.87775991	3.34610686
2.85500990	82.01762600	0.01219250	77.92722800	4.09039840	74.91234900	1.88020709	3.34175174
2.85872670	82.27613100	0.01215419	78.16436000	4.11177100	74.91075800	1.88265433	3.33740783
2.86244340	82.54683200	0.01211434	78.43044700	4.11638480	74.90911400	1.88510151	3.33307532
2.86616010	82.83634900	0.01207200	78.73085900	4.10549040	74.90741700	1.88754868	3.32875405
2.86987690	83.21454100	0.01201713	79.07136400	4.14317690	74.90566700	1.88999592	3.32444385
2.87359360	83.67796800	0.01195058	79.45894700	4.21902160	74.90386600	1.89244309	3.32014492
2.87731040	84.26005800	0.01186802	79.90269900	4.35735890	74.90201200	1.89489032	3.31585699
2.88102710	84.94320700	0.01177257	80.41497600	4.52823040	74.90010600	1.89733749	3.31158023
2.88474390	85.70369700	0.01166811	81.00912600	4.69457120	74.89814900	1.89978472	3.30731438
2.88846060	86.56696300	0.01155175	81.70404400	4.86291910	74.89614000	1.90223188	3.30305962
2.89217730	87.63319100	0.01141120	82.52855500	5.10463630	74.89407900	1.90467904	3.29881580
2.89589410	88.95766400	0.01124130	83.52560200	5.43206230	74.89196800	1.90712626	3.29458276
2.89961080	90.65361800	0.01103100	84.76930600	5.88431200	74.88980500	1.90957342	3.29036069
2.90332760	92.92570800	0.01076129	86.40265000	6.52305790	74.88759100	1.91202064	3.28614932
2.90704430	95.92076100	0.01042527	88.72151100	7.19924980	74.88532700	1.91446779	3.28194882
2.91076110	100.03024000	0.00999698	92.25280200	7.77743830	74.88301200	1.91691500	3.27775895
2.91447780	106.20333000	0.00941590	97.92862900	8.27469710	74.88064700	1.91936215	3.27357987
2.91819450	115.28556000	0.00867411	107.29686000	7.98870040	74.87823200	1.92180930	3.26941144
2.92191130	128.98871000	0.00775262	122.51798000	6.47073590	74.87576600	1.92425651	3.26525351
2.92562800	151.28051000	0.00661024	146.08410000	5.19640800	74.87325100	1.92670365	3.26110625
2.92934470	184.70275000	0.00541410	180.36032000	4.34243670	74.87068600	1.92915079	3.25696951
2.93306150	232.28792000	0.00430500	226.80608000	5.48183530	74.86807200	1.93159799	3.25284315
2.93677820	298.15243000	0.00335399	284.02468000	14.12774300	74.86540800	1.93404513	3.24872735
2.94049500	373.64600000	0.00267633	347.53529000	26.11070400	74.86269500	1.93649233	3.24462184
2.94421170	445.08403000	0.00224677	408.82819000	36.25583500	74.85993400	1.93893946	3.24052681
2.94792850	497.79656000	0.00200885	455.39655000	42.40000600	74.85712300	1.94138665	3.23644200
2.95164520	515.31123000	0.00194057	474.44040000	40.87083300	74.85426400	1.94383378	3.23236758
2.95536190	492.85277000	0.00202900	459.50631000	33.34646300	74.85135600	1.94628091	3.22830342
2.95907870	435.08653000	0.00229839	415.23368000	19.85284600	74.84840000	1.94872810	3.22424935
2.96279540	362.72538000	0.00275691	354.98709000	7.73829220	74.84539500	1.95117522	3.22020557
2.96651220	292.70141000	0.00341645	291.19787000	1.50353960	74.84234300	1.95362240	3.21617181
2.97022890	230.74009000	0.00433388	232.91181000	-2.17172100	74.83924300	1.95606952	3.21214826
2.97394570	182.32706000	0.00548465	185.21850000	-2.89144260	74.83609600	1.95851670	3.20813466
2.97766240	148.38453000	0.00673925	149.46643000	-1.08189360	74.83290000	1.96096382	3.20413118
2.98137910	125.40515000	0.00797415	124.67223000	0.73292503	74.82965800	1.96341093	3.20013769
2.98509590	109.97708000	0.00909280	108.68550000	1.29158110	74.82636900	1.96585810	3.19615404
2.98881260	100.02746000	0.00999725	98.75832300	1.26913530	74.82303200	1.96830521	3.19218040
2.99252940	93.78554500	0.01066262	92.71090000	1.07464520	74.81964900	1.97075238	3.18821653
2.99624610	89.59088900	0.01116185	88.98331200	0.60757738	74.81621900	1.97319948	3.18426260
2.99996280	86.70829800	0.01153292	86.56106300	0.14723510	74.81274300	1.97564658	3.18031847
3.00367960	84.72616100	0.01180273	84.85635100	-0.13018987	74.80922000	1.97809375	3.17638399
3.00739630	83.22602600	0.01201547	83.56814600	-0.34212041	74.80565100	1.98054084	3.17245935
3.01111310	82.07459800	0.01218404	82.54341300	-0.46881570	74.80203600	1.98298800	3.16854429
3.01482980	81.19085200	0.01231666	81.69620500	-0.50535294	74.79837600	1.98543510	3.16463898
3.01854650	80.49179600	0.01242363	80.98110800	-0.48931179	74.79467000	1.98788219	3.16074330
3.02226330	79.92903400	0.01251110	80.37041600	-0.44138179	74.79091800	1.99032934	3.15685710
3.02598000	79.44343300	0.01258757	79.84452700	-0.40109338	74.78712100	1.99277643	3.15298055
3.02969680	78.99932600	0.01265834	79.38741100	-0.38808516	74.78327900	1.99522358	3.14911340
3.03341350	78.64719100	0.01271501	78.98762900	-0.34043792	74.77939200	1.99767066	3.14525584
3.03713030	78.35210400	0.01276290	78.63668400	-0.28457944	74.77546000	2.00011780	3.14140762
3.04084700	78.08828500	0.01280602	78.32642900	-0.23814439	74.77148400	2.00256488	3.13756891
3.04456370	77.82193200	0.01284985	78.05068000	-0.22874772	74.76746300	2.00501196	3.13373957
3.04828050	77.56024200	0.01289320	77.80463900	-0.24439693	74.76339800	2.00745910	3.12991947
3.05199720	77.31518600	0.01293407	77.58435500	-0.26916986	74.75928800	2.00990617	3.12610877
3.05571400	77.11347500	0.01296790	77.38600100	-0.27252622	74.75513500	2.01235330	3.12230725
3.05943070	76.94594600	0.01299614	77.20673200	-0.26078619	74.75093800	2.01480037	3.11851506
3.06314740	76.77007800	0.01302591	77.04436600	-0.27428786	74.74669700	2.01724744	3.11473208
3.06686420	76.58125100	0.01305803	76.89665300	-0.31540265	74.74241200	2.01969456	3.11095817
3.07058090	76.40699800	0.01308781	76.76177800	-0.35477999	74.73808500	2.02214163	3.10719350
3.07429770	76.25902000	0.01311320	76.63830200	-0.37928176	74.73371400	2.02458875	3.10343783
3.07801440	76.12291200	0.01313665	76.52504300	-0.40213085	74.72930000	2.02703581	3.09969133
3.08173110	75.98987100	0.01315965	76.42071900	-0.43084818	74.72484300	2.02948286	3.09595387
3.08544790	75.86017400	0.01318215	76.32438000	-0.46420598	74.72034400	2.03192998	3.09222531
3.08916460	75.73844400	0.01320333	76.23528500	-0.49684078	74.71580200	2.03437703	3.08850583
3.09288140	75.62258900	0.01322356	76.15263900	-0.53004961	74.71121700	2.03682414	3.08479518
3.09659810	75.48562400	0.01324756	76.07576100	-0.59013730	74.70659000	2.03927119	3.08109355
3.10031490	75.38497400	0.01326524	76.00410900	-0.61913485	74.70192200	2.04171830	3.07740069
3.10403160	75.30620600	0.01327912	75.93724800	-0.63104252	74.69721100	2.04416534	3.07371678
3.10774830	75.22197700	0.01329399	75.87465300	-0.65267553	74.69245900	2.04661238	3.07004168
3.11146510	75.13259900	0.01330980	75.81593700	-0.68333844	74.68766500	2.04905948	3.06637526
3.11518180	75.05300100	0.01332392	75.76080000	-0.70779830	74.68283000	2.05150652	3.06271769
3.11889860	74.98790200	0.01333548	75.70890800	-0.72100541	74.67795300	2.05395362	3.05906874
3.12261530	74.94770800	0.01334264	75.65996000	-0.71225192	74.67303500	2.05640065	3.05542858
3.12633200	74.91282700	0.01334885	75.61371600	-0.70088919	74.66807700	2.05884768	3.05179707
3.13004880	74.90323100	0.01335056	75.56999300	-0.66676123	74.66307700	2.06129477	3.04817409
3.13376550	74.87459600	0.01335566	75.52854100	-0.65394506	74.65803700	2.06374179	3.04455980
3.13748230	74.84750600	0.01336050	75.48918200	-0.64167529	74.65295700	2.06618888	3.04095398
3.14119900	74.80879700	0.01336741	75.45177400	-0.64297655	74.64783600	2.06863590	3.03735680
3.14491580	74.77438600	0.01337356	75.41616200	-0.64177573	74.64267500	2.07108298	3.03376801
3.14863250	74.70873300	0.01338532	75.38219500	-0.67346227	74.63747400	2.07353000	3.03018780
3.15234920	74.63205500	0.01339907	75.34975300	-0.71769797	74.63223300	2.07597701	3.02661603
3.15606600	74.53125800	0.01341719	75.31875100	-0.78749347	74.62695200	2.07842409	3.02305258
3.15978270	74.42845700	0.01343572	75.28905800	-0.86060182	74.62163200	2.08087110	3.01949761
3.16349950	74.31018600	0.01345711	75.26058300	-0.95039716	74.61627200	2.08331817	3.01595090
3.16721620	74.20952400	0.01347536	75.23325200	-1.02372800	74.61087300	2.08576518	3.01241261
3.17093290	74.11456800	0.01349262	75.45885000	-1.34428230	74.60543600	2.08821218	3.00888261
3.17464970	74.01579300	0.01351063	75.44018900	-1.42439660	74.59995900	2.09065924	3.00536078
3.17836640	73.90266400	0.01353131	75.42270800	-1.52004410	74.59444300	2.09310624	3.00184729
3.18208320	73.83279900	0.01354412	75.40638300	-1.57358420	74.58888900	2.09555330	2.99834192
3.18579990	73.79103600	0.01355178	75.39115200	-1.60011550	74.58329600	2.09800030	2.99484481
3.18951660	73.73203000	0.01356263	75.37697700	-1.64494650	74.57766500	2.10044729	2.99135586
3.19323340	73.65159100	0.01357744	75.36383800	-1.71224730	74.57199600	2.10289434	2.98787494
3.19695010	73.60189600	0.01358661	75.35171300	-1.74981760	74.56628900	2.10534133	2.98440220
3.20066690	73.60733300	0.01358560	75.34056800	-1.73323550	74.56054400	2.10778838	2.98093744
3.20438360	73.62779700	0.01358183	75.33038800	-1.70259020	74.55476100	2.11023536	2.97748081
3.20810040	73.62374900	0.01358257	75.32117700	-1.69742820	74.54894100	2.11268241	2.97403210
3.21181710	73.59183200	0.01358846	75.31291200	-1.72107950	74.54308400	2.11512939	2.97059146
3.21553380	73.57318600	0.01359191	75.30558700	-1.73240070	74.53718900	2.11757636	2.96715878
3.21925060	73.55619300	0.01359505	75.29921000	-1.74301660	74.53125700	2.12002340	2.96373394
3.22296730	73.56291700	0.01359381	74.90030600	-1.33738860	74.52528800	2.12247038	2.96031708
3.22668410	73.57929500	0.01359078	74.90637700	-1.32708200	74.51928200	2.12491741	2.95690801
3.23040080	73.63785600	0.01357997	74.91300000	-1.27514420	74.51324000	2.12736438	2.95350687
3.23411750	73.71449800	0.01356585	74.92022400	-1.20572650	74.50716100	2.12981134	2.95011355
3.23783430	73.84127800	0.01354256	74.92808500	-1.08680710	74.50104600	2.13225837	2.94672794
3.24155100	74.01711500	0.01351039	74.93662500	-0.91951021	74.49489400	2.13470533	2.94335017
3.24526780	74.22774300	0.01347205	74.94590000	-0.71815752	74.48870700	2.13715236	2.93998006
3.24898450	74.45948300	0.01343012	74.95597100	-0.49648776	74.48248300	2.13959931	2.93661775
3.25270120	74.72224900	0.01338290	74.96688500	-0.24463574	74.47622400	2.14204626	2.93326312
3.25641800	74.97513300	0.01333776	74.97870800	-0.00357429	74.46993000	2.14449328	2.92991606
3.26013470	75.20635500	0.01329675	74.99152600	0.21482928	74.46359900	2.14694023	2.92657672
3.26385150	75.33270800	0.01327445	75.00540600	0.32730173	74.45723400	2.14938724	2.92324490
3.26756820	75.38418300	0.01326538	75.02042900	0.36375473	74.45083300	2.15183419	2.91992076
3.27128500	75.32805600	0.01327527	75.03669300	0.29136382	74.44439800	2.15428120	2.91660407
3.27500170	75.15668500	0.01330554	75.05431700	0.10236823	74.43792700	2.15672814	2.91329501
3.27871840	74.88553900	0.01335371	75.07339400	-0.18785500	74.43142200	2.15917507	2.90999344
3.28243520	74.56759400	0.01341065	75.09404800	-0.52645381	74.42488200	2.16162207	2.90669927
3.28615190	74.26105800	0.01346601	75.11644400	-0.85538631	74.41830800	2.16406901	2.90341264
3.28986870	73.97037800	0.01351892	75.14072300	-1.17034540	74.41170000	2.16651600	2.90013334
3.29358540	73.72802000	0.01356336	75.16704400	-1.43902460	74.40505700	2.16896293	2.89686154
3.29730220	73.52731100	0.01360039	75.19560600	-1.66829540	74.39838100	2.17140993	2.89359703
3.30101890	73.35261800	0.01363278	75.22665600	-1.87403850	74.39167000	2.17385685	2.89033995
3.30473560	73.21685000	0.01365806	75.26039400	-2.04354380	74.38492600	2.17630377	2.88709021
3.30845240	73.11864500	0.01367640	75.29708400	-2.17843930	74.37814800	2.17875076	2.88384768
3.31216910	73.06678300	0.01368611	75.33707300	-2.27029080	74.37133700	2.18119767	2.88061251
3.31588580	73.03305600	0.01369243	75.38068800	-2.34763210	74.36449300	2.18364459	2.87738460
3.31960260	73.00928200	0.01369689	75.42828600	-2.41900320	74.35761600	2.18609157	2.87416383
3.32331930	72.97896800	0.01370258	75.48031300	-2.50134450	74.35070500	2.18853848	2.87095035
3.32703610	72.95816800	0.01370648	75.53735100	-2.57918280	74.34376200	2.19098545	2.86774397
3.33075280	72.99752800	0.01369909	75.59988600	-2.60235810	74.33678600	2.19343236	2.86454483
3.33446960	73.05640400	0.01368805	75.66856700	-2.61216250	74.32977800	2.19587933	2.86135273
3.33818630	73.14114900	0.01367219	75.74423200	-2.60308350	74.32273700	2.19832623	2.85816783
3.34190300	73.23582700	0.01365452	75.82774500	-2.59191780	74.31566400	2.20077313	2.85499002
3.34561980	73.36698200	0.01363011	75.92005100	-2.55306910	74.30855800	2.20322009	2.85181918
3.34933650	73.51005300	0.01360358	76.02233200	-2.51227850	74.30142100	2.20566698	2.84865547
3.35305330	73.73049200	0.01356291	76.13619100	-2.40569970	74.29425200	2.20811394	2.84549868
3.35677000	73.95759300	0.01352126	76.26305800	-2.30546450	74.28705100	2.21056083	2.84234897
3.36048680	74.22364600	0.01347280	76.40484000	-2.18119480	74.27981900	2.21300778	2.83920615
3.36420350	74.49865700	0.01342306	76.56402700	-2.06536940	74.27255500	2.21545467	2.83607036
3.36792020	74.83638000	0.01336249	76.74340000	-1.90701970	74.26526000	2.21790155	2.83294148
3.37163700	75.22859200	0.01329282	76.94608400	-1.71749240	74.25793400	2.22034850	2.82981943
3.37535370	75.61412600	0.01322504	77.17606200	-1.56193620	74.25057700	2.22279537	2.82670433
3.37907050	75.98220100	0.01316098	77.43895800	-1.45675690	74.24318900	2.22524231	2.82359600
3.38278720	76.39644600	0.01308961	77.74025800	-1.34381130	74.23577100	2.22768919	2.82049459
3.38650390	76.80341800	0.01302025	78.08747800	-1.28406000	74.22832200	2.23013606	2.81739999
3.39022070	77.18364700	0.01295611	78.49084300	-1.30719560	74.22084200	2.23258299	2.81431209
3.39393740	77.53406300	0.01289756	78.96356700	-1.42950450	74.21333200	2.23502986	2.81123104
3.39765420	77.91339100	0.01283476	79.52322300	-1.60983140	74.20579200	2.23747679	2.80815664
3.40137090	78.37601700	0.01275901	80.19794700	-1.82192960	74.19822200	2.23992365	2.80508905
3.40508770	79.04656000	0.01265077	81.04070200	-1.99414250	74.19062200	2.24237057	2.80202808
3.40880440	79.97719800	0.01250356	82.14156400	-2.16436550	74.18299200	2.24481743	2.79897386
3.41252110	81.30333500	0.01229962	83.67258800	-2.36925350	74.17533300	2.24726429	2.79592629
3.41623790	83.37427800	0.01199411	85.95737000	-2.58309200	74.16764500	2.24971120	2.79288528
3.41995460	86.55483800	0.01155337	89.56042400	-3.00558640	74.15992700	2.25215805	2.78985096
3.42367130	91.46815000	0.01093277	95.33082400	-3.86267450	74.15217900	2.25460490	2.78682323
3.42738810	99.66476900	0.01003364	104.45664000	-4.79186930	74.14440300	2.25705181	2.78380198
3.43110480	112.79230000	0.00886585	118.47553000	-5.68323080	74.13659800	2.25949865	2.78078737
3.43482160	133.07055000	0.00751481	138.69609000	-5.62553630	74.12876400	2.26194556	2.77777919
3.43853830	164.75655000	0.00606956	165.87577000	-1.11921690	74.12090100	2.26439240	2.77477760
3.44225510	208.27024000	0.00480145	199.64061000	8.62962690	74.11301000	2.26683930	2.77178242
3.44597180	260.06281000	0.00384522	237.74167000	22.32113800	74.10509100	2.26928613	2.76879377
3.44968850	314.32102000	0.00318146	275.63740000	38.68362900	74.09714300	2.27173296	2.76581157
3.45340530	358.28437000	0.00279108	306.64163000	51.64274600	74.08916700	2.27417986	2.76283571
3.45712200	378.76893000	0.00264013	322.58446000	56.18446900	74.08116400	2.27662668	2.75986632
3.46083880	370.07956000	0.00270212	318.42629000	51.65326900	74.07313200	2.27907357	2.75690324
3.46455550	336.57715000	0.00297109	295.80785000	40.76929800	74.06507300	2.28152039	2.75394659
3.46827230	289.54571000	0.00345369	261.17325000	28.37245500	74.05698600	2.28396728	2.75099620
3.47198900	238.57242000	0.00419160	222.48052000	16.09190300	74.04887200	2.28641409	2.74805221
3.47570570	192.13935000	0.00520456	185.69063000	6.44872560	74.04073000	2.28886091	2.74511452
3.47942250	155.48960000	0.00643130	154.30732000	1.18228780	74.03256200	2.29130778	2.74218302
3.48313920	128.77877000	0.00776526	129.91677000	-1.13800440	74.02436600	2.29375459	2.73925786
3.48685600	109.85260000	0.00910311	112.31497000	-2.46236790	74.01614300	2.29620146	2.73633886
3.49057270	96.96501700	0.01031300	100.38544000	-3.42042360	74.00789400	2.29864827	2.73342616
3.49428940	88.89823700	0.01124882	92.71112900	-3.81289200	73.99961800	2.30109507	2.73051965
3.49800620	83.64997400	0.01195458	87.93115600	-4.28118230	73.99131500	2.30354194	2.72761924
3.50172290	80.16610500	0.01247410	84.92544200	-4.75933720	73.98298600	2.30598873	2.72472507
3.50543970	77.96941100	0.01282554	82.97238500	-5.00297340	73.97463100	2.30843559	2.72183696
3.50915640	76.48696100	0.01307412	81.63045500	-5.14349390	73.96625000	2.31088238	2.71895504
3.51287310	75.43487800	0.01325647	80.63801100	-5.20313340	73.95784300	2.31332917	2.71607922
3.51658990	74.69391900	0.01338797	80.13138600	-5.43746700	73.94941000	2.31577603	2.71320941
3.52030660	74.13111900	0.01348961	79.50229600	-5.37117750	73.94095100	2.31822281	2.71034573
3.52402340	73.68093900	0.01357203	78.97782700	-5.29688830	73.93246700	2.32066966	2.70748802
3.52774010	73.27272000	0.01364764	78.53252200	-5.25980160	73.92395700	2.32311644	2.70463641
3.53145690	72.89681800	0.01371802	78.15086000	-5.25404280	73.91542200	2.32556328	2.70179072
3.53517360	72.56345900	0.01378104	77.82208400	-5.25862520	73.90686200	2.32801006	2.69895110
3.53889030	72.31766800	0.01382788	77.53698200	-5.21931470	73.89827700	2.33045683	2.69611744
3.54260710	72.10750100	0.01386818	77.28837600	-5.18087480	73.88966600	2.33290367	2.69328965
3.54632380	71.94228400	0.01390003	77.07084100	-5.12855780	73.88103100	2.33535043	2.69046787
3.55004060	71.79083000	0.01392936	76.88024500	-5.08941520	73.87237200	2.33779727	2.68765192
3.55375730	71.66520900	0.01395377	76.71240300	-5.04719350	73.86368800	2.34024403	2.68484194
3.55747400	71.59257000	0.01396793	76.56432900	-4.97175940	73.85497900	2.34269079	2.68203783
3.56119080	71.54801900	0.01397663	76.43372800	-4.88570820	73.84624600	2.34513761	2.67923949
3.56490750	71.50190000	0.01398564	76.31842000	-4.81652020	73.83748900	2.34758437	2.67644707
3.56862430	71.45670100	0.01399449	76.21654900	-4.75984870	73.82870800	2.35003119	2.67366039
3.57234100	71.45373500	0.01399507	76.12669500	-4.67295960	73.81990300	2.35247794	2.67087959
3.57605770	71.46920800	0.01399204	76.04782600	-4.57861850	73.81107400	2.35492468	2.66810457
3.57977450	71.45500700	0.01399482	75.97870600	-4.52369940	73.80222100	2.35737149	2.66533524
3.58349120	71.41095500	0.01400345	75.91849400	-4.50753920	73.79334500	2.35981824	2.66257172
3.58720800	71.38383500	0.01400877	75.86656600	-4.48273160	73.78444600	2.36226504	2.65981386
3.59092470	71.38885200	0.01400779	75.82231400	-4.43346130	73.77552300	2.36471178	2.65706178
3.59464150	71.40544400	0.01400453	75.78517800	-4.37973370	73.76657700	2.36715858	2.65431533
3.59835820	71.42873100	0.01399997	75.81902700	-4.39029560	73.75760900	2.36960532	2.65157462
3.60207490	71.48853800	0.01398826	75.79653900	-4.30800110	73.74861700	2.37205205	2.64883956
3.60579170	71.58434500	0.01396953	75.78027700	-4.19593180	73.73960200	2.37449884	2.64611008
3.60950840	71.72445900	0.01394225	75.77008000	-4.04562040	73.73056500	2.37694557	2.64338628
3.61322520	71.89124300	0.01390990	75.76590600	-3.87466300	73.72150500	2.37939235	2.64066802
3.61694190	72.05586500	0.01387812	75.76773000	-3.71186510	73.71242300	2.38183908	2.63795542
3.62065860	72.19890100	0.01385063	75.77551300	-3.57661220	73.70331900	2.38428579	2.63524839
3.62437540	72.33100100	0.01382533	75.78934200	-3.45834080	73.69419300	2.38673257	2.63254684
3.62809210	72.42746200	0.01380692	75.97310700	-3.54564470	73.68504400	2.38917929	2.62985090
3.63180890	72.49286900	0.01379446	76.00372000	-3.51085140	73.67587400	2.39162606	2.62716041
3.63552560	72.50311500	0.01379251	76.04119000	-3.53807470	73.66668100	2.39407277	2.62447549
3.63924230	72.50586400	0.01379199	76.08594800	-3.58008320	73.65746700	2.39651948	2.62179605
3.64295910	72.51123300	0.01379097	76.13849300	-3.62726010	73.64823200	2.39896625	2.61912202
3.64667580	72.52764100	0.01378785	76.19928900	-3.67164750	73.63897500	2.40141295	2.61645350
3.65039260	72.54754100	0.01378406	76.26899300	-3.72145160	73.62969700	2.40385971	2.61379035
3.65410930	72.56025700	0.01378165	76.34857900	-3.78832160	73.62039800	2.40630640	2.61113269
3.65782610	72.57677500	0.01377851	76.43885200	-3.86207740	73.61107800	2.40875316	2.60848036
3.66154280	72.59285000	0.01377546	76.65417700	-4.06132740	73.60173600	2.41119985	2.60583348
3.66525950	72.62130700	0.01377006	76.77219300	-4.15088550	73.59237400	2.41364654	2.60319198
3.66897630	72.65238400	0.01376417	76.96001700	-4.30763230	73.58299200	2.41609329	2.60055575
3.67269300	72.68224800	0.01375852	77.11102400	-4.42877560	73.57358800	2.41853997	2.59792493
3.67640980	72.74077900	0.01374745	77.28097600	-4.54019740	73.56416500	2.42098672	2.59529937
3.68012650	72.85070300	0.01372670	77.47295900	-4.62225590	73.55472000	2.42343340	2.59267918
3.68384320	73.00371000	0.01369793	77.69002900	-4.68631840	73.54525600	2.42588007	2.59006427
3.68756000	73.16113000	0.01366846	77.93607300	-4.77494270	73.53577200	2.42832681	2.58745457
3.69127670	73.35306500	0.01363270	78.27202900	-4.91896340	73.52626800	2.43077348	2.58485019
3.69499350	73.57483200	0.01359160	78.59429500	-5.01946360	73.51674300	2.43322021	2.58225099
3.69871020	73.87426500	0.01353651	78.96498300	-5.09071830	73.50720000	2.43566688	2.57965708
3.70242690	74.28129800	0.01346234	79.39527300	-5.11397420	73.49763600	2.43811354	2.57706838
3.70614370	74.78837300	0.01337106	79.90356900	-5.11519610	73.48805300	2.44056027	2.57448480
3.70986040	75.42330200	0.01325850	80.51834000	-5.09503800	73.47845100	2.44300692	2.57190647
3.71357720	76.30206800	0.01310580	81.29043500	-4.98836670	73.46882900	2.44545364	2.56933323
3.71729390	77.48604600	0.01290555	82.31454600	-4.82849980	73.45918800	2.44790030	2.56676521
3.72101070	79.10194900	0.01264191	83.76731500	-4.66536550	73.44952900	2.45034701	2.56420224
3.72472740	81.49787600	0.01227026	85.92967200	-4.43179560	73.43985000	2.45279366	2.56164447
3.72844410	84.79337100	0.01179338	89.23774300	-4.44437230	73.43015300	2.45524030	2.55909179
3.73216090	89.31358300	0.01119651	94.32678500	-5.01320150	73.42043700	2.45768701	2.55654413
3.73587760	95.72114100	0.01044701	101.92155000	-6.20041300	73.41070200	2.46013365	2.55400161
3.73959440	104.10781000	0.00960543	112.69717000	-8.58936260	73.40094900	2.46258035	2.55146408
3.74331110	114.41639000	0.00874001	127.08348000	-12.66708700	73.39117800	2.46502698	2.54893165
3.74702780	126.99738000	0.00787418	144.96774000	-17.97036100	73.38138800	2.46747362	2.54640425
3.75074460	140.53400000	0.00711572	165.00516000	-24.47116500	73.37158000	2.46992031	2.54388179
3.75446130	153.20182000	0.00652734	185.58489000	-32.38307400	73.36175500	2.47236694	2.54136440
3.75817810	163.79651000	0.00610514	203.11209000	-39.31557900	73.35191100	2.47481363	2.53885191
3.76189480	170.34674000	0.00587038	213.53595000	-43.18921100	73.34205000	2.47726025	2.53634446
3.76561160	171.49807000	0.00583097	214.05032000	-42.55224300	73.33217100	2.47970693	2.53384189
3.76932830	167.16338000	0.00598217	205.02756000	-37.86418400	73.32227500	2.48215355	2.53134433
3.77304500	158.79714000	0.00629734	189.96891000	-31.17176600	73.31236100	2.48460016	2.52885169
3.77676180	148.72935000	0.00672362	173.55288000	-24.82352000	73.30243000	2.48704684	2.52636389
3.78047850	138.86777000	0.00720109	159.72005000	-20.85227900	73.29248200	2.48949344	2.52388104
3.78419530	131.78020000	0.00758839	151.67376000	-19.89356400	73.28251700	2.49194011	2.52140301
3.78791200	129.76049000	0.00770651	151.76559000	-22.00509700	73.27253500	2.49438672	2.51892991
3.79162880	134.78820000	0.00741905	161.41556000	-26.62735500	73.26253600	2.49683338	2.51646159
3.79534550	148.38301000	0.00673932	181.15583000	-32.77282400	73.25252000	2.49927998	2.51399817
3.79906220	170.72155000	0.00585749	210.41777000	-39.69622400	73.24248800	2.50172657	2.51153958
3.80277900	201.38320000	0.00496566	246.61167000	-45.22847100	73.23243900	2.50417323	2.50908572
3.80649570	235.86032000	0.00423980	285.41944000	-49.55912800	73.22237400	2.50661982	2.50663673
3.81021240	265.25522000	0.00376995	320.22779000	-54.97257600	73.21229300	2.50906641	2.50419251
3.81392920	281.74724000	0.00354928	342.59407000	-60.84682900	73.20219500	2.51151306	2.50175299
3.81764590	281.03985000	0.00355821	345.61620000	-64.57635500	73.19208200	2.51395964	2.49931829
3.82136270	263.43501000	0.00379600	328.01215000	-64.57714000	73.18195200	2.51640628	2.49688826
3.82507940	233.83199000	0.00427657	294.97798000	-61.14598900	73.17180700	2.51885286	2.49446302
3.82879620	199.28386000	0.00501797	254.99367000	-55.70980100	73.16164600	2.52129950	2.49204242
3.83251290	167.60347000	0.00596646	214.86956000	-47.26608400	73.15146900	2.52374607	2.48962658
3.83622960	141.65051000	0.00705963	179.17681000	-37.52630400	73.14127700	2.52619264	2.48721543
3.83994640	121.35402000	0.00824035	150.27020000	-28.91618700	73.13107000	2.52863927	2.48480888
3.84366310	106.54480000	0.00938572	128.56247000	-22.01767500	73.12084700	2.53108583	2.48240705
3.84737990	96.78675600	0.01033199	113.33792000	-16.55116300	73.11060900	2.53353246	2.48000979
3.85109660	90.31810300	0.01107198	103.34107000	-13.02296900	73.10035600	2.53597902	2.47761723
3.85481340	86.02571400	0.01162443	97.01608600	-10.99037200	73.09008800	2.53842564	2.47522922
3.85853010	83.42419900	0.01198693	93.12872500	-9.70452530	73.07980500	2.54087219	2.47284587
3.86224680	81.81018600	0.01222342	90.78207300	-8.97188710	73.06950800	2.54331874	2.47046711
3.86596360	80.83406300	0.01237102	89.37722300	-8.54315980	73.05919600	2.54576535	2.46809287
3.86968030	80.34161600	0.01244685	88.55624200	-8.21462590	73.04886900	2.54821190	2.46572325
3.87339710	80.20047800	0.01246875	88.13764800	-7.93717010	73.03852900	2.55065850	2.46335811
3.87711380	80.38802100	0.01243966	88.04443500	-7.65641380	73.02817300	2.55310504	2.46099757
3.88083050	80.91236600	0.01235905	88.25877100	-7.34640520	73.01780400	2.55555158	2.45864155
3.88454730	81.85465700	0.01221678	88.82701800	-6.97236010	73.00742100	2.55799818	2.45628998
3.88826400	83.25476100	0.01201132	89.87610100	-6.62133990	72.99702300	2.56044471	2.45394298
3.89198080	85.31747900	0.01172093	91.65625000	-6.33877010	72.98661200	2.56289130	2.45160039
3.89569750	88.54187500	0.01129409	94.56969600	-6.02782100	72.97618700	2.56533783	2.44926233
3.89941420	93.28618900	0.01071970	99.23358200	-5.94739310	72.96574800	2.56778435	2.44692873
3.90313100	100.09758000	0.00999025	106.54308000	-6.44549730	72.95529600	2.57023094	2.44459952
3.90684770	110.30333000	0.00906591	117.48124000	-7.17791020	72.94483100	2.57267745	2.44227480
3.91056450	124.57935000	0.00802701	132.98092000	-8.40157280	72.93435200	2.57512403	2.43995443
3.91428120	143.33471000	0.00697668	153.67080000	-10.33608900	72.92385900	2.57757055	2.43763854
3.91799800	167.86775000	0.00595707	179.47720000	-11.60945000	72.91335400	2.58001712	2.43532698
3.92171470	196.02638000	0.00510135	209.12588000	-13.09949700	72.90283600	2.58246363	2.43301986
3.92543140	224.14964000	0.00446131	240.11614000	-15.96649300	72.89230500	2.58491013	2.43071712
3.92914820	249.26740000	0.00401176	268.42144000	-19.15403600	72.88176100	2.58735670	2.42841867
3.93286490	266.90213000	0.00374669	289.33409000	-22.43195800	72.87120400	2.58980320	2.42612462
3.93658170	274.64760000	0.00364103	299.92554000	-25.27794000	72.86063500	2.59224976	2.42383485
3.94029840	273.53133000	0.00365589	301.03522000	-27.50388500	72.85005300	2.59469625	2.42154946
3.94401510	268.11927000	0.00372968	296.69500000	-28.57572400	72.83945900	2.59714274	2.41926838
3.94773190	263.94261000	0.00378870	291.46583000	-27.52322300	72.82885300	2.59958929	2.41699153
3.95144860	264.68500000	0.00377808	288.27183000	-23.58683200	72.81823400	2.60203578	2.41471903
3.95516540	271.15404000	0.00368794	288.23907000	-17.08502500	72.80760400	2.60448233	2.41245074
3.95888210	280.92507000	0.00355967	290.90757000	-9.98249610	72.79696100	2.60692881	2.41018677
3.96259890	289.23654000	0.00345738	293.98621000	-4.74966780	72.78630700	2.60937535	2.40792698
3.96631560	290.95171000	0.00343700	293.99373000	-3.04201990	72.77564000	2.61182182	2.40567150
3.97003230	283.48498000	0.00352752	288.29296000	-4.80798280	72.76496300	2.61426829	2.40342023
3.97374910	267.16177000	0.00374305	276.23980000	-9.07802870	72.75427300	2.61671483	2.40117312
3.97746580	245.53544000	0.00407273	259.23406000	-13.69862800	72.74357200	2.61916129	2.39893027
3.98118260	223.97610000	0.00446476	239.74091000	-15.76481400	72.73286000	2.62160782	2.39669155
3.98489930	205.21360000	0.00487297	220.32706000	-15.11346000	72.72213700	2.62405428	2.39445706
3.98861600	190.28289000	0.00525533	203.12174000	-12.83885200	72.71140200	2.62650074	2.39222674
3.99233280	178.95484000	0.00558800	188.97082000	-10.01597800	72.70065600	2.62894726	2.39000052
3.99604950	169.26517000	0.00590789	177.02511000	-7.75993570	72.68990000	2.63139371	2.38777849
3.99976630	158.77529000	0.00629821	165.71086000	-6.93556850	72.67913200	2.63384022	2.38556054
4.00348300	146.46449000	0.00682759	153.79622000	-7.33173010	72.66835400	2.63628667	2.38334676
4.00719970	132.76726000	0.00753198	141.21032000	-8.44306080	72.65756500	2.63873311	2.38113710
4.01091650	118.58602000	0.00843270	128.77529000	-10.18927000	72.64676600	2.64117962	2.37893147
4.01463320	106.15988000	0.00941975	117.36513000	-11.20525200	72.63595600	2.64362606	2.37672998
4.01835000	96.22388200	0.01039243	107.52666000	-11.30278200	72.62513600	2.64607256	2.37453251
4.02206670	88.48792800	0.01130098	99.60902300	-11.12109500	72.61430500	2.64851899	2.37233916
4.02578340	82.88044200	0.01206557	93.58049900	-10.70005700	72.60346500	2.65096542	2.37014986
4.02950020	79.12618500	0.01263804	89.04918400	-9.92299880	72.59261400	2.65341191	2.36796454
4.03321690	76.62036900	0.01305136	85.83333300	-9.21296440	72.58175300	2.65585834	2.36578330
4.03693370	74.92391200	0.01334687	83.58876800	-8.66485610	72.57088300	2.65830482	2.36360603
4.04065040	73.85660000	0.01353975	82.00864200	-8.15204200	72.56000300	2.66075124	2.36143282
4.04436720	73.13868500	0.01367266	80.86540000	-7.72671580	72.54911300	2.66319772	2.35926355
4.04808390	72.64289600	0.01376597	80.00461100	-7.36171490	72.53821300	2.66564414	2.35709832
4.05180060	72.29666100	0.01383190	79.32066500	-7.02400340	72.52730400	2.66809055	2.35493706
4.05551740	72.04894300	0.01387945	78.75474900	-6.70580600	72.51638600	2.67053702	2.35277971
4.05923410	71.82902000	0.01392195	78.27262800	-6.44360800	72.50545900	2.67298342	2.35062637
4.06295090	71.62969200	0.01396069	77.85367700	-6.22398480	72.49452200	2.67542989	2.34847691
4.06666760	71.46081300	0.01399368	77.35450700	-5.89369370	72.48357600	2.67787629	2.34633143
4.07038440	71.33974700	0.01401743	77.02955100	-5.68980380	72.47262100	2.68032275	2.34418982
4.07410110	71.25751200	0.01403361	76.73955800	-5.48204550	72.46165800	2.68276914	2.34205218
4.07781780	71.18496200	0.01404791	76.47910500	-5.29414320	72.45068500	2.68521553	2.33991843
4.08153460	71.13219700	0.01405833	76.24417200	-5.11197510	72.43970400	2.68766199	2.33778851
4.08525130	71.07435400	0.01406977	76.03148900	-4.95713570	72.42871400	2.69010837	2.33566252
4.08896810	71.00903300	0.01408272	75.83839700	-4.82936350	72.41771600	2.69255482	2.33354035
4.09268480	70.95109000	0.01409422	75.66237400	-4.71128370	72.40670900	2.69500120	2.33142208
4.09640150	70.92021400	0.01410035	75.50148300	-4.58126910	72.39569400	2.69744757	2.32930766
4.10011830	70.87443500	0.01410946	75.35417400	-4.47973830	72.38467100	2.69989401	2.32719702
4.10383500	70.84371200	0.01411558	75.21893500	-4.37522350	72.37364000	2.70234038	2.32509026
4.10755180	70.80746500	0.01412281	75.09450200	-4.28703720	72.36260100	2.70478682	2.32298726
4.11126850	70.78266900	0.01412775	74.97985600	-4.19718690	72.35155300	2.70723318	2.32088811
4.11498520	70.76166800	0.01413194	74.87413300	-4.11246480	72.34049800	2.70967954	2.31879276
4.11870200	70.74235300	0.01413580	74.77647100	-4.03411810	72.32943500	2.71212597	2.31670114
4.12241870	70.74542500	0.01413519	74.42487200	-3.67944750	72.31836500	2.71457232	2.31461334
4.12613550	70.76420100	0.01413144	74.34764600	-3.58344480	72.30728700	2.71701874	2.31252925
4.12985220	70.78711200	0.01412687	74.27648700	-3.48937490	72.29620100	2.71946509	2.31044897
4.13356890	70.82158700	0.01411999	74.21093700	-3.38934990	72.28510800	2.72191144	2.30837242
4.13728570	70.87184100	0.01410998	74.15062900	-3.27878740	72.27400800	2.72435785	2.30629956
4.14100240	70.92627500	0.01409915	74.09526100	-3.16898650	72.26290100	2.72680419	2.30423047
4.14471920	70.97816700	0.01408884	74.04451600	-3.06634880	72.25178600	2.72925060	2.30216504
4.14843590	71.06468200	0.01407169	73.99814500	-2.93346340	72.24066500	2.73169693	2.30010337
4.15215270	71.17620100	0.01404964	73.95598300	-2.77978250	72.22953700	2.73414333	2.29804533
4.15586940	71.30797800	0.01402368	73.91783900	-2.60986030	72.21840100	2.73658966	2.29599103
4.15958610	71.45807100	0.01399422	73.88356500	-2.42549400	72.20725900	2.73903599	2.29394040
4.16330290	71.62012200	0.01396256	73.85306400	-2.23294170	72.19611100	2.74148238	2.29189338
4.16701960	71.79490400	0.01392857	73.82629100	-2.03138710	72.18495600	2.74392870	2.28985006
4.17073640	71.96080000	0.01389646	73.80315700	-1.84235650	72.17379400	2.74637509	2.28781034
4.17445310	72.12399000	0.01386501	73.99217200	-1.86818150	72.16262600	2.74882140	2.28577430
4.17816980	72.31541700	0.01382831	73.98035500	-1.66493820	72.15145200	2.75126771	2.28374188
4.18188660	72.50980100	0.01379124	73.97234000	-1.46253890	72.14027100	2.75371409	2.28171303
4.18560330	72.67264800	0.01376034	73.96817900	-1.29553110	72.12908500	2.75616040	2.27968783
4.18932010	72.78881600	0.01373837	73.96797800	-1.17916220	72.11789200	2.75860677	2.27766617
4.19303680	72.87877400	0.01372142	73.97193200	-1.09315810	72.10669400	2.76105307	2.27564815
4.19675360	72.94106500	0.01370970	73.98014900	-1.03908300	72.09548900	2.76349943	2.27363365
4.20047030	72.97610500	0.01370312	74.20498200	-1.22887700	72.08427900	2.76594573	2.27162277
4.20418700	73.00972700	0.01369680	74.33999700	-1.33026980	72.07306400	2.76839202	2.26961545
4.20790380	73.03783700	0.01369153	74.37019000	-1.33235280	72.06184200	2.77083838	2.26761162
4.21162050	73.08105200	0.01368344	74.40605200	-1.32500000	72.05061600	2.77328466	2.26561138
4.21533730	73.14706400	0.01367109	74.44802600	-1.30096200	72.03938300	2.77573101	2.26361462
4.21905400	73.25399300	0.01365113	74.49675200	-1.24275960	72.02814600	2.77817729	2.26162143
4.22277070	73.35030900	0.01363321	74.66498800	-1.31467880	72.01690300	2.78062357	2.25963175
4.22648750	73.45601400	0.01361359	74.73145900	-1.27544490	72.00565600	2.78306991	2.25764551
4.23020420	73.54841100	0.01359649	74.80686600	-1.25845500	71.99440300	2.78551619	2.25566282
4.23392100	73.63018500	0.01358139	74.89220200	-1.26201620	71.98314500	2.78796252	2.25368356
4.23763770	73.71208400	0.01356630	74.98850900	-1.27642420	71.97188200	2.79040879	2.25170783
4.24135450	73.78637900	0.01355264	75.09712000	-1.31074060	71.96061500	2.79285512	2.24973550
4.24507120	73.86295800	0.01353859	75.06162400	-1.19866560	71.94934300	2.79530138	2.24776668
4.24878790	73.93258700	0.01352583	75.20396500	-1.27137870	71.93806600	2.79774763	2.24580131
4.25250470	73.99701200	0.01351406	75.36424900	-1.36723740	71.92678500	2.80019395	2.24383932
4.25622140	74.08109500	0.01349872	75.54538700	-1.46429180	71.91549900	2.80264021	2.24188081
4.25993820	74.19508100	0.01347798	75.75079000	-1.55570910	71.90420900	2.80508652	2.23992567
4.26365490	74.35469600	0.01344905	75.98420100	-1.62950530	71.89291500	2.80753277	2.23797399
4.26737160	74.53881600	0.01341583	76.25048700	-1.71167080	71.88161600	2.80997901	2.23602571
4.27108840	74.75686600	0.01337670	76.55658200	-1.79971590	71.87031400	2.81242531	2.23408077
4.27480510	75.02757800	0.01332843	76.90972200	-1.88214440	71.85900700	2.81487155	2.23213926
4.27852190	75.33719100	0.01327366	77.21116200	-1.87397080	71.84769700	2.81731785	2.23020108
4.28223860	75.72210200	0.01320618	77.69654300	-1.97444150	71.83638200	2.81976408	2.22826631
4.28595530	76.23166700	0.01311791	78.27762500	-2.04595800	71.82506400	2.82221031	2.22633490
4.28967210	76.90985900	0.01300223	78.93765400	-2.02779490	71.81374200	2.82465660	2.22440678
4.29338880	77.88608800	0.01283926	80.26637700	-2.38028880	71.80241700	2.82710282	2.22248206
4.29710560	79.23690300	0.01262038	81.51401300	-2.27711060	71.79108800	2.82954911	2.22056061
4.30082230	81.10682900	0.01232942	83.29542000	-2.18859050	71.77975600	2.83199532	2.21864254
4.30453900	83.92095400	0.01191598	85.89014800	-1.96919400	71.76842000	2.83444154	2.21672778
4.30825580	88.10000900	0.01135074	89.96364800	-1.86363890	71.75708100	2.83688781	2.21481628
4.31197250	94.16718000	0.01061941	96.14625400	-1.97907360	71.74573900	2.83933402	2.21290812
4.31568930	103.31165000	0.00967945	105.39014000	-2.07849130	71.73439400	2.84178029	2.21100320
4.31940600	116.67554000	0.00857078	118.48616000	-1.81061500	71.72304600	2.84422649	2.20910160
4.32312280	134.79708000	0.00741856	136.09619000	-1.29910870	71.71169400	2.84667276	2.20720323
4.32683950	158.49045000	0.00630953	158.11817000	0.37227464	71.70034000	2.84911895	2.20530817
4.33055620	186.55967000	0.00536022	183.54025000	3.01942270	71.68898400	2.85156514	2.20341637
4.33427300	214.81082000	0.00465526	210.11771000	4.69310760	71.67762400	2.85401140	2.20152776
4.33798970	238.61925000	0.00419078	234.00924000	4.61000940	71.66626200	2.85645758	2.19964243
4.34170650	253.69758000	0.00394170	250.26430000	3.43327620	71.65489800	2.85890383	2.19776029
4.34542320	255.82183000	0.00390897	254.39800000	1.42383120	71.64353100	2.86135001	2.19588141
4.34913990	244.64795000	0.00408751	244.87282000	-0.22486768	71.63216100	2.86379619	2.19400575
4.35285670	222.96632000	0.00448498	224.86841000	-1.90208960	71.62079000	2.86624243	2.19213324
4.35657340	196.65022000	0.00508517	199.43866000	-2.78843750	71.60941600	2.86868860	2.19026398
4.36029020	170.07266000	0.00587984	173.12070000	-3.04804630	71.59804000	2.87113484	2.18839785
4.36400690	145.31850000	0.00688144	149.11069000	-3.79218700	71.58666200	2.87358100	2.18653496
4.36772370	125.19537000	0.00798752	129.07417000	-3.87880200	71.57528200	2.87602723	2.18467518
4.37144040	110.25315000	0.00907004	113.55654000	-3.30338540	71.56390000	2.87847339	2.18281862
4.37515710	99.22190900	0.01007842	102.35933000	-3.13742230	71.55251600	2.88091954	2.18096521
4.37887390	91.44391400	0.01093567	94.69233400	-3.24842010	71.54113100	2.88336576	2.17911490
4.38259060	86.40228800	0.01157377	89.65590900	-3.25362150	71.52974400	2.88581191	2.17726778
4.38630740	83.06257600	0.01203912	86.44450900	-3.38193320	71.51835500	2.88825812	2.17542375
4.39002410	80.84508800	0.01236934	84.41821000	-3.57312270	71.50696500	2.89070427	2.17358288
4.39374080	79.44919600	0.01258666	83.11054400	-3.66134800	71.49557400	2.89315041	2.17174513
4.39745760	78.52079500	0.01273548	82.24307000	-3.72227520	71.48418100	2.89559661	2.16991044
4.40117430	77.85926100	0.01284369	81.65333200	-3.79407190	71.47278700	2.89804275	2.16807889
4.40489110	77.43543800	0.01291398	81.24533500	-3.80989750	71.46139200	2.90048895	2.16625039
4.40860780	77.15619700	0.01296072	80.96809600	-3.81189930	71.44999500	2.90293507	2.16442502
4.41232460	76.98236100	0.01298999	80.79426700	-3.81190570	71.43859800	2.90538127	2.16260268
4.41604130	76.88507800	0.01300643	80.70857600	-3.82349730	71.42720000	2.90782739	2.16078345
4.41975800	76.86156500	0.01301040	80.69980900	-3.83824480	71.41580000	2.91027351	2.15896729
4.42347480	76.89955400	0.01300398	80.76218100	-3.86262730	71.40440000	2.91271969	2.15715413
4.42719150	76.97596700	0.01299107	80.89320500	-3.91723800	71.39300000	2.91516580	2.15534406
4.43090830	77.12826500	0.01296541	81.09126300	-3.96299740	71.38159800	2.91761198	2.15353699
4.43462500	77.34980000	0.01292828	81.35648300	-4.00668300	71.37019600	2.92005809	2.15173299
4.43834170	77.63169900	0.01288134	81.69134400	-4.05964580	71.35879400	2.92250419	2.14993201
4.44205850	77.98629800	0.01282276	82.10103000	-4.11473200	71.34739100	2.92495036	2.14813400
4.44577520	78.41885900	0.01275204	82.69648900	-4.27763030	71.33598800	2.92739646	2.14633904
4.44949200	78.93211900	0.01266911	83.27579300	-4.34367390	71.32458400	2.92984262	2.14454704
4.45320870	79.58114400	0.01256579	83.95441200	-4.37326820	71.31318100	2.93228871	2.14275808
4.45692540	80.38634500	0.01243992	84.74613600	-4.35979070	71.30177700	2.93473480	2.14097210
4.46064220	81.38584100	0.01228715	85.66806800	-4.28222610	71.29037300	2.93718095	2.13918904
4.46435890	82.64068900	0.01210058	86.74432000	-4.10363130	71.27897000	2.93962703	2.13740901
4.46807570	84.20629600	0.01187560	88.01286900	-3.80657220	71.26756600	2.94207318	2.13563189
4.47179240	86.19278200	0.01160190	89.52376600	-3.33098430	71.25616200	2.94451925	2.13385778
4.47550910	88.84072600	0.01125610	91.36398200	-2.52325590	71.24475900	2.94696533	2.13208661
4.47922590	92.35028600	0.01082834	93.68820000	-1.33791370	71.23335600	2.94941146	2.13031833
4.48294260	97.00284100	0.01030898	96.76582400	0.23701716	71.22195400	2.95185753	2.12855304
4.48665940	103.31849000	0.00967881	101.03720000	2.28129760	71.21055200	2.95430366	2.12679062
4.49037610	111.91284000	0.00893553	107.20848000	4.70436080	71.19915000	2.95674972	2.12503117
4.49409290	123.39111000	0.00810431	116.39947000	6.99164390	71.18775000	2.95919584	2.12327458
4.49780960	139.45822000	0.00717061	129.98705000	9.47116700	71.17634900	2.96164190	2.12152094
4.50152630	161.45829000	0.00619355	149.61571000	11.84258300	71.16495000	2.96408795	2.11977020
4.50524310	190.43443000	0.00525115	176.98677000	13.44766100	71.15355200	2.96653406	2.11802230
4.50895980	228.66117000	0.00437328	213.31148000	15.34968600	71.14215400	2.96898011	2.11627733
4.51267660	276.57329000	0.00361568	258.66274000	17.91055100	71.13075700	2.97142622	2.11453519
4.51639330	331.01312000	0.00302103	311.67965000	19.33346800	71.11936200	2.97387226	2.11279597
4.52011010	388.79051000	0.00257208	368.88684000	19.90366800	71.10796700	2.97631836	2.11105956
4.52382680	445.70704000	0.00224363	424.17846000	21.52857700	71.09657400	2.97876439	2.10932604
4.52754350	493.36418000	0.00202690	469.85278000	23.51139500	71.08518200	2.98121042	2.10759538
4.53126030	527.52669000	0.00189564	499.15697000	28.36972300	71.07379100	2.98365651	2.10586751
4.53497700	548.41044000	0.00182345	510.92555000	37.48489000	71.06240200	2.98610254	2.10414252
4.53869380	557.30497000	0.00179435	510.25549000	47.04948400	71.05101400	2.98854862	2.10242031
4.54241050	556.49373000	0.00179697	503.39691000	53.09682600	71.03962800	2.99099464	2.10070096
4.54612720	548.08327000	0.00182454	494.35602000	53.72725300	71.02824300	2.99344065	2.09898443
4.54984400	533.81812000	0.00187330	483.54889000	50.26922100	71.01686100	2.99588673	2.09727065
4.55356070	513.31801000	0.00194811	469.29040000	44.02761300	71.00547900	2.99833274	2.09555972
4.55727750	486.18396000	0.00205683	450.39867000	35.78529400	70.99410000	3.00077881	2.09385153
4.56099420	454.57758000	0.00219984	426.52463000	28.05294600	70.98272300	3.00322481	2.09214618
4.56471100	420.74936000	0.00237671	398.10869000	22.64066900	70.97134700	3.00567087	2.09044356
4.56842770	384.23400000	0.00260258	366.28195000	17.95204900	70.95997400	3.00811687	2.08874375
4.57214440	347.15751000	0.00288054	332.68946000	14.46805400	70.94860200	3.01056286	2.08704671
4.57586120	310.76973000	0.00321782	299.53331000	11.23643000	70.93723300	3.01300891	2.08535238
4.57957790	275.08785000	0.00363520	268.89740000	6.19044810	70.92586600	3.01545490	2.08366085
4.58329470	243.57247000	0.00410555	242.63017000	0.94230221	70.91450200	3.01790095	2.08197201
4.58701140	218.62355000	0.00457407	222.57205000	-3.94849590	70.90313900	3.02034693	2.08028596
4.59072810	201.51189000	0.00496249	210.44248000	-8.93059330	70.89178000	3.02279290	2.07860264
4.59444490	194.78801000	0.00513379	208.01245000	-13.22443800	70.88042200	3.02523894	2.07692200
4.59816160	201.10523000	0.00497252	217.18879000	-16.08355700	70.86906700	3.02768491	2.07524412
4.60187840	225.18456000	0.00444080	239.18459000	-14.00003100	70.85771500	3.03013094	2.07356891
4.60559510	268.98106000	0.00371773	274.10961000	-5.12855250	70.84636600	3.03257691	2.07189644
4.60931180	332.46993000	0.00300779	320.48947000	11.98046500	70.83501900	3.03502287	2.07022668
4.61302860	414.19016000	0.00241435	374.44802000	39.74214000	70.82367600	3.03746889	2.06855956
4.61674530	497.12998000	0.00201155	428.86542000	68.26456600	70.81233500	3.03991484	2.06689517
4.62046210	561.39675000	0.00178127	473.69274000	87.70400900	70.80099700	3.04236086	2.06523342
4.62417880	591.18258000	0.00169152	496.88668000	94.29589500	70.78966200	3.04480681	2.06357438
4.62789550	578.05353000	0.00172994	490.43473000	87.61879700	70.77833000	3.04725275	2.06191800
4.63161230	527.83789000	0.00189452	455.99362000	71.84427600	70.76700200	3.04969876	2.06026425
4.63532900	451.12348000	0.00221669	402.91993000	48.20355800	70.75567700	3.05214469	2.05861318
4.63904580	368.17673000	0.00271609	342.49136000	25.68537200	70.74435500	3.05459069	2.05696472
4.64276250	294.45337000	0.00339612	283.67091000	10.78245600	70.73303600	3.05703663	2.05531895
4.64647930	232.50626000	0.00430096	231.94907000	0.55718486	70.72172100	3.05948262	2.05367576
4.65019600	184.23451000	0.00542786	189.84497000	-5.61045800	70.71040900	3.06192854	2.05203525
4.65391270	149.36521000	0.00669500	157.85053000	-8.48531820	70.69910100	3.06437447	2.05039736
4.65762950	125.45715000	0.00797085	134.80956000	-9.35241600	70.68779600	3.06682045	2.04876204
4.66134620	109.28623000	0.00915028	118.94804000	-9.66180740	70.67649600	3.06926637	2.04712937
4.66506300	98.58912700	0.01014311	108.41052000	-9.82139190	70.66519800	3.07171234	2.04549925
4.66877970	91.83743300	0.01088881	101.21653000	-9.37909430	70.65390500	3.07415825	2.04387178
4.67249640	87.42866000	0.01143790	96.47324300	-9.04458270	70.64261600	3.07660416	2.04224690
4.67621320	84.49316200	0.01183528	93.23994700	-8.74678560	70.63133000	3.07905013	2.04062456
4.67992990	82.59393300	0.01210743	90.78351500	-8.18958140	70.62004900	3.08149602	2.03900484
4.68364670	81.30761700	0.01229897	88.87160600	-7.56398920	70.60877200	3.08394199	2.03738765
4.68736340	80.43415300	0.01243253	87.32748100	-6.89332750	70.59749800	3.08638788	2.03577306
4.69108020	79.87200700	0.01252003	86.05419500	-6.18218840	70.58622900	3.08883383	2.03416100
4.69479690	79.49177800	0.01257992	84.98668300	-5.49490540	70.57496500	3.09127972	2.03255153
4.69851360	79.25503800	0.01261749	84.14086300	-4.88582480	70.56370400	3.09372560	2.03094460
4.70223040	79.14951300	0.01263432	83.38873500	-4.23922200	70.55244800	3.09617155	2.02934017
4.70594710	79.13083400	0.01263730	82.76445800	-3.63362450	70.54119700	3.09861742	2.02773833
4.70966390	79.18266600	0.01262903	82.25455200	-3.07188660	70.52994900	3.10106336	2.02613896
4.71338060	79.29523700	0.01261110	81.85148200	-2.55624450	70.51870700	3.10350923	2.02454217
4.71709730	79.46784500	0.01258371	81.55394400	-2.08609940	70.50746900	3.10595510	2.02294789
4.72081410	79.66636700	0.01255235	81.36246000	-1.69609350	70.49623600	3.10840103	2.02135608
4.72453080	79.87451700	0.01251964	81.28715700	-1.41264000	70.48500700	3.11084689	2.01976681
4.72824760	80.09679900	0.01248489	81.35309400	-1.25629430	70.47378400	3.11329281	2.01818001
4.73196430	80.40545100	0.01243697	81.61020700	-1.20475550	70.46256500	3.11573866	2.01659574
4.73568110	80.85650100	0.01236759	82.14502400	-1.28852300	70.45135100	3.11818458	2.01501391
4.73939780	81.58411900	0.01225729	83.10678800	-1.52266890	70.44014200	3.12063043	2.01343461
4.74311450	82.71426100	0.01208981	84.74669700	-2.03243610	70.42893800	3.12307627	2.01185779
4.74683130	84.52069100	0.01183142	87.40125300	-2.88056180	70.41774000	3.12552217	2.01028339
4.75054800	87.53959400	0.01142340	91.49859600	-3.95900150	70.40654600	3.12796801	2.00871150
4.75426470	92.34100900	0.01082943	97.52341600	-5.18240740	70.39535800	3.13041385	2.00714206
4.75798150	99.67399100	0.01003271	105.90472000	-6.23072610	70.38417500	3.13285974	2.00557504
4.76169820	110.76123000	0.00902843	116.78669000	-6.02546740	70.37299700	3.13530557	2.00401051
4.76541500	125.22252000	0.00798578	129.94444000	-4.72192460	70.36182500	3.13775146	2.00244837
4.76913170	141.89884000	0.00704727	144.59075000	-2.69190210	70.35065800	3.14019728	2.00088872
4.77284850	159.17958000	0.00628221	159.12992000	0.04965652	70.33949700	3.14264316	1.99933145
4.77656520	172.81227000	0.00578663	171.19952000	1.61274110	70.32834100	3.14508898	1.99777665
4.78028190	179.34873000	0.00557573	177.94011000	1.40862100	70.31719100	3.14753479	1.99622426
4.78399870	177.26700000	0.00564121	177.18852000	0.07847445	70.30604700	3.14998066	1.99467425
4.78771540	167.59031000	0.00596693	169.25879000	-1.66848100	70.29490800	3.15242646	1.99312669
4.79143220	153.12921000	0.00653043	156.40856000	-3.27935420	70.28377500	3.15487233	1.99158148
4.79514890	136.37899000	0.00733251	141.45026000	-5.07126680	70.27264800	3.15731813	1.99003872
4.79886560	120.67170000	0.00828695	126.69589000	-6.02419010	70.26152700	3.15976392	1.98849834
4.80258240	107.74161000	0.00928147	113.56165000	-5.82004640	70.25041200	3.16220978	1.98696031
4.80629910	97.42827600	0.01026396	102.76575000	-5.33747110	70.23930300	3.16465556	1.98542469
4.81001590	89.66303000	0.01115287	94.49708300	-4.83405350	70.22820000	3.16710141	1.98389142
4.81373260	84.22493200	0.01187297	88.48709000	-4.26215780	70.21710400	3.16954719	1.98236055
4.81744940	80.55086500	0.01241452	84.31416900	-3.76330360	70.20601300	3.17199304	1.98083200
4.82116610	78.05671400	0.01281120	81.51968200	-3.46296810	70.19492900	3.17443881	1.97930585
4.82488280	76.44245700	0.01308174	79.74397200	-3.30151510	70.18385100	3.17688458	1.97778205
4.82859960	75.38545500	0.01326516	78.49104000	-3.10558480	70.17277900	3.17933041	1.97626056
4.83231630	74.65662400	0.01339466	77.61716500	-2.96054160	70.16171400	3.18177618	1.97474145
4.83603310	74.14886700	0.01348638	76.97945400	-2.83058710	70.15065600	3.18422201	1.97322464
4.83974980	73.81004100	0.01354829	76.48778700	-2.67774670	70.13960400	3.18666776	1.97171019
4.84346650	73.59741700	0.01358743	76.09392800	-2.49651100	70.12855800	3.18911352	1.97019807
4.84718330	73.44870200	0.01361494	75.77085700	-2.32215450	70.11751900	3.19155933	1.96868823
4.85090000	73.32694200	0.01363755	75.50168400	-2.17474120	70.10648700	3.19400508	1.96718075
4.85461680	73.23085500	0.01365545	75.27590000	-2.04504440	70.09546200	3.19645089	1.96567553
4.85833350	73.17509000	0.01366585	75.08675200	-1.91166290	70.08444300	3.19889663	1.96417266
4.86205030	73.13649000	0.01367306	74.72374600	-1.58725640	70.07343200	3.20134243	1.96267205
4.86576700	73.10488900	0.01367898	74.49066000	-1.38577110	70.06242700	3.20378817	1.96117377
4.86948370	73.08893800	0.01368196	74.39357200	-1.30463320	70.05142900	3.20623390	1.95967777
4.87320050	73.09495300	0.01368084	74.31966100	-1.22470790	70.04043800	3.20867969	1.95818402
4.87691720	73.12211400	0.01367575	74.26739000	-1.14527640	70.02945500	3.21112541	1.95669259
4.88063400	73.15029100	0.01367049	74.23564900	-1.08535760	70.01847800	3.21357120	1.95520339
4.88435070	73.20207500	0.01366081	74.11444700	-0.91237255	70.00750900	3.21601692	1.95371650
4.88806740	73.23786700	0.01365414	74.12532800	-0.88746142	69.99654700	3.21846263	1.95223187
4.89178420	73.26752200	0.01364861	74.15629800	-0.88877539	69.98559200	3.22090841	1.95074945
4.89550090	73.30083000	0.01364241	74.20809900	-0.90726986	69.97464400	3.22335411	1.94926933
4.89921770	73.35775000	0.01363183	74.28200000	-0.92424982	69.96370400	3.22579988	1.94779141
4.90293440	73.42368600	0.01361958	74.37963400	-0.95594795	69.95277200	3.22824558	1.94631578
4.90665120	73.49680800	0.01360603	74.50297400	-1.00616610	69.94184700	3.23069134	1.94484234
4.91036790	73.55638400	0.01359501	74.65479000	-1.09840660	69.93092900	3.23313704	1.94337117
4.91408460	73.62248200	0.01358281	74.83914600	-1.21666410	69.92001900	3.23558273	1.94190223
4.91780140	73.71651200	0.01356548	75.06013700	-1.34362540	69.90911700	3.23802848	1.94043547
4.92151810	73.85110700	0.01354076	75.32373000	-1.47262250	69.89822300	3.24047416	1.93897096
4.92523490	74.02047700	0.01350977	75.63816500	-1.61768790	69.88733600	3.24291991	1.93750863
4.92895160	74.20850600	0.01347554	76.01511100	-1.80660450	69.87645700	3.24536558	1.93604854
4.93266830	74.46692100	0.01342878	76.47137400	-2.00445300	69.86558600	3.24781125	1.93459066
4.93638510	74.76310500	0.01337558	77.03517000	-2.27206560	69.85472200	3.25025699	1.93313493
4.94010180	75.14327200	0.01330791	77.75760400	-2.61433200	69.84386700	3.25270266	1.93168143
4.94381860	75.68991600	0.01321180	78.72038400	-3.03046850	69.83302000	3.25514838	1.93023007
4.94753530	76.46332800	0.01307816	80.05987100	-3.59654330	69.82218100	3.25759404	1.92878094
4.95125200	77.56398300	0.01289258	81.99496700	-4.43098460	69.81135000	3.26003970	1.92733399
4.95496880	79.22150200	0.01262284	84.64422600	-5.42272450	69.80052700	3.26248542	1.92588916
4.95868550	81.68633500	0.01224195	88.81963100	-7.13329610	69.78971200	3.26493107	1.92444654
4.96240230	85.29178900	0.01172446	94.37490900	-9.08312020	69.77890600	3.26737678	1.92300605
4.96611900	90.84032400	0.01100833	102.61275000	-11.77242400	69.76810800	3.26982242	1.92156775
4.96983570	98.76837900	0.01012470	113.38423000	-14.61585600	69.75731800	3.27226806	1.92013160
4.97355250	109.39894000	0.00914086	126.66010000	-17.26116300	69.74653700	3.27471376	1.91869756
4.97726920	123.15171000	0.00812007	141.97701000	-18.82530600	69.73576400	3.27715939	1.91726571
4.98098600	138.28961000	0.00723120	158.22162000	-19.93201100	69.72500000	3.27960508	1.91583595
4.98470270	152.46957000	0.00655869	173.55763000	-21.08805200	69.71424400	3.28205071	1.91440836
4.98841950	163.73988000	0.00610725	185.62463000	-21.88474700	69.70349700	3.28449639	1.91298286
4.99213620	170.21327000	0.00587498	192.20602000	-21.99274900	69.69275800	3.28694201	1.91155952
4.99585290	171.82103000	0.00582001	193.06065000	-21.23962100	69.68202800	3.28938763	1.91013831
4.99956970	170.24328000	0.00587395	190.19016000	-19.94688300	69.67130700	3.29183330	1.90871916
5.00328640	168.55641000	0.00593273	186.51605000	-17.95964300	69.66059500	3.29427891	1.90730217
5.00700320	168.86146000	0.00592201	184.36322000	-15.50176600	69.64989100	3.29672458	1.90588724
5.01071990	171.94591000	0.00581578	184.80826000	-12.86235000	69.63919700	3.29917018	1.90447445
5.01443670	177.02570000	0.00564890	187.55735000	-10.53164700	69.62851100	3.30161584	1.90306371
5.01815340	182.13637000	0.00549039	191.04470000	-8.90833190	69.61783500	3.30406144	1.90165511
5.02187010	185.58323000	0.00538842	192.97286000	-7.38963400	69.60716700	3.30650703	1.90024859
5.02558690	186.11604000	0.00537299	191.59798000	-5.48194020	69.59650800	3.30895268	1.89884411
5.02930360	183.42633000	0.00545178	186.87334000	-3.44701010	69.58585900	3.31139826	1.89744175
5.03302040	177.95641000	0.00561935	180.30381000	-2.34740060	69.57521900	3.31384391	1.89604142
5.03673710	170.79453000	0.00585499	173.35720000	-2.56266720	69.56458800	3.31628948	1.89464320
5.04045380	162.77474000	0.00614346	166.65556000	-3.88081680	69.55396600	3.31873505	1.89324704
5.04417060	153.87899000	0.00649861	159.85493000	-5.97594440	69.54335300	3.32118069	1.89185290
5.04788730	144.03682000	0.00694267	152.03421000	-7.99738910	69.53275000	3.32362626	1.89046085
5.05160410	133.44443000	0.00749376	142.67719000	-9.23275410	69.52215600	3.32607188	1.88907081
5.05532080	122.29099000	0.00817722	132.15348000	-9.86249340	69.51157200	3.32851744	1.88768286
5.05903750	111.36091000	0.00897981	121.41295000	-10.05203500	69.50099700	3.33096300	1.88629694
5.06275430	101.70416000	0.00983244	111.36225000	-9.65808410	69.49043200	3.33340861	1.88491302
5.06647100	93.75559000	0.01066603	102.55974000	-8.80414540	69.47987600	3.33585416	1.88353117
5.07018780	87.49770400	0.01142887	95.28669200	-7.78898800	69.46933000	3.33829977	1.88215132
5.07390450	82.85089100	0.01206988	89.57048400	-6.71959330	69.45879400	3.34074531	1.88077352
5.07762120	79.58813000	0.01256469	85.26777800	-5.67964820	69.44826700	3.34319085	1.87939773
5.08133800	77.30411800	0.01293592	82.15439400	-4.85027600	69.43775000	3.34563645	1.87802393
5.08505470	75.73777000	0.01320345	79.97983400	-4.24206380	69.42724300	3.34808198	1.87665217
5.08877150	74.75938400	0.01337625	78.47450000	-3.71511600	69.41674500	3.35052757	1.87528238
5.09248820	74.14838400	0.01348647	77.43539500	-3.28701090	69.40625800	3.35297310	1.87391462
5.09620500	73.73750300	0.01356162	76.71423500	-2.97673160	69.39578000	3.35541868	1.87254882
5.09992170	73.50191000	0.01360509	76.20715200	-2.70524200	69.38531300	3.35786420	1.87118506
5.10363840	73.37504100	0.01362861	75.84931900	-2.47427830	69.37485500	3.36030971	1.86982327
5.10735520	73.32073000	0.01363871	75.60513400	-2.28440470	69.36440800	3.36275529	1.86846344
5.11107190	73.31496900	0.01363978	75.45809000	-2.14312090	69.35397000	3.36520079	1.86710562
5.11478870	73.37624400	0.01362839	75.40072500	-2.02448180	69.34354300	3.36764636	1.86574974
5.11850540	73.49124100	0.01360706	75.43798200	-1.94674090	69.33312600	3.37009186	1.86439586
5.12222210	73.67541500	0.01357305	75.48542000	-1.81000490	69.32271900	3.37253735	1.86304395
5.12593890	73.93827800	0.01352479	75.79178900	-1.85351100	69.31232200	3.37498291	1.86169396
5.12965560	74.32567900	0.01345430	76.39285200	-2.06717340	69.30193600	3.37742840	1.86034597
5.13337240	74.89330300	0.01335233	77.25892600	-2.36562260	69.29156000	3.37987395	1.85899989
5.13708910	75.81266000	0.01319041	78.65418400	-2.84152340	69.28119400	3.38231943	1.85765580
5.14080580	77.25421900	0.01294428	80.82683700	-3.57261830	69.27083900	3.38476491	1.85631365
5.14452260	79.51363100	0.01257646	84.09160300	-4.57797180	69.26049400	3.38721045	1.85497341
5.14823930	83.17640400	0.01202264	88.80325400	-5.62684960	69.25016000	3.38965592	1.85363514
5.15195610	88.79154200	0.01126233	95.26506400	-6.47352170	69.23983600	3.39210145	1.85229876
5.15567280	96.97842700	0.01031157	103.58452000	-6.60609060	69.22952300	3.39454691	1.85096435
5.15938960	108.52906000	0.00921412	113.60749000	-5.07843090	69.21922100	3.39699244	1.84963182
5.16310630	122.40445000	0.00816964	124.78302000	-2.37857100	69.20892900	3.39943789	1.84830125
5.16682300	136.62057000	0.00731954	135.97249000	0.64808139	69.19864800	3.40188335	1.84697259
5.17053980	148.94017000	0.00671411	145.47080000	3.46936930	69.18837700	3.40432886	1.84564581
5.17425650	156.00904000	0.00640988	151.13918000	4.86985960	69.17811800	3.40677431	1.84432097
5.17797330	156.14652000	0.00640424	151.25987000	4.88665200	69.16786900	3.40921981	1.84299800
5.18169000	149.24729000	0.00670029	145.84502000	3.40227750	69.15763100	3.41166525	1.84167696
5.18540680	137.89581000	0.00725185	136.44463000	1.45117880	69.14740400	3.41411075	1.84035779
5.18912350	124.99179000	0.00800053	125.16326000	-0.17146921	69.13718800	3.41655618	1.83904053
5.19284020	112.09496000	0.00892101	113.80966000	-1.71470110	69.12698300	3.41900161	1.83772517
5.19655700	101.03448000	0.00989761	103.51918000	-2.48469620	69.11678900	3.42144710	1.83641165
5.20027370	92.36148300	0.01082702	94.90486700	-2.54338370	69.10660700	3.42389252	1.83510004
5.20399050	85.80682100	0.01165408	88.16913000	-2.36230900	69.09643500	3.42633800	1.83379027
5.20770720	81.07192500	0.01233473	83.16943900	-2.09751450	69.08627400	3.42878342	1.83248241
5.21142390	77.81898000	0.01285034	79.62422000	-1.80524050	69.07612500	3.43122882	1.83117642
5.21514070	75.69320400	0.01321123	77.20480300	-1.51159840	69.06598600	3.43367430	1.82987225
5.21885740	74.24994400	0.01346802	75.56992800	-1.31998430	69.05585900	3.43611970	1.82856997
5.22257420	73.26975000	0.01364820	74.45590000	-1.18615040	69.04574400	3.43856516	1.82726952
5.22629090	72.60679100	0.01377282	73.67629100	-1.06950020	69.03563900	3.44101056	1.82597095
5.23000770	72.15043600	0.01385993	73.10666700	-0.95623087	69.02554600	3.44345601	1.82467419
5.23372440	71.81994600	0.01392371	72.66680600	-0.84685985	69.01546400	3.44590140	1.82337931
5.23744110	71.59586600	0.01396729	72.31210700	-0.71624132	69.00539400	3.44834679	1.82208626
5.24115790	71.41307800	0.01400304	72.01709300	-0.60401511	68.99533500	3.45079223	1.82079502
5.24487460	71.25797500	0.01403352	71.76558600	-0.50761096	68.98528800	3.45323761	1.81950564
5.24859130	71.13475800	0.01405782	71.54777000	-0.41301211	68.97525300	3.45568298	1.81821809
5.25230810	71.03948200	0.01407668	71.35729100	-0.31780874	68.96522800	3.45812842	1.81693233
5.25602480	70.96652700	0.01409115	71.18968800	-0.22316056	68.95521600	3.46057378	1.81564842
5.25974160	70.91832200	0.01410073	71.04097900	-0.12265692	68.94521500	3.46301921	1.81436629
5.26345830	70.85936200	0.01411246	70.90836000	-0.04899819	68.93522600	3.46546457	1.81308600
5.26717510	70.80750000	0.01412280	70.78970300	0.01779693	68.92524900	3.46790999	1.81180749
5.27089180	70.76237500	0.01413180	70.68301700	0.07935827	68.91528300	3.47035534	1.81053082
5.27460850	70.73111000	0.01413805	70.58667300	0.14443617	68.90532900	3.47280069	1.80925595
5.27832530	70.69769500	0.01414473	70.49941200	0.19828364	68.89538700	3.47524610	1.80798284
5.28204200	70.65255200	0.01415377	70.42026300	0.23228933	68.88545700	3.47769144	1.80671156
5.28575880	70.60822800	0.01416265	70.34817300	0.26005473	68.87553900	3.48013684	1.80544203
5.28947550	70.57968100	0.01416838	70.28239300	0.29728859	68.86563300	3.48258217	1.80417431
5.29319220	70.58730600	0.01416685	70.22233700	0.36496876	68.85573800	3.48502750	1.80290839
5.29690900	70.59728700	0.01416485	70.16743100	0.42985630	68.84585600	3.48747289	1.80164420
5.30062570	70.58482900	0.01416735	70.11717200	0.46765636	68.83598600	3.48991822	1.80038182
5.30434250	70.55163600	0.01417402	70.07117600	0.48046023	68.82612700	3.49236360	1.79912118
5.30805920	70.53488900	0.01417738	70.02917200	0.50571685	68.81628100	3.49480891	1.79786233
5.31177600	70.52402800	0.01417956	70.04964300	0.47438490	68.80644700	3.49725429	1.79660522
5.31549270	70.51769300	0.01418084	70.01587300	0.50181926	68.79662600	3.49969960	1.79534990
5.31920940	70.50340500	0.01418371	69.98538300	0.51802225	68.78681600	3.50214490	1.79409633
5.32292620	70.48989100	0.01418643	69.95800800	0.53188322	68.77701900	3.50459027	1.79284448
5.32664290	70.49052400	0.01418630	69.93359400	0.55693052	68.76723400	3.50703556	1.79159441
5.33035970	70.48960900	0.01418649	69.91204800	0.57756058	68.75746100	3.50948092	1.79034605
5.33407640	70.50453400	0.01418348	69.89335600	0.61117832	68.74770100	3.51192621	1.78909947
5.33779310	70.51644600	0.01418109	69.87742300	0.63902310	68.73795300	3.51437150	1.78785462
5.34150990	70.53371700	0.01417762	69.81779700	0.71591991	68.72821700	3.51681684	1.78661147
5.34522660	70.54821800	0.01417470	69.81068200	0.73753540	68.71849400	3.51926212	1.78537008
5.34894340	70.56376900	0.01417158	69.80636300	0.75740556	68.70878300	3.52170746	1.78413039
5.35266010	70.59598500	0.01416511	69.80488100	0.79110395	68.69908500	3.52415273	1.78289245
5.35637690	70.63779700	0.01415673	69.80633700	0.83146054	68.68939900	3.52659806	1.78165620
5.36009360	70.69984900	0.01414430	69.81091700	0.88893219	68.67972600	3.52904333	1.78042170
5.36381030	70.76611100	0.01413106	69.81873900	0.94737129	68.67006600	3.53148859	1.77918890
5.36752710	70.83539600	0.01411724	69.83000200	1.00539430	68.66041800	3.53393391	1.77795779
5.37124380	70.88430800	0.01410749	69.84498100	1.03932640	68.65078300	3.53637916	1.77672841
5.37496060	70.93393200	0.01409763	69.82806600	1.10586640	68.64116000	3.53882447	1.77550069
5.37867730	70.98482300	0.01408752	69.85437200	1.13045080	68.63155000	3.54126972	1.77427471
5.38239400	71.02213000	0.01408012	69.88541700	1.13671370	68.62195300	3.54371496	1.77305042
5.38611080	71.03173600	0.01407821	69.92180200	1.10993390	68.61236900	3.54616026	1.77182779
5.38982750	71.04149400	0.01407628	69.96405600	1.07743760	68.60279800	3.54860549	1.77060688
5.39354430	71.06641900	0.01407134	70.01287000	1.05354930	68.59323900	3.55105079	1.76938762
5.39726100	71.10765100	0.01406318	70.06913600	1.03851430	68.58369300	3.55349601	1.76817007
5.40097780	71.14892100	0.01405503	70.08234800	1.06657260	68.57416000	3.55594130	1.76695417
5.40469450	71.21866400	0.01404126	70.15786400	1.06079970	68.56464000	3.55838652	1.76573997
5.40841120	71.29812600	0.01402561	70.30641000	0.99171582	68.55513400	3.56083173	1.76452744
5.41212800	71.39584600	0.01400642	70.40728800	0.98855842	68.54564000	3.56327701	1.76331655
5.41584470	71.50882200	0.01398429	70.52331300	0.98550950	68.53615900	3.56572222	1.76210734
5.41956140	71.62244700	0.01396210	70.65711900	0.96532799	68.52669100	3.56816742	1.76089980
5.42327820	71.74844900	0.01393758	70.81224700	0.93620121	68.51723600	3.57061269	1.75969388
5.42699490	71.87192300	0.01391364	70.99356800	0.87835472	68.50779400	3.57305788	1.75848965
5.43071170	72.01643400	0.01388572	71.20712500	0.80930913	68.49836600	3.57550314	1.75728703
5.43442840	72.20503500	0.01384945	71.46241700	0.74261838	68.48895100	3.57794833	1.75608610
5.43814520	72.47241000	0.01379835	71.77585000	0.69655983	68.47954800	3.58039358	1.75488677
5.44186190	72.81584700	0.01373327	72.17343100	0.64241596	68.47015900	3.58283876	1.75368911
5.44557860	73.23276500	0.01365509	72.69902400	0.53374137	68.46078400	3.58528393	1.75249309
5.44929540	73.77633400	0.01355448	73.42676900	0.34956551	68.45142100	3.58772917	1.75129866
5.45301210	74.57304400	0.01340967	74.47940000	0.09364428	68.44207200	3.59017434	1.75010590
5.45672890	75.76497700	0.01319871	76.02627600	-0.26129939	68.43273700	3.59261957	1.74891473
5.46044560	77.55044600	0.01289483	78.29877000	-0.74832447	68.42341400	3.59506474	1.74772522
5.46416230	80.28583000	0.01245550	81.59369700	-1.30786730	68.41410500	3.59750989	1.74653733
5.46787910	84.43626400	0.01184325	86.19852700	-1.76226310	68.40481000	3.59995511	1.74535101
5.47159580	90.46510100	0.01105399	92.33167200	-1.86657120	68.39552700	3.60240026	1.74416635
5.47531260	98.90314200	0.01011090	100.07246000	-1.16931640	68.38625900	3.60484548	1.74298326
5.47902930	110.24742000	0.00907051	109.25422000	0.99320574	68.37700400	3.60729062	1.74180180
5.48274610	123.27816000	0.00811174	119.29663000	3.98153040	68.36776200	3.60973582	1.74062192
5.48646280	136.18352000	0.00734303	129.18888000	6.99464460	68.35853400	3.61218096	1.73944367
5.49017950	146.86915000	0.00680878	137.35737000	9.51177730	68.34931900	3.61462609	1.73826702
5.49389630	152.55143000	0.00655517	141.93127000	10.62016100	68.34011800	3.61707128	1.73709192
5.49761300	152.09786000	0.00657471	141.62078000	10.47708400	68.33093100	3.61951641	1.73591845
5.50132980	145.73641000	0.00686170	136.51151000	9.22489460	68.32175800	3.62196159	1.73474653
5.50504650	135.53108000	0.00737838	128.06326000	7.46781370	68.31259800	3.62440671	1.73357623
5.50876330	123.61565000	0.00808959	118.10165000	5.51400240	68.30345100	3.62685189	1.73240747
5.51248000	111.69613000	0.00895286	108.20431000	3.49182860	68.29431900	3.62929700	1.73124032
5.51619670	101.46877000	0.00985525	99.21422600	2.25454160	68.28520000	3.63174210	1.73007475
5.51991350	93.39390600	0.01070734	91.69877600	1.69512930	68.27609500	3.63418727	1.72891071
5.52363020	87.15936800	0.01147324	85.89736900	1.26199900	68.26700400	3.63663236	1.72774828
5.52734700	82.58475200	0.01210877	81.49924000	1.08551270	68.25792700	3.63907752	1.72658737
5.53106370	79.46763100	0.01258374	78.39170600	1.07592470	68.24886300	3.64152261	1.72542806
5.53478040	77.35397300	0.01292758	76.17520200	1.17877150	68.23981400	3.64396770	1.72427031
5.53849720	75.94081400	0.01316815	74.73624800	1.20456550	68.23077800	3.64641285	1.72311408
5.54221390	75.03807600	0.01332657	73.77235800	1.26571770	68.22175600	3.64885792	1.72195943
5.54593070	74.42745700	0.01343590	73.11464100	1.31281640	68.21274900	3.65130306	1.72080630
5.54964740	74.01085700	0.01351153	72.64974400	1.36111310	68.20375500	3.65374813	1.71965474
5.55336410	73.73884100	0.01356137	72.30919400	1.42964690	68.19477500	3.65619320	1.71850473
5.55708090	73.56657900	0.01359313	72.05293500	1.51364430	68.18580900	3.65863833	1.71735622
5.56079760	73.45182800	0.01361436	71.85520800	1.59662020	68.17685800	3.66108339	1.71620929
5.56451440	73.38338000	0.01362706	71.70210700	1.68127270	68.16792000	3.66352851	1.71506385
5.56823110	73.34376300	0.01363443	71.58538600	1.75837630	68.15899600	3.66597356	1.71391997
5.57194780	73.34383900	0.01363441	71.49952700	1.84431250	68.15008700	3.66841861	1.71277762
5.57566460	73.37999500	0.01362769	71.44050900	1.93948560	68.14119200	3.67086372	1.71163677
5.57938130	73.44163800	0.01361625	71.40581100	2.03582640	68.13231100	3.67330876	1.71049746
5.58309810	73.50187900	0.01360509	71.39409300	2.10778670	68.12344400	3.67575386	1.70935965
5.58681480	73.56426200	0.01359356	71.40397800	2.16028410	68.11459100	3.67819889	1.70822337
5.59053160	73.64640600	0.01357840	71.43493100	2.21147440	68.10575300	3.68064398	1.70708858
5.59424830	73.74893400	0.01355952	71.48714500	2.26178920	68.09692800	3.68308901	1.70595533
5.59796500	73.84766600	0.01354139	71.56132800	2.28633820	68.08811900	3.68553403	1.70482358
5.60168180	73.96896400	0.01351918	71.71783000	2.25113380	68.07932300	3.68797911	1.70369330
5.60539850	74.11933600	0.01349176	71.84052100	2.27881520	68.07054200	3.69042412	1.70256456
5.60911530	74.29929100	0.01345908	71.99061900	2.30867190	68.06177500	3.69286919	1.70143728
5.61283200	74.49512700	0.01342370	72.17124700	2.32388050	68.05302200	3.69531420	1.70031152
5.61654870	74.73598200	0.01338044	72.41379700	2.32218510	68.04428400	3.69775920	1.69918726
5.62026550	75.03000600	0.01332800	72.67214600	2.35786090	68.03556000	3.70020426	1.69806445
5.62398220	75.37511200	0.01326698	72.98379300	2.39131860	68.02685100	3.70264925	1.69694315
5.62769900	75.81584900	0.01318985	73.36507000	2.45077920	68.01815600	3.70509431	1.69582331
5.63141570	76.40958900	0.01308736	73.84380100	2.56578820	68.00947500	3.70753929	1.69470498
5.63513250	77.24933100	0.01294510	74.55707600	2.69225530	68.00081000	3.70998434	1.69358809
5.63884920	78.38959500	0.01275679	75.40480500	2.98479010	67.99215800	3.71242932	1.69247271
5.64256590	79.91307800	0.01251360	76.58532700	3.32775170	67.98352100	3.71487429	1.69135880
5.64628270	82.01090000	0.01219350	78.26014200	3.75075810	67.97489900	3.71731933	1.69024632
5.64999940	84.79865300	0.01179264	80.64518900	4.15346350	67.96629100	3.71976429	1.68913534
5.65371620	88.38374600	0.01131430	83.96498900	4.41875710	67.95769800	3.72220932	1.68802578
5.65743290	93.00832100	0.01075173	88.44162600	4.56669560	67.94911900	3.72465428	1.68691772
5.66114960	98.67119600	0.01013467	94.25356600	4.41762960	67.94055600	3.72709923	1.68581111
5.66486640	105.16938000	0.00950847	101.40908000	3.76030380	67.93200600	3.72954425	1.68470593
5.66858310	112.46697000	0.00889150	109.71376000	2.75320810	67.92347200	3.73198919	1.68360222
5.67229990	120.05467000	0.00832954	118.70999000	1.34467280	67.91495200	3.73443420	1.68249994
5.67601660	127.23505000	0.00785947	127.56132000	-0.32627167	67.90644700	3.73687914	1.68139912
5.67973340	133.52816000	0.00748906	135.14566000	-1.61749780	67.89795600	3.73932414	1.68029972
5.68345010	138.55316000	0.00721745	140.21669000	-1.66352950	67.88948000	3.74176907	1.67920179
5.68716680	142.07665000	0.00703845	142.31991000	-0.24326279	67.88102000	3.74421400	1.67810529
5.69088360	144.43053000	0.00692374	142.17926000	2.25126410	67.87257300	3.74665898	1.67701019
5.69460030	146.23858000	0.00683814	141.22233000	5.01624730	67.86414200	3.74910390	1.67591656
5.69831710	148.25339000	0.00674521	140.72344000	7.52994870	67.85572500	3.75154888	1.67482432
5.70203380	150.87582000	0.00662797	141.34983000	9.52599580	67.84732400	3.75399379	1.67373354
5.70575050	153.87916000	0.00649861	143.03432000	10.84483100	67.83893700	3.75643870	1.67264417
5.70946730	156.22710000	0.00640094	145.03536000	11.19174000	67.83056500	3.75888367	1.67155620
5.71318400	156.77861000	0.00637842	146.16585000	10.61276000	67.82220800	3.76132857	1.67046967
5.71690080	154.88396000	0.00645645	145.54015000	9.34381700	67.81386600	3.76377353	1.66938453
5.72061750	150.66360000	0.00663730	143.18661000	7.47699030	67.80553900	3.76621842	1.66830083
5.72433420	145.11395000	0.00689114	140.06011000	5.05383930	67.79722600	3.76866331	1.66721853
5.72805100	139.72536000	0.00715690	137.47433000	2.25102930	67.78892900	3.77110825	1.66613761
5.73176770	136.18794000	0.00734279	136.24006000	-0.05211684	67.78064700	3.77355313	1.66505813
5.73548450	135.08603000	0.00740269	136.64217000	-1.55614530	67.77238000	3.77599807	1.66398001
5.73920120	135.82786000	0.00736226	138.35810000	-2.53023940	67.76412700	3.77844294	1.66290332
5.74291790	137.03756000	0.00729727	140.45821000	-3.42065340	67.75589000	3.78088781	1.66182802
5.74663470	137.42823000	0.00727653	141.75835000	-4.33011890	67.74766800	3.78333274	1.66075409
5.75035140	136.16627000	0.00734396	141.38314000	-5.21687280	67.73946100	3.78577760	1.65968157
5.75406820	133.54984000	0.00748784	139.33859000	-5.78874780	67.73126900	3.78822252	1.65861041
5.75778490	130.74790000	0.00764831	136.74980000	-6.00189500	67.72309200	3.79066737	1.65754066
5.76150170	129.25217000	0.00773681	134.80060000	-5.54843250	67.71493000	3.79311228	1.65647227
5.76521840	130.50989000	0.00766225	134.31494000	-3.80505480	67.70678300	3.79555713	1.65540528
5.76893510	134.68480000	0.00742474	135.55679000	-0.87199318	67.69865200	3.79800197	1.65433967
5.77265190	140.84026000	0.00710024	138.10299000	2.73726320	67.69053500	3.80044687	1.65327540
5.77636860	146.65703000	0.00681863	140.91421000	5.74281500	67.68243400	3.80289170	1.65221253
5.78008540	149.95211000	0.00666880	142.47838000	7.47373240	67.67434800	3.80533659	1.65115100
5.78380210	149.18271000	0.00670319	141.22784000	7.95486470	67.66627700	3.80778141	1.65009086
5.78751880	144.12866000	0.00693825	136.66765000	7.46101480	67.65822100	3.81022623	1.64903208
5.79123560	135.73717000	0.00736718	129.45137000	6.28580230	67.65018100	3.81267111	1.64797464
5.79495230	125.29893000	0.00798091	120.85057000	4.44836230	67.64215600	3.81511592	1.64691858
5.79866910	115.07842000	0.00868973	112.11936000	2.95905500	67.63414600	3.81756080	1.64586385
5.80238580	106.16210000	0.00941956	104.09413000	2.06797070	67.62615200	3.82000560	1.64481050
5.80610260	98.72540000	0.01012911	97.26748200	1.45791780	67.61817200	3.82245047	1.64375846
5.80981930	92.96752200	0.01075644	91.83819300	1.12932900	67.61020800	3.82489526	1.64270781
5.81353600	88.78706400	0.01126290	87.77225100	1.01481240	67.60226000	3.82734005	1.64165849
5.81725280	85.91763300	0.01163905	84.92089000	0.99674322	67.59432600	3.82978490	1.64061049
5.82096950	84.03473400	0.01189984	83.08367400	0.95106050	67.58640900	3.83222969	1.63956386
5.82468630	82.93095700	0.01205822	82.02211000	0.90884698	67.57850600	3.83467453	1.63851854
5.82840300	82.42072800	0.01213287	81.56034400	0.86038417	67.57061900	3.83711931	1.63747458
5.83211970	82.33940100	0.01214485	81.58911100	0.75029042	67.56274700	3.83956408	1.63643194
5.83583650	82.60145100	0.01210632	82.05949600	0.54195458	67.55489100	3.84200891	1.63539061
5.83955320	83.26396400	0.01201000	83.00519200	0.25877264	67.54705000	3.84445367	1.63435064
5.84327000	84.40475000	0.01184768	84.55127200	-0.14652226	67.53922400	3.84689850	1.63331196
5.84698670	86.14496900	0.01160834	86.92541900	-0.78045072	67.53141400	3.84934325	1.63227462
5.85070350	88.88465400	0.01125054	90.43460500	-1.54995150	67.52361900	3.85178807	1.63123858
5.85442020	93.07238300	0.01074433	95.48280800	-2.41042540	67.51584000	3.85423281	1.63020388
5.85813690	99.34939600	0.01006549	102.57300000	-3.22360550	67.50807700	3.85667756	1.62917050
5.86185370	108.97019000	0.00917682	112.15672000	-3.18653220	67.50032800	3.85912236	1.62813840
5.86557040	122.78609000	0.00814424	124.52357000	-1.73747620	67.49259600	3.86156710	1.62710764
5.86928720	141.16389000	0.00708396	140.00372000	1.16016990	67.48487800	3.86401189	1.62607815
5.87300390	164.58301000	0.00607596	158.31914000	6.26386980	67.47717700	3.86645662	1.62504999
5.87672060	191.08595000	0.00523325	178.64305000	12.44290200	67.46949100	3.86890134	1.62402314
5.88043740	217.50948000	0.00459750	199.56093000	17.94854900	67.46182000	3.87134612	1.62299756
5.88415410	241.47124000	0.00414128	218.93799000	22.53325300	67.45416500	3.87379084	1.62197330
5.88787090	260.29106000	0.00384185	234.77107000	25.51998200	67.44652600	3.87623561	1.62095031
5.89158760	272.25803000	0.00367299	245.73383000	26.52420000	67.43890200	3.87868032	1.61992863
5.89530430	276.75117000	0.00361335	251.33006000	25.42111100	67.43129400	3.88112502	1.61890825
5.89902110	274.11867000	0.00364805	251.34296000	22.77571600	67.42370100	3.88356978	1.61788912
5.90273780	264.96399000	0.00377410	245.56073000	19.40326200	67.41612400	3.88601448	1.61687131
5.90645460	249.06485000	0.00401502	233.52661000	15.53824900	67.40856300	3.88845923	1.61585475
5.91017130	227.74676000	0.00439084	215.85262000	11.89414500	67.40101800	3.89090392	1.61483949
5.91388800	203.85105000	0.00490554	194.83962000	9.01142580	67.39348800	3.89334860	1.61382551
5.91760480	179.46024000	0.00557226	173.13353000	6.32670990	67.38597300	3.89579334	1.61281278
5.92132150	156.65475000	0.00638346	152.87883000	3.77591780	67.37847500	3.89823802	1.61180135
5.92503830	137.52860000	0.00727121	135.36482000	2.16378150	67.37099200	3.90068275	1.61079116
5.92875500	122.50515000	0.00816292	121.07449000	1.43066090	67.36352400	3.90312742	1.60978227
5.93247180	111.14937000	0.00899690	110.06270000	1.08666660	67.35607300	3.90557214	1.60877461
5.93618850	103.12828000	0.00969666	102.08538000	1.04290450	67.34863700	3.90801680	1.60776824
5.93990520	98.15556800	0.01018791	96.69687000	1.45869800	67.34121700	3.91046145	1.60676314
5.94362200	95.50641400	0.01047050	93.48726900	2.01914470	67.33381200	3.91290617	1.60575926
5.94733870	94.73062900	0.01055625	92.14190500	2.58872390	67.32642400	3.91535081	1.60475666
5.95105550	95.67205000	0.01045237	92.51855000	3.15350000	67.31905100	3.91779552	1.60375530
5.95477220	98.14956200	0.01018853	94.55841400	3.59114740	67.31169400	3.92024015	1.60275520
5.95848890	101.86504000	0.00981691	98.15469000	3.71034820	67.30435200	3.92268478	1.60175636
5.96220570	106.74878000	0.00936779	103.50925000	3.23953590	67.29702700	3.92512948	1.60075874
5.96592240	112.74459000	0.00886960	110.65248000	2.09211530	67.28971700	3.92757410	1.59976238
5.96963920	119.38400000	0.00837633	119.47245000	-0.08845425	67.28242300	3.93001879	1.59876724
5.97335590	126.38949000	0.00791205	129.63144000	-3.24195110	67.27514500	3.93246340	1.59777337
5.97707270	133.69845000	0.00747952	140.44194000	-6.74349450	67.26788300	3.93490808	1.59678071
5.98078940	140.78023000	0.00710327	150.84321000	-10.06298400	67.26063600	3.93735269	1.59578930
5.98450610	147.30752000	0.00678852	159.67676000	-12.36924100	67.25340600	3.93979729	1.59479913
5.98822290	153.31302000	0.00652260	166.11622000	-12.80320400	67.24619100	3.94224196	1.59381017
5.99193960	158.39563000	0.00631331	170.44711000	-12.05147900	67.23899200	3.94468655	1.59282245
5.99565640	162.39597000	0.00615779	173.60365000	-11.20768200	67.23180900	3.94713121	1.59183594
5.99937310	165.60803000	0.00603835	176.40373000	-10.79570100	67.22464100	3.94957579	1.59085067
6.00308990	168.43614000	0.00593697	179.23839000	-10.80224700	67.21749000	3.95202044	1.58986660
6.00680660	170.92640000	0.00585047	182.13193000	-11.20552800	67.21035500	3.95446502	1.58888377
6.01052330	172.73625000	0.00578917	184.80157000	-12.06532600	67.20323500	3.95690959	1.58790216
6.01424010	172.90027000	0.00578368	186.21239000	-13.31211400	67.19613100	3.95935423	1.58692174
6.01795680	170.27900000	0.00587271	184.80429000	-14.52528700	67.18904300	3.96179879	1.58594256
6.02167360	164.02044000	0.00609680	179.31541000	-15.29497000	67.18197200	3.96424342	1.58496455
6.02539030	154.71642000	0.00646344	169.77393000	-15.05751000	67.17491600	3.96668798	1.58398779
6.02910700	143.84313000	0.00695202	157.85319000	-14.01005900	67.16787600	3.96913253	1.58301222
6.03282380	132.77584000	0.00753149	145.57041000	-12.79457100	67.16085100	3.97157715	1.58203783
6.03654050	123.39653000	0.00810396	134.56441000	-11.16788200	67.15384300	3.97402169	1.58106467
6.04025730	116.71579000	0.00856782	125.92946000	-9.21366910	67.14685100	3.97646630	1.58009268
6.04397400	112.79329000	0.00886578	120.17251000	-7.37921950	67.13987500	3.97891083	1.57912192
6.04769070	111.32136000	0.00898300	117.31577000	-5.99441240	67.13291400	3.98135537	1.57815234
6.05140750	111.80703000	0.00894398	117.01290000	-5.20586900	67.12597000	3.98379996	1.57718394
6.05512420	113.58060000	0.00880432	118.46228000	-4.88167420	67.11904200	3.98624448	1.57621675
6.05884100	115.55765000	0.00865369	120.61316000	-5.05551620	67.11212900	3.98868907	1.57525071
6.06255770	116.83858000	0.00855882	121.99974000	-5.16116260	67.10523300	3.99113359	1.57428589
6.06627440	116.77821000	0.00856324	121.44512000	-4.66690690	67.09835200	3.99357810	1.57332226
6.06999120	115.06305000	0.00869089	118.38785000	-3.32479750	67.09148800	3.99602267	1.57235978
6.07370790	111.79349000	0.00894506	113.27689000	-1.48339350	67.08463900	3.99846717	1.57139850
6.07742470	107.21146000	0.00932736	107.02160000	0.18986046	67.07780700	4.00091174	1.57043837
6.08114140	102.08839000	0.00979543	100.52030000	1.56809630	67.07099000	4.00335623	1.56947944
6.08485810	97.10648300	0.01029797	94.55210000	2.55438370	67.06419000	4.00580072	1.56852169
6.08857490	92.58335100	0.01080108	89.24004200	3.34330890	67.05740500	4.00824527	1.56756508
6.09229160	88.79961400	0.01126131	84.81368800	3.98592600	67.05063700	4.01068976	1.56660966
6.09600840	85.83697000	0.01164999	81.39970000	4.43726970	67.04388500	4.01313430	1.56565538
6.09972510	83.59808600	0.01196200	78.82727200	4.77081400	67.03714800	4.01557877	1.56470229
6.10344190	81.96463300	0.01220038	76.94532700	5.01930550	67.03042800	4.01802331	1.56375034
6.10715860	80.80893200	0.01237487	75.59623300	5.21269890	67.02372400	4.02046777	1.56279957
6.11087530	80.04409000	0.01249312	74.62601600	5.41807420	67.01703500	4.02291223	1.56184996
6.11459210	79.53596200	0.01257293	73.97989400	5.55606850	67.01036300	4.02535676	1.56090148
6.11830880	79.21686800	0.01262357	73.44690100	5.76996660	67.00370700	4.02780121	1.55995417
6.12202560	79.01142400	0.01265640	73.03311400	5.97831010	66.99706700	4.03024572	1.55900800
6.12574230	78.90359000	0.01267370	72.64763100	6.25595890	66.99044300	4.03269017	1.55806299
6.12945910	78.86713400	0.01267955	72.37413200	6.49300230	66.98383500	4.03513467	1.55711911
6.13317580	78.88625100	0.01267648	72.14550700	6.74074370	66.97724300	4.03757911	1.55617640
6.13689250	78.92200000	0.01267074	71.95274400	6.96925600	66.97066700	4.04002354	1.55523483
6.14060930	78.98768600	0.01266020	71.78990400	7.19778240	66.96410700	4.04246803	1.55429437
6.14432600	79.07456500	0.01264629	71.65297200	7.42159260	66.95756300	4.04491245	1.55335508
6.14804280	79.16304800	0.01263216	71.53922100	7.62382650	66.95103600	4.04735694	1.55241690
6.15175950	79.24467700	0.01261914	71.44618300	7.79849470	66.94452400	4.04980135	1.55147988
6.15547620	79.31651600	0.01260772	71.37210600	7.94440920	66.93802900	4.05224576	1.55054399
6.15919300	79.36068700	0.01260070	71.31584200	8.04484500	66.93154900	4.05469023	1.54960921
6.16290970	79.38750500	0.01259644	71.27792800	8.10957670	66.92508600	4.05713463	1.54867557
6.16662650	79.41156500	0.01259262	71.25695300	8.15461220	66.91863900	4.05957909	1.54774304
6.17034320	79.41523200	0.01259204	71.25178000	8.16345210	66.91220800	4.06202349	1.54681166
6.17406000	79.40547400	0.01259359	71.26250300	8.14297130	66.90579300	4.06446794	1.54588138
6.17777670	79.37106100	0.01259905	71.28912700	8.08193350	66.89939400	4.06691233	1.54495224
6.18149340	79.33410900	0.01260492	71.33213700	8.00197230	66.89301100	4.06935671	1.54402422
6.18521020	79.28454800	0.01261280	71.39235600	7.89219250	66.88664400	4.07180115	1.54309729
6.18892690	79.24993400	0.01261831	71.47086400	7.77907000	66.88029400	4.07424552	1.54217150
6.19264360	79.21553000	0.01262379	71.56898400	7.64654680	66.87395900	4.07668989	1.54124682
6.19636040	79.19302100	0.01262737	71.68860700	7.50441460	66.86764100	4.07913431	1.54032322
6.20007710	79.18316100	0.01262895	71.83238500	7.35077660	66.86133800	4.08157867	1.53940076
6.20379390	79.19675700	0.01262678	72.00313700	7.19362040	66.85505200	4.08402309	1.53847938
6.20751060	79.25089800	0.01261815	72.20511900	7.04577900	66.84878200	4.08646744	1.53755913
6.21122740	79.34976500	0.01260243	72.47953900	6.87022600	66.84252800	4.08891185	1.53663995
6.21494410	79.50196100	0.01257831	72.76447000	6.73749050	66.83629000	4.09135619	1.53572190
6.21866080	79.71075700	0.01254536	73.10702600	6.60373070	66.83006800	4.09380053	1.53480495
6.22237760	80.00503500	0.01249921	73.52677300	6.47826220	66.82386300	4.09624493	1.53388907
6.22609430	80.43454700	0.01243247	74.05668200	6.37786590	66.81767300	4.09868926	1.53297430
6.22981110	81.05453000	0.01233737	74.74527800	6.30925170	66.81150000	4.10113365	1.53206061
6.23352780	81.89971900	0.01221005	75.66817500	6.23154460	66.80534200	4.10357797	1.53114803
6.23724450	83.11811800	0.01203107	76.93543900	6.18267930	66.79920100	4.10602228	1.53023653
6.24096130	84.80445900	0.01179183	78.69805800	6.10640020	66.79307600	4.10846666	1.52932610
6.24467800	87.15305800	0.01147407	81.13688500	6.01617300	66.78696700	4.11091097	1.52841678
6.24839480	90.54038500	0.01104479	84.46065500	6.07973030	66.78087400	4.11335533	1.52750852
6.25211150	95.15482300	0.01050919	88.93122300	6.22360000	66.77479700	4.11579963	1.52660136
6.25582830	101.29948000	0.00987172	94.62285800	6.67662400	66.76873700	4.11824399	1.52569525
6.25954500	109.42191000	0.00913894	101.66247000	7.75943910	66.76269200	4.12068828	1.52479025
6.26326170	119.19032000	0.00838994	109.95524000	9.23508270	66.75666400	4.12313257	1.52388632
6.26697850	129.94629000	0.00769549	119.09987000	10.84642400	66.75065100	4.12557691	1.52298344
6.27069520	141.10421000	0.00708696	128.51227000	12.59193800	66.74465500	4.12802119	1.52208165
6.27441200	150.97555000	0.00662359	137.09984000	13.87571300	66.73867500	4.13046553	1.52118091
6.27812870	158.38436000	0.00631375	143.95167000	14.43269200	66.73271100	4.13290980	1.52028126
6.28184540	162.83322000	0.00614125	148.44736000	14.38585300	66.72676300	4.13535406	1.51938267
6.28556220	164.06952000	0.00609498	150.34483000	13.72468400	66.72083100	4.13779838	1.51848513
6.28927890	162.27764000	0.00616228	149.32383000	12.95381800	66.71491600	4.14024264	1.51758867
6.29299570	157.71728000	0.00634046	145.43988000	12.27739200	66.70901600	4.14268695	1.51669324
6.29671240	151.25189000	0.00661149	138.85233000	12.39955500	66.70313300	4.14513120	1.51579890
6.30042920	143.53492000	0.00696695	130.62438000	12.91053800	66.69726500	4.14757551	1.51490559
6.30414590	134.99669000	0.00740759	122.11299000	12.88370900	66.69141400	4.15001974	1.51401335
6.30786260	126.73517000	0.00789047	114.43777000	12.29740000	66.68557900	4.15246398	1.51312217
6.31157940	119.71718000	0.00835302	108.38358000	11.33360200	66.67976000	4.15490827	1.51223201
6.31529610	114.50118000	0.00873353	104.40796000	10.09322500	66.67395700	4.15735250	1.51134293
6.31901290	111.75387000	0.00894824	102.79423000	8.95963610	66.66817000	4.15979678	1.51045487
6.32272960	111.92618000	0.00893446	103.44741000	8.47876680	66.66239900	4.16224100	1.50956788
6.32644630	115.37511000	0.00866738	106.24243000	9.13268750	66.65664400	4.16468521	1.50868193
6.33016310	121.64836000	0.00822041	110.83979000	10.80857000	66.65090600	4.16712948	1.50779699
6.33387980	129.83384000	0.00770215	116.67508000	13.15876000	66.64518300	4.16957368	1.50691312
6.33759660	138.70608000	0.00720949	122.94751000	15.75856900	66.63947700	4.17201795	1.50603027
6.34131330	146.10417000	0.00684443	128.58900000	17.51517100	66.63378600	4.17446214	1.50514847
6.34503010	150.24008000	0.00665601	132.38185000	17.85822800	66.62811200	4.17690639	1.50426768
6.34874680	150.31221000	0.00665282	133.61090000	16.70130300	66.62245400	4.17935058	1.50338795
6.35246350	146.89153000	0.00680774	132.43576000	14.45577400	66.61681100	4.18179476	1.50250925
6.35618030	141.57391000	0.00706345	129.84189000	11.73202300	66.61118500	4.18423900	1.50163155
6.35989700	136.03232000	0.00735119	127.10847000	8.92384620	66.60557500	4.18668317	1.50075491
6.36361380	131.97642000	0.00757711	125.16195000	6.81446970	66.59998100	4.18912741	1.49987926
6.36733050	130.37961000	0.00766991	124.45396000	5.92564800	66.59440300	4.19157157	1.49900466
6.37104720	131.13170000	0.00762592	124.93361000	6.19809820	66.58884100	4.19401573	1.49813108
6.37476400	133.07616000	0.00751449	126.21030000	6.86585870	66.58329500	4.19645995	1.49725850
6.37848070	134.75663000	0.00742079	127.36571000	7.39091810	66.57776500	4.19890410	1.49638695
6.38219750	135.01637000	0.00740651	127.46257000	7.55380080	66.57225100	4.20134831	1.49551640
6.38591420	133.21818000	0.00750648	125.94889000	7.26929290	66.56675400	4.20379245	1.49464689
6.38963090	129.59409000	0.00771640	122.97710000	6.61698330	66.56127200	4.20623658	1.49377839
6.39334770	124.88926000	0.00800709	119.43486000	5.45439940	66.55580600	4.20868078	1.49291088
6.39706440	120.31237000	0.00831170	116.18826000	4.12410200	66.55035600	4.21112491	1.49204439
6.40078120	116.99049000	0.00854770	113.95029000	3.04019750	66.54492300	4.21356910	1.49117889
6.40449790	115.35021000	0.00866925	113.27392000	2.07628320	66.53950500	4.21601321	1.49031442
6.40821460	115.66428000	0.00864571	114.32222000	1.34206240	66.53410300	4.21845733	1.48945096
6.41193140	118.00483000	0.00847423	117.55824000	0.44659123	66.52871800	4.22090150	1.48858847
6.41564810	122.55131000	0.00815985	123.01804000	-0.46672515	66.52334800	4.22334561	1.48772700
6.41936490	129.47985000	0.00772321	130.82422000	-1.34436920	66.51799400	4.22578978	1.48686651
6.42308160	138.69141000	0.00721025	141.15199000	-2.46058780	66.51265600	4.22823387	1.48600704
6.42679840	150.45779000	0.00664638	154.09853000	-3.64073820	66.50733500	4.23067803	1.48514854
6.43051510	165.22457000	0.00605237	169.78811000	-4.56354310	66.50202900	4.23312212	1.48429106
6.43423180	182.80391000	0.00547034	188.29158000	-5.48767010	66.49673900	4.23556620	1.48343457
6.43794860	203.44634000	0.00491530	209.47041000	-6.02406960	66.49146500	4.23801034	1.48257904
6.44166530	227.36056000	0.00439830	232.85427000	-5.49370510	66.48620700	4.24045442	1.48172452
6.44538210	253.08267000	0.00395128	257.61670000	-4.53402590	66.48096500	4.24289855	1.48087097
6.44909880	279.28566000	0.00358056	282.36785000	-3.08218100	66.47573900	4.24534262	1.48001843
6.45281560	304.39907000	0.00328516	305.15453000	-0.75546661	66.47052900	4.24778674	1.47916684
6.45653230	325.10234000	0.00307595	323.53515000	1.56718380	66.46533500	4.25023080	1.47831626
6.46024900	339.42122000	0.00294619	335.08039000	4.34082910	66.46015700	4.25267485	1.47746666
6.46396580	346.79820000	0.00288352	338.51906000	8.27913850	66.45499500	4.25511897	1.47661801
6.46768250	347.91532000	0.00287426	335.09337000	12.82195100	66.44984800	4.25756301	1.47577036
6.47139930	344.60706000	0.00290186	327.67617000	16.93088900	66.44471800	4.26000711	1.47492367
6.47511600	339.10134000	0.00294897	319.06261000	20.03873100	66.43960300	4.26245115	1.47407796
6.47883270	333.27488000	0.00300053	310.90788000	22.36700200	66.43450500	4.26489518	1.47323323
6.48254950	326.45170000	0.00306324	303.01485000	23.43685500	66.42942200	4.26733927	1.47238945
6.48626620	316.95362000	0.00315504	293.94641000	23.00721000	66.42435500	4.26978329	1.47154665
6.48998300	303.80229000	0.00329161	282.11381000	21.68847300	66.41930400	4.27222737	1.47070480
6.49369970	286.78402000	0.00348694	267.01513000	19.76888700	66.41426900	4.27467138	1.46986394
6.49741640	266.80175000	0.00374810	250.12121000	16.68053500	66.40925000	4.27711539	1.46902404
6.50113320	247.46071000	0.00404105	233.67762000	13.78308900	66.40424600	4.27955945	1.46818507
6.50484990	230.90203000	0.00433084	219.01685000	11.88518000	66.39925800	4.28200345	1.46734709
6.50856670	216.83923000	0.00461171	206.58355000	10.25568200	66.39428700	4.28444751	1.46651004
6.51228340	204.63916000	0.00488665	195.70203000	8.93713000	66.38933100	4.28689150	1.46567398
6.51600010	192.93030000	0.00518322	185.06203000	7.86827030	66.38439100	4.28933548	1.46483886
6.51971690	180.11953000	0.00555187	173.73386000	6.38567210	66.37946600	4.29177953	1.46400468
6.52343360	166.26530000	0.00601448	161.65618000	4.60912420	66.37455800	4.29422350	1.46317147
6.52715040	152.24303000	0.00656845	149.60986000	2.63316280	66.36966500	4.29666754	1.46233918
6.53086710	138.85050000	0.00720199	138.68173000	0.16877767	66.36478800	4.29911151	1.46150787
6.53458390	127.55909000	0.00783950	129.69453000	-2.13543440	66.35992700	4.30155553	1.46067748
6.53830060	119.23008000	0.00838715	123.17155000	-3.94147280	66.35508200	4.30399949	1.45984806
6.54201730	114.29976000	0.00874892	119.43916000	-5.13939840	66.35025200	4.30644344	1.45901958
6.54573410	113.03801000	0.00884658	118.52040000	-5.48238390	66.34543900	4.30888746	1.45819202
6.54945080	115.59777000	0.00865069	120.23199000	-4.63422520	66.34064000	4.31133140	1.45736542
6.55316760	122.03843000	0.00819414	124.17050000	-2.13207020	66.33585800	4.31377541	1.45653974
6.55688430	130.97931000	0.00763479	129.59332000	1.38599870	66.33109200	4.31621934	1.45571502
6.56060100	140.48856000	0.00711802	135.44523000	5.04333030	66.32634100	4.31866327	1.45489123
6.56431780	148.61429000	0.00672883	140.34630000	8.26798590	66.32160600	4.32110726	1.45406835
6.56803450	153.02609000	0.00653483	142.73956000	10.28652500	66.31688600	4.32355118	1.45324643
6.57175130	152.65851000	0.00655057	141.69069000	10.96782400	66.31218200	4.32599517	1.45242541
6.57546800	147.47835000	0.00678066	137.35064000	10.12771200	66.30749400	4.32843908	1.45160535
6.57918470	139.12917000	0.00718757	130.83490000	8.29426730	66.30282200	4.33088298	1.45078621
6.58290150	129.76109000	0.00770647	123.62607000	6.13501960	66.29816500	4.33332695	1.44996798
6.58661820	120.64964000	0.00828846	116.93948000	3.71015740	66.29352400	4.33577085	1.44915069
6.59033500	113.26158000	0.00882912	111.58750000	1.67407850	66.28889900	4.33821481	1.44833430
6.59405170	108.41386000	0.00922391	108.04879000	0.36506752	66.28428900	4.34065870	1.44751885
6.59776850	106.35290000	0.00940266	106.48316000	-0.13026506	66.27969500	4.34310265	1.44670431
6.60148520	106.89922000	0.00935461	106.70986000	0.18935717	66.27511600	4.34554653	1.44589070
6.60520190	109.50665000	0.00913187	108.38525000	1.12139700	66.27055300	4.34799040	1.44507801
6.60891870	113.37938000	0.00881995	110.89498000	2.48439900	66.26600600	4.35043434	1.44426621
6.61263540	117.05157000	0.00854324	113.40995000	3.64162650	66.26147400	4.35287821	1.44345534
6.61635220	119.21627000	0.00838812	114.99095000	4.22531950	66.25695800	4.35532213	1.44264537
6.62006890	119.16839000	0.00839149	115.01924000	4.14914770	66.25245700	4.35776599	1.44183633
6.62378570	116.97455000	0.00854887	113.50981000	3.46474110	66.24797200	4.36020991	1.44102817
6.62750240	113.44803000	0.00881461	111.01501000	2.43301980	66.24350300	4.36265376	1.44022094
6.63121910	109.58123000	0.00912565	108.46679000	1.11443570	66.23904900	4.36509760	1.43941462
6.63493590	106.58871000	0.00938186	106.62865000	-0.03994429	66.23461100	4.36754150	1.43860918
6.63865260	105.38719000	0.00948882	105.96993000	-0.58273990	66.23018800	4.36998534	1.43780467
6.64236940	106.37532000	0.00940068	106.69462000	-0.31930150	66.22578000	4.37242923	1.43700103
6.64608610	109.38349000	0.00914215	108.71306000	0.67042839	66.22138800	4.37487306	1.43619831
6.64980280	113.62679000	0.00880074	111.60685000	2.01993400	66.21701200	4.37731688	1.43539650
6.65351960	118.10066000	0.00846735	114.66950000	3.43115920	66.21265100	4.37976076	1.43459555
6.65723630	121.44651000	0.00823408	116.92670000	4.51981160	66.20830500	4.38220457	1.43379553
6.66095310	122.50374000	0.00816302	117.37791000	5.12582750	66.20397500	4.38464844	1.43299637
6.66466980	120.78770000	0.00827899	115.57543000	5.21226740	66.19966100	4.38709225	1.43219813
6.66838660	116.74249000	0.00856586	111.80576000	4.93673530	66.19536200	4.38953611	1.43140076
6.67210330	111.40232000	0.00897647	106.85622000	4.54609250	66.19107800	4.39197990	1.43060429
6.67582000	105.67260000	0.00946319	101.57464000	4.09796870	66.18680900	4.39442369	1.42980872
6.67953680	100.37215000	0.00996292	96.69264600	3.67950060	66.18255700	4.39686754	1.42901401
6.68325350	96.05332700	0.01041088	92.62122400	3.43210240	66.17831900	4.39931132	1.42822020
6.68697020	92.87697900	0.01076693	89.65507000	3.22190900	66.17409700	4.40175509	1.42742728
6.69068700	90.82979100	0.01100960	87.90544600	2.92434470	66.16989000	4.40419893	1.42663522
6.69440370	89.91321100	0.01112184	87.57530900	2.33790140	66.16569800	4.40664269	1.42584406
6.69812050	90.17106400	0.01109003	88.69810600	1.47295790	66.16152200	4.40908652	1.42505376
6.70183720	91.52190100	0.01092635	91.26985800	0.25204385	66.15736100	4.41153027	1.42426435
6.70555400	93.78205900	0.01066302	95.24002600	-1.45796680	66.15321600	4.41397409	1.42347580
6.70927070	96.87129000	0.01032298	100.47424000	-3.60295180	66.14908500	4.41641783	1.42268815
6.71298740	100.59662000	0.00994069	106.68113000	-6.08450550	66.14497000	4.41886158	1.42190137
6.71670420	104.48394000	0.00957085	113.33063000	-8.84668980	66.14087100	4.42130538	1.42111543
6.72042090	108.11875000	0.00924909	119.62556000	-11.50681700	66.13678600	4.42374911	1.42033039
6.72413770	111.12009000	0.00899927	124.43238000	-13.31229300	66.13271700	4.42619290	1.41954620
6.72785440	112.96501000	0.00885230	126.59997000	-13.63495600	66.12866300	4.42863663	1.41876289
6.73157110	113.34653000	0.00882250	125.52569000	-12.17915900	66.12462400	4.43108035	1.41798045
6.73528790	112.09410000	0.00892108	121.51916000	-9.42506050	66.12060000	4.43352413	1.41719885
6.73900460	109.46666000	0.00913520	115.62314000	-6.15648280	66.11659200	4.43596783	1.41641814
6.74272140	105.79598000	0.00945216	109.03568000	-3.23969830	66.11259900	4.43841160	1.41563827
6.74643810	101.50188000	0.00985203	102.60260000	-1.10072080	66.10862100	4.44085530	1.41485927
6.75015490	97.28927900	0.01027862	97.03718500	0.25209345	66.10465800	4.44329906	1.41408112
6.75387160	93.57254300	0.01068690	92.63773400	0.93480842	66.10071000	4.44574275	1.41330384
6.75758830	90.56670900	0.01104158	89.58177600	0.98493316	66.09677700	4.44818644	1.41252742
6.76130510	88.50110100	0.01129929	87.96312700	0.53797425	66.09286000	4.45063019	1.41175183
6.76502180	87.48571500	0.01143044	87.84344000	-0.35772441	66.08895700	4.45307386	1.41097711
6.76873860	87.60883100	0.01141437	89.23910300	-1.63027230	66.08507000	4.45551760	1.41020323
6.77245530	88.92778000	0.01124508	92.20540800	-3.27762760	66.08119700	4.45796127	1.40943021
6.77617200	91.56669100	0.01092100	96.81586900	-5.24917770	66.07734000	4.46040493	1.40865805
6.77988880	95.68906700	0.01045052	103.07538000	-7.38631570	66.07349800	4.46284865	1.40788671
6.78360550	101.01861000	0.00989917	110.85733000	-9.83871460	66.06967100	4.46529231	1.40711624
6.78732230	107.36112000	0.00931436	120.00708000	-12.64596100	66.06585800	4.46773602	1.40634659
6.79103900	114.58675000	0.00872701	129.91406000	-15.32731100	66.06206100	4.47017966	1.40557780
6.79475580	121.85916000	0.00820619	139.65872000	-17.79955700	66.05827900	4.47262337	1.40480984
6.79847250	128.54753000	0.00777922	148.09556000	-19.54803100	66.05451200	4.47506700	1.40404273
6.80218920	134.27740000	0.00744727	154.17238000	-19.89497700	66.05075900	4.47751063	1.40327647
6.80590600	138.35140000	0.00722797	157.50315000	-19.15175000	66.04702200	4.47995432	1.40251102
6.80962270	140.24703000	0.00713028	158.21559000	-17.96856400	66.04330000	4.48239794	1.40174643
6.81333950	139.57311000	0.00716470	156.31770000	-16.74458800	66.03959200	4.48484162	1.40098265
6.81705620	136.45374000	0.00732849	151.69132000	-15.23758600	66.03589900	4.48728523	1.40021973
6.82077290	131.16229000	0.00762414	144.42762000	-13.26533100	66.03222200	4.48972884	1.39945764
6.82448970	124.11634000	0.00805696	135.19838000	-11.08203900	66.02855900	4.49217251	1.39869635
6.82820640	116.52292000	0.00858200	125.22387000	-8.70095400	66.02491100	4.49461610	1.39793592
6.83192320	109.32374000	0.00914714	115.60594000	-6.28220180	66.02127700	4.49705976	1.39717630
6.83563990	102.89239000	0.00971889	107.08684000	-4.19444300	66.01765900	4.49950335	1.39641752
6.83935670	97.77641600	0.01022742	100.10133000	-2.32491570	66.01405500	4.50194699	1.39565955
6.84307340	94.17010200	0.01061908	94.83620000	-0.66609770	66.01046600	4.50439057	1.39490242
6.84679010	92.04664400	0.01086406	91.30778000	0.73886343	66.00689200	4.50683414	1.39414611
6.85050690	91.24472600	0.01095954	89.47761200	1.76711390	66.00333300	4.50927778	1.39339061
6.85422360	91.61719500	0.01091498	89.23101700	2.38617830	65.99978800	4.51172134	1.39263594
6.85794030	93.07790100	0.01074369	90.42017200	2.65772960	65.99625900	4.51416490	1.39188210
6.86165710	95.31191300	0.01049187	92.85210700	2.45980600	65.99274300	4.51660852	1.39112905
6.86537380	98.05197400	0.01019867	96.14940200	1.90257150	65.98924300	4.51905207	1.39037683
6.86909060	101.12222000	0.00988902	100.22167000	0.90054952	65.98575700	4.52149568	1.38962542
6.87280730	104.14934000	0.00960160	104.43792000	-0.28857950	65.98228600	4.52393922	1.38887483
6.87652410	106.86857000	0.00935729	108.14685000	-1.27827430	65.97882900	4.52638282	1.38812504
6.88024080	109.11061000	0.00916501	110.61407000	-1.50346260	65.97538700	4.52882635	1.38737607
6.88395750	110.68944000	0.00903429	111.36694000	-0.67749880	65.97196000	4.53126987	1.38662792
6.88767430	111.63305000	0.00895792	110.58153000	1.05151500	65.96854700	4.53371346	1.38588055
6.89139100	112.06521000	0.00892338	108.92717000	3.13804800	65.96514900	4.53615697	1.38513401
6.89510780	112.39590000	0.00889712	107.10292000	5.29298400	65.96176600	4.53860055	1.38438826
6.89882450	113.07496000	0.00884369	106.05494000	7.02001790	65.95839700	4.54104406	1.38364333
6.90254120	114.59181000	0.00872663	105.90771000	8.68410280	65.95504200	4.54348756	1.38289920
6.90625800	116.99957000	0.00854704	106.69475000	10.30482100	65.95170200	4.54593112	1.38215585
6.90997470	119.76477000	0.00834970	108.09902000	11.66574600	65.94837700	4.54837461	1.38141333
6.91369150	122.07250000	0.00819185	109.46062000	12.61188900	65.94506600	4.55081816	1.38067158
6.91740820	122.90612000	0.00813629	109.95470000	12.95141900	65.94176900	4.55326165	1.37993065
6.92112500	121.53297000	0.00822822	108.88234000	12.65062800	65.93848700	4.55570519	1.37919050
6.92484170	117.76175000	0.00849172	105.96228000	11.79947100	65.93521900	4.55814866	1.37845116
6.92855840	112.18196000	0.00891409	101.77864000	10.40332500	65.93196600	4.56059213	1.37771261
6.93227520	105.85782000	0.00944663	96.93893400	8.91888250	65.92872700	4.56303566	1.37697484
6.93599190	99.46409400	0.01005388	92.05185700	7.41223700	65.92550200	4.56547912	1.37623788
6.93970870	93.62784800	0.01068058	87.53918800	6.08866040	65.92229200	4.56792263	1.37550169
6.94342540	88.80237300	0.01126096	83.63202700	5.17034620	65.91909600	4.57036608	1.37476631
6.94714220	84.99299900	0.01176567	80.43487200	4.55812700	65.91591500	4.57280959	1.37403169
6.95085890	82.06943000	0.01218480	77.94967900	4.11975120	65.91274700	4.57525303	1.37329788
6.95457560	79.91674000	0.01251302	76.10199200	3.81474880	65.90959400	4.57769647	1.37256486
6.95829240	78.43522900	0.01274937	74.69002500	3.74520390	65.90645500	4.58013996	1.37183260
6.96200910	77.44273400	0.01291277	73.82765900	3.61507450	65.90333100	4.58258338	1.37110114
6.96572590	76.81553400	0.01301820	73.30825800	3.50727630	65.90022100	4.58502687	1.37037044
6.96944260	76.50586400	0.01307089	73.06918000	3.43668420	65.89712500	4.58747028	1.36964055
6.97315930	76.43047300	0.01308379	73.10965500	3.32081860	65.89404300	4.58991369	1.36891143
6.97687610	76.56081900	0.01306151	73.31981800	3.24100120	65.89097500	4.59235717	1.36818307
6.98059280	76.91679900	0.01300106	73.88741500	3.02938380	65.88792100	4.59480057	1.36745550
6.98430960	77.58696500	0.01288876	74.82150800	2.76545680	65.88488200	4.59724403	1.36672869
6.98802630	78.66915900	0.01271146	76.25033600	2.41882300	65.88185700	4.59968742	1.36600267
6.99174300	80.36431600	0.01244333	78.21565700	2.14865890	65.87884500	4.60213080	1.36527743
6.99545980	82.86143500	0.01206834	80.83813400	2.02330140	65.87584800	4.60457425	1.36455293
6.99917650	86.29338300	0.01158837	84.18864900	2.10473380	65.87286500	4.60701763	1.36382923
7.00289330	90.71595800	0.01102342	88.28984000	2.42611810	65.86989600	4.60946106	1.36310628
7.00661000	96.08262100	0.01040771	92.98852200	3.09409930	65.86694100	4.61190443	1.36238411
7.01032670	101.81154000	0.00982207	98.09591600	3.71562730	65.86400000	4.61434779	1.36166271
7.01404350	107.36733000	0.00931382	103.18882000	4.17851340	65.86107300	4.61679121	1.36094205
7.01776020	112.29533000	0.00890509	107.69454000	4.60079640	65.85816000	4.61923457	1.36022218
7.02147700	116.07949000	0.00861479	111.06884000	5.01065140	65.85526000	4.62167798	1.35950305
7.02519370	118.71502000	0.00842353	113.06625000	5.64876630	65.85237500	4.62412132	1.35878470
7.02891050	120.68341000	0.00828614	113.90633000	6.77707950	65.84950400	4.62656472	1.35806709
7.03262720	122.32894000	0.00817468	114.14221000	8.18673250	65.84664600	4.62900806	1.35735026
7.03634390	123.67949000	0.00808541	114.02912000	9.65037590	65.84380300	4.63145138	1.35663419
7.04006070	124.39614000	0.00803883	113.50230000	10.89383800	65.84097300	4.63389477	1.35591886
7.04377740	123.79248000	0.00807804	112.17683000	11.61564500	65.83815700	4.63633809	1.35520430
7.04749420	121.30986000	0.00824335	109.60860000	11.70126300	65.83535500	4.63878147	1.35449047
7.05121090	116.76480000	0.00856422	105.67824000	11.08656200	65.83256600	4.64122478	1.35377742
7.05492760	110.72531000	0.00903136	100.78633000	9.93897880	65.82979200	4.64366808	1.35306512
7.05864440	104.04768000	0.00961098	95.50853700	8.53914130	65.82703100	4.64611144	1.35235355
7.06236110	97.35685700	0.01027149	90.37247700	6.98438030	65.82428400	4.64855474	1.35164275
7.06607790	91.51410400	0.01092728	85.72697000	5.78713380	65.82155000	4.65099809	1.35093268
7.06979460	86.74141700	0.01152852	81.73517800	5.00623860	65.81883100	4.65344137	1.35022337
7.07351140	82.93112700	0.01205820	78.42173400	4.50939340	65.81612500	4.65588472	1.34951479
7.07722810	80.01913200	0.01249701	75.83710800	4.18202380	65.81343200	4.65832799	1.34880698
7.08094480	77.90902700	0.01283548	73.85795000	4.05107730	65.81075300	4.66077126	1.34809991
7.08466160	76.41250600	0.01308686	72.38238900	4.03011670	65.80808800	4.66321459	1.34739356
7.08837830	75.35563700	0.01327041	71.33427600	4.02136040	65.80543600	4.66565785	1.34668797
7.09209510	74.63711500	0.01339816	70.55317700	4.08393820	65.80279800	4.66810117	1.34598310
7.09581180	74.14961200	0.01348625	69.98917500	4.16043770	65.80017400	4.67054442	1.34527900
7.09952850	73.83158100	0.01354434	69.54730800	4.28427340	65.79756300	4.67298766	1.34457562
7.10324530	73.61238400	0.01358467	69.20254200	4.40984170	65.79496500	4.67543097	1.34387297
7.10696200	73.44873800	0.01361494	68.92495900	4.52377940	65.79238100	4.67787420	1.34317107
7.11067880	73.30492100	0.01364165	68.69531300	4.60960840	65.78981100	4.68031750	1.34246989
7.11439550	73.19162200	0.01366277	68.50094700	4.69067570	65.78725300	4.68276072	1.34176946
7.11811230	73.09292100	0.01368122	68.33360700	4.75931360	65.78471000	4.68520401	1.34106974
7.12182900	73.01654300	0.01369553	68.18788600	4.82865680	65.78217900	4.68764722	1.34037077
7.12554570	72.96070900	0.01370601	68.07173200	4.88897680	65.77966200	4.69009043	1.33967253
7.12926250	72.90714000	0.01371608	67.95930300	4.94783730	65.77715900	4.69253370	1.33897500
7.13297920	72.85980200	0.01372499	67.85981000	4.99999190	65.77466800	4.69497690	1.33827821
7.13669600	72.82336900	0.01373186	67.77158700	5.05178280	65.77219100	4.69742017	1.33758214
7.14041270	72.80546800	0.01373523	67.69318100	5.11228700	65.76972800	4.69986336	1.33688681
7.14412940	72.79208900	0.01373776	67.57080800	5.22128060	65.76727700	4.70230654	1.33619220
7.14784620	72.77482100	0.01374102	67.50968000	5.26514140	65.76484000	4.70474979	1.33549829
7.15156290	72.73121900	0.01374925	67.45544800	5.27577070	65.76241600	4.70719296	1.33480513
7.15527970	72.69990000	0.01375518	67.40737600	5.29252470	65.76000500	4.70963620	1.33411267
7.15899640	72.68584700	0.01375784	67.36492000	5.32092690	65.75760700	4.71207936	1.33342094
7.16271310	72.69595100	0.01375592	67.35304100	5.34290950	65.75522300	4.71452252	1.33272994
7.16642990	72.68712100	0.01375759	67.32088400	5.36623720	65.75285200	4.71696575	1.33203963
7.17014660	72.66932900	0.01376096	67.29313800	5.37619130	65.75049300	4.71940890	1.33135006
7.17386340	72.65493300	0.01376369	67.26952700	5.38540560	65.74814800	4.72185211	1.33066118
7.17758010	72.65919000	0.01376288	67.24982300	5.40936660	65.74581600	4.72429525	1.32997304
7.18129680	72.66490400	0.01376180	67.23382900	5.43107570	65.74349700	4.72673838	1.32928561
7.18501360	72.67033400	0.01376077	67.22143200	5.44890180	65.74119100	4.72918158	1.32859887
7.18873030	72.66882600	0.01376106	67.21252800	5.45629820	65.73889800	4.73162471	1.32791286
7.19244710	72.69190500	0.01375669	67.22897700	5.46292780	65.73661800	4.73406789	1.32722755
7.19616380	72.72441100	0.01375054	67.22724600	5.49716500	65.73435100	4.73651101	1.32654295
7.19988060	72.75890900	0.01374402	67.22893100	5.52997760	65.73209700	4.73895418	1.32585905
7.20359730	72.77536300	0.01374091	67.25621900	5.51914390	65.72985500	4.74139729	1.32517588
7.20731400	72.78477700	0.01373914	67.26522600	5.51955140	65.72762700	4.74384039	1.32449340
7.21103080	72.78779600	0.01373857	67.27791100	5.50988520	65.72541100	4.74628355	1.32381162
7.21474750	72.80358600	0.01373559	67.29439900	5.50918770	65.72320900	4.74872664	1.32313055
7.21846430	72.81879200	0.01373272	67.28613600	5.53265590	65.72101900	4.75116979	1.32245017
7.22218100	72.83185800	0.01373026	67.31213400	5.51972400	65.71884200	4.75361288	1.32177051
7.22589770	72.84358200	0.01372804	67.34271500	5.50086750	65.71667700	4.75605595	1.32109155
7.22961450	72.86218000	0.01372454	67.37821900	5.48396080	65.71452600	4.75849909	1.32041326
7.23333120	72.88645400	0.01371997	67.41910700	5.46734760	65.71238700	4.76094215	1.31973570
7.23704800	72.89515400	0.01371833	67.41520100	5.47995290	65.71026100	4.76338528	1.31905881
7.24076470	72.91377000	0.01371483	67.49162300	5.42214690	65.70814700	4.76582834	1.31838263
7.24448150	72.95288100	0.01370748	67.55380300	5.39907810	65.70604600	4.76827145	1.31770713
7.24819820	73.00035600	0.01369856	67.62444400	5.37591210	65.70395800	4.77071450	1.31703235
7.25191490	73.05391400	0.01368852	67.70478000	5.34913450	65.70188300	4.77315754	1.31635825
7.25563170	73.11176800	0.01367769	67.79624500	5.31552260	65.69982000	4.77560064	1.31568483
7.25934840	73.16885600	0.01366702	67.90081000	5.26804670	65.69776900	4.77804367	1.31501211
7.26306520	73.22451500	0.01365663	68.02150600	5.20300970	65.69573100	4.78048676	1.31434007
7.26678190	73.30389900	0.01364184	68.16198100	5.14191850	65.69370600	4.78292978	1.31366873
7.27049860	73.40221900	0.01362357	68.32805700	5.07416180	65.69169300	4.78537280	1.31299808
7.27421540	73.53220600	0.01359948	68.52923400	5.00297180	65.68969200	4.78781587	1.31232810
7.27793210	73.70156600	0.01356823	68.78032600	4.92124040	65.68770400	4.79025888	1.31165882
7.28164890	73.93846400	0.01352476	69.10331000	4.83515380	65.68572900	4.79270195	1.31099021
7.28536560	74.26627300	0.01346506	69.53139300	4.73488070	65.68376500	4.79514494	1.31032229
7.28908240	74.71800200	0.01338365	70.11587500	4.60212760	65.68181500	4.79758800	1.30965504
7.29279910	75.32133500	0.01327645	70.91820200	4.40313300	65.67987600	4.80003098	1.30898849
7.29651580	76.16751900	0.01312896	72.01500500	4.15251330	65.67795000	4.80247396	1.30832262
7.30023260	77.34619600	0.01292888	73.49421500	3.85198190	65.67603600	4.80491700	1.30765741
7.30394930	78.95398700	0.01266560	75.40282700	3.55116030	65.67413400	4.80735997	1.30699289
7.30766610	81.11638600	0.01232796	77.85973900	3.25664690	65.67224500	4.80980300	1.30632903
7.31138280	83.97650100	0.01190809	80.83615800	3.14034370	65.67036800	4.81224596	1.30566587
7.31509950	87.46665400	0.01143293	84.27247100	3.19418380	65.66850300	4.81468892	1.30500338
7.31881630	91.45405600	0.01093445	88.01419400	3.43986230	65.66665000	4.81713194	1.30434154
7.32253300	95.61649100	0.01045845	91.69016800	3.92632290	65.66480900	4.81957488	1.30368040
7.32624980	99.28852100	0.01007166	94.84431500	4.44420590	65.66298100	4.82201789	1.30301991
7.32996650	101.86262000	0.00981714	96.86694400	4.99567550	65.66116400	4.82446082	1.30236011
7.33368320	102.90681000	0.00971753	97.29270600	5.61410590	65.65936000	4.82690375	1.30170097
7.33740000	102.24250000	0.00978067	96.06796000	6.17454050	65.65756800	4.82934674	1.30104249
7.34111670	100.00357000	0.00999964	93.46656500	6.53700260	65.65578700	4.83178966	1.30038469
7.34483350	96.58766200	0.01035329	90.23190600	6.35575550	65.65401900	4.83423264	1.29972754
7.34855020	92.74501800	0.01078225	86.81579700	5.92922110	65.65226300	4.83667555	1.29907108
7.35226690	88.96340900	0.01124058	83.62513700	5.33827270	65.65051800	4.83911845	1.29841527
7.35598370	85.53543900	0.01169106	80.90061800	4.63482090	65.64878600	4.84156142	1.29776012
7.35970040	82.76421900	0.01208252	78.78422200	3.97999710	65.64706500	4.84400431	1.29710564
7.36341720	80.66543100	0.01239688	77.27929900	3.38613140	65.64535700	4.84644727	1.29645181
7.36713390	79.20721900	0.01262511	76.43244300	2.77477660	65.64366000	4.84889015	1.29579865
7.37085070	78.32683600	0.01276702	76.23495000	2.09188540	65.64197500	4.85133310	1.29514613
7.37456740	78.03695400	0.01281444	76.69077400	1.34617990	65.64030100	4.85377597	1.29449430
7.37828410	78.36984800	0.01276001	77.82959800	0.54024993	65.63864000	4.85621884	1.29384311
7.38200090	79.33632200	0.01260457	79.70466900	-0.36834752	65.63699000	4.85866177	1.29319257
7.38571760	81.06459000	0.01233584	82.37779700	-1.31320690	65.63535200	4.86110462	1.29254270
7.38943440	83.77473700	0.01193677	85.84271500	-2.06797840	65.63372600	4.86354754	1.29189347
7.39315110	87.50995400	0.01142727	90.11910100	-2.60914680	65.63211100	4.86599039	1.29124491
7.39686780	92.26076800	0.01083884	95.08931900	-2.82855130	65.63050800	4.86843323	1.29059700
7.40058460	97.92058100	0.01021236	100.49785000	-2.57726740	65.62891700	4.87087614	1.28994972
7.40430130	103.79304000	0.00963456	105.90812000	-2.11507570	65.62733700	4.87331897	1.28930311
7.40801810	109.28380000	0.00915049	110.72536000	-1.44156070	65.62576900	4.87576186	1.28865713
7.41173480	113.92805000	0.00877747	114.33692000	-0.40887003	65.62421200	4.87820469	1.28801182
7.41545160	117.04493000	0.00854373	116.42910000	0.61582757	65.62266700	4.88064757	1.28736714
7.41916830	118.26966000	0.00845525	116.89682000	1.37284460	65.62113300	4.88309038	1.28672312
7.42288500	117.48108000	0.00851201	115.69092000	1.79016030	65.61961100	4.88553319	1.28607975
7.42660180	114.92221000	0.00870154	112.88747000	2.03474260	65.61810000	4.88797606	1.28543701
7.43031850	110.94263000	0.00901367	108.68745000	2.25518180	65.61660000	4.89041885	1.28479492
7.43403530	105.90838000	0.00944212	103.67516000	2.23321680	65.61511200	4.89286171	1.28415346
7.43775200	100.69097000	0.00993138	98.51376100	2.17721030	65.61363600	4.89530450	1.28351266
7.44146870	95.82850600	0.01043531	93.73408000	2.09442630	65.61217000	4.89774728	1.28287250
7.44518550	91.58962000	0.01091827	89.66420900	1.92541120	65.61071600	4.90019012	1.28223296
7.44890220	88.27685000	0.01132800	86.54902700	1.72782370	65.60927300	4.90263289	1.28159408
7.45261900	85.94178800	0.01163578	84.41971400	1.52207380	65.60784200	4.90507572	1.28095582
7.45633570	84.47443100	0.01183790	83.27640500	1.19802650	65.60642100	4.90751848	1.28031822
7.46005250	83.74182400	0.01194146	83.06703100	0.67479317	65.60501200	4.90996131	1.27968123
7.46376920	83.63707200	0.01195642	83.67819400	-0.04112130	65.60361400	4.91240406	1.27904489
7.46748590	84.04450200	0.01189846	84.97761900	-0.93311723	65.60222700	4.91484680	1.27840919
7.47120270	84.77808400	0.01179550	86.76855400	-1.99047030	65.60085200	4.91728961	1.27777410
7.47491940	85.73058800	0.01166445	88.88526000	-3.15467150	65.59948700	4.91973234	1.27713966
7.47863620	86.84808900	0.01151436	91.03991600	-4.19182770	65.59813300	4.92217514	1.27650584
7.48235290	88.00499000	0.01136299	92.94127300	-4.93628380	65.59679100	4.92461786	1.27587266
7.48606960	89.14677900	0.01121745	94.26408900	-5.11730940	65.59545900	4.92706058	1.27524012
7.48978640	90.33028900	0.01107048	95.13282100	-4.80253150	65.59413900	4.92950336	1.27460818
7.49350310	91.63242100	0.01091317	95.89666900	-4.26424770	65.59282900	4.93194607	1.27397689
7.49721990	93.21001200	0.01072846	97.06642900	-3.85641750	65.59153000	4.93438884	1.27334621
7.50093660	95.35284900	0.01048736	99.12836200	-3.77551250	65.59024200	4.93683154	1.27271617
7.50465330	98.32606000	0.01017024	102.46802000	-4.14195780	65.58896500	4.93927423	1.27208675
7.50837010	102.40577000	0.00976507	107.21695000	-4.81117880	65.58769900	4.94171698	1.27145794
7.51208680	107.81011000	0.00927557	113.40203000	-5.59191180	65.58644400	4.94415967	1.27082977
7.51580360	114.14747000	0.00876060	120.74565000	-6.59818070	65.58519900	4.94660241	1.27020221
7.51952030	120.77646000	0.00827976	128.68011000	-7.90364300	65.58396600	4.94904508	1.26957528
7.52323700	127.06849000	0.00786977	136.30021000	-9.23171870	65.58274300	4.95148775	1.26894898
7.52695380	132.08157000	0.00757108	142.53624000	-10.45466700	65.58153000	4.95393048	1.26832327
7.53067050	135.26132000	0.00739310	146.46058000	-11.19925900	65.58032900	4.95637314	1.26769820
7.53438730	136.47643000	0.00732727	147.67338000	-11.19695100	65.57913800	4.95881585	1.26707373
7.53810400	136.06698000	0.00734932	146.39747000	-10.33048900	65.57795700	4.96125850	1.26644990
7.54182080	134.54363000	0.00743253	143.33852000	-8.79488850	65.57678700	4.96370121	1.26582666
7.54553750	132.21201000	0.00756361	139.42547000	-7.21346740	65.57562800	4.96614384	1.26520405
7.54925420	129.64760000	0.00771322	135.43102000	-5.78341170	65.57447900	4.96858647	1.26458206
7.55297100	127.10977000	0.00786722	131.95077000	-4.84099990	65.57334100	4.97102917	1.26396066
7.55668770	124.68996000	0.00801989	129.15277000	-4.46280810	65.57221300	4.97347179	1.26333989
7.56040450	122.53265000	0.00816109	126.97978000	-4.44712860	65.57109600	4.97591447	1.26271972
7.56412120	120.68716000	0.00828589	125.14985000	-4.46269110	65.56998900	4.97835708	1.26210017
7.56783800	119.08816000	0.00839714	123.36572000	-4.27756200	65.56889300	4.98079975	1.26148121
7.57155470	117.63036000	0.00850121	121.47404000	-3.84368050	65.56780700	4.98324235	1.26086288
7.57527140	116.24694000	0.00860238	119.52531000	-3.27837070	65.56673100	4.98568494	1.26024516
7.57898820	114.96213000	0.00869852	117.71200000	-2.74986280	65.56566600	4.98812760	1.25962802
7.58270490	113.85604000	0.00878302	116.24642000	-2.39038020	65.56461000	4.99057018	1.25901151
7.58642170	113.11256000	0.00884075	115.29593000	-2.18336950	65.56356500	4.99301282	1.25839559
7.59013840	112.89640000	0.00885768	114.96109000	-2.06468740	65.56253100	4.99545540	1.25778028
7.59385510	113.21815000	0.00883251	115.22501000	-2.00685730	65.56150600	4.99789796	1.25716558
7.59757190	113.94617000	0.00877607	115.94835000	-2.00218760	65.56049200	5.00034059	1.25655147
7.60128860	114.81393000	0.00870974	116.85480000	-2.04086290	65.55948800	5.00278315	1.25593797
7.60500540	115.45310000	0.00866153	117.53946000	-2.08635450	65.55849400	5.00522577	1.25532505
7.60872210	115.61481000	0.00864941	117.70773000	-2.09291390	65.55751000	5.00766832	1.25471275
7.61243890	115.31898000	0.00867160	117.39063000	-2.07165050	65.55653600	5.01011092	1.25410104
7.61615560	114.97150000	0.00869781	116.90746000	-1.93595620	65.55557200	5.01255346	1.25348993
7.61987230	115.15995000	0.00868357	116.80093000	-1.64097550	65.55461800	5.01499599	1.25287943
7.62358910	116.31904000	0.00859704	117.45043000	-1.13139140	65.55367400	5.01743858	1.25226950
7.62730580	118.61674000	0.00843051	118.98661000	-0.36987134	65.55274000	5.01988110	1.25166018
7.63102250	121.74625000	0.00821381	121.22285000	0.52340075	65.55181600	5.02232362	1.25105146
7.63473930	125.20555000	0.00798687	123.73971000	1.46583900	65.55090100	5.02476619	1.25044332
7.63845600	128.30145000	0.00779414	126.03014000	2.27131270	65.54999700	5.02720870	1.24983578
7.64217280	130.40521000	0.00766841	127.69789000	2.70731730	65.54910300	5.02965126	1.24922882
7.64588950	131.31841000	0.00761508	128.53044000	2.78796670	65.54821800	5.03209376	1.24862246
7.64960630	131.07180000	0.00762941	128.46276000	2.60903540	65.54734300	5.03453631	1.24801668
7.65332300	129.84331000	0.00770159	127.59727000	2.24604700	65.54647700	5.03697880	1.24741151
7.65703970	127.81432000	0.00782385	126.13709000	1.67722550	65.54562200	5.03942127	1.24680692
7.66075650	125.23742000	0.00798483	124.24954000	0.98788118	65.54477600	5.04186381	1.24620290
7.66447320	122.44198000	0.00816713	122.00184000	0.44013110	65.54394000	5.04430628	1.24559949
7.66819000	119.64190000	0.00835828	119.43621000	0.20569048	65.54311300	5.04674881	1.24499664
7.67190670	117.11097000	0.00853891	116.73190000	0.37906690	65.54229600	5.04919126	1.24439439
7.67562340	115.05446000	0.00869154	114.13440000	0.92005443	65.54148900	5.05163372	1.24379273
7.67934020	113.26921000	0.00882852	111.73208000	1.53712220	65.54069100	5.05407623	1.24319164
7.68305690	111.43560000	0.00897379	109.37514000	2.06045920	65.53990200	5.05651867	1.24259114
7.68677370	109.20128000	0.00915740	106.74774000	2.45354800	65.53912300	5.05896117	1.24199121
7.69049040	106.25763000	0.00941109	103.57067000	2.68696250	65.53835400	5.06140360	1.24139187
7.69420720	102.53927000	0.00975236	99.83882100	2.70044460	65.53759300	5.06384609	1.24079310
7.69792390	98.34656500	0.01016812	95.83476000	2.51180520	65.53684300	5.06628851	1.24019493
7.70164060	94.06277200	0.01063120	91.88449000	2.17828250	65.53610100	5.06873093	1.23959733
7.70535740	90.03214500	0.01110714	88.25165800	1.78048750	65.53536900	5.07117340	1.23900029
7.70907410	86.63156900	0.01154314	85.09647700	1.53509170	65.53464600	5.07361581	1.23840384
7.71279090	83.91073100	0.01191743	82.47531700	1.43541410	65.53393300	5.07605827	1.23780796
7.71650760	81.79195400	0.01222614	80.41095000	1.38100430	65.53322800	5.07850066	1.23721266
7.72022430	80.20450100	0.01246813	78.84028400	1.36421670	65.53253300	5.08094305	1.23661794
7.72394110	79.13288100	0.01263697	77.71842100	1.41446020	65.53184700	5.08338550	1.23602377
7.72765780	78.47623200	0.01274271	76.98336000	1.49287170	65.53117000	5.08582788	1.23543019
7.73137460	78.14019800	0.01279751	76.58291700	1.55728060	65.53050300	5.08827031	1.23483717
7.73509130	78.10610200	0.01280310	76.47439300	1.63170940	65.52984400	5.09071268	1.23424473
7.73880810	78.34736400	0.01276367	76.67392500	1.67343830	65.52919500	5.09315511	1.23365285
7.74252480	78.81392200	0.01268811	77.13472200	1.67919940	65.52855400	5.09559746	1.23306155
7.74624150	79.56319200	0.01256863	77.93661700	1.62657440	65.52792200	5.09803981	1.23247082
7.74995830	80.69777400	0.01239192	79.16289800	1.53487600	65.52730000	5.10048222	1.23188064
7.75367500	82.29964400	0.01215072	80.92473600	1.37490810	65.52668600	5.10292456	1.23129104
7.75739180	84.49353800	0.01183522	83.35729900	1.13623900	65.52608100	5.10536696	1.23070200
7.76110850	87.53149900	0.01142446	86.60283800	0.92866076	65.52548600	5.10780929	1.23011353
7.76482520	91.50485500	0.01092838	90.77522200	0.72963317	65.52489800	5.11025161	1.22952562
7.76854200	96.53392500	0.01035905	95.91784900	0.61607652	65.52432000	5.11269400	1.22893827
7.77225870	102.71303000	0.00973586	102.06255000	0.65047851	65.52375100	5.11513631	1.22835149
7.77597550	109.61341000	0.00912297	109.01469000	0.59872186	65.52319000	5.11757868	1.22776526
7.77969220	116.80671000	0.00856115	116.43257000	0.37413759	65.52263800	5.12002099	1.22717960
7.78340900	123.87709000	0.00807252	123.68360000	0.19348817	65.52209500	5.12246335	1.22659449
7.78712570	130.07332000	0.00768797	129.94316000	0.13015658	65.52156000	5.12490564	1.22600995
7.79084240	135.04571000	0.00740490	134.51461000	0.53109996	65.52103400	5.12734793	1.22542597
7.79455920	138.77310000	0.00720601	136.97640000	1.79669840	65.52051600	5.12979027	1.22484253
7.79827590	141.23435000	0.00708043	137.43529000	3.79905580	65.52000800	5.13223255	1.22425967
7.80199270	142.33714000	0.00702557	136.35460000	5.98253510	65.51950700	5.13467488	1.22367734
7.80570940	142.00574000	0.00704197	134.21874000	7.78700080	65.51901500	5.13711715	1.22309559
7.80942610	140.22651000	0.00713132	131.37264000	8.85386770	65.51853200	5.13955940	1.22251439
7.81314290	136.99175000	0.00729971	128.08862000	8.90313320	65.51805700	5.14200172	1.22193372
7.81685960	132.50614000	0.00754682	124.73219000	7.77395920	65.51759000	5.14444397	1.22135363
7.82057640	127.53063000	0.00784125	121.80898000	5.72165410	65.51713200	5.14688628	1.22077407
7.82429310	122.82102000	0.00814193	119.80991000	3.01110310	65.51668200	5.14932852	1.22019508
7.82800980	118.93167000	0.00840819	118.93985000	-0.00817425	65.51624100	5.15177075	1.21961664
7.83172660	116.38159000	0.00859242	119.20586000	-2.82426950	65.51580800	5.15421304	1.21903873
7.83544330	115.41211000	0.00866460	120.35013000	-4.93802200	65.51538300	5.15665526	1.21846138
7.83916010	116.04701000	0.00861720	122.09421000	-6.04719570	65.51496600	5.15909754	1.21788457
7.84287680	118.10062000	0.00846736	124.30615000	-6.20553070	65.51455700	5.16153975	1.21730832
7.84659350	121.42025000	0.00823586	127.06508000	-5.64483280	65.51415700	5.16398196	1.21673262
7.85031030	125.86108000	0.00794527	130.47511000	-4.61403060	65.51376500	5.16642422	1.21615745
7.85402700	130.86307000	0.00764158	134.54894000	-3.68587470	65.51338100	5.16886642	1.21558284
7.85774380	135.98150000	0.00735394	138.92922000	-2.94771710	65.51300500	5.17130867	1.21500875
7.86146050	140.93370000	0.00709554	143.09687000	-2.16317150	65.51263600	5.17375085	1.21443523
7.86517730	145.18013000	0.00688799	146.51583000	-1.33570490	65.51227600	5.17619310	1.21386223
7.86889400	148.30477000	0.00674287	148.83068000	-0.52590512	65.51192400	5.17863527	1.21328979
7.87261070	149.87678000	0.00667215	149.67373000	0.20305021	65.51158000	5.18107743	1.21271789
7.87632750	149.61350000	0.00668389	148.81602000	0.79748145	65.51124400	5.18351966	1.21214652
7.88004420	147.46104000	0.00678145	146.38379000	1.07724970	65.51091600	5.18596182	1.21157570
7.88376100	143.63138000	0.00696227	142.90525000	0.72613290	65.51059500	5.18840403	1.21100540
7.88747770	138.94329000	0.00719718	139.05264000	-0.10934425	65.51028200	5.19084618	1.21043566
7.89119450	134.13888000	0.00745496	135.54547000	-1.40658790	65.50997700	5.19328838	1.20986644
7.89491120	129.81304000	0.00770339	132.89525000	-3.08220710	65.50968000	5.19573052	1.20929777
7.89862790	126.72754000	0.00789094	131.44454000	-4.71700500	65.50939100	5.19817264	1.20872963
7.90234470	125.27736000	0.00798229	131.43101000	-6.15364610	65.50910900	5.20061483	1.20816202
7.90606140	125.83386000	0.00794699	132.94671000	-7.11284600	65.50883500	5.20305695	1.20759495
7.90977820	128.59894000	0.00777611	136.08751000	-7.48857260	65.50856900	5.20549913	1.20702840
7.91349490	133.85354000	0.00747085	140.90210000	-7.04856540	65.50831000	5.20794123	1.20646241
7.91721160	141.99712000	0.00704240	147.30378000	-5.30666040	65.50805800	5.21038334	1.20589694
7.92092840	152.64144000	0.00655130	155.06158000	-2.42013980	65.50781500	5.21282550	1.20533199
7.92464510	165.01745000	0.00605997	163.70822000	1.30922350	65.50757800	5.21526759	1.20476758
7.92836190	177.93361000	0.00562007	172.38041000	5.55320890	65.50734900	5.21770974	1.20420369
7.93207860	188.85391000	0.00529510	179.82890000	9.02501180	65.50712800	5.22015182	1.20364034
7.93579530	195.63837000	0.00511147	184.59554000	11.04282400	65.50691400	5.22259389	1.20307752
7.93951210	196.96916000	0.00507694	185.54351000	11.42565600	65.50670700	5.22503602	1.20251521
7.94322880	192.87045000	0.00518483	182.61590000	10.25455500	65.50650800	5.22747809	1.20195345
7.94694560	184.30108000	0.00542590	176.69814000	7.60293580	65.50631600	5.22992021	1.20139219
7.95066230	172.62363000	0.00579295	169.00981000	3.61381880	65.50613200	5.23236226	1.20083148
7.95437910	160.29965000	0.00623832	160.48129000	-0.18164671	65.50595400	5.23480437	1.20027127
7.95809580	148.73490000	0.00672337	151.59266000	-2.85775650	65.50578400	5.23724641	1.19971161
7.96181250	138.23242000	0.00723419	142.59300000	-4.36058300	65.50562100	5.23968845	1.19915246
7.96552930	129.11882000	0.00774480	133.86044000	-4.74161540	65.50546500	5.24213054	1.19859383
7.96924600	121.44857000	0.00823394	125.96698000	-4.51840990	65.50531600	5.24457257	1.19803573
7.97296280	115.27792000	0.00867469	119.46995000	-4.19202720	65.50517400	5.24701465	1.19747813
7.97667950	110.74045000	0.00903012	114.80975000	-4.06930680	65.50504000	5.24945666	1.19692107
7.98039620	108.08795000	0.00925173	112.13276000	-4.04480950	65.50491200	5.25189867	1.19636453
7.98411300	107.67606000	0.00928712	111.46449000	-3.78842710	65.50479100	5.25434074	1.19580850
7.98782970	109.46232000	0.00913556	112.58132000	-3.11899720	65.50467800	5.25678273	1.19525300
7.99154650	113.15037000	0.00883780	115.12841000	-1.97804270	65.50457100	5.25922479	1.19469799
7.99526320	118.17349000	0.00846214	118.53316000	-0.35967135	65.50447100	5.26166678	1.19414352
7.99897990	123.30352000	0.00811007	121.99174000	1.31177880	65.50437800	5.26410876	1.19358957
8.00269670	127.29765000	0.00785560	124.56921000	2.72843500	65.50429200	5.26655080	1.19303612
8.00641340	129.24573000	0.00773720	125.41429000	3.83144140	65.50421200	5.26899276	1.19248319
8.01013020	128.57916000	0.00777731	124.01176000	4.56740260	65.50414000	5.27143479	1.19193077
8.01384690	125.44924000	0.00797135	120.46298000	4.98626820	65.50407400	5.27387675	1.19137887
8.01756360	120.20451000	0.00831916	115.38512000	4.81939350	65.50401400	5.27631870	1.19082748
8.02128040	113.80089000	0.00878728	109.50954000	4.29135780	65.50396200	5.27876071	1.19027659
8.02499710	107.18955000	0.00932927	103.59265000	3.59689270	65.50391600	5.28120266	1.18972623
8.02871390	100.85991000	0.00991474	98.18289800	2.67701580	65.50387600	5.28364466	1.18917636
8.03243060	95.34925800	0.01048776	93.61759300	1.73166580	65.50384400	5.28608659	1.18862701
8.03614740	90.95256800	0.01099474	90.09574600	0.85682217	65.50381700	5.28852858	1.18807816
8.03986410	87.79740700	0.01138986	87.68079000	0.11661657	65.50379700	5.29097050	1.18752983
8.04358080	85.88391600	0.01164362	86.35676900	-0.47285309	65.50378400	5.29341241	1.18698201
8.04729760	85.10643800	0.01174999	86.06343500	-0.95699689	65.50377700	5.29585438	1.18643468
8.05101430	85.48245000	0.01169831	86.70155700	-1.21910740	65.50377700	5.29829628	1.18588787
8.05473110	86.80387400	0.01152022	88.08311200	-1.27923850	65.50378300	5.30073825	1.18534155
8.05844780	88.74573000	0.01126815	90.06520400	-1.31947390	65.50379500	5.30318014	1.18479575
8.06216460	91.04019400	0.01098416	92.35483600	-1.31464140	65.50381300	5.30562209	1.18425044
8.06588130	93.19274900	0.01073045	94.58454200	-1.39179280	65.50383800	5.30806397	1.18370565
8.06959800	94.73037200	0.01055628	96.35111400	-1.62074190	65.50386900	5.31050584	1.18316136
8.07331480	95.37425700	0.01048501	97.32736000	-1.95310300	65.50390600	5.31294778	1.18261755
8.07703150	95.05332700	0.01052041	97.38307500	-2.32974830	65.50395000	5.31538964	1.18207427
8.08074830	93.91653700	0.01064775	96.62936500	-2.71282770	65.50399900	5.31783156	1.18153146
8.08446500	92.14400000	0.01085258	95.18380000	-3.03980000	65.50405500	5.32027341	1.18098917
8.08818170	90.09877000	0.01109893	93.18714100	-3.08837060	65.50411700	5.32271526	1.18044738
8.09189850	88.08815500	0.01135226	90.73084900	-2.64269380	65.50418400	5.32515717	1.17990608
8.09561520	86.18807700	0.01160253	87.96646000	-1.77838230	65.50425800	5.32759900	1.17936528
8.09933200	84.45396200	0.01184077	85.18326200	-0.72930065	65.50433800	5.33004090	1.17882497
8.10304870	82.91689300	0.01206027	82.55558300	0.36131048	65.50442400	5.33248272	1.17828517
8.10676540	81.56047100	0.01226084	80.23128700	1.32918390	65.50451500	5.33492454	1.17774586
8.11048220	80.36938200	0.01244255	78.27758100	2.09180130	65.50461300	5.33736642	1.17720704
8.11419890	79.32981900	0.01260560	76.68891100	2.64090750	65.50471600	5.33980822	1.17666872
8.11791570	78.46118900	0.01274515	75.48515500	2.97603410	65.50482500	5.34225009	1.17613088
8.12163240	77.73184500	0.01286474	74.60761400	3.12423030	65.50494000	5.34469189	1.17559355
8.12534910	77.16905500	0.01295856	74.01953500	3.14951950	65.50506000	5.34713368	1.17505671
8.12906590	76.75317600	0.01302878	73.68422600	3.06895060	65.50518700	5.34957553	1.17452035
8.13278260	76.50811000	0.01307051	73.57568700	2.93242300	65.50531900	5.35201730	1.17398449
8.13649940	76.42215200	0.01308521	73.66363600	2.75851590	65.50545600	5.35445914	1.17344911
8.14021610	76.50542700	0.01307097	74.00071900	2.50470790	65.50559900	5.35690091	1.17291423
8.14393290	76.78273300	0.01302376	74.56173000	2.22100310	65.50574800	5.35934274	1.17237983
8.14764960	77.25998200	0.01294331	75.43688800	1.82309380	65.50590300	5.36178449	1.17184592
8.15136630	77.97067300	0.01282534	76.64276100	1.32791160	65.50606200	5.36422624	1.17131251
8.15508310	78.87755100	0.01267788	78.23220700	0.64534373	65.50622800	5.36666806	1.17077957
8.15879980	79.95423100	0.01250716	80.23629600	-0.28206465	65.50639900	5.36910979	1.17024713
8.16251660	81.20623000	0.01231433	82.67334900	-1.46711920	65.50657500	5.37155159	1.16971516
8.16623330	82.64422100	0.01210006	85.53308900	-2.88886850	65.50675600	5.37399332	1.16918368
8.16995010	84.23482300	0.01187158	88.74194600	-4.50712370	65.50694300	5.37643511	1.16865268
8.17366680	85.96726200	0.01163234	92.16351700	-6.19625440	65.50713500	5.37887683	1.16812218
8.17738350	87.88049300	0.01137909	95.54481600	-7.66432240	65.50733300	5.38131854	1.16759215
8.18110030	89.98531600	0.01111292	98.67932000	-8.69400410	65.50753600	5.38376031	1.16706260
8.18481700	92.32730900	0.01083103	101.48188000	-9.15457530	65.50774400	5.38620201	1.16653354
8.18853370	94.94056400	0.01053291	104.02791000	-9.08734680	65.50795700	5.38864370	1.16600496
8.19225050	97.68731200	0.01023674	106.42839000	-8.74107600	65.50817500	5.39108546	1.16547685
8.19596720	100.31545000	0.00996855	108.65962000	-8.34416580	65.50839800	5.39352714	1.16494923
8.19968400	102.52586000	0.00975364	110.48216000	-7.95629930	65.50862700	5.39596888	1.16442208
8.20340070	103.91100000	0.00962362	111.49187000	-7.58087360	65.50886000	5.39841055	1.16389542
8.20711750	104.18421000	0.00959838	111.36185000	-7.17763490	65.50909900	5.40085228	1.16336922
8.21083420	103.38884000	0.00967222	110.18183000	-6.79298640	65.50934200	5.40329394	1.16284351
8.21455090	101.85989000	0.00981741	108.41148000	-6.55159070	65.50959000	5.40573560	1.16231828
8.21826770	100.08985000	0.00999102	106.68271000	-6.59285990	65.50984400	5.40817731	1.16179351
8.22198440	98.64018500	0.01013786	105.58001000	-6.93982220	65.51010200	5.41061896	1.16126923
8.22570120	98.09013900	0.01019471	105.46557000	-7.37543470	65.51036500	5.41306066	1.16074541
8.22941790	98.70000500	0.01013171	106.48424000	-7.78423850	65.51063300	5.41550229	1.16022208
8.23313470	100.45191000	0.00995501	108.57285000	-8.12094480	65.51090500	5.41794398	1.15969920
8.23685140	102.89250000	0.00971888	111.42195000	-8.52944330	65.51118300	5.42038560	1.15917681
8.24056810	105.53810000	0.00947525	114.48102000	-8.94292180	65.51146500	5.42282722	1.15865490
8.24428490	107.86172000	0.00927113	117.13203000	-9.27031570	65.51175100	5.42526889	1.15813344
8.24800160	109.27822000	0.00915095	118.58067000	-9.30244490	65.51204300	5.42771049	1.15761246
8.25171840	109.64024000	0.00912074	118.57457000	-8.93432720	65.51233900	5.43015216	1.15709194
8.25543510	109.07180000	0.00916827	117.28910000	-8.21729840	65.51263900	5.43259375	1.15657191
8.25915180	107.99658000	0.00925955	115.29133000	-7.29474490	65.51294400	5.43503533	1.15605234
8.26286860	106.91735000	0.00935302	113.34394000	-6.42658830	65.51325400	5.43747698	1.15553322
8.26658530	106.33660000	0.00940410	112.04514000	-5.70854230	65.51356800	5.43991856	1.15501459
8.27030210	106.68794000	0.00937313	111.80260000	-5.11465850	65.51388600	5.44236019	1.15449641
8.27401880	108.15344000	0.00924612	112.68811000	-4.53466660	65.51420900	5.44480175	1.15397871
8.27773550	110.70534000	0.00903299	114.50770000	-3.80235960	65.51453600	5.44724331	1.15346148
8.28145230	113.84261000	0.00878406	116.81958000	-2.97697030	65.51486800	5.44968493	1.15294469
8.28516900	116.98043000	0.00854844	119.00676000	-2.02633330	65.51520300	5.45212647	1.15242839
8.28888580	119.38062000	0.00837657	120.43987000	-1.05925140	65.51554400	5.45456808	1.15191253
8.29260250	120.25512000	0.00831565	120.53792000	-0.28280680	65.51588800	5.45700961	1.15139715
8.29631920	119.18248000	0.00839049	119.00753000	0.17495068	65.51623600	5.45945114	1.15088223
8.30003600	116.11775000	0.00861195	115.79841000	0.31934065	65.51658900	5.46189273	1.15036776
8.30375270	111.57794000	0.00896234	111.26758000	0.31036371	65.51694600	5.46433425	1.14985376
8.30746950	106.12825000	0.00942256	106.03514000	0.09311466	65.51730700	5.46677582	1.14934022
8.31118620	100.36032000	0.00996410	100.76350000	-0.40318054	65.51767200	5.46921733	1.14882714
8.31490300	95.12005900	0.01051303	95.91317300	-0.79311383	65.51804100	5.47165890	1.14831451
8.31861970	90.76170100	0.01101786	91.81786400	-1.05616310	65.51841400	5.47410039	1.14780235
8.32233640	87.37192500	0.01144532	88.70594400	-1.33401830	65.51879100	5.47654188	1.14729065
8.32605320	85.09410600	0.01175169	86.65881000	-1.56470360	65.51917200	5.47898343	1.14677940
8.32976990	83.96917000	0.01190913	85.62668200	-1.65751240	65.51955700	5.48142490	1.14626861
8.33348670	84.01285800	0.01190294	85.59063300	-1.57777500	65.51994500	5.48386644	1.14575827
8.33720340	85.04638700	0.01175829	86.47391900	-1.42753270	65.52033800	5.48630791	1.14524839
8.34092020	86.96744800	0.01149856	88.10410700	-1.13665920	65.52073400	5.48874943	1.14473896
8.34463690	89.55554700	0.01116625	90.28492900	-0.72938162	65.52113400	5.49119088	1.14422999
8.34835360	92.27284500	0.01083742	92.69963100	-0.42678650	65.52153800	5.49363233	1.14372148
8.35207040	94.64227000	0.01056610	94.97155500	-0.32928491	65.52194500	5.49607384	1.14321341
8.35578710	96.37286400	0.01037637	96.71801100	-0.34514737	65.52235600	5.49851528	1.14270580
8.35950390	97.13887800	0.01029454	97.68415400	-0.54527619	65.52277100	5.50095677	1.14219863
8.36322060	96.92805200	0.01031693	97.82537200	-0.89731983	65.52318900	5.50339820	1.14169193
8.36693730	95.84960400	0.01043301	97.27107800	-1.42147340	65.52361100	5.50583962	1.14118568
8.37065410	94.25975300	0.01060898	96.12675200	-1.86699940	65.52403700	5.50828110	1.14067986
8.37437080	92.41832700	0.01082037	94.41805200	-1.99972480	65.52446500	5.51072250	1.14017451
8.37808760	90.45157400	0.01105564	92.12423200	-1.67265800	65.52489800	5.51316397	1.13966959
8.38180430	88.56458800	0.01129120	89.37113900	-0.80655092	65.52533300	5.51560537	1.13916513
8.38552100	86.78455900	0.01152279	86.36664700	0.41791130	65.52577300	5.51804676	1.13866112
8.38923780	85.06588000	0.01175560	83.39162700	1.67425280	65.52621500	5.52048821	1.13815755
8.39295450	83.43322000	0.01198563	80.61640200	2.81681750	65.52666100	5.52292958	1.13765443
8.39667130	81.89358800	0.01221097	78.14403200	3.74955570	65.52711000	5.52537102	1.13715175
8.40038800	80.46134400	0.01242833	76.10930000	4.35204410	65.52756200	5.52781239	1.13664952
8.40410480	79.14897400	0.01263440	74.45034000	4.69863430	65.52801800	5.53025382	1.13614773
8.40782150	77.98531900	0.01282293	73.13556300	4.84975530	65.52847600	5.53269517	1.13564639
8.41153820	76.95370200	0.01299483	72.12003200	4.83367070	65.52893800	5.53513652	1.13514550
8.41525500	76.07548300	0.01314484	71.36637400	4.70910850	65.52940300	5.53757793	1.13464504
8.41897170	75.36715200	0.01326838	70.76523300	4.60191930	65.52987100	5.54001927	1.13414503
8.42268850	74.82416500	0.01336467	70.34915400	4.47501140	65.53034200	5.54246067	1.13364545
8.42640520	74.41930100	0.01343737	70.05015000	4.36915110	65.53081600	5.54490199	1.13314632
8.43012190	74.10477400	0.01349441	69.85749700	4.24727790	65.53129300	5.54734331	1.13264764
8.43383870	73.88686100	0.01353421	69.72475500	4.16210580	65.53177300	5.54978469	1.13214938
8.43755540	73.74960100	0.01355940	69.65748300	4.09211750	65.53225600	5.55222600	1.13165158
8.44127220	73.68415600	0.01357144	69.65511700	4.02903860	65.53274200	5.55466737	1.13115420
8.44498890	73.66083500	0.01357574	69.72597200	3.93486360	65.53323000	5.55710867	1.13065727
8.44870570	73.68675200	0.01357096	69.88511100	3.80164100	65.53372200	5.55955002	1.13016077
8.45242240	73.77987200	0.01355383	70.15559200	3.62427930	65.53421600	5.56199131	1.12966471
8.45613910	73.96780400	0.01351940	70.57037300	3.39743090	65.53471300	5.56443259	1.12916909
8.45985590	74.27600100	0.01346330	71.16394200	3.11205910	65.53521300	5.56687393	1.12867390
8.46357260	74.73846700	0.01337999	71.98138600	2.75708100	65.53571500	5.56931519	1.12817915
8.46728940	75.40971100	0.01326089	73.00362500	2.40608590	65.53622000	5.57175652	1.12768483
8.47100610	76.34926600	0.01309770	74.31406800	2.03519760	65.53672700	5.57419778	1.12719095
8.47472280	77.64391800	0.01287931	75.84721600	1.79670200	65.53723700	5.57663903	1.12669751
8.47843960	79.32532800	0.01260631	77.60016300	1.72516500	65.53775000	5.57908034	1.12620449
8.48215630	81.23971000	0.01230925	79.46443800	1.77527250	65.53826500	5.58152158	1.12571191
8.48587310	83.14461000	0.01202724	81.23728500	1.90732500	65.53878200	5.58396287	1.12521975
8.48958980	84.79349300	0.01179336	82.68551200	2.10798020	65.53930200	5.58640410	1.12472804
8.49330650	85.84459400	0.01164896	83.52741900	2.31717530	65.53982500	5.58884532	1.12423675
8.49702330	86.13686400	0.01160943	83.54882400	2.58804010	65.54035000	5.59128660	1.12374588
8.50074000	85.64198600	0.01167652	82.73610300	2.90588220	65.54087700	5.59372781	1.12325546
8.50445680	84.50018800	0.01183429	81.34487400	3.15531440	65.54140600	5.59616908	1.12276545
8.50817350	82.95447800	0.01205480	79.62586100	3.32861740	65.54193700	5.59861028	1.12227589
8.51189030	81.23807800	0.01230950	77.83660700	3.40147060	65.54247100	5.60105153	1.12178673
8.51560700	79.63744400	0.01255691	76.15220600	3.48523730	65.54300700	5.60349272	1.12129802
8.51932370	78.25735200	0.01277835	74.67901900	3.57833290	65.54354500	5.60593390	1.12080974
8.52304050	77.09268200	0.01297140	73.47853000	3.61415150	65.54408600	5.60837514	1.12032187
8.52675720	76.19477100	0.01312426	72.56888000	3.62589060	65.54462800	5.61081630	1.11983444
8.53047400	75.55340600	0.01323567	71.95280300	3.60060280	65.54517300	5.61325753	1.11934741
8.53419070	75.12912500	0.01331042	71.60905900	3.52006640	65.54571900	5.61569869	1.11886083
8.53790740	74.91457600	0.01334854	71.56746600	3.34711010	65.54626700	5.61813984	1.11837467
8.54162420	74.88858500	0.01335317	71.80553400	3.08305140	65.54681800	5.62058105	1.11788893
8.54534090	75.09817300	0.01331590	72.32863200	2.76954080	65.54737000	5.62302219	1.11740361
8.54905770	75.55794000	0.01323488	73.15064000	2.40729990	65.54792400	5.62546338	1.11691871
8.55277440	76.32095100	0.01310256	74.25959900	2.06135180	65.54848000	5.62790451	1.11643424
8.55649110	77.45673100	0.01291043	75.66880900	1.78792230	65.54903800	5.63034563	1.11595020
8.56020790	78.97962200	0.01266149	77.33565800	1.64396430	65.54959800	5.63278681	1.11546656
8.56392460	80.86928600	0.01236563	79.18365700	1.68562820	65.55015900	5.63522792	1.11498335
8.56764140	83.01078300	0.01204663	81.09426500	1.91651770	65.55072200	5.63766909	1.11450055
8.57135810	85.08079500	0.01175353	82.84011000	2.24068540	65.55128700	5.64011018	1.11401818
8.57507490	86.70775100	0.01153299	84.12581300	2.58193800	65.55185300	5.64255134	1.11353622
8.57879160	87.62320700	0.01141250	84.70058800	2.92261910	65.55242100	5.64499243	1.11305469
8.58250830	87.70450800	0.01140192	84.43634200	3.26816610	65.55299100	5.64743350	1.11257358
8.58622510	87.00451700	0.01149366	83.41589500	3.58862110	65.55356200	5.64987464	1.11209287
8.58994180	85.66231300	0.01167374	81.89901400	3.76329860	65.55413400	5.65231571	1.11161259
8.59365860	83.97694700	0.01190803	80.17798600	3.79896100	65.55470800	5.65475684	1.11113271
8.59737530	82.27581300	0.01215424	78.48006300	3.79574940	65.55528400	5.65719789	1.11065326
8.60109200	80.69789600	0.01239190	76.96449300	3.73340330	65.55586100	5.65963894	1.11017423
8.60480880	79.39365100	0.01259547	75.72310000	3.67055170	65.55643900	5.66208005	1.10969560
8.60852550	78.41449200	0.01275274	74.80790800	3.60658400	65.55701800	5.66452109	1.10921739
8.61224230	77.78662100	0.01285568	74.26104600	3.52557480	65.55759900	5.66696218	1.10873959
8.61595900	77.51094600	0.01290140	74.07435900	3.43658650	65.55818100	5.66940321	1.10826221
8.61967580	77.54128000	0.01289636	74.26307100	3.27820900	65.55876500	5.67184429	1.10778523
8.62339250	77.92410000	0.01283300	74.83400800	3.09009270	65.55934900	5.67428531	1.10730867
8.62710920	78.66261000	0.01271252	75.79991500	2.86269560	65.55993500	5.67672631	1.10683252
8.63082600	79.73412800	0.01254168	77.15669900	2.57742930	65.56052200	5.67916738	1.10635677
8.63454270	81.16964200	0.01231988	78.90580800	2.26383390	65.56111000	5.68160838	1.10588145
8.63825950	82.89588700	0.01206332	81.00604300	1.88984410	65.56169900	5.68404943	1.10540652
8.64197620	84.84910600	0.01178563	83.37731300	1.47179280	65.56228900	5.68649042	1.10493201
8.64569290	86.94057000	0.01150211	85.90780000	1.03276910	65.56288000	5.68893139	1.10445792
8.64940970	89.01405800	0.01123418	88.39691900	0.61713962	65.56347200	5.69137243	1.10398421
8.65312640	90.94629400	0.01099550	90.62126700	0.32502761	65.56406500	5.69381340	1.10351093
8.65684320	92.68040200	0.01078977	92.35115000	0.32925239	65.56465900	5.69625442	1.10303804
8.66055990	94.19998900	0.01061571	93.54724000	0.65274952	65.56525400	5.69869537	1.10256557
8.66427660	95.52802000	0.01046813	94.39890300	1.12911680	65.56584900	5.70113632	1.10209350
8.66799340	96.83918000	0.01032640	95.26596200	1.57321820	65.56644500	5.70357733	1.10162183
8.67171010	98.34757000	0.01016802	96.51841300	1.82915680	65.56704200	5.70601826	1.10115058
8.67542690	100.27279000	0.00997280	98.37711500	1.89567140	65.56764000	5.70845926	1.10067971
8.67914360	102.74122000	0.00973319	100.99487000	1.74634940	65.56823900	5.71090018	1.10020927
8.68286040	105.64339000	0.00946581	104.26983000	1.37356050	65.56883800	5.71334117	1.09973921
8.68657710	108.77956000	0.00919290	107.90276000	0.87679693	65.56943700	5.71578208	1.09926957
8.69029380	111.89724000	0.00893677	111.44132000	0.45592887	65.57003800	5.71822298	1.09880033
8.69401060	114.68341000	0.00871966	114.34319000	0.34022262	65.57063900	5.72066395	1.09833148
8.69772730	116.79323000	0.00856214	116.13148000	0.66174885	65.57124000	5.72310484	1.09786304
8.70144410	118.06752000	0.00846973	116.61293000	1.45458430	65.57184200	5.72554580	1.09739500
8.70516080	118.51313000	0.00843788	116.00487000	2.50826690	65.57244400	5.72798668	1.09692736
8.70887750	118.26539000	0.00845556	114.75026000	3.51512990	65.57304700	5.73042755	1.09646012
8.71259430	117.47748000	0.00851227	113.36517000	4.11231170	65.57365000	5.73286849	1.09599327
8.71631100	116.38264000	0.00859235	112.19426000	4.18837600	65.57425300	5.73530935	1.09552684
8.72002780	115.14045000	0.00868504	111.37057000	3.76988130	65.57485700	5.73775027	1.09506078
8.72374450	113.72457000	0.00879317	110.70652000	3.01804310	65.57546100	5.74019113	1.09459514
8.72746120	112.07682000	0.00892245	109.94969000	2.12712370	65.57606500	5.74263197	1.09412989
8.73117800	110.08874000	0.00908358	108.77430000	1.31443960	65.57667000	5.74507288	1.09366503
8.73489470	107.65829000	0.00928865	107.00795000	0.65034290	65.57727500	5.74751371	1.09320058
8.73861150	104.80395000	0.00954162	104.59905000	0.20490251	65.57787900	5.74995460	1.09273651
8.74232820	101.66095000	0.00983662	101.58790000	0.07304784	65.57848400	5.75239542	1.09227284
8.74604500	98.34831000	0.01016794	98.19238900	0.15592035	65.57908900	5.75483630	1.09180956
8.74976170	95.07462800	0.01051805	94.72510700	0.34952143	65.57969400	5.75727711	1.09134669
8.75347840	92.02043700	0.01086715	91.53700100	0.48343591	65.58029900	5.75971792	1.09088421
8.75719520	89.28435000	0.01120017	88.81817800	0.46617230	65.58090400	5.76215878	1.09042211
8.76091190	86.96823100	0.01149845	86.80903700	0.15919437	65.58150900	5.76459957	1.08996041
8.76462870	85.17236800	0.01174090	85.59751700	-0.42514873	65.58211400	5.76704042	1.08949909
8.76834540	84.01490500	0.01190265	85.22778200	-1.21287630	65.58271900	5.76948120	1.08903818
8.77206220	83.54740400	0.01196925	85.74274200	-2.19533760	65.58332300	5.77192204	1.08857765
8.77577890	83.80049600	0.01193310	87.12460400	-3.32410810	65.58392800	5.77436280	1.08811752
8.77949560	84.91224900	0.01177686	89.29397400	-4.38172480	65.58453200	5.77680356	1.08765777
8.78321240	86.82127400	0.01151791	92.14514500	-5.32387070	65.58513600	5.77924438	1.08719841
8.78692910	89.39880100	0.01118583	95.44453300	-6.04573180	65.58573900	5.78168513	1.08673945
8.79064590	92.47826400	0.01081335	98.89802200	-6.41975830	65.58634300	5.78412594	1.08628086
8.79436260	95.65795100	0.01045391	102.10124000	-6.44329110	65.58694500	5.78656667	1.08582268
8.79807930	98.51344000	0.01015090	104.61688000	-6.10343490	65.58754800	5.78900740	1.08536488
8.80179610	100.73783000	0.00992676	106.19795000	-5.46012750	65.58815000	5.79144819	1.08490745
8.80551280	102.14830000	0.00978969	106.82389000	-4.67558560	65.58875200	5.79388891	1.08445043
8.80922960	102.74067000	0.00973324	106.64034000	-3.89967010	65.58935300	5.79632969	1.08399378
8.81294630	102.63602000	0.00974317	105.84316000	-3.20714470	65.58995300	5.79877040	1.08353752
8.81666300	102.08517000	0.00979574	104.63821000	-2.55304080	65.59055300	5.80121110	1.08308165
8.82037980	101.27943000	0.00987367	103.23667000	-1.95724220	65.59115300	5.80365185	1.08262616
8.82409650	100.27766000	0.00997231	101.86494000	-1.58728470	65.59175100	5.80609254	1.08217106
8.82781330	99.15437300	0.01008528	100.62587000	-1.47149190	65.59235000	5.80853329	1.08171633
8.83153000	97.92196900	0.01021221	99.51155100	-1.58958220	65.59294700	5.81097396	1.08126200
8.83524670	96.58891000	0.01035315	98.54318400	-1.95427400	65.59354400	5.81341463	1.08080805
8.83896350	95.28506500	0.01049482	97.74870800	-2.46364320	65.59413900	5.81585536	1.08035446
8.84268020	94.17863000	0.01061812	97.28319900	-3.10456930	65.59473500	5.81829602	1.07990128
8.84639700	93.45425900	0.01070042	97.28564500	-3.83138570	65.59532900	5.82073673	1.07944846
8.85011370	93.22861700	0.01072632	97.79591500	-4.56729800	65.59592200	5.82317738	1.07899604
8.85383050	93.47705800	0.01069781	98.75500700	-5.27794890	65.59651500	5.82561808	1.07854398
8.85754720	93.99296300	0.01063909	99.91669300	-5.92372930	65.59710600	5.82805872	1.07809231
8.86126390	94.47759200	0.01058452	100.94358000	-6.46599100	65.59769700	5.83049934	1.07764103
8.86498070	94.62618300	0.01056790	101.48431000	-6.85812880	65.59828600	5.83294003	1.07719011
8.86869740	94.31345400	0.01060294	101.36383000	-7.05037770	65.59887500	5.83538064	1.07673958
8.87241420	93.55412300	0.01068900	100.57908000	-7.02496200	65.59946300	5.83782131	1.07628942
8.87613090	92.53105200	0.01080718	99.35023200	-6.81918000	65.60004900	5.84026192	1.07583965
8.87984760	91.45118200	0.01093480	98.00117600	-6.54999380	65.60063400	5.84270251	1.07539025
8.88356440	90.58806400	0.01103898	96.86804000	-6.27997630	65.60121800	5.84514317	1.07494122
8.88728110	90.17312900	0.01108978	96.20713300	-6.03400420	65.60180100	5.84758375	1.07449257
8.89099790	90.31201400	0.01107272	96.13412700	-5.82211300	65.60238300	5.85002439	1.07404429
8.89471460	90.98327100	0.01099103	96.60228600	-5.61901450	65.60296300	5.85246496	1.07359640
8.89843130	92.05379000	0.01086321	97.42039100	-5.36660140	65.60354200	5.85490553	1.07314888
8.90214810	93.35323300	0.01071200	98.28073400	-4.92750050	65.60412000	5.85734615	1.07270172
8.90586480	94.64217400	0.01056611	98.87187100	-4.22969740	65.60469600	5.85978670	1.07225495
8.90958160	95.65926100	0.01045377	98.98234200	-3.32308070	65.60527100	5.86222732	1.07180854
8.91329830	96.17294300	0.01039794	98.51870800	-2.34576450	65.60584500	5.86466786	1.07136252
8.91701510	96.02879800	0.01041354	97.43869000	-1.40989110	65.60641700	5.86710846	1.07091685
8.92073180	95.22851100	0.01050106	95.73479500	-0.50628457	65.60698700	5.86954898	1.07047157
8.92444850	93.78854900	0.01066228	93.47256100	0.31598819	65.60755600	5.87198950	1.07002666
8.92816530	91.85621100	0.01088658	90.82068500	1.03552660	65.60812400	5.87443009	1.06958211
8.93188200	89.65409600	0.01115398	88.08164100	1.57245500	65.60869000	5.87687060	1.06913794
8.93559880	87.36349200	0.01144643	85.52893800	1.83455400	65.60925400	5.87931116	1.06869413
8.93931550	85.21825700	0.01173458	83.36395800	1.85429890	65.60981700	5.88175166	1.06825070
8.94303220	83.42641400	0.01198661	81.72726000	1.69915460	65.61037800	5.88419215	1.06780764
8.94674900	82.12246200	0.01217694	80.64627300	1.47618880	65.61093700	5.88663270	1.06736493
8.95046570	81.35835300	0.01229130	80.13454500	1.22380760	65.61149400	5.88907318	1.06692261
8.95418250	81.17317500	0.01231934	80.16083700	1.01233760	65.61205000	5.89151372	1.06648064
8.95789920	81.60242500	0.01225454	80.64412200	0.95830293	65.61260300	5.89395418	1.06603905
8.96161600	82.55644000	0.01211293	81.46041100	1.09602840	65.61315500	5.89639471	1.06559781
8.96533270	83.79229700	0.01193427	82.45087900	1.34141840	65.61370500	5.89883516	1.06515696
8.96904940	85.07726800	0.01175402	83.36113600	1.71613200	65.61425300	5.90127561	1.06471647
8.97276620	86.10088100	0.01161428	83.93692600	2.16395510	65.61479900	5.90371612	1.06427633
8.97648290	86.59113600	0.01154853	83.95371100	2.63742470	65.61534300	5.90615655	1.06383657
8.98019970	86.41198500	0.01157247	83.34649700	3.06548820	65.61588600	5.90859704	1.06339716
8.98391640	85.59744000	0.01168259	82.19366100	3.40377870	65.61642600	5.91103747	1.06295813
8.98763310	84.36106900	0.01185381	80.72280500	3.63826390	65.61696300	5.91347788	1.06251946
8.99134990	82.89997400	0.01206273	79.14755600	3.75241750	65.61749900	5.91591836	1.06208114
8.99506660	81.42688200	0.01228096	77.63448200	3.79240040	65.61803300	5.91835876	1.06164320
8.99878340	80.13571700	0.01247883	76.28791700	3.84779960	65.61856400	5.92079923	1.06120560
9.00250010	79.07919300	0.01264555	75.16609300	3.91309980	65.61909400	5.92323962	1.06076838
9.00621680	78.27146100	0.01277605	74.30023200	3.97122930	65.61962100	5.92568000	1.06033152
9.00993360	77.70528900	0.01286914	73.70048400	4.00480520	65.62014500	5.92812045	1.05989501
9.01365030	77.38333100	0.01292268	73.36552900	4.01780250	65.62066800	5.93056082	1.05945888
9.01736710	77.30734500	0.01293538	73.29722700	4.01011780	65.62118800	5.93300125	1.05902309
9.02108380	77.45945500	0.01290998	73.50963300	3.94982200	65.62170500	5.93544161	1.05858767
9.02480060	77.86230500	0.01284319	74.01877600	3.84352910	65.62222000	5.93788203	1.05815260
9.02851730	78.48013100	0.01274208	74.85749500	3.62263580	65.62273300	5.94032238	1.05771790
9.03223400	79.32082400	0.01260703	76.08390600	3.23691820	65.62324300	5.94276272	1.05728356
9.03595080	80.40779100	0.01243661	77.71919600	2.68859480	65.62375100	5.94520312	1.05684956
9.03966750	81.78507000	0.01222717	79.80461000	1.98045930	65.62425600	5.94764345	1.05641593
9.04338430	83.41309600	0.01198852	82.35105800	1.06203850	65.62475900	5.95008384	1.05598265
9.04710100	85.29946600	0.01172340	85.34078000	-0.04131309	65.62525900	5.95252415	1.05554974
9.05081780	87.42344900	0.01143858	88.65257700	-1.22912810	65.62575600	5.95496453	1.05511717
9.05453450	89.65974700	0.01115328	92.11846200	-2.45871560	65.62625100	5.95740483	1.05468496
9.05825120	91.92142000	0.01087886	95.42361400	-3.50219390	65.62674300	5.95984513	1.05425312
9.06196800	94.06725100	0.01063069	98.15702000	-4.08976900	65.62723200	5.96228549	1.05382161
9.06568470	95.90823100	0.01042663	99.96891400	-4.06068300	65.62771800	5.96472577	1.05339047
9.06940150	97.28592200	0.01027898	100.61667000	-3.33075060	65.62820200	5.96716612	1.05295968
9.07311820	98.07736200	0.01019603	100.13718000	-2.05981780	65.62868300	5.96960639	1.05252925
9.07683490	98.28359200	0.01017464	98.87513300	-0.59154110	65.62916100	5.97204666	1.05209917
9.08055170	97.95208700	0.01020907	97.28023400	0.67185344	65.62963600	5.97448698	1.05166943
9.08426840	97.29378300	0.01027815	95.78322500	1.51055750	65.63010800	5.97692723	1.05124005
9.08798520	96.60078700	0.01035188	94.71231700	1.88847020	65.63057700	5.97936755	1.05081102
9.09170190	96.11508900	0.01040419	94.25561000	1.85947920	65.63104300	5.98180779	1.05038235
9.09541860	96.03508500	0.01041286	94.49878000	1.53630480	65.63150600	5.98424802	1.04995403
9.09913540	96.43443000	0.01036974	95.40031500	1.03411510	65.63196600	5.98668832	1.04952604
9.10285210	97.26033000	0.01028168	96.84585300	0.41447753	65.63242300	5.98912854	1.04909842
9.10656890	98.33090500	0.01016974	98.60516900	-0.27426422	65.63287700	5.99156882	1.04867114
9.11028560	99.41468300	0.01005888	100.46293000	-1.04825160	65.63332700	5.99400903	1.04824422
9.11400230	100.44330000	0.00995587	102.28220000	-1.83890020	65.63377500	5.99644923	1.04781764
9.11771910	101.44541000	0.00985752	104.01966000	-2.57425070	65.63421900	5.99888950	1.04739141
9.12143580	102.42702000	0.00976305	105.68119000	-3.25416960	65.63466000	6.00132969	1.04696553
9.12515260	103.38096000	0.00967296	107.21368000	-3.83272650	65.63509800	6.00376994	1.04653999
9.12886930	104.23470000	0.00959373	108.42988000	-4.19517200	65.63553200	6.00621011	1.04611480
9.13258610	104.81250000	0.00954085	109.03073000	-4.21823570	65.63596300	6.00865035	1.04568995
9.13630280	104.90154000	0.00953275	108.71112000	-3.80957760	65.63639100	6.01109052	1.04526546
9.14001950	104.31714000	0.00958615	107.30422000	-2.98707930	65.63681500	6.01353068	1.04484132
9.14373630	103.02548000	0.00970634	104.93165000	-1.90616920	65.63723600	6.01597089	1.04441750
9.14745300	101.08089000	0.00989307	101.97201000	-0.89112374	65.63765300	6.01841104	1.04399405
9.15116980	98.68298300	0.01013346	98.81461000	-0.13162681	65.63806700	6.02085125	1.04357093
9.15488650	96.17410300	0.01039781	95.78128300	0.39281972	65.63847700	6.02329138	1.04314816
9.15860330	93.74491100	0.01066725	93.11371100	0.63120008	65.63888300	6.02573157	1.04272572
9.16232000	91.51301100	0.01092741	90.93495900	0.57805146	65.63928600	6.02817169	1.04230364
9.16603670	89.60992200	0.01115948	89.29807400	0.31184819	65.63968600	6.03061181	1.04188190
9.16975350	88.05482000	0.01135656	88.14562600	-0.09080592	65.64008200	6.03305198	1.04146050
9.17347020	86.81248000	0.01151908	87.37945500	-0.56697551	65.64047400	6.03549209	1.04103944
9.17718690	85.84414700	0.01164902	86.83258000	-0.98843359	65.64086200	6.03793218	1.04061873
9.18090370	85.10361200	0.01175038	86.28442200	-1.18080930	65.64124600	6.04037234	1.04019835
9.18462040	84.47182700	0.01183827	85.52248600	-1.05065900	65.64162700	6.04281242	1.03977831
9.18833720	83.88091300	0.01192166	84.46622200	-0.58530936	65.64200400	6.04525256	1.03935861
9.19205390	83.29143500	0.01200604	83.16500400	0.12643140	65.64237700	6.04769263	1.03893926
9.19577070	82.66823800	0.01209654	81.73222600	0.93601244	65.64274600	6.05013276	1.03852024
9.19948740	81.99249000	0.01219624	80.33746500	1.65502550	65.64311200	6.05257282	1.03810156
9.20320410	81.27465600	0.01230396	79.09612700	2.17852860	65.64347300	6.05501287	1.03768323
9.20692090	80.55716700	0.01241354	78.11483900	2.44232770	65.64383000	6.05745298	1.03726522
9.21063760	79.92725900	0.01251138	77.46765800	2.45960050	65.64418400	6.05989302	1.03684756
9.21435440	79.42111000	0.01259111	77.21243500	2.20867480	65.64453300	6.06233312	1.03643023
9.21807110	79.14117900	0.01263565	77.39332500	1.74785390	65.64487800	6.06477314	1.03601325
9.22178790	79.16699700	0.01263153	78.09285900	1.07413810	65.64521900	6.06721323	1.03559659
9.22550460	79.63673400	0.01255702	79.33718200	0.29955180	65.64555600	6.06965324	1.03518027
9.22922130	80.68894200	0.01239327	81.15196800	-0.46302650	65.64588900	6.07209325	1.03476430
9.23293810	82.44984700	0.01212859	83.59434500	-1.14449760	65.64621800	6.07453331	1.03434865
9.23665480	85.07444000	0.01175441	86.60556300	-1.53112340	65.64654200	6.07697330	1.03393334
9.24037160	88.66247000	0.01127873	90.13257800	-1.47010720	65.64686200	6.07941336	1.03351836
9.24408830	92.96504700	0.01075673	94.01082100	-1.04577420	65.64717800	6.08185334	1.03310372
9.24780500	97.64579500	0.01024110	97.97308300	-0.32728824	65.64749000	6.08429331	1.03268942
9.25152180	102.16828000	0.00978777	101.61636000	0.55191897	65.64779700	6.08673335	1.03227543
9.25523850	105.73944000	0.00945721	104.43167000	1.30777240	65.64810000	6.08917331	1.03186180
9.25895530	107.93419000	0.00926491	105.96230000	1.97188640	65.64839800	6.09161333	1.03144848
9.26267200	108.60138000	0.00920799	106.08503000	2.51635320	65.64869200	6.09405328	1.03103551
9.26638870	107.97175000	0.00926168	105.04370000	2.92805340	65.64898100	6.09649322	1.03062286
9.27010550	106.40774000	0.00939781	103.29905000	3.10869150	65.64926600	6.09893322	1.03021054
9.27382220	104.40975000	0.00957765	101.32662000	3.08312760	65.64954700	6.10137315	1.02979856
9.27753900	102.53071000	0.00975318	99.41032400	3.12038730	65.64982300	6.10381314	1.02938690
9.28125570	100.83724000	0.00991697	97.64673500	3.19050160	65.65009400	6.10625306	1.02897558
9.28497240	99.24547600	0.01007603	95.96269100	3.28278450	65.65036100	6.10869297	1.02856459
9.28868920	97.63576500	0.01024215	94.24249500	3.39327050	65.65062300	6.11113294	1.02815392
9.29240590	95.87533800	0.01043021	92.49567400	3.37966440	65.65088000	6.11357284	1.02774359
9.29612270	93.96506200	0.01064225	90.81290400	3.15215890	65.65113300	6.11601279	1.02733358
9.29983940	92.03378500	0.01086558	89.33864900	2.69513610	65.65138000	6.11845268	1.02692390
9.30355620	90.20238000	0.01108618	88.17938600	2.02299360	65.65162400	6.12089262	1.02651455
9.30727290	88.57348100	0.01129006	87.41080000	1.16268120	65.65186200	6.12333249	1.02610553
9.31098960	87.27080800	0.01145859	86.97793700	0.29287060	65.65209500	6.12577236	1.02569683
9.31470640	86.32778200	0.01158376	86.75678500	-0.42900350	65.65232400	6.12821228	1.02528846
9.31842310	85.67527300	0.01167198	86.57950800	-0.90423531	65.65254800	6.13065213	1.02488042
9.32213990	85.23130800	0.01173278	86.26864100	-1.03733310	65.65276600	6.13309205	1.02447269
9.32585660	84.94800300	0.01177191	85.74501300	-0.79700959	65.65298000	6.13553189	1.02406530
9.32957340	84.82080800	0.01178956	85.10726500	-0.28645653	65.65318900	6.13797178	1.02365823
9.33329010	84.79844400	0.01179267	84.51306400	0.28538010	65.65339300	6.14041161	1.02325149
9.33700680	84.91220100	0.01177687	84.15958200	0.75261880	65.65359100	6.14285143	1.02284507
9.34072360	85.17134600	0.01174104	84.20464800	0.96669836	65.65378500	6.14529131	1.02243897
9.34444030	85.59568300	0.01168283	84.75186000	0.84382282	65.65397400	6.14773112	1.02203320
9.34815700	86.25615700	0.01159337	85.81123500	0.44492180	65.65415700	6.15017092	1.02162775
9.35187380	87.17598500	0.01147105	87.35540800	-0.17942363	65.65433500	6.15261078	1.02122262
9.35559050	88.30973600	0.01132378	89.25202100	-0.94228511	65.65450900	6.15505057	1.02081782
9.35930730	89.55369300	0.01116649	91.30541800	-1.75172520	65.65467600	6.15749041	1.02041333
9.36302400	90.75058700	0.01101921	93.21292400	-2.46233640	65.65483900	6.15993019	1.02000917
9.36674080	91.65890800	0.01091001	94.61645400	-2.95754610	65.65499600	6.16237002	1.01960533
9.37045750	92.07826500	0.01086033	95.25501000	-3.17674500	65.65514800	6.16480978	1.01920181
9.37417420	91.91368400	0.01087977	94.95240100	-3.03871770	65.65529500	6.16724954	1.01879862
9.37789100	91.18317700	0.01096694	93.71708200	-2.53390520	65.65543600	6.16968935	1.01839573
9.38160770	90.00961000	0.01110992	91.75880400	-1.74919370	65.65557200	6.17212910	1.01799318
9.38532450	88.54671000	0.01129347	89.35321700	-0.80650687	65.65570300	6.17456890	1.01759093
9.38904120	87.01213600	0.01149265	86.82479600	0.18733960	65.65582800	6.17700863	1.01718901
9.39275800	85.48940800	0.01169736	84.45710800	1.03230000	65.65594700	6.17944842	1.01678740
9.39647470	84.07398700	0.01189428	82.41336100	1.66062590	65.65606100	6.18188813	1.01638612
9.40019140	82.87361100	0.01206657	80.81732000	2.05629130	65.65617000	6.18432784	1.01598516
9.40390820	81.94068400	0.01220395	79.73983900	2.20084500	65.65627300	6.18676761	1.01558450
9.40762490	81.33684300	0.01229455	79.19574800	2.14109480	65.65637000	6.18920731	1.01518417
9.41134170	81.11975600	0.01232745	79.17823000	1.94152580	65.65646100	6.19164706	1.01478415
9.41505840	81.35336300	0.01229205	79.65233700	1.70102580	65.65654700	6.19408675	1.01438445
9.41877510	82.09479800	0.01218104	80.59843400	1.49636430	65.65662800	6.19652643	1.01398507
9.42249190	83.28730500	0.01200663	81.93044900	1.35685580	65.65670200	6.19896616	1.01358600
9.42620860	84.87480700	0.01178206	83.54988400	1.32492250	65.65677100	6.20140583	1.01318725
9.42992540	86.73697700	0.01152911	85.32240300	1.41457390	65.65683400	6.20384555	1.01278880
9.43364210	88.63345800	0.01128242	87.09693700	1.53652160	65.65689100	6.20628520	1.01239068
9.43735890	90.42853500	0.01105846	88.72609500	1.70244090	65.65694300	6.20872491	1.01199286
9.44107560	92.04595700	0.01086414	90.16674100	1.87921620	65.65698800	6.21116455	1.01159537
9.44479230	93.42097200	0.01070423	91.47368200	1.94729050	65.65702800	6.21360418	1.01119819
9.44850910	94.57406100	0.01057372	92.72277700	1.85128370	65.65706200	6.21604387	1.01080131
9.45222580	95.55252100	0.01046545	93.94637800	1.60614290	65.65709000	6.21848349	1.01040476
9.45594250	96.39484700	0.01037400	95.13335300	1.26149320	65.65711100	6.22092310	1.01000852
9.45965930	97.15678400	0.01029264	96.34041700	0.81636730	65.65712700	6.22336278	1.00961257
9.46337600	97.88706200	0.01021585	97.60999900	0.27706285	65.65713700	6.22580237	1.00921695
9.46709280	98.61083000	0.01014087	98.99419100	-0.38336094	65.65714100	6.22824203	1.00882163
9.47080950	99.29119600	0.01007139	100.43574000	-1.14454820	65.65713800	6.23068162	1.00842664
9.47452630	99.87084200	0.01001293	101.76784000	-1.89699490	65.65713000	6.23312126	1.00803194
9.47824300	100.22674000	0.00997738	102.84791000	-2.62116530	65.65711500	6.23556084	1.00763756
9.48195970	100.21414000	0.00997863	103.39458000	-3.18044460	65.65709400	6.23800040	1.00724349
9.48567650	99.72802500	0.01002727	103.22143000	-3.49340070	65.65706700	6.24044003	1.00684972
9.48939320	98.74894200	0.01012669	102.17889000	-3.42994910	65.65703400	6.24287958	1.00645627
9.49311000	97.30418900	0.01027705	100.21977000	-2.91558390	65.65699500	6.24531919	1.00606312
9.49682670	95.49117300	0.01047217	97.52252000	-2.03134690	65.65694900	6.24775873	1.00567029
9.50054350	93.47577400	0.01069796	94.41229700	-0.93652304	65.65689700	6.25019833	1.00527775
9.50426020	91.39027100	0.01094208	91.27117700	0.11909451	65.65683800	6.25263786	1.00488553
9.50797690	89.32977000	0.01119448	88.41774200	0.91202852	65.65677300	6.25507738	1.00449362
9.51169370	87.46801800	0.01143275	86.04083600	1.42718190	65.65670200	6.25751696	1.00410200
9.51541040	85.88624800	0.01164331	84.26993400	1.61631400	65.65662500	6.25995647	1.00371070
9.51912720	84.70536300	0.01180563	83.17188800	1.53347470	65.65654000	6.26239603	1.00331970
9.52284390	84.02742500	0.01190088	82.77802800	1.24939700	65.65645000	6.26483553	1.00292901
9.52656060	83.91765100	0.01191644	83.02986800	0.88778315	65.65635300	6.26727501	1.00253863
9.53027740	84.39461000	0.01184910	83.89193600	0.50267427	65.65624900	6.26971456	1.00214854
9.53399410	85.42498500	0.01170618	85.27042800	0.15455697	65.65613900	6.27215403	1.00175877
9.53771090	86.95697300	0.01149994	87.02125100	-0.06427835	65.65602200	6.27459357	1.00136929
9.54142760	88.87804900	0.01125137	88.94990500	-0.07185582	65.65589900	6.27703303	1.00098013
9.54514430	90.95188900	0.01099482	90.81623800	0.13565095	65.65576900	6.27947248	1.00059126
9.54886110	92.99276500	0.01075352	92.40880000	0.58396488	65.65563200	6.28191199	1.00020270
9.55257780	94.80916600	0.01054750	93.60418100	1.20498450	65.65548900	6.28435144	0.99981444
9.55629460	96.19618700	0.01039542	94.34878600	1.84740120	65.65533800	6.28679094	0.99942648
9.56001130	97.00937900	0.01030828	94.62696800	2.38241100	65.65518100	6.28923036	0.99903882
9.56372800	97.14790600	0.01029358	94.40191700	2.74598880	65.65501800	6.29166979	0.99865147
9.56744480	96.59524800	0.01035248	93.68494100	2.91030680	65.65484700	6.29410927	0.99826442
9.57116150	95.41682200	0.01048033	92.50188700	2.91493440	65.65467000	6.29654867	0.99787767
9.57487830	93.75478400	0.01066612	91.00109400	2.75368930	65.65448600	6.29898814	0.99749121
9.57859500	91.84177900	0.01088829	89.36757100	2.47420790	65.65429500	6.30142754	0.99710506
9.58231180	89.88230600	0.01112566	87.85216100	2.03014560	65.65409700	6.30386699	0.99671921
9.58602850	88.12646500	0.01134733	86.67375300	1.45271230	65.65389200	6.30630637	0.99633366
9.58974520	86.79766300	0.01152105	85.97885700	0.81880658	65.65368000	6.30874575	0.99594841
9.59346200	86.01952600	0.01162527	85.84205500	0.17747068	65.65346100	6.31118518	0.99556345
9.59717870	85.82966100	0.01165098	86.26844400	-0.43878263	65.65323500	6.31362454	0.99517880
9.60089550	86.24193800	0.01159529	87.17308700	-0.93114828	65.65300200	6.31606396	0.99479444
9.60461220	87.20251000	0.01146756	88.40660300	-1.20409310	65.65276200	6.31850331	0.99441038
9.60832900	88.57777900	0.01128951	89.73556800	-1.15778900	65.65251500	6.32094272	0.99402662
9.61204570	90.05393200	0.01110446	90.84727200	-0.79333954	65.65226100	6.32338205	0.99364316
9.61576240	91.34700000	0.01094727	91.47435800	-0.12735829	65.65199900	6.32582138	0.99325999
9.61947920	92.16508200	0.01085010	91.40295100	0.76213112	65.65173100	6.32826077	0.99287712
9.62319590	92.29568200	0.01083474	90.58454700	1.71113500	65.65145500	6.33070008	0.99249455
9.62691260	91.69550300	0.01090566	89.16528100	2.53022220	65.65117200	6.33313939	0.99211227
9.63062940	90.46308400	0.01105423	87.36626600	3.09681750	65.65088100	6.33557876	0.99173028
9.63434610	88.84184000	0.01125596	85.49693700	3.34490300	65.65058400	6.33801805	0.99134860
9.63806290	87.06072500	0.01148624	83.79372100	3.26700400	65.65027900	6.34045741	0.99096720
9.64177960	85.38485700	0.01171168	82.44052200	2.94433550	65.64996700	6.34289669	0.99058610
9.64549640	84.09199300	0.01189174	81.55525800	2.53673450	65.64964700	6.34533603	0.99020529
9.64921310	83.26782200	0.01200944	81.17868600	2.08913660	65.64932000	6.34777530	0.98982478
9.65292980	82.93438500	0.01205773	81.31346600	1.62091900	65.64898600	6.35021456	0.98944457
9.65664660	83.05722000	0.01203989	81.91128100	1.14593950	65.64864400	6.35265388	0.98906464
9.66036330	83.56937700	0.01196611	82.90274100	0.66663580	65.64829500	6.35509313	0.98868501
9.66408010	84.32558400	0.01185880	84.10896400	0.21662091	65.64793800	6.35753244	0.98830566
9.66779680	85.07476300	0.01175437	85.33847800	-0.26371550	65.64757300	6.35997167	0.98792662
9.67151360	85.68393200	0.01167080	86.40018600	-0.71625405	65.64720200	6.36241097	0.98754786
9.67523030	86.03861700	0.01162269	87.13087300	-1.09225530	65.64682200	6.36485019	0.98716939
9.67894700	86.11661300	0.01161216	87.44936100	-1.33274810	65.64643500	6.36728940	0.98679122
9.68266380	85.94363400	0.01163553	87.34022100	-1.39658720	65.64604000	6.36972868	0.98641334
9.68638050	85.60180200	0.01168200	86.81319900	-1.21139780	65.64563800	6.37216788	0.98603575
9.69009730	85.21653000	0.01173481	85.94320700	-0.72667731	65.64522800	6.37460714	0.98565844
9.69381400	84.86086000	0.01178400	84.89623800	-0.03537740	65.64481100	6.37704633	0.98528143
9.69753070	84.58014900	0.01182311	83.83818300	0.74196629	65.64438500	6.37948551	0.98490471
9.70124750	84.37977900	0.01185118	82.93154200	1.44823610	65.64395200	6.38192475	0.98452827
9.70496420	84.24830400	0.01186967	82.28434000	1.96396330	65.64351100	6.38436392	0.98415212
9.70868100	84.16633600	0.01188124	81.89978600	2.26655050	65.64306200	6.38680314	0.98377626
9.71239770	84.11762200	0.01188811	81.74769900	2.36992390	65.64260600	6.38924230	0.98340069
9.71611440	84.08232400	0.01189311	81.72146500	2.36085850	65.64214200	6.39168145	0.98302542
9.71983120	84.03414900	0.01189992	81.67765900	2.35649050	65.64166900	6.39412065	0.98265041
9.72354790	83.95098100	0.01191171	81.49246000	2.45852120	65.64118900	6.39655979	0.98227571
9.72726470	83.81882700	0.01193049	81.11632100	2.70250630	65.64070100	6.39899898	0.98190128
9.73098140	83.64259800	0.01195563	80.59886000	3.04373810	65.64020500	6.40143810	0.98152715
9.73469810	83.43900600	0.01198480	80.06241200	3.37659340	65.63970100	6.40387721	0.98115331
9.73841490	83.22386900	0.01201578	79.62693900	3.59692990	65.63919000	6.40631639	0.98077974
9.74213160	83.03677600	0.01204286	79.37428000	3.66249660	65.63867000	6.40875549	0.98040646
9.74584840	82.90794600	0.01206157	79.33849800	3.56944850	65.63814200	6.41119465	0.98003347
9.74956510	82.84999600	0.01207001	79.50625600	3.34373940	65.63760600	6.41363373	0.97966076
9.75328190	82.84288500	0.01207104	79.83699700	3.00588860	65.63706100	6.41607288	0.97928833
9.75699860	82.87835400	0.01206588	80.19443900	2.68391550	65.63650900	6.41851195	0.97891620
9.76071530	82.91788700	0.01206012	80.45202100	2.46586680	65.63594900	6.42095102	0.97854434
9.76443210	82.91776000	0.01206014	80.48000700	2.43775330	65.63538000	6.42339015	0.97817277
9.76814880	82.84160100	0.01207123	80.33547400	2.50612710	65.63480400	6.42582920	0.97780148
9.77186560	82.68294500	0.01209439	80.06581300	2.61713270	65.63421900	6.42826831	0.97743047
9.77558230	82.49066700	0.01212258	79.82891800	2.66174900	65.63362500	6.43070735	0.97705975
9.77929910	82.39302100	0.01213695	79.69050700	2.70251390	65.63302400	6.43314645	0.97668930
9.78301580	82.51816300	0.01211854	79.79334600	2.72481740	65.63241400	6.43558548	0.97631914
9.78673250	82.94854000	0.01205567	80.10988600	2.83865410	65.63179600	6.43802450	0.97594927
9.79044930	83.72516400	0.01194384	80.64996600	3.07519750	65.63117000	6.44046358	0.97557967
9.79416600	84.78837600	0.01179407	81.34316100	3.44521470	65.63053500	6.44290258	0.97521035
9.79788280	85.95800300	0.01163359	82.02897900	3.92902330	65.62989200	6.44534165	0.97484131
9.80159950	86.94497900	0.01150153	82.54921600	4.39576380	65.62924100	6.44778064	0.97447256
9.80531620	87.52260800	0.01142562	82.70586500	4.81674380	65.62858100	6.45021963	0.97410409
9.80903300	87.52018500	0.01142594	82.41414700	5.10603760	65.62791300	6.45265867	0.97373589
9.81274970	86.92418200	0.01150428	81.71405700	5.21012420	65.62723600	6.45509764	0.97336797
9.81646650	85.81885800	0.01165245	80.76141100	5.05744650	65.62655100	6.45753667	0.97300033
9.82018320	84.44322500	0.01184228	79.72192400	4.72130070	65.62585700	6.45997563	0.97263297
9.82389990	83.03394800	0.01204327	78.76699600	4.26695180	65.62515400	6.46241458	0.97226590
9.82761670	81.74500800	0.01223316	78.01541300	3.72959500	65.62444400	6.46485359	0.97189909
9.83133340	80.69849900	0.01239180	77.54058500	3.15791350	65.62372400	6.46729253	0.97153257
9.83505020	79.96681700	0.01250519	77.43817500	2.52864210	65.62299600	6.46973153	0.97116631
9.83876690	79.54579400	0.01257137	77.71264300	1.83315140	65.62225900	6.47217045	0.97080034
9.84248370	79.41104900	0.01259271	78.41588600	0.99516282	65.62151400	6.47460944	0.97043464
9.84620040	79.53041800	0.01257381	79.51453900	0.01587956	65.62076000	6.47704835	0.97006923
9.84991710	79.92637600	0.01251151	81.01854100	-1.09216480	65.61999700	6.47948725	0.96970409
9.85363390	80.55619000	0.01241370	82.86217200	-2.30598200	65.61922600	6.48192622	0.96933922
9.85735060	81.37080900	0.01228942	84.97299500	-3.60218620	65.61844600	6.48436511	0.96897463
9.86106740	82.35561400	0.01214246	87.21187200	-4.85625810	65.61765700	6.48680405	0.96861031
9.86478410	83.46457200	0.01198113	89.39307000	-5.92849850	65.61685900	6.48924293	0.96824628
9.86850080	84.63740300	0.01181511	91.31574800	-6.67834490	65.61605200	6.49168180	0.96788251
9.87221760	85.80763200	0.01165398	92.82009300	-7.01246020	65.61523700	6.49412073	0.96751902
9.87593430	86.90103400	0.01150734	93.85728800	-6.95625430	65.61441300	6.49655959	0.96715580
9.87965110	87.86103600	0.01138161	94.50487500	-6.64383900	65.61358000	6.49899850	0.96679285
9.88336780	88.69710800	0.01127432	94.87029000	-6.17318210	65.61273800	6.50143734	0.96643019
9.88708460	89.47287700	0.01117657	95.17550000	-5.70262270	65.61188700	6.50387625	0.96606778
9.89080130	90.29878700	0.01107435	95.62521600	-5.32642890	65.61102700	6.50631508	0.96570566
9.89451800	91.29647300	0.01095333	96.41172500	-5.11525200	65.61015800	6.50875390	0.96534381
9.89823480	92.57120300	0.01080250	97.65483500	-5.08363230	65.60928000	6.51119278	0.96498223
9.90195150	94.14450300	0.01062197	99.36177700	-5.21727410	65.60839400	6.51363159	0.96462092
9.90566830	95.98964700	0.01041779	101.40459000	-5.41494150	65.60749800	6.51607045	0.96425988
9.90938500	97.94502500	0.01020981	103.57606000	-5.63103690	65.60659300	6.51850925	0.96389912
9.91310170	99.79420000	0.01002062	105.62506000	-5.83085560	65.60567900	6.52094804	0.96353863
9.91681850	101.33053000	0.00986869	107.31481000	-5.98427700	65.60475600	6.52338688	0.96317839
9.92053520	102.37426000	0.00976808	108.49242000	-6.11816440	65.60382400	6.52582566	0.96281844
9.92425200	102.83929000	0.00972391	109.07231000	-6.23301270	65.60288300	6.52826449	0.96245875
9.92796870	102.74235000	0.00973308	109.04498000	-6.30263410	65.60193200	6.53070325	0.96209934
9.93168540	102.20368000	0.00978438	108.49002000	-6.28633920	65.60097300	6.53314200	0.96174020
9.93540220	101.38659000	0.00986324	107.60103000	-6.21443850	65.60000400	6.53558082	0.96138132
9.93911890	100.47031000	0.00995319	106.65093000	-6.18061630	65.59902600	6.53801956	0.96102272
9.94283570	99.68191300	0.01003191	105.91498000	-6.23306310	65.59803800	6.54045835	0.96066437
9.94655240	99.20838900	0.01007979	105.63455000	-6.42615700	65.59704200	6.54289708	0.96030630
9.95026920	99.16798100	0.01008390	105.93444000	-6.76645670	65.59603600	6.54533587	0.95994849
9.95398590	99.63000500	0.01003714	106.87334000	-7.24333490	65.59502100	6.54777458	0.95959096
9.95770260	100.58562000	0.00994178	108.37264000	-7.78701750	65.59399700	6.55021328	0.95923370
9.96141940	102.00314000	0.00980362	110.28395000	-8.28080970	65.59296300	6.55265205	0.95887669
9.96513610	103.71710000	0.00964161	112.42388000	-8.70677650	65.59192000	6.55509074	0.95851996
9.96885290	105.55045000	0.00947414	114.56418000	-9.01373160	65.59086700	6.55752949	0.95816348
9.97256960	107.38726000	0.00931209	116.51164000	-9.12438180	65.58980500	6.55996817	0.95780729
9.97628630	109.05875000	0.00916937	118.10907000	-9.05031670	65.58873400	6.56240684	0.95745135
9.98000310	110.39302000	0.00905854	119.16428000	-8.77126850	65.58765300	6.56484557	0.95709568
9.98371980	111.27498000	0.00898675	119.58105000	-8.30606960	65.58656300	6.56728423	0.95674027
9.98743660	111.67260000	0.00895475	119.36905000	-7.69645430	65.58546300	6.56972294	0.95638513
9.99115330	111.57920000	0.00896224	118.64781000	-7.06861000	65.58435400	6.57216158	0.95603025
9.99487000	111.00420000	0.00900867	117.65979000	-6.65558610	65.58323500	6.57460022	0.95567565
9.99858680	110.05325000	0.00908651	116.60202000	-6.54877190	65.58210700	6.57703892	0.95532129
10.00230400	108.89677000	0.00918301	115.62327000	-6.72649900	65.58096900	6.57947787	0.95496716
10.00602000	107.63706000	0.00929048	114.76142000	-7.12436450	65.57982200	6.58191602	0.95461341
10.00973700	106.45003000	0.00939408	113.91446000	-7.46443410	65.57866500	6.58435483	0.95425983
10.01345400	105.48103000	0.00948038	113.01654000	-7.53550430	65.57749800	6.58679363	0.95390651
10.01717100	104.81451000	0.00954066	112.06602000	-7.25151190	65.57632200	6.58923242	0.95355345
10.02088700	104.46302000	0.00957277	111.11911000	-6.65609130	65.57513600	6.59167055	0.95320075
10.02460400	104.38124000	0.00958027	110.30650000	-5.92525320	65.57394000	6.59410932	0.95284822
10.02832100	104.51488000	0.00956802	109.66120000	-5.14632130	65.57273500	6.59654810	0.95249594
10.03203700	104.72821000	0.00954853	109.11437000	-4.38616690	65.57152000	6.59898620	0.95214403
10.03575400	104.87195000	0.00953544	108.56826000	-3.69631190	65.57029500	6.60142496	0.95179228
10.03947100	104.80385000	0.00954163	107.91652000	-3.11267550	65.56906000	6.60386371	0.95144079
10.04318800	104.43729000	0.00957512	107.07398000	-2.63669410	65.56781600	6.60630245	0.95108956
10.04690400	103.68838000	0.00964428	105.97426000	-2.28588160	65.56656200	6.60874053	0.95073869
10.05062100	102.55360000	0.00975100	104.53117000	-1.97757830	65.56529800	6.61117926	0.95038798
10.05433800	101.06605000	0.00989452	102.65224000	-1.58618520	65.56402400	6.61361799	0.95003753
10.05805500	99.26667300	0.01007387	100.29074000	-1.02406310	65.56274000	6.61605670	0.94968734
10.06177100	97.15424600	0.01029291	97.50496500	-0.35071875	65.56144700	6.61849475	0.94933751
10.06548800	94.86417100	0.01054139	94.48202300	0.38214854	65.56014300	6.62093345	0.94898784
10.06920500	92.51615700	0.01080892	91.49161200	1.02454470	65.55883000	6.62337215	0.94863842
10.07292200	90.21205400	0.01108499	88.73655800	1.47549600	65.55750700	6.62581084	0.94828927
10.07663800	88.09296400	0.01135164	86.35808600	1.73487860	65.55617400	6.62824886	0.94794047
10.08035500	86.28052800	0.01159010	84.42183300	1.85869510	65.55483100	6.63068753	0.94759183
10.08407200	84.79914600	0.01179257	82.96598200	1.83316400	65.55347800	6.63312620	0.94724344
10.08778900	83.69986000	0.01194745	81.96333300	1.73652660	65.55211400	6.63556486	0.94689532
10.09150500	82.94382500	0.01205635	81.36090500	1.58292000	65.55074100	6.63800286	0.94654755
10.09522200	82.52692200	0.01211726	81.10816500	1.41875680	65.54935800	6.64044150	0.94619993
10.09893900	82.35130100	0.01214310	81.10753100	1.24376910	65.54796500	6.64288014	0.94585258
10.10265600	82.36018100	0.01214179	81.26771800	1.09246310	65.54656200	6.64531877	0.94550548
10.10637200	82.54279800	0.01211493	81.51528100	1.02751740	65.54514800	6.64775674	0.94515873
10.11008900	82.86404700	0.01206796	81.81930100	1.04474540	65.54372500	6.65019536	0.94481214
10.11380600	83.28667700	0.01200672	82.20819400	1.07848340	65.54229100	6.65263397	0.94446581
10.11752300	83.82229600	0.01193000	82.73528100	1.08701500	65.54084800	6.65507257	0.94411973
10.12123900	84.49689000	0.01183476	83.45205700	1.04483260	65.53939400	6.65751051	0.94377400
10.12495600	85.29253900	0.01172436	84.39068300	0.90185604	65.53793000	6.65994910	0.94342843
10.12867300	86.15851100	0.01160651	85.55351200	0.60499837	65.53645500	6.66238768	0.94308311
10.13238900	87.06751300	0.01148534	86.94178900	0.12572365	65.53497100	6.66482560	0.94273814
10.13610600	88.00243900	0.01136332	88.58101400	-0.57857523	65.53347600	6.66726417	0.94239333
10.13982300	88.95923100	0.01124110	90.53386100	-1.57462980	65.53197100	6.66970273	0.94204878
10.14354000	89.93594100	0.01111902	92.82894200	-2.89300110	65.53045600	6.67214129	0.94170447
10.14725600	90.98629000	0.01099067	95.51001000	-4.52371990	65.52893100	6.67457918	0.94136052
10.15097300	92.14661700	0.01085227	98.51500100	-6.36838460	65.52739500	6.67701772	0.94101672
10.15469000	93.42399900	0.01070389	101.67553000	-8.25152810	65.52584900	6.67945625	0.94067317
10.15840700	94.84437600	0.01054359	104.76871000	-9.92433210	65.52429300	6.68189478	0.94032988
10.16212300	96.44069400	0.01036907	107.52935000	-11.08865900	65.52272600	6.68433264	0.93998693
10.16584000	98.20049000	0.01018325	109.81385000	-11.61336400	65.52114900	6.68677116	0.93964414
10.16955700	100.08799000	0.00999121	111.68352000	-11.59553000	65.51956100	6.68920966	0.93930160
10.17327400	102.14974000	0.00978955	113.37370000	-11.22396400	65.51796400	6.69164816	0.93895931
10.17699000	104.36811000	0.00958147	115.17388000	-10.80577100	65.51635500	6.69408600	0.93861736
10.18070700	106.73293000	0.00936918	117.28938000	-10.55645100	65.51473700	6.69652448	0.93827557
10.18442400	109.24449000	0.00915378	119.77424000	-10.52974500	65.51310700	6.69896296	0.93793403
10.18814100	111.84387000	0.00894103	122.51105000	-10.66717900	65.51146800	6.70140143	0.93759274
10.19185700	114.43536000	0.00873856	125.20842000	-10.77305700	65.50981800	6.70383923	0.93725179
10.19557400	116.87120000	0.00855643	127.44858000	-10.57738400	65.50815700	6.70627769	0.93691100
10.19929100	118.94374000	0.00840734	128.81193000	-9.86819370	65.50648600	6.70871614	0.93657045
10.20300800	120.39701000	0.00830585	129.00858000	-8.61157590	65.50480500	6.71115458	0.93623016
10.20672400	121.04007000	0.00826173	128.02706000	-6.98698720	65.50311300	6.71359236	0.93589020
10.21044100	120.80207000	0.00827800	126.06851000	-5.26643960	65.50141000	6.71603079	0.93555040
10.21415800	119.76989000	0.00834934	123.48922000	-3.71933510	65.49969700	6.71846921	0.93521085
10.21787500	118.05595000	0.00847056	120.63553000	-2.57957930	65.49797300	6.72090762	0.93487155
10.22159100	115.94443000	0.00862482	117.77459000	-1.83016650	65.49623900	6.72334537	0.93453258
10.22530800	113.69130000	0.00879575	115.09364000	-1.40233380	65.49449400	6.72578377	0.93419377
10.22902500	111.46804000	0.00897118	112.67079000	-1.20274680	65.49273800	6.72822216	0.93385521
10.23274100	109.38965000	0.00914163	110.52490000	-1.13525770	65.49097200	6.73065989	0.93351698
10.23645800	107.43451000	0.00930800	108.60550000	-1.17099270	65.48919500	6.73309827	0.93317891
10.24017500	105.49590000	0.00947904	106.81708000	-1.32118640	65.48740800	6.73553664	0.93284108
10.24389200	103.45608000	0.00966594	105.06099000	-1.60491030	65.48560900	6.73797501	0.93250350
10.24760800	101.29964000	0.00987170	103.30763000	-2.00799780	65.48380000	6.74041271	0.93216626
10.25132500	99.04203000	0.01009672	101.65549000	-2.61345920	65.48198100	6.74285106	0.93182917
10.25504200	96.84064500	0.01032624	100.25568000	-3.41503610	65.48015000	6.74528940	0.93149233
10.25875900	94.87557500	0.01054012	99.29160600	-4.41603080	65.47830900	6.74772774	0.93115572
10.26247500	93.36648600	0.01071048	98.92786000	-5.56137480	65.47645700	6.75016541	0.93081946
10.26619200	92.54395800	0.01080568	99.31441900	-6.77046130	65.47459500	6.75260373	0.93048334
10.26990900	92.55438500	0.01080446	100.52455000	-7.97017000	65.47272100	6.75504205	0.93014748
10.27362600	93.53680200	0.01069098	102.61722000	-9.08041990	65.47083700	6.75748035	0.92981185
10.27734200	95.50421100	0.01047074	105.59774000	-10.09352600	65.46894200	6.75991800	0.92947656
10.28105900	98.42401400	0.01016012	109.40241000	-10.97839200	65.46703600	6.76235629	0.92914142
10.28477600	102.19888000	0.00978484	113.85417000	-11.65529800	65.46512000	6.76479458	0.92880652
10.28849300	106.46782000	0.00939251	118.67384000	-12.20602000	65.46319200	6.76723286	0.92847186
10.29220900	110.94886000	0.00901316	123.52989000	-12.58103000	65.46125400	6.76967047	0.92813754
10.29592600	115.48727000	0.00865896	128.11780000	-12.63052800	65.45930400	6.77210874	0.92780337
10.29964300	119.82235000	0.00834569	132.33159000	-12.50924400	65.45734400	6.77454699	0.92746944
10.30336000	123.95610000	0.00806737	136.23822000	-12.28212200	65.45537300	6.77698524	0.92713575
10.30707600	127.96514000	0.00781463	139.96837000	-12.00322800	65.45339100	6.77942283	0.92680239
10.31079300	131.77989000	0.00758841	143.55841000	-11.77852300	65.45139800	6.78186107	0.92646919
10.31451000	135.26259000	0.00739303	146.78977000	-11.52717700	65.44939400	6.78429930	0.92613622
10.31822700	138.17691000	0.00723710	149.22913000	-11.05222300	65.44737900	6.78673752	0.92580349
10.32194300	140.06477000	0.00713955	150.39411000	-10.32933300	65.44535400	6.78917508	0.92547110
10.32566000	140.54343000	0.00711524	149.90239000	-9.35896480	65.44331700	6.79161328	0.92513885
10.32937700	139.30009000	0.00717875	147.70776000	-8.40766980	65.44126900	6.79405148	0.92480684
10.33309400	136.47836000	0.00732717	144.03378000	-7.55541210	65.43921000	6.79648968	0.92447508
10.33681000	132.37216000	0.00755446	139.34340000	-6.97124230	65.43714000	6.79892721	0.92414364
10.34052700	127.35959000	0.00785178	134.13887000	-6.77928120	65.43505900	6.80136539	0.92381235
10.34424400	122.17805000	0.00818478	128.93035000	-6.75230600	65.43296800	6.80380356	0.92348129
10.34796000	117.29808000	0.00852529	124.16986000	-6.87178150	65.43086500	6.80624107	0.92315057
10.35167700	112.99041000	0.00885031	120.20121000	-7.21079290	65.42875100	6.80867922	0.92281999
10.35539400	109.54641000	0.00912855	117.21290000	-7.66648450	65.42662500	6.81111737	0.92248965
10.35911100	107.02412000	0.00934369	115.26316000	-8.23904470	65.42448900	6.81355552	0.92215955
10.36282700	105.40399000	0.00948731	114.26899000	-8.86500780	65.42234200	6.81599300	0.92182978
10.36654400	104.62239000	0.00955818	114.08979000	-9.46740380	65.42018300	6.81843113	0.92150015
10.37026100	104.57019000	0.00956295	114.54047000	-9.97027390	65.41801400	6.82086925	0.92117076
10.37397800	105.15641000	0.00950964	115.36674000	-10.21033400	65.41583300	6.82330736	0.92084161
10.37769400	106.07165000	0.00942759	116.24334000	-10.17168900	65.41364100	6.82574481	0.92051278
10.38141100	107.02525000	0.00934359	116.74904000	-9.72379530	65.41143800	6.82818291	0.92018409
10.38512800	107.70315000	0.00928478	116.46454000	-8.76139500	65.40922400	6.83062101	0.91985565
10.38884500	107.77177000	0.00927887	115.11934000	-7.34756930	65.40699900	6.83305909	0.91952744
10.39256100	107.01517000	0.00934447	112.66897000	-5.65380510	65.40476200	6.83549652	0.91919955
10.39627800	105.39992000	0.00948767	109.26557000	-3.86565150	65.40251400	6.83793459	0.91887181
10.39999500	103.11014000	0.00969837	105.28951000	-2.17936960	65.40025500	6.84037265	0.91854430
10.40371200	100.33061000	0.00996705	101.16513000	-0.83451483	65.39798500	6.84281071	0.91821703
10.40742800	97.31930800	0.01027545	97.22845100	0.09085708	65.39570300	6.84524810	0.91789008
10.41114500	94.40631600	0.01059251	93.73112800	0.67518803	65.39341100	6.84768614	0.91756327
10.41486200	91.76672100	0.01089720	90.79988300	0.96683832	65.39110700	6.85012418	0.91723670
10.41857900	89.49658500	0.01117361	88.50550900	0.99107531	65.38879100	6.85256221	0.91691036
10.42229500	87.73069800	0.01139852	86.83289700	0.89780086	65.38646500	6.85499957	0.91658435
10.42601200	86.45368700	0.01156689	85.71340600	0.74028134	65.38412700	6.85743759	0.91625848
10.42972900	85.62775400	0.01167846	85.03776400	0.58999019	65.38177800	6.85987559	0.91593284
10.43344600	85.11653600	0.01174860	84.68040100	0.43613520	65.37941700	6.86231359	0.91560743
10.43716200	84.80001600	0.01179245	84.47330800	0.32670785	65.37704500	6.86475093	0.91528234
10.44087900	84.55501000	0.01182662	84.30785400	0.24715693	65.37466200	6.86718891	0.91495740
10.44459600	84.28999300	0.01186380	84.14178300	0.14821042	65.37226800	6.86962689	0.91463269
10.44831200	83.96481300	0.01190975	84.05825400	-0.09344039	65.36986200	6.87206421	0.91430829
10.45202900	83.63393900	0.01195687	84.08633900	-0.45240024	65.36744500	6.87450217	0.91398405
10.45574600	83.36851000	0.01199494	84.35024000	-0.98173014	65.36501600	6.87694013	0.91366003
10.45946300	83.22481500	0.01201565	84.89478500	-1.66997010	65.36257600	6.87937807	0.91333624
10.46317900	83.26770000	0.01200946	85.68856400	-2.42086370	65.36012500	6.88181536	0.91301277
10.46689600	83.52770700	0.01197208	86.69992200	-3.17221410	65.35766200	6.88425329	0.91268944
10.47061300	83.98536400	0.01190684	87.79657000	-3.81120610	65.35518800	6.88669122	0.91236635
10.47433000	84.59784400	0.01182063	88.82539000	-4.22754550	65.35270200	6.88912914	0.91204348
10.47804600	85.30562600	0.01172256	89.65534000	-4.34971390	65.35020500	6.89156640	0.91172093
10.48176300	86.02956600	0.01162391	90.20069000	-4.17112310	65.34769700	6.89400430	0.91139852
10.48548000	86.69535100	0.01153464	90.44343600	-3.74808560	65.34517700	6.89644220	0.91107634
10.48919700	87.19698600	0.01146829	90.35745900	-3.16047350	65.34264500	6.89888009	0.91075439
10.49291300	87.55452200	0.01142146	89.98262800	-2.42810620	65.34010200	6.90131732	0.91043275
10.49663000	87.75964600	0.01139476	89.39709100	-1.63744450	65.33754800	6.90375519	0.91011126
10.50034700	87.86630200	0.01138093	88.69982300	-0.83352033	65.33498200	6.90619306	0.90978999
10.50406400	87.91068800	0.01137518	88.00063100	-0.08994293	65.33240500	6.90863093	0.90946895
10.50778000	87.90357000	0.01137610	87.33383800	0.56973172	65.32981600	6.91106812	0.90914822
10.51149700	87.78151700	0.01139192	86.66367300	1.11784380	65.32721600	6.91350597	0.90882764
10.51521400	87.46444700	0.01143322	85.98142600	1.48302090	65.32460400	6.91594381	0.90850728
10.51893100	86.94256800	0.01150185	85.25937800	1.68319010	65.32198100	6.91838164	0.90818715
10.52264700	86.27628100	0.01159067	84.60084600	1.67543430	65.31934600	6.92081881	0.90786733
10.52636400	85.55470300	0.01168843	84.12036600	1.43433700	65.31670000	6.92325663	0.90754765
10.53008100	84.88028500	0.01178130	83.97769500	0.90258954	65.31404200	6.92569444	0.90722820
10.53379800	84.43243400	0.01184379	84.25889400	0.17353962	65.31137200	6.92813225	0.90690897
10.53751400	84.34406800	0.01185620	85.01648500	-0.67241724	65.30869100	6.93056939	0.90659006
10.54123100	84.69680500	0.01180682	86.25100200	-1.55419710	65.30599900	6.93300717	0.90627128
10.54494800	85.48110700	0.01169849	87.88975600	-2.40864880	65.30329400	6.93544496	0.90595273
10.54866500	86.63094800	0.01154322	89.80434300	-3.17339500	65.30057900	6.93788273	0.90563441
10.55238100	88.01402000	0.01136183	91.80069500	-3.78667450	65.29785100	6.94031984	0.90531639
10.55609800	89.39551300	0.01118624	93.56696000	-4.17144730	65.29511200	6.94275760	0.90499851
10.55981500	90.59955600	0.01103758	94.81212100	-4.21256500	65.29236200	6.94519535	0.90468086
10.56353100	91.43268100	0.01093701	95.29161700	-3.85893650	65.28960000	6.94763244	0.90436352
10.56724800	91.77210500	0.01089656	94.84634900	-3.07424420	65.28682600	6.95007018	0.90404631
10.57096500	91.55247200	0.01092270	93.49560700	-1.94313500	65.28404100	6.95250791	0.90372933
10.57468200	90.81937400	0.01101087	91.38239500	-0.56302131	65.28124300	6.95494563	0.90341257
10.57839800	89.70478100	0.01114768	88.75517400	0.94960684	65.27843500	6.95738269	0.90309612
10.58211500	88.28798700	0.01132657	85.92135300	2.36663340	65.27561500	6.95982040	0.90277981
10.58583200	86.68692000	0.01153577	83.11598200	3.57093820	65.27278300	6.96225810	0.90246371
10.58954900	85.03693600	0.01175960	80.50479400	4.53214200	65.26993900	6.96469580	0.90214785
10.59326500	83.38594600	0.01199243	78.16652200	5.21942340	65.26708400	6.96713283	0.90183228
10.59698200	81.84376300	0.01221840	76.19645100	5.64731140	65.26421700	6.96957051	0.90151686
10.60069900	80.44858300	0.01243030	74.53466100	5.91392170	65.26133800	6.97200818	0.90120165
10.60441600	79.21922600	0.01262320	73.18071400	6.03851140	65.25844800	6.97444584	0.90088667
10.60813200	78.16905500	0.01279279	72.10111300	6.06794220	65.25554600	6.97688285	0.90057200
10.61184900	77.31151300	0.01293468	71.25261300	6.05890010	65.25263200	6.97932050	0.90025746
10.61556600	76.61122400	0.01305292	70.59125500	6.01996870	65.24970700	6.98175814	0.89994314
10.61928300	76.06592300	0.01314649	70.07913400	5.98678930	65.24677000	6.98419577	0.89962904
10.62299900	75.62437900	0.01322325	69.68229900	5.94208000	65.24382100	6.98663275	0.89931524
10.62671600	75.28160400	0.01328346	69.37295200	5.90865190	65.24086100	6.98907037	0.89900158
10.63043300	75.00975500	0.01333160	69.13027400	5.87948180	65.23788900	6.99150798	0.89868814
10.63415000	74.82007600	0.01336540	68.93946300	5.88061270	65.23490500	6.99394558	0.89837492
10.63786600	74.67827100	0.01339078	68.78988300	5.88838840	65.23190900	6.99638253	0.89806200
10.64158300	74.57967600	0.01340848	68.67466300	5.90501330	65.22890200	6.99882012	0.89774922
10.64530000	74.50977300	0.01342106	68.59273100	5.91704250	65.22588300	7.00125770	0.89743666
10.64901700	74.46414700	0.01342928	68.53906700	5.92507980	65.22285200	7.00369528	0.89712431
10.65273300	74.42580400	0.01343620	68.51704100	5.90876270	65.21980900	7.00613219	0.89681227
10.65645000	74.40632400	0.01343972	68.53720600	5.86911750	65.21675500	7.00856975	0.89650036
10.66016700	74.41652200	0.01343788	68.59285400	5.82366780	65.21368900	7.01100731	0.89618867
10.66388300	74.45731400	0.01343051	68.69896100	5.75835250	65.21061100	7.01344420	0.89587728
10.66760000	74.50817400	0.01342135	68.86532600	5.64284760	65.20752200	7.01588174	0.89556602
10.67131700	74.60842900	0.01340331	69.09882700	5.50960150	65.20442000	7.01831927	0.89525498
10.67503400	74.77211500	0.01337397	69.42064000	5.35147500	65.20130700	7.02075679	0.89494416
10.67875000	75.00080100	0.01333319	69.83153400	5.16926710	65.19818200	7.02319366	0.89463364
10.68246700	75.29591900	0.01328093	70.34121100	4.95470740	65.19504600	7.02563117	0.89432325
10.68618400	75.70210500	0.01320967	70.95297900	4.74912630	65.19189800	7.02806867	0.89401308
10.68990100	76.25168100	0.01311447	71.65474300	4.59693790	65.18873700	7.03050616	0.89370312
10.69361700	76.94686900	0.01299598	72.39646000	4.55040920	65.18556500	7.03294300	0.89339346
10.69733400	77.72954300	0.01286512	73.14415000	4.58539280	65.18238200	7.03538048	0.89308394
10.70105100	78.52605700	0.01273463	73.82080500	4.70525190	65.17918600	7.03781795	0.89277463
10.70476800	79.24150300	0.01261965	74.32334600	4.91815780	65.17597900	7.04025541	0.89246553
10.70848400	79.75540200	0.01253834	74.57373300	5.18166830	65.17276000	7.04269222	0.89215674
10.71220100	79.98192300	0.01250283	74.50970900	5.47221480	65.16952900	7.04512967	0.89184807
10.71591800	79.89374500	0.01251662	74.15284500	5.74090020	65.16628600	7.04756711	0.89153962
10.71963500	79.53443400	0.01257317	73.58678300	5.94765120	65.16303200	7.05000455	0.89123138
10.72335100	78.99528800	0.01265898	72.91236000	6.08292760	65.15976500	7.05244132	0.89092344
10.72706800	78.34543900	0.01276399	72.22379400	6.12164440	65.15648700	7.05487874	0.89061563
10.73078500	77.68669600	0.01287222	71.59331400	6.09338200	65.15319800	7.05731615	0.89030804
10.73450200	77.09145400	0.01297161	71.03794600	6.05350760	65.14989600	7.05975356	0.89000066
10.73821800	76.58390000	0.01305758	70.59847800	5.98542200	65.14658200	7.06219030	0.88969357
10.74193500	76.18843100	0.01312535	70.26983500	5.91859530	65.14325700	7.06462769	0.88938661
10.74565200	75.89512400	0.01317608	70.09905400	5.79606940	65.13992000	7.06706508	0.88907987
10.74936900	75.70921600	0.01320843	70.05861800	5.65059770	65.13657100	7.06950245	0.88877334
10.75308500	75.64312500	0.01321997	70.17136600	5.47175910	65.13321000	7.07193917	0.88846710
10.75680200	75.69025900	0.01321174	70.42229800	5.26796130	65.12983800	7.07437653	0.88816100
10.76051900	75.83746100	0.01318610	70.80650400	5.03095710	65.12645300	7.07681388	0.88785510
10.76423600	76.05239100	0.01314883	71.32299200	4.72939890	65.12305700	7.07925123	0.88754942
10.76795200	76.33643100	0.01309991	71.94532700	4.39110420	65.11964900	7.08168791	0.88724403
10.77166900	76.69116000	0.01303931	72.65650600	4.03465380	65.11622900	7.08412525	0.88693877
10.77538600	77.07393400	0.01297456	73.42050600	3.65342820	65.11279700	7.08656257	0.88663372
10.77910200	77.46449500	0.01290914	74.19539500	3.26910040	65.10935400	7.08899923	0.88632896
10.78281900	77.85102300	0.01284505	74.88719000	2.96383310	65.10589900	7.09143654	0.88602433
10.78653600	78.22267700	0.01278402	75.43759200	2.78508500	65.10243100	7.09387384	0.88571991
10.79025300	78.56198100	0.01272880	75.83585700	2.72612470	65.09895200	7.09631114	0.88541570
10.79396900	78.85067700	0.01268220	76.10402900	2.74664870	65.09546200	7.09874777	0.88511178
10.79768600	79.06966400	0.01264708	76.32909700	2.74056700	65.09195900	7.10118505	0.88480800
10.80140300	79.22064000	0.01262297	76.58525000	2.63539000	65.08844500	7.10362232	0.88450442
10.80512000	79.30321000	0.01260983	76.95141900	2.35179090	65.08491800	7.10605958	0.88420104
10.80883600	79.33732400	0.01260441	77.45214800	1.88517560	65.08138000	7.10849619	0.88389796
10.81255300	79.33851100	0.01260422	78.07128600	1.26722540	65.07783000	7.11093344	0.88359501
10.81627000	79.32533800	0.01260631	78.75697900	0.56835894	65.07426800	7.11337068	0.88329227
10.81998700	79.31473800	0.01260800	79.40724400	-0.09250565	65.07069500	7.11580791	0.88298973
10.82370300	79.32634500	0.01260615	79.89079300	-0.56444781	65.06711000	7.11824448	0.88268748
10.82742000	79.36672500	0.01259974	80.10489200	-0.73816779	65.06351200	7.12068170	0.88238536
10.83113700	79.43304700	0.01258922	79.99920900	-0.56616203	65.05990300	7.12311892	0.88208345
10.83485400	79.51809400	0.01257575	79.64340900	-0.12531463	65.05628200	7.12555612	0.88178174
10.83857000	79.63788600	0.01255684	79.15567000	0.48221565	65.05265000	7.12799266	0.88148033
10.84228700	79.79582200	0.01253198	78.71837800	1.07744390	65.04900500	7.13042985	0.88117904
10.84600400	80.01767200	0.01249724	78.43969600	1.57797660	65.04534900	7.13286703	0.88087795
10.84972100	80.30802200	0.01245206	78.43602300	1.87199830	65.04168100	7.13530421	0.88057707
10.85343700	80.72085100	0.01238837	78.75717900	1.96367160	65.03800100	7.13774072	0.88027648
10.85715400	81.27380400	0.01230409	79.44192500	1.83187880	65.03430900	7.14017788	0.87997602
10.86087100	81.97716800	0.01219852	80.48482500	1.49234300	65.03060600	7.14261503	0.87967576
10.86458800	82.82127600	0.01207419	81.84951700	0.97175886	65.02689000	7.14505218	0.87937571
10.86830400	83.78673000	0.01193506	83.47278600	0.31394432	65.02316300	7.14748866	0.87907594
10.87202100	84.83216300	0.01178798	85.29912800	-0.46696430	65.01942400	7.14992579	0.87877630
10.87573800	85.93447900	0.01163677	87.16487800	-1.23039890	65.01567300	7.15236291	0.87847686
10.87945400	87.09746300	0.01148139	89.00126300	-1.90380010	65.01191100	7.15479937	0.87817771
10.88317100	88.30431600	0.01132448	90.62758300	-2.32326720	65.00813700	7.15723648	0.87787868
10.88688800	89.47066500	0.01117685	91.92293800	-2.45227300	65.00435000	7.15967358	0.87757986
10.89060500	90.57876100	0.01104012	92.85523700	-2.27647610	65.00055200	7.16211067	0.87728124
10.89432100	91.56952200	0.01092066	93.48152200	-1.91200080	64.99674300	7.16454710	0.87698290
10.89803800	92.38703200	0.01082403	93.85209400	-1.46506220	64.99292100	7.16698417	0.87668469
10.90175500	92.98496000	0.01075443	94.01816200	-1.03320200	64.98908800	7.16942124	0.87638668
10.90547200	93.32355000	0.01071541	94.00520500	-0.68165537	64.98524300	7.17185831	0.87608888
10.90918800	93.41723100	0.01070466	93.82527200	-0.40804049	64.98138600	7.17429470	0.87579136
10.91290500	93.31614900	0.01071626	93.49023000	-0.17408104	64.97751700	7.17673175	0.87549396
10.91662200	93.07682000	0.01074381	93.04446600	0.03235405	64.97363700	7.17916879	0.87519677
10.92033900	92.76675400	0.01077972	92.50352600	0.26322824	64.96974500	7.18160582	0.87489977
10.92405500	92.43975100	0.01081786	91.88295400	0.55679703	64.96584100	7.18404219	0.87460306
10.92777200	92.03494300	0.01086544	91.15091800	0.88402440	64.96192500	7.18647921	0.87430648
10.93148900	91.49438000	0.01092963	90.21827600	1.27610400	64.95799800	7.18891622	0.87401009
10.93520600	90.71003500	0.01102414	89.01769500	1.69233960	64.95405900	7.19135322	0.87371391
10.93892200	89.64308400	0.01115535	87.48649700	2.15658760	64.95010800	7.19378956	0.87341800
10.94263900	88.29731200	0.01132537	85.73588900	2.56142350	64.94614500	7.19622654	0.87312222
10.94635600	86.69984900	0.01153404	83.88126100	2.81858840	64.94217100	7.19866352	0.87282664
10.95007300	84.95981300	0.01177027	82.08677800	2.87303540	64.93818500	7.20110049	0.87253126
10.95378900	83.26755000	0.01200948	80.45579400	2.81175640	64.93418700	7.20353680	0.87223616
10.95750600	81.69115700	0.01224123	79.12332000	2.56783680	64.93017800	7.20597376	0.87194119
10.96122300	80.33603200	0.01244771	78.12253600	2.21349550	64.92615600	7.20841070	0.87164641
10.96494000	79.25862400	0.01261692	77.48922200	1.76940180	64.92212300	7.21084765	0.87135183
10.96865600	78.48389400	0.01274147	77.24853900	1.23535530	64.91807900	7.21328392	0.87105753
10.97237300	78.02268700	0.01281679	77.41534500	0.60734240	64.91402200	7.21572085	0.87076336
10.97609000	77.89209200	0.01283827	78.01016800	-0.11807515	64.90995400	7.21815777	0.87046938
10.97980700	78.11960100	0.01280088	79.04031100	-0.92071005	64.90587400	7.22059468	0.87017560
10.98352300	78.72245800	0.01270286	80.51110000	-1.78864220	64.90178300	7.22303092	0.86988210
10.98724000	79.68763000	0.01254900	82.41122700	-2.72359700	64.89768000	7.22546782	0.86958872
10.99095700	81.02655500	0.01234163	84.70047200	-3.67391640	64.89356500	7.22790471	0.86929554
10.99467300	82.69812000	0.01209217	87.30723800	-4.60911800	64.88943900	7.23034093	0.86900263
10.99839000	84.60849000	0.01181914	90.11802700	-5.50953700	64.88530100	7.23277780	0.86870985
11.00210700	86.71669300	0.01153180	92.94973500	-6.23304220	64.88115100	7.23521467	0.86841726
11.00582400	88.87692800	0.01125151	95.63024300	-6.75331570	64.87698900	7.23765153	0.86812487
11.00954000	90.91392500	0.01099942	97.95361500	-7.03968990	64.87281600	7.24008772	0.86783276
11.01325700	92.70834400	0.01078652	99.72795600	-7.01961290	64.86863200	7.24252456	0.86754077
11.01697400	94.07227600	0.01063012	100.79059000	-6.71831850	64.86443500	7.24496140	0.86724897
11.02069100	94.92782100	0.01053432	101.04488000	-6.11705710	64.86022800	7.24739822	0.86695737
11.02440700	95.22936800	0.01050096	100.52684000	-5.29747400	64.85600800	7.24983439	0.86666605
11.02812400	95.01304100	0.01052487	99.41162800	-4.39858710	64.85177700	7.25227120	0.86637484
11.03184100	94.37991800	0.01059547	97.94766400	-3.56774580	64.84753400	7.25470800	0.86608383
11.03555800	93.40594200	0.01070596	96.36696600	-2.96102370	64.84328000	7.25714480	0.86579302
11.03927400	92.29686500	0.01083460	94.88413200	-2.58726690	64.83901400	7.25958093	0.86550248
11.04299100	91.19652800	0.01096533	93.60949400	-2.41296620	64.83473600	7.26201771	0.86521206
11.04670800	90.15025100	0.01109259	92.57063800	-2.42038740	64.83044700	7.26445449	0.86492184
11.05042500	89.22577200	0.01120752	91.67449100	-2.44871890	64.82614700	7.26689125	0.86463181
11.05414100	88.41243200	0.01131063	90.77532400	-2.36289130	64.82183500	7.26932735	0.86434205
11.05785800	87.68500000	0.01140446	89.74758700	-2.06258650	64.81751100	7.27176411	0.86405241
11.06157500	87.01218200	0.01149264	88.56682200	-1.55464020	64.81317600	7.27420085	0.86376297
11.06529200	86.37272400	0.01157773	87.29750700	-0.92478319	64.80882900	7.27663758	0.86347372
11.06900800	85.78694200	0.01165679	86.04819100	-0.26124898	64.80447100	7.27907365	0.86318474
11.07272500	85.25157700	0.01172999	84.94653300	0.30504326	64.80010100	7.28151037	0.86289588
11.07644200	84.76454400	0.01179739	84.04717700	0.71736675	64.79572000	7.28394709	0.86260721
11.08015900	84.32250000	0.01185923	83.33708700	0.98541236	64.79132700	7.28638379	0.86231874
11.08387500	83.94692200	0.01191229	82.77613800	1.17078390	64.78692300	7.28881983	0.86203054
11.08759200	83.61799100	0.01195915	82.29395700	1.32403430	64.78250700	7.29125652	0.86174246
11.09130900	83.32642600	0.01200100	81.83306200	1.49336420	64.77808000	7.29369320	0.86145457
11.09502500	83.04670700	0.01204142	81.38795800	1.65874920	64.77364100	7.29612922	0.86116694
11.09874200	82.78730300	0.01207915	80.99988100	1.78742180	64.76919100	7.29856589	0.86087944
11.10245900	82.55657200	0.01211291	80.72958500	1.82698730	64.76473000	7.30100255	0.86059213
11.10617600	82.38027400	0.01213883	80.63194200	1.74833200	64.76025700	7.30343920	0.86030501
11.10989200	82.29209100	0.01215184	80.73336300	1.55872870	64.75577200	7.30587518	0.86001816
11.11360900	82.31680300	0.01214819	81.01387500	1.30292790	64.75127700	7.30831182	0.85973142
11.11732600	82.44095900	0.01212989	81.46635400	0.97460426	64.74676900	7.31074845	0.85944488
11.12104300	82.63871300	0.01210087	82.02590700	0.61280578	64.74225100	7.31318507	0.85915853
11.12475900	82.91850300	0.01206003	82.63329500	0.28520733	64.73772100	7.31562102	0.85887244
11.12847600	83.26605000	0.01200970	83.31963300	-0.05358359	64.73318000	7.31805763	0.85858648
11.13219300	83.66334500	0.01195267	84.10672300	-0.44337801	64.72862700	7.32049423	0.85830070
11.13591000	84.13544500	0.01188560	85.08087800	-0.94543348	64.72406300	7.32293081	0.85801511
11.13962600	84.69049600	0.01180770	86.32935800	-1.63886190	64.71948800	7.32536674	0.85772979
11.14334300	85.38130200	0.01171217	87.92125600	-2.53995420	64.71490100	7.32780331	0.85744459
11.14706000	86.26541600	0.01159213	89.88415500	-3.61873840	64.71030300	7.33023988	0.85715958
11.15077700	87.35501900	0.01144754	92.20193700	-4.84691860	64.70569400	7.33267644	0.85687475
11.15449300	88.61812100	0.01128437	94.81340500	-6.19528450	64.70107300	7.33511233	0.85659020
11.15821000	90.05464200	0.01110437	97.59247000	-7.53782830	64.69644200	7.33754888	0.85630575
11.16192700	91.56928800	0.01092069	100.33698000	-8.76769420	64.69179900	7.33998541	0.85602150
11.16564400	93.08016700	0.01074343	102.78023000	-9.70005840	64.68714400	7.34242194	0.85573743
11.16936000	94.54762000	0.01057668	104.59751000	-10.04988700	64.68247900	7.34485780	0.85545364
11.17307700	95.85187300	0.01043276	105.57530000	-9.72342820	64.67780200	7.34729432	0.85516995
11.17679400	96.89713800	0.01032022	105.66474000	-8.76760350	64.67311400	7.34973082	0.85488645
11.18051100	97.65176900	0.01024047	105.00067000	-7.34890100	64.66841500	7.35216732	0.85460314
11.18422700	98.06423900	0.01019740	103.85577000	-5.79153060	64.66370400	7.35460315	0.85432010
11.18794400	98.16900900	0.01018651	102.49575000	-4.32674010	64.65898300	7.35703963	0.85403717
11.19166100	97.99065900	0.01020505	101.13420000	-3.14354340	64.65425000	7.35947611	0.85375443
11.19537700	97.61603800	0.01024422	99.92789200	-2.31185380	64.64950600	7.36191192	0.85347195
11.19909400	97.12193800	0.01029634	98.98206900	-1.86013060	64.64475100	7.36434837	0.85318958
11.20281100	96.58944400	0.01035310	98.33218500	-1.74274040	64.63998500	7.36678482	0.85290740
11.20652800	96.09579000	0.01040628	98.01438100	-1.91859130	64.63520800	7.36922127	0.85262541
11.21024400	95.64726300	0.01045508	98.01309500	-2.36583210	64.63042000	7.37165704	0.85234368
11.21396100	95.24418400	0.01049933	98.28083700	-3.03665260	64.62562000	7.37409347	0.85206206
11.21767800	94.90634400	0.01053670	98.74587000	-3.83952620	64.62081000	7.37652989	0.85178063
11.22139500	94.63863900	0.01056651	99.33480000	-4.69616090	64.61598800	7.37896630	0.85149939
11.22511100	94.45744100	0.01058678	99.97144000	-5.51399880	64.61115500	7.38140205	0.85121841
11.22882800	94.37097400	0.01059648	100.63090000	-6.25992910	64.60631200	7.38383845	0.85093754
11.23254500	94.42781600	0.01059010	101.33745000	-6.90963310	64.60145700	7.38627483	0.85065685
11.23626200	94.68549300	0.01056128	102.13464000	-7.44914300	64.59659200	7.38871121	0.85037635
11.23997800	95.21166500	0.01050291	103.08594000	-7.87427850	64.59171500	7.39114693	0.85009612
11.24369500	96.07844500	0.01040816	104.26002000	-8.18157000	64.58682700	7.39358330	0.84981599
11.24741200	97.31457500	0.01027595	105.68475000	-8.37017070	64.58192900	7.39601965	0.84953605
11.25112900	98.88646200	0.01011261	107.31658000	-8.43011360	64.57701900	7.39845600	0.84925629
11.25484500	100.75029000	0.00992553	109.01436000	-8.26407050	64.57209900	7.40089169	0.84897680
11.25856200	102.72317000	0.00973490	110.58096000	-7.85778970	64.56716700	7.40332802	0.84869741
11.26227900	104.55883000	0.00956399	111.80571000	-7.24687970	64.56222500	7.40576435	0.84841821
11.26599600	106.08652000	0.00942627	112.51321000	-6.42669170	64.55727200	7.40820067	0.84813919
11.26971200	107.10357000	0.00933676	112.61837000	-5.51479440	64.55230800	7.41063632	0.84786043
11.27342900	107.52162000	0.00930046	112.17665000	-4.65502960	64.54733300	7.41307262	0.84758178
11.27714600	107.29523000	0.00932008	111.28164000	-3.98640180	64.54234800	7.41550892	0.84730332
11.28086300	106.47070000	0.00939226	110.05043000	-3.57973130	64.53735100	7.41794520	0.84702504
11.28457900	105.15167000	0.00951007	108.59007000	-3.43839100	64.53234400	7.42038083	0.84674701
11.28829600	103.47515000	0.00966416	107.00642000	-3.53126920	64.52732600	7.42281710	0.84646910
11.29201300	101.60574000	0.00984196	105.45154000	-3.84580300	64.52229700	7.42525336	0.84619137
11.29573000	99.72206900	0.01002787	104.07807000	-4.35600570	64.51725700	7.42768962	0.84591382
11.29944600	97.94560200	0.01020975	102.95422000	-5.00861370	64.51220700	7.43012521	0.84563653
11.30316300	96.37533100	0.01037610	102.04202000	-5.66668860	64.50714600	7.43256145	0.84535935
11.30688000	95.04650900	0.01052117	101.21034000	-6.16383310	64.50207400	7.43499768	0.84508235
11.31059600	93.94831300	0.01064415	100.28513000	-6.33681250	64.49699200	7.43743325	0.84480561
11.31431300	93.05511000	0.01074632	99.16026800	-6.10515850	64.49189900	7.43986947	0.84452897
11.31803000	92.28712000	0.01083575	97.86124700	-5.57412740	64.48679500	7.44230568	0.84425252
11.32174700	91.59726500	0.01091736	96.50880600	-4.91154140	64.48168000	7.44474188	0.84397625
11.32546300	90.97339100	0.01099222	95.29540400	-4.32201240	64.47655500	7.44717742	0.84370023
11.32918000	90.46735400	0.01105371	94.39820900	-3.93085480	64.47142000	7.44961360	0.84342432
11.33289700	90.13433800	0.01109455	93.90841900	-3.77408020	64.46627400	7.45204978	0.84314860
11.33661400	90.06867500	0.01110264	93.84291400	-3.77423970	64.46111700	7.45448595	0.84287305
11.34033000	90.31090800	0.01107286	94.15046800	-3.83955990	64.45594900	7.45692145	0.84259776
11.34404700	90.90523500	0.01100047	94.72433300	-3.81909820	64.45077200	7.45935761	0.84232257
11.34776400	91.79226700	0.01089416	95.45714900	-3.66488210	64.44558300	7.46179375	0.84204757
11.35148100	92.84398400	0.01077076	96.21045300	-3.36646870	64.44038400	7.46422989	0.84177275
11.35519700	93.85249800	0.01065502	96.88442100	-3.03192270	64.43517500	7.46666537	0.84149818
11.35891400	94.61229700	0.01056945	97.37665100	-2.76435430	64.42995500	7.46910149	0.84122372
11.36263100	94.96008300	0.01053074	97.64453100	-2.68444790	64.42472500	7.47153760	0.84094943
11.36634800	94.83940600	0.01054414	97.71673900	-2.87733290	64.41948500	7.47397371	0.84067533
11.37006400	94.25938900	0.01060902	97.69322100	-3.43383210	64.41423400	7.47640915	0.84040148
11.37378100	93.33892100	0.01071364	97.68806300	-4.34914260	64.40897200	7.47884524	0.84012773
11.37749800	92.26835400	0.01083795	97.74728900	-5.47893530	64.40370000	7.48128133	0.83985417
11.38121500	91.24285100	0.01095976	97.85852900	-6.61567760	64.39841800	7.48371740	0.83958078
11.38493100	90.37606000	0.01106488	97.95818600	-7.58212550	64.39312600	7.48615282	0.83930765
11.38864800	89.73026500	0.01114451	97.98543600	-8.25517110	64.38782300	7.48858887	0.83903462
11.39236500	89.36512500	0.01119005	97.90500900	-8.53988410	64.38251000	7.49102493	0.83876177
11.39608200	89.29679600	0.01119861	97.79299800	-8.49620150	64.37718700	7.49346097	0.83848910
11.39979800	89.47007200	0.01117692	97.68948200	-8.21941000	64.37185400	7.49589635	0.83821667
11.40351500	89.86905400	0.01112730	97.65322100	-7.78416670	64.36651000	7.49833238	0.83794436
11.40723200	90.42222100	0.01105923	97.67083600	-7.24861480	64.36115600	7.50076840	0.83767222
11.41094800	91.05590600	0.01098226	97.65598400	-6.60007850	64.35579200	7.50320376	0.83740033
11.41466500	91.63469700	0.01091290	97.47167300	-5.83697620	64.35041800	7.50563976	0.83712855
11.41838200	92.05161000	0.01086347	97.02600200	-4.97439120	64.34503400	7.50807576	0.83685694
11.42209900	92.19186700	0.01084694	96.25374400	-4.06187780	64.33963900	7.51051174	0.83658551
11.42581500	91.98454300	0.01087139	95.21284600	-3.22830340	64.33423500	7.51294707	0.83631433
11.42953200	91.42452000	0.01093799	94.00311200	-2.57859230	64.32882000	7.51538304	0.83604326
11.43324900	90.56238300	0.01104211	92.76820800	-2.20582550	64.32339500	7.51781901	0.83577236
11.43696600	89.52179700	0.01117046	91.62473400	-2.10293640	64.31796100	7.52025496	0.83550163
11.44068200	88.44648700	0.01130627	90.63449200	-2.18800440	64.31251600	7.52269026	0.83523116
11.44439900	87.48735600	0.01143022	89.83152000	-2.34416430	64.30706100	7.52512620	0.83496079
11.44811600	86.73349800	0.01152957	89.21929300	-2.48579520	64.30159700	7.52756213	0.83469059
11.45183300	86.20085900	0.01160081	88.80506900	-2.60420990	64.29612200	7.52999806	0.83442057
11.45554900	85.89407100	0.01164225	88.58912900	-2.69505840	64.29063800	7.53243332	0.83415080
11.45926600	85.76809700	0.01165935	88.56808300	-2.79998560	64.28514300	7.53486923	0.83388114
11.46298300	85.80287700	0.01165462	88.66608000	-2.86320330	64.27963900	7.53730513	0.83361164
11.46670000	85.92191100	0.01163848	88.81584600	-2.89393580	64.27412500	7.53974102	0.83334232
11.47041600	86.08585600	0.01161631	88.96657800	-2.88072170	64.26860100	7.54217625	0.83307325
11.47413300	86.24124700	0.01159538	89.09850300	-2.85725640	64.26306800	7.54461213	0.83280428
11.47785000	86.36761500	0.01157841	89.25333000	-2.88571480	64.25752400	7.54704800	0.83253549
11.48156700	86.45222200	0.01156708	89.45925000	-3.00702790	64.25197100	7.54948386	0.83226687
11.48528300	86.55530000	0.01155331	89.76266500	-3.20736450	64.24640800	7.55191906	0.83199850
11.48900000	86.71542900	0.01153197	90.24302100	-3.52759230	64.24083500	7.55435491	0.83173023
11.49271700	86.96651000	0.01149868	90.94120800	-3.97469880	64.23525300	7.55679074	0.83146213
11.49643400	87.33097800	0.01145069	91.85635000	-4.52537130	64.22966100	7.55922657	0.83119420
11.50015000	87.81694500	0.01138732	92.90749100	-5.09054580	64.22405900	7.56166174	0.83092652
11.50386700	88.35762800	0.01131764	93.91719600	-5.55956820	64.21844800	7.56409756	0.83065895
11.50758400	88.86825100	0.01125261	94.65894500	-5.79069420	64.21282700	7.56653336	0.83039154
11.51130100	89.26597100	0.01120248	94.91277800	-5.64680720	64.20719700	7.56896916	0.83012431
11.51501700	89.46228000	0.01117790	94.55290200	-5.09062150	64.20155700	7.57140429	0.82985732
11.51873400	89.39657600	0.01118611	93.60055000	-4.20397450	64.19590800	7.57384008	0.82959044
11.52245100	89.07172400	0.01122691	92.20775300	-3.13602900	64.19024900	7.57627585	0.82932372
11.52616700	88.52896900	0.01129574	90.58066700	-2.05169810	64.18458100	7.57871096	0.82905726
11.52988400	87.82287300	0.01138655	88.88093100	-1.05805740	64.17890300	7.58114672	0.82879089
11.53360100	86.98227900	0.01149660	87.22296700	-0.24068709	64.17321600	7.58358247	0.82852469
11.53731800	86.03438300	0.01162326	85.69109300	0.34328970	64.16751900	7.58601821	0.82825866
11.54103400	85.05419900	0.01175721	84.34462500	0.70957429	64.16181300	7.58845329	0.82799288
11.54475100	84.11960600	0.01188783	83.26084100	0.85876534	64.15609800	7.59088902	0.82772720
11.54846800	83.28327700	0.01200721	82.49114600	0.79213052	64.15037300	7.59332474	0.82746169
11.55218500	82.62775200	0.01210247	82.05217600	0.57557597	64.14463900	7.59576045	0.82719635
11.55590100	82.24318200	0.01215906	81.94358300	0.29959884	64.13889600	7.59819549	0.82693125
11.55961800	82.18581100	0.01216755	82.11610500	0.06970667	64.13314400	7.60063119	0.82666625
11.56333500	82.45734900	0.01212748	82.54835000	-0.09100077	64.12738200	7.60306687	0.82640143
11.56705200	83.02498900	0.01204457	83.19594000	-0.17095092	64.12161200	7.60550255	0.82613677
11.57076800	83.82558400	0.01192953	84.00353800	-0.17795342	64.11583200	7.60793757	0.82587235
11.57448500	84.77094000	0.01179650	84.87254400	-0.10160364	64.11004300	7.61037323	0.82560804
11.57820200	85.69364700	0.01166948	85.68729900	0.00634791	64.10424500	7.61280889	0.82534389
11.58191900	86.43618500	0.01156923	86.30176600	0.13441934	64.09843800	7.61524453	0.82507991
11.58563500	86.85503600	0.01151344	86.60666300	0.24837333	64.09262200	7.61767951	0.82481618
11.58935200	86.91419200	0.01150560	86.52236800	0.39182423	64.08679600	7.62011515	0.82455254
11.59306900	86.61343600	0.01154555	86.06784200	0.54559424	64.08096200	7.62255077	0.82428907
11.59678600	86.03039000	0.01162380	85.31656400	0.71382663	64.07511900	7.62498638	0.82402577
11.60050200	85.24671400	0.01173066	84.33852900	0.90818508	64.06926700	7.62742133	0.82376272
11.60421900	84.34532900	0.01185602	83.24716400	1.09816510	64.06340600	7.62985693	0.82349975
11.60793600	83.42289500	0.01198712	82.12759800	1.29529630	64.05753700	7.63229252	0.82323696
11.61165300	82.56164600	0.01211216	81.05166200	1.50998320	64.05165800	7.63472810	0.82297434
11.61536900	81.78349000	0.01222741	80.04994600	1.73354480	64.04577100	7.63716302	0.82271195
11.61908600	81.08340200	0.01233298	79.11843000	1.96497220	64.03987400	7.63959859	0.82244967
11.62280300	80.43233000	0.01243281	78.20790000	2.22443000	64.03396900	7.64203415	0.82218755
11.62652000	79.82114400	0.01252801	77.31070200	2.51044220	64.02805600	7.64446970	0.82192560
11.63023600	79.22162400	0.01262282	76.42811500	2.79350890	64.02213300	7.64690458	0.82166388
11.63395300	78.61634800	0.01272000	75.62547500	2.99087320	64.01620200	7.64934012	0.82140227
11.63767000	78.03807300	0.01281426	74.94123600	3.09683740	64.01026300	7.65177564	0.82114082
11.64138600	77.54680100	0.01289544	74.41402400	3.13277740	64.00431500	7.65421051	0.82087961
11.64510300	77.15291800	0.01296127	74.06474100	3.08817750	63.99835800	7.65664602	0.82061849
11.64882000	76.84611000	0.01301302	73.89377800	2.95233210	63.99239200	7.65908152	0.82035754
11.65253700	76.62407900	0.01305073	73.88520000	2.73887920	63.98641900	7.66151701	0.82009676
11.65625300	76.50379700	0.01307125	74.00561700	2.49817970	63.98043600	7.66395184	0.81983622
11.65997000	76.45719900	0.01307921	74.20594100	2.25125790	63.97444500	7.66638732	0.81957577
11.66368700	76.45721200	0.01307921	74.40650500	2.05070680	63.96844600	7.66882279	0.81931549
11.66740400	76.47404200	0.01307633	74.52425200	1.94979060	63.96243900	7.67125825	0.81905538
11.67112000	76.49882800	0.01307210	74.50136900	1.99745840	63.95642300	7.67369305	0.81879550
11.67483700	76.52981800	0.01306680	74.30987300	2.21994530	63.95039800	7.67612849	0.81853571
11.67855400	76.55542200	0.01306243	73.97958200	2.57584080	63.94436600	7.67856393	0.81827609
11.68227100	76.54485100	0.01306424	73.57606000	2.96879090	63.93832500	7.68099936	0.81801664
11.68598700	76.48416400	0.01307460	73.17604200	3.30812140	63.93227600	7.68343413	0.81775743
11.68970400	76.38463600	0.01309164	72.84639100	3.53824460	63.92621900	7.68586954	0.81749830
11.69342100	76.28122200	0.01310939	72.62396900	3.65725340	63.92015300	7.68830494	0.81723935
11.69713800	76.19140400	0.01312484	72.54007600	3.65132770	63.91407900	7.69074034	0.81698055
11.70085400	76.14022600	0.01313366	72.59829200	3.54193420	63.90799800	7.69317508	0.81672200
11.70457100	76.13868700	0.01313393	72.80554000	3.33314700	63.90190800	7.69561046	0.81646353
11.70828800	76.22464200	0.01311912	73.13849800	3.08614430	63.89581000	7.69804583	0.81620524
11.71200500	76.38652800	0.01309131	73.56231200	2.82421640	63.88970400	7.70048119	0.81594710
11.71572100	76.57409200	0.01305925	74.02402000	2.55007200	63.88359100	7.70291589	0.81568920
11.71943800	76.77967100	0.01302428	74.46200500	2.31766620	63.87746900	7.70535124	0.81543139
11.72315500	76.98184200	0.01299008	74.81767600	2.16416620	63.87133900	7.70778658	0.81517375
11.72687200	77.13647700	0.01296404	75.06845200	2.06802480	63.86520200	7.71022191	0.81491627
11.73058800	77.22286000	0.01294953	75.24059000	1.98227000	63.85905700	7.71265658	0.81465903
11.73430500	77.26600100	0.01294230	75.40619600	1.85980520	63.85290300	7.71509190	0.81440187
11.73802200	77.30959600	0.01293500	75.61809400	1.69150150	63.84674300	7.71752721	0.81414489
11.74173800	77.41618900	0.01291719	75.95268200	1.46350650	63.84057400	7.71996185	0.81388813
11.74545500	77.64634400	0.01287891	76.45177800	1.19456610	63.83439800	7.72239714	0.81363147
11.74917200	78.00555700	0.01281960	77.12478000	0.88077699	63.82821400	7.72483243	0.81337497
11.75288900	78.49962600	0.01273891	77.96166200	0.53796367	63.82202200	7.72726770	0.81311863
11.75660500	79.10032700	0.01264217	78.94640000	0.15392621	63.81582300	7.72970231	0.81286252
11.76032200	79.79524000	0.01253208	80.02360600	-0.22836585	63.80961600	7.73213757	0.81260651
11.76403900	80.56616500	0.01241216	81.15425300	-0.58808876	63.80340100	7.73457282	0.81235066
11.76775600	81.39766200	0.01228536	82.33360600	-0.93594369	63.79718000	7.73700807	0.81209497
11.77147200	82.27423900	0.01215447	83.57564300	-1.30140470	63.79095000	7.73944264	0.81183951
11.77518900	83.19034300	0.01202063	84.89508800	-1.70474440	63.78471400	7.74187787	0.81158414
11.77890600	84.12590300	0.01188694	86.27061200	-2.14470890	63.77847000	7.74431309	0.81132894
11.78262300	85.03498600	0.01175987	87.64979500	-2.61480910	63.77221800	7.74674830	0.81107389
11.78633900	85.88155100	0.01164394	88.96753000	-3.08597850	63.76595900	7.74918285	0.81081908
11.79005600	86.62584200	0.01154390	90.13694000	-3.51109850	63.75969300	7.75161804	0.81056436
11.79377300	87.24553200	0.01146190	91.10498000	-3.85944880	63.75342000	7.75405323	0.81030980
11.79749000	87.74378500	0.01139682	91.83066600	-4.08688120	63.74714000	7.75648840	0.81005540
11.80120600	88.11015600	0.01134943	92.31891900	-4.20876370	63.74085200	7.75892292	0.80980123
11.80492300	88.36577100	0.01131660	92.60704000	-4.24126890	63.73455700	7.76135808	0.80954715
11.80864000	88.53782400	0.01129461	92.76694100	-4.22911650	63.72825500	7.76379323	0.80929323
11.81235700	88.69223000	0.01127494	92.82889600	-4.13666620	63.72194600	7.76622838	0.80903947
11.81607300	88.81597400	0.01125924	92.73424600	-3.91827230	63.71563000	7.76866286	0.80878594
11.81979000	88.87566600	0.01125167	92.39860700	-3.52294060	63.70930700	7.77109799	0.80853250
11.82350700	88.80378000	0.01126078	91.70921900	-2.90543950	63.70297700	7.77353311	0.80827922
11.82722400	88.53295600	0.01129523	90.62189800	-2.08894140	63.69664100	7.77596822	0.80802610
11.83094000	88.03092400	0.01135964	89.18827100	-1.15734640	63.69029700	7.77840267	0.80777321
11.83465700	87.28705900	0.01145645	87.53986500	-0.25280693	63.68394600	7.78083776	0.80752041
11.83837400	86.33900200	0.01158225	85.83445400	0.50454807	63.67758900	7.78327285	0.80726777
11.84209000	85.24560000	0.01173081	84.22194900	1.02365160	63.67122500	7.78570727	0.80701535
11.84580700	84.10200200	0.01189032	82.79004600	1.31195650	63.66485400	7.78814235	0.80676303
11.84952400	83.00840300	0.01204697	81.59534800	1.41305450	63.65847700	7.79057741	0.80651086
11.85324100	82.02745300	0.01219104	80.68379100	1.34366240	63.65209300	7.79301246	0.80625886
11.85695700	81.19820700	0.01231554	80.04083800	1.15736860	63.64570200	7.79544686	0.80600707
11.86067400	80.55723600	0.01241353	79.65054700	0.90668901	63.63930500	7.79788189	0.80575538
11.86439100	80.11549600	0.01248198	79.48614900	0.62934721	63.63290100	7.80031692	0.80550385
11.86810800	79.86205500	0.01252159	79.49883500	0.36322080	63.62649100	7.80275195	0.80525247
11.87182400	79.77532200	0.01253521	79.67250700	0.10281454	63.62007400	7.80518630	0.80500132
11.87554100	79.83055600	0.01252653	79.94209700	-0.11154045	63.61365100	7.80762131	0.80475026
11.87925800	79.99843100	0.01250025	80.25016700	-0.25173583	63.60722200	7.81005631	0.80449936
11.88297500	80.22426100	0.01246506	80.54354600	-0.31928470	63.60078600	7.81249130	0.80424862
11.88669100	80.46675400	0.01242749	80.79473100	-0.32797725	63.59434400	7.81492562	0.80399809
11.89040800	80.68597700	0.01239373	81.00416100	-0.31818420	63.58789500	7.81736060	0.80374766
11.89412500	80.88709300	0.01236291	81.21499300	-0.32790029	63.58144100	7.81979556	0.80349739
11.89784200	81.09082300	0.01233185	81.45921700	-0.36839452	63.57498000	7.82223052	0.80324727
11.90155800	81.32696300	0.01229605	81.79922700	-0.47226461	63.56851300	7.82466481	0.80299738
11.90527500	81.60647100	0.01225393	82.22666500	-0.62019460	63.56204000	7.82709975	0.80274757
11.90899200	81.94196600	0.01220376	82.71267300	-0.77070775	63.55556200	7.82953468	0.80249792
11.91270900	82.32556200	0.01214690	83.19589100	-0.87032986	63.54907700	7.83196960	0.80224843
11.91642500	82.69236000	0.01209302	83.58908200	-0.89672231	63.54258600	7.83440386	0.80199916
11.92014200	82.93540200	0.01205758	83.83816700	-0.90276497	63.53608900	7.83683877	0.80174998
11.92385900	83.02122200	0.01204511	83.94508700	-0.92386481	63.52958600	7.83927367	0.80150095
11.92757600	82.96182800	0.01205374	83.96169800	-0.99987081	63.52307800	7.84170856	0.80125208
11.93129200	82.80338800	0.01207680	83.98087700	-1.17748900	63.51656400	7.84414279	0.80100343
11.93500900	82.62617500	0.01210270	84.10240800	-1.47623330	63.51004400	7.84657766	0.80075487
11.93872600	82.49213900	0.01212237	84.36824500	-1.87610590	63.50351800	7.84901253	0.80050647
11.94244300	82.44421100	0.01212941	84.76543100	-2.32121970	63.49698700	7.85144738	0.80025822
11.94615900	82.49557700	0.01212186	85.23634600	-2.74076840	63.49045000	7.85388158	0.80001019
11.94987600	82.62539700	0.01210282	85.71604600	-3.09064960	63.48390700	7.85631642	0.79976225
11.95359300	82.79400600	0.01207817	86.12756900	-3.33356290	63.47735900	7.85875125	0.79951447
11.95730900	82.94846100	0.01205568	86.46864100	-3.52017960	63.47080500	7.86118542	0.79926690
11.96102600	83.02558900	0.01204448	86.80512000	-3.77953100	63.46424600	7.86362024	0.79901942
11.96474300	83.04251100	0.01204202	87.26554800	-4.22303690	63.45768200	7.86605504	0.79877210
11.96846000	83.06979400	0.01203807	87.96799700	-4.89820290	63.45111200	7.86848984	0.79852493
11.97217600	83.21110800	0.01201763	89.00005200	-5.78894420	63.44453700	7.87092398	0.79827798
11.97589300	83.54396100	0.01196975	90.38763200	-6.84367190	63.43795700	7.87335876	0.79803112
11.97961000	84.10669500	0.01188966	92.09403700	-7.98734300	63.43137100	7.87579354	0.79778441
11.98332700	84.90241700	0.01177823	94.03501400	-9.13259640	63.42478100	7.87822830	0.79753786
11.98704300	85.90744800	0.01164043	96.08383600	-10.17638900	63.41818500	7.88066241	0.79729152
11.99076000	87.10552200	0.01148033	98.11262500	-11.00710300	63.41158400	7.88309716	0.79704527
11.99447700	88.45546500	0.01130512	100.04190000	-11.58643200	63.40497800	7.88553190	0.79679917
11.99819400	89.91743700	0.01112131	101.91062000	-11.99318100	63.39836700	7.88796663	0.79655323
12.00191000	91.45440900	0.01093441	103.75331000	-12.29890600	63.39175100	7.89040070	0.79630751
12.00562700	93.03533200	0.01074860	105.63480000	-12.59947100	63.38513000	7.89283542	0.79606187
12.00934400	94.62803400	0.01056769	107.58058000	-12.95254800	63.37850500	7.89527012	0.79581638
12.01306100	96.18319200	0.01039683	109.49253000	-13.30934000	63.37187400	7.89770482	0.79557105
12.01677700	97.62798800	0.01024296	111.22408000	-13.59608700	63.36523900	7.90013886	0.79532593
12.02049400	98.84713200	0.01011663	112.51958000	-13.67245300	63.35859900	7.90257354	0.79508090
12.02421100	99.72372400	0.01002770	113.12767000	-13.40394300	63.35195500	7.90500822	0.79483602
12.02792800	100.13804000	0.00998621	112.87069000	-12.73265300	63.34530500	7.90744289	0.79459130
12.03164400	100.05239000	0.00999476	111.69264000	-11.64024900	63.33865200	7.90987689	0.79434679
12.03536100	99.49077600	0.01005118	109.67981000	-10.18903900	63.33199300	7.91231154	0.79410237
12.03907800	98.51535500	0.01015070	107.03012000	-8.51476670	63.32533000	7.91474618	0.79385809
12.04279500	97.19563800	0.01028853	103.98348000	-6.78784290	63.31866300	7.91718081	0.79361397
12.04651100	95.60441800	0.01045977	100.75566000	-5.15123670	63.31199100	7.91961478	0.79337007
12.05022800	93.82692700	0.01065792	97.49089800	-3.66397110	63.30531500	7.92204940	0.79312625
12.05394500	91.94776200	0.01087574	94.27824400	-2.33048200	63.29863500	7.92448401	0.79288258
12.05766100	90.00281800	0.01111076	91.18054200	-1.17772380	63.29195100	7.92691795	0.79263912
12.06137800	88.05618000	0.01135639	88.28064400	-0.22446387	63.28526200	7.92935255	0.79239576
12.06509500	86.17957300	0.01160368	85.65676400	0.52280873	63.27856900	7.93178713	0.79215254
12.06881200	84.40188600	0.01184808	83.38734600	1.01454030	63.27187200	7.93422170	0.79190947
12.07252800	82.77732100	0.01208060	81.52090000	1.25642040	63.26517100	7.93665562	0.79166662
12.07624500	81.39194700	0.01228623	80.10230100	1.28964660	63.25846600	7.93909017	0.79142385
12.07996200	80.29417200	0.01245420	79.14068200	1.15348960	63.25175700	7.94152472	0.79118123
12.08367900	79.50786100	0.01257737	78.63175900	0.87610141	63.24504400	7.94395927	0.79093876
12.08739500	79.02361000	0.01265445	78.56695000	0.45666043	63.23832700	7.94639314	0.79069651
12.09111200	78.83786000	0.01268426	78.93048000	-0.09261992	63.23160700	7.94882767	0.79045434
12.09482900	78.94709000	0.01266671	79.70498900	-0.75789890	63.22488300	7.95126219	0.79021232
12.09854600	79.37111400	0.01259904	80.85092700	-1.47981330	63.21815500	7.95369669	0.78997044
12.10226200	80.06457800	0.01248992	82.31911800	-2.25454060	63.21142300	7.95613054	0.78972879
12.10597900	81.01208200	0.01234384	84.03820300	-3.02612080	63.20468800	7.95856503	0.78948721
12.10969600	82.18122100	0.01216823	85.89090800	-3.70968660	63.19794900	7.96099951	0.78924578
12.11341300	83.49584700	0.01197664	87.71021600	-4.21436930	63.19120700	7.96343399	0.78900451
12.11712900	84.82740000	0.01178864	89.30347800	-4.47607820	63.18446100	7.96586780	0.78876344
12.12084600	86.06953700	0.01161851	90.48355900	-4.41402180	63.17771200	7.96830226	0.78852246
12.12456300	87.13844800	0.01147599	91.13126100	-3.99281250	63.17095900	7.97073671	0.78828163
12.12828000	87.93071200	0.01137259	91.25168200	-3.32096960	63.16420300	7.97317115	0.78804094
12.13199600	88.38575700	0.01131404	90.93314300	-2.54738600	63.15744400	7.97560493	0.78780047
12.13571300	88.50013700	0.01129942	90.35434700	-1.85420950	63.15068200	7.97803935	0.78756008
12.13943000	88.35057300	0.01131855	89.69525400	-1.34468060	63.14391700	7.98047377	0.78731984
12.14314700	88.05408000	0.01135666	89.08366400	-1.02958480	63.13714800	7.98290817	0.78707974
12.14686300	87.74505400	0.01139665	88.59093500	-0.84588110	63.13037700	7.98534192	0.78683986
12.15058000	87.52530200	0.01142527	88.23958300	-0.71428168	63.12360200	7.98777631	0.78660006
12.15429700	87.49276000	0.01142952	88.02756000	-0.53480003	63.11682500	7.99021069	0.78636040
12.15801400	87.63380200	0.01141112	87.90488200	-0.27108013	63.11004500	7.99264507	0.78612090
12.16173000	87.87171400	0.01138023	87.81445100	0.05726306	63.10326200	7.99507878	0.78588160
12.16544700	88.06776700	0.01135489	87.65980200	0.40796435	63.09647600	7.99751313	0.78564239
12.16916400	88.10567500	0.01135001	87.35282100	0.75285337	63.08968700	7.99994748	0.78540332
12.17288000	87.89634700	0.01137704	86.85110600	1.04524140	63.08289600	8.00238117	0.78516446
12.17659700	87.39824400	0.01144188	86.18173000	1.21651400	63.07610200	8.00481550	0.78492569
12.18031400	86.63711000	0.01154240	85.44089100	1.19621920	63.06930600	8.00724982	0.78468706
12.18403100	85.69385300	0.01166945	84.72220200	0.97165118	63.06250700	8.00968414	0.78444857
12.18774700	84.70389000	0.01180583	84.12365800	0.58023240	63.05570500	8.01211779	0.78421030
12.19146400	83.80439800	0.01193255	83.68723400	0.11716382	63.04890200	8.01455209	0.78397211
12.19518100	83.09332800	0.01203466	83.43162300	-0.33829526	63.04209500	8.01698638	0.78373406
12.19889800	82.62123400	0.01210343	83.33198300	-0.71074942	63.03528700	8.01942066	0.78349616
12.20261400	82.38185400	0.01213860	83.35747400	-0.97562045	63.02847600	8.02185428	0.78325847
12.20633100	82.36505900	0.01214107	83.46692300	-1.10186370	63.02166400	8.02428854	0.78302086
12.21004800	82.50945300	0.01211982	83.59629300	-1.08684010	63.01484900	8.02672280	0.78278339
12.21376500	82.70188100	0.01209162	83.65977100	-0.95788959	63.00803200	8.02915705	0.78254607
12.21748100	82.83178500	0.01207266	83.57422900	-0.74244418	63.00121300	8.03159063	0.78230896
12.22119800	82.83289800	0.01207250	83.29309300	-0.46019458	62.99439200	8.03402486	0.78207193
12.22491500	82.67218500	0.01209597	82.79148500	-0.11929980	62.98756900	8.03645908	0.78183504
12.22863200	82.35316500	0.01214282	82.07938700	0.27377750	62.98074400	8.03889330	0.78159830
12.23234800	81.88554400	0.01221217	81.16998100	0.71556321	62.97391800	8.04132685	0.78136176
12.23606500	81.30235800	0.01229977	80.08656300	1.21579470	62.96709000	8.04376104	0.78112531
12.23978200	80.66763100	0.01239655	78.89102700	1.77660310	62.96026000	8.04619523	0.78088899
12.24349900	80.04425000	0.01249309	77.66370800	2.38054230	62.95342800	8.04862941	0.78065283
12.24721500	79.44580300	0.01258720	76.49203700	2.95376610	62.94659500	8.05106293	0.78041687
12.25093200	78.87480700	0.01267832	75.45168200	3.42312500	62.93976100	8.05349709	0.78018099
12.25464900	78.34292300	0.01276439	74.58739700	3.75552640	62.93292500	8.05593125	0.77994525
12.25836600	77.87571200	0.01284097	73.91840400	3.95730850	62.92608700	8.05836539	0.77970966
12.26208200	77.48702700	0.01290539	73.44461400	4.04241360	62.91924900	8.06079887	0.77947427
12.26579900	77.19335400	0.01295448	73.13996300	4.05339080	62.91240900	8.06323300	0.77923896
12.26951600	76.98207600	0.01299004	72.96218900	4.01988700	62.90556800	8.06566712	0.77900380
12.27323200	76.84299000	0.01301355	72.86600500	3.97698460	62.89872500	8.06810058	0.77876884
12.27694900	76.76235500	0.01302722	72.79789200	3.96446260	62.89188200	8.07053469	0.77853396
12.28066600	76.73601000	0.01303169	72.72499900	4.01101110	62.88503800	8.07296878	0.77829922
12.28438300	76.75405400	0.01302863	72.64062200	4.11343220	62.87819200	8.07540287	0.77806463
12.28809900	76.81068200	0.01301902	72.55867500	4.25200710	62.87134600	8.07783629	0.77783024
12.29181600	76.87946800	0.01300737	72.49955300	4.37991540	62.86449900	8.08027036	0.77759593
12.29553300	76.94458500	0.01299637	72.47386900	4.47071630	62.85765100	8.08270442	0.77736176
12.29925000	77.00007400	0.01298700	72.47578400	4.52429020	62.85080200	8.08513847	0.77712773
12.30296600	77.03197200	0.01298162	72.49643700	4.53553520	62.84395300	8.08757186	0.77689391
12.30668300	77.02447500	0.01298289	72.50533100	4.51914430	62.83710300	8.09000590	0.77666016
12.31040000	76.98840300	0.01298897	72.51077700	4.47762590	62.83025200	8.09243993	0.77642656
12.31411700	76.92312100	0.01299999	72.53980600	4.38331530	62.82340100	8.09487394	0.77619310
12.31783300	76.84685800	0.01301289	72.63880000	4.20805750	62.81655000	8.09730730	0.77595984
12.32155000	76.79175100	0.01302223	72.85112200	3.94062840	62.80969800	8.09974130	0.77572667
12.32526700	76.77736200	0.01302467	73.22592100	3.55144090	62.80284600	8.10217529	0.77549363
12.32898400	76.82409900	0.01301675	73.78146100	3.04263790	62.79599400	8.10460928	0.77526073
12.33270000	76.98296400	0.01298989	74.52129200	2.46167120	62.78914100	8.10704260	0.77502804
12.33641700	77.30554500	0.01293568	75.42656100	1.87898310	62.78228800	8.10947657	0.77479542
12.34013400	77.79842100	0.01285373	76.45197900	1.34644210	62.77543600	8.11191053	0.77456295
12.34385100	78.43247200	0.01274982	77.52248200	0.90999053	62.76858300	8.11434448	0.77433061
12.34756700	79.12959300	0.01263750	78.52092700	0.60866620	62.76173000	8.11677776	0.77409848
12.35128400	79.78329200	0.01253395	79.33268900	0.45060348	62.75487800	8.11921170	0.77386642
12.35500100	80.31448600	0.01245105	79.85891700	0.45556871	62.74802500	8.12164562	0.77363451
12.35871800	80.71599800	0.01238912	80.05866100	0.65733724	62.74117300	8.12407954	0.77340273
12.36243400	80.96138300	0.01235157	79.98769600	0.97368618	62.73432100	8.12651279	0.77317116
12.36615100	81.04014300	0.01233956	79.76314100	1.27700230	62.72747000	8.12894669	0.77293966
12.36986800	80.99760900	0.01234604	79.48019200	1.51741730	62.72061900	8.13138058	0.77270831
12.37358500	80.91565700	0.01235855	79.21754600	1.69811100	62.71376800	8.13381446	0.77247709
12.37730100	80.82124600	0.01237298	79.01829900	1.80294660	62.70691800	8.13624768	0.77224607
12.38101800	80.72821600	0.01238724	78.90547100	1.82274410	62.70006900	8.13868155	0.77201513
12.38473500	80.66638400	0.01239674	78.89618700	1.77019720	62.69322000	8.14111540	0.77178433
12.38845100	80.65980800	0.01239775	79.03551200	1.62429630	62.68637200	8.14354860	0.77155373
12.39216800	80.70430800	0.01239091	79.36358600	1.34072180	62.67952500	8.14598244	0.77132321
12.39588500	80.83345500	0.01237112	79.89426200	0.93919389	62.67267900	8.14841627	0.77109282
12.39960200	81.08154800	0.01233326	80.60246200	0.47908585	62.66583400	8.15085009	0.77086258
12.40331800	81.45365900	0.01227692	81.45254600	0.00111290	62.65899000	8.15328325	0.77063253
12.40703500	81.88197300	0.01221270	82.34357600	-0.46160280	62.65214600	8.15571705	0.77040256
12.41075200	82.32997600	0.01214624	83.18517000	-0.85519381	62.64530400	8.15815085	0.77017273
12.41446900	82.76560700	0.01208231	83.87638100	-1.11077420	62.63846400	8.16058464	0.76994304
12.41818500	83.15566000	0.01202564	84.31680100	-1.16114080	62.63162400	8.16301776	0.76971354
12.42190200	83.42509500	0.01198680	84.42779700	-1.00270230	62.62478600	8.16545153	0.76948412
12.42561900	83.53979700	0.01197034	84.16834600	-0.62854819	62.61794900	8.16788529	0.76925484
12.42933600	83.46216600	0.01198148	83.51201800	-0.04985194	62.61111400	8.17031905	0.76902570
12.43305200	83.17835200	0.01202236	82.53090300	0.64744896	62.60428000	8.17275214	0.76879675
12.43676900	82.70881400	0.01209061	81.31005200	1.39876210	62.59744800	8.17518587	0.76856788
12.44048600	82.10199200	0.01217997	79.97187600	2.13011640	62.59061800	8.17761960	0.76833915
12.44420300	81.39739200	0.01228541	78.63435800	2.76303430	62.58378900	8.18005332	0.76811056
12.44791900	80.67382800	0.01239559	77.38105000	3.29277770	62.57696200	8.18248637	0.76788216
12.45163600	80.00615200	0.01249904	76.25703900	3.74911300	62.57013700	8.18492008	0.76765384
12.45535300	79.42076600	0.01259116	75.26816500	4.15260170	62.56331400	8.18735377	0.76742565
12.45907000	78.90147400	0.01267403	74.38549100	4.51598350	62.55649300	8.18978745	0.76719760
12.46278600	78.42348700	0.01275128	73.56963200	4.85385570	62.54967400	8.19222048	0.76696975
12.46650300	77.95815800	0.01282739	72.78737500	5.17078290	62.54285700	8.19465414	0.76674198
12.47022000	77.49794500	0.01290357	72.03045900	5.46748640	62.53604200	8.19708780	0.76651434
12.47393700	77.04348000	0.01297968	71.30417400	5.73930620	62.52923000	8.19952145	0.76628683
12.47765300	76.59365100	0.01305591	70.64213100	5.95152000	62.52242000	8.20195444	0.76605952
12.48137000	76.16410300	0.01312954	70.06127000	6.10283280	62.51561300	8.20438807	0.76583229
12.48508700	75.77055400	0.01319774	69.58808300	6.18247090	62.50880700	8.20682169	0.76560519
12.48880300	75.44328600	0.01325499	69.22219800	6.22108810	62.50200500	8.20925466	0.76537829
12.49252000	75.19721700	0.01329836	68.98360400	6.21361300	62.49520500	8.21168826	0.76515147
12.49623700	75.01676900	0.01333035	68.87519100	6.14157890	62.48840800	8.21412186	0.76492477
12.49995400	74.90750600	0.01334980	68.90587100	6.00163520	62.48161400	8.21655545	0.76469822
12.50367000	74.89465600	0.01335209	69.07509500	5.81956090	62.47482200	8.21898838	0.76447186
12.50738700	74.98672700	0.01333569	69.39245100	5.59427620	62.46803300	8.22142195	0.76424557
12.51110400	75.17532600	0.01330224	69.86835600	5.30697040	62.46124800	8.22385551	0.76401942
12.51482100	75.46218400	0.01325167	70.50125800	4.96092520	62.45446500	8.22628907	0.76379340
12.51853700	75.85520900	0.01318301	71.28950800	4.56570110	62.44768600	8.22872196	0.76356758
12.52225400	76.37758100	0.01309285	72.23106800	4.14651310	62.44091000	8.23115550	0.76334183
12.52597100	77.02679200	0.01298250	73.29879500	3.72799730	62.43413700	8.23358903	0.76311622
12.52968800	77.78578400	0.01285582	74.47850200	3.30728260	62.42736700	8.23602255	0.76289074
12.53340400	78.61739300	0.01271983	75.71752700	2.89986640	62.42060100	8.23845540	0.76266545
12.53712100	79.45603200	0.01258558	76.96040700	2.49562520	62.41383800	8.24088891	0.76244024
12.54083800	80.27365600	0.01245739	78.17042200	2.10323450	62.40707900	8.24332240	0.76221516
12.54455500	81.06344400	0.01233602	79.31937700	1.74406680	62.40032300	8.24575589	0.76199022
12.54827100	81.78446200	0.01222726	80.40510500	1.37935720	62.39357100	8.24818871	0.76176546
12.55198800	82.42356600	0.01213245	81.43632500	0.98724152	62.38682300	8.25062218	0.76154079
12.55570500	82.97649600	0.01205160	82.42785200	0.54864431	62.38007900	8.25305564	0.76131624
12.55942200	83.43204500	0.01198580	83.34243400	0.08961061	62.37333900	8.25548909	0.76109183
12.56313800	83.80862700	0.01193195	84.16277200	-0.35414523	62.36660200	8.25792188	0.76086761
12.56685500	84.16696700	0.01188115	84.80988800	-0.64292103	62.35987000	8.26035531	0.76064347
12.57057200	84.51590200	0.01183209	85.20375600	-0.68785376	62.35314200	8.26278874	0.76041946
12.57428900	84.81844600	0.01178989	85.29031400	-0.47186846	62.34641800	8.26522215	0.76019558
12.57800500	85.04547600	0.01175841	85.07070200	-0.02522609	62.33969800	8.26765490	0.75997189
12.58172200	85.20805100	0.01173598	84.60351200	0.60453905	62.33298300	8.27008830	0.75974827
12.58543900	85.29884600	0.01172349	83.98013700	1.31870860	62.32627200	8.27252169	0.75952479
12.58915600	85.30507200	0.01172263	83.26331900	2.04175260	62.31956600	8.27495507	0.75930144
12.59287200	85.19357600	0.01173797	82.49074500	2.70283020	62.31286400	8.27738779	0.75907828
12.59658900	84.97010500	0.01176885	81.63281300	3.33729270	62.30616700	8.27982116	0.75885520
12.60030600	84.65722400	0.01181234	80.66484800	3.99237650	62.29947500	8.28225451	0.75863224
12.60402200	84.25586200	0.01186861	79.57089800	4.68496390	62.29278700	8.28468720	0.75840948
12.60773900	83.74032800	0.01194168	78.37814500	5.36218340	62.28610500	8.28712054	0.75818679
12.61145600	83.11442800	0.01203161	77.14313400	5.97129420	62.27942700	8.28955387	0.75796423
12.61517300	82.40311400	0.01213546	75.95684800	6.44626630	62.27275400	8.29198719	0.75774180
12.61888900	81.64314300	0.01224843	74.88391700	6.75922610	62.26608700	8.29441985	0.75751956
12.62260600	80.84782200	0.01236892	73.96278700	6.88503490	62.25942500	8.29685315	0.75729740
12.62632300	80.04391000	0.01249314	73.19601300	6.84789670	62.25276800	8.29928645	0.75707536
12.63004000	79.28750900	0.01261233	72.57712200	6.71038680	62.24611600	8.30171973	0.75685346
12.63375600	78.58669000	0.01272480	72.06539500	6.52129500	62.23947000	8.30415235	0.75663175
12.63747300	77.93009900	0.01283201	71.64086400	6.28923590	62.23282900	8.30658562	0.75641011
12.64119000	77.34974700	0.01292829	71.24698800	6.10275920	62.22619400	8.30901888	0.75618859
12.64490700	76.86199200	0.01301033	70.86327800	5.99871430	62.21956400	8.31145213	0.75596721
12.64862300	76.46229600	0.01307834	70.51346100	5.94883420	62.21294000	8.31388472	0.75574602
12.65234000	76.14358800	0.01313308	70.20929700	5.93429110	62.20632200	8.31631795	0.75552490
12.65605700	75.89785300	0.01317560	69.97825800	5.91959500	62.19971000	8.31875118	0.75530391
12.65977400	75.73383600	0.01320414	69.84883700	5.88499880	62.19310400	8.32118439	0.75508305
12.66349000	75.64567100	0.01321953	69.83762100	5.80804950	62.18650400	8.32361694	0.75486238
12.66720700	75.63729600	0.01322099	69.96119300	5.67610260	62.17991000	8.32605014	0.75464178
12.67092400	75.70378400	0.01320938	70.23444100	5.46934230	62.17332300	8.32848333	0.75442131
12.67464100	75.84673100	0.01318448	70.64370900	5.20302110	62.16674100	8.33091651	0.75420097
12.67835700	76.07679200	0.01314461	71.18108000	4.89571290	62.16016600	8.33334903	0.75398082
12.68207400	76.38785300	0.01309109	71.82631000	4.56154310	62.15359800	8.33578219	0.75376073
12.68579100	76.78175100	0.01302393	72.54478100	4.23697010	62.14703500	8.33821535	0.75354078
12.68950800	77.24196900	0.01294633	73.30250100	3.93946810	62.14048000	8.34064849	0.75332096
12.69322400	77.73717200	0.01286386	74.07287500	3.66429760	62.13393100	8.34308097	0.75310132
12.69694100	78.25327600	0.01277902	74.84726500	3.40601020	62.12738900	8.34551410	0.75288176
12.70065800	78.79335800	0.01269142	75.61765900	3.17569930	62.12085400	8.34794722	0.75266232
12.70437400	79.32263700	0.01260674	76.35995900	2.96267840	62.11432600	8.35037968	0.75244307
12.70809100	79.81416800	0.01252910	77.02364900	2.79051910	62.10780500	8.35281278	0.75222389
12.71180800	80.24586200	0.01246170	77.52643700	2.71942540	62.10129000	8.35524587	0.75200484
12.71552500	80.57223000	0.01241122	77.79144100	2.78078870	62.09478300	8.35767896	0.75178591
12.71924100	80.74816100	0.01238418	77.76217600	2.98598520	62.08828400	8.36011138	0.75156718
12.72295800	80.75123900	0.01238371	77.44500000	3.30623810	62.08179100	8.36254444	0.75134851
12.72667500	80.58736400	0.01240889	76.90652500	3.68083890	62.07530600	8.36497750	0.75112997
12.73039200	80.28283400	0.01245596	76.24211200	4.04072270	62.06882900	8.36741055	0.75091156
12.73410800	79.84790300	0.01252381	75.58211100	4.26579190	62.06235900	8.36984294	0.75069334
12.73782500	79.32835900	0.01260583	75.01217200	4.31618690	62.05589700	8.37227597	0.75047518
12.74154200	78.80218300	0.01269000	74.62240400	4.17977820	62.04944200	8.37470899	0.75025715
12.74525900	78.33387500	0.01276587	74.45796200	3.87591310	62.04299600	8.37714200	0.75003925
12.74897500	77.94222000	0.01283002	74.53681800	3.40540190	62.03655700	8.37957435	0.74982154
12.75269200	77.63452100	0.01288087	74.86585300	2.76866810	62.03012600	8.38200735	0.74960389
12.75640900	77.46839900	0.01290849	75.40905100	2.05934760	62.02370400	8.38444034	0.74938637
12.76012600	77.48983800	0.01290492	76.13815400	1.35168370	62.01728900	8.38687331	0.74916898
12.76384200	77.74364000	0.01286279	77.01917600	0.72446388	62.01088300	8.38930563	0.74895177
12.76755900	78.21811900	0.01278476	78.02989800	0.18822175	62.00448500	8.39173859	0.74873463
12.77127600	78.92401900	0.01267041	79.13306200	-0.20904291	61.99809600	8.39417154	0.74851762
12.77499300	79.83889300	0.01252522	80.27553100	-0.43663803	61.99171500	8.39660448	0.74830073
12.77870900	80.87131800	0.01236532	81.37075200	-0.49943401	61.98534300	8.39903676	0.74808403
12.78242600	81.87806200	0.01221328	82.28066100	-0.40259884	61.97897900	8.40146969	0.74786740
12.78614300	82.76010100	0.01208312	82.89265300	-0.13255170	61.97262400	8.40390261	0.74765090
12.78986000	83.43144000	0.01198589	83.09396400	0.33747560	61.96627800	8.40633551	0.74743451
12.79357600	83.78228000	0.01193570	82.86557500	0.91670476	61.95994100	8.40876776	0.74721832
12.79729300	83.78280600	0.01193562	82.28371000	1.49909600	61.95361300	8.41120065	0.74700219
12.80101000	83.46776300	0.01198067	81.46620300	2.00156050	61.94729400	8.41363353	0.74678619
12.80472600	82.93573000	0.01205753	80.54679900	2.38893050	61.94098400	8.41606575	0.74657037
12.80844300	82.28769700	0.01215248	79.63840900	2.64928780	61.93468400	8.41849861	0.74635462
12.81216000	81.63244600	0.01225003	78.82483200	2.80761450	61.92839300	8.42093147	0.74613899
12.81587700	81.02231300	0.01234228	78.14039800	2.88191520	61.92211100	8.42336431	0.74592349
12.81959300	80.48443100	0.01242476	77.60521300	2.87921780	61.91583900	8.42579649	0.74570817
12.82331000	80.04036200	0.01249370	77.16805000	2.87231180	61.90957700	8.42822932	0.74549292
12.82702700	79.69454200	0.01254791	76.76553700	2.92900520	61.90332400	8.43066214	0.74527780
12.83074400	79.40530600	0.01259362	76.30846700	3.09683920	61.89708100	8.43309495	0.74506280
12.83446000	79.13242800	0.01263704	75.71622300	3.41620570	61.89084800	8.43552710	0.74484798
12.83817700	78.83954100	0.01268399	74.97452400	3.86501680	61.88462500	8.43795989	0.74463323
12.84189400	78.50552400	0.01273796	74.11906500	4.38645910	61.87841200	8.44039267	0.74441860
12.84561100	78.14619200	0.01279653	73.20872000	4.93747150	61.87220900	8.44282545	0.74420410
12.84932700	77.75951400	0.01286016	72.31577300	5.44374110	61.86601600	8.44525756	0.74398978
12.85304400	77.34986600	0.01292827	71.48734500	5.86252110	61.85983400	8.44769032	0.74377553
12.85676100	76.93430800	0.01299810	70.77052000	6.16378890	61.85366200	8.45012307	0.74356140
12.86047800	76.52934300	0.01306688	70.18637100	6.34297170	61.84750100	8.45255580	0.74334739
12.86419400	76.15518200	0.01313108	69.74613000	6.40905210	61.84135000	8.45498788	0.74313357
12.86791100	75.83616600	0.01318632	69.44281100	6.39335560	61.83521000	8.45742060	0.74291981
12.87162800	75.58198000	0.01323067	69.28209300	6.29988710	61.82908100	8.45985331	0.74270618
12.87534500	75.39363100	0.01326372	69.26041700	6.13321410	61.82296300	8.46228602	0.74249267
12.87906100	75.27604200	0.01328444	69.37321000	5.90283200	61.81685600	8.46471806	0.74227934
12.88277800	75.23576100	0.01329155	69.61251200	5.62324880	61.81075900	8.46715074	0.74206607
12.88649500	75.27440100	0.01328473	69.97390100	5.30050020	61.80467400	8.46958342	0.74185293
12.89021200	75.42014100	0.01325906	70.44231100	4.97782910	61.79860000	8.47201609	0.74163992
12.89392800	75.67671500	0.01321410	71.00812600	4.66858890	61.79253800	8.47444809	0.74142708
12.89764500	76.01374100	0.01315552	71.65110500	4.36263540	61.78648700	8.47688074	0.74121431
12.90136200	76.42679600	0.01308442	72.35564000	4.07115620	61.78044700	8.47931338	0.74100166
12.90507900	76.89865600	0.01300413	73.07908200	3.81957430	61.77441900	8.48174602	0.74078914
12.90879500	77.38153600	0.01292298	73.78991800	3.59161770	61.76840300	8.48417799	0.74057679
12.91251200	77.84136200	0.01284664	74.45957400	3.38178830	61.76239800	8.48661060	0.74036451
12.91622900	78.26011700	0.01277790	75.07614200	3.18397490	61.75640600	8.48904321	0.74015235
12.91994500	78.62250000	0.01271901	75.65065300	2.97184760	61.75042500	8.49147515	0.73994038
12.92366200	78.92796800	0.01266978	76.20823000	2.71973810	61.74445700	8.49390774	0.73972846
12.92737900	79.18623600	0.01262846	76.74904600	2.43719010	61.73850000	8.49634031	0.73951667
12.93109600	79.41370900	0.01259228	77.27375300	2.13995560	61.73255600	8.49877288	0.73930500
12.93481200	79.60966000	0.01256129	77.74388000	1.86577950	61.72662500	8.50120479	0.73909351
12.93852900	79.78635900	0.01253347	78.09635300	1.69000640	61.72070500	8.50363734	0.73888209
12.94224600	79.96315300	0.01250576	78.27882600	1.68432620	61.71479900	8.50606989	0.73867078
12.94596300	80.14167000	0.01247790	78.26536900	1.87630150	61.70890500	8.50850242	0.73845960
12.94967900	80.29193400	0.01245455	78.08786400	2.20407010	61.70302300	8.51093429	0.73824860
12.95339600	80.38359100	0.01244035	77.82250100	2.56108930	61.69715500	8.51336681	0.73803766
12.95711300	80.43294000	0.01243272	77.57799600	2.85494440	61.69129900	8.51579931	0.73782684
12.96083000	80.46245300	0.01242816	77.43942700	3.02302650	61.68545700	8.51823181	0.73761614
12.96454600	80.47798900	0.01242576	77.48276900	2.99521990	61.67962700	8.52066365	0.73740563
12.96826300	80.51323400	0.01242032	77.74957300	2.76366160	61.67381100	8.52309613	0.73719517
12.97198000	80.60883100	0.01240559	78.25476100	2.35406960	61.66800800	8.52552860	0.73698484
12.97569700	80.80110200	0.01237607	78.97954700	1.82155460	61.66221900	8.52796106	0.73677462
12.97941300	81.13474500	0.01232518	79.86888800	1.26585750	61.65644300	8.53039286	0.73656459
12.98313000	81.57635200	0.01225845	80.84955800	0.72679469	61.65068000	8.53282530	0.73635462
12.98684700	82.07662500	0.01218374	81.79070300	0.28592192	61.64493200	8.53525774	0.73614477
12.99056400	82.59184500	0.01210773	82.55796300	0.03388231	61.63919700	8.53769017	0.73593503
12.99428000	83.07505800	0.01203731	83.01473100	0.06032714	61.63347600	8.54012193	0.73572548
12.99799700	83.45860300	0.01198199	83.07229800	0.38630487	61.62776900	8.54255434	0.73551599
13.00171400	83.65087600	0.01195445	82.69633400	0.95454191	61.62207600	8.54498674	0.73530662
13.00543100	83.58067100	0.01196449	81.93697400	1.64369630	61.61639700	8.54741913	0.73509737
13.00914700	83.22164900	0.01201610	80.90059300	2.32105620	61.61073300	8.54985085	0.73488829
13.01286400	82.66472600	0.01209706	79.70064100	2.96408540	61.60508300	8.55228323	0.73467928
13.01658100	82.00503300	0.01219437	78.45541200	3.54962100	61.59944700	8.55471559	0.73447039
13.02029700	81.29317500	0.01230116	77.26266200	4.03051310	61.59382600	8.55714729	0.73426168
13.02401400	80.57229400	0.01241121	76.21647000	4.35582360	61.58822000	8.55957964	0.73405302
13.02773100	79.88868200	0.01251742	75.37045300	4.51822940	61.58262900	8.56201197	0.73384449
13.03144800	79.30484800	0.01260957	74.75434400	4.55050360	61.57705200	8.56444430	0.73363608
13.03516400	78.86116800	0.01268051	74.38693600	4.47423220	61.57149000	8.56687596	0.73342784
13.03888100	78.56482700	0.01272834	74.24589800	4.31892860	61.56594400	8.56930827	0.73321966
13.04259800	78.38390400	0.01275772	74.28797100	4.09593210	61.56041200	8.57174057	0.73301160
13.04631500	78.27777400	0.01277502	74.44205700	3.83571650	61.55489600	8.57417287	0.73280367
13.05003100	78.22990200	0.01278284	74.63418900	3.59571260	61.54939600	8.57660449	0.73259590
13.05374800	78.20826500	0.01278637	74.76348100	3.44478320	61.54391000	8.57903677	0.73238820
13.05746500	78.17251300	0.01279222	74.74745300	3.42506020	61.53844100	8.58146903	0.73218062
13.06118200	78.12102500	0.01280065	74.54316100	3.57786410	61.53298700	8.58390129	0.73197316
13.06489800	78.06056700	0.01281056	74.16021500	3.90035230	61.52754900	8.58633288	0.73176587
13.06861500	77.95735900	0.01282752	73.65305700	4.30430200	61.52212600	8.58876512	0.73155864
13.07233200	77.79999000	0.01285347	73.08959500	4.71039530	61.51672000	8.59119734	0.73135153
13.07604900	77.61287700	0.01288446	72.55793700	5.05493950	61.51133000	8.59362956	0.73114454
13.07976500	77.40862300	0.01291846	72.12550400	5.28311870	61.50595600	8.59606112	0.73093772
13.08348200	77.21615600	0.01295066	71.84096400	5.37519160	61.50059800	8.59849332	0.73073096
13.08719900	77.06845900	0.01297548	71.73988600	5.32857210	61.49525700	8.60092551	0.73052433
13.09091600	76.96095000	0.01299360	71.84845700	5.11249350	61.48993200	8.60335770	0.73031780
13.09463200	76.86871800	0.01300919	72.17279500	4.69592320	61.48462400	8.60578921	0.73011146
13.09834900	76.79981000	0.01302087	72.70246000	4.09735020	61.47933300	8.60822138	0.72990517
13.10206600	76.79117800	0.01302233	73.42932700	3.36185150	61.47405800	8.61065354	0.72969900
13.10578300	76.85884100	0.01301086	74.32286900	2.53597160	61.46880100	8.61308568	0.72949295
13.10949900	76.98858900	0.01298894	75.33574700	1.65284150	61.46356000	8.61551717	0.72928707
13.11321600	77.17778500	0.01295710	76.40625800	0.77152722	61.45833600	8.61794929	0.72908126
13.11693300	77.42906400	0.01291505	77.45427400	-0.02520934	61.45313000	8.62038141	0.72887556
13.12065000	77.72200500	0.01286637	78.41079700	-0.68879190	61.44794100	8.62281352	0.72866997
13.12436600	78.05212900	0.01281195	79.22970500	-1.17757600	61.44277000	8.62524497	0.72846456
13.12808300	78.42577900	0.01275091	79.88155300	-1.45577390	61.43761600	8.62767706	0.72825921
13.13180000	78.83036000	0.01268547	80.36706800	-1.53670800	61.43248000	8.63010915	0.72805398
13.13551600	79.26290400	0.01261624	80.70301400	-1.44010980	61.42736100	8.63254057	0.72784892
13.13923300	79.69885800	0.01254723	80.91452100	-1.21566320	61.42226000	8.63497263	0.72764392
13.14295000	80.12048100	0.01248120	81.03321500	-0.91273404	61.41717800	8.63740469	0.72743903
13.14666700	80.51143100	0.01242060	81.08750700	-0.57607542	61.41211300	8.63983674	0.72723426
13.15038300	80.88050100	0.01236392	81.09761300	-0.21711228	61.40706700	8.64226812	0.72702967
13.15410000	81.19310300	0.01231632	81.05655600	0.13654691	61.40203900	8.64470015	0.72682513
13.15781700	81.40261800	0.01228462	80.96561300	0.43700567	61.39702900	8.64713217	0.72662071
13.16153400	81.49260500	0.01227105	80.82237900	0.67022588	61.39203800	8.64956418	0.72641640
13.16525000	81.45374800	0.01227691	80.65441800	0.79933051	61.38706500	8.65199553	0.72621227
13.16896700	81.30609400	0.01229920	80.49424900	0.81184491	61.38211200	8.65442752	0.72600820
13.17268400	81.10983300	0.01232896	80.42792100	0.68191140	61.37717700	8.65685950	0.72580424
13.17640100	80.91679900	0.01235837	80.52580100	0.39099817	61.37226100	8.65929148	0.72560039
13.18011700	80.76393600	0.01238176	80.83993400	-0.07599786	61.36736400	8.66172279	0.72539672
13.18383400	80.72261000	0.01238810	81.39806000	-0.67544939	61.36248600	8.66415474	0.72519311
13.18755100	80.87074800	0.01236541	82.18242200	-1.31167420	61.35762700	8.66658669	0.72498961
13.19126800	81.23186500	0.01231044	83.14693200	-1.91506660	61.35278800	8.66901863	0.72478623
13.19498400	81.80431900	0.01222429	84.22756200	-2.42324290	61.34796800	8.67144990	0.72458301
13.19870100	82.54641700	0.01211440	85.34188400	-2.79546670	61.34316800	8.67388182	0.72437986
13.20241800	83.39484900	0.01199115	86.40592600	-3.01107640	61.33838800	8.67631373	0.72417682
13.20613500	84.24873100	0.01186962	87.32295200	-3.07422110	61.33362800	8.67874563	0.72397390
13.20985100	85.02116600	0.01176178	88.01071200	-2.98954580	61.32888700	8.68117687	0.72377114
13.21356800	85.66056100	0.01167398	88.44116200	-2.78060180	61.32416600	8.68360875	0.72356845
13.21728500	86.10098300	0.01161427	88.63041700	-2.52943480	61.31946600	8.68604063	0.72336587
13.22100200	86.33405600	0.01158291	88.64892000	-2.31486450	61.31478600	8.68847249	0.72316340
13.22471800	86.41311600	0.01157232	88.58293200	-2.16981580	61.31012600	8.69090369	0.72296110
13.22843500	86.39028400	0.01157538	88.52051300	-2.13022840	61.30548700	8.69333554	0.72275886
13.23215200	86.29256400	0.01158848	88.50028200	-2.20771740	61.30086800	8.69576738	0.72255674
13.23586900	86.17949900	0.01160369	88.54947500	-2.36997530	61.29627000	8.69819920	0.72235473
13.23958500	86.10264600	0.01161404	88.64967600	-2.54703050	61.29169300	8.70063037	0.72215288
13.24330200	86.04935200	0.01162124	88.76414000	-2.71478790	61.28713700	8.70306218	0.72195110
13.24701900	85.98771400	0.01162957	88.86265900	-2.87494460	61.28260200	8.70549398	0.72174943
13.25073500	85.90674100	0.01164053	88.92997700	-3.02323590	61.27808800	8.70792512	0.72154793
13.25445200	85.83482100	0.01165028	88.96773700	-3.13291560	61.27359500	8.71035690	0.72134648
13.25816900	85.79779800	0.01165531	88.98089400	-3.18309570	61.26912400	8.71278867	0.72114515
13.26188600	85.75680300	0.01166088	88.95781300	-3.20101010	61.26467400	8.71522044	0.72094393
13.26560200	85.67337300	0.01167224	88.86958800	-3.19621540	61.26024600	8.71765154	0.72074288
13.26931900	85.54053800	0.01169036	88.66384500	-3.12330750	61.25584000	8.72008328	0.72054189
13.27303600	85.32877600	0.01171938	88.26826500	-2.93948900	61.25145500	8.72251502	0.72034101
13.27675300	85.00218700	0.01176440	87.63452800	-2.63234040	61.24709200	8.72494675	0.72014025
13.28046900	84.53342200	0.01182964	86.76391100	-2.23048940	61.24275200	8.72737781	0.71993965
13.28418600	83.91362500	0.01191702	85.69525500	-1.78163030	61.23843400	8.72980952	0.71973911
13.28790300	83.16941100	0.01202365	84.51450900	-1.34509790	61.23413700	8.73224122	0.71953868
13.29162000	82.34865800	0.01214349	83.32789300	-0.97923458	61.22986400	8.73467291	0.71933836
13.29533600	81.48615500	0.01227202	82.21981200	-0.73365709	61.22561300	8.73710394	0.71913821
13.29905300	80.63777900	0.01240114	81.27065000	-0.63287091	61.22138400	8.73953561	0.71893812
13.30277000	79.86264500	0.01252150	80.52476900	-0.66212342	61.21717900	8.74196727	0.71873814
13.30648700	79.21389300	0.01262405	80.00078500	-0.78689253	61.21299600	8.74439893	0.71853827
13.31020300	78.74452700	0.01269929	79.69684900	-0.95232178	61.20883600	8.74682992	0.71833857
13.31392000	78.47155000	0.01274347	79.60327800	-1.13172760	61.20470000	8.74926155	0.71813893
13.31763700	78.42601000	0.01275087	79.69651400	-1.27050350	61.20058600	8.75169318	0.71793940
13.32135400	78.60391000	0.01272201	79.94812300	-1.34421330	61.19649600	8.75412480	0.71773997
13.32507000	78.97846500	0.01266168	80.30865700	-1.33019260	61.19243000	8.75655575	0.71754072
13.32878700	79.45801800	0.01258526	80.71020200	-1.25218410	61.18838700	8.75898735	0.71734152
13.33250400	79.96850600	0.01250492	81.07424700	-1.10574090	61.18436700	8.76141894	0.71714243
13.33622100	80.48351300	0.01242490	81.32460300	-0.84108986	61.18037200	8.76385052	0.71694346
13.33993700	80.95189700	0.01235302	81.40029400	-0.44839698	61.17640000	8.76628143	0.71674465
13.34365400	81.28843200	0.01230187	81.27200800	0.01642354	61.17245300	8.76871300	0.71654590
13.34737100	81.43106800	0.01228032	80.95158100	0.47948758	61.16853000	8.77114455	0.71634725
13.35108700	81.40517700	0.01228423	80.50641200	0.89876440	61.16463100	8.77357544	0.71614878
13.35480400	81.22921200	0.01231084	80.00343900	1.22577320	61.16075600	8.77600697	0.71595036
13.35852100	80.94977100	0.01235334	79.51246300	1.43730790	61.15690600	8.77843850	0.71575205
13.36223800	80.63260400	0.01240193	79.07557000	1.55703420	61.15308100	8.78087001	0.71555385
13.36595400	80.32257600	0.01244980	78.70363500	1.61894060	61.14928100	8.78330086	0.71535581
13.36967100	80.03666700	0.01249427	78.38847700	1.64818970	61.14550500	8.78573236	0.71515783
13.37338800	79.77821100	0.01253475	78.11756700	1.66064370	61.14175400	8.78816385	0.71495996
13.37710500	79.55237300	0.01257034	77.87050300	1.68187020	61.13802900	8.79059533	0.71476221
13.38082100	79.35680100	0.01260131	77.62366800	1.73313320	61.13432900	8.79302614	0.71456461
13.38453800	79.15417200	0.01263357	77.37081300	1.78335890	61.13065400	8.79545760	0.71436707
13.38825500	78.92462400	0.01267032	77.11405600	1.81056820	61.12700500	8.79788905	0.71416965
13.39197200	78.69876600	0.01270668	76.87163200	1.82713380	61.12338100	8.80032049	0.71397233
13.39568800	78.52125800	0.01273540	76.67424500	1.84701290	61.11978300	8.80275127	0.71377517
13.39940500	78.39686800	0.01275561	76.53874800	1.85811990	61.11621100	8.80518270	0.71357807
13.40312200	78.28669700	0.01277356	76.46924800	1.81744900	61.11266600	8.80761411	0.71338108
13.40683900	78.18750500	0.01278977	76.43536600	1.75213900	61.10914600	8.81004551	0.71318421
13.41055500	78.11044800	0.01280238	76.39214100	1.71830710	61.10565200	8.81247625	0.71298749
13.41427200	78.02359300	0.01281664	76.30223500	1.72135750	61.10218500	8.81490764	0.71279083
13.41798900	77.91854600	0.01283391	76.15320300	1.76534320	61.09874400	8.81733902	0.71259428
13.42170600	77.79492700	0.01285431	75.96495100	1.82997580	61.09533000	8.81977038	0.71239783
13.42542200	77.64031700	0.01287991	75.77288400	1.86743300	61.09194300	8.82220109	0.71220155
13.42913900	77.47972400	0.01290660	75.61520100	1.86452230	61.08858200	8.82463244	0.71200533
13.43285600	77.34722100	0.01292871	75.53916600	1.80805520	61.08524900	8.82706378	0.71180921
13.43657300	77.25111100	0.01294480	75.54285600	1.70825490	61.08194200	8.82949511	0.71161320
13.44028900	77.20460800	0.01295260	75.63893800	1.56567000	61.07866300	8.83192577	0.71141736
13.44400600	77.23293800	0.01294784	75.84084200	1.39209650	61.07541100	8.83435709	0.71122157
13.44772300	77.32159200	0.01293300	76.17411500	1.14747650	61.07218700	8.83678839	0.71102589
13.45143900	77.44386800	0.01291258	76.66850000	0.77536753	61.06899000	8.83921903	0.71083037
13.45515600	77.61894200	0.01288345	77.33456900	0.28437281	61.06582200	8.84165031	0.71063490
13.45887300	77.86695900	0.01284242	78.19074500	-0.32378605	61.06268000	8.84408159	0.71043955
13.46259000	78.17785600	0.01279135	79.23190500	-1.05404870	61.05956700	8.84651285	0.71024430
13.46630600	78.55880000	0.01272932	80.41950100	-1.86070160	61.05648300	8.84894345	0.71004921
13.47002300	79.03083800	0.01265329	81.69439200	-2.66355420	61.05342600	8.85137470	0.70985418
13.47374000	79.59047200	0.01256432	82.96306200	-3.37259060	61.05039800	8.85380594	0.70965925
13.47745700	80.23558600	0.01246330	84.15616100	-3.92057520	61.04739800	8.85623716	0.70946444
13.48117300	80.94244400	0.01235446	85.18830700	-4.24586280	61.04442700	8.85866773	0.70926978
13.48489000	81.64946700	0.01224748	86.03157300	-4.38210540	61.04148400	8.86109894	0.70907518
13.48860700	82.33453400	0.01214557	86.67634600	-4.34181190	61.03857100	8.86353014	0.70888068
13.49232400	83.01245900	0.01204638	87.16969800	-4.15723940	61.03568600	8.86596133	0.70868630
13.49604000	83.67365000	0.01195119	87.57281300	-3.89916270	61.03283100	8.86839186	0.70849207
13.49975700	84.26122000	0.01186786	87.94854800	-3.68732770	61.03000500	8.87082303	0.70829790
13.50347400	84.77697800	0.01179566	88.33432300	-3.55734550	61.02720800	8.87325419	0.70810383
13.50719100	85.26821900	0.01172770	88.72954000	-3.46132110	61.02444100	8.87568534	0.70790988
13.51090700	85.71703600	0.01166629	89.09449600	-3.37746020	61.02170400	8.87811583	0.70771608
13.51462400	86.05198200	0.01162088	89.34388100	-3.29189920	61.01899600	8.88054697	0.70752233
13.51834100	86.25266000	0.01159385	89.39571000	-3.14305030	61.01631800	8.88297809	0.70732870
13.52205800	86.33501400	0.01158279	89.17393100	-2.83891620	61.01367100	8.88540921	0.70713516
13.52577400	86.30932100	0.01158623	88.64651500	-2.33719350	61.01105300	8.88783966	0.70694179
13.52949100	86.15274600	0.01160729	87.83370600	-1.68096070	61.00846600	8.89027076	0.70674848
13.53320800	85.83074400	0.01165084	86.81267500	-0.98193088	61.00591000	8.89270185	0.70655526
13.53692500	85.34638000	0.01171696	85.67274500	-0.32636526	61.00338300	8.89513293	0.70636216
13.54064100	84.76160700	0.01179779	84.50847200	0.25313507	61.00088800	8.89756334	0.70616921
13.54435800	84.13875800	0.01188513	83.38719600	0.75156226	60.99842300	8.89999440	0.70597632
13.54807500	83.47469300	0.01197968	82.33996900	1.13472420	60.99599000	8.90242545	0.70578354
13.55179200	82.78712700	0.01207917	81.38168400	1.40544300	60.99358700	8.90485649	0.70559086
13.55550800	82.11796800	0.01217760	80.52340300	1.59456520	60.99121600	8.90728687	0.70539833
13.55922500	81.48721100	0.01227186	79.77986100	1.70734970	60.98887600	8.90971789	0.70520586
13.56294200	80.92435500	0.01235722	79.15754200	1.76681220	60.98656800	8.91214891	0.70501350
13.56665800	80.45326000	0.01242958	78.66368600	1.78957340	60.98429100	8.91457926	0.70482130
13.57037500	80.04357700	0.01249320	78.30465600	1.73892070	60.98204600	8.91701025	0.70462914
13.57409200	79.66456100	0.01255263	78.09476100	1.56979950	60.97983300	8.91944124	0.70443710
13.57780900	79.35851800	0.01260104	78.04098500	1.31753330	60.97765200	8.92187221	0.70424516
13.58152500	79.15775000	0.01263300	78.13789900	1.01985170	60.97550400	8.92430252	0.70405337
13.58524200	79.06242900	0.01264823	78.36516900	0.69725929	60.97338700	8.92673348	0.70386164
13.58895900	79.04129000	0.01265161	78.68154200	0.35974796	60.97130300	8.92916443	0.70367002
13.59267600	79.08374500	0.01264482	79.06000600	0.02373888	60.96925200	8.93159537	0.70347850
13.59639200	79.17863500	0.01262967	79.46816900	-0.28953457	60.96723300	8.93402564	0.70328714
13.60010900	79.27247600	0.01261472	79.88099000	-0.60851379	60.96524700	8.93645656	0.70309583
13.60382600	79.34805800	0.01260270	80.29313300	-0.94507510	60.96329400	8.93888747	0.70290462
13.60754300	79.43352000	0.01258914	80.69627200	-1.26275150	60.96137400	8.94131837	0.70271352
13.61125900	79.52231600	0.01257509	81.08298500	-1.56066910	60.95948800	8.94374861	0.70252258
13.61497600	79.60363800	0.01256224	81.43761900	-1.83398130	60.95763500	8.94617949	0.70233168
13.61869300	79.71852400	0.01254414	81.74380800	-2.02528430	60.95581500	8.94861036	0.70214090
13.62241000	79.89551800	0.01251635	81.99652200	-2.10100370	60.95402900	8.95104122	0.70195021
13.62612600	80.12990800	0.01247974	82.20463800	-2.07472970	60.95227700	8.95347142	0.70175969
13.62984300	80.43575500	0.01243228	82.39960400	-1.96384820	60.95055900	8.95590227	0.70156921
13.63356000	80.82633500	0.01237221	82.62270000	-1.79636520	60.94887500	8.95833310	0.70137884
13.63727700	81.25447100	0.01230701	82.90787500	-1.65340450	60.94722500	8.96076392	0.70118858
13.64099300	81.68111200	0.01224273	83.26684900	-1.58573760	60.94561000	8.96319409	0.70099847
13.64471000	82.08498100	0.01218250	83.69060800	-1.60562650	60.94402900	8.96562489	0.70080841
13.64842700	82.44314800	0.01212957	84.17441100	-1.73126280	60.94248200	8.96805569	0.70061845
13.65214400	82.76098600	0.01208299	84.68701000	-1.92602350	60.94097100	8.97048648	0.70042860
13.65586000	83.03258000	0.01204346	85.19679600	-2.16421610	60.93949400	8.97291660	0.70023891
13.65957700	83.21990500	0.01201636	85.67532000	-2.45541520	60.93805300	8.97534737	0.70004926
13.66329400	83.32958200	0.01200054	86.11258300	-2.78300090	60.93664600	8.97777813	0.69985972
13.66701000	83.43427800	0.01198548	86.50351300	-3.06923540	60.93527500	8.98020822	0.69967034
13.67072700	83.57343500	0.01196552	86.85639700	-3.28296120	60.93394000	8.98263896	0.69948100
13.67444400	83.74570500	0.01194091	87.15424900	-3.40854480	60.93264000	8.98506969	0.69929177
13.67816100	83.92760200	0.01191503	87.38243600	-3.45483340	60.93137600	8.98750042	0.69910264
13.68187700	84.05986800	0.01189628	87.49914500	-3.43927750	60.93014700	8.98993047	0.69891367
13.68559400	84.10118100	0.01189044	87.46248100	-3.36129950	60.92895500	8.99236118	0.69872475
13.68931100	84.05422000	0.01189708	87.25812700	-3.20390790	60.92779900	8.99479187	0.69853593
13.69302800	83.90464800	0.01191829	86.91752500	-3.01287740	60.92667900	8.99722255	0.69834721
13.69674400	83.66016100	0.01195312	86.51069500	-2.85053330	60.92559600	8.99965257	0.69815865
13.70046100	83.32608000	0.01200105	86.12821500	-2.80213480	60.92455000	9.00208324	0.69797014
13.70417800	82.96524600	0.01205324	85.85225600	-2.88701090	60.92354000	9.00451389	0.69778173
13.70789500	82.63155900	0.01210191	85.75923900	-3.12767980	60.92256700	9.00694454	0.69759343
13.71161100	82.36768600	0.01214068	85.87190100	-3.50421470	60.92163100	9.00937452	0.69740527
13.71532800	82.23738400	0.01215992	86.21781700	-3.98043340	60.92073200	9.01180514	0.69721717
13.71904500	82.27172900	0.01215484	86.77494700	-4.50321850	60.91987000	9.01423576	0.69702917
13.72276200	82.47072300	0.01212551	87.51763900	-5.04691510	60.91904700	9.01666637	0.69684128
13.72647800	82.81387100	0.01207527	88.40545700	-5.59158640	60.91826000	9.01909631	0.69665353
13.73019500	83.29547900	0.01200545	89.38500100	-6.08952180	60.91751200	9.02152690	0.69646584
13.73391200	83.87873600	0.01192197	90.39894700	-6.52021080	60.91680100	9.02395748	0.69627825
13.73762900	84.52534000	0.01183077	91.39060800	-6.86526800	60.91612800	9.02638805	0.69609076
13.74134500	85.19757600	0.01173742	92.32540500	-7.12782960	60.91549400	9.02881796	0.69590342
13.74506200	85.87388600	0.01164498	93.18785100	-7.31396520	60.91489800	9.03124851	0.69571614
13.74877900	86.51804400	0.01155828	93.98758900	-7.46954510	60.91434000	9.03367905	0.69552895
13.75249600	87.07685300	0.01148411	94.71092700	-7.63407390	60.91382100	9.03610958	0.69534187
13.75621200	87.54550400	0.01142263	95.30192400	-7.75641960	60.91334100	9.03853945	0.69515494
13.75992900	87.92927000	0.01137278	95.65016500	-7.72089470	60.91290000	9.04096996	0.69496805
13.76364600	88.16147600	0.01134282	95.62897900	-7.46750290	60.91249700	9.04340046	0.69478128
13.76736300	88.14674100	0.01134472	95.13865100	-6.99190960	60.91213400	9.04583096	0.69459460
13.77107900	87.86746200	0.01138078	94.18702500	-6.31956240	60.91181100	9.04826079	0.69440807
13.77479600	87.33161200	0.01145061	92.85337000	-5.52175870	60.91152700	9.05069126	0.69422159
13.77851300	86.59090700	0.01154856	91.26710100	-4.67619380	60.91128200	9.05312173	0.69403522
13.78222900	85.68048100	0.01167127	89.56630900	-3.88582820	60.91107800	9.05555153	0.69384899
13.78594600	84.62583400	0.01181672	87.84790100	-3.22206720	60.91091300	9.05798197	0.69366282
13.78966300	83.51855000	0.01197339	86.19268600	-2.67413650	60.91078800	9.06041241	0.69347675
13.79338000	82.45413700	0.01212795	84.68013700	-2.22599950	60.91070400	9.06284284	0.69329077
13.79709600	81.51097900	0.01226829	83.37621300	-1.86523450	60.91066000	9.06527260	0.69310495
13.80081300	80.74718700	0.01238433	82.34279900	-1.59561210	60.91065700	9.06770301	0.69291918
13.80453000	80.18154700	0.01247170	81.63070800	-1.44916130	60.91069400	9.07013341	0.69273351
13.80824700	79.82970900	0.01252666	81.25287100	-1.42316170	60.91077200	9.07256380	0.69254793
13.81196300	79.68933100	0.01254873	81.19740000	-1.50806930	60.91089100	9.07499352	0.69236251
13.81568000	79.74005900	0.01254075	81.41039600	-1.67033690	60.91105200	9.07742389	0.69217714
13.81939700	79.94226300	0.01250903	81.82799200	-1.88572890	60.91125300	9.07985425	0.69199187
13.82311400	80.27388000	0.01245735	82.37285500	-2.09897540	60.91149600	9.08228460	0.69180670
13.82683000	80.68473600	0.01239392	82.96399000	-2.27925440	60.91178100	9.08471429	0.69162167
13.83054700	81.13819600	0.01232465	83.53032600	-2.39212980	60.91210800	9.08714462	0.69143670
13.83426400	81.59700800	0.01225535	84.02717400	-2.43016640	60.91247600	9.08957494	0.69125183
13.83798100	82.01116900	0.01219346	84.40413500	-2.39296510	60.91288600	9.09200525	0.69106706
13.84169700	82.32573700	0.01214687	84.60875800	-2.28302110	60.91333900	9.09443490	0.69088243
13.84541400	82.51916000	0.01211840	84.60381700	-2.08465720	60.91383400	9.09686520	0.69069786
13.84913100	82.59953100	0.01210661	84.37351200	-1.77398180	60.91437200	9.09929548	0.69051338
13.85284800	82.54490400	0.01211462	83.92057800	-1.37567400	60.91495200	9.10172575	0.69032901
13.85656400	82.34646600	0.01214381	83.25800300	-0.91153668	60.91557500	9.10415536	0.69014478
13.86028100	81.99185900	0.01219633	82.41770000	-0.42584091	60.91624100	9.10658562	0.68996060
13.86399800	81.51188400	0.01226815	81.44368700	0.06819747	60.91695000	9.10901586	0.68977652
13.86771500	80.92659300	0.01235688	80.41417900	0.51241393	60.91770200	9.11144610	0.68959255
13.87143100	80.26775600	0.01245830	79.40414200	0.86361380	60.91849800	9.11387567	0.68940871
13.87514800	79.59996300	0.01256282	78.49038100	1.10958150	60.91933800	9.11630589	0.68922493
13.87886500	78.96613600	0.01266366	77.72634800	1.23978720	60.92022100	9.11873609	0.68904125
13.88258100	78.41174800	0.01275319	77.15078200	1.26096660	60.92114800	9.12116564	0.68885771
13.88629800	77.99693300	0.01282102	76.75975900	1.23717440	60.92211900	9.12359583	0.68867423
13.89001500	77.73019900	0.01286501	76.52097700	1.20922260	60.92313500	9.12602600	0.68849084
13.89373200	77.56926500	0.01289170	76.37307000	1.19619450	60.92419400	9.12845617	0.68830755
13.89744800	77.50563600	0.01290229	76.24845000	1.25718570	60.92529900	9.13088568	0.68812441
13.90116500	77.50480700	0.01290243	76.05812500	1.44668140	60.92644800	9.13331583	0.68794132
13.90488200	77.47206100	0.01290788	75.74747100	1.72459010	60.92764100	9.13574597	0.68775832
13.90859900	77.37241600	0.01292450	75.30088600	2.07152970	60.92888000	9.13817610	0.68757542
13.91231500	77.22864500	0.01294856	74.72376500	2.50488050	60.93016400	9.14060556	0.68739267
13.91603200	77.00765500	0.01298572	74.06720800	2.94044690	60.93149300	9.14303567	0.68720997
13.91974900	76.66815400	0.01304323	73.41079300	3.25736120	60.93286800	9.14546578	0.68702737
13.92346600	76.28500100	0.01310874	72.81834500	3.46665620	60.93428800	9.14789587	0.68684487
13.92718200	75.94769000	0.01316696	72.33041200	3.61727830	60.93575500	9.15032530	0.68666251
13.93089900	75.67829100	0.01321383	71.97182200	3.70646910	60.93726700	9.15275537	0.68648020
13.93461600	75.43493100	0.01325646	71.77212300	3.66280800	60.93882500	9.15518543	0.68629798
13.93833300	75.22273300	0.01329385	71.71685100	3.50588180	60.94042900	9.15761548	0.68611587
13.94204900	75.10353600	0.01331495	71.79605100	3.30748510	60.94208000	9.16004487	0.68593390
13.94576600	75.07899000	0.01331931	71.97603500	3.10295430	60.94377800	9.16247491	0.68575198
13.94948300	75.10189600	0.01331524	72.22618900	2.87570660	60.94552200	9.16490493	0.68557016
13.95320000	75.17689000	0.01330196	72.52381400	2.65307610	60.94731300	9.16733495	0.68538843
13.95691600	75.30348000	0.01327960	72.84896900	2.45451000	60.94915100	9.16976430	0.68520685
13.96063300	75.45327500	0.01325324	73.18538600	2.26788880	60.95103600	9.17219429	0.68502532
13.96435000	75.59697500	0.01322804	73.51198200	2.08499260	60.95296900	9.17462428	0.68484388
13.96806700	75.72088600	0.01320640	73.79322900	1.92765770	60.95495000	9.17705425	0.68466254
13.97178300	75.82574500	0.01318813	73.99764300	1.82810200	60.95697800	9.17948357	0.68448135
13.97550000	75.92058600	0.01317166	74.09686500	1.82372020	60.95905300	9.18191352	0.68430021
13.97921700	75.96787500	0.01316346	74.09363800	1.87423710	60.96117700	9.18434347	0.68411916
13.98293400	75.94169600	0.01316800	74.00823400	1.93346200	60.96334900	9.18677341	0.68393820
13.98665000	75.87269100	0.01317997	73.87916000	1.99353110	60.96557000	9.18920268	0.68375740
13.99036700	75.74703000	0.01320184	73.72308700	2.02394270	60.96783900	9.19163260	0.68357664
13.99408400	75.57185400	0.01323244	73.55048600	2.02136760	60.97015700	9.19406251	0.68339597
13.99780000	75.40392300	0.01326191	73.35740800	2.04651460	60.97252300	9.19649175	0.68321546
14.00151700	75.26784300	0.01328589	73.13061300	2.13722970	60.97493900	9.19892164	0.68303499
14.00523400	75.13155400	0.01330999	72.88311700	2.24843640	60.97740300	9.20135152	0.68285461
14.00895100	74.97298700	0.01333814	72.62583800	2.34714930	60.97991700	9.20378139	0.68267433
14.01266700	74.81186400	0.01336686	72.38222700	2.42963740	60.98248100	9.20621060	0.68249420
14.01638400	74.67299400	0.01339172	72.18069300	2.49230090	60.98509400	9.20864045	0.68231411
14.02010100	74.53744000	0.01341608	72.03427700	2.50316320	60.98775700	9.21107029	0.68213412
14.02381800	74.40529400	0.01343990	71.94784300	2.45745060	60.99047000	9.21350012	0.68195422
14.02753400	74.31599700	0.01345605	71.90563200	2.41036480	60.99323300	9.21592929	0.68177447
14.03125100	74.26679700	0.01346497	71.89257400	2.37422350	60.99604700	9.21835910	0.68159477
14.03496800	74.25155600	0.01346773	71.89023400	2.36132240	60.99891000	9.22078890	0.68141516
14.03868500	74.27086600	0.01346423	71.88657200	2.38429410	61.00182500	9.22321869	0.68123564
14.04240100	74.30981400	0.01345717	71.88573200	2.42408240	61.00479100	9.22564782	0.68105627
14.04611800	74.37303700	0.01344573	71.88637200	2.48666420	61.00780700	9.22807759	0.68087695
14.04983500	74.45427700	0.01343106	71.88052200	2.57375540	61.01087500	9.23050736	0.68069772
14.05355200	74.51265200	0.01342054	71.86755300	2.64509870	61.01399300	9.23293711	0.68051859
14.05726800	74.54331200	0.01341502	71.83602800	2.70728410	61.01716400	9.23536620	0.68033960
14.06098500	74.56420400	0.01341126	71.77005400	2.79414990	61.02038600	9.23779593	0.68016065
14.06470200	74.57941900	0.01340852	71.64706200	2.93235720	61.02366000	9.24022566	0.67998180
14.06841900	74.57469700	0.01340937	71.44677700	3.12791980	61.02698600	9.24265537	0.67980305
14.07213500	74.51175400	0.01342070	71.15844300	3.35331150	61.03036400	9.24508442	0.67962444
14.07585200	74.40388500	0.01344016	70.79049200	3.61339290	61.03379400	9.24751412	0.67944587
14.07956900	74.30332400	0.01345835	70.39078700	3.91253690	61.03727700	9.24994380	0.67926740
14.08328600	74.20121300	0.01347687	69.99934100	4.20187200	61.04081300	9.25237348	0.67908903
14.08700200	74.07815300	0.01349926	69.66381800	4.41433480	61.04440100	9.25480249	0.67891079
14.09071900	73.95694200	0.01352138	69.41183600	4.54510610	61.04804200	9.25723214	0.67873261
14.09443600	73.86898500	0.01353748	69.26962900	4.59935690	61.05173700	9.25966179	0.67855451
14.09815200	73.82502700	0.01354554	69.25048300	4.57454470	61.05548500	9.26209077	0.67837656
14.10186900	73.81499200	0.01354738	69.35627000	4.45872190	61.05928600	9.26452040	0.67819866
14.10558600	73.84398700	0.01354206	69.58826300	4.25572400	61.06314200	9.26695002	0.67802085
14.10930300	73.92579100	0.01352708	69.93229300	3.99349830	61.06705100	9.26937963	0.67784313
14.11301900	74.05843600	0.01350285	70.36888200	3.68955370	61.07101400	9.27180857	0.67766556
14.11673600	74.21343500	0.01347465	70.88484700	3.32858770	61.07503100	9.27423816	0.67748803
14.12045300	74.39923600	0.01344100	71.45063300	2.94860340	61.07910300	9.27666773	0.67731059
14.12417000	74.62986800	0.01339946	72.05940300	2.57046490	61.08322900	9.27909730	0.67713325
14.12788600	74.89800500	0.01335149	72.71033000	2.18767530	61.08741000	9.28152621	0.67695605
14.13160300	75.17166400	0.01330289	73.40648000	1.76518420	61.09164600	9.28395576	0.67677889
14.13532000	75.43037200	0.01325726	74.14509100	1.28528020	61.09593700	9.28638530	0.67660183
14.13903700	75.69719400	0.01321053	74.91581600	0.78137829	61.10028300	9.28881482	0.67642486
14.14275300	76.01430300	0.01315542	75.71473800	0.29956483	61.10468500	9.29124369	0.67624804
14.14647000	76.36916900	0.01309429	76.51566900	-0.14650058	61.10914200	9.29367320	0.67607126
14.15018700	76.72044100	0.01303434	77.31074900	-0.59030759	61.11365500	9.29610270	0.67589457
14.15390400	77.03397600	0.01298129	78.07067300	-1.03669640	61.11822400	9.29853219	0.67571797
14.15762000	77.31273100	0.01293448	78.76995900	-1.45722790	61.12284900	9.30096102	0.67554152
14.16133700	77.58000200	0.01288992	79.36146100	-1.78145880	61.12753000	9.30339049	0.67536511
14.16505400	77.83867900	0.01284708	79.79655700	-1.95787840	61.13226800	9.30581995	0.67518879
14.16877100	78.05912800	0.01281080	80.01220000	-1.95307210	61.13706200	9.30824940	0.67501257
14.17248700	78.21034000	0.01278603	79.97026000	-1.75992020	61.14191400	9.31067819	0.67483648
14.17620400	78.29970600	0.01277144	79.68497800	-1.38527290	61.14682200	9.31310762	0.67466044
14.17992100	78.33097100	0.01276634	79.20415900	-0.87318804	61.15178700	9.31553704	0.67448450
14.18363800	78.31855300	0.01276837	78.62025800	-0.30170494	61.15681000	9.31796645	0.67430864
14.18735400	78.26402500	0.01277726	78.01998400	0.24404113	61.16189000	9.32039520	0.67413293
14.19107100	78.17193900	0.01279231	77.46379100	0.70814785	61.16702800	9.32282459	0.67395726
14.19478800	78.04140500	0.01281371	76.99588200	1.04552300	61.17222400	9.32525397	0.67378168
14.19850500	77.87120800	0.01284172	76.62335400	1.24785380	61.17747800	9.32768335	0.67360620
14.20222100	77.66900100	0.01287515	76.33176300	1.33723820	61.18279100	9.33011206	0.67343085
14.20593800	77.47201300	0.01290789	76.10656700	1.36544590	61.18816100	9.33254141	0.67325555
14.20965500	77.30325800	0.01293607	75.93380900	1.36944910	61.19359100	9.33497075	0.67308034
14.21337100	77.14800800	0.01296210	75.80487900	1.34312880	61.19907900	9.33739943	0.67290527
14.21708800	77.00815300	0.01298564	75.70533900	1.30281470	61.20462600	9.33982875	0.67273025
14.22080500	76.90145400	0.01300365	75.62018100	1.28127270	61.21023200	9.34225807	0.67255531
14.22452200	76.80970500	0.01301919	75.52635700	1.28334840	61.21589700	9.34468737	0.67238047
14.22823800	76.72502100	0.01303356	75.39512300	1.32989880	61.22162200	9.34711601	0.67220577
14.23195500	76.65736900	0.01304506	75.20137400	1.45599550	61.22740700	9.34954530	0.67203111
14.23567200	76.55751300	0.01306207	74.92461100	1.63290240	61.23325100	9.35197457	0.67185654
14.23938900	76.39707400	0.01308951	74.56370100	1.83337320	61.23915600	9.35440383	0.67168207
14.24310500	76.21641000	0.01312053	74.13376000	2.08265070	61.24512100	9.35683244	0.67150773
14.24682200	76.01569100	0.01315518	73.67258800	2.34310270	61.25114600	9.35926168	0.67133344
14.25053900	75.80118100	0.01319241	73.23206400	2.56911620	61.25723100	9.36169092	0.67115923
14.25425600	75.60100800	0.01322734	72.86295800	2.73805060	61.26337800	9.36412014	0.67098512
14.25797200	75.41328400	0.01326026	72.60299400	2.81028980	61.26958500	9.36654870	0.67081115
14.26168900	75.26092000	0.01328711	72.47042200	2.79049870	61.27585400	9.36897791	0.67063722
14.26540600	75.13771100	0.01330890	72.47266400	2.66504640	61.28218400	9.37140710	0.67046338
14.26912300	75.00088500	0.01333318	72.59363700	2.40724840	61.28857500	9.37383629	0.67028964
14.27283900	74.89676400	0.01335171	72.80203800	2.09472630	61.29502800	9.37626481	0.67011603
14.27655600	74.88847100	0.01335319	73.06746700	1.82100360	61.30154300	9.37869398	0.66994246
14.28027300	74.94378400	0.01334333	73.34214000	1.60164450	61.30812000	9.38112313	0.66976898
14.28399000	75.00336700	0.01333274	73.59158900	1.41177800	61.31476000	9.38355228	0.66959560
14.28770600	75.05841300	0.01332296	73.80240800	1.25600540	61.32146100	9.38598076	0.66942235
14.29142300	75.10791000	0.01331418	73.97390900	1.13400160	61.32822500	9.38840989	0.66924915
14.29514000	75.18514300	0.01330050	74.11328300	1.07185930	61.33505300	9.39083900	0.66907603
14.29885700	75.29902400	0.01328039	74.26311600	1.03590780	61.34194300	9.39326811	0.66890301
14.30257300	75.39107000	0.01326417	74.45822000	0.93285021	61.34889600	9.39569655	0.66873012
14.30629000	75.47100800	0.01325012	74.73945100	0.73155765	61.35591200	9.39812564	0.66855728
14.31000700	75.61118600	0.01322556	75.13769700	0.47348852	61.36299200	9.40055472	0.66838453
14.31372300	75.80683900	0.01319142	75.67169500	0.13514441	61.37013600	9.40298313	0.66821191
14.31744000	76.05152900	0.01314898	76.33371600	-0.28218686	61.37734400	9.40541219	0.66803934
14.32115700	76.34383100	0.01309864	77.09266700	-0.74883586	61.38461600	9.40784124	0.66786685
14.32487400	76.66624700	0.01304355	77.89098000	-1.22473280	61.39195200	9.41027027	0.66769446
14.32859000	77.01462000	0.01298455	78.66521200	-1.65059130	61.39935200	9.41269865	0.66752220
14.33230700	77.35783900	0.01292694	79.34870000	-1.99086100	61.40681800	9.41512767	0.66734999
14.33602400	77.64439400	0.01287923	79.90262700	-2.25823350	61.41434800	9.41755667	0.66717786
14.33974100	77.86298100	0.01284307	80.31673900	-2.45375740	61.42194300	9.41998567	0.66700582
14.34345700	78.00895900	0.01281904	80.62269700	-2.61373720	61.42960300	9.42241401	0.66683392
14.34717400	78.09348600	0.01280517	80.85541600	-2.76193060	61.43732900	9.42484298	0.66666207
14.35089100	78.14724700	0.01279636	81.05881500	-2.91156760	61.44512000	9.42727195	0.66649030
14.35460800	78.14442700	0.01279682	81.25690600	-3.11247900	61.45297700	9.42970091	0.66631862
14.35832400	78.09096300	0.01280558	81.45716600	-3.36620320	61.46090000	9.43212920	0.66614708
14.36204100	78.04945100	0.01281239	81.64548500	-3.59603360	61.46889000	9.43455814	0.66597558
14.36575800	78.05777000	0.01281102	81.77168800	-3.71391820	61.47694500	9.43698707	0.66580417
14.36947500	78.08560700	0.01280646	81.79168000	-3.70607330	61.48506800	9.43941599	0.66563284
14.37319100	78.06898500	0.01280918	81.68008500	-3.61109980	61.49325700	9.44184424	0.66546166
14.37690800	77.95974700	0.01282713	81.43578000	-3.47603310	61.50151300	9.44427314	0.66529051
14.38062500	77.83315300	0.01284800	81.08685300	-3.25370030	61.50983600	9.44670203	0.66511946
14.38434200	77.76331100	0.01285954	80.67871600	-2.91540490	61.51822600	9.44913091	0.66494849
14.38805800	77.69371300	0.01287105	80.25716700	-2.56345410	61.52668400	9.45155913	0.66477765
14.39177500	77.56903100	0.01289174	79.87138400	-2.30235290	61.53520900	9.45398798	0.66460686
14.39549200	77.41322100	0.01291769	79.54520900	-2.13198790	61.54380300	9.45641683	0.66443616
14.39920900	77.27104400	0.01294146	79.27262800	-2.00158370	61.55246500	9.45884567	0.66426555
14.40292500	77.14943400	0.01296186	79.03455300	-1.88511910	61.56119400	9.46127385	0.66409507
14.40664200	77.05673500	0.01297745	78.80343800	-1.74670340	61.56999300	9.46370267	0.66392463
14.41035900	77.00640600	0.01298593	78.56318200	-1.55677610	61.57886000	9.46613148	0.66375428
14.41407500	76.96014900	0.01299374	78.30831700	-1.34816830	61.58779600	9.46855962	0.66358407
14.41779200	76.87768000	0.01300768	78.07435400	-1.19667400	61.59680100	9.47098841	0.66341389
14.42150900	76.79712900	0.01302132	77.88456900	-1.08743930	61.60587500	9.47341719	0.66324381
14.42522600	76.76380200	0.01302697	77.74861000	-0.98480808	61.61501900	9.47584596	0.66307381
14.42894200	76.74587000	0.01303002	77.67265500	-0.92678456	61.62423200	9.47827406	0.66290395
14.43265900	76.73126200	0.01303250	77.63971700	-0.90845473	61.63351500	9.48070281	0.66273413
14.43637600	76.70911900	0.01303626	77.62161000	-0.91249058	61.64286800	9.48313155	0.66256439
14.44009300	76.66268900	0.01304415	77.57438400	-0.91169481	61.65229200	9.48556028	0.66239475
14.44380900	76.62352200	0.01305082	77.50745400	-0.88393116	61.66178600	9.48798835	0.66222523
14.44752600	76.58293200	0.01305774	77.41412100	-0.83118942	61.67135000	9.49041706	0.66205576
14.45124300	76.52600600	0.01306745	77.30005400	-0.77404773	61.68098600	9.49284576	0.66188638
14.45496000	76.46334800	0.01307816	77.17424000	-0.71089166	61.69069200	9.49527445	0.66171708
14.45867600	76.42407500	0.01308488	77.02507900	-0.60100422	61.70047000	9.49770247	0.66154792
14.46239300	76.44399000	0.01308147	76.83849100	-0.39450129	61.71031900	9.50013114	0.66137880
14.46611000	76.47430200	0.01307629	76.60209100	-0.12778978	61.72024000	9.50255980	0.66120976
14.46982700	76.46329000	0.01307817	76.31025600	0.15303377	61.73023200	9.50498845	0.66104081
14.47354300	76.42707600	0.01308437	75.95346100	0.47361429	61.74029700	9.50741644	0.66087200
14.47726000	76.36816700	0.01309446	75.54458900	0.82357742	61.75043300	9.50984507	0.66070323
14.48097700	76.28412100	0.01310889	75.09089100	1.19323010	61.76064300	9.51227369	0.66053454
14.48469400	76.16460900	0.01312946	74.61852700	1.54608210	61.77092400	9.51470229	0.66036594
14.48841000	75.98328700	0.01316079	74.15250400	1.83078280	61.78127900	9.51713024	0.66019747
14.49212700	75.77280200	0.01319735	73.72175800	2.05104380	61.79170700	9.51955883	0.66002904
14.49584400	75.58776100	0.01322965	73.33928000	2.24848070	61.80220800	9.52198741	0.65986070
14.49956100	75.39168300	0.01326406	73.01939500	2.37228820	61.81278200	9.52441598	0.65969245
14.50327700	75.19816600	0.01329820	72.75563000	2.44253610	61.82343000	9.52684388	0.65952433
14.50699400	75.04762300	0.01332487	72.54303500	2.50458770	61.83415200	9.52927243	0.65935625
14.51071100	74.92519100	0.01334665	72.35791300	2.56727860	61.84494700	9.53170097	0.65918825
14.51442800	74.80719800	0.01336770	72.18053200	2.62666540	61.85581700	9.53412950	0.65902034
14.51814400	74.65625500	0.01339472	71.99217700	2.66407820	61.86676200	9.53655737	0.65885257
14.52186100	74.48983500	0.01342465	71.78455500	2.70528040	61.87778100	9.53898588	0.65868483
14.52557800	74.35398400	0.01344918	71.56771400	2.78626950	61.88887500	9.54141438	0.65851718
14.52929400	74.21260300	0.01347480	71.34317100	2.86943270	61.90004400	9.54384221	0.65834966
14.53301100	74.03688300	0.01350678	71.12555600	2.91132730	61.91128800	9.54627069	0.65818219
14.53672800	73.85016900	0.01354093	70.94040100	2.90976750	61.92260800	9.54869916	0.65801479
14.54044500	73.67001600	0.01357404	70.80330200	2.86671380	61.93400300	9.55112762	0.65784749
14.54416100	73.50798000	0.01360397	70.73505100	2.77292950	61.94547400	9.55355541	0.65768031
14.54787800	73.36185700	0.01363106	70.74760700	2.61425060	61.95702100	9.55598385	0.65751318
14.55159500	73.25316600	0.01365129	70.83788300	2.41528320	61.96864500	9.55841228	0.65734613
14.55531200	73.19980900	0.01366124	70.99421100	2.20559790	61.98034500	9.56084070	0.65717916
14.55902800	73.17134900	0.01366655	71.19519400	1.97615430	61.99212200	9.56326846	0.65701233
14.56274500	73.17115300	0.01366659	71.40845500	1.76269770	62.00397500	9.56569686	0.65684554
14.56646200	73.21690600	0.01365805	71.60538500	1.61152160	62.01590600	9.56812524	0.65667883
14.57017900	73.25498700	0.01365095	71.76862500	1.48636170	62.02791400	9.57055362	0.65651221
14.57389500	73.27170300	0.01364783	71.90561400	1.36608930	62.03999900	9.57298134	0.65634572
14.57761200	73.29236600	0.01364399	72.04590600	1.24646010	62.05216200	9.57540970	0.65617927
14.58132900	73.31555900	0.01363967	72.22068200	1.09487740	62.06440300	9.57783804	0.65601290
14.58504600	73.35313900	0.01363268	72.48249000	0.87064885	62.07672300	9.58026638	0.65584662
14.58876200	73.42908200	0.01361858	72.85614900	0.57293289	62.08912000	9.58269406	0.65568047
14.59247900	73.57436600	0.01359169	73.37388200	0.20048454	62.10159600	9.58512238	0.65551435
14.59619600	73.78495500	0.01355290	74.03113100	-0.24617550	62.11415100	9.58755068	0.65534833
14.59991300	74.03184500	0.01350770	74.81846600	-0.78662129	62.12678500	9.58997898	0.65518239
14.60362900	74.35158300	0.01344961	75.69516200	-1.34357910	62.13949800	9.59240662	0.65501657
14.60734600	74.79516100	0.01336985	76.61003500	-1.81487420	62.15229100	9.59483489	0.65485080
14.61106300	75.32506300	0.01327579	77.49487100	-2.16980780	62.16516300	9.59726316	0.65468511
14.61478000	75.87336000	0.01317986	78.28074400	-2.40738460	62.17811400	9.59969142	0.65451951
14.61849600	76.34824100	0.01309788	78.91912500	-2.57088420	62.19114600	9.60211901	0.65435403
14.62221300	76.70468400	0.01303701	79.38634100	-2.68165720	62.20425800	9.60454725	0.65418860
14.62593000	76.99542200	0.01298778	79.68472300	-2.68930060	62.21745100	9.60697548	0.65402325
14.62964600	77.25009700	0.01294497	79.84657800	-2.59648090	62.23072400	9.60940304	0.65385803
14.63336300	77.45652500	0.01291047	79.90609700	-2.44957220	62.24407800	9.61183125	0.65369284
14.63708000	77.58217600	0.01288956	79.90723100	-2.32505470	62.25751300	9.61425944	0.65352775
14.64079700	77.62439200	0.01288255	79.88503700	-2.26064470	62.27103000	9.61668763	0.65336273
14.64451300	77.59472100	0.01288748	79.83581100	-2.24108950	62.28462700	9.61911515	0.65319785
14.64823000	77.51093300	0.01290141	79.74923500	-2.23830210	62.29830700	9.62154332	0.65303300
14.65194700	77.37031800	0.01292485	79.61731500	-2.24699720	62.31206800	9.62397148	0.65286824
14.65566400	77.19760600	0.01295377	79.43703700	-2.23943030	62.32591200	9.62639962	0.65270356
14.65938000	77.00972000	0.01298537	79.24258200	-2.23286230	62.33983800	9.62882711	0.65253901
14.66309700	76.81718400	0.01301792	79.07327300	-2.25608890	62.35384700	9.63125523	0.65237450
14.66681400	76.58951100	0.01305662	78.96156400	-2.37205390	62.36793800	9.63368335	0.65221007
14.67053100	76.36094200	0.01309570	78.93533800	-2.57439600	62.38211200	9.63611145	0.65204573
14.67424700	76.23624200	0.01311712	79.01198900	-2.77574700	62.39637000	9.63853890	0.65188151
14.67796400	76.22119100	0.01311971	79.16923700	-2.94804600	62.41071100	9.64096698	0.65171733
14.68168100	76.28980000	0.01310791	79.36604100	-3.07624100	62.42513600	9.64339506	0.65155324
14.68539800	76.41815200	0.01308590	79.53141800	-3.11326620	62.43964400	9.64582312	0.65138923
14.68911400	76.59213000	0.01305617	79.58700300	-2.99487250	62.45423700	9.64825052	0.65122535
14.69283100	76.76030200	0.01302757	79.45707600	-2.69677340	62.46891300	9.65067857	0.65106150
14.69654800	76.84141500	0.01301381	79.08948200	-2.24806690	62.48367500	9.65310660	0.65089774
14.70026500	76.81229400	0.01301875	78.47733200	-1.66503820	62.49852100	9.65553463	0.65073407
14.70398100	76.67276000	0.01304244	77.66243700	-0.98967739	62.51345200	9.65796199	0.65057052
14.70769800	76.43264000	0.01308342	76.71526800	-0.28262811	62.52846800	9.66038999	0.65040700
14.71141500	76.06102500	0.01314734	75.71016300	0.35086226	62.54357000	9.66281799	0.65024357
14.71513200	75.56817600	0.01323308	74.71162800	0.85654855	62.55875700	9.66524597	0.65008023
14.71884800	75.03037000	0.01332794	73.75603300	1.27433700	62.57403000	9.66767329	0.64991701
14.72256500	74.51577000	0.01341998	72.86718900	1.64858140	62.58938900	9.67010126	0.64975383
14.72628200	73.98415100	0.01351641	72.04679700	1.93735470	62.60483400	9.67252921	0.64959073
14.72999900	73.46279900	0.01361233	71.29382700	2.16897180	62.62036600	9.67495715	0.64942771
14.73371500	73.04388400	0.01369040	70.60807100	2.43581360	62.63598400	9.67738443	0.64926482
14.73743200	72.67857900	0.01375921	69.99454000	2.68403900	62.65169000	9.67981236	0.64910197
14.74114900	72.31479600	0.01382843	69.46462200	2.85017480	62.66748200	9.68224027	0.64893921
14.74486500	72.00582100	0.01388777	69.02231800	2.98350340	62.68336200	9.68466752	0.64877656
14.74858200	71.78036500	0.01393139	68.67450100	3.10586370	62.69932900	9.68709541	0.64861396
14.75229900	71.58947500	0.01396853	68.41945400	3.17002100	62.71538500	9.68952329	0.64845144
14.75601600	71.40204400	0.01400520	68.25217400	3.14986980	62.73152800	9.69195116	0.64828900
14.75973200	71.25456200	0.01403419	68.17475400	3.07980850	62.74775900	9.69437837	0.64812668
14.76344900	71.16218800	0.01405241	68.18343200	2.97875620	62.76407900	9.69680622	0.64796441
14.76716600	71.09338900	0.01406601	68.27396000	2.81942860	62.78048800	9.69923407	0.64780221
14.77088300	71.08254800	0.01406815	68.44189200	2.64065540	62.79698500	9.70166190	0.64764010
14.77459900	71.14211500	0.01405637	68.68163400	2.46048140	62.81357200	9.70408906	0.64747812
14.77831600	71.24134100	0.01403679	68.98436000	2.25698090	62.83024800	9.70651688	0.64731617
14.78203300	71.35824300	0.01401380	69.33752300	2.02072020	62.84701400	9.70894468	0.64715430
14.78575000	71.48469300	0.01398901	69.72286600	1.76182700	62.86386900	9.71137247	0.64699252
14.78946600	71.64852900	0.01395702	70.11663600	1.53189310	62.88081500	9.71379959	0.64683086
14.79318300	71.85018900	0.01391785	70.49132500	1.35886440	62.89785000	9.71622736	0.64666923
14.79690000	72.04217500	0.01388076	70.82374900	1.21842640	62.91497600	9.71865512	0.64650769
14.80061700	72.18898000	0.01385253	71.10352800	1.08545210	62.93219300	9.72108287	0.64634623
14.80433300	72.32620500	0.01382625	71.34059300	0.98561210	62.94950100	9.72350996	0.64618490
14.80805000	72.46160600	0.01380041	71.55738200	0.90422399	62.96690000	9.72593769	0.64602360
14.81176700	72.54494500	0.01378456	71.79179800	0.75314665	62.98439100	9.72836541	0.64586239
14.81548400	72.58700300	0.01377657	72.07153500	0.51546854	63.00197200	9.73079311	0.64570125
14.81920000	72.61888900	0.01377052	72.41694200	0.20194671	63.01964600	9.73322016	0.64554024
14.82291700	72.66301200	0.01376216	72.83722600	-0.17421405	63.03741200	9.73564785	0.64537927
14.82663400	72.72699700	0.01375005	73.33103700	-0.60403963	63.05527000	9.73807552	0.64521838
14.83035100	72.83601600	0.01372947	73.90029900	-1.06428260	63.07322100	9.74050319	0.64505757
14.83406700	73.02969600	0.01369306	74.54294300	-1.51324680	63.09126400	9.74293020	0.64489688
14.83778400	73.27630100	0.01364698	75.25654300	-1.98024190	63.10940100	9.74535784	0.64473623
14.84150100	73.57314000	0.01359192	76.02975700	-2.45661700	63.12763000	9.74778548	0.64457566
14.84521800	73.91949000	0.01352823	76.84658300	-2.92709400	63.14595400	9.75021311	0.64441518
14.84893400	74.25001300	0.01346801	77.66442500	-3.41441270	63.16437000	9.75264007	0.64425481
14.85265100	74.55956000	0.01341210	78.43321100	-3.87365040	63.18288100	9.75506768	0.64409449
14.85636800	74.94295000	0.01334348	79.09910000	-4.15614990	63.20148600	9.75749527	0.64393424
14.86008400	75.33732900	0.01327363	79.62610300	-4.28877440	63.22018500	9.75992220	0.64377412
14.86380100	75.62662300	0.01322286	79.98653700	-4.35991490	63.23897800	9.76234978	0.64361403
14.86751800	75.85117100	0.01318371	80.19132800	-4.34015670	63.25786700	9.76477734	0.64345403
14.87123500	76.04520700	0.01315007	80.24924900	-4.20404270	63.27685000	9.76720490	0.64329410
14.87495100	76.18596400	0.01312578	80.17604900	-3.99008490	63.29592900	9.76963179	0.64313430
14.87866800	76.23213500	0.01311783	79.98455500	-3.75242040	63.31510300	9.77205932	0.64297454
14.88238500	76.20974200	0.01312168	79.68127300	-3.47153070	63.33437400	9.77448685	0.64281485
14.88610200	76.13876600	0.01313391	79.28125900	-3.14249300	63.35374000	9.77691436	0.64265525
14.88981800	76.03612000	0.01315164	78.80057000	-2.76445000	63.37320200	9.77934121	0.64249576
14.89353500	75.92244000	0.01317134	78.25532100	-2.33288120	63.39276100	9.78176870	0.64233632
14.89725200	75.79926600	0.01319274	77.67500600	-1.87574020	63.41241600	9.78419619	0.64217695
14.90096900	75.59384900	0.01322859	77.07813600	-1.48428730	63.43216800	9.78662366	0.64201767
14.90468500	75.34276300	0.01327267	76.49011600	-1.14735300	63.45201800	9.78905047	0.64185851
14.90840200	75.11399600	0.01331310	75.93305000	-0.81905428	63.47196400	9.79147792	0.64169938
14.91211900	74.85191100	0.01335971	75.42742500	-0.57551439	63.49200900	9.79390536	0.64154033
14.91583600	74.50437700	0.01342203	74.98842500	-0.48404847	63.51215100	9.79633279	0.64138137
14.91955200	74.16408000	0.01348362	74.63714700	-0.47306643	63.53239100	9.79875956	0.64122252
14.92326900	73.94346400	0.01352385	74.37979900	-0.43633569	63.55273000	9.80118697	0.64106371
14.92698600	73.79443100	0.01355116	74.21774300	-0.42331225	63.57316700	9.80361437	0.64090498
14.93070300	73.64894900	0.01357793	74.14413200	-0.49518317	63.59370300	9.80604176	0.64074633
14.93441900	73.52145600	0.01360147	74.15056200	-0.62910581	63.61433800	9.80846849	0.64058781
14.93813600	73.43448900	0.01361758	74.22954700	-0.79505846	63.63507300	9.81089586	0.64042931
14.94185300	73.39046200	0.01362575	74.36984200	-0.97937960	63.65590600	9.81332322	0.64027090
14.94557000	73.38364700	0.01362701	74.56518500	-1.18153840	63.67684000	9.81575056	0.64011257
14.94928600	73.40399900	0.01362324	74.80635400	-1.40235510	63.69787400	9.81817725	0.63995436
14.95300300	73.46148400	0.01361258	75.07959800	-1.61811410	63.71900700	9.82060458	0.63979618
14.95672000	73.54481500	0.01359715	75.37036800	-1.82555310	63.74024100	9.82303190	0.63963808
14.96043600	73.65672000	0.01357649	75.67022400	-2.01350310	63.76157600	9.82545855	0.63948011
14.96415300	73.79542300	0.01355098	75.98056200	-2.18513880	63.78301200	9.82788585	0.63932217
14.96787000	73.90844000	0.01353025	76.31415900	-2.40571920	63.80454900	9.83031313	0.63916431
14.97158700	73.99864200	0.01351376	76.69221400	-2.69357250	63.82618800	9.83274041	0.63900653
14.97530300	74.15798200	0.01348472	77.13030500	-2.97232280	63.84792800	9.83516702	0.63884887
14.97902000	74.34756000	0.01345034	77.64346100	-3.29590140	63.86977000	9.83759428	0.63869124
14.98273700	74.47305800	0.01342768	78.23254200	-3.75948360	63.89171400	9.84002152	0.63853370
14.98645400	74.57373000	0.01340955	78.89312600	-4.31939510	63.91376000	9.84244876	0.63837623
14.99017000	74.73014800	0.01338148	79.62252800	-4.89238010	63.93590900	9.84487533	0.63821888
14.99388700	74.95578500	0.01334120	80.40486000	-5.44907530	63.95816100	9.84730254	0.63806157
14.99760400	75.24113000	0.01329060	81.22425600	-5.98312680	63.98051600	9.84972975	0.63790434
15.00132100	75.55118800	0.01323606	82.05415900	-6.50297090	64.00297400	9.85215694	0.63774718
