two_theta	y_obs	y_weights	y_calc	y_diff	y_bkg	q_values	d_spacings
0.64726557	58.69474665	0.01703730	0.00000000	0.00000000	0.00000000	0.42630772	14.73861497
0.65098231	58.85719935	0.01699027	0.00000000	0.00000000	0.00000000	0.42875564	14.65446673
0.65469905	58.82271957	0.01700023	0.00000000	0.00000000	0.00000000	0.43120357	14.57127391
0.65841579	58.42762375	0.01711519	0.00000000	0.00000000	0.00000000	0.43365149	14.48902035
0.66213254	58.35882696	0.01713537	0.00000000	0.00000000	0.00000000	0.43609942	14.40769000
0.66584928	58.53340530	0.01708426	0.00000000	0.00000000	0.00000000	0.43854735	14.32726783
0.66956602	58.56882477	0.01707393	0.00000000	0.00000000	0.00000000	0.44099527	14.24773852
0.67328276	57.56060282	0.01737299	0.00000000	0.00000000	0.00000000	0.44344319	14.16908726
0.67699950	54.80679321	0.01824591	0.00000000	0.00000000	0.00000000	0.44589112	14.09129960
0.68071624	52.16466395	0.01917007	0.00000000	0.00000000	0.00000000	0.44833904	14.01436140
0.68443298	50.82267125	0.01967626	0.00000000	0.00000000	0.00000000	0.45078696	13.93825881
0.68814973	50.00034841	0.01999986	0.00000000	0.00000000	0.00000000	0.45323489	13.86297809
0.69186647	49.91293462	0.02003489	0.00000000	0.00000000	0.00000000	0.45568281	13.78850640
0.69558321	49.97826767	0.02000870	0.00000000	0.00000000	0.00000000	0.45813073	13.71483057
0.69929995	50.80052185	0.01968484	0.00000000	0.00000000	0.00000000	0.46057865	13.64193791
0.70301669	51.72219721	0.01933406	0.00000000	0.00000000	0.00000000	0.46302657	13.56981601
0.70673343	52.80804571	0.01893651	0.00000000	0.00000000	0.00000000	0.46547448	13.49845269
0.71045017	53.78782272	0.01859157	0.00000000	0.00000000	0.00000000	0.46792240	13.42783605
0.71416691	54.57754262	0.01832255	0.00000000	0.00000000	0.00000000	0.47037032	13.35795444
0.71788366	55.40856043	0.01804775	0.00000000	0.00000000	0.00000000	0.47281824	13.28879625
0.72160040	56.15948105	0.01780643	0.00000000	0.00000000	0.00000000	0.47526616	13.22035068
0.72531714	56.75018438	0.01762109	0.00000000	0.00000000	0.00000000	0.47771408	13.15260658
0.72903388	57.32320531	0.01744494	0.00000000	0.00000000	0.00000000	0.48016199	13.08555323
0.73275062	57.97461955	0.01724893	0.00000000	0.00000000	0.00000000	0.48260991	13.01918011
0.73646736	58.45959473	0.01710583	0.00000000	0.00000000	0.00000000	0.48505782	12.95347694
0.74018410	59.05779012	0.01693257	0.00000000	0.00000000	0.00000000	0.48750574	12.88843360
0.74390085	59.57809575	0.01678469	0.00000000	0.00000000	0.00000000	0.48995366	12.82404005
0.74761759	60.01651891	0.01666208	0.00000000	0.00000000	0.00000000	0.49240157	12.76028693
0.75133433	60.36440404	0.01656605	0.00000000	0.00000000	0.00000000	0.49484948	12.69716458
0.75505107	60.65438080	0.01648686	0.00000000	0.00000000	0.00000000	0.49729739	12.63466366
0.75876781	60.88798014	0.01642360	0.00000000	0.00000000	0.00000000	0.49974530	12.57277506
0.76248455	61.11370850	0.01636294	0.00000000	0.00000000	0.00000000	0.50219322	12.51148982
0.76620129	61.33595276	0.01630365	0.00000000	0.00000000	0.00000000	0.50464113	12.45079915
0.76991803	61.56623586	0.01624267	0.00000000	0.00000000	0.00000000	0.50708904	12.39069445
0.77363478	61.82999293	0.01617338	0.00000000	0.00000000	0.00000000	0.50953695	12.33116712
0.77735152	61.97429148	0.01613572	0.00000000	0.00000000	0.00000000	0.51198486	12.27220918
0.78106826	62.06325658	0.01611259	0.00000000	0.00000000	0.00000000	0.51443277	12.21381235
0.78478500	62.14298503	0.01609192	0.00000000	0.00000000	0.00000000	0.51688068	12.15596866
0.78850174	62.29724121	0.01605208	0.00000000	0.00000000	0.00000000	0.51932858	12.09867028
0.79221848	62.36592992	0.01603440	0.00000000	0.00000000	0.00000000	0.52177649	12.04190955
0.79593522	62.40476354	0.01602442	0.00000000	0.00000000	0.00000000	0.52422440	11.98567893
0.79965197	62.49006144	0.01600254	0.00000000	0.00000000	0.00000000	0.52667231	11.92997088
0.80336871	62.62357330	0.01596843	0.00000000	0.00000000	0.00000000	0.52912021	11.87477844
0.80708545	62.68167369	0.01595363	0.00000000	0.00000000	0.00000000	0.53156812	11.82009434
0.81080219	62.71775182	0.01594445	0.00000000	0.00000000	0.00000000	0.53401602	11.76591160
0.81451893	62.74577459	0.01593733	0.00000000	0.00000000	0.00000000	0.53646393	11.71222334
0.81823567	62.80546061	0.01592218	0.00000000	0.00000000	0.00000000	0.53891183	11.65902283
0.82195241	62.81508128	0.01591974	0.00000000	0.00000000	0.00000000	0.54135973	11.60630345
0.82566915	62.83296076	0.01591521	0.00000000	0.00000000	0.00000000	0.54380763	11.55405871
0.82938590	62.85433324	0.01590980	0.00000000	0.00000000	0.00000000	0.54625554	11.50228209
0.83310264	62.89708201	0.01589899	0.00000000	0.00000000	0.00000000	0.54870344	11.45096759
0.83681938	62.92920431	0.01589087	0.00000000	0.00000000	0.00000000	0.55115134	11.40010892
0.84053612	62.97883479	0.01587835	0.00000000	0.00000000	0.00000000	0.55359924	11.34970004
0.84425286	63.00655874	0.01587136	0.00000000	0.00000000	0.00000000	0.55604714	11.29973500
0.84796960	63.07300313	0.01585464	0.00000000	0.00000000	0.00000000	0.55849504	11.25020797
0.85168634	63.12008158	0.01584282	0.00000000	0.00000000	0.00000000	0.56094293	11.20111322
0.85540309	63.15482203	0.01583410	0.00000000	0.00000000	0.00000000	0.56339084	11.15244497
0.85911983	63.09668859	0.01584869	0.00000000	0.00000000	0.00000000	0.56583873	11.10419795
0.86283657	63.04168447	0.01586252	0.00000000	0.00000000	0.00000000	0.56828663	11.05636660
0.86655331	62.98522949	0.01587674	0.00000000	0.00000000	0.00000000	0.57073452	11.00894556
0.87027005	62.79652405	0.01592445	0.00000000	0.00000000	0.00000000	0.57318242	10.96192957
0.87398679	62.51388677	0.01599645	0.00000000	0.00000000	0.00000000	0.57563031	10.91531347
0.87770353	62.53157171	0.01599192	0.00000000	0.00000000	0.00000000	0.57807821	10.86909217
0.88142027	62.83730189	0.01591411	0.00000000	0.00000000	0.00000000	0.58052610	10.82326069
0.88513702	63.09083811	0.01585016	0.00000000	0.00000000	0.00000000	0.58297400	10.77781399
0.88885376	63.14781443	0.01583586	0.00000000	0.00000000	0.00000000	0.58542189	10.73274748
0.89257050	63.18965276	0.01582538	0.00000000	0.00000000	0.00000000	0.58786978	10.68805630
0.89628724	63.18804042	0.01582578	0.00000000	0.00000000	0.00000000	0.59031767	10.64373577
0.90000398	63.19222132	0.01582473	0.00000000	0.00000000	0.00000000	0.59276556	10.59978131
0.90372072	63.18524043	0.01582648	0.00000000	0.00000000	0.00000000	0.59521345	10.55618840
0.90743746	63.15598551	0.01583381	0.00000000	0.00000000	0.00000000	0.59766134	10.51295259
0.91115421	63.08221563	0.01585233	0.00000000	0.00000000	0.00000000	0.60010923	10.47006940
0.91487095	63.07414627	0.01585436	0.00000000	0.00000000	0.00000000	0.60255712	10.42753476
0.91858769	63.11702347	0.01584359	0.00000000	0.00000000	0.00000000	0.60500501	10.38534433
0.92230443	63.16326269	0.01583199	0.00000000	0.00000000	0.00000000	0.60745289	10.34349395
0.92602117	63.18375778	0.01582685	0.00000000	0.00000000	0.00000000	0.60990078	10.30197951
0.92973791	63.21592077	0.01581880	0.00000000	0.00000000	0.00000000	0.61234866	10.26079700
0.93345465	63.27098846	0.01580503	0.00000000	0.00000000	0.00000000	0.61479655	10.21994244
0.93717140	63.30693817	0.01579606	0.00000000	0.00000000	0.00000000	0.61724444	10.17941183
0.94088814	63.29711278	0.01579851	0.00000000	0.00000000	0.00000000	0.61969232	10.13920154
0.94460488	63.29958089	0.01579789	0.00000000	0.00000000	0.00000000	0.62214020	10.09930769
0.94832162	63.30941264	0.01579544	0.00000000	0.00000000	0.00000000	0.62458808	10.05972655
0.95203836	63.27541733	0.01580393	0.00000000	0.00000000	0.00000000	0.62703596	10.02045447
0.95575510	63.27550252	0.01580390	0.00000000	0.00000000	0.00000000	0.62948384	9.98148783
0.95947184	63.29241053	0.01579968	0.00000000	0.00000000	0.00000000	0.63193172	9.94282308
0.96318858	63.34614944	0.01578628	0.00000000	0.00000000	0.00000000	0.63437960	9.90445674
0.96690533	63.35280736	0.01578462	0.00000000	0.00000000	0.00000000	0.63682748	9.86638525
0.97062207	63.36712646	0.01578105	0.00000000	0.00000000	0.00000000	0.63927536	9.82860545
0.97433881	63.33185069	0.01578984	0.00000000	0.00000000	0.00000000	0.64172324	9.79111387
0.97805555	63.33434423	0.01578922	0.00000000	0.00000000	0.00000000	0.64417112	9.75390725
0.98177229	63.35382462	0.01578437	0.00000000	0.00000000	0.00000000	0.64661899	9.71698233
0.98548903	63.39381536	0.01577441	0.00000000	0.00000000	0.00000000	0.64906687	9.68033595
0.98920577	63.42241287	0.01576730	0.00000000	0.00000000	0.00000000	0.65151474	9.64396495
0.99292252	63.48592758	0.01575152	0.00000000	0.00000000	0.00000000	0.65396262	9.60786614
0.99663926	63.53469849	0.01573943	0.00000000	0.00000000	0.00000000	0.65641049	9.57203669
1.00035600	63.55352402	0.01573477	64.35379963	-0.80027561	64.20664147	0.65885836	9.53647347
1.00407274	63.50993347	0.01574557	64.40352218	-0.89358871	64.25543792	0.66130623	9.50117355
1.00778948	63.50820033	0.01574600	64.45307948	-0.94487915	64.30406008	0.66375411	9.46613400
1.01150622	63.52337138	0.01574224	64.50247202	-0.97910064	64.35250829	0.66620198	9.43135196
1.01522296	63.62173716	0.01571790	64.55170022	-0.92996306	64.40078290	0.66864984	9.39682460
1.01893970	63.66342799	0.01570761	64.60076461	-0.93733662	64.44888424	0.67109771	9.36254913
1.02265645	63.70918020	0.01569633	64.64966574	-0.94048554	64.49681279	0.67354559	9.32852271
1.02637319	63.75105921	0.01568601	64.69840383	-0.94734462	64.54456863	0.67599345	9.29474282
1.03008993	63.76285299	0.01568311	64.74697951	-0.98412652	64.59215223	0.67844132	9.26120671
1.03380667	63.73626455	0.01568965	64.79539322	-1.05912867	64.63956395	0.68088919	9.22791173
1.03752341	63.72168350	0.01569325	64.84364547	-1.12196197	64.68680410	0.68333705	9.19485530
1.04124015	63.74664688	0.01568710	64.89173673	-1.14508985	64.73387305	0.68578492	9.16203487
1.04495689	63.79123052	0.01567614	64.93966746	-1.14843694	64.78077112	0.68823278	9.12944792
1.04867364	63.78524907	0.01567761	64.98743831	-1.20218924	64.82749878	0.69068065	9.09709187
1.05239038	63.77801005	0.01567939	65.03504948	-1.25703943	64.87405613	0.69312851	9.06496446
1.05610712	63.76014582	0.01568378	65.08250161	-1.32235579	64.92044362	0.69557637	9.03306318
1.05982386	63.82467270	0.01566792	65.12979515	-1.30512245	64.96666160	0.69802423	9.00138566
1.06354060	63.87523778	0.01565552	65.17693067	-1.30169289	65.01271039	0.70047209	8.96992954
1.06725734	63.89000448	0.01565190	65.22390858	-1.33390410	65.05859035	0.70291995	8.93869253
1.07097408	63.88349787	0.01565349	65.27072945	-1.38723158	65.10430181	0.70536781	8.90767232
1.07469082	63.91002782	0.01564700	65.31739371	-1.40736589	65.14984510	0.70781567	8.87686668
1.07840757	63.93765767	0.01564024	65.36390206	-1.42624439	65.19522069	0.71026353	8.84627331
1.08212431	63.97933578	0.01563005	65.41025470	-1.43091892	65.24042867	0.71271139	8.81589018
1.08584105	64.01213710	0.01562204	65.45645230	-1.44431520	65.28546948	0.71515924	8.78571505
1.08955779	64.04858907	0.01561315	65.50249535	-1.45390628	65.33034348	0.71760710	8.75574579
1.09327453	64.04461034	0.01561412	65.54838438	-1.50377404	65.37505100	0.72005495	8.72598030
1.09699127	64.03385671	0.01561674	65.59411988	-1.56026317	65.41959237	0.72250280	8.69641652
1.10070801	64.03424581	0.01561664	65.63970241	-1.60545660	65.46396792	0.72495066	8.66705239
1.10442476	64.03913752	0.01561545	65.68513260	-1.64599508	65.50817811	0.72739851	8.63788583
1.10814150	64.09901810	0.01560086	65.73041072	-1.63139262	65.55222303	0.72984636	8.60891500
1.11185824	64.12874603	0.01559363	65.77553740	-1.64679137	65.59610314	0.73229421	8.58013786
1.11557498	64.13412221	0.01559232	65.82051328	-1.68639107	65.63981877	0.73474206	8.55155247
1.11929172	64.10309982	0.01559987	65.86533875	-1.76223893	65.68337025	0.73718991	8.52315693
1.12300846	64.18815231	0.01557920	65.91001447	-1.72186216	65.72675791	0.73963776	8.49494936
1.12672520	64.26810964	0.01555982	65.95454091	-1.68643127	65.76998209	0.74208561	8.46692788
1.13044194	64.35029348	0.01553994	65.99891867	-1.64862519	65.81304312	0.74453345	8.43909066
1.13415869	64.39711761	0.01552865	66.04314838	-1.64603077	65.85594144	0.74698130	8.41143583
1.13787543	64.46289317	0.01551280	66.08723037	-1.62433720	65.89867716	0.74942915	8.38396173
1.14159217	64.44569397	0.01551694	66.13116535	-1.68547138	65.94125071	0.75187699	8.35666654
1.14530891	64.46475983	0.01551235	66.17495383	-1.71019400	65.98366244	0.75432484	8.32954850
1.14902565	64.47161611	0.01551070	66.21859643	-1.74698032	66.02591266	0.75677268	8.30260591
1.15274239	64.50258636	0.01550325	66.26209369	-1.75950733	66.06800171	0.75922052	8.27583706
1.15645913	64.50706228	0.01550218	66.30544619	-1.79838391	66.10992992	0.76166836	8.24924027
1.16017588	64.50879161	0.01550176	66.34865465	-1.83986304	66.15169772	0.76411621	8.22281383
1.16389262	64.52504730	0.01549786	66.39171938	-1.86667208	66.19330523	0.76656405	8.19655624
1.16760936	64.56875610	0.01548737	66.43464116	-1.86588506	66.23475287	0.76901188	8.17046582
1.17132610	64.59714508	0.01548056	66.47742052	-1.88027544	66.27604099	0.77145972	8.14454097
1.17504284	64.65987651	0.01546554	66.52005809	-1.86018158	66.31716990	0.77390756	8.11878014
1.17875958	64.68499247	0.01545954	66.56255446	-1.87756199	66.35813992	0.77635539	8.09318176
1.18247632	64.73624674	0.01544730	66.60491029	-1.86866355	66.39895140	0.77880323	8.06774430
1.18619307	64.73062642	0.01544864	66.64712623	-1.91649981	66.43960476	0.78125107	8.04246619
1.18990981	64.76161448	0.01544125	66.68920277	-1.92758829	66.48010011	0.78369890	8.01734606
1.19362655	64.79802704	0.01543257	66.73114059	-1.93311355	66.52043788	0.78614673	7.99238238
1.19734329	64.81764221	0.01542790	66.77294035	-1.95529814	66.56061840	0.78859457	7.96757368
1.20106003	64.83407593	0.01542399	66.81460267	-1.98052674	66.60064199	0.79104240	7.94291852
1.20477677	64.84784953	0.01542071	66.85612824	-2.00827871	66.64050897	0.79349023	7.91841549
1.20849351	64.82965342	0.01542504	66.89751767	-2.06786425	66.68021968	0.79593806	7.89406318
1.21221025	64.81783549	0.01542785	66.93877167	-2.12093618	66.71977443	0.79838588	7.86986021
1.21592700	64.84536743	0.01542130	66.97989092	-2.13452349	66.75917365	0.80083372	7.84580514
1.21964374	64.90968831	0.01540602	67.02087603	-2.11118772	66.79841745	0.80328155	7.82189675
1.22336048	64.94541168	0.01539755	67.06172768	-2.11631600	66.83750625	0.80572937	7.79813363
1.22707722	64.95144145	0.01539612	67.10244658	-2.15100513	66.87644039	0.80817720	7.77451447
1.23079396	65.00423940	0.01538361	67.14303345	-2.13879405	66.91522019	0.81062502	7.75103797
1.23451070	65.03551229	0.01537621	67.18892933	-2.15341704	66.95384595	0.81307284	7.72770282
1.23822744	65.06271108	0.01536979	67.22927244	-2.16656136	66.99231801	0.81552067	7.70450777
1.24194419	65.07977041	0.01536576	67.26948591	-2.18971550	67.03063678	0.81796849	7.68145149
1.24566093	65.15730031	0.01534747	67.30957018	-2.15226987	67.06880238	0.82041631	7.65853287
1.24937767	65.26106008	0.01532307	67.34952616	-2.08846608	67.10681524	0.82286413	7.63575060
1.25309441	65.32698568	0.01530761	67.38935450	-2.06236882	67.14467566	0.82531195	7.61310349
1.25681115	65.35081736	0.01530203	67.42905608	-2.07823872	67.18238398	0.82775977	7.59059032
1.26052789	65.37970479	0.01529527	67.46863155	-2.08892676	67.21994050	0.83020759	7.56820992
1.26424463	65.40414683	0.01528955	67.50808181	-2.10393498	67.25734555	0.83265540	7.54596112
1.26796137	65.41257477	0.01528758	67.54740755	-2.13483278	67.29459944	0.83510322	7.52384275
1.27167812	65.39624278	0.01529140	67.58660976	-2.19036698	67.33170259	0.83755104	7.50185362
1.27539486	65.39892069	0.01529077	67.62568899	-2.22676830	67.36865512	0.83999886	7.47999270
1.27911160	65.44289398	0.01528050	67.66464617	-2.22175219	67.40545744	0.84244667	7.45825884
1.28282834	65.48505656	0.01527066	67.70348213	-2.21842557	67.44210987	0.84489448	7.43665092
1.28654508	65.50426483	0.01526618	67.74219778	-2.23793295	67.47861272	0.84734229	7.41516784
1.29026182	65.51133728	0.01526453	67.78079389	-2.26945661	67.51496631	0.84979010	7.39380854
1.29397856	65.54965719	0.01525561	67.81927142	-2.26961423	67.55117096	0.85223791	7.37257195
1.29769531	65.59134165	0.01524591	67.85763125	-2.26628960	67.58722707	0.85468573	7.35145694
1.30141205	65.60241445	0.01524334	67.89587417	-2.29345972	67.62313477	0.85713353	7.33046260
1.30512879	65.62904867	0.01523716	67.93400118	-2.30495251	67.65889446	0.85958134	7.30958784
1.30884553	65.65845744	0.01523033	67.97201320	-2.31355576	67.69450646	0.86202914	7.28883164
1.31256227	65.73981222	0.01521148	68.00991113	-2.27009891	67.72997109	0.86447695	7.26819299
1.31627901	65.80240885	0.01519701	68.04769597	-2.24528712	67.76528865	0.86692475	7.24767090
1.31999575	65.85287984	0.01518536	68.08536869	-2.23248885	67.80045945	0.86937256	7.22726438
1.32371249	65.88899231	0.01517704	68.12293027	-2.23393796	67.83548382	0.87182036	7.20697246
1.32742924	65.95211029	0.01516252	68.16038179	-2.20827150	67.87036215	0.87426817	7.18679411
1.33114598	66.00796000	0.01514969	68.19772413	-2.18976413	67.90509457	0.87671597	7.16672851
1.33486272	66.03830973	0.01514273	68.23495840	-2.19664867	67.93968148	0.87916377	7.14677465
1.33857946	66.01788584	0.01514741	68.27208568	-2.25419984	67.97412319	0.88161156	7.12693160
1.34229620	65.99540202	0.01515257	68.30910699	-2.31370497	68.00842001	0.88405936	7.10719844
1.34601294	65.94015503	0.01516527	68.34602352	-2.40586849	68.04257225	0.88650716	7.08757426
1.34972968	65.90464528	0.01517344	68.38283632	-2.47819104	68.07658023	0.88895495	7.06805816
1.35344643	65.87381744	0.01518054	68.41954674	-2.54572930	68.11044434	0.89140275	7.04864920
1.35716317	65.88477325	0.01517801	68.45615546	-2.57138221	68.14416470	0.89385055	7.02934660
1.36087991	65.95730845	0.01516132	68.49266416	-2.53535571	68.17774172	0.89629834	7.01014944
1.36459665	66.01907094	0.01514714	68.52907377	-2.51000283	68.21117570	0.89874613	6.99105685
1.36831339	66.07516988	0.01513428	68.56538556	-2.49021568	68.24446696	0.90119392	6.97206799
1.37203013	66.10054779	0.01512847	68.60160078	-2.50105299	68.27761579	0.90364171	6.95318202
1.37574687	66.12384542	0.01512314	68.63772084	-2.51387542	68.31062251	0.90608950	6.93439809
1.37946361	66.17130534	0.01511229	68.67374692	-2.50244158	68.34348742	0.90853729	6.91571538
1.38318036	66.26813507	0.01509021	68.70968053	-2.44154546	68.37621091	0.91098508	6.89713303
1.38689710	66.35948435	0.01506944	68.74552273	-2.38603838	68.40879312	0.91343287	6.87865033
1.39061384	66.38979594	0.01506256	68.78127517	-2.39147923	68.44123444	0.91588065	6.86026643
1.39433058	66.38357798	0.01506397	68.81693911	-2.43336113	68.47353517	0.91832844	6.84198054
1.39804732	66.37139130	0.01506673	68.85251616	-2.48112486	68.50569561	0.92077622	6.82379188
1.40176406	66.36494954	0.01506819	68.88800766	-2.52305812	68.53771608	0.92322400	6.80569968
1.40548080	66.38270315	0.01506417	68.92341529	-2.54071214	68.56959687	0.92567179	6.78770317
1.40919755	66.40978495	0.01505802	68.95874053	-2.54895558	68.60133837	0.92811957	6.76980154
1.41291429	66.44279989	0.01505054	68.99398488	-2.55118499	68.63294072	0.93056735	6.75199414
1.41663103	66.45095062	0.01504869	69.02915007	-2.57819945	68.66440430	0.93301513	6.73428019
1.42034777	66.47029114	0.01504432	69.06423784	-2.59394670	68.69572941	0.93546291	6.71665895
1.42406451	66.47866567	0.01504242	69.09924959	-2.62058392	68.72691636	0.93791068	6.69912969
1.42778125	66.51808675	0.01503351	69.13418751	-2.61610076	68.75796546	0.94035846	6.68169170
1.43149799	66.57106018	0.01502154	69.16905296	-2.59799278	68.78887699	0.94280623	6.66434426
1.43521474	66.63749186	0.01500657	69.20560981	-2.56811795	68.81965134	0.94525401	6.64708663
1.43893148	66.67744191	0.01499758	69.24034163	-2.56289972	68.85028865	0.94770179	6.62991819
1.44264822	66.71731822	0.01498861	69.27500689	-2.55768867	68.88078930	0.95014956	6.61283822
1.44636496	66.77349854	0.01497600	69.30960756	-2.53610902	68.91115359	0.95259733	6.59584604
1.45008170	66.82025655	0.01496552	69.34414570	-2.52388915	68.94138182	0.95504510	6.57894096
1.45379844	66.82828013	0.01496372	69.37862338	-2.55034325	68.97147429	0.95749286	6.56212233
1.45751518	66.80318451	0.01496935	69.41304272	-2.60985821	69.00143130	0.95994063	6.54538947
1.46123192	66.84619395	0.01495971	69.44740593	-2.60121198	69.03125314	0.96238840	6.52874174
1.46494867	66.90045420	0.01494758	69.48171545	-2.58126125	69.06094019	0.96483617	6.51217844
1.46866541	66.95222727	0.01493602	69.51903561	-2.56680834	69.09049259	0.96728393	6.49569902
1.47238215	67.02353414	0.01492013	69.55325433	-2.52972019	69.11991072	0.96973170	6.47930280
1.47609889	67.11514028	0.01489977	69.58742645	-2.47228617	69.14919488	0.97217946	6.46298915
1.47981563	67.18864950	0.01488347	69.62155455	-2.43290505	69.17834535	0.97462722	6.44675746
1.48353237	67.19904327	0.01488116	69.65564124	-2.45659797	69.20736244	0.97707498	6.43060709
1.48724911	67.21830750	0.01487690	69.68968910	-2.47138160	69.23624644	0.97952274	6.41453745
1.49096586	67.25626628	0.01486850	69.72370108	-2.46743480	69.26499773	0.98197051	6.39854789
1.49468260	67.29120127	0.01486078	69.75767992	-2.46647865	69.29361644	0.98441826	6.38263789
1.49839934	67.33819834	0.01485041	69.79162850	-2.45343016	69.32210294	0.98686602	6.36680683
1.50211608	67.38042450	0.01484111	69.82554999	-2.44512549	69.35045754	0.98931377	6.35105411
1.50583282	67.43048859	0.01483009	69.86550845	-2.43501986	69.37868052	0.99176153	6.33537915
1.50954956	67.51157379	0.01481228	69.89940470	-2.38783091	69.40677218	0.99420928	6.31978139
1.51326630	67.56953176	0.01479957	69.93328352	-2.36375176	69.43473281	0.99665703	6.30426024
1.51698304	67.65393575	0.01478111	69.96714848	-2.31321273	69.46256270	0.99910478	6.28881516
1.52069979	67.70159149	0.01477070	70.00100308	-2.29941159	69.49026222	1.00155254	6.27344553
1.52441653	67.74562327	0.01476110	70.03485096	-2.28922769	69.51783151	1.00400029	6.25815089
1.52813327	67.82090251	0.01474472	70.06869593	-2.24779342	69.54527095	1.00644804	6.24293066
1.53185001	67.88873037	0.01472999	70.10254195	-2.21381158	69.57258081	1.00889578	6.22778429
1.53556675	67.93344879	0.01472029	70.13639307	-2.20294428	69.59976140	1.01134353	6.21271124
1.53928349	68.01042175	0.01470363	70.17025352	-2.15983177	69.62681299	1.01379127	6.19771098
1.54300023	68.09896088	0.01468451	70.20412761	-2.10516673	69.65373589	1.01623902	6.18278299
1.54671698	68.19107310	0.01466468	70.23801999	-2.04694689	69.68053045	1.01868677	6.16792670
1.55043372	68.25867208	0.01465015	70.27193499	-2.01326291	69.70719682	1.02113451	6.15314169
1.55415046	68.33078766	0.01463469	70.30587805	-1.97509039	69.73373537	1.02358225	6.13842739
1.55786720	68.35701752	0.01462908	70.33985344	-1.98283592	69.76014637	1.02602999	6.12378331
1.56158394	68.41638692	0.01461638	70.37386689	-1.95747997	69.78643011	1.02847772	6.10920894
1.56530068	68.49450684	0.01459971	70.40792355	-1.91341671	69.81258690	1.03092546	6.09470378
1.56901742	68.59051514	0.01457928	70.44202925	-1.85151411	69.83861700	1.03337320	6.08026734
1.57273416	68.68532308	0.01455915	70.47618971	-1.79086663	69.86452072	1.03582093	6.06589914
1.57645091	68.78370667	0.01453833	70.51041095	-1.72670428	69.89029840	1.03826867	6.05159866
1.58016765	68.85803223	0.01452263	70.54469933	-1.68666710	69.91595020	1.04071641	6.03736548
1.58388439	68.93941752	0.01450549	70.57906123	-1.63964371	69.94147646	1.04316414	6.02319911
1.58760113	69.03809865	0.01448476	70.61350377	-1.57540512	69.96687749	1.04561187	6.00909907
1.59131787	69.10172017	0.01447142	70.64803379	-1.54631362	69.99215355	1.04805960	5.99506490
1.59503461	69.12530772	0.01446648	70.68640025	-1.56109253	70.01730494	1.05050733	5.98109614
1.59875135	69.18938192	0.01445308	70.72113981	-1.53175789	70.04233194	1.05295505	5.96719232
1.60246810	69.26266734	0.01443779	70.75599006	-1.49332272	70.06723490	1.05540279	5.95335297
1.60618484	69.32870483	0.01442404	70.79095942	-1.46225459	70.09201398	1.05785051	5.93957771
1.60990158	69.42036947	0.01440499	70.82605642	-1.40568695	70.11666952	1.06029823	5.92586605
1.61361832	69.53001404	0.01438228	70.86129055	-1.33127651	70.14120180	1.06274596	5.91221756
1.61733506	69.62256877	0.01436316	70.89915244	-1.27658367	70.16561112	1.06519368	5.89863180
1.62105180	69.69811249	0.01434759	70.93469724	-1.23658475	70.18989774	1.06764140	5.88510835
1.62476854	69.81504567	0.01432356	70.97040876	-1.15536309	70.21406197	1.07008912	5.87164676
1.62848528	69.93238068	0.01429953	71.00751889	-1.07513821	70.23810406	1.07253684	5.85824663
1.63220203	70.05450439	0.01427460	71.04360123	-0.98909684	70.26202438	1.07498456	5.84490749
1.63591877	70.14863332	0.01425545	71.07988432	-0.93125100	70.28582308	1.07743228	5.83162900
1.63963551	70.23792775	0.01423732	71.11638106	-0.87845331	70.30950049	1.07987999	5.81841071
1.64335225	70.34806569	0.01421503	71.15434514	-0.80627945	70.33305691	1.08232770	5.80525222
1.64706899	70.53187561	0.01417799	71.19131263	-0.65943702	70.35649260	1.08477542	5.79215311
1.65078573	70.68775431	0.01414672	71.22853482	-0.54078051	70.37980786	1.08722313	5.77911299
1.65450247	70.82396189	0.01411952	71.26602699	-0.44206510	70.40300295	1.08967084	5.76613146
1.65821922	70.95310211	0.01409382	71.30380493	-0.35070282	70.42607823	1.09211855	5.75320809
1.66193596	71.11410268	0.01406191	71.34188532	-0.22778264	70.44903384	1.09456626	5.74034256
1.66565270	71.27765656	0.01402964	71.38028578	-0.10262922	70.47187012	1.09701397	5.72753445
1.66936944	71.39332072	0.01400691	71.41902488	-0.02570416	70.49458736	1.09946168	5.71478338
1.67308618	71.50361633	0.01398531	71.45812212	0.04549421	70.51718584	1.10190938	5.70208896
1.67680292	71.63476308	0.01395970	71.49759795	0.13716513	70.53966582	1.10435708	5.68945082
1.68051966	71.79054769	0.01392941	71.53747431	0.25307338	70.56202759	1.10680479	5.67686858
1.68423640	71.93357086	0.01390171	71.57777375	0.35579711	70.58427141	1.10925249	5.66434187
1.68795315	72.03586324	0.01388197	71.61852078	0.41734246	70.60639764	1.11170019	5.65187030
1.69166989	72.12263234	0.01386527	71.65974071	0.46289163	70.62840642	1.11414789	5.63945357
1.69538663	72.18414052	0.01385346	71.70146065	0.48267987	70.65029810	1.11659559	5.62709128
1.69910337	72.25455729	0.01383996	71.74370940	0.51084789	70.67207293	1.11904329	5.61478308
1.70282011	72.35051982	0.01382160	71.78651698	0.56400284	70.69373121	1.12149098	5.60252861
1.70653685	72.44911957	0.01380279	71.82991590	0.61920367	70.71527320	1.12393867	5.59032752
1.71025359	72.52837372	0.01378771	71.87394012	0.65443360	70.73669918	1.12638637	5.57817947
1.71397034	72.61199188	0.01377183	71.91862600	0.69336588	70.75800948	1.12883407	5.56608407
1.71768708	72.70419566	0.01375436	71.96401189	0.74018377	70.77920426	1.13128176	5.55404105
1.72140382	72.74745178	0.01374619	72.01013878	0.73731300	70.80028384	1.13372945	5.54205003
1.72512056	72.79299927	0.01373758	72.05705041	0.73594886	70.82124851	1.13617713	5.53011069
1.72883730	72.88058980	0.01372107	72.10479318	0.77579662	70.84209853	1.13862482	5.51822268
1.73255404	72.99049886	0.01370041	72.15341687	0.83708199	70.86283418	1.14107251	5.50638568
1.73627078	73.08113098	0.01368342	72.20297420	0.87815678	70.88345573	1.14352019	5.49459936
1.73998753	73.14173889	0.01367208	72.25352239	0.88821650	70.90396350	1.14596788	5.48286336
1.74370427	73.21953328	0.01365756	72.30512130	0.91441198	70.92435765	1.14841556	5.47117743
1.74742101	73.28627777	0.01364512	72.35783624	0.92844153	70.94463852	1.15086324	5.45954121
1.75113775	73.35668691	0.01363202	72.41173639	0.94495052	70.96480636	1.15331092	5.44795439
1.75485449	73.44918315	0.01361486	72.46689717	0.98228598	70.98486146	1.15575860	5.43641665
1.75857123	73.56876373	0.01359273	72.52339790	1.04536583	71.00480407	1.15820628	5.42492769
1.76228797	73.69234212	0.01356993	72.58132696	1.11101516	71.02463448	1.16065395	5.41348718
1.76600471	73.78216044	0.01355341	72.64077395	1.14138649	71.04435294	1.16310163	5.40209484
1.76972146	73.87054698	0.01353720	72.70184138	1.16870560	71.06395979	1.16554931	5.39075032
1.77343820	73.98872630	0.01351557	72.76463667	1.22408963	71.08345517	1.16799698	5.37945338
1.77715494	74.07935079	0.01349904	72.82927727	1.25007352	71.10283942	1.17044465	5.36820369
1.78087168	74.17746226	0.01348118	72.89588984	1.28157242	71.12211280	1.17289232	5.35700097
1.78458842	74.27748617	0.01346303	72.96461149	1.31287468	71.14127557	1.17533999	5.34584491
1.78830516	74.37001292	0.01344628	73.03559168	1.33442124	71.16032801	1.17778766	5.33473522
1.79202190	74.46188609	0.01342969	73.10899227	1.35289382	71.17927038	1.18023532	5.32367162
1.79573865	74.57063548	0.01341010	73.18498980	1.38564568	71.19810300	1.18268300	5.31265379
1.79945539	74.68748474	0.01338912	73.26377710	1.42370764	71.21682603	1.18513066	5.30168151
1.80317213	74.81823476	0.01336573	73.34556436	1.47267040	71.23543979	1.18757832	5.29075446
1.80688887	74.96237691	0.01334003	73.43058167	1.53179524	71.25394454	1.19002598	5.27987237
1.81060561	75.11446126	0.01331302	73.51908181	1.59537945	71.27234054	1.19247364	5.26903495
1.81432235	75.26313527	0.01328672	73.61134135	1.65179392	71.29062807	1.19492130	5.25824194
1.81803909	75.42395020	0.01325839	73.70766553	1.71628467	71.30880739	1.19736896	5.24749306
1.82175583	75.56697845	0.01323329	73.80839035	1.75858810	71.32687875	1.19981662	5.23678804
1.82547258	75.68904368	0.01321195	73.91388769	1.77515599	71.34484248	1.20226428	5.22612659
1.82918932	75.81168365	0.01319058	74.02456831	1.78711534	71.36269873	1.20471193	5.21550849
1.83290606	75.93327077	0.01316946	74.14088819	1.79238258	71.38044782	1.20715958	5.20493346
1.83662280	76.07205455	0.01314543	74.26335494	1.80869961	71.39809002	1.20960723	5.19440123
1.84033954	76.24096934	0.01311631	74.39253338	1.84843596	71.41562557	1.21205488	5.18391155
1.84405628	76.44369253	0.01308152	74.52905602	1.91463651	71.43305475	1.21450253	5.17346415
1.84777302	76.63350677	0.01304912	74.67363013	1.95987664	71.45037781	1.21695018	5.16305878
1.85148977	76.80685679	0.01301967	74.82705665	1.97980014	71.46759507	1.21939783	5.15269516
1.85520651	76.95069122	0.01299533	74.99646069	1.95423053	71.48470669	1.22184548	5.14237309
1.85892325	77.09733836	0.01297062	75.17039773	1.92694063	71.50171297	1.22429312	5.13209231
1.86263999	77.27116394	0.01294144	75.35623662	1.91492732	71.51861418	1.22674076	5.12185255
1.86635673	77.46807353	0.01290854	75.55528327	1.91279026	71.53541058	1.22918840	5.11165358
1.87007347	77.66798910	0.01287532	75.76902575	1.89896335	71.55210242	1.23163604	5.10149516
1.87379021	77.88670603	0.01283916	75.99916934	1.88753669	71.56868997	1.23408368	5.09137703
1.87750695	78.09623973	0.01280471	76.24767380	1.84856593	71.58517348	1.23653132	5.08129896
1.88122370	78.30229696	0.01277102	76.51680039	1.78549657	71.60155326	1.23897896	5.07126070
1.88494044	78.51039124	0.01273717	76.80917020	1.70122104	71.61782947	1.24142659	5.06126205
1.88865718	78.75079346	0.01269828	77.12783466	1.62295880	71.63400242	1.24387423	5.05130275
1.89237392	78.98353577	0.01266087	77.47636180	1.50717397	71.65007236	1.24632186	5.04138258
1.89609066	79.22274780	0.01262264	77.85894494	1.36380286	71.66603955	1.24876949	5.03150130
1.89980740	79.47991180	0.01258180	78.28191300	1.19799880	71.68190424	1.25121712	5.02165868
1.90352414	79.76232656	0.01253725	78.75122405	1.01110251	71.69766670	1.25366475	5.01185450
1.90724089	80.09703064	0.01248486	79.26966734	0.82736330	71.71332723	1.25611238	5.00208851
1.91095763	80.40983836	0.01243629	79.84850843	0.56132993	71.72888598	1.25856001	4.99236054
1.91467437	80.68597412	0.01239373	80.49799586	0.18797826	71.74434326	1.26100763	4.98267034
1.91839111	81.02755483	0.01234148	81.23063120	-0.20307637	71.75969932	1.26345525	4.97301768
1.92210785	81.43392436	0.01227989	82.06179355	-0.62786919	71.77495443	1.26590287	4.96340236
1.92582459	81.92788188	0.01220586	83.01061801	-1.08273613	71.79010882	1.26835049	4.95382416
1.92954133	82.52836609	0.01211705	84.10131750	-1.57295141	71.80516276	1.27079811	4.94428285
1.93325807	83.26112111	0.01201041	85.36549919	-2.10437808	71.82011651	1.27324573	4.93477824
1.93697482	84.08196259	0.01189316	86.84686865	-2.76490606	71.83497034	1.27569335	4.92531007
1.94069156	85.14245097	0.01174502	88.61170406	-3.46925309	71.84972444	1.27814096	4.91587820
1.94440830	86.53732808	0.01155571	90.77266341	-4.23533533	71.86437909	1.28058858	4.90648239
1.94812504	88.40761566	0.01131124	93.54022580	-5.13261014	71.87893456	1.28303619	4.89712243
1.95184178	91.13857778	0.01097230	97.32448069	-6.18590291	71.89339108	1.28548380	4.88779812
1.95555852	95.12090556	0.01051294	102.91295948	-7.79205392	71.90774892	1.28793141	4.87850926
1.95927526	100.81365712	0.00991929	111.73449438	-10.92083726	71.92200832	1.29037902	4.86925564
1.96299201	109.77940877	0.00910918	126.16655819	-16.38714942	71.93616957	1.29282663	4.86003704
1.96670875	123.77985382	0.00807886	149.74158808	-25.96173426	71.95023285	1.29527424	4.85085331
1.97042549	145.21299235	0.00688644	187.01215130	-41.79915895	71.96419845	1.29772184	4.84170422
1.97414223	179.75069173	0.00556326	242.77805565	-63.02736392	71.97806660	1.30016944	4.83258959
1.97785897	234.33787028	0.00426734	320.54405985	-86.20618957	71.99183758	1.30261704	4.82350922
1.98157571	311.49209595	0.00321035	420.41269876	-108.92060281	72.00551161	1.30506464	4.81446291
1.98529245	412.72204590	0.00242294	536.98143985	-124.25939395	72.01908895	1.30751224	4.80545047
1.98900920	533.71175130	0.00187367	657.84925055	-124.13749925	72.03256989	1.30995984	4.79647169
1.99272594	644.56294759	0.00155144	763.20644050	-118.64349291	72.04595460	1.31240744	4.78752644
1.99644268	714.77638753	0.00139904	828.31313664	-113.53674911	72.05924337	1.31485503	4.77861449
2.00015942	727.94795736	0.00137372	833.11435913	-105.16640177	72.07243643	1.31730263	4.76973566
2.00387616	678.71059163	0.00147338	775.98286249	-97.27227086	72.08553405	1.31975022	4.76088977
2.00759290	584.43007406	0.00171107	675.06433315	-90.63425909	72.09853646	1.32219781	4.75207664
2.01130964	465.47082520	0.00214836	555.22635631	-89.75553111	72.11144391	1.32464539	4.74329608
2.01502638	356.07632446	0.00280839	437.26557075	-81.18924629	72.12425665	1.32709298	4.73454791
2.01874313	271.00634766	0.00368995	334.66775202	-63.66140436	72.13697496	1.32954057	4.72583194
2.02245987	207.32598877	0.00482332	253.77829392	-46.45230515	72.14959901	1.33198816	4.71714802
2.02617661	162.97388204	0.00613595	195.17217372	-32.19829168	72.16212909	1.33443574	4.70849597
2.02989335	135.70013428	0.00736919	155.70076906	-20.00063478	72.17456543	1.33688332	4.69987560
2.03361009	118.66509247	0.00842708	130.63972290	-11.97463043	72.18690829	1.33933090	4.69128674
2.03732683	107.85080210	0.00927207	115.33622233	-7.48542023	72.19915790	1.34177848	4.68272922
2.04104357	101.45429484	0.00985666	106.09734214	-4.64304730	72.21131452	1.34422606	4.67420287
2.04476032	97.45759074	0.01026087	100.37214961	-2.91455887	72.22337840	1.34667364	4.66570750
2.04847706	94.82929484	0.01054526	96.62223825	-1.79294341	72.23534975	1.34912122	4.65724298
2.05219380	93.18001556	0.01073191	93.98681448	-0.80679892	72.24722882	1.35156879	4.64880912
2.05591054	92.12615712	0.01085468	92.01846969	0.10768743	72.25901586	1.35401636	4.64040575
2.05962728	91.41781362	0.01093879	90.48239317	0.93542045	72.27071111	1.35646393	4.63203272
2.06334402	90.96725718	0.01099297	89.26086683	1.70639035	72.28231482	1.35891150	4.62368985
2.06706076	90.66231537	0.01102994	88.28540634	2.37690903	72.29382723	1.36135907	4.61537699
2.07077750	90.46850586	0.01105357	87.51302342	2.95548244	72.30524857	1.36380663	4.60709397
2.07449425	90.34635417	0.01106852	86.91440128	3.43195289	72.31657912	1.36625420	4.59884060
2.07821099	90.34587606	0.01106857	86.46878939	3.87708667	72.32781905	1.36870177	4.59061679
2.08192773	90.47298686	0.01105302	86.16160152	4.31138534	72.33896865	1.37114933	4.58242234
2.08564447	90.72164663	0.01102273	85.98320822	4.73843841	72.35002814	1.37359689	4.57425709
2.08936121	91.06383260	0.01098131	85.92828035	5.13555225	72.36099777	1.37604445	4.56612090
2.09307795	91.52331543	0.01092618	85.99549988	5.52781555	72.37187777	1.37849200	4.55801360
2.09679469	92.11314138	0.01085621	86.18757655	5.92556483	72.38266839	1.38093956	4.54993505
2.10051144	92.96324412	0.01075694	86.51165903	6.45158509	72.39336988	1.38338712	4.54188507
2.10422818	94.08867900	0.01062827	86.98042805	7.10825095	72.40398244	1.38583467	4.53386354
2.10794492	95.42167409	0.01047980	87.62455464	7.79711945	72.41450633	1.38828223	4.52587031
2.11166166	97.05110168	0.01030385	88.45921964	8.59188204	72.42494178	1.39072978	4.51790522
2.11537840	99.10461171	0.01009035	89.55684410	9.54776761	72.43528903	1.39317732	4.50996811
2.11909514	101.57255300	0.00984518	91.03637382	10.53617918	72.44554833	1.39562487	4.50205885
2.12281188	104.63206228	0.00955730	93.12839272	11.50366956	72.45571989	1.39807242	4.49417729
2.12652862	108.65682220	0.00920329	96.26901939	12.38780281	72.46580397	1.40051996	4.48632328
2.13024537	113.86170705	0.00878258	101.23515977	12.62654728	72.47580082	1.40296751	4.47849666
2.13396211	121.14100393	0.00825484	109.29611450	11.84488943	72.48571063	1.40541505	4.47069732
2.13767885	132.22208150	0.00756303	122.30885666	9.91322484	72.49553365	1.40786259	4.46292511
2.14139559	149.08789062	0.00670745	142.63379784	6.45409278	72.50527012	1.41031013	4.45517988
2.14511233	175.86269633	0.00568625	172.73536859	3.12732774	72.51492028	1.41275767	4.44746149
2.14882907	219.70806376	0.00455149	214.40603263	5.30203113	72.52448436	1.41520520	4.43976980
2.15254581	282.83394368	0.00353564	267.71844895	15.11549473	72.53396259	1.41765273	4.43210467
2.15626256	366.07990519	0.00273164	329.97395037	36.10595482	72.54335524	1.42010027	4.42446595
2.15997930	468.63057454	0.00213388	394.92276641	73.70780813	72.55266248	1.42254780	4.41685354
2.16369604	565.78686523	0.00176745	452.46582026	113.32104497	72.56188457	1.42499533	4.40926729
2.16741278	632.03552246	0.00158219	489.71754877	142.31797369	72.57102175	1.42744286	4.40170705
2.17112952	650.96407064	0.00153618	495.66631260	155.29775804	72.58007424	1.42989039	4.39417270
2.17484626	616.42960612	0.00162225	468.43942491	147.99018121	72.58904228	1.43233791	4.38666411
2.17856300	541.40633138	0.00184704	416.83828745	124.56804393	72.59792610	1.43478544	4.37918113
2.18227974	441.16260783	0.00226674	353.89406978	87.26853805	72.60672593	1.43723296	4.37172365
2.18599649	344.85248820	0.00289979	290.85940969	53.99307851	72.61544203	1.43968048	4.36429151
2.18971323	268.44458008	0.00372516	235.24548516	33.19909492	72.62407458	1.44212800	4.35688462
2.19342997	210.67773946	0.00474659	190.85191940	19.82582006	72.63262382	1.44457552	4.34950283
2.19714671	170.27170308	0.00587297	158.42235634	11.84934674	72.64109000	1.44702304	4.34214602
2.20086345	145.70122782	0.00686336	136.63634701	9.06488081	72.64947334	1.44947055	4.33481405
2.20458019	131.51704915	0.00760358	123.19990748	8.31714167	72.65777407	1.45191806	4.32750681
2.20829693	123.83385722	0.00807534	115.74618534	8.08767188	72.66599242	1.45436557	4.32022417
2.21201368	120.85719045	0.00827423	112.39073999	8.46645046	72.67412864	1.45681309	4.31296599
2.21573042	121.47033437	0.00823246	111.97454995	9.49578442	72.68218292	1.45926060	4.30573218
2.21944716	124.84525808	0.00800992	114.13473198	10.71052610	72.69015549	1.46170810	4.29852259
2.22316390	130.99504598	0.00763388	119.35817173	11.63687425	72.69804660	1.46415561	4.29133712
2.22688064	141.41683451	0.00707129	129.07432373	12.34251078	72.70585646	1.46660311	4.28417563
2.23059738	157.38286336	0.00635393	145.78513762	11.59772574	72.71358531	1.46905061	4.27703800
2.23431412	180.96996562	0.00552578	173.02325845	7.94670717	72.72123337	1.47149811	4.26992413
2.23803087	219.35863749	0.00455874	214.94036391	4.41827358	72.72880089	1.47394562	4.26283387
2.24174761	278.19788615	0.00359456	275.31844931	2.87943684	72.73628805	1.47639312	4.25576714
2.24546435	362.28548177	0.00276025	356.01764457	6.26783720	72.74369510	1.47884061	4.24872380
2.24918109	480.43523153	0.00208145	455.16824473	25.26698680	72.75102227	1.48128811	4.24170374
2.25289783	626.72513835	0.00159560	565.58406795	61.14107040	72.75826977	1.48373560	4.23470685
2.25661457	773.58081055	0.00129269	673.71425628	99.86655427	72.76543784	1.48618309	4.22773301
2.26033131	890.73331706	0.00112267	759.78632310	130.94699396	72.77252669	1.48863058	4.22078210
2.26404805	950.19508870	0.00105242	801.72675355	148.46833515	72.77953656	1.49107807	4.21385402
2.26776480	930.66536458	0.00107450	786.03284298	144.63252160	72.78646768	1.49352556	4.20694863
2.27148154	836.68469238	0.00119519	717.87609550	118.80859688	72.79332024	1.49597305	4.20006586
2.27519828	694.25801595	0.00144039	616.92801691	77.32999904	72.80009448	1.49842053	4.19320557
2.27891502	549.39208984	0.00182019	504.94880017	44.44328967	72.80679062	1.50086801	4.18636767
2.28263176	421.42032878	0.00237293	398.58193187	22.83839691	72.81340889	1.50331549	4.17955203
2.28634850	316.87564087	0.00315581	307.94046788	8.93517299	72.81994951	1.50576297	4.17275855
2.29006524	241.27077738	0.00414472	237.23932620	4.03145118	72.82641270	1.50821045	4.16598713
2.29378199	191.54848226	0.00522061	186.15004831	5.39843395	72.83279870	1.51065793	4.15923764
2.29749873	158.45766703	0.00631083	151.55943090	6.89823613	72.83910769	1.51310540	4.15251000
2.30121547	136.41397095	0.00733063	129.29315992	7.12081103	72.84533992	1.51555287	4.14580410
2.30493221	122.84010824	0.00814066	115.37946591	7.46064233	72.85149559	1.51800034	4.13911982
2.30864895	113.70752207	0.00879449	106.69526168	7.01226039	72.85757495	1.52044781	4.13245707
2.31236569	107.37151337	0.00931346	101.09920815	6.27230522	72.86357819	1.52289528	4.12581574
2.31608243	103.12412771	0.00969705	97.27263569	5.85149202	72.86950555	1.52534274	4.11919572
2.31979917	100.03013611	0.00999699	94.46843224	5.56170387	72.87535724	1.52779021	4.11259692
2.32351592	97.69290924	0.01023616	92.28618358	5.40672566	72.88113349	1.53023768	4.10601921
2.32723266	96.01574707	0.01041496	90.51496125	5.50078582	72.88683450	1.53268514	4.09946254
2.33094940	94.67605845	0.01056233	89.03991021	5.63614824	72.89246050	1.53513260	4.09292677
2.33466614	93.60997009	0.01068262	87.79311337	5.81685672	72.89801170	1.53758006	4.08641182
2.33838288	92.79072316	0.01077694	86.73000155	6.06072161	72.90348832	1.54002751	4.07991757
2.34209962	92.09784698	0.01085802	85.81857584	6.27927114	72.90889058	1.54247497	4.07344394
2.34581636	91.54443868	0.01092366	85.03448592	6.50995276	72.91421870	1.54492242	4.06699083
2.34953311	91.10544078	0.01097629	84.35860689	6.74683389	72.91947290	1.54736988	4.06055811
2.35324985	90.74155680	0.01102031	83.77566598	6.96589082	72.92465338	1.54981733	4.05414574
2.35696659	90.44778951	0.01105610	83.27334491	7.17444460	72.92976037	1.55226477	4.04775359
2.36068333	90.23576101	0.01108208	82.84175229	7.39400872	72.93479407	1.55471222	4.04138157
2.36440007	90.08549245	0.01110057	82.47280498	7.61268747	72.93975471	1.55715966	4.03502958
2.36811681	90.00007375	0.01111110	82.16000487	7.84006888	72.94464251	1.55960711	4.02869753
2.37183355	89.95347341	0.01111686	81.89812595	8.05534746	72.94945766	1.56205455	4.02238533
2.37555029	89.95753988	0.01111636	81.68302401	8.27451587	72.95420040	1.56450199	4.01609289
2.37926704	90.02379354	0.01110817	81.51397904	8.50981450	72.95887095	1.56694943	4.00982008
2.38298378	90.18160502	0.01108874	81.38358140	8.79802362	72.96346949	1.56939687	4.00356687
2.38670052	90.40635935	0.01106117	81.29264446	9.11371489	72.96799625	1.57184430	3.99733313
2.39041726	90.66850789	0.01102919	81.24016323	9.42834466	72.97245144	1.57429174	3.99111877
2.39413400	90.93041992	0.01099742	81.22577721	9.70464271	72.97683528	1.57673917	3.98492371
2.39785074	91.25605774	0.01095818	81.24976545	10.00629229	72.98114798	1.57918660	3.97874786
2.40156748	91.67988841	0.01090752	81.31305851	10.36682990	72.98538975	1.58163403	3.97259113
2.40528423	92.16666667	0.01084991	81.41949314	10.74717353	72.98956082	1.58408146	3.96645341
2.40900097	92.72359467	0.01078474	81.56703856	11.15655611	72.99366137	1.58652888	3.96033464
2.41271771	93.33222198	0.01071441	81.76113331	11.57108867	72.99769162	1.58897631	3.95423473
2.41643445	94.00248973	0.01063802	82.00599703	11.99649270	73.00165179	1.59142373	3.94815359
2.42015119	94.74657949	0.01055447	82.30824350	12.43833599	73.00554209	1.59387115	3.94209112
2.42386793	95.52263641	0.01046872	82.67217207	12.85046434	73.00936273	1.59631857	3.93604725
2.42758467	96.27385966	0.01038704	83.10749313	13.16636653	73.01311391	1.59876598	3.93002189
2.43130141	96.97480265	0.01031196	83.62479850	13.35000415	73.01679585	1.60121340	3.92401495
2.43501816	97.70328776	0.01023507	84.23738379	13.46590397	73.02040877	1.60366082	3.91802633
2.43873490	98.44740550	0.01015771	84.96211102	13.48529448	73.02395285	1.60610823	3.91205598
2.44245164	99.23464712	0.01007713	85.82087190	13.41377522	73.02742832	1.60855564	3.90610381
2.44616838	100.13570658	0.00998645	86.84337621	13.29233037	73.03083538	1.61100305	3.90016972
2.44988512	101.18399556	0.00988299	88.07302109	13.11097447	73.03417424	1.61345045	3.89425364
2.45360186	102.48923492	0.00975712	89.57947637	12.90975855	73.03744510	1.61589786	3.88835549
2.45731860	104.37843831	0.00958052	91.48491543	12.89352288	73.04064819	1.61834526	3.88247518
2.46103535	106.97667948	0.00934783	94.01479415	12.96188533	73.04378370	1.62079267	3.87661262
2.46475209	110.73801422	0.00903032	97.58569536	13.15231886	73.04685183	1.62324007	3.87076775
2.46846883	116.72290802	0.00856730	102.93984744	13.78306058	73.04985280	1.62568747	3.86494049
2.47218557	125.86119588	0.00794526	111.31228236	14.54891352	73.05278682	1.62813486	3.85913075
2.47590231	139.77664693	0.00715427	124.57924905	15.19739788	73.05565408	1.63058226	3.85333845
2.47961905	162.76449076	0.00614385	145.28115372	17.48333704	73.05845479	1.63302965	3.84756352
2.48333579	197.85504659	0.00505421	176.37689645	21.47815014	73.06118916	1.63547704	3.84180588
2.48705254	249.30184428	0.00401120	220.61270354	28.68914074	73.06385741	1.63792444	3.83606543
2.49076928	326.73885091	0.00306055	279.50981689	47.22903402	73.06645971	1.64037182	3.83034213
2.49448602	428.07186890	0.00233606	352.15475820	75.91711070	73.06899629	1.64281921	3.82463589
2.49820276	544.67588298	0.00183595	434.08028789	110.59559509	73.07146734	1.64526659	3.81894663
2.50191950	667.63466390	0.00149783	516.44324531	151.19141859	73.07387307	1.64771398	3.81327427
2.50563624	768.59629313	0.00130107	585.78872344	182.80756969	73.07621369	1.65016136	3.80761874
2.50935298	820.06852214	0.00121941	625.96947120	194.09905094	73.07848940	1.65260873	3.80197997
2.51306972	806.41780599	0.00124005	624.90072187	181.51708412	73.08070039	1.65505611	3.79635788
2.51678647	735.06093343	0.00136043	582.92069310	152.14024033	73.08284688	1.65750349	3.79075238
2.52050321	628.08534749	0.00159214	512.52759070	115.55775679	73.08492906	1.65995087	3.78516342
2.52421995	503.21097819	0.00198724	429.85031329	73.36066490	73.08694714	1.66239824	3.77959093
2.52793669	386.24232992	0.00258905	348.13875184	38.10357808	73.08890131	1.66484561	3.77403483
2.53165343	293.36822510	0.00340869	276.01437086	17.35385424	73.09079178	1.66729298	3.76849504
2.53537017	224.21974691	0.00445991	217.75318936	6.46655755	73.09261875	1.66974034	3.76297149
2.53908691	175.44191488	0.00569989	174.12517821	1.31673667	73.09438243	1.67218771	3.75746411
2.54280366	143.03351339	0.00699137	143.52346474	-0.48995135	73.09608300	1.67463508	3.75197283
2.54652040	122.94652049	0.00813362	123.17105467	-0.22453418	73.09772068	1.67708244	3.74649758
2.55023714	110.11980184	0.00908102	110.11777843	0.00202341	73.09929565	1.67952980	3.74103830
2.55395388	101.88248952	0.00981523	101.85178375	0.03070577	73.10080812	1.68197716	3.73559491
2.55767062	96.82081095	0.01032836	96.52921486	0.29159609	73.10225829	1.68442451	3.73016734
2.56138736	93.40554047	0.01070600	92.94213510	0.46340537	73.10364636	1.68687187	3.72475552
2.56510410	91.08866628	0.01097831	90.36729987	0.72136641	73.10497253	1.68931922	3.71935939
2.56882084	89.53267161	0.01116911	88.39944590	1.13322571	73.10623699	1.69176657	3.71397888
2.57253759	88.36571248	0.01131661	86.81947423	1.54623825	73.10743994	1.69421393	3.70861390
2.57625433	87.44322459	0.01143599	85.50827168	1.93495291	73.10858158	1.69666127	3.70326441
2.57997107	86.71683757	0.01153179	84.39747413	2.31936344	73.10966211	1.69910862	3.69793034
2.58368781	86.11114502	0.01161290	83.44412940	2.66701562	73.11068172	1.70155596	3.69261161
2.58740455	85.61554972	0.01168012	82.61852972	2.99702000	73.11164061	1.70400330	3.68730817
2.59112129	85.22283936	0.01173394	81.89856263	3.32427673	73.11253898	1.70645064	3.68201995
2.59483803	84.85055033	0.01178543	81.26699497	3.58355536	73.11337702	1.70889798	3.67674687
2.59855478	84.49495951	0.01183503	80.71005036	3.78490915	73.11415493	1.71134532	3.67148887
2.60227152	84.20925140	0.01187518	80.21655336	3.99269804	73.11487290	1.71379266	3.66624590
2.60598826	83.96026611	0.01191040	79.77734273	4.18292338	73.11553113	1.71623999	3.66101789
2.60970500	83.77308655	0.01193701	79.38485370	4.38823285	73.11612982	1.71868732	3.65580477
2.61342174	83.56099701	0.01196731	79.03279620	4.52820081	73.11666915	1.72113465	3.65060648
2.61713848	83.34818522	0.01199786	78.71588319	4.63230203	73.11714933	1.72358198	3.64542295
2.62085522	83.15416718	0.01202586	78.42975880	4.72440838	73.11757054	1.72602931	3.64025413
2.62457196	83.00031535	0.01204815	78.17058308	4.82973227	73.11793298	1.72847663	3.63509995
2.62828871	82.88219706	0.01206532	77.93523822	4.94695884	73.11823685	1.73092396	3.62996033
2.63200545	82.74487305	0.01208534	77.72097956	5.02389349	73.11848233	1.73337128	3.62483525
2.63572219	82.61405691	0.01210448	77.52547312	5.08858379	73.11866962	1.73581860	3.61972462
2.63943893	82.47838084	0.01212439	77.34670585	5.13167499	73.11879891	1.73826591	3.61462839
2.64315567	82.38108317	0.01213871	77.18293905	5.19814412	73.11887039	1.74071323	3.60954648
2.64687241	82.29681651	0.01215114	77.03266020	5.26415631	73.11888426	1.74316054	3.60447886
2.65058915	82.24753316	0.01215842	76.89455410	5.35297906	73.11884071	1.74560785	3.59942544
2.65430590	82.19352722	0.01216641	76.76747048	5.42605674	73.11873992	1.74805517	3.59438617
2.65802264	82.13839213	0.01217457	76.65040279	5.48798934	73.11858210	1.75050247	3.58936100
2.66173938	82.08383179	0.01218267	76.54246474	5.54136705	73.11836742	1.75294978	3.58434987
2.66545612	82.00233968	0.01219477	76.44287862	5.55946106	73.11809608	1.75539708	3.57935271
2.66917286	81.86472321	0.01221527	76.35095630	5.51376691	73.11776827	1.75784438	3.57436947
2.67288960	81.69021861	0.01224137	76.26608963	5.42412898	73.11738418	1.76029168	3.56940010
2.67660634	81.52317047	0.01226645	76.18774161	5.33542886	73.11694399	1.76273898	3.56444452
2.68032308	81.38063049	0.01228794	76.11543535	5.26519514	73.11644791	1.76518628	3.55950269
2.68403983	81.24677277	0.01230818	76.04874903	5.19802374	73.11589611	1.76763358	3.55457453
2.68775657	81.15998840	0.01232134	75.98730809	5.17268031	73.11528878	1.77008087	3.54966002
2.69147331	81.05615743	0.01233713	75.93078054	5.12537689	73.11462612	1.77252816	3.54475909
2.69519005	80.95865631	0.01235198	75.87887333	5.07978298	73.11390831	1.77497545	3.53987167
2.69890679	80.84067535	0.01237001	75.83132660	5.00934875	73.11313554	1.77742274	3.53499771
2.70262353	80.75519053	0.01238310	75.78791216	4.96727837	73.11230800	1.77987002	3.53013716
2.70634027	80.69709269	0.01239202	75.74842972	4.94866297	73.11142586	1.78231731	3.52528996
2.71005702	80.65185293	0.01239897	75.71270452	4.93914841	73.11048933	1.78476459	3.52045605
2.71377376	80.61423747	0.01240476	75.68058581	4.93365166	73.10949858	1.78721187	3.51563539
2.71749050	80.56997681	0.01241157	75.65194440	4.91803241	73.10845380	1.78965915	3.51082792
2.72120724	80.52839152	0.01241798	75.62667203	4.90171949	73.10735518	1.79210643	3.50603358
2.72492398	80.47249095	0.01242661	75.60467956	4.86781139	73.10620290	1.79455370	3.50125232
2.72864072	80.41372172	0.01243569	75.58589648	4.82782524	73.10499716	1.79700097	3.49648409
2.73235746	80.33893331	0.01244727	75.57027005	4.76866326	73.10373812	1.79944824	3.49172883
2.73607420	80.27589671	0.01245704	75.55776481	4.71813190	73.10242598	1.80189551	3.48698649
2.73979095	80.21139526	0.01246706	75.54836200	4.66303326	73.10106092	1.80434278	3.48225701
2.74350769	80.16295115	0.01247459	75.54206017	4.62089098	73.09964313	1.80679005	3.47754036
2.74722443	80.10903168	0.01248299	75.54060085	4.56843083	73.09817279	1.80923731	3.47283647
2.75094117	80.07772573	0.01248787	75.54056959	4.53715614	73.09665009	1.81168457	3.46814529
2.75465791	80.05742645	0.01249103	75.54373816	4.51368829	73.09507520	1.81413183	3.46346677
2.75837465	80.04390462	0.01249314	75.55017628	4.49372834	73.09344831	1.81657908	3.45880086
2.76209139	80.03757731	0.01249413	75.55997226	4.47760505	73.09176960	1.81902634	3.45414751
2.76580814	80.01106262	0.01249827	75.57323584	4.43782678	73.09003925	1.82147360	3.44950666
2.76952488	79.98935699	0.01250166	75.59009909	4.39925790	73.08825745	1.82392085	3.44487827
2.77324162	79.94696045	0.01250829	75.61071797	4.33624248	73.08642437	1.82636810	3.44026229
2.77695836	79.90543620	0.01251479	75.63527485	4.27016135	73.08454021	1.82881535	3.43565867
2.78067510	79.89619700	0.01251624	75.66398093	4.23221607	73.08260513	1.83126259	3.43106736
2.78439184	79.91704814	0.01251297	75.69707947	4.21996867	73.08061933	1.83370983	3.42648831
2.78810858	79.95529683	0.01250699	75.73484915	4.22044768	73.07858298	1.83615708	3.42192146
2.79182533	79.99964396	0.01250006	75.77760917	4.22203479	73.07649625	1.83860432	3.41736677
2.79554207	80.05149078	0.01249196	75.82572244	4.22576834	73.07435934	1.84105156	3.41282420
2.79925881	80.12202708	0.01248096	75.87960362	4.24242346	73.07217242	1.84349879	3.40829369
2.80297555	80.16947174	0.01247358	75.93972535	4.22974639	73.06993567	1.84594603	3.40377520
2.80669229	80.20124308	0.01246863	76.00662505	4.19461803	73.06764926	1.84839326	3.39926868
2.81040903	80.20829519	0.01246754	76.08091760	4.12737759	73.06531339	1.85084049	3.39477407
2.81412577	80.25268555	0.01246064	76.16330422	4.08938133	73.06292822	1.85328772	3.39029135
2.81784251	80.31035868	0.01245169	76.25458805	4.05577063	73.06049394	1.85573494	3.38582044
2.82155926	80.39156342	0.01243912	76.35569860	4.03586482	73.05801071	1.85818217	3.38136131
2.82527600	80.48921204	0.01242403	76.46766759	4.02154445	73.05547872	1.86062939	3.37691392
2.82899274	80.64950307	0.01239933	76.59175488	4.05774819	73.05289816	1.86307661	3.37247822
2.83270948	80.83763885	0.01237048	76.72934174	4.10829711	73.05026919	1.86552383	3.36805416
2.83642622	81.05886587	0.01233671	76.88207628	4.17678959	73.04759198	1.86797105	3.36364170
2.84014296	81.26925913	0.01230478	77.05186944	4.21738969	73.04486673	1.87041826	3.35924078
2.84385970	81.47182465	0.01227418	77.24095203	4.23087262	73.04209359	1.87286547	3.35485137
2.84757645	81.64014689	0.01224888	77.45194992	4.18819697	73.03927275	1.87531269	3.35047341
2.85129319	81.81118774	0.01222327	77.68795946	4.12322828	73.03640439	1.87775990	3.34610687
2.85500993	82.01762644	0.01219250	77.95265267	4.06497377	73.03348868	1.88020711	3.34175171
2.85872667	82.27613068	0.01215419	78.25041320	4.02571748	73.03052579	1.88265431	3.33740787
2.86244341	82.54683177	0.01211434	78.58649811	3.96033366	73.02751590	1.88510151	3.33307531
2.86616015	82.83634949	0.01207200	78.96725784	3.86909165	73.02445918	1.88754871	3.32875399
2.86987689	83.21454112	0.01201713	79.40042483	3.81411629	73.02135581	1.88999591	3.32444386
2.87359363	83.67796834	0.01195058	79.89551475	3.78245359	73.01820596	1.89244311	3.32014489
2.87731038	84.26005809	0.01186802	80.46444570	3.79561239	73.01500980	1.89489031	3.31585701
2.88102712	84.94320679	0.01177257	81.12258805	3.82061874	73.01176751	1.89733750	3.31158021
2.88474386	85.70369720	0.01166811	81.89078304	3.81291416	73.00847926	1.89978469	3.30731442
2.88846060	86.56696320	0.01155175	82.80084358	3.76611962	73.00514523	1.90223188	3.30305962
2.89217734	87.63319143	0.01141120	83.89831621	3.73487522	73.00176558	1.90467906	3.29881576
2.89589408	88.95766449	0.01124130	85.26742584	3.69023865	72.99834049	1.90712625	3.29458279
2.89961082	90.65361786	0.01103100	87.05554958	3.59806828	72.99487012	1.90957343	3.29036067
2.90332757	92.92570750	0.01076128	89.52425228	3.40145522	72.99135465	1.91202062	3.28614935
2.90704431	95.92076111	0.01042527	93.12215124	2.79860987	72.98779426	1.91446780	3.28194881
2.91076105	100.03024038	0.00999698	98.56452311	1.46571727	72.98418911	1.91691497	3.27775900
2.91447779	106.20332591	0.00941590	106.91237394	-0.70904803	72.98053937	1.91936215	3.27357988
2.91819453	115.28555806	0.00867411	119.57243872	-4.28688066	72.97684522	1.92180932	3.26941141
2.92191127	128.98871104	0.00775262	138.17253931	-9.18382827	72.97310682	1.92425649	3.26525354
2.92562801	151.28050741	0.00661024	164.25080432	-12.97029691	72.96932434	1.92670366	3.26110624
2.92934475	184.70275370	0.00541410	198.76058165	-14.05782795	72.96549796	1.92915082	3.25696946
2.93306150	232.28791809	0.00430500	241.46778419	-9.17986610	72.96162782	1.93159799	3.25284315
2.93677824	298.15242513	0.00335399	290.35456862	7.79785651	72.95771413	1.93404515	3.24872731
2.94049498	373.64599609	0.00267633	341.13004727	32.51594882	72.95375703	1.93649231	3.24462187
2.94421172	445.08402507	0.00224677	386.90431052	58.17971455	72.94975670	1.93893947	3.24052679
2.94792846	497.79655965	0.00200885	418.64351191	79.15304774	72.94571331	1.94138663	3.23644204
2.95164520	515.31122843	0.00194057	427.92446208	87.38676635	72.94162702	1.94383378	3.23236758
2.95536194	492.85277303	0.00202900	411.86948621	80.98328682	72.93749800	1.94628093	3.22830337
2.95907869	435.08652751	0.00229839	375.32485441	59.76167310	72.93332641	1.94872809	3.22424936
2.96279543	362.72538249	0.00275691	327.33290444	35.39247805	72.92911243	1.95117524	3.22020554
2.96651217	292.70140584	0.00341645	276.48631796	16.21508788	72.92485622	1.95362238	3.21617185
2.97022891	230.74009196	0.00433388	228.95426819	1.78582377	72.92055795	1.95606953	3.21214825
2.97394565	182.32705688	0.00548465	188.36253635	-6.03547947	72.91621779	1.95851667	3.20813471
2.97766239	148.38453166	0.00673925	156.18476058	-7.80022892	72.91183589	1.96096381	3.20413119
2.98137913	125.40515391	0.00797415	132.26922389	-6.86406998	72.90741242	1.96341095	3.20013766
2.98509587	109.97708384	0.00909280	115.44486563	-5.46778179	72.90294756	1.96585808	3.19615407
2.98881262	100.02745819	0.00999725	104.10674940	-4.07929121	72.89844145	1.96830522	3.19218038
2.99252936	93.78554535	0.01066262	96.66510518	-2.87955983	72.89389428	1.97075235	3.18821657
2.99624610	89.59088898	0.01116185	91.80249384	-2.21160486	72.88930620	1.97319948	3.18426260
2.99996284	86.70829773	0.01153292	88.55730570	-1.84900797	72.88467738	1.97564661	3.18031842
3.00367958	84.72616069	0.01180273	86.29408958	-1.56792889	72.88000798	1.97809373	3.17638401
3.00739632	83.22602590	0.01201547	84.62464273	-1.39861683	72.87529816	1.98054086	3.17245932
3.01111306	82.07459768	0.01218404	83.32488844	-1.25029076	72.87054809	1.98298798	3.16854433
3.01482981	81.19085185	0.01231666	82.26913962	-1.07828777	72.86575792	1.98543510	3.16463897
3.01854655	80.49179586	0.01242363	81.38631479	-0.89451893	72.86092783	1.98788222	3.16074325
3.02226329	79.92903392	0.01251110	80.63417312	-0.70513920	72.85605798	1.99032933	3.15685711
3.02598003	79.44343313	0.01258757	79.98551901	-0.54208588	72.85114853	1.99277645	3.15298052
3.02969677	78.99932607	0.01265834	79.42238435	-0.42305828	72.84619964	1.99522356	3.14911343
3.03341351	78.64719137	0.01271501	78.92977270	-0.28258133	72.84121147	1.99767066	3.14525583
3.03713025	78.35210419	0.01276290	78.49464810	-0.14254391	72.83618417	2.00011777	3.14140767
3.04084700	78.08828481	0.01280602	78.10948494	-0.02120013	72.83111791	2.00256488	3.13756891
3.04456374	77.82193247	0.01284985	77.76846391	0.05346856	72.82601287	2.00501198	3.13373953
3.04828048	77.56024170	0.01289320	77.46367023	0.09657147	72.82086919	2.00745908	3.12991949
3.05199722	77.31518555	0.01293407	77.18932466	0.12586089	72.81568703	2.00990618	3.12610875
3.05571396	77.11347453	0.01296790	76.94237821	0.17109632	72.81046655	2.01235328	3.12230729
3.05943070	76.94594574	0.01299614	76.71931469	0.22663105	72.80520792	2.01480037	3.11851506
3.06314744	76.77007802	0.01302591	76.51716303	0.25291499	72.79991129	2.01724746	3.11473204
3.06686418	76.58125051	0.01305803	76.33340027	0.24785024	72.79457683	2.01969455	3.11095819
3.07058093	76.40699768	0.01308781	76.16587294	0.24112474	72.78920466	2.02214164	3.10719347
3.07429767	76.25902049	0.01311320	76.01273527	0.24628522	72.78379500	2.02458873	3.10343786
3.07801441	76.12291209	0.01313665	75.87239863	0.25051346	72.77834796	2.02703581	3.09969132
3.08173115	75.98987071	0.01315965	75.74348873	0.24638198	72.77286372	2.02948289	3.09595382
3.08544789	75.86017354	0.01318215	75.62481392	0.23535962	72.76734244	2.03192997	3.09222532
3.08916463	75.73844401	0.01320333	75.51533563	0.22310838	72.76178426	2.03437705	3.08850580
3.09288137	75.62258911	0.01322356	75.41414680	0.20844231	72.75618935	2.03682412	3.08479521
3.09659812	75.48562368	0.01324756	75.32045169	0.16517199	72.75055785	2.03927120	3.08109353
3.10031486	75.38497416	0.01326524	75.23355143	0.15142273	72.74488994	2.04171827	3.07740073
3.10403160	75.30620575	0.01327912	75.15282771	0.15337804	72.73918576	2.04416534	3.07371678
3.10774834	75.22197723	0.01329399	75.07920077	0.14277646	72.73344548	2.04661241	3.07004164
3.11146508	75.13259888	0.01330980	75.00926150	0.12333738	72.72766925	2.04905947	3.06637528
3.11518182	75.05300140	0.01332392	74.94468420	0.10831720	72.72185722	2.05150653	3.06271767
3.11889856	74.98790232	0.01333548	74.88380128	0.10410104	72.71600954	2.05395359	3.05906878
3.12261530	74.94770813	0.01334264	74.82691441	0.12079372	72.71012638	2.05640065	3.05542858
3.12633205	74.91282654	0.01334885	74.77933967	0.13348687	72.70420787	2.05884771	3.05179702
3.13004879	74.90323130	0.01335056	74.72957224	0.17365906	72.69825419	2.06129476	3.04817410
3.13376553	74.87459564	0.01335566	74.68297660	0.19161904	72.69226549	2.06374181	3.04455978
3.13748227	74.84750621	0.01336050	74.63933297	0.20817324	72.68624192	2.06618886	3.04095401
3.14119901	74.80879720	0.01336741	74.59844400	0.21035320	72.68018363	2.06863591	3.03735679
3.14491575	74.77438609	0.01337356	74.56013221	0.21425388	72.67409078	2.07108295	3.03376806
3.14863249	74.70873260	0.01338532	74.52423790	0.18449470	72.66796351	2.07352999	3.03018781
3.15234924	74.63205465	0.01339907	74.49061738	0.14143727	72.66180197	2.07597704	3.02661599
3.15606598	74.53125763	0.01341719	74.45914143	0.07211620	72.65560634	2.07842408	3.02305260
3.15978272	74.42845662	0.01343572	74.42969389	-0.00123727	72.64937676	2.08087111	3.01949759
3.16349946	74.31018575	0.01345711	74.40322374	-0.09303799	72.64311337	2.08331814	3.01595094
3.16721620	74.20952352	0.01347536	74.37753378	-0.16801026	72.63681632	2.08576518	3.01241261
3.17093294	74.11456807	0.01349262	74.35359093	-0.23902286	72.63048578	2.08821220	3.00888257
3.17464968	74.01579285	0.01351063	74.33132102	-0.31552817	72.62412189	2.09065923	3.00536080
3.17836642	73.90266418	0.01353131	74.31065779	-0.40799361	72.61772480	2.09310626	3.00184727
3.18208317	73.83279928	0.01354412	74.29154300	-0.45874372	72.61129464	2.09555328	2.99834194
3.18579991	73.79103597	0.01355178	74.27392578	-0.48288981	72.60483161	2.09800030	2.99484480
3.18951665	73.73203023	0.01356263	74.25776214	-0.52573191	72.59833582	2.10044732	2.99135581
3.19323339	73.65159098	0.01357744	74.24301435	-0.59142337	72.59180744	2.10289434	2.98787495
3.19695013	73.60189565	0.01358661	74.22965109	-0.62775544	72.58524660	2.10534135	2.98440217
3.20066687	73.60733287	0.01358560	74.21764677	-0.61031390	72.57865347	2.10778836	2.98093747
3.20438361	73.62779744	0.01358183	74.20698126	-0.57918382	72.57202818	2.11023537	2.97748080
3.20810036	73.62374878	0.01358257	74.19764060	-0.57389182	72.56537087	2.11268238	2.97403214
3.21181710	73.59183248	0.01358846	74.18961574	-0.59778326	72.55868173	2.11512939	2.97059146
3.21553384	73.57318624	0.01359191	74.18290322	-0.60971698	72.55196088	2.11757639	2.96715874
3.21925058	73.55619303	0.01359505	74.17750501	-0.62131198	72.54520847	2.12002339	2.96373395
3.22296732	73.56291707	0.01359381	74.17342815	-0.61051108	72.53842464	2.12247039	2.96031706
3.22668406	73.57929484	0.01359078	74.17068574	-0.59139090	72.53160956	2.12491738	2.95690804
3.23040080	73.63785553	0.01357997	74.16929618	-0.53144065	72.52476335	2.12736438	2.95350687
3.23411754	73.71449788	0.01356585	74.16928364	-0.45478576	72.51788617	2.12981137	2.95011352
3.23783429	73.84127808	0.01354256	74.17067764	-0.32939956	72.51097815	2.13225836	2.94672794
3.24155103	74.01711528	0.01351039	74.17351681	-0.15640153	72.50403947	2.13470535	2.94335015
3.24526777	74.22774251	0.01347205	74.17784375	0.04989876	72.49707025	2.13715234	2.93998009
3.24898451	74.45948283	0.01343012	74.18370898	0.27577385	72.49007065	2.13959932	2.93661774
3.25270125	74.72224935	0.01338289	74.19117134	0.53107801	72.48304081	2.14204630	2.93326307
3.25641799	74.97513326	0.01333776	74.20029680	0.77483646	72.47598086	2.14449328	2.92991607
3.26013473	75.20635478	0.01329675	74.21116185	0.99519293	72.46889097	2.14694025	2.92657670
3.26385148	75.33270772	0.01327445	74.22385174	1.10885598	72.46177125	2.14938723	2.92324492
3.26756822	75.38418325	0.01326538	74.23846278	1.14572047	72.45462188	2.15183420	2.91992074
3.27128496	75.32805634	0.01327527	74.25510324	1.07295310	72.44744299	2.15428117	2.91660411
3.27500170	75.15668488	0.01330554	74.27389461	0.88279027	72.44023473	2.15672814	2.91329501
3.27871844	74.88553874	0.01335371	74.29497254	0.59056620	72.43299723	2.15917510	2.90999341
3.28243518	74.56759389	0.01341065	74.31848951	0.24910438	72.42573064	2.16162206	2.90669929
3.28615192	74.26105754	0.01346601	74.34461538	-0.08355784	72.41843510	2.16406902	2.90341262
3.28986867	73.97037760	0.01351893	74.37354128	-0.40316368	72.41111074	2.16651599	2.90013337
3.29358541	73.72801971	0.01356336	74.40548060	-0.67746089	72.40375774	2.16896294	2.89686153
3.29730215	73.52731069	0.01360039	74.44067320	-0.91336251	72.39637622	2.17140989	2.89359707
3.30101889	73.35261790	0.01363278	74.47938823	-1.12677033	72.38896631	2.17385684	2.89033996
3.30473563	73.21685028	0.01365806	74.52192842	-1.30507814	72.38152818	2.17630379	2.88709018
3.30845237	73.11864471	0.01367640	74.56863505	-1.44999034	72.37406194	2.17875074	2.88384770
3.31216911	73.06678263	0.01368611	74.61989308	-1.55311045	72.36656775	2.18119768	2.88061250
3.31588585	73.03305562	0.01369243	74.67708510	-1.64402948	72.35904575	2.18364462	2.87738455
3.31960260	73.00928243	0.01369689	74.73881522	-1.72953279	72.35149605	2.18609157	2.87416383
3.32331934	72.97896830	0.01370258	74.80658941	-1.82762111	72.34391884	2.18853850	2.87095032
3.32703608	72.95816803	0.01370648	74.88228535	-1.92411732	72.33631423	2.19098544	2.86774398
3.33075282	72.99752808	0.01369909	74.96416852	-1.96664044	72.32868237	2.19343237	2.86454481
3.33446956	73.05640411	0.01368805	75.05431310	-1.99790899	72.32102339	2.19587930	2.86135277
3.33818630	73.14114889	0.01367219	75.15368960	-2.01254071	72.31333744	2.19832623	2.85816783
3.34190304	73.23582713	0.01365452	75.26341900	-2.02759187	72.30562466	2.20077315	2.85498998
3.34561979	73.36698151	0.01363011	75.38480319	-2.01782168	72.29788515	2.20322008	2.85181919
3.34933653	73.51005300	0.01360358	75.51935834	-2.00930534	72.29011911	2.20566700	2.84865544
3.35305327	73.73049164	0.01356291	75.66886111	-1.93836947	72.28232664	2.20811392	2.84549871
3.35677001	73.95759328	0.01352126	75.83539929	-1.87780601	72.27450789	2.21056084	2.84234897
3.36048675	74.22364553	0.01347280	76.02144110	-1.79779557	72.26666299	2.21300775	2.83920619
3.36420349	74.49865723	0.01342306	76.23115290	-1.73249567	72.25879208	2.21545466	2.83607036
3.36792023	74.83638000	0.01336248	76.46558528	-1.62920528	72.25089530	2.21790157	2.83294146
3.37163697	75.22859192	0.01329282	76.73018974	-1.50159782	72.24297279	2.22034848	2.82981945
3.37535372	75.61412557	0.01322504	77.03009960	-1.41597403	72.23502465	2.22279539	2.82670431
3.37907046	75.98220062	0.01316098	77.37163678	-1.38943616	72.22705108	2.22524229	2.82359604
3.38278720	76.39644623	0.01308961	77.76275371	-1.36630748	72.21905217	2.22768919	2.82049459
3.38650394	76.80341848	0.01302025	78.21382640	-1.41040792	72.21102808	2.23013608	2.81739996
3.39022068	77.18364716	0.01295611	78.74012897	-1.55648181	72.20297893	2.23258298	2.81431211
3.39393742	77.53406270	0.01289756	79.36089711	-1.82683441	72.19490485	2.23502987	2.81123102
3.39765416	77.91339111	0.01283476	80.11084660	-2.19745549	72.18680600	2.23747676	2.80815668
3.40137091	78.37601725	0.01275901	81.04670414	-2.67068689	72.17868247	2.23992366	2.80508904
3.40508765	79.04655965	0.01265077	82.26580867	-3.21924902	72.17053444	2.24237054	2.80202812
3.40880439	79.97719828	0.01250356	83.93300101	-3.95580273	72.16236203	2.24481742	2.79897387
3.41252113	81.30333455	0.01229962	86.31644409	-5.01310954	72.15416538	2.24726431	2.79592627
3.41623787	83.37427775	0.01199411	89.82637736	-6.45209961	72.14594460	2.24971118	2.79288531
3.41995461	86.55483754	0.01155337	95.04246056	-8.48762302	72.13769985	2.25215806	2.78985095
3.42367135	91.46814982	0.01093277	102.70619915	-11.23804933	72.12943125	2.25460493	2.78682319
3.42738809	99.66476949	0.01003364	113.65121361	-13.98644412	72.12113893	2.25705180	2.78380199
3.43110484	112.79229736	0.00886585	128.65192523	-15.85962787	72.11282300	2.25949868	2.78078733
3.43482158	133.07055155	0.00751481	148.19363029	-15.12307874	72.10448365	2.26194555	2.77777921
3.43853832	164.75655111	0.00606956	172.19586771	-7.43931660	72.09612098	2.26439241	2.77477759
3.44225506	208.27023824	0.00480145	199.73414796	8.53609028	72.08773512	2.26683927	2.77178245
3.44597180	260.06281026	0.00384522	228.78458171	31.27822855	72.07932620	2.26928613	2.76879377
3.44968854	314.32102458	0.00318146	256.01440385	58.30662073	72.07089436	2.27173299	2.76581154
3.45340528	358.28437297	0.00279108	276.82452857	81.45984440	72.06243973	2.27417984	2.76283572
3.45712203	378.76893107	0.00264013	286.39173478	92.37719629	72.05396241	2.27662670	2.75986630
3.46083877	370.07955933	0.00270212	282.01094231	88.06861702	72.04546258	2.27907355	2.75690326
3.46455551	336.57714844	0.00297109	264.96409634	71.61305210	72.03694035	2.28152040	2.75394658
3.46827225	289.54570516	0.00345369	239.59277851	49.95292665	72.02839585	2.28396724	2.75099624
3.47198899	238.57242330	0.00419160	210.77290847	27.79951483	72.01982921	2.28641409	2.74805222
3.47570573	192.13935343	0.00520456	182.36003806	9.77931537	72.01124055	2.28886093	2.74511450
3.47942247	155.48960368	0.00643130	156.85686392	-1.36726024	72.00263001	2.29130776	2.74218305
3.48313921	128.77876790	0.00776526	135.57690367	-6.79813577	71.99399771	2.29375460	2.73925786
3.48685596	109.85260010	0.00910311	118.89126130	-9.03866120	71.98534376	2.29620144	2.73633890
3.49057270	96.96501668	0.01031300	106.49290224	-9.52788556	71.97666834	2.29864827	2.73342616
3.49428944	88.89823659	0.01124882	97.68829421	-8.79005762	71.96797155	2.30109510	2.73051962
3.49800618	83.64997355	0.01195458	91.64389119	-7.99391764	71.95925352	2.30354192	2.72761926
3.50172292	80.16610463	0.01247410	87.57082881	-7.40472418	71.95051437	2.30598875	2.72472505
3.50543966	77.96941121	0.01282554	84.82431044	-6.85489923	71.94175424	2.30843557	2.72183699
3.50915640	76.48696136	0.01307412	82.93167975	-6.44471839	71.93297325	2.31088238	2.71895504
3.51287315	75.43487803	0.01325647	81.57519214	-6.14031411	71.92417150	2.31332921	2.71607918
3.51658989	74.69391886	0.01338797	80.55537095	-5.86145209	71.91534917	2.31577602	2.71320942
3.52030663	74.13111877	0.01348961	79.75297110	-5.62185233	71.90650636	2.31822283	2.71034571
3.52402337	73.68093872	0.01357203	79.09994434	-5.41900562	71.89764320	2.32066964	2.70748804
3.52774011	73.27272034	0.01364764	78.55239770	-5.27967736	71.88875981	2.32311645	2.70463640
3.53145685	72.89681753	0.01371802	78.08681390	-5.18999637	71.87985632	2.32556325	2.70179076
3.53517359	72.56345876	0.01378104	77.68679541	-5.12333665	71.87093285	2.32801005	2.69895111
3.53889034	72.31766764	0.01382788	77.34073983	-5.02307219	71.86198950	2.33045686	2.69611741
3.54260708	72.10750071	0.01386818	77.04001499	-4.93251428	71.85302645	2.33290365	2.69328967
3.54632382	71.94228363	0.01390003	76.77778028	-4.83549665	71.84404380	2.33535045	2.69046785
3.55004056	71.79082998	0.01392936	76.54856136	-4.75773138	71.83504168	2.33779724	2.68765195
3.55375730	71.66520945	0.01395377	76.34789014	-4.68268069	71.82602020	2.34024403	2.68484194
3.55747404	71.59256999	0.01396793	76.17208644	-4.57951645	71.81697949	2.34269081	2.68203780
3.56119078	71.54801941	0.01397663	76.01894641	-4.47092700	71.80791967	2.34513760	2.67923951
3.56490752	71.50189972	0.01398564	75.88423783	-4.38233811	71.79884087	2.34758438	2.67644706
3.56862427	71.45670064	0.01399449	75.76668327	-4.30998263	71.78974319	2.35003117	2.67366042
3.57234101	71.45373535	0.01399507	75.66450489	-4.21076954	71.78062679	2.35247794	2.67087958
3.57605775	71.46920776	0.01399204	75.57621202	-4.10700426	71.77149178	2.35492472	2.66810453
3.57977449	71.45500692	0.01399482	75.50055600	-4.04554908	71.76233828	2.35737149	2.66533524
3.58349123	71.41095479	0.01400345	75.43649056	-4.02553577	71.75316641	2.35981826	2.66257170
3.58720797	71.38383484	0.01400877	75.38314506	-3.99931022	71.74397629	2.36226502	2.65981388
3.59092471	71.38885244	0.01400779	75.34077981	-3.95192737	71.73476804	2.36471179	2.65706178
3.59464146	71.40544383	0.01400453	75.30684505	-3.90140122	71.72554176	2.36715856	2.65431536
3.59835820	71.42873128	0.01399997	75.28184613	-3.85311485	71.71629763	2.36960532	2.65157462
3.60207494	71.48853811	0.01398826	75.26541322	-3.77687511	71.70703573	2.37205207	2.64883953
3.60579168	71.58434550	0.01396953	75.25727098	-3.67292548	71.69775618	2.37449883	2.64611009
3.60950842	71.72445933	0.01394225	75.25723131	-3.53277198	71.68845912	2.37694558	2.64338627
3.61322516	71.89124298	0.01390990	75.26518895	-3.37394597	71.67914465	2.37939233	2.64066805
3.61694190	72.05586497	0.01387812	75.28111739	-3.22525242	71.66981290	2.38183908	2.63795542
3.62065864	72.19890086	0.01385063	75.30506831	-3.10616745	71.66046399	2.38428582	2.63524836
3.62437539	72.33100128	0.01382533	75.33717228	-3.00617100	71.65109801	2.38673257	2.63254685
3.62809213	72.42746226	0.01380692	75.37763729	-2.95017503	71.64171513	2.38917931	2.62985088
3.63180887	72.49286906	0.01379446	75.42675904	-2.93388998	71.63231544	2.39162604	2.62716043
3.63552561	72.50311534	0.01379251	75.48491780	-2.98180246	71.62289907	2.39407278	2.62447548
3.63924235	72.50586446	0.01379199	75.55392581	-3.04806135	71.61346613	2.39651951	2.62179602
3.64295909	72.51123301	0.01379097	75.63171087	-3.12047786	71.60401673	2.39896624	2.61912202
3.64667583	72.52764130	0.01378785	75.72031128	-3.19266998	71.59455101	2.40141297	2.61645348
3.65039258	72.54754130	0.01378406	75.82055639	-3.27301509	71.58506904	2.40385970	2.61379036
3.65410932	72.56025696	0.01378165	75.93346078	-3.37320382	71.57557100	2.40630642	2.61113267
3.65782606	72.57677460	0.01377851	76.06018974	-3.48341514	71.56605698	2.40875314	2.60848038
3.66154280	72.59284973	0.01377546	76.20213770	-3.60928797	71.55652709	2.41119985	2.60583348
3.66525954	72.62130737	0.01377006	76.36094487	-3.73963750	71.54698146	2.41364657	2.60319195
3.66897628	72.65238444	0.01376417	76.53856021	-3.88617577	71.53742020	2.41609328	2.60055577
3.67269302	72.68224843	0.01375852	76.73726204	-4.05501361	71.52784342	2.41853999	2.59792492
3.67640976	72.74077861	0.01374745	76.95979682	-4.21901821	71.51825124	2.42098669	2.59529940
3.68012651	72.85070292	0.01372670	77.20944201	-4.35873909	71.50864375	2.42343340	2.59267917
3.68384325	73.00371043	0.01369793	77.49016566	-4.48645523	71.49902112	2.42588011	2.59006424
3.68755999	73.16113027	0.01366846	77.80684821	-4.64571794	71.48938344	2.42832681	2.58745458
3.69127673	73.35306549	0.01363270	78.16690829	-4.81384280	71.47973082	2.43077350	2.58485017
3.69499347	73.57483164	0.01359160	78.57600776	-5.00117612	71.47006337	2.43322019	2.58225101
3.69871021	73.87426503	0.01353651	79.04681603	-5.17255100	71.46038122	2.43566689	2.57965707
3.70242695	74.28129832	0.01346234	79.59772278	-5.31642446	71.45068447	2.43811357	2.57706834
3.70614370	74.78837331	0.01337106	80.25345283	-5.46507952	71.44097321	2.44056027	2.57448480
3.70986044	75.42330170	0.01325850	81.05998954	-5.63668784	71.43124761	2.44300695	2.57190644
3.71357718	76.30206807	0.01310580	82.09096738	-5.78889931	71.42150776	2.44545363	2.56933324
3.71729392	77.48604584	0.01290555	83.46453098	-5.97848514	71.41175377	2.44790031	2.56676519
3.72101066	79.10194906	0.01264191	85.36136228	-6.25941322	71.40198574	2.45034699	2.56420227
3.72472740	81.49787649	0.01227026	88.04009854	-6.54222205	71.39220381	2.45279366	2.56164447
3.72844414	84.79337056	0.01179337	91.84118804	-7.04781748	71.38240806	2.45524033	2.55909177
3.73216088	89.31358337	0.01119651	97.16756275	-7.85397938	71.37259863	2.45768700	2.55654415
3.73587763	95.72114054	0.01044701	104.43170781	-8.71056727	71.36277559	2.46013367	2.55400159
3.73959437	104.10781097	0.00960543	113.96586677	-9.85805580	71.35293912	2.46258033	2.55146410
3.74331111	114.41639201	0.00874001	125.90361135	-11.48721934	71.34308928	2.46502699	2.54893165
3.74702785	126.99737549	0.00787418	140.05084052	-13.05346503	71.33322620	2.46747365	2.54640422
3.75074459	140.53399658	0.00711572	155.76277366	-15.22877708	71.32334999	2.46992030	2.54388180
3.75446133	153.20181783	0.00652734	171.82506160	-18.62324377	71.31346075	2.47236696	2.54136438
3.75817807	163.79650879	0.00610514	186.38310824	-22.58659945	71.30355860	2.47481361	2.53885193
3.76189482	170.34673564	0.00587038	197.09460866	-26.74787302	71.29364363	2.47726026	2.53634445
3.76561156	171.49807231	0.00583097	201.88975260	-30.39168029	71.28371598	2.47970690	2.53384192
3.76932830	167.16337585	0.00598217	200.22845779	-33.06508194	71.27377576	2.48215355	2.53134433
3.77304504	158.79713949	0.00629734	193.69840543	-34.90126594	71.26382306	2.48460019	2.52885166
3.77676178	148.72935486	0.00672362	185.23502706	-36.50567220	71.25385800	2.48704682	2.52636390
3.78047852	138.86777242	0.00720109	177.91872536	-39.05095294	71.24388068	2.48949346	2.52388103
3.78419526	131.78019714	0.00758839	174.32618954	-42.54599240	71.23389121	2.49194009	2.52140304
3.78791200	129.76049296	0.00770651	176.33032032	-46.56982736	71.22388971	2.49438672	2.51892991
3.79162875	134.78820292	0.00741905	185.00407385	-50.21587093	71.21387625	2.49683335	2.51646162
3.79534549	148.38300578	0.00673932	200.50144516	-52.11843938	71.20385100	2.49927997	2.51399818
3.79906223	170.72154744	0.00585749	221.93522978	-51.21368234	71.19381404	2.50172659	2.51153956
3.80277897	201.38319906	0.00496566	247.26586109	-45.88266203	71.18376547	2.50417321	2.50908574
3.80649571	235.86031596	0.00423980	273.18882843	-37.32851247	71.17370540	2.50661983	2.50663672
3.81021245	265.25521851	0.00376995	295.13809380	-29.88287529	71.16363394	2.50906644	2.50419248
3.81392919	281.74724325	0.00354928	307.93792928	-26.19068603	71.15355119	2.51151305	2.50175300
3.81764594	281.03984578	0.00355821	307.71218741	-26.67234163	71.14345724	2.51395967	2.49931826
3.82136268	263.43500773	0.00379600	294.10672967	-30.67172194	71.13335225	2.51640627	2.49688827
3.82507942	233.83199056	0.00427657	270.40887953	-36.57688897	71.12323629	2.51885287	2.49446300
3.82879616	199.28386434	0.00501797	241.39881824	-42.11495390	71.11310947	2.52129947	2.49204245
3.83251290	167.60347493	0.00596646	211.32827974	-43.72480481	71.10297190	2.52374607	2.48962658
3.83622964	141.65050761	0.00705963	183.19702389	-41.54651628	71.09282368	2.52619267	2.48721540
3.83994638	121.35401662	0.00824035	158.79147707	-37.43746045	71.08266491	2.52863926	2.48480889
3.84366313	106.54479980	0.00938572	138.90440853	-32.35960873	71.07249568	2.53108585	2.48240703
3.84737987	96.78675588	0.01033199	123.57391516	-26.78715928	71.06231615	2.53353244	2.48000981
3.85109661	90.31810252	0.01107198	112.32956481	-22.01146229	71.05212638	2.53597902	2.47761722
3.85481335	86.02571360	0.01162443	104.44059660	-18.41488300	71.04192649	2.53842561	2.47522925
3.85853009	83.42419942	0.01198693	99.11727266	-15.69307324	71.03171659	2.54087218	2.47284588
3.86224683	81.81018575	0.01222342	95.64764374	-13.83745799	71.02149676	2.54331876	2.47046709
3.86596357	80.83406321	0.01237102	93.47008486	-12.63602165	71.01126712	2.54576533	2.46809289
3.86968031	80.34161631	0.01244685	92.18314444	-11.84152813	71.00102777	2.54821190	2.46572324
3.87339706	80.20047760	0.01246875	91.53401420	-11.33353660	70.99077878	2.55065848	2.46335813
3.87711380	80.38802083	0.01243966	91.38903133	-11.00101050	70.98052032	2.55310504	2.46099757
3.88083054	80.91236623	0.01235905	91.71277934	-10.80041311	70.97025246	2.55555161	2.45864153
3.88454728	81.85465749	0.01221678	92.55857416	-10.70391667	70.95997530	2.55799817	2.45629000
3.88826402	83.25476074	0.01201133	94.07181282	-10.81705208	70.94968894	2.56044472	2.45394296
3.89198076	85.31747945	0.01172093	96.50168195	-11.18420250	70.93939348	2.56289128	2.45160041
3.89569750	88.54187520	0.01129409	100.21194511	-11.67006991	70.92908904	2.56533783	2.44926233
3.89941425	93.28618876	0.01071970	105.67767450	-12.39148574	70.91877567	2.56778438	2.44692870
3.90313099	100.09758504	0.00999025	113.45377606	-13.35619102	70.90845354	2.57023093	2.44459952
3.90684773	110.30332692	0.00906591	124.10431675	-13.80098983	70.89812272	2.57267747	2.44227478
3.91056447	124.57934825	0.00802701	138.09289902	-13.51355077	70.88778331	2.57512401	2.43995445
3.91428121	143.33471171	0.00697668	155.64357114	-12.30885943	70.87743541	2.57757055	2.43763854
3.91799795	167.86775208	0.00595707	176.58976639	-8.72201431	70.86707912	2.58001709	2.43532701
3.92171469	196.02638245	0.00510135	200.21865492	-4.19227247	70.85671454	2.58246362	2.43301987
3.92543143	224.14964294	0.00446131	225.11124583	-0.96160289	70.84634178	2.58491015	2.43071710
3.92914818	249.26740011	0.00401176	249.05237756	0.21502255	70.83596089	2.58735669	2.42841868
3.93286492	266.90213013	0.00374669	269.31064477	-2.40851464	70.82557205	2.58980321	2.42612461
3.93658166	274.64760335	0.00364103	283.63888665	-8.99128330	70.81517531	2.59224973	2.42383488
3.94029840	273.53133138	0.00365589	291.49417807	-17.96284669	70.80477079	2.59469625	2.42154946
3.94401514	268.11927287	0.00372968	294.11529102	-25.99601815	70.79435856	2.59714277	2.41926835
3.94773188	263.94260661	0.00378870	293.36308632	-29.42047971	70.78393875	2.59958928	2.41699154
3.95144862	264.68499756	0.00377808	290.77981490	-26.09481734	70.77351143	2.60203579	2.41471902
3.95516537	271.15404256	0.00368794	287.44085999	-16.28681743	70.76307669	2.60448231	2.41245075
3.95888211	280.92506917	0.00355967	283.89547319	-2.97040402	70.75263468	2.60692881	2.41018676
3.96259885	289.23654175	0.00345738	279.88291740	9.35362435	70.74218546	2.60937532	2.40792701
3.96631559	290.95171102	0.00343700	274.38035583	16.57135519	70.73172914	2.61182182	2.40567150
3.97003233	283.48497518	0.00352752	266.35460159	17.13037359	70.72126581	2.61426831	2.40342021
3.97374907	267.16177368	0.00374305	255.54889269	11.61288099	70.71079556	2.61671481	2.40117314
3.97746581	245.53543599	0.00407273	242.49872867	3.03670732	70.70031850	2.61916130	2.39893026
3.98118255	223.97609965	0.00446476	228.13623969	-4.16014004	70.68983471	2.62160779	2.39669158
3.98489930	205.21360270	0.00487297	213.55164810	-8.33804540	70.67934428	2.62405428	2.39445706
3.98861604	190.28288778	0.00525533	199.71451817	-9.43163039	70.66884734	2.62650076	2.39222672
3.99233278	178.95483907	0.00558800	187.08549666	-8.13065759	70.65834398	2.62894724	2.39000053
3.99604952	169.26517232	0.00590789	175.45375494	-6.18858262	70.64783427	2.63139372	2.38777848
3.99976626	158.77529399	0.00629821	164.19882499	-5.42353100	70.63731833	2.63384020	2.38556056
4.00348300	146.46449280	0.00682759	152.84701218	-6.38251938	70.62679623	2.63628667	2.38334676
4.00719974	132.76726278	0.00753198	141.45312974	-8.68586696	70.61626809	2.63873314	2.38113707
4.01091649	118.58601634	0.00843270	130.46964704	-11.88363070	70.60573395	2.64117961	2.37893147
4.01463323	106.15988159	0.00941975	120.38419064	-14.22430905	70.59519399	2.64362608	2.37672996
4.01834997	96.22388204	0.01039243	111.51825287	-15.29437083	70.58464825	2.64607254	2.37453252
4.02206671	88.48792775	0.01130098	104.01227833	-15.52435058	70.57409684	2.64851900	2.37233915
4.02578345	82.88044230	0.01206557	97.86898378	-14.98854148	70.56353984	2.65096545	2.37014983
4.02950019	79.12618510	0.01263804	92.99318863	-13.86700353	70.55297736	2.65341191	2.36796454
4.03321693	76.62036896	0.01305136	89.22451976	-12.60415080	70.54240948	2.65585836	2.36578329
4.03693367	74.92391205	0.01334687	86.36871191	-11.44479986	70.53183629	2.65830480	2.36360605
4.04065042	73.85660044	0.01353975	84.22674371	-10.37014327	70.52125787	2.66075125	2.36143281
4.04436716	73.13868459	0.01367265	82.61763018	-9.47894559	70.51067436	2.66319770	2.35926357
4.04808390	72.64289602	0.01376597	81.39171147	-8.74881545	70.50008582	2.66564414	2.35709832
4.05180064	72.29666138	0.01383190	80.43473101	-8.13806963	70.48949235	2.66809057	2.35493704
4.05551738	72.04894257	0.01387945	79.66502727	-7.61608470	70.47889404	2.67053701	2.35277972
4.05923412	71.82902018	0.01392195	79.02722542	-7.19820524	70.46829097	2.67298344	2.35062635
4.06295086	71.62969208	0.01396069	78.48501376	-6.85532168	70.45768325	2.67542986	2.34847693
4.06666761	71.46081289	0.01399368	78.01493265	-6.55411976	70.44707093	2.67787629	2.34633143
4.07038435	71.33974711	0.01401743	77.60235998	-6.26261287	70.43645416	2.68032272	2.34418985
4.07410109	71.25751241	0.01403361	77.23647541	-5.97896300	70.42583301	2.68276914	2.34205218
4.07781783	71.18496195	0.01404791	76.90860809	-5.72364614	70.41520755	2.68521555	2.33991841
4.08153457	71.13219706	0.01405833	76.61417530	-5.48197824	70.40457790	2.68766197	2.33778853
4.08525131	71.07435354	0.01406977	76.34879047	-5.27443693	70.39394412	2.69010838	2.33566252
4.08896805	71.00903320	0.01408272	76.10887962	-5.09984642	70.38330632	2.69255479	2.33354038
4.09268480	70.95109049	0.01409422	75.89147246	-4.94038197	70.37266455	2.69500120	2.33142208
4.09640154	70.92021434	0.01410035	75.69406725	-4.77385291	70.36201897	2.69744760	2.32930764
4.10011828	70.87443542	0.01410946	75.51453563	-4.64010021	70.35136962	2.69989400	2.32719703
4.10383502	70.84371185	0.01411558	75.35105988	-4.50734803	70.34071661	2.70234040	2.32509025
4.10755176	70.80746460	0.01412280	75.20207584	-4.39461124	70.33006001	2.70478679	2.32298728
4.11126850	70.78266907	0.01412775	75.06624166	-4.28357259	70.31939992	2.70723318	2.32088811
4.11498524	70.76166789	0.01413195	74.94238650	-4.18071861	70.30873643	2.70967957	2.31879274
4.11870198	70.74235280	0.01413580	74.82950821	-4.08715541	70.29806961	2.71212595	2.31670115
4.12241873	70.74542491	0.01413519	74.72672360	-3.98129869	70.28739955	2.71457234	2.31461332
4.12613547	70.76420085	0.01413144	74.63390450	-3.86970365	70.27672636	2.71701872	2.31252926
4.12985221	70.78711192	0.01412687	74.54913984	-3.76202792	70.26605013	2.71946510	2.31044896
4.13356895	70.82158661	0.01411999	74.47313226	-3.65154565	70.25537092	2.72191147	2.30837240
4.13728569	70.87184143	0.01410998	74.40407968	-3.53223825	70.24468884	2.72435784	2.30629956
4.14100243	70.92627462	0.01409915	74.34220538	-3.41593076	70.23400396	2.72680421	2.30423045
4.14471917	70.97816722	0.01408884	74.28714266	-3.30897544	70.22331637	2.72925058	2.30216506
4.14843592	71.06468201	0.01407169	74.23858027	-3.17389826	70.21262613	2.73169695	2.30010335
4.15215266	71.17620087	0.01404964	74.19625579	-3.02005492	70.20193339	2.73414330	2.29804535
4.15586940	71.30797831	0.01402368	74.15995443	-2.85197612	70.19123819	2.73658966	2.29599103
4.15958614	71.45807139	0.01399422	74.12950317	-2.67143178	70.18054063	2.73903602	2.29394038
4.16330288	71.62012227	0.01396256	74.10477272	-2.48465045	70.16984079	2.74148237	2.29189339
4.16701962	71.79490407	0.01392857	74.08566840	-2.29076433	70.15913876	2.74392871	2.28985005
4.17073636	71.96080017	0.01389645	74.07213742	-2.11133725	70.14843462	2.74637506	2.28781036
4.17445310	72.12399038	0.01386501	74.06416231	-1.94017193	70.13772845	2.74882140	2.28577430
4.17816985	72.31541697	0.01382831	74.06217849	-1.74676152	70.12702032	2.75126775	2.28374185
4.18188659	72.50980123	0.01379124	74.06541752	-1.55561629	70.11631035	2.75371408	2.28171303
4.18560333	72.67264811	0.01376034	74.07438959	-1.40174148	70.10559862	2.75616042	2.27968781
4.18932007	72.78881582	0.01373837	74.08923690	-1.30042108	70.09488519	2.75860675	2.27766619
4.19303681	72.87877401	0.01372142	74.11014216	-1.23136815	70.08417016	2.76105308	2.27564814
4.19675355	72.94106547	0.01370970	74.13733748	-1.19627201	70.07345361	2.76349940	2.27363368
4.20047029	72.97610474	0.01370312	74.17110651	-1.19500177	70.06273562	2.76594572	2.27162278
4.20418704	73.00972748	0.01369680	74.21179088	-1.20206340	70.05201624	2.76839205	2.26961543
4.20790378	73.03783671	0.01369153	74.26058673	-1.22275002	70.04129562	2.77083836	2.26761163
4.21162052	73.08105214	0.01368344	74.31666107	-1.23560893	70.03057381	2.77328468	2.26561137
4.21533726	73.14706421	0.01367109	74.38137668	-1.23431247	70.01985089	2.77573099	2.26361464
4.21905400	73.25399272	0.01365113	74.45455697	-1.20056425	70.00912695	2.77817729	2.26162143
4.22277074	73.35030874	0.01363321	74.53751627	-1.18720753	69.99840206	2.78062360	2.25963173
4.22648748	73.45601400	0.01361359	74.63114429	-1.17513029	69.98767630	2.78306990	2.25764553
4.23020422	73.54841105	0.01359649	74.73648085	-1.18806980	69.97694976	2.78551620	2.25566281
4.23392097	73.63018545	0.01358139	74.85474152	-1.22455607	69.96622250	2.78796250	2.25368358
4.23763771	73.71208445	0.01356630	74.98762752	-1.27554307	69.95549464	2.79040879	2.25170782
4.24135445	73.78637950	0.01355264	75.13625666	-1.34987716	69.94476624	2.79285508	2.24973553
4.24507119	73.86295827	0.01353859	75.30287623	-1.43991796	69.93403739	2.79530137	2.24776669
4.24878793	73.93258667	0.01352584	75.48982413	-1.55723746	69.92330815	2.79774765	2.24580130
4.25250467	73.99701182	0.01351406	75.69987941	-1.70286759	69.91257862	2.80019393	2.24383934
4.25622141	74.08109538	0.01349872	75.93638658	-1.85529120	69.90184886	2.80264021	2.24188081
4.25993816	74.19508108	0.01347798	76.20340275	-2.00832167	69.89111894	2.80508649	2.23992569
4.26365490	74.35469564	0.01344905	76.50658511	-2.15188947	69.88038899	2.80753277	2.23797399
4.26737164	74.53881582	0.01341583	76.85111801	-2.31230219	69.86965906	2.80997904	2.23602569
4.27108838	74.75686646	0.01337670	77.24619298	-2.48932652	69.85892922	2.81242530	2.23408078
4.27480512	75.02757772	0.01332843	77.70388881	-2.67631109	69.84819957	2.81487156	2.23213925
4.27852186	75.33719126	0.01327366	78.24224070	-2.90504944	69.83747016	2.81731783	2.23020110
4.28223860	75.72210185	0.01320618	78.88945934	-3.16735749	69.82674110	2.81976408	2.22826631
4.28595534	76.23166656	0.01311791	79.69128143	-3.45961487	69.81601244	2.82221034	2.22633488
4.28967209	76.90985870	0.01300223	80.71919635	-3.80933765	69.80528424	2.82465659	2.22440679
4.29338883	77.88608805	0.01283926	82.08777628	-4.20168823	69.79455664	2.82710284	2.22248204
4.29710557	79.23690287	0.01262038	83.96692823	-4.73002536	69.78382969	2.82954909	2.22056063
4.30082231	81.10682933	0.01232942	86.60047597	-5.49364664	69.77310346	2.83199533	2.21864254
4.30453905	83.92095439	0.01191598	90.31201780	-6.39106341	69.76237802	2.83444157	2.21672776
4.30825579	88.10000865	0.01135074	95.49427964	-7.39427099	69.75165347	2.83688781	2.21481628
4.31197253	94.16718038	0.01061941	102.57736116	-8.41018078	69.74092986	2.83933404	2.21290810
4.31568928	103.31165314	0.00967945	111.96046776	-8.64881462	69.73020726	2.84178028	2.21100321
4.31940602	116.67554474	0.00857078	123.91664771	-7.24110297	69.71948578	2.84422650	2.20910159
4.32312276	134.79707845	0.00741856	138.47373275	-3.67665430	69.70876549	2.84667273	2.20720325
4.32683950	158.49044800	0.00630953	155.29185518	3.19859282	69.69804646	2.84911895	2.20530817
4.33055624	186.55967204	0.00536022	173.53319802	13.02647402	69.68732876	2.85156517	2.20341635
4.33427298	214.81081645	0.00465526	191.73858785	23.07222860	69.67661247	2.85401138	2.20152777
4.33798972	238.61925252	0.00419078	207.76351436	30.85573816	69.66589766	2.85645760	2.19964242
4.34170647	253.69757589	0.00394170	218.99699214	34.70058375	69.65518437	2.85890381	2.19776030
4.34542321	255.82183329	0.00390897	223.09995747	32.72187582	69.64447275	2.86135002	2.19588141
4.34913995	244.64795431	0.00408751	219.09736467	25.55058964	69.63376284	2.86379622	2.19400572
4.35285669	222.96632385	0.00448498	207.95894338	15.00738047	69.62305471	2.86624242	2.19213325
4.35657343	196.65021769	0.00508517	192.05000536	4.60021233	69.61234843	2.86868862	2.19026396
4.36029017	170.07265727	0.00587984	174.00803349	-3.93537622	69.60164408	2.87113482	2.18839787
4.36400691	145.31850179	0.00688144	155.97710665	-10.65860486	69.59094173	2.87358101	2.18653495
4.36772365	125.19537099	0.00798752	139.40553496	-14.21016397	69.58024146	2.87602720	2.18467521
4.37144040	110.25315094	0.00907004	125.11865336	-14.86550242	69.56954332	2.87847339	2.18281862
4.37515714	99.22190857	0.01007842	113.44760035	-14.22569178	69.55884742	2.88091957	2.18096519
4.37887388	91.44391378	0.01093566	104.35743648	-12.91352270	69.54815381	2.88336575	2.17911491
4.38259062	86.40228780	0.01157377	97.57214599	-11.16985819	69.53746258	2.88581193	2.17726777
4.38630736	83.06257629	0.01203912	92.69122560	-9.62864931	69.52677378	2.88825810	2.17542377
4.39002410	80.84508769	0.01236934	89.28561059	-8.44052290	69.51608750	2.89070427	2.17358288
4.39374084	79.44919586	0.01258666	86.96411427	-7.51491841	69.50540380	2.89315044	2.17174511
4.39745759	78.52079519	0.01273548	85.40596357	-6.88516838	69.49472273	2.89559661	2.16991044
4.40117433	77.85926056	0.01284369	84.37066324	-6.51140268	69.48404442	2.89804277	2.16807888
4.40489107	77.43543752	0.01291398	83.69154770	-6.25611018	69.47336890	2.90048893	2.16625040
4.40860781	77.15619659	0.01296072	83.25931214	-6.10311555	69.46269626	2.90293508	2.16442502
4.41232455	76.98236084	0.01298999	83.00402892	-6.02166808	69.45202655	2.90538123	2.16260270
4.41604129	76.88507843	0.01300642	82.88489625	-5.99981782	69.44135986	2.90782738	2.16078346
4.41975803	76.86156464	0.01301040	82.87776458	-6.01619994	69.43069625	2.91027353	2.15896728
4.42347477	76.89955393	0.01300398	82.96903031	-6.06947638	69.42003579	2.91271967	2.15715414
4.42719152	76.97596741	0.01299107	83.15158856	-6.17562115	69.40937853	2.91516582	2.15534405
4.43090826	77.12826538	0.01296542	83.42299842	-6.29473304	69.39872458	2.91761195	2.15353701
4.43462500	77.34980011	0.01292828	83.78236138	-6.43256127	69.38807400	2.92005809	2.15173299
4.43834174	77.63169861	0.01288134	84.23276416	-6.60106555	69.37742686	2.92250422	2.14993199
4.44205848	77.98629761	0.01282277	84.77965083	-6.79335322	69.36678321	2.92495034	2.14813401
4.44577522	78.41885885	0.01275203	85.42929911	-7.01044026	69.35614313	2.92739647	2.14633903
4.44949196	78.93211873	0.01266911	86.19242778	-7.26030905	69.34550669	2.92984259	2.14454706
4.45320871	79.58114370	0.01256579	87.08332514	-7.50218144	69.33487393	2.93228871	2.14275807
4.45692545	80.38634491	0.01243992	88.12025160	-7.73390669	69.32424498	2.93473483	2.14097207
4.46064219	81.38584137	0.01228715	89.32921003	-7.94336866	69.31361987	2.93718094	2.13918905
4.46435893	82.64068858	0.01210058	90.74928879	-8.10860021	69.30299867	2.93962705	2.13740900
4.46807567	84.20629628	0.01187560	92.43926405	-8.23296777	69.29238146	2.94207316	2.13563191
4.47179241	86.19278208	0.01160190	94.49048463	-8.29770255	69.28176829	2.94451926	2.13385777
4.47550915	88.84072622	0.01125610	97.04582204	-8.20509582	69.27115923	2.94696536	2.13208658
4.47922589	92.35028585	0.01082834	100.32507322	-7.97478737	69.26055436	2.94941146	2.13031834
4.48294264	97.00284068	0.01030898	104.65538423	-7.65254355	69.24995371	2.95185756	2.12855302
4.48665938	103.31849416	0.00967881	110.50128258	-7.18278842	69.23935741	2.95430365	2.12679063
4.49037612	111.91283925	0.00893553	118.48312727	-6.57028802	69.22876549	2.95674973	2.12503116
4.49409286	123.39111328	0.00810431	129.37324636	-5.98213308	69.21817801	2.95919582	2.12327460
4.49780960	139.45821635	0.00717061	144.04974389	-4.59152754	69.20759506	2.96164190	2.12152094
4.50152634	161.45829264	0.00619355	163.40093011	-1.94263747	69.19701668	2.96408798	2.11977018
4.50524308	190.43443298	0.00525115	188.19032863	2.24410435	69.18644296	2.96653405	2.11802231
4.50895983	228.66116842	0.00437328	218.87380729	9.78736113	69.17587391	2.96898013	2.11627732
4.51267657	276.57329305	0.00361568	255.40096232	21.17233073	69.16530968	2.97142620	2.11453521
4.51639331	331.01312256	0.00302103	296.99159158	34.02153098	69.15475029	2.97387226	2.11279596
4.52011005	388.79050700	0.00257208	341.86726128	46.92324572	69.14419581	2.97631832	2.11105958
4.52382679	445.70704142	0.00224363	387.00137468	58.70566674	69.13364630	2.97876438	2.10932605
4.52754353	493.36417643	0.00202690	428.20213868	65.16203775	69.12310183	2.98121044	2.10759537
4.53126027	527.52669271	0.00189564	461.15166592	66.37502679	69.11256246	2.98365649	2.10586752
4.53497701	548.41044108	0.00182345	483.37322375	65.03721733	69.10202826	2.98610254	2.10414251
4.53869376	557.30497233	0.00179435	495.46891003	61.83606230	69.09149926	2.98854860	2.10242032
4.54241050	556.49373372	0.00179697	500.07071472	56.42301900	69.08097559	2.99099464	2.10070096
4.54612724	548.08327230	0.00182454	499.56611312	48.51715918	69.07045727	2.99344068	2.09898441
4.54984398	533.81811523	0.00187330	494.72073550	39.09737973	69.05994438	2.99588672	2.09727066
4.55356072	513.31801351	0.00194811	484.82417223	28.49384128	69.04943697	2.99833275	2.09555971
4.55727746	486.18395996	0.00205683	468.62651638	17.55744358	69.03893510	3.00077878	2.09385155
4.56099420	454.57757568	0.00219984	445.28752997	9.29004571	69.02843885	3.00322481	2.09214618
4.56471095	420.74935913	0.00237671	415.16792311	5.58143602	69.01794825	3.00567084	2.09044358
4.56842769	384.23399862	0.00260258	380.23253687	4.00146175	69.00746341	3.00811686	2.08874376
4.57214443	347.15751139	0.00288054	343.60154458	3.55596681	68.99698436	3.01056288	2.08704670
4.57586117	310.76973470	0.00321782	308.56110901	2.20862569	68.98651118	3.01300889	2.08535239
4.57957791	275.08784993	0.00363520	277.85865050	-2.77080057	68.97604392	3.01545491	2.08366084
4.58329465	243.57246908	0.00410555	253.54619662	-9.97372754	68.96558264	3.01790091	2.08197203
4.58701139	218.62355042	0.00457407	237.09810287	-18.47455245	68.95512740	3.02034692	2.08028597
4.59072813	201.51188660	0.00496249	229.54154376	-28.02965716	68.94467828	3.02279292	2.07860263
4.59444488	194.78801473	0.00513379	231.48465167	-36.69663694	68.93423529	3.02523893	2.07692201
4.59816162	201.10523478	0.00497252	243.05891030	-41.95367552	68.92379856	3.02768492	2.07524411
4.60187836	225.18455505	0.00444080	263.79291664	-38.60836159	68.91336811	3.03013092	2.07356893
4.60559510	268.98105876	0.00371773	292.45168613	-23.47062737	68.90294402	3.03257691	2.07189644
4.60931184	332.46993001	0.00300779	326.84435379	5.62557622	68.89252633	3.03502289	2.07022666
4.61302858	414.19015503	0.00241435	363.59224305	50.59791198	68.88211512	3.03746888	2.06855957
4.61674532	497.12998454	0.00201155	397.90786418	99.22212036	68.87171043	3.03991486	2.06689516
4.62046207	561.39674886	0.00178127	423.75362622	137.64312264	68.86131230	3.04236084	2.06523343
4.62417881	591.18257650	0.00169152	435.11878185	156.06379465	68.85092085	3.04480681	2.06357437
4.62789555	578.05352783	0.00172994	428.55399182	149.49953601	68.84053611	3.04725278	2.06191798
4.63161229	527.83789062	0.00189452	405.12308769	122.71480293	68.83015813	3.04969875	2.06026425
4.63532903	451.12348429	0.00221669	369.63890382	81.48458047	68.81978698	3.05214471	2.05861317
4.63904577	368.17672729	0.00271609	328.04556358	40.13116371	68.80942272	3.05459067	2.05696474
4.64276251	294.45336914	0.00339612	285.40495598	9.04841316	68.79906539	3.05703663	2.05531895
4.64647926	232.50625610	0.00430096	245.26838416	-12.76212806	68.78871504	3.05948259	2.05367578
4.65019600	184.23451233	0.00542786	209.78969976	-25.55518743	68.77837178	3.06192854	2.05203525
4.65391274	149.36520894	0.00669500	179.99943276	-30.63422382	68.76803563	3.06437449	2.05039734
4.65762948	125.45714569	0.00797085	156.07039065	-30.61324496	68.75770666	3.06682044	2.04876204
4.66134622	109.28623199	0.00915028	137.57213276	-28.28590077	68.74738491	3.06926638	2.04712936
4.66506296	98.58912659	0.01014311	123.71723712	-25.12811053	68.73707046	3.07171232	2.04549927
4.66877970	91.83743286	0.01088881	113.57824130	-21.74080844	68.72676336	3.07415825	2.04387178
4.67249644	87.42866007	0.01143790	106.25211011	-18.82345004	68.71646365	3.07660418	2.04224688
4.67621319	84.49316152	0.01183528	100.95891018	-16.46574866	68.70617139	3.07905012	2.04062456
4.67992993	82.59393311	0.01210743	97.08575729	-14.49182418	68.69588666	3.08149604	2.03900483
4.68364667	81.30761719	0.01229897	94.18418590	-12.87656871	68.68560951	3.08394197	2.03738766
4.68736341	80.43415324	0.01243253	91.94615068	-11.51199744	68.67533998	3.08638788	2.03577306
4.69108015	79.87200673	0.01252003	90.15966225	-10.28765552	68.66507815	3.08883380	2.03416102
4.69479689	79.49177806	0.01257992	88.71201284	-9.22023478	68.65482405	3.09127971	2.03255153
4.69851363	79.25503794	0.01261749	87.51536823	-8.26033029	68.64457775	3.09372562	2.03094459
4.70223038	79.14951324	0.01263432	86.52021578	-7.37070254	68.63433927	3.09617153	2.02934018
4.70594712	79.13083394	0.01263730	85.69618373	-6.56534979	68.62410873	3.09861744	2.02773832
4.70966386	79.18266551	0.01262903	85.02572884	-5.84306333	68.61388615	3.10106334	2.02613898
4.71338060	79.29523722	0.01261110	84.50189243	-5.20665521	68.60367159	3.10350923	2.02454217
4.71709734	79.46784465	0.01258371	84.12624051	-4.65839586	68.59346509	3.10595512	2.02294787
4.72081408	79.66636658	0.01255235	83.91484431	-4.24847773	68.58326673	3.10840101	2.02135609
4.72453082	79.87451681	0.01251964	83.89887743	-4.02436062	68.57307654	3.11084690	2.01976681
4.72824756	80.09679921	0.01248489	84.13425684	-4.03745763	68.56289459	3.11329278	2.01818003
4.73196431	80.40545146	0.01243697	84.70711379	-4.30166233	68.55272090	3.11573867	2.01659573
4.73568105	80.85650126	0.01236759	85.74056608	-4.88406482	68.54255558	3.11818455	2.01501393
4.73939779	81.58411916	0.01225729	87.39700976	-5.81289060	68.53239865	3.12063042	2.01343462
4.74311453	82.71426137	0.01208981	89.87273713	-7.15847576	68.52225017	3.12307629	2.01185777
4.74683127	84.52069092	0.01183142	93.37883794	-8.85814702	68.51211019	3.12552215	2.01028340
4.75054801	87.53959401	0.01142340	98.11261413	-10.57302012	68.50197877	3.12796802	2.00871149
4.75426475	92.34100850	0.01082942	104.20811356	-11.86710506	68.49185596	3.13041388	2.00714204
4.75798150	99.67399089	0.01003271	111.68790897	-12.01391808	68.48174177	3.13285974	2.00557504
4.76169824	110.76122538	0.00902843	120.40270621	-9.64148083	68.47163633	3.13530559	2.00401049
4.76541498	125.22251892	0.00798578	129.97290782	-4.75038890	68.46153965	3.13775144	2.00244838
4.76913172	141.89884440	0.00704727	139.72435560	2.17448880	68.45145179	3.14019729	2.00088871
4.77284846	159.17957560	0.00628221	148.63299623	10.54657937	68.44137279	3.14264313	1.99933147
4.77656520	172.81226603	0.00578663	155.36140661	17.45085942	68.43130271	3.14508898	1.99777665
4.78028194	179.34873454	0.00557573	158.55349223	20.79524231	68.42124161	3.14753481	1.99622425
4.78399868	177.26699829	0.00564121	157.41756304	19.84943525	68.41118953	3.14998065	1.99467426
4.78771543	167.59030660	0.00596693	152.19025491	15.40005169	68.40114649	3.15242648	1.99312667
4.79143217	153.12920634	0.00653043	143.98838575	9.14082059	68.39111260	3.15487231	1.99158149
4.79514891	136.37899272	0.00733251	134.21569551	2.16329721	68.38108789	3.15731813	1.99003871
4.79886565	120.67169952	0.00828695	124.08756978	-3.41587026	68.37107241	3.15976395	1.98849832
4.80258239	107.74160767	0.00928147	114.46837949	-6.72677182	68.36106619	3.16220977	1.98696031
4.80629913	97.42827606	0.01026396	105.89268460	-8.46440854	68.35106931	3.16465558	1.98542468
4.81001587	89.66302999	0.01115287	98.62948627	-8.96645628	68.34108180	3.16710139	1.98389143
4.81373262	84.22493235	0.01187297	92.74264548	-8.51771313	68.33110369	3.16954721	1.98236054
4.81744936	80.55086517	0.01241452	88.15106199	-7.60019682	68.32113508	3.17199301	1.98083201
4.82116610	78.05671438	0.01281120	84.68323720	-6.62652282	68.31117599	3.17443881	1.97930585
4.82488284	76.44245656	0.01308174	82.12788480	-5.68542824	68.30122648	3.17688461	1.97778204
4.82859958	75.38545481	0.01326516	80.27315768	-4.88770287	68.29128659	3.17933040	1.97626057
4.83231632	74.65662384	0.01339466	78.93195380	-4.27532996	68.28135637	3.18177619	1.97474144
4.83603306	74.14886729	0.01348638	77.95378036	-3.80491307	68.27143587	3.18422198	1.97322465
4.83974980	73.81004079	0.01354829	77.22632744	-3.41628665	68.26152514	3.18666776	1.97171019
4.84346655	73.59741720	0.01358743	76.67074868	-3.07333148	68.25162420	3.18911355	1.97019805
4.84718329	73.44870249	0.01361494	76.23434993	-2.78564744	68.24173315	3.19155933	1.96868824
4.85090003	73.32694244	0.01363755	75.88315102	-2.55620858	68.23185201	3.19400510	1.96718074
4.85461677	73.23085531	0.01365545	75.59568290	-2.36482759	68.22198083	3.19645087	1.96567555
4.85833351	73.17508952	0.01366585	75.35840610	-2.18331658	68.21211966	3.19889664	1.96417266
4.86205025	73.13648987	0.01367307	75.16304710	-2.02655723	68.20226854	3.20134240	1.96267207
4.86576699	73.10488892	0.01367898	75.00312080	-1.89823188	68.19242752	3.20378816	1.96117377
4.86948374	73.08893840	0.01368196	74.87513134	-1.78619294	68.18259663	3.20623392	1.95967776
4.87320048	73.09495290	0.01368084	74.77639457	-1.68144167	68.17277596	3.20867968	1.95818403
4.87691722	73.12211355	0.01367575	74.70506605	-1.58295250	68.16296553	3.21112543	1.95669258
4.88063396	73.15029144	0.01367049	74.65996027	-1.50966883	68.15316539	3.21357117	1.95520341
4.88435070	73.20207469	0.01366082	74.64044292	-1.43836823	68.14337559	3.21601692	1.95371650
4.88806744	73.23786672	0.01365414	74.64675670	-1.40888998	68.13359616	3.21846266	1.95223185
4.89178418	73.26752218	0.01364861	74.67849799	-1.41097581	68.12382717	3.22090839	1.95074946
4.89550093	73.30082957	0.01364241	74.73688390	-1.43605433	68.11406862	3.22335413	1.94926932
4.89921767	73.35774994	0.01363182	74.82327581	-1.46552587	68.10432061	3.22579986	1.94779142
4.90293441	73.42368571	0.01361958	74.93962551	-1.51593980	68.09458317	3.22824559	1.94631577
4.90665115	73.49680837	0.01360603	75.08860537	-1.59179700	68.08485633	3.23069131	1.94484236
4.91036789	73.55638377	0.01359501	75.27380991	-1.71742614	68.07514015	3.23313703	1.94337117
4.91408463	73.62248230	0.01358281	75.50014273	-1.87766043	68.06543467	3.23558275	1.94190222
4.91780137	73.71651204	0.01356548	75.77018502	-2.05367298	68.05573993	3.23802846	1.94043548
4.92151811	73.85110728	0.01354076	76.10247835	-2.25137107	68.04605598	3.24047417	1.93897096
4.92523486	74.02047729	0.01350978	76.50768041	-2.48720312	68.03638283	3.24291988	1.93750865
4.92895160	74.20850627	0.01347554	77.00869355	-2.80018728	68.02672058	3.24536558	1.93604854
4.93266834	74.46692149	0.01342878	77.64070442	-3.17378293	68.01706926	3.24781128	1.93459064
4.93638508	74.76310476	0.01337558	78.45701048	-3.69390572	68.00742889	3.25025698	1.93313493
4.94010182	75.14327240	0.01330791	79.53593648	-4.39266408	67.99779954	3.25270267	1.93168142
4.94381856	75.68991597	0.01321180	80.98771212	-5.29779615	67.98818123	3.25514836	1.93023009
4.94753530	76.46332804	0.01307816	82.95954096	-6.49621292	67.97857402	3.25759404	1.92878094
4.95125205	77.56398265	0.01289258	85.63352239	-8.06953974	67.96897792	3.26003973	1.92733397
4.95496879	79.22150167	0.01262284	89.21975562	-9.99825395	67.95939302	3.26248541	1.92588917
4.95868553	81.68633525	0.01224195	93.93453867	-12.24820342	67.94981934	3.26493108	1.92444653
4.96240227	85.29178874	0.01172446	99.96894388	-14.67715514	67.94025693	3.26737676	1.92300606
4.96611901	90.84032440	0.01100833	107.44807006	-16.60774566	67.93070582	3.26982242	1.92156775
4.96983575	98.76837921	0.01012470	116.38573556	-17.61735635	67.92116607	3.27226809	1.92013158
4.97355249	109.39894104	0.00914086	126.63761063	-17.23866959	67.91163770	3.27471375	1.91869757
4.97726923	123.15170797	0.00812007	137.85037327	-14.69866530	67.90212077	3.27715941	1.91726569
4.98098598	138.28961182	0.00723120	149.40390468	-11.11429286	67.89261528	3.27960507	1.91583595
4.98470272	152.46957397	0.00655869	160.37273502	-7.90316105	67.88312133	3.28205072	1.91440835
4.98841946	163.73987834	0.00610725	169.61147251	-5.87159417	67.87363894	3.28449637	1.91298288
4.99213620	170.21327209	0.00587498	176.10896199	-5.89568990	67.86416815	3.28694201	1.91155952
4.99585294	171.82102966	0.00582001	179.53121104	-7.71018138	67.85470900	3.28938765	1.91013829
4.99956968	170.24328105	0.00587395	180.48735308	-10.24407203	67.84526152	3.29183329	1.90871917
5.00328642	168.55640666	0.00593273	180.19537195	-11.63896529	67.83582577	3.29427892	1.90730216
5.00700317	168.86145528	0.00592201	179.86239368	-11.00093840	67.82640175	3.29672456	1.90588725
5.01071991	171.94590759	0.00581578	180.25387215	-8.30796456	67.81698955	3.29917019	1.90447444
5.01443665	177.02570089	0.00564890	181.53005675	-4.50435586	67.80758920	3.30161581	1.90306373
5.01815339	182.13637288	0.00549039	183.24216016	-1.10578728	67.79820072	3.30406143	1.90165511
5.02187013	185.58322652	0.00538842	184.48157050	1.10165602	67.78882417	3.30650705	1.90024858
5.02558687	186.11604309	0.00537299	184.27222769	1.84381540	67.77945957	3.30895266	1.89884412
5.02930361	183.42632548	0.00545178	182.09014908	1.33617640	67.77010697	3.31139827	1.89744175
5.03302035	177.95641073	0.00561935	178.08964571	-0.13323498	67.76076641	3.31384387	1.89604144
5.03673710	170.79453023	0.00585499	172.80278724	-2.00825701	67.75143790	3.31628948	1.89464320
5.04045384	162.77474467	0.00614346	166.66442470	-3.88968003	67.74212153	3.31873508	1.89324702
5.04417058	153.87898763	0.00649861	159.76952932	-5.89054169	67.73281731	3.32118068	1.89185290
5.04788732	144.03681946	0.00694267	152.01822548	-7.98140602	67.72352528	3.32362627	1.89046084
5.05160406	133.44443258	0.00749376	143.38400793	-9.93957535	67.71424549	3.32607186	1.88907083
5.05532080	122.29098511	0.00817722	134.16110111	-11.87011600	67.70497796	3.32851744	1.88768286
5.05903754	111.36091359	0.00897981	124.88032736	-13.51941377	67.69572274	3.33096302	1.88629693
5.06275429	101.70416260	0.00983244	116.07648596	-14.37232336	67.68647984	3.33340861	1.88491303
5.06647103	93.75558980	0.01066603	108.12737947	-14.37178967	67.67724935	3.33585418	1.88353116
5.07018777	87.49770355	0.01142887	101.23023900	-13.73253545	67.66803127	3.33829975	1.88215133
5.07390451	82.85089111	0.01206988	95.44196660	-12.59107549	67.65882566	3.34074532	1.88077351
5.07762125	79.58812968	0.01256469	90.72537666	-11.13724698	67.64963253	3.34319088	1.87939771
5.08133799	77.30411784	0.01293592	86.98416477	-9.68004693	67.64045193	3.34563644	1.87802393
5.08505473	75.73777008	0.01320345	84.08856971	-8.35079963	67.63128391	3.34808200	1.87665216
5.08877147	74.75938416	0.01337625	81.89573781	-7.13635365	67.62212848	3.35052755	1.87528239
5.09248822	74.14838409	0.01348647	80.26565242	-6.11726833	67.61298567	3.35297311	1.87391461
5.09620496	73.73750305	0.01356162	79.07332227	-5.33581922	67.60385556	3.35541866	1.87254884
5.09992170	73.50190989	0.01360509	78.21515007	-4.71324018	67.59473816	3.35786420	1.87118506
5.10363844	73.37504069	0.01362861	77.61275573	-4.23771504	67.58563351	3.36030974	1.86982326
5.10735518	73.32072957	0.01363871	77.21051202	-3.88978245	67.57654165	3.36275527	1.86846345
5.11107192	73.31496938	0.01363978	76.97770322	-3.66273384	67.56746260	3.36520081	1.86710561
5.11478866	73.37624359	0.01362839	76.90381940	-3.52757581	67.55839640	3.36764633	1.86574975
5.11850541	73.49124146	0.01360706	77.00069633	-3.50945487	67.54934308	3.37009187	1.86439586
5.12222215	73.67541504	0.01357305	77.30261873	-3.62720369	67.54030270	3.37253739	1.86304393
5.12593889	73.93827820	0.01352479	77.86943944	-3.93116124	67.53127528	3.37498291	1.86169397
5.12965563	74.32567851	0.01345430	78.78669113	-4.46101262	67.52226085	3.37742842	1.86034596
5.13337237	74.89330292	0.01335233	80.16795531	-5.27465239	67.51325945	3.37987393	1.85899990
5.13708911	75.81266022	0.01319041	82.14650084	-6.33384062	67.50427112	3.38231944	1.85765580
5.14080585	77.25421906	0.01294428	84.86522024	-7.61100118	67.49529588	3.38476494	1.85631363
5.14452260	79.51363118	0.01257646	88.45262030	-8.93898912	67.48633375	3.38721045	1.85497341
5.14823934	83.17640432	0.01202264	92.99872786	-9.82232354	67.47738481	3.38965594	1.85363512
5.15195608	88.79154205	0.01126233	98.51502708	-9.72348503	67.46844906	3.39210144	1.85229877
5.15567282	96.97842662	0.01031157	104.90721430	-7.92878768	67.45952655	3.39454693	1.85096434
5.15938956	108.52905782	0.00921412	111.92712599	-3.39806817	67.45061731	3.39699241	1.84963183
5.16310630	122.40444946	0.00816964	119.14060854	3.26384092	67.44172136	3.39943789	1.84830125
5.16682304	136.62057495	0.00731954	125.87694785	10.74362710	67.43283874	3.40188337	1.84697258
5.17053978	148.94016520	0.00671411	131.24586078	17.69430442	67.42396949	3.40432885	1.84564582
5.17425653	156.00904338	0.00640988	134.28479200	21.72425138	67.41511361	3.40677433	1.84432096
5.17797327	156.14651998	0.00640424	134.32118440	21.82533558	67.40627118	3.40921979	1.84299801
5.18169001	149.24729411	0.00670029	131.32436337	17.92293074	67.39744222	3.41166526	1.84167696
5.18540675	137.89580790	0.00725185	125.92573342	11.97007448	67.38862675	3.41411072	1.84035780
5.18912349	124.99179331	0.00800053	119.07686661	5.91492670	67.37982480	3.41655618	1.83904054
5.19284023	112.09496053	0.00892101	111.68478377	0.41017676	67.37103642	3.41900163	1.83772516
5.19655697	101.03448486	0.00989761	104.43368267	-3.39919781	67.36226162	3.42144708	1.83641166
5.20027372	92.36148326	0.01082702	97.77850386	-5.41702060	67.35350042	3.42389253	1.83510003
5.20399046	85.80682119	0.01165409	91.97475098	-6.16792979	67.34475289	3.42633798	1.83379029
5.20770720	81.07192485	0.01233473	87.12986900	-6.05794415	67.33601905	3.42878342	1.83248241
5.21142394	77.81897990	0.01285034	83.23405307	-5.41507317	67.32729892	3.43122885	1.83117640
5.21514068	75.69320424	0.01321123	80.20262476	-4.50942052	67.31859254	3.43367428	1.82987226
5.21885742	74.24994405	0.01346802	77.90459760	-3.65465355	67.30989993	3.43611971	1.82856997
5.22257416	73.26974996	0.01364820	76.19554250	-2.92579254	67.30122113	3.43856514	1.82726953
5.22629090	72.60679118	0.01377282	74.93618707	-2.32939589	67.29255617	3.44101056	1.82597095
5.23000765	72.15043640	0.01385993	74.00638328	-1.85594688	67.28390505	3.44345598	1.82467421
5.23372439	71.81994629	0.01392371	73.31067959	-1.49073330	67.27526785	3.44590140	1.82337931
5.23744113	71.59586589	0.01396729	72.77811472	-1.18224883	67.26664458	3.44834681	1.82208625
5.24115787	71.41307831	0.01400304	72.35818229	-0.94510398	67.25803526	3.45079221	1.82079503
5.24487461	71.25797526	0.01403352	72.01689784	-0.75892258	67.24943993	3.45323762	1.81950564
5.24859135	71.13475800	0.01405783	71.73167487	-0.59691687	67.24085861	3.45568301	1.81821807
5.25230809	71.03948212	0.01407668	71.48799528	-0.44851316	67.23229134	3.45812841	1.81693233
5.25602484	70.96652730	0.01409115	71.27623185	-0.30970455	67.22373812	3.46057381	1.81564840
5.25974158	70.91832225	0.01410073	71.09005460	-0.17173235	67.21519903	3.46301920	1.81436629
5.26345832	70.85936228	0.01411246	70.92494155	-0.06557927	67.20667406	3.46546458	1.81308600
5.26717506	70.80750020	0.01412280	70.77767972	0.02982048	67.19816326	3.46790996	1.81180751
5.27089180	70.76237488	0.01413180	70.64572157	0.11665331	67.18966664	3.47035534	1.81053082
5.27460854	70.73110962	0.01413805	70.52712335	0.20398627	67.18118424	3.47280071	1.80925594
5.27832528	70.69769541	0.01414473	70.42022686	0.27746855	67.17271609	3.47524609	1.80798285
5.28204202	70.65255229	0.01415377	70.32372477	0.32882752	67.16426221	3.47769145	1.80671155
5.28575877	70.60822805	0.01416266	70.23645964	0.37176841	67.15582260	3.48013682	1.80544204
5.28947551	70.57968140	0.01416838	70.15751099	0.42217041	67.14739735	3.48258218	1.80417431
5.29319225	70.58730570	0.01416685	70.08675818	0.50054752	67.13898645	3.48502754	1.80290837
5.29690899	70.59728750	0.01416485	70.02212081	0.57516669	67.13058993	3.48747289	1.80164420
5.30062573	70.58482869	0.01416735	69.96370516	0.62112353	67.12220782	3.48991824	1.80038181
5.30434247	70.55163574	0.01417402	69.91103878	0.64059696	67.11384015	3.49236358	1.79912119
5.30805921	70.53488922	0.01417738	69.86368214	0.67120708	67.10548694	3.49480892	1.79786233
5.31177596	70.52402751	0.01417956	69.82130208	0.70272543	67.09714820	3.49725427	1.79660523
5.31549270	70.51769257	0.01418084	69.78358297	0.73410960	67.08882400	3.49969960	1.79534990
5.31920944	70.50340525	0.01418371	69.75057279	0.75283246	67.08051434	3.50214493	1.79409631
5.32292618	70.48989105	0.01418643	69.72150708	0.76838397	67.07221925	3.50459025	1.79284448
5.32664292	70.49052429	0.01418630	69.69650958	0.79401471	67.06393875	3.50703558	1.79159440
5.33035966	70.48960876	0.01418649	69.67545584	0.81415292	67.05567288	3.50948090	1.79034606
5.33407640	70.50453440	0.01418348	69.65826427	0.84627013	67.04742165	3.51192621	1.78909947
5.33779314	70.51644643	0.01418109	69.64544300	0.87100343	67.03918509	3.51437152	1.78785460
5.34150989	70.53371684	0.01417762	69.63585716	0.89785968	67.03096321	3.51681684	1.78661147
5.34522663	70.54821777	0.01417470	69.63008405	0.91813372	67.02275607	3.51926214	1.78537007
5.34894337	70.56376902	0.01417158	69.62817147	0.93559755	67.01456368	3.52170744	1.78413040
5.35266011	70.59598541	0.01416511	69.63020831	0.96577710	67.00638607	3.52415274	1.78289245
5.35637685	70.63779704	0.01415673	69.63631263	1.00148441	66.99822325	3.52659803	1.78165622
5.36009359	70.69984945	0.01414430	69.64665495	1.05319450	66.99007525	3.52904332	1.78042170
5.36381033	70.76611074	0.01413106	69.66143146	1.10467928	66.98194210	3.53148861	1.77918889
5.36752708	70.83539581	0.01411724	69.68090607	1.15448974	66.97382379	3.53393389	1.77795779
5.37124382	70.88430786	0.01410749	69.69929992	1.18500794	66.96572041	3.53637917	1.77672840
5.37496056	70.93393199	0.01409763	69.72941303	1.20451896	66.95763194	3.53882445	1.77550071
5.37867730	70.98482259	0.01408752	69.76507723	1.21974536	66.94955841	3.54126972	1.77427471
5.38239404	71.02213033	0.01408012	69.80740391	1.21472642	66.94149985	3.54371498	1.77305041
5.38611078	71.03173574	0.01407821	69.85634336	1.17539238	66.93345628	3.54616025	1.77182780
5.38982752	71.04149373	0.01407628	69.91297387	1.12851986	66.92542773	3.54860551	1.77060688
5.39354427	71.06641897	0.01407134	69.97813194	1.08828703	66.91741418	3.55105077	1.76938763
5.39726101	71.10765076	0.01406318	70.05287959	1.05477117	66.90941572	3.55349602	1.76817007
5.40097775	71.14892069	0.01405503	70.13842029	1.01050040	66.90143234	3.55594127	1.76695419
5.40469449	71.21866353	0.01404126	70.23629818	0.98236535	66.89346407	3.55838651	1.76573997
5.40841123	71.29812622	0.01402561	70.34834356	0.94978266	66.88551092	3.56083175	1.76452743
5.41212797	71.39584605	0.01400642	70.47699631	0.91884974	66.87757292	3.56327699	1.76331655
5.41584471	71.50882212	0.01398429	70.62539485	0.88342727	66.86965009	3.56572222	1.76210734
5.41956145	71.62244670	0.01396210	70.79802894	0.82441776	66.86174246	3.56816745	1.76089979
5.42327820	71.74844869	0.01393758	71.00205219	0.74639650	66.85385002	3.57061269	1.75969388
5.42699494	71.87192281	0.01391364	71.24556691	0.62635590	66.84597284	3.57305791	1.75848964
5.43071168	72.01643372	0.01388572	71.54383036	0.47260336	66.83811092	3.57550313	1.75728704
5.43442842	72.20503489	0.01384945	71.91893263	0.28610226	66.83026429	3.57794834	1.75608609
5.43814516	72.47240957	0.01379835	72.40331736	0.06909221	66.82243295	3.58039355	1.75488678
5.44186190	72.81584676	0.01373327	73.04388947	-0.22804271	66.81461694	3.58283876	1.75368911
5.44557864	73.23276520	0.01365509	73.90494901	-0.67218381	66.80681627	3.58528396	1.75249307
5.44929539	73.77633413	0.01355448	75.06972837	-1.29339424	66.79903095	3.58772917	1.75129867
5.45301213	74.57304382	0.01340967	76.64007842	-2.06703460	66.79126103	3.59017436	1.75010589
5.45672887	75.76497650	0.01319871	78.73123018	-2.96625368	66.78350652	3.59261955	1.74891474
5.46044561	77.55044556	0.01289483	81.45852057	-3.90807501	66.77576744	3.59506474	1.74772522
5.46416235	80.28583018	0.01245550	84.92269037	-4.63686019	66.76804380	3.59750993	1.74653731
5.46787909	84.43626404	0.01184325	89.18352562	-4.74726158	66.76033563	3.59995511	1.74535102
5.47159583	90.46510061	0.01105399	94.23876352	-3.77366291	66.75264296	3.60240028	1.74416634
5.47531257	98.90314229	0.01011090	99.98966801	-1.08652572	66.74496578	3.60484546	1.74298327
5.47902932	110.24742381	0.00907051	106.21899396	4.02842985	66.73730412	3.60729063	1.74180180
5.48274606	123.27815755	0.00811174	112.54808576	10.73007179	66.72965802	3.60973580	1.74062193
5.48646280	136.18352254	0.00734303	118.41387433	17.76964821	66.72202749	3.61218096	1.73944367
5.49017954	146.86914571	0.00680878	123.07302926	23.79611645	66.71441254	3.61462612	1.73826700
5.49389628	152.55142721	0.00655517	125.74212474	26.80930247	66.70681320	3.61707127	1.73709193
5.49761302	152.09785970	0.00657471	125.87674461	26.22111509	66.69922948	3.61951642	1.73591844
5.50132976	145.73640951	0.00686170	123.45185080	22.28455871	66.69166140	3.62196157	1.73474654
5.50504651	135.53107707	0.00737838	118.97571467	16.55536240	66.68410896	3.62440672	1.73357622
5.50876325	123.61565145	0.00808959	113.22453882	10.39111263	66.67657223	3.62685185	1.73240749
5.51247999	111.69613393	0.00895286	106.95268491	4.74344902	66.66905119	3.62929699	1.73124033
5.51619673	101.46876780	0.00985525	100.74044687	0.72832093	66.66154586	3.63174212	1.73007474
5.51991347	93.39390564	0.01070734	94.98193688	-1.58803124	66.65405627	3.63418725	1.72891072
5.52363021	87.15936788	0.01147324	89.90701187	-2.74764399	66.64658243	3.63663237	1.72774828
5.52734695	82.58475240	0.01210877	85.62282364	-3.03807124	66.63912436	3.63907749	1.72658739
5.53106369	79.46763102	0.01258374	82.14092244	-2.67329142	66.63168208	3.64152261	1.72542807
5.53478044	77.35397339	0.01292758	79.40401318	-2.05003979	66.62425558	3.64396773	1.72427030
5.53849718	75.94081370	0.01316815	77.31586422	-1.37505052	66.61684493	3.64641283	1.72311408
5.54221392	75.03807576	0.01332657	75.76064643	-0.72257067	66.60945011	3.64885794	1.72195942
5.54593066	74.42745717	0.01343590	74.62478162	-0.19732445	66.60207115	3.65130304	1.72080631
5.54964740	74.01085663	0.01351153	73.80334565	0.20751098	66.59470806	3.65374813	1.71965474
5.55336414	73.73884074	0.01356137	73.21222147	0.52661927	66.58736087	3.65619323	1.71850472
5.55708088	73.56657918	0.01359313	72.78604598	0.78053320	66.58002957	3.65863832	1.71735623
5.56079763	73.45182800	0.01361437	72.47758847	0.97423953	66.57271418	3.66108341	1.71620928
5.56451437	73.38337962	0.01362706	72.25317959	1.13020003	66.56541475	3.66352849	1.71506386
5.56823111	73.34376272	0.01363442	72.09101325	1.25274947	66.55813128	3.66597357	1.71391997
5.57194785	73.34383901	0.01363441	71.97663889	1.36720012	66.55086377	3.66841864	1.71277761
5.57566459	73.37999471	0.01362769	71.90123250	1.47876221	66.54361226	3.67086371	1.71163677
5.57938133	73.44163767	0.01361625	71.85852576	1.58311191	66.53637674	3.67330877	1.71049745
5.58309807	73.50187937	0.01360509	71.84556499	1.65631438	66.52915724	3.67575384	1.70935965
5.58681481	73.56426239	0.01359356	71.86004948	1.70421291	66.52195378	3.67819889	1.70822337
5.59053156	73.64640554	0.01357840	71.90071577	1.74568977	66.51476635	3.68064396	1.70708859
5.59424830	73.74893443	0.01355952	71.96762657	1.78130786	66.50759500	3.68308901	1.70595533
5.59796504	73.84766642	0.01354139	72.06134151	1.78632491	66.50043973	3.68553405	1.70482357
5.60168178	73.96896362	0.01351918	72.18316678	1.78579684	66.49330055	3.68797909	1.70369331
5.60539852	74.11933645	0.01349176	72.33536279	1.78397366	66.48617748	3.69042413	1.70256455
5.60911526	74.29929097	0.01345908	72.52145559	1.77783538	66.47907053	3.69286917	1.70143729
5.61283200	74.49512736	0.01342370	72.74681368	1.74831368	66.47197972	3.69531420	1.70031152
5.61654875	74.73598226	0.01338044	73.01959144	1.71639082	66.46490505	3.69775923	1.69918724
5.62026549	75.03000641	0.01332800	73.35203260	1.67797381	66.45784656	3.70020426	1.69806445
5.62398223	75.37511190	0.01326698	73.76247563	1.61263627	66.45080425	3.70264927	1.69694315
5.62769897	75.81584930	0.01318985	74.27788120	1.53796810	66.44377813	3.70509429	1.69582332
5.63141571	76.40958913	0.01308736	74.93570694	1.47388219	66.43676822	3.70753930	1.69470498
5.63513245	77.24933116	0.01294510	75.78802944	1.46130172	66.42977453	3.70998431	1.69358811
5.63884919	78.38959503	0.01275680	76.90188772	1.48770731	66.42279707	3.71242931	1.69247271
5.64256593	79.91307831	0.01251360	78.36006248	1.55301583	66.41583587	3.71487431	1.69135879
5.64628268	82.01089986	0.01219350	80.25740057	1.75349929	66.40889090	3.71731931	1.69024632
5.64999942	84.79865265	0.01179264	82.69393915	2.10471350	66.40196223	3.71976431	1.68913533
5.65371616	88.38374583	0.01131430	85.76521727	2.61852856	66.39504984	3.72220929	1.68802580
5.65743290	93.00832113	0.01075173	89.54590012	3.46242101	66.38815376	3.72465428	1.68691772
5.66114964	98.67119598	0.01013467	94.07658412	4.59461186	66.38127398	3.72709926	1.68581110
5.66486638	105.16938273	0.00950847	99.34218355	5.82719918	66.37441053	3.72954423	1.68470594
5.66858312	112.46696981	0.00889150	105.25579276	7.21117705	66.36756342	3.73198921	1.68360222
5.67229987	120.05466715	0.00832954	111.62933672	8.42533043	66.36073264	3.73443418	1.68249995
5.67601661	127.23505147	0.00785947	118.14572663	9.08932484	66.35391823	3.73687915	1.68139912
5.67973335	133.52815755	0.00748906	124.35333853	9.17481902	66.34712020	3.73932411	1.68029974
5.68345009	138.55316162	0.00721745	129.72785244	8.82530918	66.34033856	3.74176906	1.67920179
5.68716683	142.07664998	0.00703845	133.85183845	8.22481153	66.33357330	3.74421402	1.67810528
5.69088357	144.43052673	0.00692374	136.62760200	7.80292473	66.32682446	3.74665896	1.67701020
5.69460031	146.23857625	0.00683814	138.33057169	7.90800456	66.32009204	3.74910391	1.67591655
5.69831706	148.25339254	0.00674521	139.44129457	8.81209797	66.31337602	3.75154886	1.67482433
5.70203380	150.87582397	0.00662797	140.38037425	10.49544972	66.30667647	3.75399379	1.67373354
5.70575054	153.87915548	0.00649861	141.34682118	12.53233430	66.29999337	3.75643873	1.67264416
5.70946728	156.22710164	0.00640094	142.25989681	13.96720483	66.29332673	3.75888366	1.67155621
5.71318402	156.77861023	0.00637842	142.83878377	13.93982646	66.28667657	3.76132858	1.67046967
5.71690076	154.88396200	0.00645645	142.78251885	12.10144315	66.28004288	3.76377350	1.66938454
5.72061750	150.66359965	0.00663730	142.00863606	8.65496359	66.27342570	3.76621842	1.66830083
5.72433424	145.11394755	0.00689114	140.75309833	4.36084922	66.26682501	3.76866333	1.66721852
5.72805099	139.72535706	0.00715690	139.44677894	0.27857812	66.26024083	3.77110825	1.66613762
5.73176773	136.18794250	0.00734279	138.49756915	-2.30962665	66.25367318	3.77355315	1.66505812
5.73548447	135.08602905	0.00740269	138.12266446	-3.03663541	66.24712207	3.77599805	1.66398002
5.73920121	135.82786051	0.00736226	138.29533536	-2.46747485	66.24058751	3.77844295	1.66290331
5.74291795	137.03755697	0.00729727	138.76086102	-1.72330405	66.23406949	3.78088784	1.66182801
5.74663469	137.42822774	0.00727653	139.13158059	-1.70335285	66.22756804	3.78333273	1.66075409
5.75035143	136.16626994	0.00734396	139.07663412	-2.91036418	66.22108317	3.78577762	1.65968156
5.75406818	133.54984029	0.00748784	138.51492515	-4.96508486	66.21461485	3.78822251	1.65861042
5.75778492	130.74790446	0.00764831	137.65334004	-6.90543558	66.20816315	3.79066738	1.65754066
5.76150166	129.25217183	0.00773681	136.83625122	-7.58407939	66.20172804	3.79311226	1.65647228
5.76521840	130.50988770	0.00766225	136.32392086	-5.81403316	66.19530954	3.79555713	1.65540528
5.76893514	134.68479919	0.00742474	136.17020010	-1.48540091	66.18890766	3.79800199	1.65433966
5.77265188	140.84025574	0.00710024	136.16474004	4.67551570	66.18252240	3.80044685	1.65327540
5.77636862	146.65702820	0.00681863	135.87007335	10.78695485	66.17615377	3.80289171	1.65221252
5.78008536	149.95211283	0.00666880	134.72264430	15.22946853	66.16980179	3.80533656	1.65115101
5.78380211	149.18270874	0.00670319	132.26641713	16.91629161	66.16346644	3.80778142	1.65009086
5.78751885	144.12866211	0.00693825	128.37669887	15.75196324	66.15714776	3.81022627	1.64903207
5.79123559	135.73716736	0.00736718	123.32211764	12.41504972	66.15084575	3.81267111	1.64797464
5.79495233	125.29893239	0.00798091	117.60286635	7.69606604	66.14456041	3.81511594	1.64691857
5.79866907	115.07842000	0.00868973	111.73340675	3.34501325	66.13829175	3.81756078	1.64586386
5.80238581	106.16210429	0.00941956	106.12217074	0.03993355	66.13203978	3.82000561	1.64481049
5.80610255	98.72540029	0.01012911	101.04203204	-2.31663175	66.12580450	3.82245043	1.64375848
5.80981930	92.96752167	0.01075644	96.65771287	-3.69019120	66.11958591	3.82489526	1.64270781
5.81353604	88.78706360	0.01126290	93.04694520	-4.25988160	66.11338405	3.82734008	1.64165848
5.81725278	85.91763306	0.01163905	90.22887734	-4.31124428	66.10719890	3.82978489	1.64061050
5.82096952	84.03473409	0.01189984	88.18128801	-4.14655392	66.10103047	3.83222970	1.63956386
5.82468626	82.93095652	0.01205822	86.86434663	-3.93339011	66.09487877	3.83467451	1.63851855
5.82840300	82.42072805	0.01213287	86.23836947	-3.81764142	66.08874381	3.83711931	1.63747458
5.83211974	82.33940125	0.01214485	86.28337407	-3.94397282	66.08262559	3.83956410	1.63643193
5.83583648	82.60145060	0.01210632	87.01269087	-4.41124027	66.07652412	3.84200890	1.63539062
5.83955323	83.26396434	0.01201000	88.48205913	-5.21809479	66.07043939	3.84445369	1.63435063
5.84326997	84.40474955	0.01184767	90.79344553	-6.38869598	66.06437143	3.84689848	1.63331196
5.84698671	86.14496867	0.01160834	94.08934571	-7.94437704	66.05832024	3.84934326	1.63227462
5.85070345	88.88465373	0.01125054	98.54449595	-9.65984222	66.05228582	3.85178804	1.63123860
5.85442019	93.07238261	0.01074433	104.34202149	-11.26963888	66.04626818	3.85423281	1.63020389
5.85813693	99.34939575	0.01006549	111.65426295	-12.30486720	66.04026732	3.85667758	1.62917049
5.86185367	108.97018941	0.00917682	120.59979135	-11.62960194	66.03428325	3.85912234	1.62813841
5.86557042	122.78608958	0.00814425	131.21172326	-8.42563368	66.02831595	3.86156711	1.62710763
5.86928716	141.16388957	0.00708396	143.37237632	-2.20848675	66.02236547	3.86401187	1.62607816
5.87300390	164.58301290	0.00607596	156.76599516	7.81701774	66.01643180	3.86645662	1.62504999
5.87672064	191.08594767	0.00523325	170.81019651	20.27575116	66.01051493	3.86890137	1.62402313
5.88043738	217.50947571	0.00459750	184.67027749	32.83919822	66.00461487	3.87134611	1.62299756
5.88415412	241.47124227	0.00414128	197.34285136	44.12839091	65.99873163	3.87379085	1.62197329
5.88787086	260.29105632	0.00384185	207.86765045	52.42340587	65.99286521	3.87623559	1.62095032
5.89158760	272.25802612	0.00367299	215.51051686	56.74750926	65.98701562	3.87868032	1.61992863
5.89530435	276.75116984	0.00361335	219.85039838	56.90077146	65.98118284	3.88112505	1.61890823
5.89902109	274.11867269	0.00364806	220.67885559	53.43981710	65.97536691	3.88356978	1.61788912
5.90273783	264.96398926	0.00377410	217.85765453	47.10633473	65.96956782	3.88601450	1.61687130
5.90645457	249.06485494	0.00401502	211.34289183	37.72196311	65.96378557	3.88845921	1.61585475
5.91017131	227.74676005	0.00439084	201.42636068	26.32039937	65.95802016	3.89090393	1.61483949
5.91388805	203.85104879	0.00490554	188.91031609	14.94073270	65.95227161	3.89334863	1.61382550
5.91760479	179.46024068	0.00557226	174.96372320	4.49651748	65.94653990	3.89579334	1.61281279
5.92132154	156.65474955	0.00638346	160.78102134	-4.12627179	65.94082504	3.89823804	1.61180134
5.92503828	137.52860006	0.00727121	147.32204549	-9.79344543	65.93512704	3.90068274	1.61079117
5.92875502	122.50515238	0.00816292	135.23191719	-12.72676481	65.92944591	3.90312743	1.60978226
5.93247176	111.14937083	0.00899690	124.88370786	-13.73433703	65.92378165	3.90557212	1.60877462
5.93618850	103.12828318	0.00969666	116.44894464	-13.32066146	65.91813425	3.90801680	1.60776824
5.93990524	98.15556844	0.01018791	109.96408535	-11.80851691	65.91250372	3.91046148	1.60676313
5.94362198	95.50641378	0.01047050	105.38358890	-9.87717512	65.90689006	3.91290615	1.60575926
5.94733873	94.73062897	0.01055625	102.62116584	-7.89053687	65.90129326	3.91535083	1.60475666
5.95105547	95.67205048	0.01045237	101.57702296	-5.90497248	65.89571336	3.91779550	1.60375530
5.95477221	98.14956156	0.01018853	102.15863708	-4.00907552	65.89015033	3.92024016	1.60275520
5.95848895	101.86503855	0.00981691	104.28415369	-2.41911514	65.88460418	3.92268482	1.60175635
5.96220569	106.74878438	0.00936779	107.87707815	-1.12829377	65.87907491	3.92512947	1.60075874
5.96592243	112.74459330	0.00886960	112.86178585	-0.11719255	65.87356253	3.92757412	1.59976238
5.96963917	119.38399760	0.00837633	119.12185740	0.26214020	65.86806704	3.93001877	1.59876725
5.97335591	126.38949076	0.00791205	126.47523833	-0.08574757	65.86258843	3.93246341	1.59777337
5.97707266	133.69844564	0.00747952	134.63750924	-0.93906360	65.85712670	3.93490805	1.59678072
5.98078940	140.78022766	0.00710327	143.17624104	-2.39601338	65.85168187	3.93735269	1.59578930
5.98450614	147.30751546	0.00678852	151.53446184	-4.22694638	65.84625393	3.93979732	1.59479912
5.98822288	153.31301880	0.00652260	159.12478835	-5.81176955	65.84084288	3.94224194	1.59381017
5.99193962	158.39563497	0.00631331	165.51825845	-7.12262348	65.83544873	3.94468656	1.59282245
5.99565636	162.39596558	0.00615779	170.55160112	-8.15563554	65.83007147	3.94713118	1.59183595
5.99937310	165.60803223	0.00603835	174.28384879	-8.67581656	65.82471111	3.94957579	1.59085067
6.00308985	168.43614197	0.00593697	176.83683002	-8.40068805	65.81936762	3.95202041	1.58986661
6.00680659	170.92640177	0.00585047	178.27264780	-7.34624603	65.81404105	3.95446501	1.58888378
6.01052333	172.73624674	0.00578917	178.50703857	-5.77079183	65.80873137	3.95690961	1.58790216
6.01424007	172.90027364	0.00578368	177.27294277	-4.37266913	65.80343859	3.95935421	1.58692175
6.01795681	170.27900187	0.00587271	174.21495588	-3.93595401	65.79816270	3.96179880	1.58594255
6.02167355	164.02043660	0.00609680	169.14586160	-5.12542500	65.79290371	3.96424339	1.58496457
6.02539029	154.71641541	0.00646344	162.30434206	-7.58792665	65.78766161	3.96668797	1.58398779
6.02910703	143.84312948	0.00695202	154.35039994	-10.50727046	65.78243641	3.96913255	1.58301221
6.03282378	132.77583822	0.00753149	146.13211659	-13.35627837	65.77722809	3.97157713	1.58203784
6.03654052	123.39653015	0.00810396	138.40547239	-15.00894224	65.77203667	3.97402171	1.58106467
6.04025726	116.71579488	0.00856782	131.71277301	-14.99697813	65.76686215	3.97646627	1.58009269
6.04397400	112.79328664	0.00886578	126.34886176	-13.55557512	65.76170453	3.97891083	1.57912192
6.04769074	111.32136027	0.00898300	122.40298062	-11.08162035	65.75656379	3.98135539	1.57815233
6.05140748	111.80703481	0.00894398	119.77143189	-7.96439708	65.75143995	3.98379995	1.57718394
6.05512422	113.58060455	0.00880432	118.18878456	-4.60818001	65.74633299	3.98624450	1.57621674
6.05884097	115.55764771	0.00865369	117.23008399	-1.67243628	65.74124291	3.98868905	1.57525072
6.06255771	116.83857981	0.00855882	116.36824505	0.47033476	65.73616973	3.99113359	1.57428589
6.06627445	116.77821350	0.00856324	115.06910230	1.70911120	65.73111343	3.99357813	1.57332224
6.06999119	115.06304932	0.00869089	112.95922929	2.10382003	65.72607402	3.99602266	1.57235978
6.07370793	111.79349264	0.00894506	109.94655472	1.84693792	65.72105149	3.99846719	1.57139849
6.07742467	107.21145630	0.00932736	106.20899732	1.00245898	65.71604584	4.00091172	1.57043838
6.08114141	102.08839417	0.00979543	102.06119128	0.02720289	65.71105707	4.00335624	1.56947944
6.08485815	97.10648346	0.01029797	97.81854245	-0.71205899	65.70608517	4.00580075	1.56852167
6.08857490	92.58335114	0.01080108	93.73099526	-1.14764412	65.70113013	4.00824527	1.56756508
6.09229164	88.79961395	0.01126131	89.96647793	-1.16686398	65.69619198	4.01068978	1.56660965
6.09600838	85.83697001	0.01164999	86.62609634	-0.78912633	65.69127069	4.01313429	1.56565539
6.09972512	83.59808604	0.01196200	83.75414902	-0.15606298	65.68636628	4.01557879	1.56470229
6.10344186	81.96463267	0.01220038	81.35407408	0.61055859	65.68147872	4.01802328	1.56375035
6.10715860	80.80893199	0.01237487	79.39674140	1.41219059	65.67660803	4.02046777	1.56279957
6.11087534	80.04409027	0.01249311	77.83307733	2.21101294	65.67175419	4.02291226	1.56184995
6.11459209	79.53596242	0.01257293	76.60317696	2.93278546	65.66691719	4.02535675	1.56090148
6.11830883	79.21686808	0.01262357	75.64565249	3.57121559	65.66209706	4.02780123	1.55995417
6.12202557	79.01142375	0.01265640	74.90267738	4.10874637	65.65729378	4.03024570	1.55900800
6.12574231	78.90358988	0.01267369	74.32474924	4.57884064	65.65250734	4.03269017	1.55806299
6.12945905	78.86713409	0.01267955	73.87142305	4.99571104	65.64773774	4.03513464	1.55711912
6.13317579	78.88625081	0.01267648	73.51175084	5.37449997	65.64298498	4.03757910	1.55617640
6.13689253	78.92199961	0.01267074	73.22286884	5.69913077	65.63824906	4.04002356	1.55523482
6.14060927	78.98768616	0.01266020	72.98844986	5.99923630	65.63352996	4.04246801	1.55429438
6.14432602	79.07456462	0.01264629	72.79790820	6.27665642	65.62882768	4.04491246	1.55335508
6.14804276	79.16304779	0.01263216	72.64204894	6.52099885	65.62414223	4.04735691	1.55241691
6.15175950	79.24467723	0.01261914	72.51633625	6.72834098	65.61947360	4.04980135	1.55147988
6.15547624	79.31651560	0.01260771	72.41721003	6.89930557	65.61482178	4.05224579	1.55054398
6.15919298	79.36068726	0.01260070	72.34293804	7.01774922	65.61018677	4.05469022	1.54960921
6.16290972	79.38750458	0.01259644	72.29102386	7.09648072	65.60556856	4.05713465	1.54867557
6.16662646	79.41156514	0.01259262	72.26061315	7.15095199	65.60096716	4.05957907	1.54774305
6.17034321	79.41523234	0.01259204	72.25033993	7.16489241	65.59638254	4.06202349	1.54681166
6.17405995	79.40547434	0.01259359	72.26075791	7.14471643	65.59181472	4.06446791	1.54588139
6.17777669	79.37106069	0.01259905	72.29179660	7.07926409	65.58726368	4.06691232	1.54495224
6.18149343	79.33410899	0.01260492	72.34371937	6.99038962	65.58272942	4.06935673	1.54402421
6.18521017	79.28454844	0.01261280	72.41754311	6.86700533	65.57821194	4.07180113	1.54309730
6.18892691	79.24993388	0.01261831	72.51467095	6.73526293	65.57371123	4.07424552	1.54217149
6.19264365	79.21553040	0.01262379	72.63663079	6.57889961	65.56922728	4.07668992	1.54124680
6.19636040	79.19302114	0.01262738	72.78616291	6.40685823	65.56476008	4.07913431	1.54032322
6.20007714	79.18316142	0.01262895	72.96704258	6.21611884	65.56030964	4.08157870	1.53940075
6.20379388	79.19675700	0.01262678	73.18453954	6.01221746	65.55587595	4.08402308	1.53847938
6.20751062	79.25089773	0.01261815	73.44713902	5.80375871	65.55145900	4.08646746	1.53755912
6.21122736	79.34976451	0.01260243	73.76447370	5.58529081	65.54705879	4.08891183	1.53663996
6.21494410	79.50196075	0.01257831	74.15354905	5.34841170	65.54267530	4.09135619	1.53572190
6.21866084	79.71075694	0.01254536	74.63637088	5.07438606	65.53830854	4.09380056	1.53480494
6.22237758	80.00503540	0.01249921	75.24438661	4.76064879	65.53395849	4.09624492	1.53388907
6.22609433	80.43454742	0.01243247	76.01898245	4.41556497	65.52962515	4.09868928	1.53297430
6.22981107	81.05452983	0.01233737	77.01348075	4.04104908	65.52530851	4.10113363	1.53206061
6.23352781	81.89971924	0.01221005	78.29363863	3.60608061	65.52100857	4.10357797	1.53114802
6.23724455	83.11811829	0.01203107	79.93599958	3.18211871	65.51672533	4.10602232	1.53023652
6.24096129	84.80445862	0.01179183	82.02529488	2.77916374	65.51245876	4.10846665	1.52932611
6.24467803	87.15305837	0.01147407	84.64679507	2.50626330	65.50820887	4.11091099	1.52841677
6.24839477	90.54038493	0.01104480	87.87939227	2.66099266	65.50397565	4.11335532	1.52750852
6.25211152	95.15482330	0.01050919	91.78168444	3.37313886	65.49975908	4.11579965	1.52660135
6.25582826	101.29948171	0.00987172	96.37827096	4.92121075	65.49555918	4.11824397	1.52569526
6.25954500	109.42191060	0.00913894	101.63930649	7.78260411	65.49137592	4.12068828	1.52479025
6.26326174	119.19031779	0.00838994	107.45840518	11.73191261	65.48720930	4.12313259	1.52388631
6.26697848	129.94629161	0.00769549	113.62672955	16.31956206	65.48305932	4.12557690	1.52298344
6.27069522	141.10421244	0.00708696	119.81961898	21.28459346	65.47892595	4.12802120	1.52208165
6.27441196	150.97555033	0.00662359	125.61846624	25.35708409	65.47480921	4.13046550	1.52118092
6.27812870	158.38435872	0.00631375	130.58877389	27.79558483	65.47070907	4.13290980	1.52028126
6.28184545	162.83321635	0.00614125	134.38513674	28.44807961	65.46662552	4.13535409	1.51938266
6.28556219	164.06951904	0.00609498	136.79706634	27.27245270	65.46255857	4.13779838	1.51848513
6.28927893	162.27764384	0.00616228	137.71462111	24.56302273	65.45850821	4.14024266	1.51758866
6.29299567	157.71727498	0.00634046	137.09245247	20.62482251	65.45447442	4.14268693	1.51669325
6.29671241	151.25188700	0.00661149	135.00655509	16.24533191	65.45045720	4.14513121	1.51579890
6.30042915	143.53491720	0.00696695	131.74286692	11.79205028	65.44645654	4.14757547	1.51490560
6.30414589	134.99669393	0.00740759	127.80109949	7.19559444	65.44247243	4.15001974	1.51401335
6.30786264	126.73517100	0.00789047	123.76448379	2.97068721	65.43850484	4.15246400	1.51312216
6.31157938	119.71718089	0.00835302	120.16544162	-0.44826073	65.43455380	4.15490826	1.51223202
6.31529612	114.50118256	0.00873353	117.39466069	-2.89347813	65.43061928	4.15735251	1.51134293
6.31901286	111.75387065	0.00894824	115.69383275	-3.93996210	65.42670128	4.15979676	1.51045488
6.32272960	111.92617544	0.00893446	115.15612278	-3.22994734	65.42279977	4.16224100	1.50956788
6.32644634	115.37511444	0.00866738	115.74999328	-0.37487884	65.41891477	4.16468523	1.50868192
6.33016308	121.64836375	0.00822041	117.31812863	4.33023512	65.41504625	4.16712947	1.50779700
6.33387982	129.83383687	0.00770215	119.58708224	10.24675463	65.41119420	4.16957370	1.50691312
6.33759657	138.70608012	0.00720949	122.16364222	16.54243790	65.40735861	4.17201793	1.50603028
6.34131331	146.10416667	0.00684443	124.58142339	21.52274328	65.40353949	4.17446215	1.50514847
6.34503005	150.24007670	0.00665601	126.39420885	23.84586785	65.39973681	4.17690636	1.50426770
6.34874679	150.31220500	0.00665282	127.33441616	22.97778884	65.39595057	4.17935057	1.50338795
6.35246353	146.89153035	0.00680774	127.41613181	19.47539854	65.39218076	4.18179478	1.50250924
6.35618027	141.57391357	0.00706345	126.90407911	14.66983446	65.38842736	4.18423898	1.50163156
6.35989701	136.03231812	0.00735119	126.16317936	9.86913876	65.38469037	4.18668318	1.50075490
6.36361376	131.97642008	0.00757711	125.50703826	6.46938182	65.38096977	4.18912738	1.49987927
6.36733050	130.37960815	0.00766991	125.11490933	5.26469882	65.37726556	4.19157157	1.49900466
6.37104724	131.13170369	0.00762592	125.00505848	6.12664521	65.37357772	4.19401575	1.49813107
6.37476398	133.07615662	0.00751449	125.04455161	8.03160501	65.36990625	4.19645993	1.49725850
6.37848072	134.75663249	0.00742079	124.99013461	9.76649788	65.36625113	4.19890411	1.49638695
6.38219746	135.01636759	0.00740651	124.58580369	10.43056390	65.36261235	4.20134828	1.49551641
6.38591420	133.21818034	0.00750648	123.69502449	9.52315585	65.35898991	4.20379245	1.49464689
6.38963094	129.59408569	0.00771640	122.40234150	7.19174419	65.35538378	4.20623661	1.49377838
6.39334769	124.88926188	0.00800709	120.99723520	3.89202668	65.35179396	4.20868077	1.49291088
6.39706443	120.31236521	0.00831170	119.88283730	0.42952791	65.34822044	4.21112493	1.49204439
6.40078117	116.99049123	0.00854770	119.47191093	-2.48141970	65.34466321	4.21356908	1.49117890
6.40449791	115.35020701	0.00866925	120.14857416	-4.79836715	65.34112225	4.21601322	1.49031442
6.40821465	115.66428375	0.00864571	122.25144835	-6.58716460	65.33759756	4.21845736	1.48945095
6.41193139	118.00482686	0.00847423	126.08876518	-8.08393832	65.33408912	4.22090150	1.48858847
6.41564813	122.55131276	0.00815985	131.92687314	-9.37556038	65.33059691	4.22334563	1.48772700
6.41936488	129.47985331	0.00772321	139.99426778	-10.51441447	65.32712093	4.22578976	1.48686652
6.42308162	138.69140625	0.00721025	150.45048022	-11.75907397	65.32366117	4.22823389	1.48600704
6.42679836	150.45778910	0.00664638	163.37260683	-12.91481773	65.32021762	4.23067800	1.48514855
6.43051510	165.22456868	0.00605237	178.71118975	-13.48662107	65.31679025	4.23312212	1.48429106
6.43423184	182.80391439	0.00547034	196.25163427	-13.44771988	65.31337907	4.23556623	1.48343456
6.43794858	203.44633993	0.00491530	215.55391721	-12.10757728	65.30998405	4.23801033	1.48257904
6.44166532	227.36056010	0.00439830	235.90092395	-8.54036385	65.30660519	4.24045443	1.48172452
6.44538207	253.08267212	0.00395128	256.27390944	-3.19123732	65.30324245	4.24289853	1.48087098
6.44909881	279.28566488	0.00358056	275.40281142	3.88285346	65.29989586	4.24534263	1.48001843
6.45281555	304.39906820	0.00328516	291.93873589	12.46033231	65.29656539	4.24778671	1.47916685
6.45653229	325.10233561	0.00307595	304.68530989	20.41702572	65.29325101	4.25023079	1.47831626
6.46024903	339.42122396	0.00294619	312.85518882	26.56603514	65.28995273	4.25267487	1.47746665
6.46396577	346.79819743	0.00288352	316.23708302	30.56111441	65.28667052	4.25511895	1.47661802
6.46768251	347.91532389	0.00287426	315.31184104	32.60348285	65.28340438	4.25756301	1.47577036
6.47139925	344.60705566	0.00290186	311.11806489	33.48899077	65.28015429	4.26000708	1.47492368
6.47511600	339.10133870	0.00294897	304.90259004	34.19874866	65.27692023	4.26245115	1.47407796
6.47883274	333.27488200	0.00300053	297.64273692	35.63214508	65.27370220	4.26489520	1.47323322
6.48254948	326.45170085	0.00306324	289.77475893	36.67694192	65.27050018	4.26733925	1.47238945
6.48626622	316.95362345	0.00315504	281.18910348	35.76451997	65.26731416	4.26978330	1.47154665
6.48998296	303.80228678	0.00329161	271.53691381	32.26537297	65.26414412	4.27222734	1.47070481
6.49369970	286.78401693	0.00348694	260.64040556	26.14361137	65.26099005	4.27467138	1.46986394
6.49741644	266.80174764	0.00374810	248.74704466	18.05470298	65.25785194	4.27711541	1.46902403
6.50113319	247.46070862	0.00404105	236.42367826	11.03703036	65.25472976	4.27955945	1.46818507
6.50484993	230.90203349	0.00433084	224.22738346	6.67465003	65.25162351	4.28200347	1.46734708
6.50856667	216.83923340	0.00461171	212.45223507	4.38699833	65.24853318	4.28444749	1.46651005
6.51228341	204.63916016	0.00488665	201.07722526	3.56193490	65.24545874	4.28689151	1.46567397
6.51600015	192.93029785	0.00518322	189.94223799	2.98805986	65.24240019	4.28933552	1.46483885
6.51971689	180.11953227	0.00555187	178.97414170	1.14539057	65.23935751	4.29177952	1.46400468
6.52343363	166.26529948	0.00601448	168.34751778	-2.08221830	65.23633069	4.29422352	1.46317146
6.52715037	152.24302673	0.00656845	158.43170138	-6.18867465	65.23331970	4.29666752	1.46233919
6.53086712	138.85050456	0.00720199	149.65106369	-10.80055913	65.23032453	4.29911152	1.46150787
6.53458386	127.55909220	0.00783950	142.33893897	-14.77984677	65.22734518	4.30155551	1.46067749
6.53830060	119.23007711	0.00838715	136.69438013	-17.46430302	65.22438163	4.30399949	1.45984806
6.54201734	114.29975891	0.00874892	132.77278199	-18.47302308	65.22143385	4.30644347	1.45901957
6.54573408	113.03801473	0.00884658	130.51148860	-17.47347387	65.21850185	4.30888745	1.45819202
6.54945082	115.59776815	0.00865069	129.73276714	-14.13499899	65.21558559	4.31133142	1.45736542
6.55316756	122.03843180	0.00819414	130.15753892	-8.11910712	65.21268506	4.31377538	1.45653975
6.55688431	130.97931417	0.00763479	131.38598045	-0.40666628	65.20980025	4.31621935	1.45571501
6.56060105	140.48856099	0.00711802	132.91124277	7.57731822	65.20693115	4.31866330	1.45489122
6.56431779	148.61428833	0.00672883	134.14074108	14.47354725	65.20407774	4.32110726	1.45406835
6.56803453	153.02608744	0.00653483	134.51237489	18.51371255	65.20124000	4.32355120	1.45324642
6.57175127	152.65851339	0.00655057	133.65608724	19.00242615	65.19841792	4.32599515	1.45242542
6.57546801	147.47834778	0.00678066	131.53762993	15.94071785	65.19561147	4.32843908	1.45160534
6.57918475	139.12916565	0.00718757	128.44982208	10.67934357	65.19282065	4.33088302	1.45078620
6.58290149	129.76108805	0.00770647	124.86434009	4.89674796	65.19004545	4.33332695	1.44996798
6.58661824	120.64963786	0.00828846	121.26073772	-0.61109986	65.18728582	4.33577088	1.44915068
6.59033498	113.26157633	0.00882912	118.02014927	-4.75857294	65.18454178	4.33821480	1.44833430
6.59405172	108.41385905	0.00922391	115.39798089	-6.98412184	65.18181330	4.34065871	1.44751885
6.59776846	106.35289764	0.00940266	113.52355028	-7.17065264	65.17910036	4.34310262	1.44670432
6.60148520	106.89921570	0.00935461	112.41334811	-5.51413241	65.17640295	4.34554653	1.44589070
6.60520194	109.50664775	0.00913187	111.97380036	-2.46715261	65.17372105	4.34799043	1.44507800
6.60891868	113.37937927	0.00881995	112.01409778	1.36528149	65.17105464	4.35043433	1.44426621
6.61263543	117.05157471	0.00854324	112.26089788	4.79067683	65.16840370	4.35287823	1.44345534
6.61635217	119.21626536	0.00838812	112.42188398	6.79438138	65.16576823	4.35532211	1.44264538
6.62006891	119.16838837	0.00839149	112.27468563	6.89370274	65.16314820	4.35776600	1.44183632
6.62378565	116.97455088	0.00854887	111.75913564	5.21541524	65.16054360	4.36020988	1.44102818
6.62750239	113.44802602	0.00881461	110.98860511	2.45942091	65.15795440	4.36265375	1.44022094
6.63121913	109.58122508	0.00912565	110.18041907	-0.59919399	65.15538060	4.36509762	1.43941461
6.63493587	106.58870697	0.00938186	109.55422954	-2.96552257	65.15282217	4.36754149	1.43860919
6.63865261	105.38718923	0.00948882	109.26377856	-3.87658933	65.15027910	4.36998535	1.43780466
6.64236936	106.37531789	0.00940068	109.36477877	-2.98946088	65.14775136	4.37242921	1.43700104
6.64608610	109.38349152	0.00914215	109.80711243	-0.42362091	65.14523894	4.37487306	1.43619831
6.64980284	113.62678528	0.00880074	110.42952189	3.19726339	65.14274183	4.37731691	1.43539649
6.65351958	118.10065969	0.00846735	110.97886484	7.12179485	65.14026001	4.37976075	1.43459556
6.65723632	121.44650777	0.00823408	111.13525515	10.31125262	65.13779345	4.38220458	1.43379552
6.66095306	122.50373840	0.00816302	110.61280404	11.89093436	65.13534215	4.38464842	1.43299638
6.66466980	120.78769938	0.00827899	109.27105455	11.51664483	65.13290607	4.38709225	1.43219813
6.66838655	116.74249268	0.00856586	107.17742156	9.56507112	65.13048521	4.38953608	1.43140077
6.67210329	111.40231578	0.00897647	104.57432866	6.82798712	65.12807954	4.39197989	1.43060430
6.67582003	105.67260488	0.00946319	101.77568499	3.89691989	65.12568906	4.39442371	1.42980871
6.67953677	100.37214661	0.00996292	99.08534887	1.28679774	65.12331373	4.39686752	1.42901402
6.68325351	96.05332692	0.01041088	96.75172459	-0.69839767	65.12095354	4.39931132	1.42822020
6.68697025	92.87697856	0.01076693	94.96775270	-2.09077414	65.11860848	4.40175512	1.42742727
6.69068699	90.82979075	0.01100960	93.87155221	-3.04176146	65.11627852	4.40419892	1.42663522
6.69440373	89.91321055	0.01112184	93.55740925	-3.64419870	65.11396364	4.40664271	1.42584405
6.69812048	90.17106374	0.01109003	94.07075074	-3.89968700	65.11166382	4.40908650	1.42505376
6.70183722	91.52190145	0.01092635	95.41331672	-3.89141527	65.10937905	4.41153028	1.42426435
6.70555396	93.78205872	0.01066302	97.53342093	-3.75136221	65.10710932	4.41397406	1.42347581
6.70927070	96.87128957	0.01032298	100.32732701	-3.45603744	65.10485459	4.41641783	1.42268815
6.71298744	100.59662120	0.00994069	103.62530057	-3.02867937	65.10261485	4.41886160	1.42190136
6.71670418	104.48394012	0.00957085	107.18647823	-2.70253811	65.10039008	4.42130537	1.42111544
6.72042092	108.11874644	0.00924909	110.68080836	-2.56206192	65.09818027	4.42374912	1.42033039
6.72413767	111.12009176	0.00899927	113.69932029	-2.57922853	65.09598537	4.42619288	1.41954620
6.72785441	112.96501160	0.00885230	115.79922668	-2.83421508	65.09380540	4.42863663	1.41876289
6.73157115	113.34653219	0.00882250	116.62164606	-3.27511387	65.09164032	4.43108038	1.41798044
6.73528789	112.09410350	0.00892108	116.02865072	-3.93454722	65.08949011	4.43352412	1.41719886
6.73900463	109.46665700	0.00913520	114.17005062	-4.70339362	65.08735476	4.43596785	1.41641813
6.74272137	105.79597982	0.00945216	111.42140077	-5.62542095	65.08523424	4.43841158	1.41563827
6.74643811	101.50188192	0.00985203	108.24350478	-6.74162286	65.08312853	4.44085531	1.41485927
6.75015486	97.28927867	0.01027862	105.07381878	-7.78454011	65.08103761	4.44329904	1.41408113
6.75387160	93.57254283	0.01068690	102.26902434	-8.69648151	65.07896147	4.44574275	1.41330384
6.75758834	90.56670888	0.01104158	100.11069844	-9.54398956	65.07690008	4.44818647	1.41252741
6.76130508	88.50110118	0.01129929	98.80757567	-10.30647449	65.07485343	4.45063017	1.41175183
6.76502182	87.48571523	0.01143044	98.51378673	-11.02807150	65.07282149	4.45307388	1.41097711
6.76873856	87.60883077	0.01141437	99.32659732	-11.71776655	65.07080424	4.45551757	1.41020324
6.77245530	88.92778015	0.01124508	101.29447949	-12.36669934	65.06880166	4.45796127	1.40943021
6.77617204	91.56669108	0.01092100	104.40590863	-12.83921755	65.06681374	4.46040496	1.40865804
6.77988879	95.68906657	0.01045051	108.59017685	-12.90111028	65.06484044	4.46284865	1.40788671
6.78360553	101.01861064	0.00989917	113.69650677	-12.67789613	65.06288176	4.46529233	1.40711623
6.78732227	107.36111959	0.00931436	119.48464974	-12.12353015	65.06093766	4.46773600	1.40634659
6.79103901	114.58675385	0.00872701	125.59851941	-11.01176556	65.05900814	4.47017967	1.40557780
6.79475575	121.85916138	0.00820619	131.57258392	-9.71342254	65.05709316	4.47262333	1.40480985
6.79847249	128.54752604	0.00777922	136.86459232	-8.31706628	65.05519271	4.47506700	1.40404274
6.80218923	134.27740479	0.00744727	140.95891259	-6.68150780	65.05330676	4.47751065	1.40327646
6.80590598	138.35139974	0.00722797	143.46639516	-5.11499542	65.05143529	4.47995431	1.40251102
6.80962272	140.24702962	0.00713028	144.17850368	-3.93147406	65.04957829	4.48239795	1.40174642
6.81333946	139.57310994	0.00716470	143.03801054	-3.46490060	65.04773573	4.48484160	1.40098266
6.81705620	136.45373535	0.00732849	140.11946747	-3.66573212	65.04590760	4.48728523	1.40021973
6.82077294	131.16228739	0.00762414	135.65926185	-4.49697446	65.04409386	4.48972886	1.39945763
6.82448968	124.11633809	0.00805696	130.06677056	-5.95043247	65.04229450	4.49217249	1.39869636
6.82820642	116.52291616	0.00858200	123.86584096	-7.34292480	65.04050949	4.49461611	1.39793592
6.83192316	109.32373810	0.00914714	117.57798737	-8.25424927	65.03873882	4.49705973	1.39717631
6.83563991	102.89239248	0.00971889	111.64147272	-8.74908024	65.03698245	4.49950335	1.39641752
6.83935665	97.77641551	0.01022742	106.37225032	-8.59583481	65.03524038	4.50194696	1.39565956
6.84307339	94.17010244	0.01061908	101.97897737	-7.80887493	65.03351258	4.50439056	1.39490242
6.84679013	92.04664358	0.01086406	98.57675326	-6.53010968	65.03179902	4.50683416	1.39414611
6.85050687	91.24472555	0.01095954	96.21195111	-4.96722556	65.03009969	4.50927776	1.39339061
6.85422361	91.61719513	0.01091498	94.87441033	-3.25721520	65.02841456	4.51172135	1.39263594
6.85794035	93.07790120	0.01074369	94.51071920	-1.43281800	65.02674360	4.51416493	1.39188209
6.86165710	95.31191254	0.01049187	95.02961868	0.28229386	65.02508681	4.51660852	1.39112905
6.86537384	98.05197398	0.01019867	96.30672420	1.74524978	65.02344415	4.51905209	1.39037683
6.86909058	101.12221781	0.00988902	98.18292961	2.93928820	65.02181560	4.52149566	1.38962542
6.87280732	104.14934285	0.00960160	100.45754340	3.69179945	65.02020114	4.52393923	1.38887483
6.87652406	106.86857351	0.00935729	102.88537757	3.98319594	65.01860075	4.52638279	1.38812504
6.88024080	109.11060842	0.00916501	105.18486856	3.92573986	65.01701440	4.52882635	1.38737607
6.88395754	110.68944041	0.00903429	107.08545253	3.60398788	65.01544207	4.53126990	1.38662791
6.88767428	111.63304647	0.00895792	108.40356640	3.22948007	65.01388375	4.53371344	1.38588056
6.89139103	112.06521352	0.00892338	109.10667186	2.95854166	65.01233939	4.53615699	1.38513401
6.89510777	112.39590454	0.00889712	109.31257347	3.08333107	65.01080899	4.53860053	1.38438826
6.89882451	113.07495880	0.00884369	109.20809441	3.86686439	65.00929252	4.54104406	1.38364333
6.90254125	114.59181468	0.00872663	108.95960202	5.63221266	65.00778996	4.54348759	1.38289919
6.90625799	116.99957275	0.00854704	108.63948293	8.36008982	65.00630128	4.54593111	1.38215586
6.90997473	119.76477051	0.00834970	108.21036973	11.55440078	65.00482646	4.54837463	1.38141332
6.91369147	122.07250468	0.00819185	107.53043555	14.54206913	65.00336548	4.55081814	1.38067159
6.91740822	122.90612284	0.00813629	106.41118298	16.49493986	65.00191830	4.55326166	1.37993065
6.92112496	121.53297170	0.00822822	104.70040594	16.83256576	65.00048492	4.55570516	1.37919051
6.92484170	117.76174927	0.00849172	102.36511832	15.39663095	64.99906530	4.55814866	1.37845116
6.92855844	112.18196106	0.00891409	99.51714670	12.66481436	64.99765943	4.56059215	1.37771261
6.93227518	105.85781606	0.00944663	96.35982381	9.49799225	64.99626727	4.56303564	1.37697485
6.93599192	99.46409353	0.01005388	93.11502056	6.34907297	64.99488881	4.56547913	1.37623788
6.93970866	93.62784831	0.01068058	89.96589163	3.66195668	64.99352402	4.56792261	1.37550170
6.94342540	88.80237325	0.01126096	87.04497741	1.75739584	64.99217288	4.57036608	1.37476631
6.94714215	84.99299876	0.01176567	84.43492509	0.55807367	64.99083535	4.57280956	1.37403170
6.95085889	82.06943003	0.01218480	82.18318502	-0.11375499	64.98951143	4.57525302	1.37329789
6.95457563	79.91674042	0.01251302	80.30975124	-0.39301082	64.98820108	4.57769648	1.37256485
6.95829237	78.43522898	0.01274937	78.81812589	-0.38289691	64.98690428	4.58013994	1.37183261
6.96200911	77.44273376	0.01291277	77.70000363	-0.25726987	64.98562101	4.58258339	1.37110114
6.96572585	76.81553396	0.01301820	76.94250810	-0.12697414	64.98435124	4.58502684	1.37037045
6.96944259	76.50586446	0.01307089	76.53359191	-0.02772745	64.98309494	4.58747028	1.36964055
6.97315934	76.43047333	0.01308379	76.46572650	-0.03525317	64.98185210	4.58991372	1.36891142
6.97687608	76.56081899	0.01306151	76.73858407	-0.17776508	64.98062268	4.59235715	1.36818307
6.98059282	76.91679891	0.01300106	77.35951166	-0.44271275	64.97940667	4.59480058	1.36745550
6.98430956	77.58696493	0.01288876	78.34106594	-0.75410101	64.97820404	4.59724400	1.36672870
6.98802630	78.66915894	0.01271146	79.69971014	-1.03055120	64.97701476	4.59968742	1.36600267
6.99174304	80.36431630	0.01244333	81.44793417	-1.08361787	64.97583880	4.60213083	1.36527742
6.99545978	82.86143494	0.01206834	83.59125221	-0.72981727	64.97467616	4.60457424	1.36455294
6.99917653	86.29338328	0.01158837	86.11703413	0.17634915	64.97352678	4.60701765	1.36382923
7.00289327	90.71595764	0.01102342	88.98877017	1.72718747	64.97239067	4.60946104	1.36310628
7.00661001	96.08262126	0.01040771	92.13037627	3.95224499	64.97126778	4.61190444	1.36238411
7.01032675	101.81154378	0.00982207	95.41764561	6.39389817	64.97015810	4.61434782	1.36166270
7.01404349	107.36732992	0.00931382	98.66778158	8.69954834	64.96906159	4.61679121	1.36094205
7.01776023	112.29533386	0.00890509	101.65732117	10.63801269	64.96797824	4.61923459	1.36022217
7.02147697	116.07948812	0.00861479	104.16400338	11.91548474	64.96690801	4.62167796	1.35950306
7.02519371	118.71501668	0.00842353	106.03587703	12.67913965	64.96585088	4.62412133	1.35878470
7.02891046	120.68340810	0.00828614	107.22741278	13.45599532	64.96480683	4.62656470	1.35806710
7.03262720	122.32894389	0.00817468	107.77901579	14.54992810	64.96377583	4.62900806	1.35735026
7.03634394	123.67949422	0.00808541	107.74245339	15.93704083	64.96275786	4.63145141	1.35663418
7.04006068	124.39613851	0.00803883	107.12157568	17.27456283	64.96175288	4.63389476	1.35591886
7.04377742	123.79247538	0.00807804	105.86742133	17.92505405	64.96076088	4.63633810	1.35520429
7.04749416	121.30986023	0.00824335	103.93257046	17.37728977	64.95978182	4.63878144	1.35449048
7.05121090	116.76480357	0.00856422	101.34690016	15.41790341	64.95881569	4.64122478	1.35377742
7.05492765	110.72530619	0.00903136	98.24721139	12.47809480	64.95786245	4.64366811	1.35306511
7.05864439	104.04767863	0.00961098	94.84798514	9.19969349	64.95692208	4.64611144	1.35235355
7.06236113	97.35685730	0.01027149	91.37239752	5.98445978	64.95599455	4.64855476	1.35164274
7.06607787	91.51410421	0.01092728	88.00734458	3.50675963	64.95507984	4.65099807	1.35093268
7.06979461	86.74141693	0.01152852	84.87920192	1.86221501	64.95417792	4.65344138	1.35022337
7.07351135	82.93112691	0.01205820	82.06820897	0.86291794	64.95328877	4.65588469	1.34951480
7.07722809	80.01913198	0.01249701	79.60722318	0.41190880	64.95241235	4.65832799	1.34880698
7.08094483	77.90902710	0.01283548	77.50261550	0.40641160	64.95154864	4.66077128	1.34809990
7.08466158	76.41250610	0.01308686	75.73856242	0.67394368	64.95069762	4.66321458	1.34739356
7.08837832	75.35563660	0.01327041	74.28652203	1.06911457	64.94985925	4.66565786	1.34668797
7.09209506	74.63711548	0.01339816	73.10955661	1.52755887	64.94903352	4.66810114	1.34598311
7.09581180	74.14961243	0.01348625	72.16640911	1.98320332	64.94822039	4.67054442	1.34527900
7.09952854	73.83158112	0.01354434	71.41680693	2.41477419	64.94741984	4.67298769	1.34457562
7.10324528	73.61238352	0.01358467	70.82278996	2.78959356	64.94663184	4.67543096	1.34387297
7.10696202	73.44873810	0.01361494	70.35122898	3.09750912	64.94585636	4.67787422	1.34317107
7.11067877	73.30492147	0.01364165	69.97413619	3.33078528	64.94509338	4.68031748	1.34246989
7.11439551	73.19162242	0.01366277	69.66914415	3.52247827	64.94434287	4.68276073	1.34176945
7.11811225	73.09292094	0.01368122	69.41877827	3.67414267	64.94360481	4.68520398	1.34106975
7.12182899	73.01654307	0.01369553	69.20995936	3.80658371	64.94287916	4.68764722	1.34037077
7.12554573	72.96070862	0.01370601	69.03312866	3.92757996	64.94216590	4.69009045	1.33967252
7.12926247	72.90714010	0.01371608	68.88109259	4.02604751	64.94146500	4.69253369	1.33897500
7.13297921	72.85980225	0.01372499	68.74894632	4.11085593	64.94077643	4.69497691	1.33827821
7.13669595	72.82336934	0.01373186	68.63310546	4.19026388	64.94010017	4.69742013	1.33758215
7.14041270	72.80546824	0.01373523	68.52801257	4.27745567	64.93943619	4.69986336	1.33688681
7.14412944	72.79208883	0.01373776	68.43761459	4.35447424	64.93878446	4.70230657	1.33619219
7.14784618	72.77482096	0.01374102	68.35747929	4.41734167	64.93814495	4.70474977	1.33549830
7.15156292	72.73121897	0.01374925	68.28660059	4.44461838	64.93751764	4.70719298	1.33480512
7.15527966	72.69990031	0.01375518	68.22379777	4.47610254	64.93690250	4.70963617	1.33411267
7.15899640	72.68584696	0.01375784	68.16846023	4.51738673	64.93629949	4.71207936	1.33342094
7.16271314	72.69595083	0.01375592	68.11995285	4.57599798	64.93570860	4.71452255	1.33272993
7.16642989	72.68712107	0.01375760	68.07787147	4.60924960	64.93512980	4.71696574	1.33203963
7.17014663	72.66932933	0.01376096	68.04158277	4.62774656	64.93456305	4.71940892	1.33135005
7.17386337	72.65493266	0.01376369	68.01089460	4.64403806	64.93400833	4.72185209	1.33066119
7.17758011	72.65918986	0.01376288	67.98552763	4.67366223	64.93346561	4.72429525	1.32997304
7.18129685	72.66490428	0.01376180	67.96515560	4.69974868	64.93293487	4.72673842	1.32928560
7.18501359	72.67033386	0.01376077	67.94949326	4.72084060	64.93241607	4.72918157	1.32859887
7.18873033	72.66882579	0.01376106	67.93852532	4.73030047	64.93190918	4.73162473	1.32791286
7.19244707	72.69190470	0.01375669	67.93215296	4.75975174	64.93141419	4.73406787	1.32722755
7.19616382	72.72441101	0.01375054	67.93065678	4.79375423	64.93093105	4.73651102	1.32654295
7.19988056	72.75890859	0.01374402	67.93343503	4.82547356	64.93045974	4.73895416	1.32585906
7.20359730	72.77536265	0.01374091	67.94073387	4.83462878	64.93000023	4.74139729	1.32517588
7.20731404	72.78477732	0.01373914	67.95268706	4.83209026	64.92955250	4.74384042	1.32449340
7.21103078	72.78779602	0.01373857	67.96941798	4.81837804	64.92911652	4.74628354	1.32381162
7.21474752	72.80358632	0.01373559	67.99109948	4.81248684	64.92869225	4.74872666	1.32313055
7.21846426	72.81879171	0.01373272	68.01795541	4.80083630	64.92827967	4.75116977	1.32245018
7.22218101	72.83185832	0.01373026	68.05027511	4.78158321	64.92787875	4.75361288	1.32177051
7.22589775	72.84358215	0.01372805	68.08840860	4.75517355	64.92748946	4.75605598	1.32109154
7.22961449	72.86218007	0.01372454	68.13280910	4.72937097	64.92711177	4.75849908	1.32041326
7.23333123	72.88645426	0.01371997	68.18402176	4.70243250	64.92674565	4.76094217	1.31973569
7.23704797	72.89515432	0.01371833	68.24285561	4.65229871	64.92639108	4.76338526	1.31905881
7.24076471	72.91377004	0.01371483	68.31000739	4.60376265	64.92604802	4.76582834	1.31838263
7.24448145	72.95288086	0.01370748	68.38692251	4.56595835	64.92571644	4.76827142	1.31770714
7.24819820	73.00035604	0.01369856	68.47492801	4.52542803	64.92539632	4.77071450	1.31703235
7.25191494	73.05391439	0.01368852	68.57640678	4.47750761	64.92508763	4.77315756	1.31635824
7.25563168	73.11176809	0.01367769	68.69444291	4.41732518	64.92479034	4.77560063	1.31568483
7.25934842	73.16885630	0.01366702	68.83361480	4.33524150	64.92450441	4.77804368	1.31501211
7.26306516	73.22451528	0.01365663	68.99952302	4.22499226	64.92422983	4.78048674	1.31434008
7.26678190	73.30389913	0.01364184	69.20068130	4.10321783	64.92396655	4.78292978	1.31366873
7.27049864	73.40221914	0.01362357	69.44809345	3.95412569	64.92371455	4.78537282	1.31299808
7.27421538	73.53220622	0.01359948	69.75619111	3.77601511	64.92347381	4.78781586	1.31232810
7.27793213	73.70156606	0.01356823	70.14287642	3.55868964	64.92324428	4.79025890	1.31165881
7.28164887	73.93846385	0.01352476	70.63003572	3.30842813	64.92302594	4.79270193	1.31099021
7.28536561	74.26627350	0.01346506	71.24182822	3.02444528	64.92281877	4.79514495	1.31032229
7.28908235	74.71800232	0.01338366	72.00492353	2.71307879	64.92262273	4.79758796	1.30965505
7.29279909	75.32133484	0.01327645	72.94525707	2.37607777	64.92243779	4.80003098	1.30898849
7.29651583	76.16751862	0.01312896	74.08611184	2.08140678	64.92226392	4.80247398	1.30832261
7.30023257	77.34619649	0.01292888	75.44348534	1.90271115	64.92210110	4.80491698	1.30765741
7.30394932	78.95398712	0.01266560	77.02169430	1.93229282	64.92194928	4.80735999	1.30699289
7.30766606	81.11638641	0.01232797	78.81460453	2.30178188	64.92180845	4.80980298	1.30632904
7.31138280	83.97650146	0.01190809	80.79158332	3.18491814	64.92167857	4.81224596	1.30566587
7.31509954	87.46665446	0.01143293	82.89663060	4.57002386	64.92155961	4.81468895	1.30500337
7.31881628	91.45405579	0.01093445	85.04243398	6.41162181	64.92145155	4.81713192	1.30434155
7.32253302	95.61649068	0.01045845	87.10127036	8.51522032	64.92135434	4.81957489	1.30368040
7.32624976	99.28852081	0.01007166	88.90745646	10.38106435	64.92126797	4.82201786	1.30301992
7.32996650	101.86262004	0.00981714	90.27235192	11.59026812	64.92119239	4.82446082	1.30236011
7.33368325	102.90681203	0.00971753	91.02949760	11.87731443	64.92112759	4.82690378	1.30170096
7.33739999	102.24250031	0.00978067	91.09245836	11.15004195	64.92107353	4.82934673	1.30104249
7.34111673	100.00356801	0.00999964	90.49482696	9.50874105	64.92103017	4.83178968	1.30038469
7.34483347	96.58766174	0.01035329	89.37795175	7.20970999	64.92099750	4.83423262	1.29972755
7.34855021	92.74501801	0.01078225	87.94583166	4.79918635	64.92097547	4.83667556	1.29907107
7.35226695	88.96340942	0.01124058	86.40193260	2.56147682	64.92096406	4.83911849	1.29841526
7.35598369	85.53543854	0.01169106	84.92383215	0.61160639	64.92096324	4.84156141	1.29776012
7.35970044	82.76421865	0.01208252	83.65255638	-0.88833773	64.92097298	4.84400434	1.29710563
7.36341718	80.66543070	0.01239688	82.69710321	-2.03167251	64.92099324	4.84644725	1.29645181
7.36713392	79.20721944	0.01262511	82.14079063	-2.93357119	64.92102399	4.84889016	1.29579865
7.37085066	78.32683563	0.01276702	82.04415252	-3.71731689	64.92106521	4.85133307	1.29514614
7.37456740	78.03695424	0.01281444	82.44795974	-4.41100550	64.92111686	4.85377597	1.29449430
7.37828414	78.36984762	0.01276001	83.37439844	-5.00455082	64.92117892	4.85621886	1.29384311
7.38200088	79.33632151	0.01260457	84.82516910	-5.48884759	64.92125134	4.85866175	1.29319258
7.38571762	81.06459045	0.01233584	86.77960051	-5.71501006	64.92133410	4.86110464	1.29254270
7.38943437	83.77473704	0.01193677	89.19000893	-5.41527189	64.92142717	4.86354752	1.29189347
7.39315111	87.50995382	0.01142727	91.97479665	-4.46484283	64.92153052	4.86599040	1.29124490
7.39686785	92.26076762	0.01083884	95.01273564	-2.75196802	64.92164412	4.86843327	1.29059699
7.40058459	97.92058055	0.01021236	98.13274091	-0.21216036	64.92176793	4.87087613	1.28994972
7.40430133	103.79304250	0.00963456	101.11757755	2.67546495	64.92190192	4.87331899	1.28930311
7.40801807	109.28380330	0.00915049	103.72610126	5.55770204	64.92204607	4.87576184	1.28865714
7.41173481	113.92804718	0.00877747	105.73061614	8.19743104	64.92220034	4.87820469	1.28801182
7.41545156	117.04492696	0.00854373	106.96076041	10.08416655	64.92236470	4.88064754	1.28736715
7.41916830	118.26966349	0.00845525	107.32188383	10.94777966	64.92253911	4.88309038	1.28672312
7.42288504	117.48107656	0.00851201	106.79734873	10.68372783	64.92272355	4.88553322	1.28607974
7.42660178	114.92221069	0.00870154	105.44635860	9.47585209	64.92291799	4.88797604	1.28543701
7.43031852	110.94263204	0.00901367	103.41256343	7.53006861	64.92312239	4.89041887	1.28479492
7.43403526	105.90837860	0.00944212	100.91038949	4.99798911	64.92333672	4.89286168	1.28415347
7.43775200	100.69097137	0.00993138	98.19028713	2.50068424	64.92356094	4.89530450	1.28351266
7.44146874	95.82850647	0.01043531	95.49013000	0.33837647	64.92379504	4.89774730	1.28287250
7.44518549	91.58961995	0.01091827	93.00600765	-1.41638770	64.92403898	4.90019011	1.28223297
7.44890223	88.27685038	0.01132800	90.87881582	-2.60196544	64.92429271	4.90263291	1.28159408
7.45261897	85.94178772	0.01163578	89.20251367	-3.26072595	64.92455622	4.90507570	1.28095583
7.45633571	84.47443136	0.01183790	88.02754726	-3.55311590	64.92482948	4.90751849	1.28031821
7.46005245	83.74182383	0.01194146	87.37383674	-3.63201291	64.92511243	4.90996127	1.27968124
7.46376919	83.63707225	0.01195642	87.23359406	-3.59652181	64.92540507	4.91240405	1.27904489
7.46748593	84.04450226	0.01189846	87.57847216	-3.53396990	64.92570735	4.91484682	1.27840918
7.47120268	84.77808380	0.01179550	88.36128468	-3.58320088	64.92601924	4.91728959	1.27777410
7.47491942	85.73058828	0.01166445	89.51893196	-3.78834368	64.92634071	4.91973235	1.27713966
7.47863616	86.84808858	0.01151436	90.97213717	-4.12404859	64.92667173	4.92217511	1.27650585
7.48235290	88.00498962	0.01136299	92.63291759	-4.62792797	64.92701227	4.92461786	1.27587266
7.48606964	89.14677938	0.01121746	94.42197474	-5.27519536	64.92736228	4.92706061	1.27524011
7.48978638	90.33028920	0.01107048	96.29516410	-5.96487490	64.92772175	4.92950335	1.27460818
7.49350312	91.63242086	0.01091317	98.26882506	-6.63640420	64.92809064	4.93194608	1.27397688
7.49721987	93.21001180	0.01072846	100.41811957	-7.20810777	64.92846891	4.93438882	1.27334621
7.50093661	95.35284932	0.01048736	102.85227625	-7.49942693	64.92885654	4.93683154	1.27271616
7.50465335	98.32605998	0.01017024	105.66994983	-7.34388985	64.92925349	4.93927426	1.27208674
7.50837009	102.40577443	0.00976507	108.92750264	-6.52172821	64.92965972	4.94171698	1.27145794
7.51208683	107.81011454	0.00927557	112.61187014	-4.80175560	64.93007521	4.94415969	1.27082977
7.51580357	114.14746857	0.00876060	116.63114706	-2.48367849	64.93049993	4.94660239	1.27020221
7.51952031	120.77646383	0.00827976	120.80522161	-0.02875778	64.93093383	4.94904509	1.26957528
7.52323705	127.06849162	0.00786977	124.88252356	2.18596806	64.93137690	4.95148778	1.26894897
7.52695380	132.08157349	0.00757108	128.57437731	3.50719618	64.93182909	4.95393048	1.26832327
7.53067054	135.26132202	0.00739310	131.62086006	3.64046196	64.93229037	4.95637316	1.26769819
7.53438728	136.47643026	0.00732727	133.84783644	2.62859382	64.93276071	4.95881584	1.26707373
7.53810402	136.06698100	0.00734932	135.20085586	0.86612514	64.93324008	4.96125851	1.26644989
7.54182076	134.54362996	0.00743253	135.74237421	-1.19874425	64.93372844	4.96370118	1.26582666
7.54553750	132.21200562	0.00756361	135.62576272	-3.41375710	64.93422576	4.96614384	1.26520405
7.54925424	129.64760335	0.00771322	135.05026233	-5.40265898	64.93473201	4.96858650	1.26458205
7.55297099	127.10976919	0.00786722	134.19801891	-7.08824972	64.93524715	4.97102916	1.26396066
7.55668773	124.68995921	0.00801989	133.18304437	-8.49308516	64.93577116	4.97347181	1.26333989
7.56040447	122.53265381	0.00816109	132.02130316	-9.48864935	64.93630399	4.97591445	1.26271972
7.56412121	120.68716176	0.00828589	130.65367482	-9.96651306	64.93684562	4.97835708	1.26210017
7.56783795	119.08815511	0.00839714	128.99503740	-9.90688229	64.93739601	4.98079971	1.26148122
7.57155469	117.63035838	0.00850121	127.00974285	-9.37938447	64.93795513	4.98324234	1.26086288
7.57527143	116.24694316	0.00860238	124.75488258	-8.50793942	64.93852295	4.98568496	1.26024515
7.57898817	114.96213277	0.00869852	122.38324701	-7.42111424	64.93909943	4.98812758	1.25962803
7.58270492	113.85603841	0.00878302	120.09554533	-6.23950692	64.93968453	4.99057019	1.25901151
7.58642166	113.11255646	0.00884075	118.08366514	-4.97110868	64.94027824	4.99301280	1.25839559
7.59013840	112.89639791	0.00885768	116.48680643	-3.59040852	64.94088050	4.99545540	1.25778028
7.59385514	113.21815491	0.00883251	115.37860236	-2.16044745	64.94149130	4.99789799	1.25716558
7.59757188	113.94616699	0.00877607	114.75715929	-0.81099230	64.94211059	5.00034058	1.25655147
7.60128862	114.81393433	0.00870974	114.55909946	0.25483487	64.94273834	5.00278316	1.25593797
7.60500536	115.45310465	0.00866153	114.67305439	0.78005026	64.94337452	5.00522574	1.25532506
7.60872211	115.61481222	0.00864941	114.98138856	0.63342366	64.94401909	5.00766832	1.25471275
7.61243885	115.31898244	0.00867160	115.40119314	-0.08221070	64.94467203	5.01011089	1.25410105
7.61615559	114.97150421	0.00869781	115.91561751	-0.94411330	64.94533329	5.01255345	1.25348994
7.61987233	115.15995280	0.00868357	116.55790466	-1.39795186	64.94600285	5.01499601	1.25287942
7.62358907	116.31903839	0.00859704	117.36955805	-1.05051966	64.94668066	5.01743856	1.25226951
7.62730581	118.61674245	0.00843051	118.34953700	0.26720545	64.94736670	5.01988111	1.25166018
7.63102255	121.74625397	0.00821381	119.43224048	2.31401349	64.94806094	5.02232365	1.25105145
7.63473929	125.20554606	0.00798687	120.49457009	4.71097597	64.94876333	5.02476619	1.25044332
7.63845604	128.30145264	0.00779414	121.38988157	6.91157107	64.94947385	5.02720872	1.24983577
7.64217278	130.40520732	0.00766841	121.99004854	8.41515878	64.95019246	5.02965125	1.24922882
7.64588952	131.31841024	0.00761508	122.21114228	9.10726796	64.95091912	5.03209377	1.24862246
7.64960626	131.07179769	0.00762941	122.02586236	9.04593533	64.95165381	5.03453629	1.24801669
7.65332300	129.84331258	0.00770159	121.45142876	8.39188382	64.95239649	5.03697880	1.24741151
7.65703974	127.81431834	0.00782385	120.53426054	7.28005780	64.95314712	5.03942130	1.24680691
7.66075648	125.23742167	0.00798483	119.31726165	5.92016002	64.95390567	5.04186380	1.24620290
7.66447323	122.44197591	0.00816713	117.83322583	4.60875008	64.95467211	5.04430630	1.24559948
7.66818997	119.64190165	0.00835828	116.10769456	3.53420709	64.95544640	5.04674879	1.24499664
7.67190671	117.11096700	0.00853891	114.17994908	2.93101792	64.95622851	5.04919127	1.24439439
7.67562345	115.05445608	0.00869154	112.09529070	2.95916538	64.95701841	5.05163375	1.24379273
7.67934019	113.26920573	0.00882852	109.88658777	3.38261796	64.95781605	5.05407622	1.24319164
7.68305693	111.43560282	0.00897379	107.55278796	3.88281486	64.95862141	5.05651869	1.24259114
7.68677367	109.20128377	0.00915740	105.06943189	4.13185188	64.95943445	5.05896115	1.24199121
7.69049041	106.25762939	0.00941109	102.42127349	3.83635590	64.96025513	5.06140361	1.24139187
7.69420716	102.53926595	0.00975236	99.63653126	2.90273469	64.96108343	5.06384607	1.24079311
7.69792390	98.34656525	0.01016812	96.79215217	1.55441308	64.96191931	5.06628851	1.24019493
7.70164064	94.06277212	0.01063120	93.99370136	0.06907076	64.96276273	5.06873095	1.23959732
7.70535738	90.03214518	0.01110714	91.34401356	-1.31186838	64.96361366	5.07117339	1.23900029
7.70907412	86.63156891	0.01154314	88.92339725	-2.29182834	64.96447206	5.07361582	1.23840384
7.71279086	83.91073100	0.01191743	86.78598125	-2.87525025	64.96533791	5.07605824	1.23780796
7.71650760	81.79195404	0.01222614	84.96212834	-3.17017430	64.96621116	5.07850066	1.23721266
7.72022435	80.20450083	0.01246813	83.46708456	-3.26258373	64.96709178	5.08094308	1.23661793
7.72394109	79.13288116	0.01263697	82.30597540	-3.17309424	64.96797974	5.08338549	1.23602377
7.72765783	78.47623189	0.01274271	81.48033214	-3.00410025	64.96887500	5.08582790	1.23543019
7.73137457	78.14019775	0.01279751	80.99115490	-2.85095715	64.96977752	5.08827029	1.23483717
7.73509131	78.10610199	0.01280310	80.84200244	-2.73590045	64.97068728	5.09071269	1.23424473
7.73880805	78.34736379	0.01276367	81.04261940	-2.69525561	64.97160424	5.09315507	1.23365286
7.74252479	78.81392161	0.01268811	81.60843389	-2.79451228	64.97252836	5.09559746	1.23306155
7.74624153	79.56319173	0.01256863	82.56139940	-2.99820767	64.97345961	5.09803983	1.23247082
7.74995828	80.69777425	0.01239192	83.92778652	-3.23001227	64.97439795	5.10048221	1.23188064
7.75367502	82.29964447	0.01215072	85.73573635	-3.43609188	64.97534335	5.10292458	1.23129104
7.75739176	84.49353790	0.01183522	88.00955221	-3.51601431	64.97629577	5.10536694	1.23070200
7.76110850	87.53149923	0.01142446	90.76595036	-3.23445113	64.97725518	5.10780929	1.23011353
7.76482524	91.50485484	0.01092838	94.00410383	-2.49924899	64.97822155	5.11025164	1.22952562
7.76854198	96.53392537	0.01035905	97.70077604	-1.16685067	64.97919483	5.11269399	1.22893827
7.77225872	102.71302795	0.00973586	101.79591612	0.91711183	64.98017500	5.11513632	1.22835149
7.77597547	109.61341349	0.00912297	106.18637589	3.42703760	64.98116202	5.11757866	1.22776526
7.77969221	116.80670929	0.00856115	110.71129709	6.09541220	64.98215585	5.12002099	1.22717960
7.78340895	123.87708791	0.00807252	115.15689965	8.72018826	64.98315646	5.12246332	1.22659450
7.78712569	130.07331848	0.00768797	119.26843022	10.80488826	64.98416381	5.12490563	1.22600995
7.79084243	135.04571025	0.00740490	122.79506099	12.25064926	64.98517787	5.12734794	1.22542597
7.79455917	138.77310181	0.00720601	125.53773398	13.23536783	64.98619860	5.12979025	1.22484254
7.79827591	141.23434957	0.00708043	127.39413667	13.84021290	64.98722598	5.13223255	1.22425967
7.80199266	142.33713786	0.00702557	128.36786477	13.96927309	64.98825995	5.13467486	1.22367735
7.80570940	142.00573730	0.00704197	128.55120299	13.45453431	64.98930050	5.13711715	1.22309559
7.80942614	140.22651164	0.00713132	128.09490883	12.13160281	64.99034757	5.13955943	1.22251438
7.81314288	136.99175008	0.00729971	127.18723689	9.80451319	64.99140115	5.14200171	1.22193373
7.81685962	132.50614421	0.00754682	126.04973067	6.45641354	64.99246118	5.14444398	1.22135362
7.82057636	127.53063202	0.00784125	124.92195184	2.60868018	64.99352764	5.14688625	1.22077408
7.82429310	122.82101695	0.00814193	124.03534494	-1.21432799	64.99460049	5.14932852	1.22019508
7.82800984	118.93167114	0.00840819	123.57003852	-4.63836738	64.99567970	5.15177077	1.21961663
7.83172659	116.38159180	0.00859242	123.63060911	-7.24901731	64.99676523	5.15421303	1.21903873
7.83544333	115.41210938	0.00866460	124.23341977	-8.82131039	64.99785705	5.15665528	1.21846138
7.83916007	116.04700979	0.00861720	125.32477293	-9.27776314	64.99895511	5.15909752	1.21788458
7.84287681	118.10062154	0.00846736	126.80844127	-8.70781973	65.00005939	5.16153976	1.21730832
7.84659355	121.42024740	0.00823586	128.58159512	-7.16134772	65.00116985	5.16398199	1.21673261
7.85031029	125.86108144	0.00794527	130.55130336	-4.69022192	65.00228644	5.16642422	1.21615745
7.85402703	130.86306763	0.00764158	132.62959006	-1.76652243	65.00340915	5.16886644	1.21558283
7.85774378	135.98150126	0.00735394	134.71897907	1.26252219	65.00453793	5.17130866	1.21500876
7.86146052	140.93369548	0.00709554	136.71292755	4.22076793	65.00567275	5.17375087	1.21443523
7.86517726	145.18013000	0.00688799	138.50570156	6.67442844	65.00681357	5.17619307	1.21386224
7.86889400	148.30477397	0.00674287	140.00038325	8.30439072	65.00796035	5.17863527	1.21328979
7.87261074	149.87678019	0.00667215	141.12035049	8.75642970	65.00911306	5.18107746	1.21271789
7.87632748	149.61349996	0.00668389	141.81927916	7.79422080	65.01027167	5.18351965	1.21214652
7.88004422	147.46104431	0.00678145	142.12501230	5.33603201	65.01143613	5.18596183	1.21157569
7.88376096	143.63138326	0.00696227	142.15496874	1.47641452	65.01260642	5.18840401	1.21100541
7.88747771	138.94329325	0.00719718	142.09783199	-3.15453874	65.01378249	5.19084618	1.21043566
7.89119445	134.13888041	0.00745496	142.15209481	-8.01321440	65.01496432	5.19328835	1.20986644
7.89491119	129.81304423	0.00770339	142.47133859	-12.65829436	65.01615186	5.19573051	1.20929777
7.89862793	126.72753652	0.00789094	143.13486628	-16.40732976	65.01734507	5.19817266	1.20872963
7.90234467	125.27736410	0.00798229	144.15862699	-18.88126289	65.01854394	5.20061481	1.20816202
7.90606141	125.83386485	0.00794699	145.53032933	-19.69646448	65.01974841	5.20305696	1.20759495
7.90977815	128.59894053	0.00777611	147.24131901	-18.64237848	65.02095845	5.20549909	1.20702841
7.91349490	133.85353597	0.00747085	149.30107645	-15.44754048	65.02217403	5.20794123	1.20646241
7.91721164	141.99712118	0.00704240	151.70759431	-9.71047313	65.02339511	5.21038336	1.20589693
7.92092838	152.64144389	0.00655130	154.40872521	-1.76728132	65.02462165	5.21282548	1.20533199
7.92464512	165.01744588	0.00605997	157.24711192	7.77033396	65.02585363	5.21526760	1.20476758
7.92836186	177.93361410	0.00562007	159.94793765	17.98567645	65.02709099	5.21770971	1.20420369
7.93207860	188.85390727	0.00529510	162.13005623	26.72385104	65.02833371	5.22015182	1.20364034
7.93579534	195.63836670	0.00511147	163.39269075	32.24567595	65.02958175	5.22259392	1.20307751
7.93951208	196.96916199	0.00507694	163.42219937	33.54696262	65.03083508	5.22503601	1.20251522
7.94322883	192.87045288	0.00518483	162.10501685	30.76543603	65.03209365	5.22747810	1.20195344
7.94694557	184.30107625	0.00542590	159.54931599	24.75176026	65.03335744	5.22992019	1.20139220
7.95066231	172.62362671	0.00579295	156.02036588	16.60326083	65.03462640	5.23236227	1.20083148
7.95437905	160.29964701	0.00623832	151.82685331	8.47279370	65.03590051	5.23480434	1.20027128
7.95809579	148.73490397	0.00672337	147.23596818	1.49893579	65.03717971	5.23724640	1.19971161
7.96181253	138.23241679	0.00723419	142.46143828	-4.22902149	65.03846399	5.23968847	1.19915246
7.96552927	129.11882273	0.00774480	137.69081870	-8.57199597	65.03975330	5.24213052	1.19859383
7.96924602	121.44857279	0.00823394	133.12736826	-11.67879547	65.04104760	5.24457258	1.19803572
7.97296276	115.27791850	0.00867469	128.98104898	-13.70313048	65.04234686	5.24701462	1.19747814
7.97667950	110.74044800	0.00903012	125.44542882	-14.70498082	65.04365105	5.24945666	1.19692107
7.98039624	108.08794912	0.00925173	122.65105073	-14.56310161	65.04496012	5.25189870	1.19636453
7.98411298	107.67606354	0.00928712	120.65234361	-12.97628007	65.04627405	5.25434072	1.19580850
7.98782972	109.46231842	0.00913556	119.41114376	-9.94882534	65.04759279	5.25678275	1.19525299
7.99154646	113.15036774	0.00883780	118.80849482	-5.65812708	65.04891630	5.25922476	1.19469800
7.99526320	118.17348735	0.00846213	118.64154201	-0.46805466	65.05024456	5.26166678	1.19414352
7.99897995	123.30351512	0.00811007	118.64803612	4.65547900	65.05157753	5.26410879	1.19358956
8.00269669	127.29764811	0.00785560	118.52865602	8.76899209	65.05291517	5.26655079	1.19303612
8.00641343	129.24572754	0.00773720	118.00651809	11.23920945	65.05425744	5.26899278	1.19248319
8.01013017	128.57916260	0.00777731	116.88168095	11.69748165	65.05560430	5.27143477	1.19193077
8.01384691	125.44924418	0.00797135	115.07982572	10.36941846	65.05695573	5.27387676	1.19137887
8.01756365	120.20451101	0.00831916	112.65984342	7.54466759	65.05831168	5.27631874	1.19082747
8.02128039	113.80089315	0.00878728	109.78619587	4.01469728	65.05967212	5.27876071	1.19027659
8.02499714	107.18954722	0.00932927	106.67881282	0.51073440	65.06103702	5.28120268	1.18972622
8.02871388	100.85991414	0.00991474	103.56011929	-2.70020515	65.06240632	5.28364464	1.18917636
8.03243062	95.34925842	0.01048776	100.62273620	-5.27347778	65.06378001	5.28608660	1.18862701
8.03614736	90.95256805	0.01099474	98.01152857	-7.05896052	65.06515804	5.28852855	1.18807817
8.03986410	87.79740651	0.01138986	95.82592185	-8.02851534	65.06654037	5.29097050	1.18752983
8.04358084	85.88391622	0.01164362	94.12068964	-8.23677342	65.06792697	5.29341243	1.18698201
8.04729758	85.10643768	0.01174999	92.91395441	-7.80751673	65.06931781	5.29585437	1.18643468
8.05101433	85.48244985	0.01169831	92.18808052	-6.70563067	65.07071285	5.29829630	1.18588787
8.05473107	86.80387370	0.01152022	91.89279476	-5.08892106	65.07211204	5.30073823	1.18534156
8.05844781	88.74573008	0.01126815	91.94595678	-3.20022670	65.07351536	5.30318014	1.18479575
8.06216455	91.04019419	0.01098416	92.23420741	-1.19401322	65.07492276	5.30562205	1.18425045
8.06588129	93.19274902	0.01073045	92.62215834	0.57059068	65.07633422	5.30806396	1.18370565
8.06959803	94.73037211	0.01055628	92.96692846	1.76344365	65.07774969	5.31050586	1.18316135
8.07331477	95.37425741	0.01048501	93.14569086	2.22856655	65.07916914	5.31294776	1.18261756
8.07703151	95.05332692	0.01052041	93.07804374	1.97528318	65.08059253	5.31538965	1.18207426
8.08074826	93.91653697	0.01064775	92.73445397	1.18208300	65.08201982	5.31783154	1.18153147
8.08446500	92.14399974	0.01085258	92.12137893	0.02262081	65.08345098	5.32027341	1.18098917
8.08818174	90.09877014	0.01109893	91.25981909	-1.16104895	65.08488598	5.32271529	1.18044738
8.09189848	88.08815511	0.01135226	90.17289230	-2.08473719	65.08632476	5.32515715	1.17990608
8.09561522	86.18807729	0.01160253	88.88894712	-2.70086983	65.08776731	5.32759901	1.17936528
8.09933196	84.45396169	0.01184077	87.45335505	-2.99939336	65.08921358	5.33004087	1.17882498
8.10304870	82.91689301	0.01206027	85.92962573	-3.01273272	65.09066353	5.33248272	1.17828517
8.10676545	81.56047058	0.01226084	84.39327448	-2.83280390	65.09211713	5.33492457	1.17774586
8.11048219	80.36938222	0.01244255	82.91595065	-2.54656843	65.09357435	5.33736641	1.17720704
8.11419893	79.32981873	0.01260560	81.55769092	-2.22787219	65.09503513	5.33980824	1.17666872
8.11791567	78.46118927	0.01274515	80.36231859	-1.90112932	65.09649946	5.34225007	1.17613089
8.12163241	77.73184458	0.01286474	79.35966818	-1.62782360	65.09796729	5.34469189	1.17559355
8.12534915	77.16905467	0.01295856	78.56647329	-1.39741862	65.09943858	5.34713371	1.17505670
8.12906589	76.75317637	0.01302878	77.99919154	-1.24601517	65.10091330	5.34957552	1.17452035
8.13278263	76.50811005	0.01307051	77.66668602	-1.15857597	65.10239142	5.35201732	1.17398449
8.13649938	76.42215220	0.01308521	77.57534930	-1.15319710	65.10387289	5.35445913	1.17344911
8.14021612	76.50542704	0.01307097	77.73245206	-1.22702502	65.10535768	5.35690092	1.17291423
8.14393286	76.78273265	0.01302376	78.14613728	-1.36340463	65.10684574	5.35934271	1.17237983
8.14764960	77.25998179	0.01294331	78.82574172	-1.56575993	65.10833706	5.36178449	1.17184592
8.15136634	77.97067261	0.01282534	79.77966678	-1.80899417	65.10983158	5.36422627	1.17131250
8.15508308	78.87755076	0.01267788	81.01437308	-2.13682232	65.11132927	5.36666804	1.17077957
8.15879982	79.95423126	0.01250716	82.53518535	-2.58095409	65.11283010	5.36910981	1.17024712
8.16251657	81.20623016	0.01231433	84.33697548	-3.13074532	65.11433403	5.37155157	1.16971516
8.16623331	82.64422099	0.01210006	86.40283412	-3.75861313	65.11584102	5.37399333	1.16918368
8.16995005	84.23482259	0.01187157	88.69989430	-4.46507171	65.11735103	5.37643508	1.16865269
8.17366679	85.96726227	0.01163234	91.17234766	-5.20508539	65.11886403	5.37887682	1.16812218
8.17738353	87.88049316	0.01137909	93.74334723	-5.86285407	65.12037998	5.38131856	1.16759215
8.18110027	89.98531596	0.01111292	96.31949062	-6.33417466	65.12189884	5.38376029	1.16706260
8.18481701	92.32730865	0.01083103	98.80915848	-6.48184983	65.12342059	5.38620202	1.16653354
8.18853375	94.94056447	0.01053291	101.13622461	-6.19566014	65.12494517	5.38864374	1.16600496
8.19225050	97.68731181	0.01023674	103.24930623	-5.56199442	65.12647256	5.39108546	1.16547685
8.19596724	100.31545003	0.00996855	105.10642710	-4.79097707	65.12800271	5.39352717	1.16494923
8.19968398	102.52585856	0.00975364	106.66127367	-4.13541511	65.12953560	5.39596887	1.16442208
8.20340072	103.91099548	0.00962362	107.85739169	-3.94639621	65.13107118	5.39841057	1.16389542
8.20711746	104.18421427	0.00959838	108.65379408	-4.46957981	65.13260941	5.40085226	1.16336923
8.21083420	103.38884481	0.00967222	109.06125121	-5.67240640	65.13415026	5.40329394	1.16284351
8.21455094	101.85988871	0.00981741	109.16547543	-7.30558672	65.13569370	5.40573563	1.16231827
8.21826769	100.08984884	0.00999102	109.11388081	-9.02403197	65.13723969	5.40817731	1.16179351
8.22198443	98.64018504	0.01013786	109.07303595	-10.43285091	65.13878818	5.41061898	1.16126923
8.22570117	98.09013875	0.01019470	109.18521672	-11.09507797	65.14033915	5.41306064	1.16074541
8.22941791	98.70000458	0.01013171	109.53616416	-10.83615958	65.14189255	5.41550230	1.16022207
8.23313465	100.45190684	0.00995501	110.14380970	-9.69190286	65.14344835	5.41794395	1.15969921
8.23685139	102.89250437	0.00971888	110.95600834	-8.06350397	65.14500651	5.42038560	1.15917681
8.24056813	105.53809611	0.00947525	111.86357920	-6.32548309	65.14656700	5.42282724	1.15865489
8.24428487	107.86171722	0.00927113	112.72240641	-4.86068919	65.14812977	5.42526887	1.15813344
8.24800162	109.27822367	0.00915095	113.39544635	-4.11722268	65.14969481	5.42771051	1.15761246
8.25171836	109.64023844	0.00912074	113.79319165	-4.15295321	65.15126205	5.43015213	1.15709195
8.25543510	109.07179769	0.00916827	113.90034516	-4.82854747	65.15283147	5.43259375	1.15657191
8.25915184	107.99658203	0.00925955	113.79244444	-5.79586241	65.15440303	5.43503536	1.15605233
8.26286858	106.91735331	0.00935302	113.58112424	-6.66377093	65.15597670	5.43747697	1.15553323
8.26658532	106.33659871	0.00940410	113.38688482	-7.05028611	65.15755243	5.43991857	1.15501459
8.27030206	106.68794250	0.00937313	113.29568136	-6.60773886	65.15913019	5.44236016	1.15449642
8.27401881	108.15343984	0.00924612	113.33023277	-5.17679293	65.16070995	5.44480176	1.15397871
8.27773555	110.70534007	0.00903299	113.44690688	-2.74156681	65.16229167	5.44724334	1.15346147
8.28145229	113.84261322	0.00878406	113.54093290	0.30168032	65.16387530	5.44968492	1.15294469
8.28516903	116.98042806	0.00854844	113.47262376	3.50780430	65.16546082	5.45212649	1.15242838
8.28888577	119.38062286	0.00837657	113.09237831	6.28824455	65.16704819	5.45456806	1.15191253
8.29260251	120.25511678	0.00831565	112.27242704	7.98268974	65.16863736	5.45700962	1.15139715
8.29631925	119.18247986	0.00839049	110.93311620	8.24936366	65.17022831	5.45945117	1.15088222
8.30003600	116.11775208	0.00861195	109.06852118	7.04923090	65.17182099	5.46189273	1.15036776
8.30375274	111.57794189	0.00896234	106.75754067	4.82040122	65.17341537	5.46433427	1.14985376
8.30746948	106.12825012	0.00942256	104.14936394	1.97888618	65.17501142	5.46677581	1.14934022
8.31118622	100.36031850	0.00996410	101.43006556	-1.06974706	65.17660908	5.46921734	1.14882714
8.31490296	95.12005870	0.01051303	98.78219402	-3.66213532	65.17820834	5.47165887	1.14831452
8.31861970	90.76170095	0.01101786	96.35902205	-5.59732110	65.17980915	5.47410039	1.14780235
8.32233644	87.37192535	0.01144532	94.27380988	-6.90188453	65.18141147	5.47654190	1.14729065
8.32605318	85.09410604	0.01175170	92.59928815	-7.50518211	65.18301528	5.47898341	1.14677940
8.32976993	83.96916962	0.01190913	91.37217949	-7.40300987	65.18462052	5.48142492	1.14626861
8.33348667	84.01285807	0.01190294	90.59650715	-6.58364908	65.18622717	5.48386642	1.14575827
8.33720341	85.04638672	0.01175829	90.24541572	-5.19902900	65.18783518	5.48630791	1.14524839
8.34092015	86.96744792	0.01149856	90.26334524	-3.29589732	65.18944453	5.48874940	1.14473897
8.34463689	89.55554708	0.01116625	90.56394923	-1.00840215	65.19105517	5.49119088	1.14422999
8.34835363	92.27284495	0.01083742	91.03549728	1.23734767	65.19266707	5.49363235	1.14372148
8.35207037	94.64227041	0.01056610	91.54832954	3.09394087	65.19428018	5.49607382	1.14321341
8.35578712	96.37286377	0.01037636	91.97633296	4.39653081	65.19589449	5.49851529	1.14270580
8.35950386	97.13887787	0.01029454	92.21888134	4.91999653	65.19750993	5.50095675	1.14219864
8.36322060	96.92805227	0.01031693	92.21948235	4.70856992	65.19912649	5.50339820	1.14169193
8.36693734	95.84960429	0.01043301	91.96222840	3.88737589	65.20074412	5.50583964	1.14118567
8.37065408	94.25975291	0.01060898	91.45331909	2.80643382	65.20236279	5.50828108	1.14067986
8.37437082	92.41832733	0.01082036	90.70020937	1.71811796	65.20398245	5.51072252	1.14017450
8.37808756	90.45157369	0.01105564	89.70478873	0.74678496	65.20560308	5.51316394	1.13966959
8.38180430	88.56458791	0.01129119	88.47344041	0.09114750	65.20722464	5.51560537	1.13916513
8.38552105	86.78455861	0.01152279	87.03159259	-0.24703398	65.20884708	5.51804679	1.13866111
8.38923779	85.06587982	0.01175559	85.43277918	-0.36689936	65.21047038	5.52048820	1.13815755
8.39295453	83.43321991	0.01198563	83.74948497	-0.31626506	65.21209449	5.52292960	1.13765443
8.39667127	81.89358775	0.01221097	82.05923299	-0.16564524	65.21371938	5.52537100	1.13715175
8.40038801	80.46134440	0.01242833	80.42811646	0.03322794	65.21534502	5.52781240	1.13664952
8.40410475	79.14897410	0.01263440	78.90634580	0.24262830	65.21697136	5.53025378	1.13614773
8.40782149	77.98531850	0.01282293	77.52563851	0.45967999	65.21859836	5.53269517	1.13564639
8.41153824	76.95370229	0.01299483	76.30383496	0.64986733	65.22022601	5.53513655	1.13514549
8.41525498	76.07548269	0.01314484	75.24734157	0.82814112	65.22185424	5.53757792	1.13464504
8.41897172	75.36715190	0.01326838	74.35583026	1.01132164	65.22348304	5.54001928	1.13414503
8.42268846	74.82416534	0.01336467	73.62359251	1.20057283	65.22511235	5.54246064	1.13364545
8.42640520	74.41930135	0.01343737	73.04277342	1.37652793	65.22674215	5.54490199	1.13314632
8.43012194	74.10477448	0.01349441	72.60457929	1.50019519	65.22837240	5.54734334	1.13264763
8.43383868	73.88686117	0.01353421	72.30098530	1.58587587	65.23000307	5.54978468	1.13214938
8.43755542	73.74960073	0.01355940	72.12505964	1.62454109	65.23163410	5.55222601	1.13165157
8.44127217	73.68415578	0.01357144	72.07199752	1.61215826	65.23326548	5.55466735	1.13115420
8.44498891	73.66083527	0.01357574	72.13885629	1.52197898	65.23489716	5.55710867	1.13065727
8.44870565	73.68675232	0.01357096	72.32437535	1.36237697	65.23652910	5.55954999	1.13016077
8.45242239	73.77987162	0.01355383	72.62821003	1.15166159	65.23816127	5.56199130	1.12966471
8.45613913	73.96780396	0.01351940	73.04928387	0.91852009	65.23979364	5.56443261	1.12916909
8.45985587	74.27600098	0.01346330	73.58537890	0.69062208	65.24142616	5.56687391	1.12867390
8.46357261	74.73846690	0.01337999	74.23058345	0.50788345	65.24305879	5.56931520	1.12817915
8.46728936	75.40971120	0.01326089	74.97433258	0.43537862	65.24469152	5.57175650	1.12768484
8.47100610	76.34926605	0.01309770	75.79885010	0.55041595	65.24632428	5.57419778	1.12719095
8.47472284	77.64391836	0.01287931	76.67359355	0.97032481	65.24795706	5.57663905	1.12669750
8.47843958	79.32532756	0.01260631	77.56811556	1.75721200	65.24958981	5.57908032	1.12620449
8.48215632	81.23971049	0.01230925	78.42621241	2.81349808	65.25122249	5.58152159	1.12571191
8.48587306	83.14461009	0.01202724	79.18176104	3.96284905	65.25285507	5.58396285	1.12521976
8.48958980	84.79349264	0.01179336	79.76159600	5.03189664	65.25448752	5.58640410	1.12472804
8.49330654	85.84459432	0.01164896	80.09850200	5.74609232	65.25611979	5.58884535	1.12423675
8.49702329	86.13686371	0.01160943	80.15077204	5.98609167	65.25775186	5.59128659	1.12374589
8.50074003	85.64198558	0.01167652	79.91722335	5.72476223	65.25938367	5.59372783	1.12325546
8.50445677	84.50018819	0.01183429	79.43807374	5.06211445	65.26101521	5.59616906	1.12276546
8.50817351	82.95447795	0.01205480	78.78292713	4.17155082	65.26264642	5.59861028	1.12227588
8.51189025	81.23807780	0.01230950	78.03049437	3.20758343	65.26427728	5.60105150	1.12178674
8.51560699	79.63744354	0.01255691	77.25503098	2.38241256	65.26590774	5.60349271	1.12129802
8.51932373	78.25735219	0.01277835	76.51803640	1.73931579	65.26753778	5.60593392	1.12080973
8.52304048	77.09268188	0.01297140	75.86737177	1.22531011	65.26916735	5.60837512	1.12032187
8.52675722	76.19477081	0.01312426	75.33929491	0.85547590	65.27079642	5.61081632	1.11983443
8.53047396	75.55340576	0.01323567	74.96034566	0.59306010	65.27242495	5.61325751	1.11934742
8.53419070	75.12912496	0.01331042	74.74834349	0.38078147	65.27405291	5.61569869	1.11886083
8.53790744	74.91457621	0.01334854	74.71325219	0.20132402	65.27568026	5.61813986	1.11837467
8.54162418	74.88858541	0.01335317	74.85796169	0.03062372	65.27730695	5.62058103	1.11788893
8.54534092	75.09817251	0.01331590	75.17839495	-0.08022244	65.27893297	5.62302220	1.11740361
8.54905767	75.55794017	0.01323488	75.66309686	-0.10515669	65.28055827	5.62546336	1.11691871
8.55277441	76.32095083	0.01310256	76.29319153	0.02775930	65.28218281	5.62790452	1.11643424
8.55649115	77.45673116	0.01291043	77.04109034	0.41564082	65.28380656	5.63034566	1.11595019
8.56020789	78.97962189	0.01266149	77.86910273	1.11051916	65.28542947	5.63278680	1.11546656
8.56392463	80.86928558	0.01236563	78.72759137	2.14169421	65.28705153	5.63522794	1.11498335
8.56764137	83.01078288	0.01204663	79.55435449	3.45642839	65.28867268	5.63766907	1.11450056
8.57135811	85.08079529	0.01175353	80.27532523	4.80547006	65.29029289	5.64011019	1.11401818
8.57507485	86.70775096	0.01153299	80.81496031	5.89279065	65.29191213	5.64255131	1.11353623
8.57879160	87.62320709	0.01141250	81.11075716	6.51244993	65.29353037	5.64499243	1.11305469
8.58250834	87.70450846	0.01140192	81.13248707	6.57202139	65.29514755	5.64743353	1.11257357
8.58622508	87.00451660	0.01149366	80.89294839	6.11156821	65.29676366	5.64987463	1.11209287
8.58994182	85.66231283	0.01167375	80.44433662	5.21797621	65.29837864	5.65231572	1.11161259
8.59365856	83.97694651	0.01190803	79.86250593	4.11444058	65.29999247	5.65475681	1.11113272
8.59737530	82.27581278	0.01215424	79.22784033	3.04797245	65.30160511	5.65719789	1.11065326
8.60109204	80.69789632	0.01239190	78.61402158	2.08387474	65.30321652	5.65963897	1.11017423
8.60480879	79.39365133	0.01259547	78.08157281	1.31207852	65.30482668	5.66208004	1.10969560
8.60852553	78.41449229	0.01275274	77.67926640	0.73522589	65.30643553	5.66452111	1.10921739
8.61224227	77.78662109	0.01285568	77.44404113	0.34257996	65.30804305	5.66696216	1.10873959
8.61595901	77.51094564	0.01290140	77.40427113	0.10667451	65.30964919	5.66940322	1.10826220
8.61967575	77.54128011	0.01289636	77.57989572	-0.03861561	65.31125393	5.67184426	1.10778523
8.62339249	77.92410024	0.01283300	77.98440133	-0.06030109	65.31285722	5.67428530	1.10730867
8.62710923	78.66261037	0.01271252	78.62370873	0.03890164	65.31445904	5.67672633	1.10683252
8.63082597	79.73412832	0.01254168	79.49794571	0.23618261	65.31605934	5.67916736	1.10635678
8.63454272	81.16964213	0.01231988	80.59937466	0.57026747	65.31765810	5.68160839	1.10588145
8.63825946	82.89588674	0.01206332	81.91303370	0.98285304	65.31925526	5.68404941	1.10540653
8.64197620	84.84910583	0.01178563	83.41317181	1.43593402	65.32085080	5.68649042	1.10493201
8.64569294	86.94056956	0.01150211	85.06241622	1.87815334	65.32244469	5.68893142	1.10445791
8.64940968	89.01405843	0.01123418	86.80942097	2.20463746	65.32403688	5.69137242	1.10398421
8.65312642	90.94629415	0.01099550	88.59354990	2.35274425	65.32562733	5.69381341	1.10351093
8.65684316	92.68040212	0.01078977	90.35430075	2.32610137	65.32721603	5.69625439	1.10303804
8.66055991	94.19998932	0.01061571	92.04919469	2.15079463	65.32880292	5.69869538	1.10256557
8.66427665	95.52802022	0.01046813	93.66962578	1.85839444	65.33038797	5.70113635	1.10209350
8.66799339	96.83917999	0.01032640	95.24436220	1.59481779	65.33197115	5.70357732	1.10162183
8.67171013	98.34756978	0.01016802	96.82611981	1.52144997	65.33355242	5.70601828	1.10115057
8.67542687	100.27278646	0.00997280	98.46718075	1.80560571	65.33513175	5.70845924	1.10067972
8.67914361	102.74122365	0.00973319	100.19637307	2.54485058	65.33670909	5.71090019	1.10020927
8.68286035	105.64339193	0.00946581	102.00373443	3.63965750	65.33828442	5.71334113	1.09973922
8.68657709	108.77955627	0.00919290	103.83676079	4.94279548	65.33985770	5.71578207	1.09926957
8.69029384	111.89724477	0.00893677	105.60487294	6.29237183	65.34142889	5.71822301	1.09880033
8.69401058	114.68341064	0.00871966	107.19569479	7.48771585	65.34299796	5.72066394	1.09833148
8.69772732	116.79323324	0.00856214	108.49783628	8.29539696	65.34456487	5.72310486	1.09786304
8.70144406	118.06751506	0.00846973	109.42741359	8.64010147	65.34612958	5.72554577	1.09739500
8.70516080	118.51313273	0.00843788	109.95073574	8.56239699	65.34769207	5.72798668	1.09692736
8.70887754	118.26538595	0.00845556	110.09152071	8.17386524	65.34925228	5.73042758	1.09646012
8.71259428	117.47748057	0.00851227	109.91827526	7.55920531	65.35081020	5.73286847	1.09599328
8.71631103	116.38263957	0.00859235	109.51349643	6.86914314	65.35236579	5.73530937	1.09552683
8.72002777	115.14045207	0.00868504	108.94291076	6.19754131	65.35391900	5.73775025	1.09506079
8.72374451	113.72456614	0.00879317	108.23506751	5.48949863	65.35546980	5.74019113	1.09459514
8.72746125	112.07681529	0.00892245	107.38312564	4.69368965	65.35701816	5.74263200	1.09412989
8.73117799	110.08874003	0.00908358	106.36074825	3.72799178	65.35856404	5.74507287	1.09366503
8.73489473	107.65829213	0.00928865	105.14512980	2.51316233	65.36010741	5.74751373	1.09320057
8.73861147	104.80395253	0.00954162	103.73313572	1.07081681	65.36164823	5.74995458	1.09273651
8.74232821	101.66095225	0.00983662	102.14892657	-0.48797432	65.36318647	5.75239543	1.09227284
8.74604496	98.34830983	0.01016794	100.44630096	-2.09799113	65.36472209	5.75483628	1.09180957
8.74976170	95.07462819	0.01051805	98.70643118	-3.63180299	65.36625505	5.75727711	1.09134669
8.75347844	92.02043660	0.01086715	97.03078235	-5.01034575	65.36778533	5.75971794	1.09088420
8.75719518	89.28435008	0.01120017	95.52580895	-6.24145887	65.36931287	5.76215876	1.09042211
8.76091192	86.96823120	0.01149845	94.28900517	-7.32077397	65.37083766	5.76459958	1.08996041
8.76462866	85.17236837	0.01174090	93.39563038	-8.22326201	65.37235965	5.76704039	1.08949910
8.76834540	84.01490529	0.01190265	92.89531576	-8.88041047	65.37387882	5.76948120	1.08903818
8.77206215	83.54740397	0.01196925	92.81288012	-9.26547615	65.37539512	5.77192200	1.08857765
8.77577889	83.80049642	0.01193310	93.14514368	-9.34464726	65.37690852	5.77436280	1.08811752
8.77949563	84.91224925	0.01177686	93.86191852	-8.94966927	65.37841898	5.77680358	1.08765777
8.78321237	86.82127380	0.01151791	94.90765381	-8.08638001	65.37992647	5.77924436	1.08719841
8.78692911	89.39880117	0.01118583	96.19598403	-6.79718286	65.38143095	5.78168514	1.08673945
8.79064585	92.47826385	0.01081335	97.61501708	-5.13675323	65.38293240	5.78412591	1.08628087
8.79436259	95.65795135	0.01045391	99.03169838	-3.37374703	65.38443077	5.78656667	1.08582268
8.79807933	98.51344045	0.01015090	100.31222455	-1.79878410	65.38592602	5.78900742	1.08536487
8.80179608	100.73782603	0.00992676	101.34464566	-0.60681963	65.38741814	5.79144818	1.08490745
8.80551282	102.14830017	0.00978969	102.06094383	0.08735634	65.38890708	5.79388893	1.08445042
8.80922956	102.74067179	0.00973324	102.44218737	0.29848442	65.39039279	5.79632966	1.08399378
8.81294630	102.63601939	0.00974317	102.51216092	0.12385847	65.39187526	5.79877040	1.08353752
8.81666304	102.08517202	0.00979574	102.32501896	-0.23984694	65.39335445	5.80121112	1.08308165
8.82037978	101.27942912	0.00987367	101.94672970	-0.66730058	65.39483031	5.80365184	1.08262616
8.82409652	100.27765910	0.00997231	101.44429466	-1.16663556	65.39630282	5.80609255	1.08217106
8.82781327	99.15437317	0.01008528	100.87645864	-1.72208547	65.39777195	5.80853327	1.08171633
8.83153001	97.92196910	0.01021221	100.28982220	-2.36785310	65.39923765	5.81097397	1.08126199
8.83524675	96.58891042	0.01035316	99.72490504	-3.13599462	65.40069989	5.81341467	1.08080804
8.83896349	95.28506470	0.01049482	99.22256475	-3.93750005	65.40215864	5.81585535	1.08035447
8.84268023	94.17862956	0.01061812	98.82350902	-4.64487946	65.40361386	5.81829604	1.07990127
8.84639697	93.45425924	0.01070042	98.56034182	-5.10608258	65.40506552	5.82073671	1.07944846
8.85011371	93.22861735	0.01072632	98.44516980	-5.21655245	65.40651358	5.82317739	1.07899603
8.85383046	93.47705841	0.01069781	98.45973621	-4.98267780	65.40795802	5.82561806	1.07854398
8.85754720	93.99296316	0.01063909	98.55532025	-4.56235709	65.40939879	5.82805872	1.07809231
8.86126394	94.47759247	0.01058452	98.66568098	-4.18808851	65.41083586	5.83049937	1.07764102
8.86498068	94.62618256	0.01056790	98.72287830	-4.09669574	65.41226919	5.83294001	1.07719011
8.86869742	94.31345367	0.01060294	98.67921750	-4.36576383	65.41369876	5.83538065	1.07673958
8.87241416	93.55412292	0.01068900	98.51755375	-4.96343083	65.41512452	5.83782129	1.07628942
8.87613090	92.53105164	0.01080718	98.25532293	-5.72427129	65.41654645	5.84026192	1.07583965
8.87984764	91.45118205	0.01093480	97.93524596	-6.48406391	65.41796451	5.84270254	1.07539024
8.88356439	90.58806356	0.01103898	97.61052714	-7.02246358	65.41937866	5.84514316	1.07494122
8.88728113	90.17312876	0.01108978	97.32755855	-7.15442979	65.42078888	5.84758377	1.07449257
8.89099787	90.31201426	0.01107272	97.10945373	-6.79743947	65.42219511	5.85002437	1.07404430
8.89471461	90.98327128	0.01099103	96.94807863	-5.96480735	65.42359734	5.85246497	1.07359640
8.89843135	92.05378977	0.01086321	96.80260607	-4.74881630	65.42499553	5.85490556	1.07314887
8.90214809	93.35323334	0.01071200	96.61001060	-3.25677726	65.42638965	5.85734615	1.07270172
8.90586483	94.64217377	0.01056611	96.29894381	-1.65677004	65.42777965	5.85978672	1.07225495
8.90958158	95.65926107	0.01045377	95.80943706	-0.15017599	65.42916551	5.86222730	1.07180854
8.91329832	96.17294312	0.01039793	95.10204063	1.07090249	65.43054720	5.86466787	1.07136251
8.91701506	96.02879842	0.01041354	94.16488825	1.86391017	65.43192467	5.86710843	1.07091686
8.92073180	95.22851054	0.01050106	93.01289612	2.21561442	65.43329789	5.86954898	1.07047157
8.92444854	93.78854879	0.01066228	91.68944681	2.09910198	65.43466683	5.87198953	1.07002665
8.92816528	91.85621134	0.01088658	90.26110777	1.59510357	65.43603147	5.87443007	1.06958211
8.93188202	89.65409597	0.01115398	88.80823071	0.84586526	65.43739175	5.87687061	1.06913794
8.93559876	87.36349233	0.01144643	87.41099787	-0.04750554	65.43874765	5.87931114	1.06869413
8.93931551	85.21825663	0.01173457	86.13759843	-0.91934180	65.44009915	5.88175167	1.06825070
8.94303225	83.42641449	0.01198661	85.03780020	-1.61138571	65.44144619	5.88419218	1.06780763
8.94674899	82.12246195	0.01217694	84.14069962	-2.01823767	65.44278875	5.88663269	1.06736493
8.95046573	81.35835266	0.01229130	83.45595890	-2.09760624	65.44412679	5.88907320	1.06692260
8.95418247	81.17317454	0.01231934	82.97550329	-1.80232875	65.44546029	5.89151370	1.06648064
8.95789921	81.60242462	0.01225454	82.67343861	-1.07101399	65.44678920	5.89395419	1.06603905
8.96161595	82.55643972	0.01211293	82.50823235	0.04820737	65.44811349	5.89639468	1.06559782
8.96533270	83.79229736	0.01193427	82.42296585	1.36933151	65.44943314	5.89883516	1.06515696
8.96904944	85.07726796	0.01175402	82.35030839	2.72695957	65.45074811	5.90127564	1.06471646
8.97276618	86.10088094	0.01161428	82.22111255	3.87976839	65.45205836	5.90371610	1.06427633
8.97648292	86.59113566	0.01154853	81.97860378	4.61253188	65.45336385	5.90615656	1.06383656
8.98019966	86.41198476	0.01157247	81.59162416	4.82036060	65.45466457	5.90859702	1.06339716
8.98391640	85.59744008	0.01168259	81.06233311	4.53510697	65.45596047	5.91103747	1.06295813
8.98763314	84.36106873	0.01185381	80.42178906	3.93927967	65.45725152	5.91347791	1.06251945
8.99134988	82.89997355	0.01206273	79.71811160	3.18186195	65.45853768	5.91591835	1.06208114
8.99506663	81.42688243	0.01228096	79.00391358	2.42296885	65.45981894	5.91835878	1.06164319
8.99878337	80.13571676	0.01247883	78.32775045	1.80796631	65.46109524	5.92079921	1.06120561
9.00250011	79.07919312	0.01264555	77.73123910	1.34795402	65.46236656	5.92323962	1.06076838
9.00621685	78.27146149	0.01277605	77.24842653	1.02303496	65.46363286	5.92568003	1.06033152
9.00993359	77.70528920	0.01286914	76.90809611	0.79719309	65.46489412	5.92812044	1.05989502
9.01365033	77.38333130	0.01292268	76.73382792	0.64950338	65.46615029	5.93056084	1.05945887
9.01736707	77.30734507	0.01293538	76.74619061	0.56115446	65.46740135	5.93300123	1.05902309
9.02108382	77.45945485	0.01290998	76.96175228	0.49770257	65.46864727	5.93544162	1.05858767
9.02480056	77.86230469	0.01284319	77.39319243	0.46911226	65.46988801	5.93788200	1.05815260
9.02851730	78.48013051	0.01274208	78.05162983	0.42850068	65.47112353	5.94032238	1.05771790
9.03223404	79.32082367	0.01260703	78.94113926	0.37968441	65.47235380	5.94276275	1.05728355
9.03595078	80.40779114	0.01243661	80.06085998	0.34693116	65.47357880	5.94520311	1.05684956
9.03966752	81.78506978	0.01222717	81.40323522	0.38183456	65.47479849	5.94764346	1.05641593
9.04338426	83.41309611	0.01198853	82.95211859	0.46097752	65.47601284	5.95008381	1.05598266
9.04710100	85.29946645	0.01172340	84.68052126	0.61894519	65.47722180	5.95252415	1.05554974
9.05081775	87.42344920	0.01143858	86.54754700	0.87590220	65.47842537	5.95496450	1.05511717
9.05453449	89.65974681	0.01115328	88.49486871	1.16487810	65.47962349	5.95740483	1.05468497
9.05825123	91.92141978	0.01087886	90.44416123	1.47725855	65.48081613	5.95984515	1.05425311
9.06196797	94.06725057	0.01063069	92.29840834	1.76884223	65.48200327	5.96228547	1.05382162
9.06568471	95.90823110	0.01042663	93.95212379	1.95610731	65.48318487	5.96472578	1.05339047
9.06940145	97.28592173	0.01027898	95.31223056	1.97369117	65.48436090	5.96716608	1.05295968
9.07311819	98.07736206	0.01019603	96.32447595	1.75288611	65.48553133	5.96960638	1.05252925
9.07683494	98.28359222	0.01017464	96.99507044	1.28852178	65.48669612	5.97204668	1.05209916
9.08055168	97.95208740	0.01020907	97.39090924	0.56117816	65.48785525	5.97448697	1.05166943
9.08426842	97.29378255	0.01027815	97.62125215	-0.32746960	65.48900867	5.97692725	1.05124005
9.08798516	96.60078684	0.01035188	97.80587422	-1.20508738	65.49015637	5.97936752	1.05081102
9.09170190	96.11508942	0.01040419	98.05021376	-1.93512434	65.49129829	5.98180779	1.05038235
9.09541864	96.03508504	0.01041286	98.42613439	-2.39104935	65.49243443	5.98424805	1.04995402
9.09913538	96.43443044	0.01036974	98.96879934	-2.53436890	65.49356473	5.98668830	1.04952605
9.10285213	97.26033020	0.01028168	99.67483978	-2.41450958	65.49468918	5.98912856	1.04909842
9.10656887	98.33090464	0.01016974	100.51147921	-2.18057457	65.49580773	5.99156880	1.04867114
9.11028561	99.41468302	0.01005888	101.42448079	-2.00979777	65.49692036	5.99400904	1.04824422
9.11400235	100.44330088	0.00995587	102.35068069	-1.90737981	65.49802703	5.99644927	1.04781764
9.11771909	101.44541423	0.00985752	103.22217550	-1.77676127	65.49912772	5.99888949	1.04739141
9.12143583	102.42701976	0.00976305	103.96711785	-1.54009809	65.50022239	6.00132971	1.04696553
9.12515257	103.38095601	0.00967296	104.50370982	-1.12275381	65.50131100	6.00376992	1.04653999
9.12886931	104.23470306	0.00959373	104.74256878	-0.50786572	65.50239353	6.00621012	1.04611480
9.13258606	104.81249746	0.00954085	104.59709508	0.21540238	65.50346996	6.00865033	1.04568996
9.13630280	104.90153758	0.00953275	104.00751168	0.89402590	65.50454023	6.01109052	1.04526546
9.14001954	104.31713613	0.00958615	102.96226789	1.35486824	65.50560433	6.01353070	1.04484131
9.14373628	103.02548218	0.00970634	101.51000137	1.51548081	65.50666221	6.01597088	1.04441751
9.14745302	101.08088938	0.00989307	99.75025778	1.33063160	65.50771386	6.01841105	1.04399405
9.15116976	98.68298340	0.01013346	97.80990892	0.87307448	65.50875924	6.02085122	1.04357093
9.15488650	96.17410278	0.01039781	95.81601258	0.35809020	65.50979831	6.02329138	1.04314816
9.15860325	93.74491119	0.01066725	93.87677457	-0.13186338	65.51083105	6.02573154	1.04272573
9.16231999	91.51301066	0.01092741	92.07194591	-0.55893525	65.51185742	6.02817169	1.04230364
9.16603673	89.60992177	0.01115948	90.45234197	-0.84242020	65.51287740	6.03061183	1.04188190
9.16975347	88.05481974	0.01135656	89.04168263	-0.98686289	65.51389095	6.03305196	1.04146050
9.17347021	86.81247965	0.01151908	87.84015168	-1.02767203	65.51489804	6.03549209	1.04103944
9.17718695	85.84414673	0.01164902	86.82797747	-0.98383074	65.51589864	6.03793221	1.04061872
9.18090369	85.10361226	0.01175038	85.97049395	-0.86688169	65.51689272	6.04037233	1.04019835
9.18462043	84.47182719	0.01183827	85.22609658	-0.75426939	65.51788025	6.04281244	1.03977831
9.18833718	83.88091278	0.01192166	84.55742860	-0.67651582	65.51886120	6.04525255	1.03935861
9.19205392	83.29143524	0.01200604	83.94287642	-0.65144118	65.51983553	6.04769264	1.03893926
9.19577066	82.66823832	0.01209654	83.38361285	-0.71537453	65.52080322	6.05013273	1.03852024
9.19948740	81.99249013	0.01219624	82.90249098	-0.91000085	65.52176423	6.05257282	1.03810156
9.20320414	81.27465566	0.01230396	82.53659799	-1.26194233	65.52271854	6.05501290	1.03768322
9.20692088	80.55716705	0.01241354	82.32758252	-1.77041547	65.52366611	6.05745297	1.03726522
9.21063762	79.92725881	0.01251138	82.31450757	-2.38724876	65.52460691	6.05989303	1.03684756
9.21435437	79.42110952	0.01259111	82.52908819	-3.10797867	65.52554092	6.06233310	1.03643023
9.21807111	79.14117940	0.01263565	82.99502628	-3.85384688	65.52646810	6.06477315	1.03601324
9.22178785	79.16699727	0.01263153	83.72548493	-4.55848766	65.52738842	6.06721319	1.03559659
9.22550459	79.63673401	0.01255702	84.72404518	-5.08731117	65.52830185	6.06965323	1.03518028
9.22922133	80.68894196	0.01239327	85.98086553	-5.29192357	65.52920836	6.07209326	1.03476430
9.23293807	82.44984690	0.01212859	87.47285858	-5.02301168	65.53010792	6.07453329	1.03434865
9.23665481	85.07444000	0.01175441	89.15805364	-4.08361364	65.53100050	6.07697331	1.03393334
9.24037155	88.66247050	0.01127873	90.97416311	-2.31169261	65.53188607	6.07941332	1.03351836
9.24408830	92.96504720	0.01075673	92.83311472	0.13193248	65.53276461	6.08185334	1.03310372
9.24780504	97.64579519	0.01024110	94.62326734	3.02252785	65.53363607	6.08429334	1.03268941
9.25152178	102.16827901	0.00978777	96.21536168	5.95291733	65.53450043	6.08673333	1.03227544
9.25523852	105.73943837	0.00945721	97.48300712	8.25643125	65.53535766	6.08917332	1.03186179
9.25895526	107.93418630	0.00926491	98.33037900	9.60380730	65.53620773	6.09161330	1.03144848
9.26267200	108.60138448	0.00920799	98.71779301	9.88359147	65.53705061	6.09405328	1.03103551
9.26638874	107.97175344	0.00926168	98.67121176	9.30054168	65.53788627	6.09649325	1.03062286
9.27010549	106.40773773	0.00939781	98.26597912	8.14175861	65.53871468	6.09893322	1.03021054
9.27382223	104.40974681	0.00957765	97.59852484	6.81122197	65.53953581	6.10137317	1.02979856
9.27753897	102.53071086	0.00975318	96.75593368	5.77477718	65.54034963	6.10381312	1.02938691
9.28125571	100.83723704	0.00991697	95.80205001	5.03518703	65.54115611	6.10625306	1.02897558
9.28497245	99.24547577	0.01007603	94.77478108	4.47069469	65.54195523	6.10869300	1.02856459
9.28868919	97.63576508	0.01024215	93.69901659	3.93674849	65.54274694	6.11113293	1.02815392
9.29240593	95.87533824	0.01043021	92.59936280	3.27597544	65.54353123	6.11357285	1.02774359
9.29612267	93.96506246	0.01064225	91.51132715	2.45373531	65.54430806	6.11601277	1.02733358
9.29983942	92.03378550	0.01086558	90.48007548	1.55371002	65.54507741	6.11845269	1.02692390
9.30355616	90.20237986	0.01108618	89.55266029	0.64971957	65.54583924	6.12089259	1.02651455
9.30727290	88.57348124	0.01129006	88.76725127	-0.19377003	65.54659353	6.12333249	1.02610553
9.31098964	87.27080790	0.01145859	88.14466575	-0.87385785	65.54734024	6.12577238	1.02569683
9.31470638	86.32778168	0.01158376	87.68631841	-1.35853673	65.54807935	6.12821227	1.02528846
9.31842312	85.67527262	0.01167198	87.37462365	-1.69935103	65.54881083	6.13065215	1.02488041
9.32213986	85.23130798	0.01173278	87.18035072	-1.94904274	65.54953464	6.13309202	1.02447269
9.32585661	84.94800313	0.01177191	87.07104266	-2.12303953	65.55025077	6.13553189	1.02406530
9.32957335	84.82080841	0.01178956	87.02351298	-2.20270457	65.55095918	6.13797175	1.02365823
9.33329009	84.79844411	0.01179267	87.03068861	-2.23224450	65.55165983	6.14041160	1.02325149
9.33700683	84.91220093	0.01177687	87.10302180	-2.19082087	65.55235272	6.14285145	1.02284507
9.34072357	85.17134603	0.01174104	87.26045682	-2.08911079	65.55303779	6.14529129	1.02243897
9.34444031	85.59568278	0.01168283	87.52136079	-1.92567801	65.55371504	6.14773112	1.02203320
9.34815705	86.25615692	0.01159338	87.89303746	-1.63688054	65.55438442	6.15017095	1.02162775
9.35187380	87.17598470	0.01147105	88.36399820	-1.18801350	65.55504591	6.15261078	1.02122262
9.35559054	88.30973562	0.01132378	88.90234809	-0.59261247	65.55569948	6.15505059	1.02081782
9.35930728	89.55369314	0.01116649	89.45484167	0.09885147	65.55634510	6.15749040	1.02041333
9.36302402	90.75058746	0.01101921	89.95327538	0.79731208	65.55698274	6.15993020	1.02000917
9.36674076	91.65890757	0.01091001	90.32328539	1.33562218	65.55761238	6.16237000	1.01960533
9.37045750	92.07826487	0.01086033	90.49944852	1.57881635	65.55823399	6.16480978	1.01920181
9.37417424	91.91368357	0.01087977	90.43816811	1.47551546	65.55884753	6.16724957	1.01879861
9.37789098	91.18317668	0.01096694	90.12696145	1.05621523	65.55945299	6.16968934	1.01839573
9.38160773	90.00961049	0.01110992	89.58419076	0.42541973	65.56005033	6.17212912	1.01799317
9.38532447	88.54670970	0.01129347	88.85503884	-0.30832914	65.56063952	6.17456888	1.01759093
9.38904121	87.01213582	0.01149265	88.00401871	-0.99188289	65.56122054	6.17700863	1.01718901
9.39275795	85.48940786	0.01169736	87.10592207	-1.61651421	65.56179335	6.17944838	1.01678741
9.39647469	84.07398733	0.01189429	86.23688296	-2.16289563	65.56235794	6.18188813	1.01638612
9.40019143	82.87361145	0.01206657	85.46545721	-2.59184576	65.56291427	6.18432786	1.01598516
9.40390817	81.94068400	0.01220395	84.84809731	-2.90741331	65.56346232	6.18676759	1.01558451
9.40762492	81.33684285	0.01229455	84.42620198	-3.08935913	65.56400205	6.18920732	1.01518417
9.41134166	81.11975606	0.01232745	84.22668803	-3.10693197	65.56453344	6.19164704	1.01478415
9.41505840	81.35336304	0.01229205	84.26200887	-2.90864583	65.56505647	6.19408675	1.01438445
9.41877514	82.09479777	0.01218104	84.53104042	-2.43624265	65.56557109	6.19652645	1.01398507
9.42249188	83.28730520	0.01200663	85.01911811	-1.73181291	65.56607730	6.19896615	1.01358600
9.42620862	84.87480672	0.01178206	85.69861229	-0.82380557	65.56657505	6.20140584	1.01318725
9.42992536	86.73697662	0.01152911	86.53109830	0.20587832	65.56706433	6.20384552	1.01278881
9.43364210	88.63345846	0.01128242	87.47158050	1.16187796	65.56754510	6.20628520	1.01239068
9.43735885	90.42853546	0.01105846	88.47537864	1.95315682	65.56801735	6.20872488	1.01199287
9.44107559	92.04595693	0.01086414	89.50467076	2.54128617	65.56848103	6.21116454	1.01159537
9.44479233	93.42097219	0.01070423	90.53140310	2.88956909	65.56893612	6.21360420	1.01119819
9.44850907	94.57406108	0.01057372	91.53607061	3.03799047	65.56938260	6.21604385	1.01080132
9.45222581	95.55252075	0.01046545	92.50328779	3.04923296	65.56982045	6.21848350	1.01040476
9.45594255	96.39484660	0.01037400	93.42015604	2.97469056	65.57024962	6.22092314	1.01000851
9.45965929	97.15678406	0.01029264	94.27458400	2.88220006	65.57067010	6.22336277	1.00961257
9.46337604	97.88706207	0.01021585	95.05546869	2.83159338	65.57108186	6.22580240	1.00921695
9.46709278	98.61082967	0.01014087	95.74758868	2.86324099	65.57148488	6.22824202	1.00882164
9.47080952	99.29119619	0.01007139	96.32919134	2.96200485	65.57187912	6.23068163	1.00842663
9.47452626	99.87084198	0.01001293	96.76834643	3.10249555	65.57226455	6.23312124	1.00803194
9.47824300	100.22674306	0.00997738	97.03101038	3.19573268	65.57264117	6.23556084	1.00763756
9.48195974	100.21413930	0.00997863	97.08007477	3.13406453	65.57300892	6.23800043	1.00724349
9.48567648	99.72802480	0.01002727	96.88588481	2.84213999	65.57336780	6.24044001	1.00684972
9.48939322	98.74894206	0.01012669	96.43015143	2.31879063	65.57371777	6.24287959	1.00645627
9.49310997	97.30418905	0.01027705	95.71555830	1.58863075	65.57405881	6.24531917	1.00606312
9.49682671	95.49117279	0.01047217	94.77122458	0.71994821	65.57439089	6.24775874	1.00567028
9.50054345	93.47577413	0.01069796	93.65634435	-0.18057022	65.57471399	6.25019830	1.00527775
9.50426019	91.39027150	0.01094208	92.45218775	-1.06191625	65.57502808	6.25263785	1.00488553
9.50797693	89.32977041	0.01119448	91.25051493	-1.92074452	65.57533313	6.25507740	1.00449361
9.51169367	87.46801758	0.01143275	90.13886232	-2.67084474	65.57562911	6.25751694	1.00410201
9.51541041	85.88624827	0.01164331	89.19001980	-3.30377153	65.57591601	6.25995647	1.00371070
9.51912716	84.70536296	0.01180563	88.45756950	-3.75220654	65.57619379	6.26239601	1.00331970
9.52284390	84.02742513	0.01190088	87.97350169	-3.94607656	65.57646244	6.26483553	1.00292901
9.52656064	83.91765086	0.01191644	87.75007681	-3.83242595	65.57672191	6.26727504	1.00253863
9.53027738	84.39461009	0.01184910	87.77927342	-3.38466333	65.57697220	6.26971455	1.00214854
9.53399412	85.42498525	0.01170618	88.03482054	-2.60983529	65.57721327	6.27215405	1.00175877
9.53771086	86.95697276	0.01149994	88.47148320	-1.51451044	65.57744510	6.27459354	1.00136929
9.54142760	88.87804921	0.01125137	89.02859813	-0.15054892	65.57766766	6.27703303	1.00098013
9.54514434	90.95188904	0.01099482	89.63332059	1.31856845	65.57788093	6.27947251	1.00059126
9.54886109	92.99276479	0.01075352	90.21069429	2.78207050	65.57808487	6.28191199	1.00020270
9.55257783	94.80916595	0.01054750	90.69167404	4.11749191	65.57827948	6.28435146	0.99981444
9.55629457	96.19618734	0.01039542	91.02309340	5.17309394	65.57846472	6.28679092	0.99942648
9.56001131	97.00937907	0.01030828	91.17088490	5.83849417	65.57864056	6.28923037	0.99903882
9.56372805	97.14790599	0.01029358	91.12180636	6.02609963	65.57880699	6.29166982	0.99865147
9.56744479	96.59524790	0.01035248	90.88311267	5.71213523	65.57896397	6.29410926	0.99826442
9.57116153	95.41682180	0.01048033	90.48177824	4.93504356	65.57911148	6.29654869	0.99787766
9.57487828	93.75478363	0.01066612	89.96357987	3.79120376	65.57924950	6.29898813	0.99749121
9.57859502	91.84177907	0.01088829	89.38679773	2.45498134	65.57937801	6.30142755	0.99710506
9.58231176	89.88230642	0.01112566	88.81595383	1.06635259	65.57949697	6.30386696	0.99671921
9.58602850	88.12646484	0.01134733	88.31012749	-0.18366265	65.57960636	6.30630637	0.99633366
9.58974524	86.79766337	0.01152105	87.91723866	-1.11957529	65.57970616	6.30874577	0.99594841
9.59346198	86.01952616	0.01162527	87.66603791	-1.64651175	65.57979635	6.31118517	0.99556345
9.59717872	85.82966105	0.01165098	87.56629168	-1.73663063	65.57987690	6.31362455	0.99517880
9.60089547	86.24193827	0.01159529	87.60515634	-1.36321807	65.57994778	6.31606394	0.99479444
9.60461221	87.20250956	0.01146756	87.75027121	-0.54776165	65.58000898	6.31850332	0.99441038
9.60832895	88.57777913	0.01128951	87.94912018	0.62865895	65.58006046	6.32094268	0.99402662
9.61204569	90.05393219	0.01110446	88.13664265	1.91728954	65.58010220	6.32338205	0.99364316
9.61576243	91.34700012	0.01094727	88.24299419	3.10400593	65.58013419	6.32582140	0.99325999
9.61947917	92.16508230	0.01085010	88.20931073	3.95577157	65.58015638	6.32826075	0.99287712
9.62319591	92.29568227	0.01083474	88.00101295	4.29466932	65.58016877	6.33070009	0.99249455
9.62691265	91.69550323	0.01090566	87.61759088	4.07791235	65.58017133	6.33313942	0.99211227
9.63062940	90.46308390	0.01105423	87.09183619	3.37124771	65.58016404	6.33557876	0.99173028
9.63434614	88.84184011	0.01125596	86.47940438	2.36243573	65.58014686	6.33801808	0.99134859
9.63806288	87.06072489	0.01148624	85.84546309	1.21526180	65.58011978	6.34045740	0.99096720
9.64177962	85.38485718	0.01171168	85.25036048	0.13449670	65.58008277	6.34289670	0.99058610
9.64549636	84.09199270	0.01189174	84.74327839	-0.65128569	65.58003581	6.34533600	0.99020529
9.64921310	83.26782227	0.01200944	84.35650291	-1.08868064	65.57997888	6.34777530	0.98982478
9.65292984	82.93438466	0.01205772	84.10689471	-1.17251005	65.57991196	6.35021459	0.98944456
9.65664659	83.05722046	0.01203989	83.99394835	-0.93672789	65.57983501	6.35265387	0.98906464
9.66036333	83.56937663	0.01196611	84.00322747	-0.43385084	65.57974802	6.35509315	0.98868501
9.66408007	84.32558441	0.01185880	84.10615691	0.21942750	65.57965096	6.35753242	0.98830567
9.66779681	85.07476298	0.01175437	84.26637280	0.80839018	65.57954382	6.35997168	0.98792662
9.67151355	85.68393199	0.01167080	84.44372417	1.24020782	65.57942656	6.36241093	0.98754786
9.67523029	86.03861745	0.01162269	84.60288996	1.43572749	65.57929917	6.36485018	0.98716940
9.67894703	86.11661275	0.01161216	84.71633535	1.40027740	65.57916162	6.36728942	0.98679122
9.68266377	85.94363403	0.01163553	84.76591466	1.17771937	65.57901389	6.36972866	0.98641334
9.68638052	85.60180155	0.01168200	84.74038589	0.86141566	65.57885595	6.37216789	0.98603574
9.69009726	85.21652985	0.01173481	84.63483218	0.58169767	65.57868780	6.37460711	0.98565844
9.69381400	84.86086019	0.01178400	84.45200230	0.40885789	65.57850939	6.37704633	0.98528143
9.69753074	84.58014933	0.01182311	84.20480024	0.37534909	65.57832072	6.37948553	0.98490470
9.70124748	84.37977854	0.01185118	83.91596243	0.46381611	65.57812175	6.38192473	0.98452827
9.70496422	84.24830373	0.01186968	83.61285587	0.63544786	65.57791247	6.38436393	0.98415212
9.70868096	84.16633606	0.01188123	83.32135359	0.84498247	65.57769285	6.38680312	0.98377626
9.71239771	84.11762238	0.01188812	83.05790504	1.05971734	65.57746287	6.38924230	0.98340069
9.71611445	84.08232371	0.01189311	82.82758415	1.25473956	65.57722251	6.39168148	0.98302541
9.71983119	84.03414917	0.01189992	82.62309784	1.41105133	65.57697175	6.39412065	0.98265042
9.72354793	83.95098114	0.01191171	82.43045622	1.52052492	65.57671056	6.39655981	0.98227571
9.72726467	83.81882731	0.01193049	82.23518668	1.58364063	65.57643893	6.39899896	0.98190129
9.73098141	83.64259847	0.01195563	82.03021209	1.61238638	65.57615683	6.40143811	0.98152715
9.73469815	83.43900553	0.01198480	81.82025801	1.61874752	65.57586424	6.40387725	0.98115330
9.73841489	83.22386932	0.01201578	81.61994225	1.60392707	65.57556114	6.40631638	0.98077974
9.74213164	83.03677622	0.01204286	81.44866640	1.58810982	65.57524750	6.40875551	0.98040646
9.74584838	82.90794627	0.01206157	81.32499773	1.58294854	65.57492331	6.41119463	0.98003347
9.74956512	82.84999593	0.01207001	81.25840579	1.59159014	65.57458855	6.41363375	0.97966076
9.75328186	82.84288534	0.01207104	81.24782586	1.59505948	65.57424319	6.41607285	0.97928834
9.75699860	82.87835439	0.01206588	81.28232867	1.59602572	65.57388722	6.41851195	0.97891620
9.76071534	82.91788737	0.01206012	81.34298498	1.57490239	65.57352060	6.42095105	0.97854434
9.76443208	82.91776021	0.01206014	81.40930418	1.50845603	65.57314332	6.42339013	0.97817277
9.76814883	82.84160105	0.01207123	81.46532857	1.37627248	65.57275537	6.42582922	0.97780148
9.77186557	82.68294525	0.01209439	81.50537663	1.17756862	65.57235671	6.42826829	0.97743047
9.77558231	82.49066671	0.01212258	81.53451640	0.95615031	65.57194733	6.43070736	0.97705975
9.77929905	82.39302063	0.01213695	81.56540925	0.82761138	65.57152721	6.43314642	0.97668931
9.78301579	82.51816305	0.01211854	81.61075694	0.90740611	65.57109633	6.43558547	0.97631915
9.78673253	82.94853973	0.01205567	81.67694096	1.27159877	65.57065466	6.43802452	0.97594927
9.79044927	83.72516378	0.01194384	81.76172808	1.96343570	65.57020219	6.44046356	0.97557967
9.79416601	84.78837585	0.01179407	81.84963531	2.93874054	65.56973889	6.44290259	0.97521035
9.79788276	85.95800273	0.01163359	81.91606029	4.04194244	65.56926475	6.44534162	0.97484132
9.80159950	86.94497935	0.01150153	81.93269734	5.01228201	65.56877974	6.44778064	0.97447256
9.80531624	87.52260844	0.01142562	81.87521537	5.64739307	65.56828385	6.45021965	0.97410408
9.80903298	87.52018483	0.01142594	81.73334533	5.78683950	65.56777705	6.45265866	0.97373589
9.81274972	86.92418162	0.01150428	81.51606769	5.40811393	65.56725933	6.45509766	0.97336797
9.81646646	85.81885783	0.01165245	81.25161491	4.56724292	65.56673067	6.45753665	0.97300033
9.82018320	84.44322459	0.01184228	80.98115106	3.46207353	65.56619104	6.45997563	0.97263297
9.82389995	83.03394826	0.01204327	80.75016453	2.28378373	65.56564042	6.46241462	0.97226589
9.82761669	81.74500783	0.01223316	80.60179717	1.14321066	65.56507880	6.46485359	0.97189909
9.83133343	80.69849904	0.01239180	80.57169069	0.12680835	65.56450616	6.46729255	0.97153256
9.83505017	79.96681722	0.01250519	80.68964198	-0.72282476	65.56392247	6.46973151	0.97116631
9.83876691	79.54579417	0.01257137	80.97523620	-1.42944203	65.56332773	6.47217046	0.97080034
9.84248365	79.41104889	0.01259271	81.44137291	-2.03032402	65.56272190	6.47460940	0.97043465
9.84620039	79.53041840	0.01257381	82.09304731	-2.56262891	65.56210497	6.47704834	0.97006923
9.84991713	79.92637634	0.01251151	82.92773622	-3.00135988	65.56147693	6.47948727	0.96970409
9.85363388	80.55619049	0.01241370	83.93391503	-3.37772454	65.56083774	6.48192620	0.96933922
9.85735062	81.37080892	0.01228942	85.09051861	-3.71970969	65.56018739	6.48436512	0.96897463
9.86106736	82.35561371	0.01214246	86.36514847	-4.00953476	65.55952587	6.48680403	0.96861032
9.86478410	83.46457163	0.01198113	87.71538870	-4.25081707	65.55885316	6.48924293	0.96824628
9.86850084	84.63740285	0.01181511	89.09045073	-4.45304788	65.55816923	6.49168183	0.96788251
9.87221758	85.80763245	0.01165397	90.43883004	-4.63119759	65.55747407	6.49412072	0.96751902
9.87593432	86.90103404	0.01150734	91.71682640	-4.81579236	65.55676766	6.49655960	0.96715580
9.87965107	87.86103566	0.01138161	92.89838156	-5.03734590	65.55604998	6.49899848	0.96679286
9.88336781	88.69710795	0.01127432	93.98267643	-5.28556848	65.55532101	6.50143735	0.96643019
9.88708455	89.47287750	0.01117657	94.98949961	-5.51662211	65.55458073	6.50387621	0.96606779
9.89080129	90.29878743	0.01107435	95.95424382	-5.65545639	65.55382913	6.50631507	0.96570566
9.89451803	91.29647319	0.01095333	96.91576931	-5.61929612	65.55306619	6.50875392	0.96534381
9.89823477	92.57120260	0.01080250	97.90471793	-5.33351533	65.55229189	6.51119276	0.96498223
9.90195151	94.14450328	0.01062197	98.93476051	-4.79025723	65.55150622	6.51363159	0.96462092
9.90566826	95.98964691	0.01041779	99.99956308	-4.00991617	65.55070914	6.51607043	0.96425988
9.90938500	97.94502513	0.01020981	101.07553133	-3.13050620	65.54990065	6.51850925	0.96389912
9.91310174	99.79419963	0.01002062	102.12892700	-2.33472737	65.54908073	6.52094806	0.96353862
9.91681848	101.33052826	0.00986869	103.12523127	-1.79470301	65.54824937	6.52338687	0.96317840
9.92053522	102.37425741	0.00976808	104.03632299	-1.66206558	65.54740653	6.52582567	0.96281844
9.92425196	102.83929443	0.00972391	104.84530674	-2.00601231	65.54655222	6.52826446	0.96245876
9.92796870	102.74235026	0.00973308	105.54836986	-2.80601960	65.54568640	6.53070325	0.96209934
9.93168544	102.20367686	0.00978438	106.15422539	-3.95054853	65.54480907	6.53314203	0.96174020
9.93540219	101.38658905	0.00986324	106.68331269	-5.29672364	65.54392019	6.53558081	0.96138132
9.93911893	100.47031403	0.00995319	107.16477187	-6.69445784	65.54301977	6.53801958	0.96102271
9.94283567	99.68191274	0.01003191	107.63142241	-7.94950967	65.54210778	6.54045834	0.96066437
9.94655241	99.20838928	0.01007979	108.11362631	-8.90523703	65.54118420	6.54289709	0.96030630
9.95026915	99.16798147	0.01008390	108.63344976	-9.46546829	65.54024902	6.54533583	0.95994850
9.95398589	99.63000488	0.01003714	109.20224696	-9.57224208	65.53930223	6.54777457	0.95959096
9.95770263	100.58562215	0.00994178	109.81974383	-9.23412168	65.53834379	6.55021330	0.95923369
9.96141938	102.00313822	0.00980362	110.47429379	-8.47115557	65.53737370	6.55265203	0.95887669
9.96513612	103.71709951	0.00964161	111.14331194	-7.42621243	65.53639195	6.55509075	0.95851996
9.96885286	105.55045064	0.00947414	111.79396999	-6.24351935	65.53539851	6.55752946	0.95816349
9.97256960	107.38726044	0.00931209	112.38655647	-4.99929603	65.53439337	6.55996817	0.95780729
9.97628634	109.05875397	0.00916937	112.87834726	-3.81959329	65.53337651	6.56240686	0.95745135
9.98000308	110.39301554	0.00905854	113.23188059	-2.83886505	65.53234792	6.56484555	0.95709568
9.98371982	111.27498372	0.00898675	113.42185359	-2.14686987	65.53130758	6.56728424	0.95674027
9.98743656	111.67259979	0.00895475	113.44277551	-1.77017572	65.53025547	6.56972291	0.95638513
9.99115331	111.57920074	0.00896224	113.30926072	-1.73005998	65.52919158	6.57216159	0.95603025
9.99487005	111.00420125	0.00900867	113.05130898	-2.04710773	65.52811590	6.57460025	0.95567564
9.99858679	110.05324809	0.00908651	112.70436486	-2.65111677	65.52702840	6.57703891	0.95532129
10.00230353	108.89677429	0.00918301	112.29932644	-3.40255215	65.52592908	6.57947756	0.95496721
10.00602027	107.63705699	0.00929048	111.85524104	-4.21818405	65.52481792	6.58191620	0.95461339
10.00973701	106.45002747	0.00939408	111.37718325	-4.92715578	65.52369489	6.58435483	0.95425983
10.01345375	105.48103078	0.00948038	110.86023126	-5.37920048	65.52256000	6.58679346	0.95390653
10.01717050	104.81450653	0.00954066	110.29617400	-5.48166747	65.52141321	6.58923209	0.95355350
10.02088724	104.46302287	0.00957277	109.67891573	-5.21589286	65.52025452	6.59167070	0.95320073
10.02460398	104.38124339	0.00958027	109.00649170	-4.62524831	65.51908391	6.59410931	0.95284822
10.02832072	104.51488241	0.00956802	108.27445620	-3.75957379	65.51790137	6.59654791	0.95249597
10.03203746	104.72820791	0.00954853	107.47321311	-2.74500520	65.51670688	6.59898651	0.95214398
10.03575420	104.87194824	0.00953544	106.59035231	-1.71840407	65.51550043	6.60142509	0.95179226
10.03947094	104.80384572	0.00954163	105.60991039	-0.80606467	65.51428200	6.60386367	0.95144080
10.04318768	104.43728892	0.00957512	104.51981594	-0.08252702	65.51305158	6.60630224	0.95108959
10.04690443	103.68838247	0.00964428	103.31256538	0.37581709	65.51180915	6.60874082	0.95073865
10.05062117	102.55359650	0.00975100	101.98452905	0.56906745	65.51055471	6.61117937	0.95038796
10.05433791	101.06605021	0.00989452	100.53791641	0.52813380	65.50928823	6.61361793	0.95003754
10.05805465	99.26667277	0.01007387	98.98135050	0.28532227	65.50800970	6.61605647	0.94968738
10.06177139	97.15424601	0.01029291	97.33470411	-0.18045810	65.50671911	6.61849501	0.94933747
10.06548813	94.86417135	0.01054139	95.63331994	-0.76914859	65.50541644	6.62093354	0.94898782
10.06920487	92.51615651	0.01080892	93.92595107	-1.40979456	65.50410168	6.62337206	0.94863843
10.07292162	90.21205393	0.01108499	92.26733973	-2.05528580	65.50277481	6.62581059	0.94828930
10.07663836	88.09296417	0.01135164	90.71017161	-2.61720744	65.50143584	6.62824910	0.94794043
10.08035510	86.28052775	0.01159010	89.29787199	-3.01734424	65.50008473	6.63068760	0.94759182
10.08407184	84.79914602	0.01179257	88.06183599	-3.26268997	65.49872147	6.63312610	0.94724346
10.08778858	83.69985962	0.01194745	87.02045144	-3.32059182	65.49734606	6.63556458	0.94689536
10.09150532	82.94382477	0.01205635	86.18120341	-3.23737864	65.49595848	6.63800307	0.94654752
10.09522206	82.52692159	0.01211726	85.54161476	-3.01469317	65.49455871	6.64044154	0.94619993
10.09893880	82.35130056	0.01214310	85.09324042	-2.74193986	65.49314675	6.64288001	0.94585260
10.10265555	82.36018117	0.01214179	84.82355794	-2.46337677	65.49172257	6.64531848	0.94550552
10.10637229	82.54279836	0.01211493	84.72077460	-2.17797624	65.49028617	6.64775693	0.94515870
10.11008903	82.86404673	0.01206796	84.77617037	-1.91212364	65.48883754	6.65019538	0.94481214
10.11380577	83.28667704	0.01200672	84.98668153	-1.70000449	65.48737666	6.65263382	0.94446583
10.11752251	83.82229614	0.01193000	85.35360465	-1.53130851	65.48590352	6.65507225	0.94411977
10.12123925	84.49688975	0.01183476	85.88155266	-1.38466291	65.48441811	6.65751068	0.94377397
10.12495599	85.29253896	0.01172435	86.57539580	-1.28285684	65.48292041	6.65994910	0.94342843
10.12867274	86.15851084	0.01160651	87.44074838	-1.28223754	65.48141041	6.66238751	0.94308314
10.13238948	87.06751251	0.01148534	88.48357322	-1.41606071	65.47988811	6.66482592	0.94273810
10.13610622	88.00243886	0.01136332	89.71280797	-1.71036911	65.47835348	6.66726432	0.94239331
10.13982296	88.95923106	0.01124110	91.13874282	-2.17951176	65.47680652	6.66970271	0.94204878
10.14353970	89.93594106	0.01111903	92.77213597	-2.83619491	65.47524721	6.67214109	0.94170450
10.14725644	90.98628998	0.01099067	94.61764641	-3.63135643	65.47367555	6.67457947	0.94136048
10.15097318	92.14661662	0.01085227	96.67020724	-4.52359062	65.47209152	6.67701784	0.94101670
10.15468993	93.42399851	0.01070389	98.90853298	-5.48453447	65.47049510	6.67945621	0.94067318
10.15840667	94.84437561	0.01054359	101.29537694	-6.45100133	65.46888630	6.68189456	0.94032991
10.16212341	96.44069417	0.01036907	103.77872854	-7.33803437	65.46726509	6.68433291	0.93998689
10.16584015	98.20049032	0.01018325	106.30191095	-8.10142063	65.46563147	6.68677126	0.93964412
10.16955689	100.08798981	0.00999121	108.81385763	-8.72586782	65.46398543	6.68920959	0.93930161
10.17327363	102.14973704	0.00978955	111.28340929	-9.13367225	65.46232695	6.69164792	0.93895934
10.17699037	104.36810557	0.00958147	113.69720986	-9.32910429	65.46065602	6.69408624	0.93861732
10.18070711	106.73293050	0.00936918	116.05386003	-9.32092953	65.45897263	6.69652455	0.93827556
10.18442386	109.24449412	0.00915378	118.34669782	-9.10220370	65.45727677	6.69896287	0.93793404
10.18814060	111.84387461	0.00894104	120.54453127	-8.70065666	65.45556843	6.70140116	0.93759277
10.19185734	114.43536123	0.00873856	122.58373316	-8.14837193	65.45384760	6.70383946	0.93725176
10.19557408	116.87120056	0.00855643	124.36132432	-7.49012376	65.45211428	6.70627774	0.93691099
10.19929082	118.94373576	0.00840734	125.75148343	-6.80774767	65.45036844	6.70871602	0.93657047
10.20300756	120.39700826	0.00830585	126.62561155	-6.22860329	65.44861008	6.71115429	0.93623020
10.20672430	121.04007467	0.00826173	126.88364816	-5.84357349	65.44683919	6.71359256	0.93589017
10.21044105	120.80207062	0.00827800	126.48019098	-5.67812036	65.44505576	6.71603082	0.93555040
10.21415779	119.76988983	0.00834934	125.43645350	-5.66656367	65.44325977	6.71846907	0.93521087
10.21787453	118.05594889	0.00847056	123.84066090	-5.78471201	65.44145123	6.72090731	0.93487159
10.22159127	115.94442749	0.00862482	121.82175434	-5.87732685	65.43963012	6.72334555	0.93453256
10.22530801	113.69130198	0.00879575	119.53018673	-5.83888475	65.43779643	6.72578378	0.93419377
10.22902475	111.46804301	0.00897118	117.11177072	-5.64372771	65.43595015	6.72822200	0.93385523
10.23274149	109.38964589	0.00914163	114.69479432	-5.30514843	65.43409126	6.73066022	0.93351694
10.23645823	107.43450673	0.00930800	112.38053369	-4.94602696	65.43221978	6.73309842	0.93317889
10.24017498	105.49589539	0.00947904	110.24740556	-4.75151017	65.43033566	6.73553663	0.93284109
10.24389172	103.45608266	0.00966594	108.35503527	-4.89895261	65.42843893	6.73797482	0.93250353
10.24760846	101.29963684	0.00987170	106.75372960	-5.45409276	65.42652956	6.74041301	0.93216622
10.25132520	99.04203033	0.01009672	105.49237416	-6.45034383	65.42460755	6.74285119	0.93182915
10.25504194	96.84064484	0.01032624	104.61711285	-7.77646801	65.42267289	6.74528936	0.93149233
10.25875868	94.87557475	0.01054012	104.17337630	-9.29780155	65.42072556	6.74772753	0.93115575
10.26247542	93.36648560	0.01071048	104.19818675	-10.83170115	65.41876556	6.75016569	0.93081942
10.26619217	92.54395803	0.01080568	104.71625056	-12.17229253	65.41679288	6.75260384	0.93048333
10.26990891	92.55438487	0.01080446	105.73479183	-13.18040696	65.41480752	6.75504199	0.93014748
10.27362565	93.53680166	0.01069098	107.24178675	-13.70498509	65.41280947	6.75748012	0.92981188
10.27734239	95.50421143	0.01047074	109.20260455	-13.69839312	65.41079871	6.75991825	0.92947652
10.28105913	98.42401377	0.01016012	111.55729471	-13.13328094	65.40877523	6.76235638	0.92914141
10.28477587	102.19887543	0.00978484	114.22236917	-12.02349374	65.40673904	6.76479449	0.92880653
10.28849261	106.46781921	0.00939251	117.09063956	-10.62282035	65.40469013	6.76723260	0.92847190
10.29220935	110.94886271	0.00901316	120.04272429	-9.09386158	65.40262848	6.76967070	0.92813751
10.29592610	115.48727163	0.00865896	122.96051068	-7.47323905	65.40055408	6.77210880	0.92780336
10.29964284	119.82234701	0.00834569	125.73828589	-5.91593888	65.39846693	6.77454689	0.92746945
10.30335958	123.95609792	0.00806737	128.29027358	-4.33417566	65.39636703	6.77698497	0.92713579
10.30707632	127.96514130	0.00781463	130.54723544	-2.58209414	65.39425437	6.77942304	0.92680236
10.31079306	131.77989197	0.00758841	132.44649646	-0.66660449	65.39212893	6.78186111	0.92646918
10.31450980	135.26258850	0.00739303	133.91994893	1.34263957	65.38999072	6.78429916	0.92613624
10.31822654	138.17690531	0.00723710	134.89838429	3.27852102	65.38783972	6.78673722	0.92580354
10.32194329	140.06477356	0.00713955	135.32289401	4.74187955	65.38567593	6.78917527	0.92547107
10.32566003	140.54342651	0.00711524	135.16365834	5.37976817	65.38349934	6.79161330	0.92513885
10.32937677	139.30008952	0.00717875	134.43050067	4.86958885	65.38130994	6.79405133	0.92480686
10.33309351	136.47836304	0.00732717	133.18020382	3.29815922	65.37910773	6.79648936	0.92447512
10.33681025	132.37216187	0.00755446	131.51029939	0.86186248	65.37689271	6.79892737	0.92414361
10.34052699	127.35959117	0.00785178	129.54279381	-2.18320264	65.37466486	6.80136538	0.92381235
10.34424373	122.17804718	0.00818478	127.40851366	-5.23046648	65.37242418	6.80380338	0.92348132
10.34796047	117.29808044	0.00852529	125.23027356	-7.93219312	65.37017066	6.80624138	0.92315053
10.35167722	112.99041494	0.00885031	123.11276205	-10.12234711	65.36790430	6.80867937	0.92281997
10.35539396	109.54641215	0.00912855	121.13355644	-11.58714429	65.36562509	6.81111735	0.92248966
10.35911070	107.02411906	0.00934369	119.34532876	-12.32120970	65.36333303	6.81355532	0.92215958
10.36282744	105.40398661	0.00948731	117.77370535	-12.36971874	65.36102811	6.81599329	0.92182974
10.36654418	104.62238820	0.00955818	116.41907905	-11.79669085	65.35871032	6.81843125	0.92150013
10.37026092	104.57019297	0.00956295	115.25548046	-10.68528749	65.35637967	6.82086920	0.92117077
10.37397766	105.15640767	0.00950964	114.23480208	-9.07839441	65.35403614	6.82330714	0.92084164
10.37769441	106.07165019	0.00942759	113.28526026	-7.21361007	65.35167972	6.82574508	0.92051274
10.38141115	107.02524567	0.00934359	112.31795486	-5.29270919	65.34931042	6.82818301	0.92018408
10.38512789	107.70314535	0.00928478	111.23910123	-3.53595588	65.34692823	6.83062094	0.91985566
10.38884463	107.77177429	0.00927887	109.97077620	-2.19900191	65.34453314	6.83305885	0.91952747
10.39256137	107.01516724	0.00934447	108.46828252	-1.45311528	65.34212515	6.83549676	0.91919952
10.39627811	105.39991760	0.00948767	106.72945313	-1.32953553	65.33970426	6.83793466	0.91887180
10.39999485	103.11014048	0.00969837	104.79206436	-1.68192388	65.33727046	6.84037255	0.91854431
10.40371160	100.33061218	0.00996705	102.72309040	-2.39247822	65.33482374	6.84281045	0.91821706
10.40742834	97.31930796	0.01027545	100.60405961	-3.28475165	65.33236411	6.84524833	0.91789005
10.41114508	94.40631612	0.01059251	98.51545369	-4.10913757	65.32989156	6.84768620	0.91756327
10.41486182	91.76672109	0.01089720	96.52669781	-4.75997672	65.32740607	6.85012406	0.91723672
10.41857856	89.49658457	0.01117361	94.69051331	-5.19392874	65.32490766	6.85256192	0.91691040
10.42229530	87.73069763	0.01139852	93.04301479	-5.31231716	65.32239632	6.85499977	0.91658432
10.42601204	86.45368703	0.01156689	91.60195429	-5.14826726	65.31987204	6.85743761	0.91625847
10.42972878	85.62775421	0.01167846	90.37033171	-4.74257750	65.31733481	6.85987545	0.91593286
10.43344553	85.11653646	0.01174860	89.33943436	-4.22289790	65.31478464	6.86231328	0.91560747
10.43716227	84.80001577	0.01179245	88.49546314	-3.69544737	65.31222152	6.86475111	0.91528232
10.44087901	84.55501048	0.01182662	87.82278431	-3.26777383	65.30964546	6.86718892	0.91495740
10.44459575	84.28999329	0.01186380	87.30947003	-3.01947674	65.30705644	6.86962673	0.91463271
10.44831249	83.96481323	0.01190975	86.94822050	-2.98340727	65.30445446	6.87206453	0.91430825
10.45202923	83.63393911	0.01195687	86.73590963	-3.10197052	65.30183952	6.87450232	0.91398403
10.45574597	83.36850993	0.01199494	86.66849386	-3.29998393	65.29921162	6.87694011	0.91366003
10.45946272	83.22481537	0.01201565	86.73692596	-3.51211059	65.29657075	6.87937789	0.91333626
10.46317946	83.26770020	0.01200946	86.92395766	-3.65625746	65.29391692	6.88181566	0.91301273
10.46689620	83.52770742	0.01197208	87.20244930	-3.67474188	65.29125011	6.88425342	0.91268943
10.47061294	83.98536428	0.01190684	87.53622052	-3.55085624	65.28857034	6.88669118	0.91236635
10.47432968	84.59784444	0.01182063	87.88233773	-3.28449329	65.28587758	6.88912893	0.91204351
10.47804642	85.30562592	0.01172256	88.19676236	-2.89113644	65.28317186	6.89156667	0.91172089
10.48176316	86.02956645	0.01162391	88.44064745	-2.41108100	65.28045315	6.89400441	0.91139850
10.48547990	86.69535065	0.01153464	88.58674338	-1.89139273	65.27772146	6.89644213	0.91107635
10.48919665	87.19698588	0.01146829	88.62288900	-1.42590312	65.27497679	6.89887986	0.91075442
10.49291339	87.55452220	0.01142145	88.55298952	-0.99846732	65.27221913	6.90131757	0.91043272
10.49663013	87.75964610	0.01139476	88.39439073	-0.63474463	65.26944850	6.90375528	0.91011124
10.50034687	87.86630249	0.01138093	88.17203554	-0.30573305	65.26666487	6.90619298	0.90979000
10.50406361	87.91068776	0.01137518	87.91287443	-0.00218667	65.26386826	6.90863067	0.90946898
10.50778035	87.90356954	0.01137610	87.64027364	0.26329590	65.26105866	6.91106835	0.90914819
10.51149709	87.78151703	0.01139192	87.37234499	0.40917204	65.25823607	6.91350603	0.90882763
10.51521384	87.46444702	0.01143322	87.12352061	0.34092641	65.25540048	6.91594371	0.90850729
10.51893058	86.94256846	0.01150185	86.90921641	0.03335205	65.25255191	6.91838137	0.90818719
10.52264732	86.27628072	0.01159067	86.74770381	-0.47142309	65.24969034	6.92081902	0.90786730
10.52636406	85.55470276	0.01168843	86.65938869	-1.10468593	65.24681579	6.92325667	0.90754765
10.53008080	84.88028463	0.01178130	86.66379636	-1.78351173	65.24392824	6.92569431	0.90722822
10.53379754	84.43243408	0.01184379	86.77481426	-2.34238018	65.24102769	6.92813194	0.90690901
10.53751428	84.34406789	0.01185620	86.99518710	-2.65111921	65.23811416	6.93056957	0.90659003
10.54123102	84.69680532	0.01180682	87.31266554	-2.61586022	65.23518763	6.93300719	0.90627128
10.54494777	85.48110708	0.01169849	87.69980289	-2.21869581	65.23224810	6.93544481	0.90595275
10.54866451	86.63094838	0.01154322	88.11408518	-1.48313680	65.22929558	6.93788241	0.90563445
10.55238125	88.01402028	0.01136183	88.50062703	-0.48660675	65.22633007	6.94032001	0.90531637
10.55609799	89.39551290	0.01118624	88.79707457	0.59843833	65.22335157	6.94275759	0.90499851
10.55981473	90.59955597	0.01103758	88.94281222	1.65674375	65.22036008	6.94519518	0.90468088
10.56353147	91.43268077	0.01093701	88.88619500	2.54648577	65.21735560	6.94763275	0.90436348
10.56724821	91.77210490	0.01089656	88.59209687	3.18000803	65.21433813	6.95007032	0.90404629
10.57096496	91.55247243	0.01092270	88.04536371	3.50710872	65.21130766	6.95250788	0.90372933
10.57468170	90.81937408	0.01101087	87.25326756	3.56610652	65.20826421	6.95494544	0.90341260
10.57839844	89.70478058	0.01114768	86.24337334	3.46140724	65.20520777	6.95738298	0.90309608
10.58211518	88.28798676	0.01132657	85.06042026	3.22756650	65.20213835	6.95982052	0.90277979
10.58583192	86.68692017	0.01153577	83.75796863	2.92895154	65.19905595	6.96225805	0.90246372
10.58954866	85.03693644	0.01175960	82.39133723	2.64559921	65.19596056	6.96469557	0.90214787
10.59326540	83.38594564	0.01199243	81.01173096	2.37421468	65.19285219	6.96713309	0.90183225
10.59698214	81.84376272	0.01221840	79.66131801	2.18244471	65.18973085	6.96957060	0.90151685
10.60069889	80.44858297	0.01243030	78.37259531	2.07598766	65.18659652	6.97200811	0.90120166
10.60441563	79.21922557	0.01262320	77.16792097	2.05130460	65.18344922	6.97444560	0.90088670
10.60813237	78.16905467	0.01279279	76.06358898	2.10546569	65.18028895	6.97688309	0.90057196
10.61184911	77.31151326	0.01293468	75.06718579	2.24432747	65.17711571	6.97932057	0.90025745
10.61556585	76.61122386	0.01305292	74.18174729	2.42947657	65.17392950	6.98175804	0.89994315
10.61928259	76.06592306	0.01314649	73.40633801	2.65958505	65.17073033	6.98419550	0.89962907
10.62299933	75.62437948	0.01322325	72.73728326	2.88709622	65.16751819	6.98663296	0.89931521
10.62671608	75.28160350	0.01328346	72.16874461	3.11285889	65.16429308	6.98907042	0.89900157
10.63043282	75.00975545	0.01333160	71.69366784	3.31608761	65.16105503	6.99150786	0.89868816
10.63414956	74.82007599	0.01336540	71.30451764	3.51555835	65.15780403	6.99394530	0.89837496
10.63786630	74.67827098	0.01339078	70.99386358	3.68440740	65.15454007	6.99638272	0.89806198
10.64158304	74.57967631	0.01340848	70.75471078	3.82496553	65.15126317	6.99882014	0.89774922
10.64529978	74.50977325	0.01342106	70.58076086	3.92901239	65.14797332	7.00125756	0.89743668
10.64901652	74.46414693	0.01342928	70.46666533	3.99748160	65.14467053	7.00369496	0.89712435
10.65273327	74.42580414	0.01343620	70.40801599	4.01778815	65.14135480	7.00613237	0.89681225
10.65645001	74.40632375	0.01343972	70.40133083	4.00499292	65.13802614	7.00856976	0.89650036
10.66016675	74.41652171	0.01343788	70.44365954	3.97286217	65.13468456	7.01100714	0.89618869
10.66388349	74.45731354	0.01343051	70.53253604	3.92477750	65.13133005	7.01344452	0.89587724
10.66760023	74.50817362	0.01342135	70.66549524	3.84267838	65.12796262	7.01588189	0.89556600
10.67131697	74.60842896	0.01340331	70.84007305	3.76835591	65.12458228	7.01831925	0.89525499
10.67503371	74.77211507	0.01337397	71.05238300	3.71973207	65.12118902	7.02075660	0.89494419
10.67875045	75.00080109	0.01333319	71.29936434	3.70143675	65.11778286	7.02319395	0.89463360
10.68246720	75.29591878	0.01328093	71.57463141	3.72128737	65.11436378	7.02563130	0.89432323
10.68618394	75.70210520	0.01320967	71.87073055	3.83137465	65.11093182	7.02806863	0.89401308
10.68990068	76.25168101	0.01311446	72.17736636	4.07431465	65.10748696	7.03050595	0.89370315
10.69361742	76.94686890	0.01299598	72.48137915	4.46548975	65.10402922	7.03294327	0.89339343
10.69733416	77.72954305	0.01286512	72.76649262	4.96305043	65.10055860	7.03538058	0.89308393
10.70105090	78.52605693	0.01273463	73.01444268	5.51161425	65.09707510	7.03781788	0.89277464
10.70476764	79.24150340	0.01261965	73.20638103	6.03512237	65.09357873	7.04025518	0.89246556
10.70848439	79.75540161	0.01253834	73.32654333	6.42885828	65.09006948	7.04269247	0.89215670
10.71220113	79.98192342	0.01250283	73.36588709	6.61603633	65.08654739	7.04512975	0.89184806
10.71591787	79.89374542	0.01251662	73.32477733	6.56896809	65.08301244	7.04756703	0.89153963
10.71963461	79.53443400	0.01257317	73.21315977	6.32127423	65.07946464	7.05000429	0.89123142
10.72335135	78.99528758	0.01265898	73.04847781	5.94680977	65.07590400	7.05244155	0.89092341
10.72706809	78.34543864	0.01276398	72.85204366	5.49339498	65.07233053	7.05487880	0.89061563
10.73078483	77.68669637	0.01287222	72.64511665	5.04157972	65.06874422	7.05731604	0.89030805
10.73450157	77.09145355	0.01297161	72.44798122	4.64347233	65.06514510	7.05975328	0.89000069
10.73821832	76.58390045	0.01305757	72.27669709	4.30720336	65.06153315	7.06219051	0.88969354
10.74193506	76.18843079	0.01312535	72.14449599	4.04393480	65.05790840	7.06462773	0.88938661
10.74565180	75.89512380	0.01317608	72.06157131	3.83355249	65.05427085	7.06706495	0.88907989
10.74936854	75.70921580	0.01320843	72.03512771	3.67408809	65.05062050	7.06950215	0.88877338
10.75308528	75.64312490	0.01321997	72.07021503	3.57290987	65.04695737	7.07193935	0.88846708
10.75680202	75.69025930	0.01321174	72.16978089	3.52047841	65.04328146	7.07437654	0.88816099
10.76051876	75.83746084	0.01318610	72.33458944	3.50287140	65.03959277	7.07681373	0.88785512
10.76423551	76.05239105	0.01314883	72.56304244	3.48934861	65.03589131	7.07925091	0.88754946
10.76795225	76.33643087	0.01309991	72.85132436	3.48510651	65.03217711	7.08168808	0.88724401
10.77166899	76.69115957	0.01303931	73.19317802	3.49798155	65.02845015	7.08412524	0.88693877
10.77538573	77.07393392	0.01297456	73.57945166	3.49448226	65.02471045	7.08656239	0.88663374
10.77910247	77.46449534	0.01290914	73.99806137	3.46643397	65.02095802	7.08899954	0.88632892
10.78281921	77.85102336	0.01284505	74.43494402	3.41607934	65.01719286	7.09143668	0.88602431
10.78653595	78.22267660	0.01278402	74.87569795	3.34697865	65.01341499	7.09387381	0.88571991
10.79025269	78.56198120	0.01272880	75.30820578	3.25377542	65.00962441	7.09631093	0.88541573
10.79396944	78.85067749	0.01268220	75.72503310	3.12564439	65.00582112	7.09874806	0.88511175
10.79768618	79.06966400	0.01264708	76.12550234	2.94416166	65.00200515	7.10118517	0.88480798
10.80140292	79.22063955	0.01262297	76.51507972	2.70555983	64.99817649	7.10362227	0.88450442
10.80511966	79.30320994	0.01260983	76.90292326	2.40028668	64.99433517	7.10605936	0.88420107
10.80883640	79.33732351	0.01260441	77.29891190	2.03841161	64.99048118	7.10849645	0.88389793
10.81255314	79.33851115	0.01260422	77.70938106	1.62913009	64.98661454	7.11093353	0.88359500
10.81626988	79.32533773	0.01260631	78.13499377	1.19034396	64.98273525	7.11337060	0.88329228
10.81998663	79.31473796	0.01260800	78.57009486	0.74464310	64.97884332	7.11580767	0.88298976
10.82370337	79.32634481	0.01260615	79.00368306	0.32266175	64.97493878	7.11824473	0.88268745
10.82742011	79.36672465	0.01259974	79.42156279	-0.05483814	64.97102162	7.12068178	0.88238535
10.83113685	79.43304698	0.01258922	79.81088938	-0.37784240	64.96709185	7.12311882	0.88208346
10.83485359	79.51809438	0.01257575	80.16594202	-0.64784764	64.96314949	7.12555585	0.88178178
10.83857033	79.63788605	0.01255684	80.49162160	-0.85373555	64.95919454	7.12799288	0.88148030
10.84228707	79.79582214	0.01253198	80.80282646	-1.00700432	64.95522702	7.13042990	0.88117903
10.84600381	80.01767222	0.01249724	81.12699211	-1.10931989	64.95124694	7.13286691	0.88087797
10.84972056	80.30802155	0.01245206	81.49033756	-1.18231601	64.94725430	7.13530392	0.88057711
10.85343730	80.72085063	0.01238837	81.91745497	-1.19660434	64.94324912	7.13774092	0.88027646
10.85715404	81.27380371	0.01230409	82.42685994	-1.15305623	64.93923141	7.14017791	0.87997602
10.86087078	81.97716777	0.01219852	83.02753496	-1.05036719	64.93520118	7.14261489	0.87967578
10.86458752	82.82127635	0.01207419	83.71915732	-0.89788097	64.93115844	7.14505186	0.87937575
10.86830426	83.78673045	0.01193506	84.49161451	-0.70488406	64.92710321	7.14748883	0.87907592
10.87202100	84.83216349	0.01178798	85.32715951	-0.49499602	64.92303549	7.14992579	0.87877630
10.87573775	85.93447876	0.01163677	86.20000297	-0.26552421	64.91895529	7.15236275	0.87847688
10.87945449	87.09746297	0.01148139	87.07856087	0.01890210	64.91486263	7.15479969	0.87817767
10.88317123	88.30431620	0.01132447	87.92515893	0.37915727	64.91075753	7.15723663	0.87787866
10.88688797	89.47066498	0.01117685	88.70609789	0.76456709	64.90663998	7.15967356	0.87757986
10.89060471	90.57876078	0.01104012	89.38651963	1.19224115	64.90251001	7.16211048	0.87728126
10.89432145	91.56952159	0.01092066	89.94099750	1.62852409	64.89836763	7.16454739	0.87698287
10.89803819	92.38703156	0.01082403	90.35365273	2.03337883	64.89421285	7.16698430	0.87668468
10.90175493	92.98495992	0.01075443	90.61840358	2.36655634	64.89004568	7.16942120	0.87638669
10.90547168	93.32354991	0.01071541	90.73710920	2.58644071	64.88586612	7.17185810	0.87608891
10.90918842	93.41723124	0.01070466	90.71666006	2.70057118	64.88167421	7.17429498	0.87579133
10.91290516	93.31614939	0.01071626	90.56710925	2.74904014	64.87746995	7.17673186	0.87549395
10.91662190	93.07682037	0.01074381	90.29821451	2.77860586	64.87325336	7.17916872	0.87519677
10.92033864	92.76675415	0.01077972	89.92226196	2.84449219	64.86902444	7.18160559	0.87489980
10.92405538	92.43975067	0.01081786	89.44747780	2.99227287	64.86478322	7.18404244	0.87460303
10.92777212	92.03494263	0.01086544	88.88131079	3.15363184	64.86052970	7.18647929	0.87430647
10.93148887	91.49437968	0.01092963	88.23010476	3.26427492	64.85626388	7.18891613	0.87401010
10.93520561	90.71003469	0.01102414	87.50320294	3.20683175	64.85198581	7.19135296	0.87371394
10.93892235	89.64308421	0.01115535	86.71613622	2.92694799	64.84769549	7.19378979	0.87341798
10.94263909	88.29731242	0.01132537	85.89373464	2.40357778	64.84339293	7.19622660	0.87312221
10.94635583	86.69984945	0.01153405	85.07018438	1.62966507	64.83907814	7.19866341	0.87282666
10.95007257	84.95981344	0.01177027	84.28703762	0.67277582	64.83475114	7.20110021	0.87253130
10.95378931	83.26755015	0.01200948	83.58695031	-0.31940016	64.83041194	7.20353700	0.87223614
10.95750606	81.69115702	0.01224123	83.00950262	-1.31834560	64.82606056	7.20597380	0.87194118
10.96122280	80.33603160	0.01244771	82.58786211	-2.25183051	64.82169701	7.20841057	0.87164643
10.96493954	79.25862376	0.01261692	82.34799016	-3.08936640	64.81732132	7.21084734	0.87135187
10.96865628	78.48389435	0.01274147	82.30753355	-3.82363920	64.81293349	7.21328411	0.87105751
10.97237302	78.02268728	0.01281678	82.47682228	-4.45413500	64.80853354	7.21572086	0.87076336
10.97608976	77.89209239	0.01283827	82.85814878	-4.96605639	64.80412149	7.21815761	0.87046940
10.97980650	78.11960093	0.01280088	83.44704035	-5.32743942	64.79969735	7.22059435	0.87017564
10.98352324	78.72245789	0.01270286	84.23069492	-5.50823703	64.79526113	7.22303108	0.86988208
10.98723999	79.68762970	0.01254900	85.18802320	-5.50039350	64.79081284	7.22546781	0.86958872
10.99095673	81.02655538	0.01234163	86.28819310	-5.26163772	64.78635253	7.22790453	0.86929556
10.99467347	82.69812012	0.01209217	87.48979608	-4.79167596	64.78188019	7.23034124	0.86900260
10.99839021	84.60848999	0.01181914	88.74453042	-4.13604043	64.77739584	7.23277794	0.86870983
11.00210695	86.71669261	0.01153181	89.99345296	-3.27676035	64.77289949	7.23521464	0.86841727
11.00582369	88.87692769	0.01125151	91.17356961	-2.29664192	64.76839118	7.23765132	0.86812490
11.00954043	90.91392517	0.01099942	92.22185536	-1.30793019	64.76387090	7.24008800	0.86783273
11.01325718	92.70834351	0.01078652	93.08176968	-0.37342617	64.75933867	7.24252468	0.86754075
11.01697392	94.07227580	0.01063012	93.70918732	0.36308848	64.75479453	7.24496134	0.86724898
11.02069066	94.92782084	0.01053432	94.07957382	0.84824702	64.75023848	7.24739800	0.86695740
11.02440740	95.22936757	0.01050096	94.19129901	1.03806856	64.74567054	7.24983465	0.86666602
11.02812414	95.01304118	0.01052487	94.06524966	0.94779152	64.74109073	7.25227129	0.86637483
11.03184088	94.37991842	0.01059547	93.73941302	0.64050540	64.73649906	7.25470792	0.86608384
11.03555762	93.40594228	0.01070596	93.26060630	0.14533598	64.73189556	7.25714455	0.86579305
11.03927436	92.29686483	0.01083460	92.67563837	-0.37877354	64.72728023	7.25958117	0.86550245
11.04299111	91.19652812	0.01096533	92.02327441	-0.82674629	64.72265310	7.26201779	0.86521205
11.04670785	90.15025075	0.01109259	91.33130455	-1.18105380	64.71801419	7.26445439	0.86492185
11.05042459	89.22577159	0.01120752	90.61456032	-1.38878873	64.71336352	7.26689098	0.86463184
11.05414133	88.41243235	0.01131063	89.87980490	-1.46737255	64.70870111	7.26932757	0.86434202
11.05785807	87.68500010	0.01140446	89.12977242	-1.44477232	64.70402696	7.27176415	0.86405241
11.06157481	87.01218160	0.01149264	88.36944685	-1.35726525	64.69934111	7.27420072	0.86376298
11.06529155	86.37272390	0.01157773	87.60804184	-1.23531794	64.69464358	7.27663729	0.86347375
11.06900830	85.78694153	0.01165679	86.86215119	-1.07520966	64.68993436	7.27907385	0.86318472
11.07272504	85.25157674	0.01172999	86.14977251	-0.89819577	64.68521350	7.28151040	0.86289588
11.07644178	84.76454417	0.01179739	85.48852618	-0.72398201	64.68048101	7.28394694	0.86260723
11.08015852	84.32249959	0.01185923	84.89136935	-0.56886976	64.67573691	7.28638348	0.86231878
11.08387526	83.94692230	0.01191229	84.36552933	-0.41860703	64.67098122	7.28882000	0.86203052
11.08759200	83.61799113	0.01195915	83.91218359	-0.29419246	64.66621396	7.29125652	0.86174246
11.09130874	83.32642619	0.01200099	83.52993380	-0.20350761	64.66143514	7.29369303	0.86145459
11.09502548	83.04670715	0.01204142	83.21805422	-0.17134707	64.65664480	7.29612954	0.86116691
11.09874223	82.78730265	0.01207915	82.98003832	-0.19273567	64.65184293	7.29856604	0.86087942
11.10245897	82.55657196	0.01211291	82.82329669	-0.26672473	64.64702959	7.30100253	0.86059213
11.10617571	82.38027445	0.01213883	82.75942931	-0.37915486	64.64220477	7.30343901	0.86030503
11.10989245	82.29209137	0.01215184	82.80056935	-0.50847798	64.63736851	7.30587548	0.86001812
11.11360919	82.31680298	0.01214819	82.95751612	-0.64071314	64.63252082	7.30831194	0.85973141
11.11732593	82.44095866	0.01212989	83.23672414	-0.79576548	64.62766172	7.31074840	0.85944488
11.12104267	82.63871257	0.01210087	83.64229479	-1.00358222	64.62279124	7.31318485	0.85915855
11.12475942	82.91850281	0.01206003	84.17534093	-1.25683812	64.61790938	7.31562130	0.85887241
11.12847616	83.26604970	0.01200970	84.83876293	-1.57271323	64.61301620	7.31805773	0.85858646
11.13219290	83.66334534	0.01195267	85.63516821	-1.97182287	64.60811169	7.32049416	0.85830071
11.13590964	84.13544464	0.01188560	86.57110476	-2.43566012	64.60319588	7.32293058	0.85801514
11.13962638	84.69049581	0.01180770	87.65296434	-2.96246853	64.59826880	7.32536699	0.85772977
11.14334312	85.38130188	0.01171217	88.88486205	-3.50356017	64.59333047	7.32780339	0.85744458
11.14705986	86.26541646	0.01159213	90.26414630	-3.99872984	64.58838090	7.33023979	0.85715959
11.15077660	87.35501862	0.01144754	91.78068786	-4.42566924	64.58342012	7.33267618	0.85687478
11.15449335	88.61812083	0.01128437	93.41137069	-4.79324986	64.57844814	7.33511256	0.85659017
11.15821009	90.05464172	0.01110437	95.11933135	-5.06468963	64.57346502	7.33754894	0.85630574
11.16192683	91.56928762	0.01092069	96.85208714	-5.28279952	64.56847075	7.33998530	0.85602151
11.16564357	93.08016713	0.01074343	98.54489642	-5.46472929	64.56346536	7.34242166	0.85573747
11.16936031	94.54762014	0.01057668	100.12167241	-5.57405227	64.55844888	7.34485801	0.85545361
11.17307705	95.85187276	0.01043276	101.50430079	-5.65242803	64.55342133	7.34729435	0.85516995
11.17679379	96.89713796	0.01032022	102.62323097	-5.72609301	64.54838274	7.34973068	0.85488647
11.18051054	97.65176900	0.01024047	103.43045335	-5.77868435	64.54333310	7.35216702	0.85460318
11.18422728	98.06423950	0.01019740	103.90601597	-5.84177647	64.53827248	7.35460333	0.85432008
11.18794402	98.16900889	0.01018651	104.06163123	-5.89262234	64.53320089	7.35703964	0.85403717
11.19166076	97.99065908	0.01020505	103.93737423	-5.94671515	64.52811834	7.35947595	0.85375445
11.19537750	97.61603800	0.01024422	103.59424774	-5.97820974	64.52302487	7.36191224	0.85347191
11.19909424	97.12193807	0.01029633	103.10588483	-5.98394676	64.51792049	7.36434853	0.85318956
11.20281098	96.58944448	0.01035310	102.54902403	-5.95957955	64.51280524	7.36678481	0.85290740
11.20652773	96.09578959	0.01040628	101.99612553	-5.90033594	64.50767912	7.36922109	0.85262543
11.21024447	95.64726257	0.01045508	101.50750473	-5.86024216	64.50254218	7.37165735	0.85234365
11.21396121	95.24418386	0.01049933	101.12972358	-5.88553972	64.49739444	7.37409361	0.85206205
11.21767795	94.90634410	0.01053670	100.89189996	-5.98555586	64.49223593	7.37652986	0.85178064
11.22139469	94.63863881	0.01056651	100.80767553	-6.16903672	64.48706666	7.37896610	0.85149941
11.22511143	94.45744069	0.01058678	100.87527544	-6.41783475	64.48188667	7.38140233	0.85121838
11.22882817	94.37097422	0.01059648	101.08692276	-6.71594854	64.47669598	7.38383856	0.85093753
11.23254491	94.42781576	0.01059010	101.42577080	-6.99795504	64.47149461	7.38627478	0.85065686
11.23626166	94.68549347	0.01056128	101.87386937	-7.18837590	64.46628258	7.38871099	0.85037638
11.23997840	95.21166484	0.01050291	102.41014256	-7.19847772	64.46105995	7.39114719	0.85009609
11.24369514	96.07844543	0.01040816	103.01290225	-6.93445682	64.45582671	7.39358339	0.84981598
11.24741188	97.31457520	0.01027595	103.65502179	-6.34044659	64.45058291	7.39601957	0.84953606
11.25112862	98.88646189	0.01011261	104.30458828	-5.41812639	64.44532857	7.39845575	0.84925632
11.25484536	100.75029246	0.00992553	104.92190520	-4.17161274	64.44006371	7.40089192	0.84897677
11.25856210	102.72316742	0.00973490	105.46374516	-2.74057774	64.43478836	7.40332809	0.84869740
11.26227885	104.55883280	0.00956399	105.88639293	-1.32756013	64.42950254	7.40576425	0.84841822
11.26599559	106.08651733	0.00942627	106.15366869	-0.06715136	64.42420630	7.40820040	0.84813922
11.26971233	107.10357157	0.00933676	106.24028588	0.86328569	64.41889965	7.41063654	0.84786041
11.27342907	107.52161916	0.00930046	106.13659024	1.38502892	64.41358262	7.41307267	0.84758178
11.27714581	107.29523468	0.00932008	105.84893861	1.44629607	64.40825525	7.41550879	0.84730333
11.28086255	106.47069804	0.00939226	105.39793778	1.07276026	64.40291755	7.41794491	0.84702507
11.28457929	105.15167491	0.00951007	104.81376806	0.33790685	64.39756955	7.42038102	0.84674699
11.28829603	103.47514852	0.00966416	104.13306134	-0.65791282	64.39221129	7.42281712	0.84646910
11.29201278	101.60574087	0.00984196	103.39653342	-1.79079255	64.38684278	7.42525322	0.84619139
11.29572952	99.72206879	0.01002787	102.64207305	-2.92000426	64.38146408	7.42768930	0.84591386
11.29944626	97.94560242	0.01020975	101.89718257	-3.95158015	64.37607519	7.43012538	0.84563651
11.30316300	96.37533061	0.01037610	101.18134768	-4.80601707	64.37067615	7.43256145	0.84535935
11.30687974	95.04650879	0.01052116	100.49566734	-5.44915855	64.36526699	7.43499751	0.84508237
11.31059648	93.94831340	0.01064415	99.83362567	-5.88531227	64.35984774	7.43743357	0.84480557
11.31431322	93.05510966	0.01074632	99.18653103	-6.13142137	64.35441843	7.43986961	0.84452895
11.31802997	92.28711955	0.01083575	98.55147794	-6.26435839	64.34897907	7.44230566	0.84425252
11.32174671	91.59726461	0.01091736	97.93622659	-6.33896198	64.34352971	7.44474169	0.84397627
11.32546345	90.97339122	0.01099223	97.35930405	-6.38591283	64.33807039	7.44717771	0.84370020
11.32918019	90.46735382	0.01105371	96.84605079	-6.37869697	64.33260112	7.44961373	0.84342431
11.33289693	90.13433838	0.01109455	96.41922164	-6.28488326	64.32712194	7.45204973	0.84314860
11.33661367	90.06867472	0.01110264	96.09284465	-6.02416993	64.32163287	7.45448573	0.84287307
11.34033041	90.31090800	0.01107286	95.87003821	-5.55913021	64.31613396	7.45692172	0.84259773
11.34404715	90.90523529	0.01100047	95.74076299	-4.83552770	64.31062522	7.45935771	0.84232256
11.34776390	91.79226685	0.01089416	95.68608169	-3.89381484	64.30510668	7.46179369	0.84204758
11.35148064	92.84398397	0.01077076	95.68289730	-2.83891333	64.29957839	7.46422966	0.84177277
11.35519738	93.85249837	0.01065502	95.70689038	-1.85439201	64.29404037	7.46666562	0.84149815
11.35891412	94.61229706	0.01056945	95.73870650	-1.12640944	64.28849266	7.46910157	0.84122371
11.36263086	94.96008301	0.01053074	95.76817431	-0.80809130	64.28293529	7.47153751	0.84094944
11.36634760	94.83940633	0.01054414	95.79481096	-0.95540463	64.27736828	7.47397345	0.84067536
11.37006434	94.25938924	0.01060902	95.82666041	-1.56727117	64.27179166	7.47640938	0.84040145
11.37378109	93.33892059	0.01071364	95.87508488	-2.53616429	64.26620547	7.47884530	0.84012773
11.37749783	92.26835378	0.01083795	95.94906777	-3.68071399	64.26060975	7.48128122	0.83985418
11.38121457	91.24285126	0.01095976	96.05105236	-4.80820110	64.25500453	7.48371712	0.83958081
11.38493131	90.37606049	0.01106488	96.17443265	-5.79837216	64.24938984	7.48615302	0.83930762
11.38864805	89.73026530	0.01114451	96.30556698	-6.57530168	64.24376571	7.48858891	0.83903461
11.39236479	89.36512502	0.01119005	96.42628029	-7.06115527	64.23813217	7.49102479	0.83876178
11.39608153	89.29679616	0.01119861	96.51951672	-7.22272056	64.23248926	7.49346066	0.83848913
11.39979827	89.47007243	0.01117692	96.57040965	-7.10033722	64.22683701	7.49589653	0.83821665
11.40351502	89.86905416	0.01112730	96.56792832	-6.69887416	64.22117543	7.49833239	0.83794436
11.40723176	90.42222087	0.01105923	96.50233931	-6.08011844	64.21550460	7.50076824	0.83767224
11.41094850	91.05590566	0.01098226	96.36462507	-5.30871941	64.20982453	7.50320408	0.83740029
11.41466524	91.63469696	0.01091290	96.14430271	-4.50960575	64.20413526	7.50563992	0.83712853
11.41838198	92.05161031	0.01086347	95.83278150	-3.78117119	64.19843682	7.50807574	0.83685694
11.42209872	92.19186656	0.01084694	95.42699470	-3.23512814	64.19272923	7.51051156	0.83658553
11.42581546	91.98454285	0.01087139	94.93420972	-2.94966687	64.18701255	7.51294737	0.83631430
11.42953221	91.42451986	0.01093798	94.37206965	-2.94754979	64.18128679	7.51538318	0.83604324
11.43324895	90.56238302	0.01104211	93.76695136	-3.20456834	64.17555200	7.51781897	0.83577236
11.43696569	89.52179718	0.01117046	93.14863325	-3.62683607	64.16980822	7.52025476	0.83550166
11.44068243	88.44648743	0.01130627	92.54523675	-4.09874932	64.16405548	7.52269054	0.83523113
11.44439917	87.48735555	0.01143022	91.97884007	-4.49148452	64.15829381	7.52512631	0.83496078
11.44811591	86.73349762	0.01152957	91.46590860	-4.73241098	64.15252324	7.52756207	0.83469060
11.45183265	86.20085907	0.01160081	91.01511543	-4.81425636	64.14674382	7.52999783	0.83442060
11.45554940	85.89407094	0.01164225	90.63062084	-4.73654990	64.14095557	7.53243358	0.83415077
11.45926614	85.76809692	0.01165935	90.31223848	-4.54414156	64.13515854	7.53486932	0.83388113
11.46298288	85.80287679	0.01165462	90.05698153	-4.25410474	64.12935277	7.53730505	0.83361165
11.46669962	85.92191060	0.01163847	89.86019497	-3.93828437	64.12353828	7.53974077	0.83334235
11.47041636	86.08585612	0.01161631	89.71708533	-3.63122921	64.11771512	7.54217649	0.83307323
11.47413310	86.24124654	0.01159538	89.62391539	-3.38266885	64.11188332	7.54461220	0.83280428
11.47784984	86.36761475	0.01157841	89.57826634	-3.21065159	64.10604292	7.54704790	0.83253550
11.48156658	86.45222219	0.01156708	89.57844317	-3.12622098	64.10019396	7.54948359	0.83226690
11.48528333	86.55530039	0.01155331	89.62320752	-3.06790713	64.09433645	7.55191928	0.83199847
11.48900007	86.71542867	0.01153197	89.70982940	-2.99440073	64.08847046	7.55435495	0.83173022
11.49271681	86.96650950	0.01149868	89.83167013	-2.86516063	64.08259602	7.55679062	0.83146214
11.49643355	87.33097839	0.01145069	89.97766034	-2.64668195	64.07671317	7.55922628	0.83119424
11.50015029	87.81694539	0.01138732	90.12864548	-2.31170009	64.07082194	7.56166193	0.83092650
11.50386703	88.35762787	0.01131764	90.25791231	-1.90028444	64.06492237	7.56409758	0.83065894
11.50758377	88.86825053	0.01125261	90.33423670	-1.46598617	64.05901449	7.56653321	0.83039156
11.51130052	89.26597087	0.01120248	90.32685561	-1.06088474	64.05309834	7.56896885	0.83012435
11.51501726	89.46228027	0.01117790	90.21135110	-0.74907083	64.04717398	7.57140446	0.82985731
11.51873400	89.39657593	0.01118611	89.97426559	-0.57768966	64.04124144	7.57384008	0.82959044
11.52245074	89.07172394	0.01122691	89.61613627	-0.54441233	64.03530075	7.57627568	0.82932374
11.52616748	88.52896881	0.01129574	89.15137878	-0.62240997	64.02935195	7.57871128	0.82905722
11.52988422	87.82287343	0.01138656	88.60419594	-0.78132251	64.02339508	7.58114686	0.82879087
11.53360096	86.98227946	0.01149659	88.00471579	-1.02243633	64.01743018	7.58358244	0.82852469
11.53731770	86.03438314	0.01162326	87.38504983	-1.35066669	64.01145729	7.58601802	0.82825869
11.54103445	85.05419922	0.01175721	86.77606559	-1.72186637	64.00547644	7.58845359	0.82799285
11.54475119	84.11960602	0.01188784	86.20447122	-2.08486520	63.99948769	7.59088914	0.82772719
11.54846793	83.28327688	0.01200721	85.69182794	-2.40855106	63.99349108	7.59332469	0.82746169
11.55218467	82.62775167	0.01210247	85.25309979	-2.62534812	63.98748663	7.59576023	0.82719637
11.55590141	82.24318186	0.01215906	84.89559440	-2.65241254	63.98147440	7.59819576	0.82693122
11.55961815	82.18581136	0.01216755	84.61902010	-2.43320874	63.97545441	7.60063129	0.82666624
11.56333489	82.45734914	0.01212748	84.41637085	-1.95902171	63.96942672	7.60306680	0.82640143
11.56705164	83.02498881	0.01204457	84.27434528	-1.24935647	63.96339135	7.60550232	0.82613679
11.57076838	83.82558441	0.01192953	84.17353510	-0.34795069	63.95734837	7.60793782	0.82587233
11.57448512	84.77094014	0.01179650	84.08996654	0.68097360	63.95129780	7.61037331	0.82560803
11.57820186	85.69364675	0.01166948	83.99749313	1.69615362	63.94523969	7.61280879	0.82534390
11.58191860	86.43618520	0.01156923	83.87132960	2.56485560	63.93917408	7.61524427	0.82507994
11.58563534	86.85503642	0.01151344	83.69074876	3.16428766	63.93310101	7.61767974	0.82481615
11.58935208	86.91419220	0.01150560	83.44245355	3.47173865	63.92702053	7.62011520	0.82455254
11.59306882	86.61343638	0.01154555	83.12135605	3.49208033	63.92093267	7.62255065	0.82428909
11.59678557	86.03039042	0.01162380	82.73003190	3.30035852	63.91483746	7.62498610	0.82402580
11.60050231	85.24671427	0.01173066	82.27586901	2.97084526	63.90873498	7.62742154	0.82376269
11.60421905	84.34532928	0.01185602	81.76917244	2.57615684	63.90262525	7.62985696	0.82349975
11.60793579	83.42289480	0.01198712	81.22117052	2.20172428	63.89650832	7.63229238	0.82323698
11.61165253	82.56164551	0.01211216	80.64312623	1.91851928	63.89038422	7.63472780	0.82297437
11.61536927	81.78349050	0.01222741	80.04543020	1.73806030	63.88425301	7.63716320	0.82271193
11.61908601	81.08340200	0.01233298	79.43771780	1.64568420	63.87811472	7.63959860	0.82244967
11.62280276	80.43232981	0.01243281	78.82894921	1.60338060	63.87196939	7.64203399	0.82218756
11.62651950	79.82114410	0.01252801	78.22902460	1.59211950	63.86581709	7.64446937	0.82192563
11.63023624	79.22162374	0.01262282	77.64841599	1.57320775	63.85965784	7.64690474	0.82166387
11.63395298	78.61634827	0.01272000	77.09937811	1.51697016	63.85349170	7.64934010	0.82140227
11.63766972	78.03807322	0.01281426	76.59398378	1.44408944	63.84731870	7.65177546	0.82114084
11.64138646	77.54680125	0.01289544	76.14281583	1.40398542	63.84113890	7.65421081	0.82087957
11.64510320	77.15291850	0.01296127	75.75457617	1.39834233	63.83495233	7.65664615	0.82061848
11.64881994	76.84611003	0.01301302	75.43375065	1.41235938	63.82875903	7.65908148	0.82035755
11.65253669	76.62407939	0.01305073	75.18074582	1.44333357	63.82255905	7.66151681	0.82009679
11.65625343	76.50379690	0.01307125	74.99176183	1.51203507	63.81635245	7.66395212	0.81983619
11.65997017	76.45719910	0.01307921	74.85902139	1.59817771	63.81013927	7.66638743	0.81957576
11.66368691	76.45721181	0.01307921	74.77169825	1.68551356	63.80391956	7.66882273	0.81931550
11.66740365	76.47404226	0.01307633	74.71641080	1.75763146	63.79769335	7.67125802	0.81905540
11.67112039	76.49882762	0.01307210	74.67916013	1.81966749	63.79146069	7.67369330	0.81879547
11.67483713	76.52981822	0.01306680	74.64748081	1.88233741	63.78522163	7.67612858	0.81853570
11.67855388	76.55542247	0.01306243	74.61402319	1.94139928	63.77897620	7.67856385	0.81827610
11.68227062	76.54485067	0.01306424	74.57584623	1.96900444	63.77272448	7.68099911	0.81801667
11.68598736	76.48416392	0.01307460	74.53587164	1.94829228	63.76646650	7.68343436	0.81775740
11.68970410	76.38463593	0.01309164	74.50162433	1.88301160	63.76020231	7.68586961	0.81749830
11.69342084	76.28122203	0.01310939	74.48227720	1.79894483	63.75393195	7.68830484	0.81723936
11.69713758	76.19140371	0.01312484	74.48704692	1.70435679	63.74765547	7.69074007	0.81698058
11.70085432	76.14022573	0.01313366	74.52293692	1.61728881	63.74137292	7.69317528	0.81672197
11.70457107	76.13868713	0.01313393	74.59434737	1.54433976	63.73508432	7.69561050	0.81646353
11.70828781	76.22464244	0.01311912	74.70186044	1.52278200	63.72878977	7.69804570	0.81620525
11.71200455	76.38652802	0.01309131	74.84351742	1.54301060	63.72248929	7.70048090	0.81594713
11.71572129	76.57409159	0.01305925	75.01500011	1.55909148	63.71618292	7.70291608	0.81568918
11.71943803	76.77967072	0.01302428	75.21185535	1.56781537	63.70987073	7.70535126	0.81543139
11.72315477	76.98184204	0.01299008	75.43055137	1.55129067	63.70355275	7.70778643	0.81517377
11.72687151	77.13647715	0.01296404	75.67127491	1.46520224	63.69722904	7.71022159	0.81491631
11.73058825	77.22285970	0.01294953	75.93790356	1.28495614	63.69089964	7.71265675	0.81465901
11.73430500	77.26600138	0.01294230	76.23812462	1.02787676	63.68456459	7.71509190	0.81440187
11.73802174	77.30959574	0.01293500	76.58128119	0.72831455	63.67822397	7.71752704	0.81414490
11.74173848	77.41618856	0.01291719	76.97692853	0.43926003	63.67187781	7.71996217	0.81388810
11.74545522	77.64634450	0.01287891	77.43188789	0.21445661	63.66552616	7.72239729	0.81363145
11.74917196	78.00555674	0.01281960	77.94921317	0.05634357	63.65916907	7.72483240	0.81337497
11.75288870	78.49962616	0.01273891	78.52788963	-0.02826347	63.65280660	7.72726750	0.81311865
11.75660544	79.10032654	0.01264217	79.16342366	-0.06309712	63.64643878	7.72970260	0.81286249
11.76032219	79.79523977	0.01253208	79.84840792	-0.05316815	63.64006566	7.73213770	0.81260649
11.76403893	80.56616465	0.01241216	80.57428007	-0.00811542	63.63368733	7.73457278	0.81235066
11.76775567	81.39766184	0.01228537	81.33283478	0.06482706	63.62730380	7.73700785	0.81209499
11.77147241	82.27423859	0.01215447	82.11604881	0.15818978	63.62091514	7.73944291	0.81183948
11.77518915	83.19034322	0.01202063	82.91502969	0.27531353	63.61452140	7.74187797	0.81158413
11.77890589	84.12590281	0.01188695	83.71921511	0.40668770	63.60812262	7.74431302	0.81132894
11.78262263	85.03498586	0.01175987	84.51560267	0.51938319	63.60171886	7.74674806	0.81107392
11.78633937	85.88155111	0.01164394	85.28846028	0.59309083	63.59531017	7.74918309	0.81081905
11.79005612	86.62584178	0.01154390	86.01975512	0.60608666	63.58889659	7.75161812	0.81056435
11.79377286	87.24553172	0.01146191	86.69123054	0.55430118	63.58247820	7.75405313	0.81030981
11.79748960	87.74378459	0.01139682	87.28573162	0.45805297	63.57605504	7.75648814	0.81005543
11.80120634	88.11015574	0.01134943	87.78935066	0.32080508	63.56962715	7.75892314	0.80980120
11.80492308	88.36577098	0.01131660	88.19177201	0.17399897	63.56319460	7.76135813	0.80954714
11.80863982	88.53782399	0.01129461	88.48678629	0.05103770	63.55675743	7.76379311	0.80929324
11.81235656	88.69223022	0.01127494	88.66952185	0.02270837	63.55031570	7.76622809	0.80903950
11.81607331	88.81597392	0.01125924	88.73581215	0.08016177	63.54386944	7.76866306	0.80878592
11.81979005	88.87566630	0.01125167	88.68098304	0.19468326	63.53741874	7.77109802	0.80853250
11.82350679	88.80377960	0.01126078	88.50210365	0.30167595	63.53096365	7.77353297	0.80827924
11.82722353	88.53295644	0.01129523	88.20016365	0.33279279	63.52450420	7.77596791	0.80802614
11.83094027	88.03092448	0.01135964	87.78460803	0.24631645	63.51804046	7.77840284	0.80777319
11.83465701	87.28705851	0.01145645	87.27506616	0.01199235	63.51157248	7.78083777	0.80752041
11.83837375	86.33900197	0.01158225	86.69951481	-0.36051284	63.50510031	7.78327269	0.80726779
11.84209049	85.24560038	0.01173081	86.09074167	-0.84514129	63.49862402	7.78570760	0.80701532
11.84580724	84.10200246	0.01189032	85.48062866	-1.37862620	63.49214363	7.78814250	0.80676301
11.84952398	83.00840251	0.01204697	84.89696673	-1.88856422	63.48565923	7.79057740	0.80651086
11.85324072	82.02745310	0.01219104	84.35955784	-2.33210474	63.47917087	7.79301228	0.80625887
11.85695746	81.19820658	0.01231554	83.88024569	-2.68203911	63.47267860	7.79544716	0.80600704
11.86067420	80.55723572	0.01241353	83.46304823	-2.90581251	63.46618247	7.79788202	0.80575537
11.86439094	80.11549632	0.01248198	83.10625277	-2.99075645	63.45968254	7.80031688	0.80550385
11.86810768	79.86205546	0.01252159	82.80429053	-2.94223507	63.45317887	7.80275174	0.80525250
11.87182443	79.77532196	0.01253520	82.55023369	-2.77491173	63.44667150	7.80518659	0.80500129
11.87554117	79.83055623	0.01252653	82.33736165	-2.50680542	63.44016051	7.80762142	0.80475025
11.87925791	79.99843089	0.01250025	82.16062737	-2.16219648	63.43364594	7.81005625	0.80449937
11.88297465	80.22426097	0.01246506	82.01704699	-1.79278602	63.42712786	7.81249107	0.80424864
11.88669139	80.46675364	0.01242749	81.90607411	-1.43932047	63.42060631	7.81492588	0.80399807
11.89040813	80.68597666	0.01239373	81.82942785	-1.14345119	63.41408136	7.81736068	0.80374765
11.89412487	80.88709259	0.01236291	81.79081181	-0.90371922	63.40755307	7.81979547	0.80349740
11.89784161	81.09082286	0.01233185	81.79414459	-0.70332173	63.40102148	7.82223026	0.80324730
11.90155836	81.32696279	0.01229605	81.84219261	-0.51522982	63.39448664	7.82466504	0.80299735
11.90527510	81.60647074	0.01225393	81.93497985	-0.32850911	63.38794865	7.82709981	0.80274756
11.90899184	81.94196574	0.01220376	82.06905679	-0.12709105	63.38140754	7.82953458	0.80249793
11.91270858	82.32556152	0.01214690	82.23751700	0.08804452	63.37486337	7.83196933	0.80224846
11.91642532	82.69235992	0.01209302	82.43194081	0.26041911	63.36831621	7.83440407	0.80199914
11.92014206	82.93540192	0.01205758	82.64508563	0.29031629	63.36176610	7.83683881	0.80174997
11.92385880	83.02122243	0.01204511	82.87345426	0.14776817	63.35521311	7.83927354	0.80150097
11.92757555	82.96182760	0.01205374	83.11892373	-0.15709613	63.34865728	7.84170826	0.80125211
11.93129229	82.80338796	0.01207680	83.38839178	-0.58500382	63.34209870	7.84414298	0.80100341
11.93500903	82.62617493	0.01210270	83.69132659	-1.06515166	63.33553742	7.84657768	0.80075487
11.93872577	82.49213918	0.01212237	84.03641893	-1.54427975	63.32897350	7.84901238	0.80050649
11.94244251	82.44421132	0.01212941	84.42985996	-1.98564864	63.32240698	7.85144706	0.80025825
11.94615925	82.49557749	0.01212186	84.87429654	-2.37871905	63.31583795	7.85388174	0.80001018
11.94987599	82.62539673	0.01210282	85.36961176	-2.74421503	63.30926645	7.85631641	0.79976225
11.95359273	82.79400635	0.01207817	85.91586750	-3.12186115	63.30269254	7.85875107	0.79951448
11.95730948	82.94846090	0.01205568	86.51640519	-3.56794429	63.29611627	7.86118573	0.79926687
11.96102622	83.02558899	0.01204448	87.17954317	-4.15395418	63.28953774	7.86362038	0.79901941
11.96474296	83.04251099	0.01204203	87.91753909	-4.87502810	63.28295698	7.86605502	0.79877210
11.96845970	83.06979370	0.01203807	88.74402753	-5.67423383	63.27637406	7.86848965	0.79852495
11.97217644	83.21110789	0.01201763	89.66976612	-6.45865823	63.26978905	7.87092427	0.79827795
11.97589318	83.54396057	0.01196975	90.69842479	-7.15446422	63.26320199	7.87335888	0.79803111
11.97960992	84.10669454	0.01188966	91.82353074	-7.71683620	63.25661296	7.87579348	0.79778442
11.98332667	84.90241750	0.01177823	93.02766053	-8.12524303	63.25002199	7.87822809	0.79753788
11.98704341	85.90744781	0.01164043	94.28361568	-8.37616787	63.24342919	7.88066267	0.79729149
11.99076015	87.10552216	0.01148033	95.55747579	-8.45195363	63.23683460	7.88309725	0.79704526
11.99447689	88.45546468	0.01130512	96.81366877	-8.35820409	63.23023829	7.88553182	0.79679918
11.99819363	89.91743724	0.01112131	98.01854189	-8.10110465	63.22364031	7.88796639	0.79655326
12.00191037	91.45440928	0.01093441	99.14277348	-7.68836420	63.21704072	7.89040094	0.79630748
12.00562711	93.03533173	0.01074860	100.16068536	-7.12535363	63.21043960	7.89283549	0.79606186
12.00934386	94.62803396	0.01056769	101.04819985	-6.42016589	63.20383698	7.89527003	0.79581639
12.01306060	96.18319194	0.01039683	101.77825864	-5.59506670	63.19723297	7.89770456	0.79557107
12.01677734	97.62798818	0.01024296	102.31956327	-4.69157509	63.19062762	7.90013908	0.79532591
12.02049408	98.84713236	0.01011663	102.63780713	-3.79067477	63.18402098	7.90257360	0.79508090
12.02421082	99.72372437	0.01002770	102.70085103	-2.97712666	63.17741311	7.90500810	0.79483604
12.02792756	100.13804118	0.00998621	102.48378938	-2.34574820	63.17080410	7.90744260	0.79459133
12.03164430	100.05239360	0.00999476	101.97564001	-1.92324641	63.16419399	7.90987709	0.79434677
12.03536104	99.49077606	0.01005118	101.18297861	-1.69220255	63.15758285	7.91231157	0.79410236
12.03907779	98.51535543	0.01015070	100.13081989	-1.61546446	63.15097074	7.91474604	0.79385811
12.04279453	97.19563802	0.01028853	98.85859966	-1.66296164	63.14435775	7.91718051	0.79361400
12.04651127	95.60441844	0.01045977	97.41495980	-1.81054136	63.13774392	7.91961496	0.79337005
12.05022801	93.82692719	0.01065792	95.85238236	-2.02545517	63.13112933	7.92204941	0.79312625
12.05394475	91.94776154	0.01087574	94.22349840	-2.27573686	63.12451405	7.92448385	0.79288259
12.05766149	90.00281779	0.01111076	92.57858250	-2.57576471	63.11789812	7.92691828	0.79263909
12.06137823	88.05618032	0.01135639	90.96502288	-2.90884256	63.11128163	7.92935270	0.79239574
12.06509498	86.17957306	0.01160368	89.42712991	-3.24755685	63.10466463	7.93178712	0.79215254
12.06881172	84.40188599	0.01184808	88.00493446	-3.60304847	63.09804720	7.93422152	0.79190949
12.07252846	82.77732086	0.01208060	86.73279976	-3.95547890	63.09142941	7.93665592	0.79166659
12.07624520	81.39194743	0.01228623	85.63827331	-4.24632588	63.08481131	7.93909031	0.79142384
12.07996194	80.29417165	0.01245420	84.74120818	-4.44703653	63.07819299	7.94152469	0.79118123
12.08367868	79.50786082	0.01257737	84.05367936	-4.54581854	63.07157449	7.94395906	0.79093878
12.08739542	79.02361043	0.01265445	83.57981434	-4.55620391	63.06495590	7.94639342	0.79069648
12.09111216	78.83786011	0.01268426	83.31746917	-4.47960906	63.05833728	7.94882777	0.79045433
12.09482891	78.94709015	0.01266671	83.25697063	-4.30988048	63.05171867	7.95126213	0.79021232
12.09854565	79.37111410	0.01259904	83.38212529	-4.01101119	63.04510019	7.95369647	0.78997047
12.10226239	80.06457774	0.01248992	83.66982873	-3.60525099	63.03848189	7.95613079	0.78972876
12.10597913	81.01208242	0.01234384	84.08991609	-3.07783367	63.03186382	7.95856512	0.78948720
12.10969587	82.18122101	0.01216823	84.60563740	-2.42441639	63.02524607	7.96099943	0.78924579
12.11341261	83.49584707	0.01197664	85.17420351	-1.67835644	63.01862870	7.96343373	0.78900453
12.11712935	84.82740021	0.01178864	85.74928457	-0.92188436	63.01201177	7.96586803	0.78876342
12.12084610	86.06953684	0.01161851	86.28601218	-0.21647534	63.00539535	7.96830232	0.78852245
12.12456284	87.13844808	0.01147599	86.74628797	0.39216011	62.99877953	7.97073660	0.78828164
12.12827958	87.93071238	0.01137259	87.10406439	0.82664799	62.99216437	7.97317087	0.78804097
12.13199632	88.38575745	0.01131404	87.34859336	1.03716409	62.98554994	7.97560514	0.78780045
12.13571306	88.50013733	0.01129942	87.48448562	1.01565171	62.97893631	7.97803939	0.78756008
12.13942980	88.35057322	0.01131855	87.52639299	0.82418023	62.97232355	7.98047364	0.78731985
12.14314654	88.05407969	0.01135666	87.49342194	0.56065775	62.96571173	7.98290787	0.78707977
12.14686328	87.74505361	0.01139665	87.40364713	0.34140648	62.95910092	7.98534210	0.78683984
12.15058003	87.52530162	0.01142527	87.27083940	0.25446222	62.95249117	7.98777633	0.78660006
12.15429677	87.49275970	0.01142952	87.10199350	0.39076620	62.94588259	7.99021054	0.78636042
12.15801351	87.63380178	0.01141112	86.89858170	0.73522008	62.93927524	7.99264474	0.78612093
12.16173025	87.87171427	0.01138023	86.65850458	1.21320969	62.93266918	7.99507894	0.78588158
12.16544699	88.06776683	0.01135489	86.37861707	1.68914976	62.92606449	7.99751313	0.78564239
12.16916373	88.10567474	0.01135001	86.05710577	2.04856897	62.91946124	7.99994731	0.78540334
12.17288047	87.89634705	0.01137704	85.69650152	2.19984553	62.91285950	8.00238148	0.78516443
12.17659722	87.39824422	0.01144188	85.30507080	2.09317342	62.90625933	8.00481564	0.78492567
12.18031396	86.63711039	0.01154240	84.89588270	1.74122769	62.89966084	8.00724980	0.78468706
12.18403070	85.69385274	0.01166945	84.48477133	1.20908141	62.89306408	8.00968394	0.78444859
12.18774744	84.70389048	0.01180583	84.08710259	0.61678789	62.88646912	8.01211808	0.78421027
12.19146418	83.80439758	0.01193255	83.71448649	0.08991109	62.87987604	8.01455221	0.78397210
12.19518092	83.09332784	0.01203466	83.37259523	-0.27926739	62.87328491	8.01698633	0.78373407
12.19889766	82.62123362	0.01210343	83.06025792	-0.43902430	62.86669580	8.01942044	0.78349618
12.20261440	82.38185374	0.01213860	82.77159696	-0.38974322	62.86010879	8.02185454	0.78325844
12.20633115	82.36505890	0.01214107	82.49531452	-0.13025562	62.85352394	8.02428864	0.78302085
12.21004789	82.50945282	0.01211982	82.21797294	0.29147988	62.84694135	8.02672273	0.78278340
12.21376463	82.70188141	0.01209162	81.92555360	0.77632781	62.84036108	8.02915680	0.78254610
12.21748137	82.83178457	0.01207266	81.60553405	1.22625052	62.83378321	8.03159087	0.78230894
12.22119811	82.83289846	0.01207250	81.24924166	1.58365680	62.82720782	8.03402493	0.78207192
12.22491485	82.67218526	0.01209597	80.85101455	1.82117071	62.82063496	8.03645898	0.78183505
12.22863159	82.35316467	0.01214282	80.40928619	1.94387848	62.81406474	8.03889303	0.78159832
12.23234834	81.88554382	0.01221217	79.92566787	1.95987595	62.80749719	8.04132707	0.78136174
12.23606508	81.30235799	0.01229977	79.40485274	1.89750525	62.80093243	8.04376110	0.78112530
12.23978182	80.66763051	0.01239655	78.85419819	1.81343232	62.79437053	8.04619511	0.78088901
12.24349856	80.04425049	0.01249309	78.28403359	1.76021690	62.78781155	8.04862912	0.78065286
12.24721530	79.44580332	0.01258720	77.70747357	1.73832975	62.78125557	8.05106312	0.78041685
12.25093204	78.87480672	0.01267832	77.13919384	1.73561288	62.77470267	8.05349712	0.78018098
12.25464878	78.34292348	0.01276439	76.59392493	1.74899855	62.76815293	8.05593110	0.77994526
12.25836553	77.87571208	0.01284097	76.08486363	1.79084845	62.76160641	8.05836508	0.77970969
12.26208227	77.48702749	0.01290539	75.62211381	1.86491368	62.75506322	8.06079905	0.77947425
12.26579901	77.19335429	0.01295448	75.21187172	1.98148257	62.74852341	8.06323301	0.77923896
12.26951575	76.98207601	0.01299004	74.85640265	2.12567336	62.74198707	8.06566696	0.77900381
12.27323249	76.84298960	0.01301355	74.55503685	2.28795275	62.73545428	8.06810090	0.77876881
12.27694923	76.76235453	0.01302722	74.30481565	2.45753888	62.72892511	8.07053484	0.77853394
12.28066597	76.73601023	0.01303169	74.10190724	2.63410299	62.72239964	8.07296876	0.77829922
12.28438271	76.75405375	0.01302863	73.94268185	2.81137190	62.71587795	8.07540268	0.77806464
12.28809946	76.81068166	0.01301902	73.82498146	2.98570020	62.70936010	8.07783659	0.77783021
12.29181620	76.87946828	0.01300737	73.74767407	3.13179421	62.70284620	8.08027049	0.77759591
12.29553294	76.94458516	0.01299637	73.71051824	3.23406692	62.69633633	8.08270438	0.77736176
12.29924968	77.00007375	0.01298700	73.71318139	3.28689236	62.68983055	8.08513826	0.77712775
12.30296642	77.03197225	0.01298162	73.75518383	3.27678842	62.68332895	8.08757214	0.77689388
12.30668316	77.02447510	0.01298289	73.83573712	3.18873798	62.67683160	8.09000600	0.77666015
12.31039990	76.98840332	0.01298897	73.95401195	3.03439137	62.67033859	8.09243986	0.77642657
12.31411665	76.92312113	0.01299999	74.11061793	2.81250320	62.66384999	8.09487372	0.77619312
12.31783339	76.84685771	0.01301289	74.30654560	2.54031211	62.65736589	8.09730756	0.77595982
12.32155013	76.79175059	0.01302223	74.54374192	2.24800867	62.65088638	8.09974139	0.77572666
12.32526687	76.77736155	0.01302467	74.82358341	1.95377814	62.64441152	8.10217521	0.77549364
12.32898361	76.82409922	0.01301675	75.14583410	1.67826512	62.63794141	8.10460902	0.77526075
12.33270035	76.98296356	0.01298989	75.50695522	1.47600834	62.63147612	8.10704283	0.77502801
12.33641709	77.30554454	0.01293568	75.89987617	1.40566837	62.62501573	8.10947663	0.77479541
12.34013383	77.79842122	0.01285373	76.31318131	1.48523991	62.61856033	8.11191042	0.77456296
12.34385058	78.43247223	0.01274982	76.73189981	1.70057242	62.61210997	8.11434420	0.77433064
12.34756732	79.12959290	0.01263750	77.13873480	1.99085810	62.60566479	8.11677797	0.77409846
12.35128406	79.78329213	0.01253395	77.51712547	2.26616666	62.59922484	8.11921174	0.77386642
12.35500080	80.31448619	0.01245105	77.85395506	2.46053113	62.59279021	8.12164549	0.77363452
12.35871754	80.71599833	0.01238912	78.14220709	2.57379124	62.58636097	8.12407924	0.77340276
12.36243428	80.96138255	0.01235157	78.38208945	2.57929310	62.57993722	8.12651297	0.77317114
12.36615102	81.04014333	0.01233956	78.57959730	2.46054603	62.57351903	8.12894670	0.77293966
12.36986777	80.99760946	0.01234604	78.74643866	2.25117080	62.56710647	8.13138043	0.77270832
12.37358451	80.91565704	0.01235855	78.89409369	2.02156335	62.56069967	8.13381414	0.77247712
12.37730125	80.82124583	0.01237298	79.03366314	1.78758269	62.55429868	8.13624785	0.77224606
12.38101799	80.72821554	0.01238724	79.17402174	1.55419380	62.54790359	8.13868154	0.77201513
12.38473473	80.66638438	0.01239674	79.32187813	1.34450625	62.54151449	8.14111523	0.77178435
12.38845147	80.65980784	0.01239775	79.48143297	1.17837487	62.53513146	8.14354890	0.77155370
12.39216821	80.70430756	0.01239091	79.65371745	1.05059011	62.52875458	8.14598257	0.77132320
12.39588495	80.83345540	0.01237112	79.83578796	0.99766744	62.52238395	8.14841623	0.77109283
12.39960170	81.08154806	0.01233326	80.02110885	1.06043921	62.51601962	8.15084989	0.77086260
12.40331844	81.45365906	0.01227692	80.19831162	1.25534744	62.50966172	8.15328353	0.77063250
12.40703518	81.88197327	0.01221270	80.35270291	1.52927036	62.50331032	8.15571717	0.77040255
12.41075192	82.32997640	0.01214624	80.46688277	1.86309363	62.49696551	8.15815080	0.77017273
12.41446866	82.76560720	0.01208231	80.52255680	2.24305040	62.49062736	8.16058441	0.76994306
12.41818540	83.15565999	0.01202564	80.50223712	2.65342287	62.48429597	8.16301802	0.76971352
12.42190214	83.42509460	0.01198680	80.39109537	3.03399923	62.47797143	8.16545162	0.76948411
12.42561889	83.53979747	0.01197034	80.17923939	3.36055808	62.47165380	8.16788522	0.76925485
12.42933563	83.46216583	0.01198148	79.86391528	3.59825055	62.46534320	8.17031880	0.76902572
12.43305237	83.17835236	0.01202236	79.44958814	3.72876422	62.45903971	8.17275238	0.76879673
12.43676911	82.70881399	0.01209061	78.94836513	3.76044886	62.45274341	8.17518594	0.76856788
12.44048585	82.10199229	0.01217997	78.37800363	3.72398866	62.44645439	8.17761950	0.76833916
12.44420259	81.39739227	0.01228541	77.75875881	3.63863346	62.44017274	8.18005305	0.76811058
12.44791933	80.67382812	0.01239559	77.11048589	3.56334223	62.43389854	8.18248659	0.76788214
12.45163607	80.00615184	0.01249904	76.45082076	3.55533108	62.42763189	8.18492012	0.76765383
12.45535282	79.42076619	0.01259117	75.79413221	3.62663398	62.42137286	8.18735365	0.76742566
12.45906956	78.90147400	0.01267403	75.15119487	3.75027913	62.41512157	8.18978717	0.76719763
12.46278630	78.42348735	0.01275128	74.53026935	3.89321800	62.40887809	8.19222067	0.76696973
12.46650304	77.95815786	0.01282739	73.93874681	4.01941105	62.40264251	8.19465417	0.76674197
12.47021978	77.49794515	0.01290357	73.38424101	4.11370414	62.39641492	8.19708766	0.76651435
12.47393652	77.04347992	0.01297968	72.87491548	4.16856444	62.39019541	8.19952114	0.76628686
12.47765326	76.59365082	0.01305591	72.41932696	4.17432386	62.38398408	8.20195461	0.76605951
12.48137001	76.16410319	0.01312954	72.02610462	4.13799857	62.37778099	8.20438808	0.76583229
12.48508675	75.77055359	0.01319774	71.70280080	4.06775279	62.37158627	8.20682153	0.76560521
12.48880349	75.44328562	0.01325499	71.45677127	3.98651435	62.36539999	8.20925498	0.76537826
12.49252023	75.19721731	0.01329836	71.29265977	3.90455754	62.35922224	8.21168841	0.76515145
12.49623697	75.01676941	0.01333035	71.21411926	3.80265015	62.35305312	8.21412184	0.76492478
12.49995371	74.90750631	0.01334980	71.22327258	3.68423373	62.34689272	8.21655526	0.76469824
12.50367045	74.89465586	0.01335209	71.32110984	3.57354602	62.34074112	8.21898867	0.76447183
12.50738720	74.98672740	0.01333569	71.50698848	3.47973892	62.33459841	8.22142208	0.76424556
12.51110394	75.17532603	0.01330224	71.77915253	3.39617350	62.32846471	8.22385547	0.76401942
12.51482068	75.46218363	0.01325167	72.13416016	3.32802347	62.32234009	8.22628886	0.76379342
12.51853742	75.85520935	0.01318301	72.56697078	3.28823857	62.31622465	8.22872223	0.76356755
12.52225416	76.37758128	0.01309285	73.06983810	3.30774318	62.31011847	8.23115560	0.76334182
12.52597090	77.02679189	0.01298250	73.63364608	3.39314581	62.30402167	8.23358896	0.76311622
12.52968764	77.78578440	0.01285582	74.24617948	3.53960492	62.29793431	8.23602231	0.76289076
12.53340438	78.61739349	0.01271983	74.89365519	3.72373830	62.29185651	8.23845565	0.76266543
12.53712113	79.45603180	0.01258558	75.56103947	3.89499233	62.28578833	8.24088899	0.76244023
12.54083787	80.27365621	0.01245739	76.23346275	4.04019346	62.27972991	8.24332232	0.76221517
12.54455461	81.06344350	0.01233602	76.89856085	4.16488265	62.27368132	8.24575563	0.76199024
12.54827135	81.78446198	0.01222726	77.54525882	4.23920316	62.26764265	8.24818894	0.76176544
12.55198809	82.42356618	0.01213245	78.16510555	4.25846063	62.26161400	8.25062224	0.76154078
12.55570483	82.97649638	0.01205161	78.75102600	4.22547038	62.25559547	8.25305553	0.76131625
12.55942157	83.43204498	0.01198580	79.29592563	4.13611935	62.24958715	8.25548881	0.76109186
12.56313832	83.80862681	0.01193195	79.79022983	4.01839698	62.24358912	8.25792209	0.76086759
12.56685506	84.16696676	0.01188115	80.22274710	3.94421966	62.23760151	8.26035535	0.76064346
12.57057180	84.51590220	0.01183209	80.57935790	3.93654430	62.23162440	8.26278860	0.76041947
12.57428854	84.81844584	0.01178989	80.84620383	3.97224201	62.22565787	8.26522185	0.76019560
12.57800528	85.04547628	0.01175841	81.01105546	4.03442082	62.21970204	8.26765509	0.75997187
12.58172202	85.20805105	0.01173598	81.06674326	4.14130779	62.21375699	8.27008832	0.75974827
12.58543876	85.29884593	0.01172349	81.01151165	4.28733428	62.20782282	8.27252154	0.75952481
12.58915550	85.30507151	0.01172263	80.84901333	4.45605818	62.20189964	8.27495475	0.75930147
12.59287225	85.19357554	0.01173797	80.58647670	4.60709884	62.19598751	8.27738796	0.75907827
12.59658899	84.97010549	0.01176884	80.23297327	4.73713222	62.19008658	8.27982115	0.75885520
12.60030573	84.65722402	0.01181234	79.79901315	4.85821087	62.18419691	8.28225434	0.75863226
12.60402247	84.25586192	0.01186861	79.29477341	4.96108851	62.17831861	8.28468751	0.75840945
12.60773921	83.74032847	0.01194168	78.73214148	5.00818699	62.17245179	8.28712068	0.75818678
12.61145595	83.11442820	0.01203161	78.12498937	4.98943883	62.16659652	8.28955384	0.75796423
12.61517269	82.40311432	0.01213546	77.48995644	4.91315788	62.16075293	8.29198699	0.75774182
12.61888944	81.64314270	0.01224843	76.84486450	4.79827820	62.15492107	8.29442014	0.75751954
12.62260618	80.84782155	0.01236892	76.20808359	4.63973796	62.14910110	8.29685327	0.75729739
12.62632292	80.04390971	0.01249314	75.59614836	4.44776135	62.14329309	8.29928639	0.75707537
12.63003966	79.28750865	0.01261233	75.02304867	4.26445998	62.13749714	8.30171951	0.75685348
12.63375640	78.58669027	0.01272480	74.49833834	4.08835193	62.13171335	8.30415262	0.75663172
12.63747314	77.93009949	0.01283201	74.02823388	3.90186561	62.12594182	8.30658571	0.75641010
12.64118988	77.34974670	0.01292829	73.61535746	3.73438924	62.12018265	8.30901880	0.75618860
12.64490662	76.86199188	0.01301033	73.26068258	3.60130930	62.11443594	8.31145188	0.75596724
12.64862337	76.46229553	0.01307834	72.96373056	3.49856497	62.10870177	8.31388496	0.75574600
12.65234011	76.14358775	0.01313308	72.72469837	3.41888938	62.10298029	8.31631802	0.75552490
12.65605685	75.89785258	0.01317560	72.54414301	3.35370957	62.09727157	8.31875108	0.75530392
12.65977359	75.73383586	0.01320414	72.42363503	3.31020083	62.09157571	8.32118412	0.75508308
12.66349033	75.64567057	0.01321953	72.36460810	3.28106247	62.08589282	8.32361716	0.75486236
12.66720707	75.63729604	0.01322099	72.36796693	3.26932911	62.08022300	8.32605019	0.75464178
12.67092381	75.70378367	0.01320938	72.43296698	3.27081669	62.07456635	8.32848321	0.75442132
12.67464056	75.84673055	0.01318448	72.55687532	3.28985523	62.06892295	8.33091622	0.75420100
12.67835730	76.07679240	0.01314461	72.73448807	3.34230433	62.06329295	8.33334923	0.75398080
12.68207404	76.38785299	0.01309109	72.95861023	3.42924276	62.05767642	8.33578222	0.75376073
12.68579078	76.78175100	0.01302393	73.22012167	3.56162933	62.05207348	8.33821520	0.75354079
12.68950752	77.24196879	0.01294633	73.50871758	3.73325121	62.04648422	8.34064818	0.75332099
12.69322426	77.73717244	0.01286386	73.81354196	3.92363048	62.04090874	8.34308115	0.75310131
12.69694100	78.25327555	0.01277902	74.12404056	4.12923499	62.03534716	8.34551410	0.75288176
12.70065774	78.79335785	0.01269143	74.42979391	4.36356394	62.02979957	8.34794705	0.75266233
12.70437449	79.32263692	0.01260674	74.72051066	4.60212626	62.02426607	8.35038000	0.75244304
12.70809123	79.81416829	0.01252910	74.98629249	4.82787580	62.01874679	8.35281293	0.75222387
12.71180797	80.24586233	0.01246170	75.21827874	5.02758359	62.01324181	8.35524585	0.75200484
12.71552471	80.57223002	0.01241122	75.40936216	5.16286786	62.00775125	8.35767877	0.75178593
12.71924145	80.74816132	0.01238418	75.55585197	5.19230935	62.00227520	8.36011167	0.75156715
12.72295819	80.75123851	0.01238371	75.65856038	5.09267813	61.99681378	8.36254457	0.75134850
12.72667493	80.58736420	0.01240889	75.72406166	4.86330254	61.99136709	8.36497746	0.75112998
12.73039168	80.28283437	0.01245596	75.76403353	4.51880084	61.98593522	8.36741034	0.75091158
12.73410842	79.84790293	0.01252381	75.79418543	4.05371750	61.98051831	8.36984321	0.75069331
12.73782516	79.32835897	0.01260583	75.83181498	3.49654399	61.97511644	8.37227607	0.75047517
12.74154190	78.80218252	0.01269000	75.89381714	2.90836538	61.96972973	8.37470892	0.75025716
12.74525864	78.33387502	0.01276587	75.99503244	2.33884258	61.96435828	8.37714177	0.75003927
12.74897538	77.94222005	0.01283002	76.14575220	1.79646785	61.95900219	8.37957460	0.74982151
12.75269212	77.63452148	0.01288087	76.35105969	1.28346179	61.95366159	8.38200743	0.74960388
12.75640886	77.46839905	0.01290849	76.61162101	0.85677804	61.94833656	8.38444024	0.74938638
12.76012561	77.48983765	0.01290492	76.92206767	0.56776998	61.94302721	8.38687306	0.74916900
12.76384235	77.74363963	0.01286279	77.27233213	0.47130750	61.93773367	8.38930586	0.74895175
12.76755909	78.21811930	0.01278476	77.64773550	0.57038380	61.93245604	8.39173865	0.74873463
12.77127583	78.92401886	0.01267041	78.02987506	0.89414380	61.92719443	8.39417143	0.74851763
12.77499257	79.83889262	0.01252522	78.39734011	1.44155251	61.92194894	8.39660420	0.74830076
12.77870931	80.87131755	0.01236532	78.72800103	2.14331652	61.91671968	8.39903697	0.74808402
12.78242605	81.87806193	0.01221328	78.99899255	2.87906938	61.91150676	8.40146972	0.74786740
12.78614280	82.76010132	0.01208312	79.19048587	3.56961545	61.90631028	8.40390248	0.74765091
12.78985954	83.43143972	0.01198589	79.28780967	4.14363005	61.90113038	8.40633521	0.74743454
12.79357628	83.78227997	0.01193570	79.28396036	4.49831961	61.89596715	8.40876794	0.74721830
12.79729302	83.78280640	0.01193562	79.18057793	4.60222847	61.89082070	8.41120066	0.74700219
12.80100976	83.46776326	0.01198067	78.98692501	4.48083825	61.88569114	8.41363337	0.74678620
12.80472650	82.93572998	0.01205753	78.71744143	4.21828855	61.88057858	8.41606607	0.74657034
12.80844324	82.28769684	0.01215248	78.38898195	3.89871489	61.87548313	8.41849877	0.74635460
12.81215999	81.63244629	0.01225003	78.01799322	3.61445307	61.87040490	8.42093146	0.74613899
12.81587673	81.02231344	0.01234228	77.61803001	3.40428343	61.86534401	8.42336413	0.74592351
12.81959347	80.48443095	0.01242476	77.19839430	3.28603665	61.86030058	8.42579680	0.74570815
12.82331021	80.04036204	0.01249370	76.76510070	3.27526134	61.85527470	8.42822946	0.74549291
12.82702695	79.69454193	0.01254791	76.32012839	3.37441354	61.85026649	8.43066211	0.74527780
12.83074369	79.40530650	0.01259362	75.86360952	3.54169698	61.84527607	8.43309475	0.74506281
12.83446043	79.13242849	0.01263704	75.39542589	3.73700260	61.84030354	8.43552738	0.74484795
12.83817717	78.83954112	0.01268399	74.91773575	3.92180537	61.83534902	8.43796000	0.74463322
12.84189392	78.50552368	0.01273796	74.43551841	4.07000527	61.83041261	8.44039262	0.74441861
12.84561066	78.14619191	0.01279653	73.95717378	4.18901813	61.82549445	8.44282523	0.74420412
12.84932740	77.75951385	0.01286016	73.49426629	4.26524756	61.82059464	8.44525782	0.74398976
12.85304414	77.34986623	0.01292827	73.05954094	4.29032529	61.81571329	8.44769041	0.74377552
12.85676088	76.93430837	0.01299810	72.66545330	4.26885507	61.81085051	8.45012299	0.74356140
12.86047762	76.52934265	0.01306688	72.32355159	4.20579106	61.80600643	8.45255556	0.74334741
12.86419436	76.15518188	0.01313108	72.04297633	4.11220555	61.80118115	8.45498812	0.74313355
12.86791111	75.83616638	0.01318632	71.83091344	4.00525294	61.79637478	8.45742067	0.74291980
12.87162785	75.58198039	0.01323067	71.69221517	3.88976522	61.79158746	8.45985322	0.74270618
12.87534459	75.39363098	0.01326372	71.63004504	3.76358594	61.78681929	8.46228575	0.74249269
12.87906133	75.27604167	0.01328444	71.64473669	3.63130498	61.78207039	8.46471827	0.74227932
12.88277807	75.23576101	0.01329155	71.73564484	3.50011617	61.77734087	8.46715079	0.74206607
12.88649481	75.27440135	0.01328473	71.89976255	3.37463880	61.77263084	8.46958330	0.74185294
12.89021155	75.42014058	0.01325906	72.13272486	3.28741572	61.76794043	8.47201579	0.74163994
12.89392829	75.67671458	0.01321410	72.42782836	3.24888622	61.76326975	8.47444828	0.74142706
12.89764504	76.01374054	0.01315552	72.77698393	3.23675661	61.75861891	8.47688077	0.74121431
12.90136178	76.42679596	0.01308442	73.16971621	3.25707975	61.75398804	8.47931324	0.74100167
12.90507852	76.89865621	0.01300413	73.59454336	3.30411285	61.74937726	8.48174570	0.74078916
12.90879526	77.38153585	0.01292298	74.03883245	3.34270340	61.74478667	8.48417816	0.74057678
12.91251200	77.84136200	0.01284664	74.49019825	3.35116375	61.74021640	8.48661060	0.74036451
12.91622874	78.26011658	0.01277790	74.93726225	3.32285433	61.73566657	8.48904304	0.74015237
12.91994548	78.62250010	0.01271901	75.37018251	3.25231759	61.73113729	8.49147546	0.73994035
12.92366223	78.92796834	0.01266978	75.78153105	3.14643729	61.72662867	8.49390789	0.73972845
12.92737897	79.18623606	0.01262846	76.16541202	3.02082404	61.72214085	8.49634029	0.73951667
12.93109571	79.41370900	0.01259228	76.51754623	2.89616277	61.71767394	8.49877269	0.73930502
12.93481245	79.60965983	0.01256129	76.83447787	2.77518196	61.71322806	8.50120509	0.73909349
12.93852919	79.78635915	0.01253347	77.11385764	2.67250151	61.70880333	8.50363747	0.73888208
12.94224593	79.96315257	0.01250576	77.35405783	2.60909474	61.70439986	8.50606984	0.73867079
12.94596267	80.14167023	0.01247790	77.55533584	2.58633439	61.70001779	8.50850220	0.73845962
12.94967941	80.29193370	0.01245455	77.72076510	2.57116860	61.69565722	8.51093456	0.73824857
12.95339616	80.38359070	0.01244035	77.85668153	2.52690917	61.69131827	8.51336691	0.73803765
12.95711290	80.43294017	0.01243272	77.97273125	2.46020892	61.68700108	8.51579925	0.73782685
12.96082964	80.46245321	0.01242816	78.08170274	2.38075047	61.68270576	8.51823158	0.73761616
12.96454638	80.47798920	0.01242576	78.19467621	2.28331299	61.67843243	8.52066390	0.73740560
12.96826312	80.51323446	0.01242032	78.32069153	2.19254293	61.67418122	8.52309621	0.73719516
12.97197986	80.60883077	0.01240559	78.46512789	2.14370288	61.66995224	8.52552851	0.73698485
12.97569660	80.80110168	0.01237607	78.62731891	2.17378277	61.66574562	8.52796080	0.73677465
12.97941335	81.13474528	0.01232518	78.80076362	2.33398166	61.66156146	8.53039309	0.73656457
12.98313009	81.57635244	0.01225845	78.97277629	2.60357615	61.65739992	8.53282536	0.73635461
12.98684683	82.07662455	0.01218374	79.12700156	2.94962299	61.65326111	8.53525763	0.73614478
12.99056357	82.59184519	0.01210773	79.24396002	3.34788517	61.64914514	8.53768988	0.73593506
12.99428031	83.07505798	0.01203731	79.30571356	3.76934442	61.64505214	8.54012213	0.73572546
12.99799705	83.45860291	0.01198199	79.29791855	4.16068436	61.64098224	8.54255437	0.73551599
13.00171379	83.65087636	0.01195445	79.21191184	4.43896452	61.63693555	8.54498660	0.73530663
13.00543053	83.58067067	0.01196449	79.04648330	4.53418737	61.63291220	8.54741882	0.73509739
13.00914728	83.22164917	0.01201610	78.80788546	4.41376371	61.62891232	8.54985104	0.73488828
13.01286402	82.66472626	0.01209706	78.50789153	4.15683473	61.62493603	8.55228324	0.73467928
13.01658076	82.00503286	0.01219437	78.16186656	3.84316630	61.62098346	8.55471543	0.73447040
13.02029750	81.29317474	0.01230116	77.78672230	3.50645244	61.61705473	8.55714762	0.73426165
13.02401424	80.57229360	0.01241121	77.39908748	3.17320612	61.61314996	8.55957979	0.73405301
13.02773098	79.88868205	0.01251742	77.01406578	2.87461627	61.60926929	8.56201196	0.73384449
13.03144772	79.30484772	0.01260957	76.64406259	2.66078513	61.60541283	8.56444412	0.73363609
13.03516447	78.86116791	0.01268051	76.29800753	2.56316038	61.60158071	8.56687627	0.73342781
13.03888121	78.56482697	0.01272834	75.98129845	2.58352852	61.59777306	8.56930841	0.73321965
13.04259795	78.38390350	0.01275772	75.69554409	2.68835941	61.59399001	8.57174054	0.73301161
13.04631469	78.27777354	0.01277502	75.43877070	2.83900284	61.59023169	8.57417266	0.73280368
13.05003143	78.22990163	0.01278284	75.20651321	3.02338842	61.58649822	8.57660477	0.73259588
13.05374817	78.20826467	0.01278637	74.99310876	3.21515591	61.58278972	8.57903688	0.73238819
13.05746491	78.17251333	0.01279222	74.79425618	3.37825715	61.57910633	8.58146897	0.73218062
13.06118166	78.12102509	0.01280065	74.60629541	3.51472968	61.57544816	8.58390106	0.73197317
13.06489840	78.06056722	0.01281057	74.42843433	3.63213289	61.57181536	8.58633314	0.73176584
13.06861514	77.95735931	0.01282753	74.26412921	3.69323010	61.56820805	8.58876521	0.73155863
13.07233188	77.79999034	0.01285347	74.11934356	3.68064678	61.56462635	8.59119727	0.73135153
13.07604862	77.61287689	0.01288446	74.00286174	3.61001515	61.56107041	8.59362931	0.73114456
13.07976536	77.40862274	0.01291846	73.92482054	3.48380220	61.55754034	8.59606135	0.73093770
13.08348210	77.21615601	0.01295066	73.89582509	3.32033092	61.55403627	8.59849339	0.73073096
13.08719884	77.06845856	0.01297548	73.92530018	3.14315838	61.55055834	8.60092541	0.73052433
13.09091559	76.96095022	0.01299360	74.02088720	2.94006302	61.54710667	8.60335743	0.73031783
13.09463233	76.86871847	0.01300919	74.18742083	2.68129764	61.54368140	8.60578943	0.73011144
13.09834907	76.79980977	0.01302087	74.42704439	2.37276538	61.54028265	8.60822143	0.72990517
13.10206581	76.79117839	0.01302233	74.73845974	2.05271865	61.53691056	8.61065341	0.72969901
13.10578255	76.85884094	0.01301086	75.11731195	1.74152899	61.53356526	8.61308539	0.72949298
13.10949929	76.98858897	0.01298894	75.55564983	1.43293914	61.53024688	8.61551736	0.72928706
13.11321603	77.17778524	0.01295710	76.04255553	1.13522971	61.52695554	8.61794931	0.72908126
13.11693278	77.42906443	0.01291505	76.56411558	0.86494885	61.52369138	8.62038127	0.72887557
13.12064952	77.72200521	0.01286637	77.10467050	0.61733471	61.52045453	8.62281321	0.72867000
13.12436626	78.05212911	0.01281195	77.64793396	0.40419515	61.51724514	8.62524514	0.72846455
13.12808300	78.42577871	0.01275091	78.17836945	0.24740926	61.51406332	8.62767706	0.72825921
13.13179974	78.83036041	0.01268547	78.68241823	0.14794218	61.51090921	8.63010898	0.72805399
13.13551648	79.26290385	0.01261624	79.14998996	0.11291389	61.50778295	8.63254088	0.72784889
13.13923322	79.69885763	0.01254723	79.57499721	0.12386042	61.50468466	8.63497278	0.72764390
13.14294996	80.12048086	0.01248120	79.95504011	0.16544075	61.50161448	8.63740466	0.72743903
13.14666671	80.51143138	0.01242060	80.29081397	0.22061741	61.49857254	8.63983655	0.72723428
13.15038345	80.88050079	0.01236392	80.58547493	0.29502586	61.49555898	8.64226841	0.72702964
13.15410019	81.19310252	0.01231632	80.84489323	0.34820929	61.49257394	8.64470027	0.72682512
13.15781693	81.40261841	0.01228462	81.07567203	0.32694638	61.48961754	8.64713212	0.72662071
13.16153367	81.49260457	0.01227105	81.28630897	0.20629560	61.48668993	8.64956396	0.72641642
13.16525041	81.45374807	0.01227691	81.48709157	-0.03334350	61.48379123	8.65199579	0.72621225
13.16896715	81.30609385	0.01229920	81.68995041	-0.38385656	61.48092158	8.65442762	0.72600819
13.17268390	81.10983276	0.01232896	81.90752779	-0.79769503	61.47808112	8.65685944	0.72580424
13.17640064	80.91679891	0.01235837	82.15171719	-1.23491828	61.47526998	8.65929124	0.72560041
13.18011738	80.76393636	0.01238176	82.43201614	-1.66807978	61.47248831	8.66172303	0.72539670
13.18383412	80.72261047	0.01238810	82.75355356	-2.03094309	61.46973623	8.66415482	0.72519310
13.18755086	80.87074788	0.01236541	83.11613202	-2.24538414	61.46701388	8.66658660	0.72498962
13.19126760	81.23186493	0.01231044	83.51335680	-2.28149187	61.46432141	8.66901837	0.72478625
13.19498434	81.80431875	0.01222429	83.93353596	-2.12921721	61.46165894	8.67145012	0.72458300
13.19870108	82.54641724	0.01211440	84.36065067	-1.81423343	61.45902661	8.67388187	0.72437986
13.20241783	83.39484914	0.01199115	84.77746382	-1.38261468	61.45642456	8.67631362	0.72417683
13.20613457	84.24873098	0.01186961	85.16712607	-0.91839509	61.45385294	8.67874535	0.72397392
13.20985131	85.02116648	0.01176178	85.51633415	-0.49516767	61.45131187	8.68117707	0.72377113
13.21356805	85.66056061	0.01167398	85.81675402	-0.15619341	61.44880150	8.68360879	0.72356845
13.21728479	86.10098267	0.01161427	86.06585273	0.03512994	61.44632197	8.68604049	0.72336588
13.22100153	86.33405558	0.01158291	86.26580529	0.06825029	61.44387341	8.68847218	0.72316343
13.22471827	86.41311646	0.01157232	86.42230370	-0.00918724	61.44145596	8.69090387	0.72296109
13.22843502	86.39028422	0.01157538	86.54211768	-0.15183346	61.43906977	8.69333555	0.72275886
13.23215176	86.29256439	0.01158848	86.63079523	-0.33823084	61.43671497	8.69576722	0.72255675
13.23586850	86.17949931	0.01160369	86.69157101	-0.51207170	61.43439170	8.69819888	0.72235475
13.23958524	86.10264587	0.01161404	86.72503166	-0.62238579	61.43210011	8.70063053	0.72215287
13.24330198	86.04935201	0.01162124	86.72963623	-0.68028422	61.42984033	8.70306217	0.72195110
13.24701872	85.98771413	0.01162957	86.70214121	-0.71442708	61.42761251	8.70549380	0.72174944
13.25073546	85.90674082	0.01164053	86.63918535	-0.73244453	61.42541679	8.70792542	0.72154790
13.25445220	85.83482107	0.01165028	86.53777482	-0.70295375	61.42325330	8.71035703	0.72134647
13.25816895	85.79779816	0.01165531	86.39538309	-0.59758493	61.42112218	8.71278864	0.72114515
13.26188569	85.75680288	0.01166088	86.20898078	-0.45217790	61.41902359	8.71522023	0.72094395
13.26560243	85.67337290	0.01167224	85.97565794	-0.30228504	61.41695767	8.71765182	0.72074286
13.26931917	85.54053752	0.01169036	85.69286713	-0.15232961	61.41492455	8.72008339	0.72054188
13.27303591	85.32877604	0.01171938	85.35932766	-0.03055162	61.41292438	8.72251496	0.72034102
13.27675265	85.00218709	0.01176440	84.97605465	0.02613244	61.41095730	8.72494652	0.72014027
13.28046939	84.53342183	0.01182964	84.54810370	-0.01468187	61.40902346	8.72737807	0.71993963
13.28418614	83.91362508	0.01191702	84.08535408	-0.17172900	61.40712299	8.72980961	0.71973910
13.28790288	83.16941071	0.01202365	83.60164098	-0.43223027	61.40525605	8.73224114	0.71953868
13.29161962	82.34865824	0.01214349	83.11399767	-0.76533943	61.40342278	8.73467266	0.71933838
13.29533636	81.48615519	0.01227202	82.64022193	-1.15406674	61.40162331	8.73710417	0.71913819
13.29905310	80.63777924	0.01240114	82.19730620	-1.55952696	61.39985780	8.73953567	0.71893812
13.30276984	79.86264547	0.01252150	81.79850848	-1.93586301	61.39812639	8.74196717	0.71873815
13.30648658	79.21389262	0.01262405	81.45330927	-2.23941665	61.39642923	8.74439865	0.71853830
13.31020333	78.74452718	0.01269930	81.16586164	-2.42133446	61.39476646	8.74683013	0.71833855
13.31392007	78.47154999	0.01274347	80.93544457	-2.46389458	61.39313822	8.74926160	0.71813892
13.31763681	78.42601013	0.01275087	80.75719155	-2.33118142	61.39154467	8.75169305	0.71793941
13.32135355	78.60390981	0.01272201	80.62188272	-2.01797291	61.38998594	8.75412450	0.71774000
13.32507029	78.97846476	0.01266168	80.51774043	-1.53927567	61.38846220	8.75655594	0.71754070
13.32878703	79.45801799	0.01258526	80.43104130	-0.97302331	61.38697357	8.75898737	0.71734152
13.33250377	79.96850586	0.01250492	80.34732930	-0.37882344	61.38552021	8.76141879	0.71714245
13.33622051	80.48351288	0.01242490	80.25299439	0.23051849	61.38410227	8.76385020	0.71694349
13.33993726	80.95189667	0.01235302	80.13694756	0.81494911	61.38271989	8.76628160	0.71674463
13.34365400	81.28843180	0.01230187	79.99180276	1.29662904	61.38137323	8.76871300	0.71654590
13.34737074	81.43106842	0.01228033	79.81565921	1.61540921	61.38006243	8.77114438	0.71634727
13.35108748	81.40517680	0.01228423	79.61007243	1.79510437	61.37878763	8.77357575	0.71614875
13.35480422	81.22921244	0.01231084	79.38011030	1.84910214	61.37754899	8.77600711	0.71595034
13.35852096	80.94977061	0.01235334	79.13285169	1.81691892	61.37634666	8.77843847	0.71575205
13.36223770	80.63260396	0.01240193	78.87496856	1.75763540	61.37518079	8.78086981	0.71555386
13.36595445	80.32257589	0.01244980	78.61263938	1.70993651	61.37405151	8.78330116	0.71535579
13.36967119	80.03666687	0.01249427	78.35020532	1.68646155	61.37295900	8.78573248	0.71515782
13.37338793	79.77821096	0.01253475	78.09102954	1.68718142	61.37190339	8.78816380	0.71495997
13.37710467	79.55237325	0.01257034	77.83714960	1.71522365	61.37088483	8.79059511	0.71476222
13.38082141	79.35680135	0.01260131	77.59077461	1.76602674	61.36990348	8.79302641	0.71456459
13.38453815	79.15417226	0.01263357	77.35406981	1.80010245	61.36895948	8.79545770	0.71436707
13.38825489	78.92462413	0.01267032	77.13003053	1.79459360	61.36805300	8.79788898	0.71416965
13.39197163	78.69876607	0.01270668	76.92201652	1.77674955	61.36718417	8.80032025	0.71397235
13.39568838	78.52125804	0.01273540	76.73388660	1.78737144	61.36635315	8.80275152	0.71377515
13.39940512	78.39686839	0.01275561	76.56895195	1.82791644	61.36556010	8.80518277	0.71357807
13.40312186	78.28669739	0.01277356	76.42946157	1.85723582	61.36480516	8.80761402	0.71338109
13.40683860	78.18750509	0.01278977	76.31712611	1.87037898	61.36408849	8.81004525	0.71318423
13.41055534	78.11044820	0.01280238	76.23184052	1.87860768	61.36341024	8.81247648	0.71298747
13.41427208	78.02359263	0.01281664	76.17429637	1.84929626	61.36277056	8.81490769	0.71279082
13.41798882	77.91854604	0.01283392	76.14515876	1.77338728	61.36216961	8.81733890	0.71259428
13.42170557	77.79492696	0.01285431	76.14661230	1.64831466	61.36160753	8.81977010	0.71239786
13.42542231	77.64031728	0.01287991	76.18250200	1.45781528	61.36108450	8.82220129	0.71220154
13.42913905	77.47972361	0.01290660	76.25826098	1.22146263	61.36060065	8.82463247	0.71200532
13.43285579	77.34722137	0.01292871	76.37970786	0.96751351	61.36015614	8.82706364	0.71180922
13.43657253	77.25111135	0.01294480	76.55219791	0.69891344	61.35975113	8.82949480	0.71161323
13.44028927	77.20460765	0.01295259	76.78020285	0.42440480	61.35938578	8.83192595	0.71141734
13.44400601	77.23293813	0.01294784	77.06720682	0.16573131	61.35906023	8.83435709	0.71122157
13.44772275	77.32159170	0.01293300	77.41549325	-0.09390155	61.35877464	8.83678823	0.71102590
13.45143950	77.44386800	0.01291258	77.82605570	-0.38218770	61.35852918	8.83921935	0.71083034
13.45515624	77.61894226	0.01288345	78.29863294	-0.67969068	61.35832398	8.84165047	0.71063489
13.45887298	77.86695862	0.01284242	78.83213952	-0.96518090	61.35815922	8.84408157	0.71043955
13.46258972	78.17785645	0.01279135	79.42300179	-1.24514534	61.35803505	8.84651267	0.71024431
13.46630646	78.55879974	0.01272932	80.06451978	-1.50572004	61.35795163	8.84894375	0.71004919
13.47002320	79.03083801	0.01265329	80.74668134	-1.71584333	61.35790910	8.85137483	0.70985417
13.47373994	79.59047190	0.01256432	81.45554114	-1.86506924	61.35790764	8.85380590	0.70965926
13.47745669	80.23558553	0.01246330	82.17512894	-1.93954341	61.35794739	8.85623696	0.70946445
13.48117343	80.94244385	0.01235446	82.88702654	-1.94458269	61.35802852	8.85866801	0.70926976
13.48489017	81.64946747	0.01224748	83.57306396	-1.92359649	61.35815118	8.86109905	0.70907517
13.48860691	82.33453369	0.01214557	84.21692373	-1.88239004	61.35831553	8.86353008	0.70888069
13.49232365	83.01245880	0.01204638	84.80616786	-1.79370906	61.35852174	8.86596110	0.70868632
13.49604039	83.67365011	0.01195119	85.33141081	-1.65776070	61.35876996	8.86839211	0.70849205
13.49975713	84.26122030	0.01186786	85.78630357	-1.52508327	61.35906034	8.87082311	0.70829789
13.50347387	84.77697754	0.01179566	86.16583448	-1.38885694	61.35939306	8.87325411	0.70810384
13.50719062	85.26821899	0.01172770	86.46428393	-1.19606494	61.35976827	8.87568510	0.70790990
13.51090736	85.71703593	0.01166629	86.67563609	-0.95860016	61.36018612	8.87811607	0.70771606
13.51462410	86.05198161	0.01162088	86.79136014	-0.73937853	61.36064679	8.88054703	0.70752233
13.51834084	86.25266012	0.01159385	86.80317857	-0.55051845	61.36115042	8.88297799	0.70732870
13.52205758	86.33501434	0.01158279	86.70480999	-0.36979565	61.36169719	8.88540894	0.70713519
13.52577432	86.30932109	0.01158623	86.49432075	-0.18499966	61.36228725	8.88783987	0.70694178
13.52949106	86.15274556	0.01160729	86.17597910	-0.02323354	61.36292077	8.89027080	0.70674847
13.53320781	85.83074443	0.01165084	85.76068212	0.07006231	61.36359791	8.89270172	0.70655527
13.53692455	85.34637960	0.01171696	85.26514125	0.08123835	61.36431883	8.89513263	0.70636218
13.54064129	84.76160685	0.01179779	84.71047781	0.05112904	61.36508368	8.89756353	0.70616920
13.54435803	84.13875834	0.01188513	84.11921811	0.01954023	61.36589265	8.89999442	0.70597632
13.54807477	83.47469330	0.01197968	83.51323451	-0.03854121	61.36674588	8.90242530	0.70578355
13.55179151	82.78712718	0.01207917	82.91169775	-0.12457057	61.36764354	8.90485617	0.70559088
13.55550825	82.11796824	0.01217760	82.33122600	-0.21325776	61.36858579	8.90728703	0.70539832
13.55922500	81.48721059	0.01227186	81.78523951	-0.29802892	61.36957281	8.90971789	0.70520586
13.56294174	80.92435455	0.01235722	81.28435860	-0.36000405	61.37060475	8.91214874	0.70501352
13.56665848	80.45325979	0.01242958	80.83721377	-0.38395398	61.37168178	8.91457957	0.70482127
13.57037522	80.04357656	0.01249319	80.45050247	-0.40692591	61.37280406	8.91701039	0.70462913
13.57409196	79.66456095	0.01255263	80.12910542	-0.46454447	61.37397175	8.91944121	0.70443710
13.57780870	79.35851796	0.01260104	79.87609310	-0.51757514	61.37518503	8.92187201	0.70424517
13.58152544	79.15775045	0.01263300	79.69229343	-0.53454298	61.37644406	8.92430281	0.70405335
13.58524218	79.06242879	0.01264823	79.57701928	-0.51459049	61.37774900	8.92673360	0.70386164
13.58895893	79.04129028	0.01265162	79.52796495	-0.48667467	61.37910003	8.92916438	0.70367002
13.59267567	79.08374532	0.01264482	79.54153097	-0.45778565	61.38049730	8.93159515	0.70347852
13.59639241	79.17863464	0.01262967	79.61315888	-0.43452424	61.38194098	8.93402591	0.70328712
13.60010915	79.27247620	0.01261472	79.73854231	-0.46606611	61.38343124	8.93645666	0.70309582
13.60382589	79.34805806	0.01260270	79.91267852	-0.56462046	61.38496826	8.93888740	0.70290463
13.60754263	79.43352000	0.01258914	80.13006738	-0.69654738	61.38655219	8.94131813	0.70271354
13.61125937	79.52231598	0.01257509	80.38459298	-0.86227700	61.38818320	8.94374885	0.70252256
13.61497612	79.60363770	0.01256224	80.66936524	-1.06572754	61.38986147	8.94617957	0.70233168
13.61869286	79.71852366	0.01254414	80.97684857	-1.25832491	61.39158715	8.94861027	0.70214090
13.62240960	79.89551799	0.01251635	81.29913499	-1.40361700	61.39336042	8.95104096	0.70195024
13.62612634	80.12990824	0.01247973	81.62896607	-1.49905783	61.39518146	8.95347164	0.70175967
13.62984308	80.43575541	0.01243228	81.96031080	-1.52455539	61.39705042	8.95590232	0.70156921
13.63355982	80.82633464	0.01237221	82.28910602	-1.46277138	61.39896747	8.95833298	0.70137885
13.63727656	81.25447083	0.01230702	82.61319914	-1.35872831	61.40093280	8.96076364	0.70118860
13.64099330	81.68111165	0.01224273	82.93216137	-1.25104972	61.40294656	8.96319428	0.70099845
13.64471005	82.08498128	0.01218250	83.24642142	-1.16144014	61.40500893	8.96562493	0.70080841
13.64842679	82.44314830	0.01212957	83.55700835	-1.11386005	61.40712008	8.96805555	0.70061846
13.65214353	82.76098633	0.01208299	83.86516646	-1.10418013	61.40928018	8.97048617	0.70042863
13.65586027	83.03258006	0.01204347	84.17184196	-1.13926190	61.41148939	8.97291678	0.70023889
13.65957701	83.21990458	0.01201636	84.47782295	-1.25791837	61.41374790	8.97534738	0.70004926
13.66329375	83.32958221	0.01200054	84.78328179	-1.45369958	61.41605588	8.97777796	0.69985974
13.66701049	83.43427785	0.01198548	85.08761318	-1.65333533	61.41841349	8.98020854	0.69967031
13.67072724	83.57343547	0.01196552	85.38906427	-1.81562880	61.42082092	8.98263912	0.69948099
13.67444398	83.74570465	0.01194091	85.68493861	-1.93923396	61.42327832	8.98506968	0.69929177
13.67816072	83.92760213	0.01191503	85.97173762	-2.04413549	61.42578588	8.98750023	0.69910266
13.68187746	84.05986786	0.01189628	86.24586783	-2.18599997	61.42834376	8.98993077	0.69891365
13.68559420	84.10118103	0.01189044	86.50445421	-2.40327318	61.43095215	8.99236131	0.69872474
13.68931094	84.05421956	0.01189708	86.74674186	-2.69252230	61.43361122	8.99479183	0.69853593
13.69302768	83.90464783	0.01191829	86.97389392	-3.06924609	61.43632113	8.99722234	0.69834723
13.69674442	83.66016134	0.01195312	87.18957058	-3.52940924	61.43908207	8.99965285	0.69815863
13.70046117	83.32608032	0.01200104	87.39869865	-4.07261833	61.44189422	9.00208335	0.69797013
13.70417791	82.96524556	0.01205324	87.60691648	-4.64167092	61.44475773	9.00451383	0.69778174
13.70789465	82.63155874	0.01210191	87.81889588	-5.18733714	61.44767280	9.00694431	0.69759344
13.71161139	82.36768595	0.01214068	88.03761350	-5.66992755	61.45063959	9.00937477	0.69740525
13.71532813	82.23738352	0.01215992	88.26430216	-6.02691864	61.45365828	9.01180523	0.69721717
13.71904487	82.27172852	0.01215484	88.49840841	-6.22667989	61.45672905	9.01423568	0.69702918
13.72276161	82.47072347	0.01212552	88.73777171	-6.26704824	61.45985207	9.01666611	0.69684130
13.72647836	82.81387075	0.01207527	88.97861721	-6.16474646	61.46302754	9.01909655	0.69665351
13.73019510	83.29547882	0.01200545	89.21605450	-5.92057568	61.46625560	9.02152697	0.69646583
13.73391184	83.87873586	0.01192197	89.44386133	-5.56512547	61.46953645	9.02395738	0.69627826
13.73762858	84.52533976	0.01183077	89.65541339	-5.13007363	61.47287027	9.02638778	0.69609078
13.74134532	85.19757589	0.01173742	89.84349558	-4.64591969	61.47625722	9.02881817	0.69590341
13.74506206	85.87388611	0.01164498	90.00068374	-4.12679763	61.47969750	9.03124855	0.69571613
13.74877880	86.51804352	0.01155828	90.11890675	-3.60086323	61.48319128	9.03367892	0.69552896
13.75249554	87.07685343	0.01148411	90.18997910	-3.11312567	61.48673873	9.03610928	0.69534189
13.75621229	87.54550425	0.01142263	90.20419501	-2.65869076	61.49034005	9.03853964	0.69515492
13.75992903	87.92927043	0.01137278	90.15123789	-2.22196746	61.49399539	9.04096998	0.69496805
13.76364577	88.16147614	0.01134282	90.02138999	-1.85991385	61.49770496	9.04340031	0.69478129
13.76736251	88.14674123	0.01134472	89.80782648	-1.66108525	61.50146891	9.04583064	0.69459462
13.77107925	87.86746216	0.01138078	89.50842813	-1.64096597	61.50528745	9.04826095	0.69440806
13.77479599	87.33161163	0.01145061	89.12825231	-1.79664068	61.50916074	9.05069125	0.69422159
13.77851273	86.59090678	0.01154856	88.67877687	-2.08787009	61.51308897	9.05312155	0.69403523
13.78222948	85.68048096	0.01167127	88.17735662	-2.49687566	61.51707233	9.05555184	0.69384897
13.78594622	84.62583415	0.01181672	87.64379137	-3.01795722	61.52111098	9.05798212	0.69366281
13.78966296	83.51854960	0.01197339	87.09866012	-3.58011052	61.52520511	9.06041238	0.69347675
13.79337970	82.45413717	0.01212795	86.56060918	-4.10647201	61.52935491	9.06284264	0.69329079
13.79709644	81.51097870	0.01226829	86.04555837	-4.53457967	61.53356056	9.06527289	0.69310493
13.80081318	80.74718730	0.01238433	85.56617792	-4.81899062	61.53782223	9.06770313	0.69291917
13.80452992	80.18154653	0.01247170	85.13210098	-4.95055445	61.54214012	9.07013335	0.69273351
13.80824666	79.82970937	0.01252666	84.74929024	-4.91958087	61.54651441	9.07256357	0.69254795
13.81196341	79.68933105	0.01254873	84.41977544	-4.73044439	61.55094528	9.07499379	0.69236249
13.81568015	79.74005890	0.01254075	84.14162972	-4.40157082	61.55543291	9.07742399	0.69217713
13.81939689	79.94226329	0.01250903	83.90975625	-3.96749296	61.55997749	9.07985418	0.69199187
13.82311363	80.27388000	0.01245735	83.71575520	-3.44187520	61.56457920	9.08228436	0.69180672
13.82683037	80.68473562	0.01239392	83.54893568	-2.86420006	61.56923823	9.08471453	0.69162166
13.83054711	81.13819631	0.01232465	83.39739115	-2.25919484	61.57395476	9.08714469	0.69143670
13.83426385	81.59700775	0.01225535	83.24903665	-1.65202890	61.57872897	9.08957484	0.69125184
13.83798060	82.01116943	0.01219346	83.09166258	-1.08049315	61.58356108	9.09200499	0.69106708
13.84169734	82.32573700	0.01214687	82.91341865	-0.58768165	61.58845123	9.09443512	0.69088242
13.84541408	82.51915995	0.01211840	82.70417316	-0.18501321	61.59339963	9.09686525	0.69069785
13.84913082	82.59953054	0.01210661	82.45616952	0.14336102	61.59840646	9.09929536	0.69051339
13.85284756	82.54490407	0.01211462	82.16462667	0.38027740	61.60347191	9.10172547	0.69032903
13.85656430	82.34646606	0.01214381	81.82801777	0.51844829	61.60859616	9.10415556	0.69014477
13.86028104	81.99185944	0.01219633	81.44913250	0.54272694	61.61377941	9.10658564	0.68996060
13.86399779	81.51188405	0.01226815	81.03432476	0.47755929	61.61902186	9.10901573	0.68977654
13.86771453	80.92659251	0.01235688	80.59286251	0.33373000	61.62432366	9.11144579	0.68959257
13.87143127	80.26775614	0.01245830	80.13566881	0.13208733	61.62968502	9.11387585	0.68940870
13.87514801	79.59996287	0.01256282	79.67445314	-0.07449027	61.63510612	9.11630589	0.68922493
13.87886475	78.96613566	0.01266366	79.21972290	-0.25358724	61.64058716	9.11873593	0.68904126
13.88258149	78.41174825	0.01275319	78.77923926	-0.36749101	61.64612833	9.12116596	0.68885769
13.88629823	77.99693298	0.01282102	78.35787692	-0.36094394	61.65172981	9.12359598	0.68867422
13.89001497	77.73019918	0.01286501	77.95668697	-0.22648779	61.65739180	9.12602598	0.68849084
13.89373172	77.56926473	0.01289170	77.57330419	-0.00403946	61.66311450	9.12845599	0.68830756
13.89744846	77.50563558	0.01290229	77.20336619	0.30226939	61.66889807	9.13088598	0.68812439
13.90116520	77.50480652	0.01290243	76.84180366	0.66300286	61.67474271	9.13331596	0.68794131
13.90488194	77.47206116	0.01290788	76.48469146	0.98736970	61.68064862	9.13574593	0.68775832
13.90859868	77.37241618	0.01292450	76.13053257	1.24188361	61.68661599	9.13817589	0.68757544
13.91231542	77.22864532	0.01294856	75.78098281	1.44766251	61.69264501	9.14060584	0.68739265
13.91603216	77.00765483	0.01298572	75.44090547	1.56674936	61.69873587	9.14303578	0.68720997
13.91974891	76.66815440	0.01304323	75.11730501	1.55084939	61.70488878	9.14546572	0.68702738
13.92346565	76.28500112	0.01310874	74.81813354	1.46686758	61.71110390	9.14789564	0.68684488
13.92718239	75.94769033	0.01316696	74.55056647	1.39712386	61.71738145	9.15032555	0.68666249
13.93089913	75.67829132	0.01321383	74.32034319	1.35794813	61.72372160	9.15275545	0.68648019
13.93461587	75.43493144	0.01325646	74.13076822	1.30416322	61.73012457	9.15518535	0.68629799
13.93833261	75.22273254	0.01329385	73.98284656	1.23988598	61.73659053	9.15761523	0.68611589
13.94204935	75.10353597	0.01331495	73.87481483	1.22872114	61.74311969	9.16004510	0.68593388
13.94576609	75.07898966	0.01331931	73.80325078	1.27573888	61.74971224	9.16247497	0.68575198
13.94948284	75.10189565	0.01331524	73.76307507	1.33882058	61.75636839	9.16490483	0.68557016
13.95319958	75.17689006	0.01330196	73.74855750	1.42833256	61.76308830	9.16733467	0.68538845
13.95691632	75.30347951	0.01327960	73.75316436	1.55031515	61.76987218	9.16976451	0.68520683
13.96063306	75.45327504	0.01325324	73.77030992	1.68296512	61.77672023	9.17219433	0.68502531
13.96434980	75.59697469	0.01322804	73.79329100	1.80368369	61.78363265	9.17462415	0.68484389
13.96806654	75.72088623	0.01320640	73.81578763	1.90509860	61.79060963	9.17705395	0.68466257
13.97178328	75.82574463	0.01318813	73.83195358	1.99379105	61.79765137	9.17948375	0.68448134
13.97550003	75.92058563	0.01317166	73.83714669	2.08343894	61.80475809	9.18191354	0.68430020
13.97921677	75.96787516	0.01316346	73.82821826	2.13965690	61.81192993	9.18434332	0.68411917
13.98293351	75.94169617	0.01316800	73.80363971	2.13805646	61.81916713	9.18677309	0.68393823
13.98665025	75.87269084	0.01317997	73.76334473	2.10934611	61.82646987	9.18920284	0.68375738
13.99036699	75.74702962	0.01320184	73.70811230	2.03891732	61.83383836	9.19163259	0.68357664
13.99408373	75.57185364	0.01323244	73.63917724	1.93267640	61.84127280	9.19406233	0.68339599
13.99780047	75.40392303	0.01326191	73.55796456	1.84595847	61.84877338	9.19649206	0.68321543
14.00151721	75.26784261	0.01328589	73.46609696	1.80174565	61.85634029	9.19892178	0.68303498
14.00523396	75.13155365	0.01330999	73.36641559	1.76513806	61.86397377	9.20135149	0.68285461
14.00895070	74.97298686	0.01333814	73.26194260	1.71104426	61.87167397	9.20378119	0.68267435
14.01266744	74.81186422	0.01336686	73.15650218	1.65536204	61.87944111	9.20621088	0.68249418
14.01638418	74.67299398	0.01339172	73.05420805	1.61878593	61.88727540	9.20864056	0.68231410
14.02010092	74.53743998	0.01341608	72.95873611	1.57870387	61.89517702	9.21107023	0.68213412
14.02381766	74.40529378	0.01343990	72.87261603	1.53267775	61.90314618	9.21349990	0.68195424
14.02753440	74.31599681	0.01345605	72.79682536	1.51917145	61.91118309	9.21592955	0.68177445
14.03125115	74.26679738	0.01346497	72.73083799	1.53595939	61.91928796	9.21835920	0.68159476
14.03496789	74.25155640	0.01346773	72.67279331	1.57876309	61.92746096	9.22078883	0.68141516
14.03868463	74.27086639	0.01346423	72.61997630	1.65089009	61.93570231	9.22321845	0.68123566
14.04240137	74.30981445	0.01345717	72.56949377	1.74032068	61.94401221	9.22564806	0.68105625
14.04611811	74.37303670	0.01344573	72.51875797	1.85427873	61.95239086	9.22807766	0.68087694
14.04983485	74.45427704	0.01343106	72.46620466	1.98807238	61.96083846	9.23050726	0.68069773
14.05355159	74.51265208	0.01342054	72.41065013	2.10200195	61.96935523	9.23293684	0.68051861
14.05726833	74.54331207	0.01341502	72.35151857	2.19179350	61.97794136	9.23536641	0.68033958
14.06098508	74.56420390	0.01341126	72.28934384	2.27486006	61.98659708	9.23779598	0.68016065
14.06470182	74.57941945	0.01340852	72.22410476	2.35531469	61.99532255	9.24022554	0.67998181
14.06841856	74.57469686	0.01340937	72.15669733	2.41799953	62.00411799	9.24265508	0.67980307
14.07213530	74.51175435	0.01342070	72.08827210	2.42348225	62.01298362	9.24508462	0.67962442
14.07585204	74.40388489	0.01344016	72.02107980	2.38280509	62.02191963	9.24751414	0.67944587
14.07956878	74.30332438	0.01345835	71.95862104	2.34470334	62.03092623	9.24994366	0.67926741
14.08328552	74.20121257	0.01347687	71.90569264	2.29551993	62.04000363	9.25237316	0.67908905
14.08700227	74.07815297	0.01349926	71.86835460	2.20979837	62.04915206	9.25480267	0.67891078
14.09071901	73.95694224	0.01352138	71.85306287	2.10387937	62.05837167	9.25723215	0.67873261
14.09443575	73.86898549	0.01353748	71.86619006	2.00279543	62.06766270	9.25966163	0.67855453
14.09815249	73.82502747	0.01354554	71.91319404	1.91183343	62.07702536	9.26209109	0.67837654
14.10186923	73.81499227	0.01354738	71.99822562	1.81676665	62.08645984	9.26452055	0.67819865
14.10558597	73.84398651	0.01354206	72.12419822	1.71978829	62.09596636	9.26695000	0.67802085
14.10930271	73.92579142	0.01352708	72.29191380	1.63387762	62.10554513	9.26937944	0.67784314
14.11301946	74.05843608	0.01350285	72.50067916	1.55775692	62.11519637	9.27180887	0.67766553
14.11673620	74.21343486	0.01347465	72.74880365	1.46463121	62.12492026	9.27423829	0.67748802
14.12045294	74.39923604	0.01344100	73.03321148	1.36602456	62.13471702	9.27666770	0.67731059
14.12416968	74.62986755	0.01339946	73.35089905	1.27896850	62.14458686	9.27909709	0.67713326
14.12788642	74.89800517	0.01335149	73.69758722	1.20041795	62.15452998	9.28152648	0.67695603
14.13160316	75.17166392	0.01330288	74.06890671	1.10275721	62.16454661	9.28395586	0.67677889
14.13531990	75.43037160	0.01325726	74.45949932	0.97087228	62.17463695	9.28638523	0.67660184
14.13903664	75.69719442	0.01321053	74.86347922	0.83371520	62.18480121	9.28881459	0.67642488
14.14275339	76.01430257	0.01315542	75.27408571	0.74021686	62.19503964	9.29124395	0.67624802
14.14647013	76.36916860	0.01309429	75.68429253	0.68487607	62.20535237	9.29367328	0.67607125
14.15018687	76.72044118	0.01303434	76.08664022	0.63380096	62.21573966	9.29610261	0.67589457
14.15390361	77.03397624	0.01298128	76.47354130	0.56043494	62.22620172	9.29853193	0.67571799
14.15762035	77.31273142	0.01293448	76.83715812	0.47557330	62.23673875	9.30096125	0.67554150
14.16133709	77.58000183	0.01288992	77.16949434	0.41050749	62.24735098	9.30339055	0.67536510
14.16505383	77.83867900	0.01284708	77.46232530	0.37635370	62.25803861	9.30581984	0.67518880
14.16877058	78.05912781	0.01281080	77.70762694	0.35150087	62.26880188	9.30824912	0.67501259
14.17248732	78.21033986	0.01278603	77.89859388	0.31174598	62.27964095	9.31067840	0.67483647
14.17620406	78.29970551	0.01277144	78.03058778	0.26911773	62.29055607	9.31310766	0.67466044
14.17992080	78.33097076	0.01276634	78.10224739	0.22872337	62.30154744	9.31553691	0.67448451
14.18363754	78.31855265	0.01276837	78.11583419	0.20271846	62.31261529	9.31796615	0.67430866
14.18735428	78.26402537	0.01277726	78.07685718	0.18716819	62.32375982	9.32039538	0.67413291
14.19107102	78.17193858	0.01279231	77.99330252	0.17863606	62.33498125	9.32282460	0.67395726
14.19478776	78.04140472	0.01281371	77.87422786	0.16717686	62.34627979	9.32525382	0.67378169
14.19850451	77.87120819	0.01284172	77.72860244	0.14260575	62.35765570	9.32768303	0.67360622
14.20222125	77.66900126	0.01287515	77.56408617	0.10491509	62.36910913	9.33011222	0.67343084
14.20593799	77.47201284	0.01290789	77.38791274	0.08410010	62.38064031	9.33254140	0.67325555
14.20965473	77.30325826	0.01293607	77.20504941	0.09820885	62.39224948	9.33497057	0.67308035
14.21337147	77.14800771	0.01296210	77.01944830	0.12855941	62.40393684	9.33739974	0.67290525
14.21708821	77.00815328	0.01298564	76.83389518	0.17425810	62.41570262	9.33982889	0.67273024
14.22080495	76.90145365	0.01300366	76.65012716	0.25132649	62.42754703	9.34225804	0.67255532
14.22452170	76.80970510	0.01301919	76.46892268	0.34078242	62.43947032	9.34468718	0.67238049
14.22823844	76.72502136	0.01303356	76.29060788	0.43441348	62.45147264	9.34711630	0.67220575
14.23195518	76.65736898	0.01304506	76.11490109	0.54246789	62.46355425	9.34954541	0.67203110
14.23567192	76.55751292	0.01306208	75.94161133	0.61590159	62.47571536	9.35197452	0.67185655
14.23938866	76.39707438	0.01308951	75.77143737	0.62563701	62.48795619	9.35440361	0.67168208
14.24310540	76.21641032	0.01312053	75.60600484	0.61040548	62.50027697	9.35683270	0.67150771
14.24682214	76.01569112	0.01315518	75.44857827	0.56711285	62.51267791	9.35926177	0.67133343
14.25053888	75.80118052	0.01319241	75.30355993	0.49762059	62.52515923	9.36169084	0.67115924
14.25425563	75.60100810	0.01322734	75.17687298	0.42413512	62.53772118	9.36411990	0.67098514
14.25797237	75.41328430	0.01326026	75.07420231	0.33908199	62.55036392	9.36654894	0.67081113
14.26168911	75.26092021	0.01328711	75.00079500	0.26012521	62.56308771	9.36897798	0.67063722
14.26540585	75.13771057	0.01330890	74.96052755	0.17718302	62.57589276	9.37140700	0.67046339
14.26912259	75.00088501	0.01333318	74.95531188	0.04557313	62.58877930	9.37383602	0.67028965
14.27283933	74.89676412	0.01335171	74.98513747	-0.08837335	62.60174755	9.37626503	0.67011601
14.27655607	74.88847097	0.01335319	75.04828760	-0.15981663	62.61479772	9.37869402	0.66994246
14.28027282	74.94378408	0.01334333	75.14191443	-0.19813035	62.62793009	9.38112301	0.66976899
14.28398956	75.00336711	0.01333273	75.26266388	-0.25929677	62.64114479	9.38355199	0.66959562
14.28770630	75.05841319	0.01332296	75.40771208	-0.34929889	62.65444209	9.38598096	0.66942234
14.29142304	75.10791016	0.01331418	75.57532442	-0.46741426	62.66782222	9.38840991	0.66924914
14.29513978	75.18514252	0.01330050	75.76463353	-0.57949101	62.68128539	9.39083886	0.66907604
14.29885652	75.29902395	0.01328038	75.97605932	-0.67703537	62.69483183	9.39326780	0.66890303
14.30257326	75.39107005	0.01326417	76.21016874	-0.81909869	62.70846177	9.39569672	0.66873011
14.30629000	75.47100830	0.01325012	76.46735741	-0.99634911	62.72217542	9.39812564	0.66855728
14.31000675	75.61118571	0.01322556	76.74706955	-1.13588384	62.73597306	9.40055455	0.66838454
14.31372349	75.80683899	0.01319142	77.04748256	-1.24064357	62.74985483	9.40298345	0.66821189
14.31744023	76.05152893	0.01314898	77.36486609	-1.31333716	62.76382099	9.40541234	0.66803932
14.32115697	76.34383138	0.01309864	77.69375676	-1.34992538	62.77787178	9.40784122	0.66786685
14.32487371	76.66624705	0.01304355	78.02720033	-1.36095328	62.79200742	9.41027008	0.66769447
14.32859045	77.01462046	0.01298455	78.35723174	-1.34261128	62.80622813	9.41269894	0.66752218
14.33230719	77.35783895	0.01292694	78.67622445	-1.31838550	62.82053414	9.41512779	0.66734998
14.33602394	77.64439392	0.01287923	78.97758682	-1.33319290	62.83492572	9.41755663	0.66717786
14.33974068	77.86298116	0.01284307	79.25669150	-1.39371034	62.84940301	9.41998546	0.66700584
14.34345742	78.00895945	0.01281904	79.51100544	-1.50204599	62.86396630	9.42241428	0.66683390
14.34717416	78.09348551	0.01280517	79.74032672	-1.64684121	62.87861579	9.42484309	0.66666206
14.35089090	78.14724731	0.01279636	79.94536274	-1.79811543	62.89335173	9.42727189	0.66649030
14.35460764	78.14442698	0.01279682	80.12727189	-1.98284491	62.90817434	9.42970067	0.66631864
14.35832438	78.09096273	0.01280558	80.28676550	-2.19580277	62.92308385	9.43212945	0.66614706
14.36204113	78.04945119	0.01281239	80.42299740	-2.37354621	62.93808053	9.43455823	0.66597557
14.36575787	78.05776978	0.01281102	80.53346958	-2.47569980	62.95316453	9.43698699	0.66580417
14.36947461	78.08560689	0.01280646	80.61513539	-2.52952850	62.96833612	9.43941573	0.66563286
14.37319135	78.06898499	0.01280918	80.66482027	-2.59583528	62.98359553	9.44184447	0.66546164
14.37690809	77.95974731	0.01282713	80.68060715	-2.72085984	62.99894299	9.44427320	0.66529051
14.38062483	77.83315277	0.01284800	80.66315155	-2.82999878	63.01437873	9.44670192	0.66511946
14.38434157	77.76331075	0.01285953	80.61561735	-2.85230660	63.02990299	9.44913063	0.66494851
14.38805831	77.69371287	0.01287105	80.54380777	-2.85009490	63.04551600	9.45155933	0.66477764
14.39177506	77.56903076	0.01289174	80.45489754	-2.88586678	63.06121802	9.45398802	0.66460686
14.39549180	77.41322072	0.01291769	80.35633584	-2.94311512	63.07700922	9.45641670	0.66443617
14.39920854	77.27104441	0.01294146	80.25438568	-2.98334127	63.09288986	9.45884537	0.66426557
14.40292528	77.14943441	0.01296186	80.15364691	-3.00421250	63.10886017	9.46127403	0.66409506
14.40664202	77.05673472	0.01297745	80.05636189	-2.99962717	63.12492040	9.46370268	0.66392463
14.41035876	77.00640615	0.01298593	79.96337623	-2.95697008	63.14107077	9.46613132	0.66375429
14.41407550	76.96014913	0.01299374	79.87439483	-2.91424570	63.15731153	9.46855995	0.66358404
14.41779225	76.87768046	0.01300768	79.78927526	-2.91159480	63.17364294	9.47098857	0.66341388
14.42150899	76.79712931	0.01302132	79.70771466	-2.91058535	63.19006515	9.47341718	0.66324381
14.42522573	76.76380157	0.01302697	79.62978277	-2.86598120	63.20657845	9.47584578	0.66307382
14.42894247	76.74586995	0.01303002	79.55493364	-2.80906369	63.22318306	9.47827437	0.66290393
14.43265921	76.73126221	0.01303250	79.48202362	-2.75076141	63.23987924	9.48070295	0.66273412
14.43637595	76.70911916	0.01303626	79.40844480	-2.69932564	63.25666720	9.48313152	0.66256440
14.44009269	76.66268921	0.01304415	79.33046278	-2.66777357	63.27354719	9.48556008	0.66239476
14.44380943	76.62352244	0.01305082	79.24332597	-2.61980353	63.29051945	9.48798863	0.66222521
14.44752618	76.58293152	0.01305774	79.14176532	-2.55883380	63.30758425	9.49041718	0.66205575
14.45124292	76.52600606	0.01306745	79.02040122	-2.49439516	63.32474175	9.49284570	0.66188638
14.45495966	76.46334839	0.01307816	78.87423701	-2.41088862	63.34199222	9.49527422	0.66171710
14.45867640	76.42407481	0.01308488	78.69885364	-2.27477883	63.35933591	9.49770273	0.66154790
14.46239314	76.44399007	0.01308147	78.49135112	-2.04736105	63.37677305	9.50013123	0.66137879
14.46610988	76.47430166	0.01307629	78.24995210	-1.77565044	63.39430389	9.50255972	0.66120977
14.46982662	76.46328990	0.01307817	77.97491076	-1.51162086	63.41192866	9.50498820	0.66104083
14.47354337	76.42707570	0.01308437	77.66866171	-1.24158601	63.42964764	9.50741668	0.66087198
14.47726011	76.36816661	0.01309446	77.33575740	-0.96759079	63.44746099	9.50984514	0.66070322
14.48097685	76.28412120	0.01310889	76.98259750	-0.69847630	63.46536900	9.51227359	0.66053455
14.48469359	76.16460927	0.01312946	76.61695690	-0.45234763	63.48337189	9.51470203	0.66036596
14.48841033	75.98328654	0.01316079	76.24714256	-0.26385602	63.50146992	9.51713046	0.66019746
14.49212707	75.77280172	0.01319735	75.88126457	-0.10846285	63.51966332	9.51955888	0.66002904
14.49584381	75.58776093	0.01322966	75.52646200	0.06129893	63.53795233	9.52198729	0.65986071
14.49956055	75.39168294	0.01326406	75.18859486	0.20308808	63.55633720	9.52441568	0.65969247
14.50327730	75.19816589	0.01329820	74.87172757	0.32643832	63.57481823	9.52684408	0.65952431
14.50699404	75.04762268	0.01332487	74.57828325	0.46933943	63.59339554	9.52927246	0.65935625
14.51071078	74.92519124	0.01334665	74.30919378	0.61599746	63.61206944	9.53170083	0.65918826
14.51442752	74.80719757	0.01336770	74.06462199	0.74257558	63.63084016	9.53412919	0.65902037
14.51814426	74.65625509	0.01339472	73.84427296	0.81198213	63.64970796	9.53655754	0.65885256
14.52186100	74.48983510	0.01342465	73.64807747	0.84175763	63.66867307	9.53898588	0.65868483
14.52557774	74.35398356	0.01344918	73.47648513	0.87749843	63.68773575	9.54141421	0.65851719
14.52929449	74.21260325	0.01347480	73.33085643	0.88174682	63.70689627	9.54384253	0.65834964
14.53301123	74.03688304	0.01350678	73.21323970	0.82364334	63.72615480	9.54627084	0.65818218
14.53672797	73.85016886	0.01354093	73.12609708	0.72407178	63.74551162	9.54869914	0.65801479
14.54044471	73.67001597	0.01357404	73.07180071	0.59821526	63.76496697	9.55112743	0.65784750
14.54416145	73.50798035	0.01360397	73.05240246	0.45557789	63.78452112	9.55355571	0.65768029
14.54787819	73.36185710	0.01363106	73.06905143	0.29280567	63.80417429	9.55598398	0.65751317
14.55159493	73.25316620	0.01365129	73.12184215	0.13132405	63.82392674	9.55841224	0.65734613
14.55531167	73.19980876	0.01366124	73.20963777	-0.00982901	63.84377872	9.56084049	0.65717918
14.55902842	73.17134857	0.01366655	73.33051656	-0.15916799	63.86373052	9.56326873	0.65701231
14.56274516	73.17115275	0.01366659	73.48185904	-0.31070629	63.88378229	9.56569696	0.65684553
14.56646190	73.21690623	0.01365805	73.66120657	-0.44430034	63.90393432	9.56812518	0.65667884
14.57017864	73.25498708	0.01365095	73.86641519	-0.61142811	63.92418687	9.57055339	0.65651223
14.57389538	73.27170308	0.01364783	74.09650539	-0.82480231	63.94454018	9.57298159	0.65634570
14.57761212	73.29236603	0.01364399	74.35126543	-1.05889940	63.96499451	9.57540977	0.65617926
14.58132886	73.31555939	0.01363967	74.63139280	-1.31583341	63.98555010	9.57783795	0.65601291
14.58504561	73.35313924	0.01363268	74.93753881	-1.58439957	64.00620725	9.58026613	0.65584664
14.58876235	73.42908223	0.01361858	75.26999800	-1.84091577	64.02696611	9.58269429	0.65568045
14.59247909	73.57436625	0.01359169	75.62740956	-2.05304331	64.04782699	9.58512243	0.65551435
14.59619583	73.78495534	0.01355290	76.00643503	-2.22147969	64.06879012	9.58755057	0.65534834
14.59991257	74.03184509	0.01350770	76.40178234	-2.36993725	64.08985577	9.58997870	0.65518240
14.60362931	74.35158285	0.01344961	76.80601023	-2.45442738	64.11102418	9.59240682	0.65501656
14.60734605	74.79516093	0.01336985	77.20936271	-2.41420178	64.13229561	9.59483493	0.65485080
14.61106280	75.32506307	0.01327579	77.60139165	-2.27632858	64.15367036	9.59726303	0.65468512
14.61477954	75.87335968	0.01317986	77.97164699	-2.09828731	64.17514858	9.59969112	0.65451953
14.61849628	76.34824117	0.01309788	78.31120142	-1.96296025	64.19673057	9.60211920	0.65435402
14.62221302	76.70468394	0.01303701	78.61314379	-1.90845985	64.21841658	9.60454726	0.65418860
14.62592976	76.99542236	0.01298779	78.87340241	-1.87798005	64.24020687	9.60697532	0.65402326
14.62964650	77.25009664	0.01294497	79.09074733	-1.84065069	64.26210170	9.60940337	0.65385800
14.63336324	77.45652517	0.01291047	79.26637397	-1.80984880	64.28410131	9.61183140	0.65369283
14.63707998	77.58217621	0.01288956	79.40285204	-1.82067583	64.30620596	9.61425943	0.65352775
14.64079673	77.62439219	0.01288255	79.50332925	-1.87893706	64.32841597	9.61668746	0.65336274
14.64451347	77.59472148	0.01288747	79.57116976	-1.97644828	64.35073146	9.61911546	0.65319783
14.64823021	77.51093292	0.01290141	79.60964650	-2.09871358	64.37315277	9.62154346	0.65303299
14.65194695	77.37031809	0.01292485	79.62198046	-2.25166237	64.39568013	9.62397145	0.65286824
14.65566369	77.19760640	0.01295377	79.61126620	-2.41365980	64.41831381	9.62639942	0.65270357
14.65938043	77.00971985	0.01298537	79.58124131	-2.57152146	64.44105406	9.62882739	0.65253899
14.66309717	76.81718445	0.01301792	79.53517869	-2.71799424	64.46390115	9.63125534	0.65237449
14.66681392	76.58951060	0.01305662	79.47553040	-2.88601980	64.48685538	9.63368330	0.65221008
14.67053066	76.36094157	0.01309570	79.40346859	-3.04252702	64.50991690	9.63611123	0.65204574
14.67424740	76.23624166	0.01311712	79.31833382	-3.08209216	64.53308602	9.63853916	0.65188149
14.67796414	76.22119141	0.01311971	79.21725337	-2.99606196	64.55636299	9.64096707	0.65171733
14.68168088	76.28980001	0.01310791	79.09501279	-2.80521278	64.57974809	9.64339498	0.65155325
14.68539762	76.41815186	0.01308590	78.94479273	-2.52664087	64.60324156	9.64582287	0.65138925
14.68911436	76.59213003	0.01305617	78.75911057	-2.16698054	64.62684367	9.64825076	0.65122533
14.69283110	76.76030223	0.01302757	78.53094249	-1.77064026	64.65055468	9.65067863	0.65106150
14.69654785	76.84141541	0.01301382	78.25545852	-1.41404311	64.67437491	9.65310651	0.65089775
14.70026459	76.81229401	0.01301875	77.93116810	-1.11887409	64.69830448	9.65553436	0.65073408
14.70398133	76.67276001	0.01304244	77.56028166	-0.88752165	64.72234374	9.65796221	0.65057050
14.70769807	76.43264008	0.01308342	77.14866283	-0.71602275	64.74649293	9.66039004	0.65040700
14.71141481	76.06102498	0.01314734	76.70515465	-0.64412967	64.77075232	9.66281786	0.65024358
14.71513155	75.56817627	0.01323308	76.24029421	-0.67211794	64.79512217	9.66524568	0.65008025
14.71884829	75.03037008	0.01332794	75.76503687	-0.73466679	64.81960273	9.66767348	0.64991700
14.72256504	74.51576996	0.01341998	75.28929361	-0.77352365	64.84419435	9.67010128	0.64975383
14.72628178	73.98415120	0.01351641	74.82191031	-0.83775911	64.86889715	9.67252907	0.64959074
14.72999852	73.46279907	0.01361233	74.37023199	-0.90743292	64.89371146	9.67495684	0.64942774
14.73371526	73.04388428	0.01369040	73.94040753	-0.89652325	64.91863754	9.67738460	0.64926481
14.73743200	72.67857869	0.01375921	73.53720205	-0.85862336	64.94367566	9.67981236	0.64910197
14.74114874	72.31479645	0.01382843	73.16494516	-0.85014871	64.96882607	9.68224010	0.64893922
14.74486548	72.00582123	0.01388777	72.82731624	-0.82149501	64.99408905	9.68466783	0.64877654
14.74858222	71.78036499	0.01393139	72.52762916	-0.74726417	65.01946486	9.68709555	0.64861395
14.75229897	71.58947500	0.01396853	72.26843723	-0.67896223	65.04495383	9.68952327	0.64845144
14.75601571	71.40204366	0.01400520	72.05174667	-0.64970301	65.07055608	9.69195097	0.64828901
14.75973245	71.25456238	0.01403419	71.87871673	-0.62415435	65.09627197	9.69437867	0.64812666
14.76344919	71.16218821	0.01405241	71.74989889	-0.58771068	65.12210174	9.69680635	0.64796440
14.76716593	71.09338888	0.01406601	71.66467730	-0.57128842	65.14804567	9.69923402	0.64780222
14.77088267	71.08254751	0.01406815	71.62202067	-0.53947316	65.17410402	9.70166168	0.64764012
14.77459941	71.14211528	0.01405637	71.61967306	-0.47755778	65.20027707	9.70408933	0.64747810
14.77831616	71.24134064	0.01403679	71.65479901	-0.41345837	65.22656514	9.70651698	0.64731616
14.78203290	71.35824331	0.01401380	71.72372484	-0.36548153	65.25296836	9.70894461	0.64715431
14.78574964	71.48469289	0.01398901	71.82230142	-0.33760853	65.27948708	9.71137223	0.64699253
14.78946638	71.64852905	0.01395702	71.94597028	-0.29744123	65.30612156	9.71379984	0.64683084
14.79318312	71.85018921	0.01391785	72.09027741	-0.24008820	65.33287208	9.71622744	0.64666923
14.79689986	72.04217529	0.01388076	72.25111634	-0.20894105	65.35973889	9.71865503	0.64650770
14.80061660	72.18898010	0.01385253	72.42529775	-0.23631765	65.38672227	9.72108261	0.64634625
14.80433334	72.32620494	0.01382625	72.61058097	-0.28437603	65.41382249	9.72351018	0.64618488
14.80805009	72.46160634	0.01380041	72.80582152	-0.34421518	65.44103989	9.72593775	0.64602360
14.81176683	72.54494476	0.01378456	73.01071061	-0.46576585	65.46837459	9.72836529	0.64586239
14.81548357	72.58700307	0.01377657	73.22533453	-0.63833146	65.49582695	9.73079283	0.64570127
14.81920031	72.61888885	0.01377052	73.44964965	-0.83076080	65.52339723	9.73322036	0.64554023
14.82291705	72.66301219	0.01376216	73.68297107	-1.01995888	65.55108570	9.73564788	0.64537927
14.82663379	72.72699738	0.01375005	73.92387330	-1.19687592	65.57889264	9.73807539	0.64521839
14.83035053	72.83601634	0.01372947	74.16991678	-1.33390044	65.60681831	9.74050289	0.64505759
14.83406728	73.02969615	0.01369306	74.41773674	-1.38804059	65.63486307	9.74293038	0.64489687
14.83778402	73.27630107	0.01364698	74.66304858	-1.38674751	65.66302704	9.74535786	0.64473623
14.84150076	73.57314046	0.01359192	74.90095002	-1.32780956	65.69131057	9.74778532	0.64457568
14.84521750	73.91948954	0.01352823	75.12585489	-1.20636535	65.71971392	9.75021278	0.64441520
14.84893424	74.25001272	0.01346801	75.33190680	-1.08189408	65.74823738	9.75264023	0.64425480
14.85265098	74.55956014	0.01341210	75.51323322	-0.95367308	65.77688121	9.75506766	0.64409449
14.85636772	74.94294993	0.01334348	75.66441054	-0.72146061	65.80564570	9.75749509	0.64393425
14.86008446	75.33732859	0.01327363	75.78079562	-0.44346703	65.83453112	9.75992250	0.64377410
14.86380121	75.62662252	0.01322286	75.85911941	-0.23249689	65.86353781	9.76234992	0.64361402
14.86751795	75.85117086	0.01318371	75.89755354	-0.04638268	65.89266591	9.76477731	0.64345403
14.87123469	76.04520671	0.01315007	75.89535866	0.14984805	65.92191577	9.76720470	0.64329412
14.87495143	76.18596395	0.01312578	75.85399850	0.33196545	65.95128765	9.76963207	0.64313428
14.87866817	76.23213450	0.01311783	75.77483155	0.45730295	65.98078185	9.77205943	0.64297453
14.88238491	76.20974223	0.01312168	75.66022510	0.54951713	66.01039863	9.77448679	0.64281485
14.88610165	76.13876597	0.01313391	75.51290823	0.62585774	66.04013827	9.77691413	0.64265526
14.88981840	76.03612010	0.01315164	75.33584752	0.70027258	66.07000113	9.77934147	0.64249575
14.89353514	75.92243958	0.01317134	75.13253677	0.78990281	66.09998734	9.78176880	0.64233631
14.89725188	75.79926554	0.01319274	74.90690555	0.89235999	66.13009724	9.78419611	0.64217696
14.90096862	75.59384918	0.01322859	74.66326037	0.93058881	66.16033112	9.78662341	0.64201769
14.90468536	75.34276326	0.01327267	74.40627980	0.93648346	66.19068926	9.78905070	0.64185849
14.90840210	75.11399587	0.01331310	74.14101416	0.97298171	66.22117193	9.79147799	0.64169938
14.91211884	74.85191091	0.01335971	73.87234833	0.97956258	66.25177942	9.79390526	0.64154034
14.91583559	74.50437673	0.01342203	73.60469149	0.89968524	66.28251208	9.79633252	0.64138138
14.91955233	74.16408030	0.01348362	73.34211909	0.82196121	66.31337004	9.79875978	0.64122251
14.92326907	73.94346364	0.01352385	73.08756292	0.85590072	66.34435366	9.80118702	0.64106371
14.92698581	73.79443105	0.01355116	72.84293864	0.95149241	66.37546322	9.80361425	0.64090499
14.93070255	73.64894867	0.01357793	72.60937203	1.03957664	66.40669900	9.80604147	0.64074635
14.93441929	73.52145640	0.01360147	72.38721312	1.13424328	66.43806129	9.80846868	0.64058779
14.93813603	73.43448893	0.01361758	72.17645843	1.25803050	66.46955036	9.81089588	0.64042931
14.94185277	73.39046224	0.01362575	71.97665148	1.41381076	66.50116650	9.81332307	0.64027091
14.94556952	73.38364665	0.01362701	71.78727752	1.59636913	66.53291007	9.81575025	0.64011259
14.94928626	73.40399933	0.01362324	71.60767502	1.79632431	66.56478120	9.81817742	0.63995435
14.95300300	73.46148427	0.01361258	71.43718904	2.02429523	66.59678025	9.82060458	0.63979618
14.95671974	73.54481506	0.01359715	71.27510471	2.26971035	66.62890750	9.82303173	0.63963810
14.96043648	73.65672048	0.01357649	71.12080713	2.53591335	66.66116324	9.82545886	0.63948009
14.96415322	73.79542287	0.01355098	70.97397946	2.82144341	66.69354775	9.82788599	0.63932216
14.96786996	73.90843964	0.01353025	70.83460568	3.07383396	66.72606133	9.83031311	0.63916431
14.97158671	73.99864197	0.01351376	70.70298027	3.29566170	66.75870433	9.83274022	0.63900654
14.97530345	74.15798187	0.01348473	70.57999163	3.57799024	66.79147688	9.83516732	0.63884885
14.97902019	74.34755961	0.01345034	70.46639951	3.88116010	66.82437935	9.83759440	0.63869123
14.98273693	74.47305806	0.01342767	70.36298633	4.11007173	66.85741202	9.84002148	0.63853370
14.98645367	74.57373047	0.01340955	70.27039458	4.30333589	66.89057518	9.84244854	0.63837624
14.99017041	74.73014832	0.01338148	70.18885435	4.54129397	66.92386912	9.84487560	0.63821886
14.99388715	74.95578512	0.01334120	70.11822450	4.83756062	66.95729412	9.84730264	0.63806156
14.99760389	75.24112956	0.01329060	70.05783053	5.18329903	66.99085049	9.84972968	0.63790434
15.00132064	75.55118815	0.01323606	70.00657162	5.54461653	67.02453858	9.85215671	0.63774720
15.00503738	75.86153920	0.01318191	0.00000000	0.00000000	0.00000000	9.85458372	0.63759013
15.00875412	76.23699697	0.01311699	0.00000000	0.00000000	0.00000000	9.85701072	0.63743314
15.01247086	76.61293284	0.01305263	0.00000000	0.00000000	0.00000000	9.85943772	0.63727623
15.01618760	76.91221364	0.01300184	0.00000000	0.00000000	0.00000000	9.86186470	0.63711940
15.01990434	77.20002492	0.01295336	0.00000000	0.00000000	0.00000000	9.86429167	0.63696264
15.02362108	77.47468821	0.01290744	0.00000000	0.00000000	0.00000000	9.86671863	0.63680597
15.02733783	77.65362295	0.01287770	0.00000000	0.00000000	0.00000000	9.86914559	0.63664937
15.03105457	77.71248881	0.01286794	0.00000000	0.00000000	0.00000000	9.87157253	0.63649285
15.03477131	77.69269562	0.01287122	0.00000000	0.00000000	0.00000000	9.87399946	0.63633640
15.03848805	77.62154643	0.01288302	0.00000000	0.00000000	0.00000000	9.87642638	0.63618004
15.04220479	77.52399953	0.01289923	0.00000000	0.00000000	0.00000000	9.87885329	0.63602375
15.04592153	77.35614014	0.01292722	0.00000000	0.00000000	0.00000000	9.88128019	0.63586754
15.04963827	77.14449819	0.01296269	0.00000000	0.00000000	0.00000000	9.88370708	0.63571140
15.05335501	76.92867025	0.01299905	0.00000000	0.00000000	0.00000000	9.88613395	0.63555535
15.05707176	76.71237437	0.01303571	0.00000000	0.00000000	0.00000000	9.88856083	0.63539937
15.06078850	76.48998260	0.01307361	0.00000000	0.00000000	0.00000000	9.89098769	0.63524347
15.06450524	76.32748159	0.01310144	0.00000000	0.00000000	0.00000000	9.89341453	0.63508764
15.06822198	76.27701569	0.01311011	0.00000000	0.00000000	0.00000000	9.89584137	0.63493189
15.07193872	76.26149241	0.01311278	0.00000000	0.00000000	0.00000000	9.89826820	0.63477622
15.07565546	76.26265208	0.01311258	0.00000000	0.00000000	0.00000000	9.90069501	0.63462063
15.07937220	76.30711873	0.01310494	0.00000000	0.00000000	0.00000000	9.90312182	0.63446511
15.08308895	76.43420664	0.01308315	0.00000000	0.00000000	0.00000000	9.90554862	0.63430967
15.08680569	76.58607483	0.01305720	0.00000000	0.00000000	0.00000000	9.90797540	0.63415431
15.09052243	76.68985494	0.01303953	0.00000000	0.00000000	0.00000000	9.91040218	0.63399902
15.09423917	76.76959229	0.01302599	0.00000000	0.00000000	0.00000000	9.91282894	0.63384381
15.09795591	76.85791270	0.01301102	0.00000000	0.00000000	0.00000000	9.91525570	0.63368868
15.10167265	76.91975403	0.01300056	0.00000000	0.00000000	0.00000000	9.91768244	0.63353362
15.10538939	76.91501872	0.01300136	0.00000000	0.00000000	0.00000000	9.92010917	0.63337865
15.10910613	76.88313293	0.01300675	0.00000000	0.00000000	0.00000000	9.92253589	0.63322374
15.11282288	76.83235423	0.01301535	0.00000000	0.00000000	0.00000000	9.92496261	0.63306891
15.11653962	76.76720174	0.01302640	0.00000000	0.00000000	0.00000000	9.92738931	0.63291416
15.12025636	76.68388621	0.01304055	0.00000000	0.00000000	0.00000000	9.92981600	0.63275949
15.12397310	76.60033162	0.01305477	0.00000000	0.00000000	0.00000000	9.93224268	0.63260489
15.12768984	76.56496429	0.01306080	0.00000000	0.00000000	0.00000000	9.93466935	0.63245037
15.13140658	76.54757436	0.01306377	0.00000000	0.00000000	0.00000000	9.93709601	0.63229592
15.13512332	76.51204427	0.01306984	0.00000000	0.00000000	0.00000000	9.93952266	0.63214155
15.13884007	76.48936971	0.01307371	0.00000000	0.00000000	0.00000000	9.94194931	0.63198726
15.14255681	76.55209351	0.01306300	0.00000000	0.00000000	0.00000000	9.94437594	0.63183304
15.14627355	76.67019145	0.01304288	0.00000000	0.00000000	0.00000000	9.94680255	0.63167890
15.14999029	76.75691732	0.01302814	0.00000000	0.00000000	0.00000000	9.94922916	0.63152484
15.15370703	76.81222026	0.01301876	0.00000000	0.00000000	0.00000000	9.95165576	0.63137085
15.15742377	76.87190501	0.01300865	0.00000000	0.00000000	0.00000000	9.95408234	0.63121693
15.16114051	76.98003133	0.01299038	0.00000000	0.00000000	0.00000000	9.95650892	0.63106309
15.16485726	77.15546417	0.01296084	0.00000000	0.00000000	0.00000000	9.95893549	0.63090933
15.16857400	77.30678813	0.01293547	0.00000000	0.00000000	0.00000000	9.96136205	0.63075564
15.17229074	77.38429515	0.01292252	0.00000000	0.00000000	0.00000000	9.96378859	0.63060203
15.17600748	77.45108541	0.01291137	0.00000000	0.00000000	0.00000000	9.96621512	0.63044849
15.17972422	77.57081858	0.01289145	0.00000000	0.00000000	0.00000000	9.96864165	0.63029503
15.18344096	77.70172628	0.01286973	0.00000000	0.00000000	0.00000000	9.97106816	0.63014165
15.18715770	77.72242483	0.01286630	0.00000000	0.00000000	0.00000000	9.97349466	0.62998834
15.19087444	77.63015493	0.01288159	0.00000000	0.00000000	0.00000000	9.97592115	0.62983510
15.19459119	77.57552338	0.01289066	0.00000000	0.00000000	0.00000000	9.97834764	0.62968194
15.19830793	77.59950511	0.01288668	0.00000000	0.00000000	0.00000000	9.98077411	0.62952886
15.20202467	77.60619609	0.01288557	0.00000000	0.00000000	0.00000000	9.98320057	0.62937585
15.20574141	77.60865529	0.01288516	0.00000000	0.00000000	0.00000000	9.98562702	0.62922291
15.20945815	77.65386963	0.01287766	0.00000000	0.00000000	0.00000000	9.98805346	0.62907005
15.21317489	77.70519002	0.01286915	0.00000000	0.00000000	0.00000000	9.99047989	0.62891727
15.21689163	77.69856517	0.01287025	0.00000000	0.00000000	0.00000000	9.99290631	0.62876456
15.22060838	77.63326009	0.01288108	0.00000000	0.00000000	0.00000000	9.99533272	0.62861192
15.22432512	77.52112579	0.01289971	0.00000000	0.00000000	0.00000000	9.99775912	0.62845936
15.22804186	77.34342448	0.01292935	0.00000000	0.00000000	0.00000000	10.00018551	0.62830688
15.23175860	77.11679331	0.01296734	0.00000000	0.00000000	0.00000000	10.00261188	0.62815446
15.23547534	76.87090556	0.01300882	0.00000000	0.00000000	0.00000000	10.00503825	0.62800213
15.23919208	76.61942546	0.01305152	0.00000000	0.00000000	0.00000000	10.00746460	0.62784987
15.24290882	76.36064657	0.01309575	0.00000000	0.00000000	0.00000000	10.00989095	0.62769768
15.24662556	76.10168711	0.01314031	0.00000000	0.00000000	0.00000000	10.01231728	0.62754557
15.25034231	75.86237335	0.01318177	0.00000000	0.00000000	0.00000000	10.01474361	0.62739353
15.25405905	75.63148499	0.01322201	0.00000000	0.00000000	0.00000000	10.01716993	0.62724156
15.25777579	75.38605245	0.01326505	0.00000000	0.00000000	0.00000000	10.01959623	0.62708967
15.26149253	75.12102509	0.01331185	0.00000000	0.00000000	0.00000000	10.02202252	0.62693786
15.26520927	74.88069153	0.01335458	0.00000000	0.00000000	0.00000000	10.02444880	0.62678611
15.26892601	74.67647552	0.01339110	0.00000000	0.00000000	0.00000000	10.02687507	0.62663445
15.27264275	74.42538198	0.01343628	0.00000000	0.00000000	0.00000000	10.02930133	0.62648285
15.27635950	74.13970947	0.01348805	0.00000000	0.00000000	0.00000000	10.03172759	0.62633133
15.28007624	73.94917552	0.01352280	0.00000000	0.00000000	0.00000000	10.03415383	0.62617989
15.28379298	73.85088857	0.01354080	0.00000000	0.00000000	0.00000000	10.03658006	0.62602851
15.28750972	73.81233470	0.01354787	0.00000000	0.00000000	0.00000000	10.03900628	0.62587722
15.29122646	73.85616557	0.01353983	0.00000000	0.00000000	0.00000000	10.04143248	0.62572599
15.29494320	73.97027842	0.01351894	0.00000000	0.00000000	0.00000000	10.04385868	0.62557484
15.29865994	74.07264201	0.01350026	0.00000000	0.00000000	0.00000000	10.04628487	0.62542377
15.30237668	74.25709279	0.01346673	0.00000000	0.00000000	0.00000000	10.04871104	0.62527276
15.30609343	74.48982747	0.01342465	0.00000000	0.00000000	0.00000000	10.05113721	0.62512183
15.30981017	74.71240997	0.01338466	0.00000000	0.00000000	0.00000000	10.05356337	0.62497098
15.31352691	74.99154663	0.01333484	0.00000000	0.00000000	0.00000000	10.05598951	0.62482019
15.31724365	75.29112752	0.01328178	0.00000000	0.00000000	0.00000000	10.05841565	0.62466948
15.32096039	75.51331584	0.01324270	0.00000000	0.00000000	0.00000000	10.06084177	0.62451885
15.32467713	75.71417745	0.01320757	0.00000000	0.00000000	0.00000000	10.06326788	0.62436828
15.32839387	75.92841085	0.01317030	0.00000000	0.00000000	0.00000000	10.06569398	0.62421780
15.33211062	76.13232168	0.01313503	0.00000000	0.00000000	0.00000000	10.06812008	0.62406738
15.33582736	76.31962331	0.01310279	0.00000000	0.00000000	0.00000000	10.07054616	0.62391704
15.33954410	76.43203481	0.01308352	0.00000000	0.00000000	0.00000000	10.07297223	0.62376677
15.34326084	76.53791555	0.01306542	0.00000000	0.00000000	0.00000000	10.07539829	0.62361657
15.34697758	76.65680440	0.01304516	0.00000000	0.00000000	0.00000000	10.07782434	0.62346644
15.35069432	76.74555715	0.01303007	0.00000000	0.00000000	0.00000000	10.08025038	0.62331639
15.35441106	76.79369863	0.01302190	0.00000000	0.00000000	0.00000000	10.08267641	0.62316641
15.35812780	76.86329142	0.01301011	0.00000000	0.00000000	0.00000000	10.08510242	0.62301651
15.36184455	77.01795197	0.01298399	0.00000000	0.00000000	0.00000000	10.08752844	0.62286668
15.36556129	77.24336497	0.01294610	0.00000000	0.00000000	0.00000000	10.08995443	0.62271692
15.36927803	77.46199799	0.01290956	0.00000000	0.00000000	0.00000000	10.09238042	0.62256723
15.37299477	77.61048126	0.01288486	0.00000000	0.00000000	0.00000000	10.09480639	0.62241761
15.37671151	77.72742208	0.01286547	0.00000000	0.00000000	0.00000000	10.09723236	0.62226807
15.38042825	77.82314046	0.01284965	0.00000000	0.00000000	0.00000000	10.09965831	0.62211860
15.38414499	77.86742655	0.01284234	0.00000000	0.00000000	0.00000000	10.10208425	0.62196920
15.38786174	77.87168630	0.01284164	0.00000000	0.00000000	0.00000000	10.10451019	0.62181988
15.39157848	77.75923411	0.01286021	0.00000000	0.00000000	0.00000000	10.10693611	0.62167063
15.39529522	77.58700562	0.01288876	0.00000000	0.00000000	0.00000000	10.10936202	0.62152145
15.39901196	77.37155660	0.01292465	0.00000000	0.00000000	0.00000000	10.11178792	0.62137234
15.40272870	77.09391022	0.01297119	0.00000000	0.00000000	0.00000000	10.11421381	0.62122330
15.40644544	76.75816091	0.01302793	0.00000000	0.00000000	0.00000000	10.11663969	0.62107434
15.41016218	76.43482717	0.01308304	0.00000000	0.00000000	0.00000000	10.11906556	0.62092545
15.41387893	76.08148193	0.01314380	0.00000000	0.00000000	0.00000000	10.12149143	0.62077663
15.41759567	75.69094849	0.01321162	0.00000000	0.00000000	0.00000000	10.12391727	0.62062788
15.42131241	75.22393545	0.01329364	0.00000000	0.00000000	0.00000000	10.12634311	0.62047920
15.42502915	74.72478485	0.01338244	0.00000000	0.00000000	0.00000000	10.12876893	0.62033060
15.42874589	74.22212219	0.01347307	0.00000000	0.00000000	0.00000000	10.13119475	0.62018207
15.43246263	73.68529002	0.01357123	0.00000000	0.00000000	0.00000000	10.13362055	0.62003361
15.43617937	73.14544932	0.01367139	0.00000000	0.00000000	0.00000000	10.13604635	0.61988522
15.43989611	72.65096792	0.01376444	0.00000000	0.00000000	0.00000000	10.13847213	0.61973690
15.44361286	72.28754934	0.01383364	0.00000000	0.00000000	0.00000000	10.14089791	0.61958866
15.44732960	72.01215871	0.01388654	0.00000000	0.00000000	0.00000000	10.14332367	0.61944048
15.45104634	71.81435903	0.01392479	0.00000000	0.00000000	0.00000000	10.14574942	0.61929238
15.45476308	71.69643402	0.01394770	0.00000000	0.00000000	0.00000000	10.14817516	0.61914435
15.45847982	71.78195953	0.01393108	0.00000000	0.00000000	0.00000000	10.15060089	0.61899639
15.46219656	72.02214305	0.01388462	0.00000000	0.00000000	0.00000000	10.15302661	0.61884850
15.46591330	72.25774892	0.01383935	0.00000000	0.00000000	0.00000000	10.15545232	0.61870069
15.46963005	72.43991089	0.01380454	0.00000000	0.00000000	0.00000000	10.15787802	0.61855294
15.47334679	72.76524862	0.01374282	0.00000000	0.00000000	0.00000000	10.16030371	0.61840526
15.47706353	73.25279490	0.01365136	0.00000000	0.00000000	0.00000000	10.16272939	0.61825766
15.48078027	73.73330688	0.01356239	0.00000000	0.00000000	0.00000000	10.16515505	0.61811013
15.48449701	74.13224284	0.01348941	0.00000000	0.00000000	0.00000000	10.16758071	0.61796267
15.48821375	74.37197876	0.01344592	0.00000000	0.00000000	0.00000000	10.17000635	0.61781528
15.49193049	74.50213623	0.01342243	0.00000000	0.00000000	0.00000000	10.17243198	0.61766796
15.49564723	74.61491394	0.01340215	0.00000000	0.00000000	0.00000000	10.17485761	0.61752071
15.49936398	74.75049082	0.01337784	0.00000000	0.00000000	0.00000000	10.17728323	0.61737353
15.50308072	74.93407949	0.01334506	0.00000000	0.00000000	0.00000000	10.17970883	0.61722643
15.50679746	75.03791300	0.01332660	0.00000000	0.00000000	0.00000000	10.18213442	0.61707939
15.51051420	74.81059265	0.01336709	0.00000000	0.00000000	0.00000000	10.18456000	0.61693243
15.51423094	74.38462321	0.01344364	0.00000000	0.00000000	0.00000000	10.18698557	0.61678553
15.51794768	74.09470113	0.01349624	0.00000000	0.00000000	0.00000000	10.18941113	0.61663871
15.52166442	73.93564606	0.01352528	0.00000000	0.00000000	0.00000000	10.19183667	0.61649195
15.52538117	73.74186961	0.01356082	0.00000000	0.00000000	0.00000000	10.19426222	0.61634527
15.52909791	73.42597198	0.01361916	0.00000000	0.00000000	0.00000000	10.19668774	0.61619866
15.53281465	73.09534200	0.01368076	0.00000000	0.00000000	0.00000000	10.19911326	0.61605212
15.53653139	72.81453705	0.01373352	0.00000000	0.00000000	0.00000000	10.20153876	0.61590564
15.54024813	72.51009369	0.01379118	0.00000000	0.00000000	0.00000000	10.20396426	0.61575924
15.54396487	72.21495310	0.01384755	0.00000000	0.00000000	0.00000000	10.20638974	0.61561291
15.54768161	71.89887746	0.01390842	0.00000000	0.00000000	0.00000000	10.20881521	0.61546665
15.55139835	71.55182139	0.01397588	0.00000000	0.00000000	0.00000000	10.21124068	0.61532046
15.55511510	71.39273834	0.01400703	0.00000000	0.00000000	0.00000000	10.21366613	0.61517434
15.55883184	71.38967387	0.01400763	0.00000000	0.00000000	0.00000000	10.21609157	0.61502829
15.56254858	71.28029378	0.01402912	0.00000000	0.00000000	0.00000000	10.21851700	0.61488231
15.56626532	71.12006378	0.01406073	0.00000000	0.00000000	0.00000000	10.22094242	0.61473640
15.56998206	71.12112681	0.01406052	0.00000000	0.00000000	0.00000000	10.22336783	0.61459055
15.57369880	71.26661936	0.01403181	0.00000000	0.00000000	0.00000000	10.22579323	0.61444478
15.57741554	71.27980042	0.01402922	0.00000000	0.00000000	0.00000000	10.22821862	0.61429908
15.58113229	71.13040161	0.01405869	0.00000000	0.00000000	0.00000000	10.23064400	0.61415345
15.58484903	71.01676432	0.01408118	0.00000000	0.00000000	0.00000000	10.23306936	0.61400789
15.58856577	71.07168325	0.01407030	0.00000000	0.00000000	0.00000000	10.23549472	0.61386240
15.59228251	71.18465678	0.01404797	0.00000000	0.00000000	0.00000000	10.23792006	0.61371697
15.59599925	71.23435974	0.01403817	0.00000000	0.00000000	0.00000000	10.24034539	0.61357162
15.59971599	71.26228078	0.01403267	0.00000000	0.00000000	0.00000000	10.24277072	0.61342634
15.60343273	71.29829915	0.01402558	0.00000000	0.00000000	0.00000000	10.24519603	0.61328112
15.60714947	71.32249959	0.01402082	0.00000000	0.00000000	0.00000000	10.24762133	0.61313598
15.61086622	71.33456930	0.01401845	0.00000000	0.00000000	0.00000000	10.25004662	0.61299090
15.61458296	71.33071899	0.01401921	0.00000000	0.00000000	0.00000000	10.25247190	0.61284589
15.61829970	71.32519786	0.01402029	0.00000000	0.00000000	0.00000000	10.25489717	0.61270096
15.62201644	71.38611603	0.01400833	0.00000000	0.00000000	0.00000000	10.25732243	0.61255609
15.62573318	71.44712830	0.01399636	0.00000000	0.00000000	0.00000000	10.25974768	0.61241129
15.62944992	71.41473134	0.01400271	0.00000000	0.00000000	0.00000000	10.26217291	0.61226656
15.63316666	71.37195587	0.01401111	0.00000000	0.00000000	0.00000000	10.26459814	0.61212190
15.63688341	71.37244415	0.01401101	0.00000000	0.00000000	0.00000000	10.26702336	0.61197731
15.64060015	71.40743001	0.01400414	0.00000000	0.00000000	0.00000000	10.26944856	0.61183278
15.64431689	71.46799723	0.01399228	0.00000000	0.00000000	0.00000000	10.27187375	0.61168833
15.64803363	71.50718689	0.01398461	0.00000000	0.00000000	0.00000000	10.27429894	0.61154395
15.65175037	71.51340230	0.01398339	0.00000000	0.00000000	0.00000000	10.27672411	0.61139963
15.65546711	71.55738576	0.01397480	0.00000000	0.00000000	0.00000000	10.27914927	0.61125538
15.65918385	71.67448425	0.01395197	0.00000000	0.00000000	0.00000000	10.28157442	0.61111120
15.66290060	71.70497640	0.01394603	0.00000000	0.00000000	0.00000000	10.28399956	0.61096709
15.66661734	71.61869303	0.01396284	0.00000000	0.00000000	0.00000000	10.28642469	0.61082305
15.67033408	71.62587484	0.01396144	0.00000000	0.00000000	0.00000000	10.28884981	0.61067908
15.67405082	71.71840922	0.01394342	0.00000000	0.00000000	0.00000000	10.29127491	0.61053517
15.67776756	71.78081258	0.01393130	0.00000000	0.00000000	0.00000000	10.29370001	0.61039134
15.68148430	71.80913035	0.01392581	0.00000000	0.00000000	0.00000000	10.29612509	0.61024757
15.68520104	71.90444438	0.01390735	0.00000000	0.00000000	0.00000000	10.29855017	0.61010387
15.68891778	72.05711110	0.01387788	0.00000000	0.00000000	0.00000000	10.30097523	0.60996024
15.69263453	72.24359894	0.01384206	0.00000000	0.00000000	0.00000000	10.30340029	0.60981668
15.69635127	72.48401133	0.01379615	0.00000000	0.00000000	0.00000000	10.30582533	0.60967318
15.70006801	72.90769196	0.01371597	0.00000000	0.00000000	0.00000000	10.30825036	0.60952975
15.70378475	73.43056997	0.01361831	0.00000000	0.00000000	0.00000000	10.31067538	0.60938640
15.70750149	73.76789602	0.01355603	0.00000000	0.00000000	0.00000000	10.31310039	0.60924311
15.71121823	73.91521200	0.01352901	0.00000000	0.00000000	0.00000000	10.31552538	0.60909988
15.71493497	73.97793579	0.01351754	0.00000000	0.00000000	0.00000000	10.31795037	0.60895673
15.71865172	74.11032359	0.01349340	0.00000000	0.00000000	0.00000000	10.32037535	0.60881364
15.72236846	74.07646434	0.01349956	0.00000000	0.00000000	0.00000000	10.32280032	0.60867062
15.72608520	73.82680511	0.01354522	0.00000000	0.00000000	0.00000000	10.32522527	0.60852767
15.72980194	73.55995687	0.01359435	0.00000000	0.00000000	0.00000000	10.32765022	0.60838479
15.73351868	73.31284587	0.01364017	0.00000000	0.00000000	0.00000000	10.33007515	0.60824197
15.73723542	73.10605367	0.01367876	0.00000000	0.00000000	0.00000000	10.33250007	0.60809923
15.74095216	73.04129028	0.01369089	0.00000000	0.00000000	0.00000000	10.33492498	0.60795655
15.74466890	73.01396942	0.01369601	0.00000000	0.00000000	0.00000000	10.33734988	0.60781393
15.74838565	72.89935811	0.01371754	0.00000000	0.00000000	0.00000000	10.33977478	0.60767139
15.75210239	72.82862600	0.01373086	0.00000000	0.00000000	0.00000000	10.34219966	0.60752891
15.75581913	72.82168325	0.01373217	0.00000000	0.00000000	0.00000000	10.34462452	0.60738650
15.75953587	73.25046539	0.01365179	0.00000000	0.00000000	0.00000000	10.34704938	0.60724416
15.76325261	73.93260956	0.01352583	0.00000000	0.00000000	0.00000000	10.34947422	0.60710188
15.76696935	74.32779694	0.01345392	0.00000000	0.00000000	0.00000000	10.35189906	0.60695968
15.77068609	74.57234701	0.01340980	0.00000000	0.00000000	0.00000000	10.35432388	0.60681754
15.77440284	75.04796600	0.01332481	0.00000000	0.00000000	0.00000000	10.35674870	0.60667546
15.77811958	75.59670003	0.01322809	0.00000000	0.00000000	0.00000000	10.35917350	0.60653346
15.78183632	75.97609456	0.01316203	0.00000000	0.00000000	0.00000000	10.36159830	0.60639152
15.78555306	76.31942749	0.01310282	0.00000000	0.00000000	0.00000000	10.36402308	0.60624964
15.78926980	76.64842478	0.01304658	0.00000000	0.00000000	0.00000000	10.36644785	0.60610784
15.79298654	76.95013428	0.01299543	0.00000000	0.00000000	0.00000000	10.36887260	0.60596610
15.79670328	76.91162872	0.01300194	0.00000000	0.00000000	0.00000000	10.37129735	0.60582443
15.80042002	76.68680318	0.01304005	0.00000000	0.00000000	0.00000000	10.37372209	0.60568283
15.80413677	76.22479502	0.01311909	0.00000000	0.00000000	0.00000000	10.37614682	0.60554129
15.80785351	75.50961558	0.01324335	0.00000000	0.00000000	0.00000000	10.37857153	0.60539982
15.81157025	74.99957021	0.01333341	0.00000000	0.00000000	0.00000000	10.38099624	0.60525841
15.81528699	74.68280792	0.01338996	0.00000000	0.00000000	0.00000000	10.38342093	0.60511708
15.81900373	74.11848450	0.01349191	0.00000000	0.00000000	0.00000000	10.38584561	0.60497580
15.82272047	73.28166962	0.01364598	0.00000000	0.00000000	0.00000000	10.38827028	0.60483460
15.82643721	72.84033712	0.01372866	0.00000000	0.00000000	0.00000000	10.39069494	0.60469346
15.83015396	72.74809774	0.01374606	0.00000000	0.00000000	0.00000000	10.39311960	0.60455239
15.83387070	72.53084310	0.01378724	0.00000000	0.00000000	0.00000000	10.39554424	0.60441139
15.83758744	72.19575246	0.01385123	0.00000000	0.00000000	0.00000000	10.39796887	0.60427045
15.84130418	71.91307576	0.01390568	0.00000000	0.00000000	0.00000000	10.40039348	0.60412958
15.84502092	71.73826345	0.01393956	0.00000000	0.00000000	0.00000000	10.40281809	0.60398877
15.84873766	71.63098399	0.01396044	0.00000000	0.00000000	0.00000000	10.40524268	0.60384803
15.85245440	71.47999318	0.01398993	0.00000000	0.00000000	0.00000000	10.40766727	0.60370736
15.85617114	71.09856160	0.01406498	0.00000000	0.00000000	0.00000000	10.41009184	0.60356675
15.85988789	70.29538218	0.01422569	0.00000000	0.00000000	0.00000000	10.41251641	0.60342621
15.86360463	69.62819672	0.01436200	0.00000000	0.00000000	0.00000000	10.41494096	0.60328573
15.86732137	69.62819672	0.01436200	0.00000000	0.00000000	0.00000000	10.41736550	0.60314533
