two_theta	y_obs	y_weights	y_calc	y_diff	y_bkg	q_values	d_spacings
0.64726557	58.69474665	0.01703730	0.00000000	0.00000000	0.00000000	0.42630772	14.73861497
0.65098231	58.85719935	0.01699027	0.00000000	0.00000000	0.00000000	0.42875564	14.65446673
0.65469905	58.82271957	0.01700023	0.00000000	0.00000000	0.00000000	0.43120357	14.57127391
0.65841579	58.42762375	0.01711519	0.00000000	0.00000000	0.00000000	0.43365149	14.48902035
0.66213254	58.35882696	0.01713537	0.00000000	0.00000000	0.00000000	0.43609942	14.40769000
0.66584928	58.53340530	0.01708426	0.00000000	0.00000000	0.00000000	0.43854735	14.32726783
0.66956602	58.56882477	0.01707393	0.00000000	0.00000000	0.00000000	0.44099527	14.24773852
0.67328276	57.56060282	0.01737299	0.00000000	0.00000000	0.00000000	0.44344319	14.16908726
0.67699950	54.80679321	0.01824591	0.00000000	0.00000000	0.00000000	0.44589112	14.09129960
0.68071624	52.16466395	0.01917007	0.00000000	0.00000000	0.00000000	0.44833904	14.01436140
0.68443298	50.82267125	0.01967626	0.00000000	0.00000000	0.00000000	0.45078696	13.93825881
0.68814973	50.00034841	0.01999986	0.00000000	0.00000000	0.00000000	0.45323489	13.86297809
0.69186647	49.91293462	0.02003489	0.00000000	0.00000000	0.00000000	0.45568281	13.78850640
0.69558321	49.97826767	0.02000870	0.00000000	0.00000000	0.00000000	0.45813073	13.71483057
0.69929995	50.80052185	0.01968484	0.00000000	0.00000000	0.00000000	0.46057865	13.64193791
0.70301669	51.72219721	0.01933406	0.00000000	0.00000000	0.00000000	0.46302657	13.56981601
0.70673343	52.80804571	0.01893651	0.00000000	0.00000000	0.00000000	0.46547448	13.49845269
0.71045017	53.78782272	0.01859157	0.00000000	0.00000000	0.00000000	0.46792240	13.42783605
0.71416691	54.57754262	0.01832255	0.00000000	0.00000000	0.00000000	0.47037032	13.35795444
0.71788366	55.40856043	0.01804775	0.00000000	0.00000000	0.00000000	0.47281824	13.28879625
0.72160040	56.15948105	0.01780643	0.00000000	0.00000000	0.00000000	0.47526616	13.22035068
0.72531714	56.75018438	0.01762109	0.00000000	0.00000000	0.00000000	0.47771408	13.15260658
0.72903388	57.32320531	0.01744494	0.00000000	0.00000000	0.00000000	0.48016199	13.08555323
0.73275062	57.97461955	0.01724893	0.00000000	0.00000000	0.00000000	0.48260991	13.01918011
0.73646736	58.45959473	0.01710583	0.00000000	0.00000000	0.00000000	0.48505782	12.95347694
0.74018410	59.05779012	0.01693257	0.00000000	0.00000000	0.00000000	0.48750574	12.88843360
0.74390085	59.57809575	0.01678469	0.00000000	0.00000000	0.00000000	0.48995366	12.82404005
0.74761759	60.01651891	0.01666208	0.00000000	0.00000000	0.00000000	0.49240157	12.76028693
0.75133433	60.36440404	0.01656605	0.00000000	0.00000000	0.00000000	0.49484948	12.69716458
0.75505107	60.65438080	0.01648686	0.00000000	0.00000000	0.00000000	0.49729739	12.63466366
0.75876781	60.88798014	0.01642360	0.00000000	0.00000000	0.00000000	0.49974530	12.57277506
0.76248455	61.11370850	0.01636294	0.00000000	0.00000000	0.00000000	0.50219322	12.51148982
0.76620129	61.33595276	0.01630365	0.00000000	0.00000000	0.00000000	0.50464113	12.45079915
0.76991803	61.56623586	0.01624267	0.00000000	0.00000000	0.00000000	0.50708904	12.39069445
0.77363478	61.82999293	0.01617338	0.00000000	0.00000000	0.00000000	0.50953695	12.33116712
0.77735152	61.97429148	0.01613572	0.00000000	0.00000000	0.00000000	0.51198486	12.27220918
0.78106826	62.06325658	0.01611259	0.00000000	0.00000000	0.00000000	0.51443277	12.21381235
0.78478500	62.14298503	0.01609192	0.00000000	0.00000000	0.00000000	0.51688068	12.15596866
0.78850174	62.29724121	0.01605208	0.00000000	0.00000000	0.00000000	0.51932858	12.09867028
0.79221848	62.36592992	0.01603440	0.00000000	0.00000000	0.00000000	0.52177649	12.04190955
0.79593522	62.40476354	0.01602442	0.00000000	0.00000000	0.00000000	0.52422440	11.98567893
0.79965197	62.49006144	0.01600254	0.00000000	0.00000000	0.00000000	0.52667231	11.92997088
0.80336871	62.62357330	0.01596843	0.00000000	0.00000000	0.00000000	0.52912021	11.87477844
0.80708545	62.68167369	0.01595363	0.00000000	0.00000000	0.00000000	0.53156812	11.82009434
0.81080219	62.71775182	0.01594445	0.00000000	0.00000000	0.00000000	0.53401602	11.76591160
0.81451893	62.74577459	0.01593733	0.00000000	0.00000000	0.00000000	0.53646393	11.71222334
0.81823567	62.80546061	0.01592218	0.00000000	0.00000000	0.00000000	0.53891183	11.65902283
0.82195241	62.81508128	0.01591974	0.00000000	0.00000000	0.00000000	0.54135973	11.60630345
0.82566915	62.83296076	0.01591521	0.00000000	0.00000000	0.00000000	0.54380763	11.55405871
0.82938590	62.85433324	0.01590980	0.00000000	0.00000000	0.00000000	0.54625554	11.50228209
0.83310264	62.89708201	0.01589899	0.00000000	0.00000000	0.00000000	0.54870344	11.45096759
0.83681938	62.92920431	0.01589087	0.00000000	0.00000000	0.00000000	0.55115134	11.40010892
0.84053612	62.97883479	0.01587835	0.00000000	0.00000000	0.00000000	0.55359924	11.34970004
0.84425286	63.00655874	0.01587136	0.00000000	0.00000000	0.00000000	0.55604714	11.29973500
0.84796960	63.07300313	0.01585464	0.00000000	0.00000000	0.00000000	0.55849504	11.25020797
0.85168634	63.12008158	0.01584282	0.00000000	0.00000000	0.00000000	0.56094293	11.20111322
0.85540309	63.15482203	0.01583410	0.00000000	0.00000000	0.00000000	0.56339084	11.15244497
0.85911983	63.09668859	0.01584869	0.00000000	0.00000000	0.00000000	0.56583873	11.10419795
0.86283657	63.04168447	0.01586252	0.00000000	0.00000000	0.00000000	0.56828663	11.05636660
0.86655331	62.98522949	0.01587674	0.00000000	0.00000000	0.00000000	0.57073452	11.00894556
0.87027005	62.79652405	0.01592445	0.00000000	0.00000000	0.00000000	0.57318242	10.96192957
0.87398679	62.51388677	0.01599645	0.00000000	0.00000000	0.00000000	0.57563031	10.91531347
0.87770353	62.53157171	0.01599192	0.00000000	0.00000000	0.00000000	0.57807821	10.86909217
0.88142027	62.83730189	0.01591411	0.00000000	0.00000000	0.00000000	0.58052610	10.82326069
0.88513702	63.09083811	0.01585016	0.00000000	0.00000000	0.00000000	0.58297400	10.77781399
0.88885376	63.14781443	0.01583586	0.00000000	0.00000000	0.00000000	0.58542189	10.73274748
0.89257050	63.18965276	0.01582538	0.00000000	0.00000000	0.00000000	0.58786978	10.68805630
0.89628724	63.18804042	0.01582578	0.00000000	0.00000000	0.00000000	0.59031767	10.64373577
0.90000398	63.19222132	0.01582473	0.00000000	0.00000000	0.00000000	0.59276556	10.59978131
0.90372072	63.18524043	0.01582648	0.00000000	0.00000000	0.00000000	0.59521345	10.55618840
0.90743746	63.15598551	0.01583381	0.00000000	0.00000000	0.00000000	0.59766134	10.51295259
0.91115421	63.08221563	0.01585233	0.00000000	0.00000000	0.00000000	0.60010923	10.47006940
0.91487095	63.07414627	0.01585436	0.00000000	0.00000000	0.00000000	0.60255712	10.42753476
0.91858769	63.11702347	0.01584359	0.00000000	0.00000000	0.00000000	0.60500501	10.38534433
0.92230443	63.16326269	0.01583199	0.00000000	0.00000000	0.00000000	0.60745289	10.34349395
0.92602117	63.18375778	0.01582685	0.00000000	0.00000000	0.00000000	0.60990078	10.30197951
0.92973791	63.21592077	0.01581880	0.00000000	0.00000000	0.00000000	0.61234866	10.26079700
0.93345465	63.27098846	0.01580503	0.00000000	0.00000000	0.00000000	0.61479655	10.21994244
0.93717140	63.30693817	0.01579606	0.00000000	0.00000000	0.00000000	0.61724444	10.17941183
0.94088814	63.29711278	0.01579851	0.00000000	0.00000000	0.00000000	0.61969232	10.13920154
0.94460488	63.29958089	0.01579789	0.00000000	0.00000000	0.00000000	0.62214020	10.09930769
0.94832162	63.30941264	0.01579544	0.00000000	0.00000000	0.00000000	0.62458808	10.05972655
0.95203836	63.27541733	0.01580393	0.00000000	0.00000000	0.00000000	0.62703596	10.02045447
0.95575510	63.27550252	0.01580390	0.00000000	0.00000000	0.00000000	0.62948384	9.98148783
0.95947184	63.29241053	0.01579968	0.00000000	0.00000000	0.00000000	0.63193172	9.94282308
0.96318858	63.34614944	0.01578628	0.00000000	0.00000000	0.00000000	0.63437960	9.90445674
0.96690533	63.35280736	0.01578462	0.00000000	0.00000000	0.00000000	0.63682748	9.86638525
0.97062207	63.36712646	0.01578105	0.00000000	0.00000000	0.00000000	0.63927536	9.82860545
0.97433881	63.33185069	0.01578984	0.00000000	0.00000000	0.00000000	0.64172324	9.79111387
0.97805555	63.33434423	0.01578922	0.00000000	0.00000000	0.00000000	0.64417112	9.75390725
0.98177229	63.35382462	0.01578437	0.00000000	0.00000000	0.00000000	0.64661899	9.71698233
0.98548903	63.39381536	0.01577441	0.00000000	0.00000000	0.00000000	0.64906687	9.68033595
0.98920577	63.42241287	0.01576730	0.00000000	0.00000000	0.00000000	0.65151474	9.64396495
0.99292252	63.48592758	0.01575152	0.00000000	0.00000000	0.00000000	0.65396262	9.60786614
0.99663926	63.53469849	0.01573943	0.00000000	0.00000000	0.00000000	0.65641049	9.57203669
1.00035600	63.55352402	0.01573477	64.88054891	-1.32702489	64.56418479	0.65885836	9.53647347
1.00407274	63.50993347	0.01574557	64.92521029	-1.41527682	64.60709960	0.66130623	9.50117355
1.00778948	63.50820033	0.01574600	64.96974162	-1.46154129	64.64986826	0.66375411	9.46613400
1.01150622	63.52337138	0.01574224	65.01414340	-1.49077202	64.69249103	0.66620198	9.43135196
1.01522296	63.62173716	0.01571790	65.05841611	-1.43667895	64.73496822	0.66864984	9.39682460
1.01893970	63.66342799	0.01570761	65.10256029	-1.43913230	64.77730010	0.67109771	9.36254913
1.02265645	63.70918020	0.01569633	65.14657649	-1.43739629	64.81948707	0.67354559	9.32852271
1.02637319	63.75105921	0.01568601	65.19046505	-1.43940584	64.86152920	0.67599345	9.29474282
1.03008993	63.76285299	0.01568311	65.23422664	-1.47137365	64.90342686	0.67844132	9.26120671
1.03380667	63.73626455	0.01568965	65.27786168	-1.54159713	64.94518036	0.68088919	9.22791173
1.03752341	63.72168350	0.01569325	65.32137071	-1.59968721	64.98678997	0.68333705	9.19485530
1.04124015	63.74664688	0.01568710	65.36475429	-1.61810741	65.02825598	0.68578492	9.16203487
1.04495689	63.79123052	0.01567614	65.40801298	-1.61678246	65.06957867	0.68823278	9.12944792
1.04867364	63.78524907	0.01567761	65.45114733	-1.66589826	65.11075842	0.69068065	9.09709187
1.05239038	63.77801005	0.01567939	65.49415770	-1.71614765	65.15179531	0.69312851	9.06496446
1.05610712	63.76014582	0.01568378	65.53704478	-1.77689896	65.19268972	0.69557637	9.03306318
1.05982386	63.82467270	0.01566792	65.57980904	-1.75513634	65.23344194	0.69802423	9.00138566
1.06354060	63.87523778	0.01565552	65.62245108	-1.74721330	65.27405224	0.70047209	8.96992954
1.06725734	63.89000448	0.01565190	65.66497144	-1.77496696	65.31452091	0.70291995	8.93869253
1.07097408	63.88349787	0.01565349	65.70737070	-1.82387283	65.35484823	0.70536781	8.90767232
1.07469082	63.91002782	0.01564700	65.74964940	-1.83962158	65.39503447	0.70781567	8.87686668
1.07840757	63.93765767	0.01564024	65.79180819	-1.85415052	65.43508003	0.71026353	8.84627331
1.08212431	63.97933578	0.01563005	65.83384751	-1.85451173	65.47498496	0.71271139	8.81589018
1.08584105	64.01213710	0.01562204	65.87576792	-1.86363082	65.51474966	0.71515924	8.78571505
1.08955779	64.04858907	0.01561315	65.91757012	-1.86898105	65.55437440	0.71760710	8.75574579
1.09327453	64.04461034	0.01561412	65.95925463	-1.91464429	65.59385946	0.72005495	8.72598030
1.09699127	64.03385671	0.01561674	66.00181413	-1.96795742	65.63320513	0.72250280	8.69641652
1.10070801	64.03424581	0.01561664	66.04326679	-2.00902098	65.67241167	0.72495066	8.66705239
1.10442476	64.03913752	0.01561545	66.08460366	-2.04546614	65.71147946	0.72739851	8.63788583
1.10814150	64.09901810	0.01560086	66.12582524	-2.02680714	65.75040859	0.72984636	8.60891500
1.11185824	64.12874603	0.01559363	66.16693211	-2.03818608	65.78919942	0.73229421	8.58013786
1.11557498	64.13412221	0.01559232	66.20792499	-2.07380278	65.82785224	0.73474206	8.55155247
1.11929172	64.10309982	0.01559987	66.24880450	-2.14570468	65.86636732	0.73718991	8.52315693
1.12300846	64.18815231	0.01557920	66.28957125	-2.10141894	65.90474494	0.73963776	8.49494936
1.12672520	64.26810964	0.01555982	66.33022592	-2.06211628	65.94298536	0.74208561	8.46692788
1.13044194	64.35029348	0.01553994	66.37076906	-2.02047558	65.98108888	0.74453345	8.43909066
1.13415869	64.39711761	0.01552865	66.41120160	-2.01408399	66.01905585	0.74698130	8.41143583
1.13787543	64.46289317	0.01551280	66.45152385	-1.98863068	66.05688637	0.74942915	8.38396173
1.14159217	64.44569397	0.01551694	66.49173661	-2.04604264	66.09458079	0.75187699	8.35666654
1.14530891	64.46475983	0.01551235	66.53184059	-2.06708076	66.13213939	0.75432484	8.32954850
1.14902565	64.47161611	0.01551070	66.57183649	-2.10022038	66.16956246	0.75677268	8.30260591
1.15274239	64.50258636	0.01550325	66.61172499	-2.10913863	66.20685025	0.75922052	8.27583706
1.15645913	64.50706228	0.01550218	66.65150676	-2.14444448	66.24400305	0.76166836	8.24924027
1.16017588	64.50879161	0.01550176	66.69118263	-2.18239102	66.28102123	0.76411621	8.22281383
1.16389262	64.52504730	0.01549786	66.73075311	-2.20570581	66.31790485	0.76656405	8.19655624
1.16760936	64.56875610	0.01548737	66.77021903	-2.20146293	66.35465430	0.76901188	8.17046582
1.17132610	64.59714508	0.01548056	66.80958115	-2.21243607	66.39126983	0.77145972	8.14454097
1.17504284	64.65987651	0.01546554	66.84980395	-2.18992744	66.42775173	0.77390756	8.11878014
1.17875958	64.68499247	0.01545954	66.88896231	-2.20396984	66.46410027	0.77635539	8.09318176
1.18247632	64.73624674	0.01544730	66.92801903	-2.19177229	66.50031571	0.77880323	8.06774430
1.18619307	64.73062642	0.01544864	66.96789573	-2.23726931	66.53639842	0.78125107	8.04246619
1.18990981	64.76161448	0.01544125	67.00675325	-2.24513877	66.57234848	0.78369890	8.01734606
1.19362655	64.79802704	0.01543257	67.04551154	-2.24748450	66.60816626	0.78614673	7.99238238
1.19734329	64.81764221	0.01542790	67.08417145	-2.26652924	66.64385202	0.78859457	7.96757368
1.20106003	64.83407593	0.01542399	67.12384140	-2.28976547	66.67940603	0.79104240	7.94291852
1.20477677	64.84784953	0.01542071	67.16230878	-2.31445925	66.71482857	0.79349023	7.91841549
1.20849351	64.82965342	0.01542504	67.20068032	-2.37102690	66.75011990	0.79593806	7.89406318
1.21221025	64.81783549	0.01542785	67.23990606	-2.42207057	66.78528029	0.79838588	7.86986021
1.21592700	64.84536743	0.01542130	67.27808996	-2.43272253	66.82031010	0.80083372	7.84580514
1.21964374	64.90968831	0.01540602	67.31618045	-2.40649214	66.85520941	0.80328155	7.82189675
1.22336048	64.94541168	0.01539755	67.35417853	-2.40876685	66.88997858	0.80572937	7.79813363
1.22707722	64.95144145	0.01539612	67.39208507	-2.44064362	66.92461788	0.80817720	7.77451447
1.23079396	65.00423940	0.01538361	67.42990098	-2.42566158	66.95912757	0.81062502	7.75103797
1.23451070	65.03551229	0.01537621	67.46762725	-2.43211496	66.99350793	0.81307284	7.72770282
1.23822744	65.06271108	0.01536979	67.50526483	-2.44255375	67.02775921	0.81552067	7.70450777
1.24194419	65.07977041	0.01536576	67.54281468	-2.46304427	67.06188178	0.81796849	7.68145149
1.24566093	65.15730031	0.01534747	67.58027764	-2.42297733	67.09587571	0.82041631	7.65853287
1.24937767	65.26106008	0.01532307	67.61765476	-2.35659468	67.12974137	0.82286413	7.63575060
1.25309441	65.32698568	0.01530761	67.65711088	-2.33012520	67.16347902	0.82531195	7.61310349
1.25681115	65.35081736	0.01530203	67.69432291	-2.34350555	67.19708891	0.82775977	7.59059032
1.26052789	65.37970479	0.01529527	67.73330835	-2.35360356	67.23057133	0.83020759	7.56820992
1.26424463	65.40414683	0.01528955	67.77035892	-2.36621209	67.26392652	0.83265540	7.54596112
1.26796137	65.41257477	0.01528758	67.80732888	-2.39475411	67.29715476	0.83510322	7.52384275
1.27167812	65.39624278	0.01529140	67.84421940	-2.44797662	67.33025640	0.83755104	7.50185362
1.27539486	65.39892069	0.01529077	67.88103146	-2.48211077	67.36323151	0.83999886	7.47999270
1.27911160	65.44289398	0.01528050	67.91776622	-2.47487224	67.39608046	0.84244667	7.45825884
1.28282834	65.48505656	0.01527066	67.95442493	-2.46936837	67.42880350	0.84489448	7.43665092
1.28654508	65.50426483	0.01526618	67.99100866	-2.48674383	67.46140090	0.84734229	7.41516784
1.29026182	65.51133728	0.01526453	68.02751862	-2.51618134	67.49387291	0.84979010	7.39380854
1.29397856	65.54965719	0.01525561	68.06538373	-2.51572654	67.52621981	0.85223791	7.37257195
1.29769531	65.59134165	0.01524591	68.10175223	-2.51041058	67.55844193	0.85468573	7.35145694
1.30141205	65.60241445	0.01524334	68.13941851	-2.53700406	67.59053936	0.85713353	7.33046260
1.30512879	65.62904867	0.01523716	68.17565032	-2.54660165	67.62251246	0.85958134	7.30958784
1.30884553	65.65845744	0.01523033	68.21181463	-2.55335719	67.65436147	0.86202914	7.28883164
1.31256227	65.73981222	0.01521148	68.24791288	-2.50810066	67.68608667	0.86447695	7.26819299
1.31627901	65.80240885	0.01519701	68.28394637	-2.48153752	67.71768831	0.86692475	7.24767090
1.31999575	65.85287984	0.01518536	68.32062014	-2.46774030	67.74916664	0.86937256	7.22726438
1.32371249	65.88899231	0.01517704	68.35652945	-2.46753714	67.78052193	0.87182036	7.20697246
1.32742924	65.95211029	0.01516252	68.39237837	-2.44026808	67.81175453	0.87426817	7.18679411
1.33114598	66.00796000	0.01514969	68.42816818	-2.42020818	67.84286451	0.87671597	7.16672851
1.33486272	66.03830973	0.01514273	68.46390059	-2.42559086	67.87385223	0.87916377	7.14677465
1.33857946	66.01788584	0.01514741	68.49957689	-2.48169105	67.90471793	0.88161156	7.12693160
1.34229620	65.99540202	0.01515257	68.53519892	-2.53979690	67.93546189	0.88405936	7.10719844
1.34601294	65.94015503	0.01516527	68.57076813	-2.63061310	67.96608434	0.88650716	7.08757426
1.34972968	65.90464528	0.01517344	68.60628619	-2.70164091	67.99658556	0.88895495	7.06805816
1.35344643	65.87381744	0.01518054	68.64175481	-2.76793737	68.02696588	0.89140275	7.04864920
1.35716317	65.88477325	0.01517801	68.67717564	-2.79240239	68.05722538	0.89385055	7.02934660
1.36087991	65.95730845	0.01516132	68.71255042	-2.75524197	68.08736442	0.89629834	7.01014944
1.36459665	66.01907094	0.01514714	68.74788114	-2.72881020	68.11738323	0.89874613	6.99105685
1.36831339	66.07516988	0.01513428	68.78316923	-2.70799935	68.14728209	0.90119392	6.97206799
1.37203013	66.10054779	0.01512847	68.81841704	-2.71786925	68.17706124	0.90364171	6.95318202
1.37574687	66.12384542	0.01512314	68.85362599	-2.72978057	68.20672094	0.90608950	6.93439809
1.37946361	66.17130534	0.01511229	68.88879857	-2.71749323	68.23626144	0.90853729	6.91571538
1.38318036	66.26813507	0.01509021	68.92393638	-2.65580131	68.26568308	0.91098508	6.89713303
1.38689710	66.35948435	0.01506944	68.95904181	-2.59955746	68.29498595	0.91343287	6.87865033
1.39061384	66.38979594	0.01506256	68.99411662	-2.60432068	68.32417038	0.91588065	6.86026643
1.39433058	66.38357798	0.01506397	69.02916314	-2.64558516	68.35323662	0.91832844	6.84198054
1.39804732	66.37139130	0.01506673	69.06418356	-2.69279226	68.38218493	0.92077622	6.82379188
1.40176406	66.36494954	0.01506819	69.09918020	-2.73423066	68.41101557	0.92322400	6.80569968
1.40548080	66.38270315	0.01506417	69.13477270	-2.75206955	68.43972877	0.92567179	6.78770317
1.40919755	66.40978495	0.01505802	69.17049874	-2.76071379	68.46832488	0.92811957	6.76980154
1.41291429	66.44279989	0.01505054	69.20544021	-2.76264032	68.49680399	0.93056735	6.75199414
1.41663103	66.45095062	0.01504869	69.24036759	-2.78941697	68.52516642	0.93301513	6.73428019
1.42034777	66.47029114	0.01504432	69.27528331	-2.80499217	68.55341243	0.93546291	6.71665895
1.42406451	66.47866567	0.01504242	69.31019014	-2.83152447	68.58154227	0.93791068	6.69912969
1.42778125	66.51808675	0.01503351	69.34582793	-2.82774118	68.60955618	0.94035846	6.68169170
1.43149799	66.57106018	0.01502154	69.38072627	-2.80966609	68.63745443	0.94280623	6.66434426
1.43521474	66.63749186	0.01500657	69.41562418	-2.77813232	68.66523732	0.94525401	6.64708663
1.43893148	66.67744191	0.01499758	69.45052442	-2.77308251	68.69290497	0.94770179	6.62991819
1.44264822	66.71731822	0.01498861	69.48590449	-2.76858627	68.72045769	0.95014956	6.61283822
1.44636496	66.77349854	0.01497600	69.52081924	-2.74732070	68.74789574	0.95259733	6.59584604
1.45008170	66.82025655	0.01496552	69.55574611	-2.73548956	68.77521936	0.95504510	6.57894096
1.45379844	66.82828013	0.01496372	69.59214616	-2.76386603	68.80242880	0.95749286	6.56212233
1.45751518	66.80318451	0.01496935	69.62711092	-2.82392641	68.82952431	0.95994063	6.54538947
1.46123192	66.84619395	0.01495971	69.66209722	-2.81590327	68.85650613	0.96238840	6.52874174
1.46494867	66.90045420	0.01494758	69.69710955	-2.79665535	68.88337459	0.96483617	6.51217844
1.46866541	66.95222727	0.01493602	69.73215087	-2.77992360	68.91012979	0.96728393	6.49569902
1.47238215	67.02353414	0.01492013	69.76933206	-2.74579792	68.93677204	0.96973170	6.47930280
1.47609889	67.11514028	0.01489977	69.80444665	-2.68930637	68.96330159	0.97217946	6.46298915
1.47981563	67.18864950	0.01488347	69.83960221	-2.65095271	68.98971870	0.97462722	6.44675746
1.48353237	67.19904327	0.01488116	69.87720863	-2.67816536	69.01602359	0.97707498	6.43060709
1.48724911	67.21830750	0.01487690	69.91246258	-2.69415508	69.04221653	0.97952274	6.41453745
1.49096586	67.25626628	0.01486850	69.94777068	-2.69150440	69.06829782	0.98197051	6.39854789
1.49468260	67.29120127	0.01486078	69.98415696	-2.69295569	69.09426757	0.98441826	6.38263789
1.49839934	67.33819834	0.01485041	70.01958835	-2.68139001	69.12012609	0.98686602	6.36680683
1.50211608	67.38042450	0.01484111	70.05508809	-2.67466359	69.14587362	0.98931377	6.35105411
1.50583282	67.43048859	0.01483009	70.09066110	-2.66017251	69.17151042	0.99176153	6.33537915
1.50954956	67.51157379	0.01481228	70.12740133	-2.61582754	69.19703672	0.99420928	6.31978139
1.51326630	67.56953176	0.01479957	70.16313829	-2.59360653	69.22245277	0.99665703	6.30426024
1.51698304	67.65393575	0.01478111	70.19896485	-2.54502910	69.24775882	0.99910478	6.28881516
1.52069979	67.70159149	0.01477070	70.23488669	-2.53329520	69.27295516	1.00155254	6.27344553
1.52441653	67.74562327	0.01476110	70.27090978	-2.52528651	69.29804191	1.00400029	6.25815089
1.52813327	67.82090251	0.01474472	70.30704035	-2.48613784	69.32301937	1.00644804	6.24293066
1.53185001	67.88873037	0.01472999	70.34374615	-2.45501578	69.34788780	1.00889578	6.22778429
1.53556675	67.93344879	0.01472029	70.38011167	-2.44666288	69.37264742	1.01134353	6.21271124
1.53928349	68.01042175	0.01470363	70.41660452	-2.40618277	69.39729849	1.01379127	6.19771098
1.54300023	68.09896088	0.01468451	70.45323201	-2.35427113	69.42184124	1.01623902	6.18278299
1.54671698	68.19107310	0.01466468	70.49090562	-2.29983252	69.44627597	1.01868677	6.16792670
1.55043372	68.25867208	0.01465015	70.52782572	-2.26915364	69.47060280	1.02113451	6.15314169
1.55415046	68.33078766	0.01463469	70.56490320	-2.23411554	69.49482204	1.02358225	6.13842739
1.55786720	68.35701752	0.01462908	70.60214647	-2.24512895	69.51893392	1.02602999	6.12378331
1.56158394	68.41638692	0.01461638	70.63956402	-2.22317710	69.54293868	1.02847772	6.10920894
1.56530068	68.49450684	0.01459971	70.67716480	-2.18265796	69.56683656	1.03092546	6.09470378
1.56901742	68.59051514	0.01457928	70.71495798	-2.12444284	69.59062779	1.03337320	6.08026734
1.57273416	68.68532308	0.01455915	70.75295330	-2.06763022	69.61431263	1.03582093	6.06589914
1.57645091	68.78370667	0.01453833	70.79201558	-2.00830891	69.63789136	1.03826867	6.05159866
1.58016765	68.85803223	0.01452263	70.83044706	-1.97241483	69.66136411	1.04071641	6.03736548
1.58388439	68.93941752	0.01450549	70.86911129	-1.92969377	69.68473116	1.04316414	6.02319911
1.58760113	69.03809865	0.01448476	70.90802022	-1.86992157	69.70799276	1.04561187	6.00909907
1.59131787	69.10172017	0.01447142	70.94718533	-1.84546516	69.73114915	1.04805960	5.99506490
1.59503461	69.12530772	0.01446648	70.98661909	-1.86131137	69.75420056	1.05050733	5.98109614
1.59875135	69.18938192	0.01445308	71.02713179	-1.83774987	69.77714722	1.05295505	5.96719232
1.60246810	69.26266734	0.01443779	71.06714278	-1.80447544	69.79998945	1.05540279	5.95335297
1.60618484	69.32870483	0.01442404	71.10819011	-1.77948528	69.82272733	1.05785051	5.93957771
1.60990158	69.42036947	0.01440499	71.14883338	-1.72846391	69.84536119	1.06029823	5.92586605
1.61361832	69.53001404	0.01438228	71.18981481	-1.65980077	69.86789124	1.06274596	5.91221756
1.61733506	69.62256877	0.01436316	71.23115022	-1.60858145	69.89031773	1.06519368	5.89863180
1.62105180	69.69811249	0.01434759	71.27285605	-1.57474356	69.91264088	1.06764140	5.88510835
1.62476854	69.81504567	0.01432356	71.31494981	-1.49990414	69.93486094	1.07008912	5.87164676
1.62848528	69.93238068	0.01429953	71.35744936	-1.42506868	69.95697814	1.07253684	5.85824663
1.63220203	70.05450439	0.01427460	71.40037403	-1.34586964	69.97899276	1.07498456	5.84490749
1.63591877	70.14863332	0.01425545	71.44430524	-1.29567192	70.00090493	1.07743228	5.83162900
1.63963551	70.23792775	0.01423732	71.48814080	-1.25021305	70.02271494	1.07987999	5.81841071
1.64335225	70.34806569	0.01421503	71.53290576	-1.18484007	70.04442302	1.08232770	5.80525222
1.64706899	70.53187561	0.01417799	71.57773964	-1.04586403	70.06602939	1.08477542	5.79215311
1.65078573	70.68775431	0.01414672	71.62310804	-0.93535373	70.08753431	1.08722313	5.77911299
1.65450247	70.82396189	0.01411952	71.66903577	-0.84507388	70.10893799	1.08967084	5.76613146
1.65821922	70.95310211	0.01409382	71.71555078	-0.76244867	70.13024072	1.09211855	5.75320809
1.66193596	71.11410268	0.01406191	71.76267870	-0.64857602	70.15144263	1.09456626	5.74034256
1.66565270	71.27765656	0.01402964	71.81045034	-0.53279378	70.17254399	1.09701397	5.72753445
1.66936944	71.39332072	0.01400691	71.85889608	-0.46557536	70.19354505	1.09946168	5.71478338
1.67308618	71.50361633	0.01398531	71.90804938	-0.40443305	70.21444602	1.10190938	5.70208896
1.67680292	71.63476308	0.01395970	71.95794362	-0.32318054	70.23524715	1.10435708	5.68945082
1.68051966	71.79054769	0.01392941	72.00910533	-0.21855764	70.25594866	1.10680479	5.67686858
1.68423640	71.93357086	0.01390171	72.06059395	-0.12702309	70.27655078	1.10925249	5.66434187
1.68795315	72.03586324	0.01388197	72.11293889	-0.07707565	70.29705379	1.11170019	5.65187030
1.69166989	72.12263234	0.01386527	72.16663104	-0.04399870	70.31745781	1.11414789	5.63945357
1.69538663	72.18414052	0.01385346	72.22081986	-0.03667934	70.33776313	1.11659559	5.62709128
1.69910337	72.25455729	0.01383996	72.27600098	-0.02144369	70.35796998	1.11904329	5.61478308
1.70282011	72.35051982	0.01382160	72.33222492	0.01829490	70.37807858	1.12149098	5.60252861
1.70653685	72.44911957	0.01380279	72.38954556	0.05957401	70.39808916	1.12393867	5.59032752
1.71025359	72.52837372	0.01378771	72.44801987	0.08035385	70.41800195	1.12638637	5.57817947
1.71397034	72.61199188	0.01377183	72.50770861	0.10428327	70.43781723	1.12883407	5.56608407
1.71768708	72.70419566	0.01375436	72.56867588	0.13551978	70.45753511	1.13128176	5.55404105
1.72140382	72.74745178	0.01374619	72.63099063	0.11646115	70.47715589	1.13372945	5.54205003
1.72512056	72.79299927	0.01373758	72.69472536	0.09827391	70.49667978	1.13617713	5.53011069
1.72883730	72.88058980	0.01372107	72.75995824	0.12063156	70.51610701	1.13862482	5.51822268
1.73255404	72.99049886	0.01370041	72.82677171	0.16372715	70.53543780	1.14107251	5.50638568
1.73627078	73.08113098	0.01368342	72.89525456	0.18587642	70.55467239	1.14352019	5.49459936
1.73998753	73.14173889	0.01367208	72.96550112	0.17623777	70.57381105	1.14596788	5.48286336
1.74370427	73.21953328	0.01365756	73.03761307	0.18192021	70.59285390	1.14841556	5.47117743
1.74742101	73.28627777	0.01364512	73.11169793	0.17457984	70.61180121	1.15086324	5.45954121
1.75113775	73.35668691	0.01363202	73.18787254	0.16881437	70.63065321	1.15331092	5.44795439
1.75485449	73.44918315	0.01361486	73.26626115	0.18292200	70.64941013	1.15575860	5.43641665
1.75857123	73.56876373	0.01359273	73.34699766	0.22176607	70.66807219	1.15820628	5.42492769
1.76228797	73.69234212	0.01356993	73.43022585	0.26211627	70.68663961	1.16065395	5.41348718
1.76600471	73.78216044	0.01355341	73.51610076	0.26605968	70.70511261	1.16310163	5.40209484
1.76972146	73.87054698	0.01353720	73.60478921	0.26575777	70.72349147	1.16554931	5.39075032
1.77343820	73.98872630	0.01351557	73.69647138	0.29225492	70.74177631	1.16799698	5.37945338
1.77715494	74.07935079	0.01349904	73.79134258	0.28800821	70.75996740	1.17044465	5.36820369
1.78087168	74.17746226	0.01348118	73.88961304	0.28784922	70.77806496	1.17289232	5.35700097
1.78458842	74.27748617	0.01346303	73.99151454	0.28597163	70.79606922	1.17533999	5.34584491
1.78830516	74.37001292	0.01344628	74.09728847	0.27272445	70.81398040	1.17778766	5.33473522
1.79202190	74.46188609	0.01342969	74.20720751	0.25467858	70.83179871	1.18023532	5.32367162
1.79573865	74.57063548	0.01341010	74.32156471	0.24907077	70.84952443	1.18268300	5.31265379
1.79945539	74.68748474	0.01338912	74.44110285	0.24638189	70.86715768	1.18513066	5.30168151
1.80317213	74.81823476	0.01336573	74.56532393	0.25291083	70.88469873	1.18757832	5.29075446
1.80688887	74.96237691	0.01334003	74.69503236	0.26734455	70.90214780	1.19002598	5.27987237
1.81060561	75.11446126	0.01331302	74.83064522	0.28381604	70.91950511	1.19247364	5.26903495
1.81432235	75.26313527	0.01328672	74.97262145	0.29051382	70.93677087	1.19492130	5.25824194
1.81803909	75.42395020	0.01325839	75.12146483	0.30248537	70.95394532	1.19736896	5.24749306
1.82175583	75.56697845	0.01323329	75.28293960	0.28403885	70.97102865	1.19981662	5.23678804
1.82547258	75.68904368	0.01321195	75.44725185	0.24179183	70.98802115	1.20226428	5.22612659
1.82918932	75.81168365	0.01319058	75.62087882	0.19080483	71.00492293	1.20471193	5.21550849
1.83290606	75.93327077	0.01316946	75.80403874	0.12923203	71.02173426	1.20715958	5.20493346
1.83662280	76.07205455	0.01314543	75.99681982	0.07523473	71.03845536	1.20960723	5.19440123
1.84033954	76.24096934	0.01311631	76.20082331	0.04014603	71.05508645	1.21205488	5.18391155
1.84405628	76.44369253	0.01308152	76.41708391	0.02660862	71.07162773	1.21450253	5.17346415
1.84777302	76.63350677	0.01304912	76.64675995	-0.01325318	71.08807944	1.21695018	5.16305878
1.85148977	76.80685679	0.01301967	76.89115002	-0.08429323	71.10444182	1.21939783	5.15269516
1.85520651	76.95069122	0.01299533	77.15171441	-0.20102319	71.12071501	1.22184548	5.14237309
1.85892325	77.09733836	0.01297062	77.43035876	-0.33302040	71.13689927	1.22429312	5.13209231
1.86263999	77.27116394	0.01294144	77.72843084	-0.45726690	71.15299481	1.22674076	5.12185255
1.86635673	77.46807353	0.01290854	78.04830304	-0.58022951	71.16900184	1.22918840	5.11165358
1.87007347	77.66798910	0.01287532	78.39238234	-0.72439324	71.18492059	1.23163604	5.10149516
1.87379021	77.88670603	0.01283916	78.76406223	-0.87735620	71.20075127	1.23408368	5.09137703
1.87750695	78.09623973	0.01280471	79.16543504	-1.06919531	71.21649409	1.23653132	5.08129896
1.88122370	78.30229696	0.01277102	79.60033002	-1.29803306	71.23214930	1.23897896	5.07126070
1.88494044	78.51039124	0.01273717	80.07313225	-1.56274101	71.24771705	1.24142659	5.06126205
1.88865718	78.75079346	0.01269828	80.58881738	-1.83802392	71.26319757	1.24387423	5.05130275
1.89237392	78.98353577	0.01266087	81.15284647	-2.16931070	71.27859109	1.24632186	5.04138258
1.89609066	79.22274780	0.01262264	81.77194490	-2.54919710	71.29389783	1.24876949	5.03150130
1.89980740	79.47991180	0.01258180	82.45423264	-2.97432084	71.30911798	1.25121712	5.02165868
1.90352414	79.76232656	0.01253725	83.20827679	-3.44595023	71.32425177	1.25366475	5.01185450
1.90724089	80.09703064	0.01248486	84.04537981	-3.94834917	71.33929945	1.25611238	5.00208851
1.91095763	80.40983836	0.01243629	84.97891037	-4.56907201	71.35426114	1.25856001	4.99236054
1.91467437	80.68597412	0.01239373	86.02488085	-5.33890673	71.36913711	1.26100763	4.98267034
1.91839111	81.02755483	0.01234148	87.20255710	-6.17500227	71.38392755	1.26345525	4.97301768
1.92210785	81.43392436	0.01227989	88.53783254	-7.10390818	71.39863269	1.26590287	4.96340236
1.92582459	81.92788188	0.01220586	90.06387701	-8.13599513	71.41325273	1.26835049	4.95382416
1.92954133	82.52836609	0.01211705	91.82846759	-9.30010150	71.42778789	1.27079811	4.94428285
1.93325807	83.26112111	0.01201041	93.90138165	-10.64026054	71.44223836	1.27324573	4.93477824
1.93697482	84.08196259	0.01189316	96.39276544	-12.31080285	71.45660441	1.27569335	4.92531007
1.94069156	85.14245097	0.01174502	99.47865342	-14.33620245	71.47088617	1.27814096	4.91587820
1.94440830	86.53732808	0.01155571	103.44122197	-16.90389389	71.48508388	1.28058858	4.90648239
1.94812504	88.40761566	0.01131124	108.72255110	-20.31493544	71.49919775	1.28303619	4.89712243
1.95184178	91.13857778	0.01097230	115.98690117	-24.84832339	71.51322799	1.28548380	4.88779812
1.95555852	95.12090556	0.01051294	126.17658199	-31.05567643	71.52717481	1.28793141	4.87850926
1.95927526	100.81365712	0.00991929	140.53514859	-39.72149147	71.54103841	1.29037902	4.86925564
1.96299201	109.77940877	0.00910918	160.56251087	-50.78310210	71.55481905	1.29282663	4.86003704
1.96670875	123.77985382	0.00807886	187.86740810	-64.08755428	71.56851685	1.29527424	4.85085331
1.97042549	145.21299235	0.00688644	223.89924734	-78.68625499	71.58213206	1.29772184	4.84170422
1.97414223	179.75069173	0.00556326	269.56627579	-89.81558406	71.59566489	1.30016944	4.83258959
1.97785897	234.33787028	0.00426734	324.79173759	-90.45386731	71.60911555	1.30261704	4.82350922
1.98157571	311.49209595	0.00321035	388.03190292	-76.53980697	71.62248423	1.30506464	4.81446291
1.98529245	412.72204590	0.00242294	455.77327055	-43.05122465	71.63577115	1.30751224	4.80545047
1.98900920	533.71175130	0.00187367	521.97279629	11.73895501	71.64897655	1.30995984	4.79647169
1.99272594	644.56294759	0.00155144	577.78961917	66.77332842	71.66210055	1.31240744	4.78752644
1.99644268	714.77638753	0.00139904	612.68779331	102.08859422	71.67514342	1.31485503	4.77861449
2.00015942	727.94795736	0.00137372	618.24267823	109.70527913	71.68810534	1.31730263	4.76973566
2.00387616	678.71059163	0.00147338	592.99209934	85.71849229	71.70098652	1.31975022	4.76088977
2.00759290	584.43007406	0.00171107	543.43116423	40.99890983	71.71378717	1.32219781	4.75207664
2.01130964	465.47082520	0.00214836	479.93706420	-14.46623900	71.72650750	1.32464539	4.74329608
2.01502638	356.07632446	0.00280839	412.18035368	-56.10402922	71.73914770	1.32709298	4.73454791
2.01874313	271.00634766	0.00368995	347.16659697	-76.16024931	71.75170801	1.32954057	4.72583194
2.02245987	207.32598877	0.00482332	289.21761440	-81.89162563	71.76418857	1.33198816	4.71714802
2.02617661	162.97388204	0.00613595	240.49449018	-77.52060814	71.77658962	1.33443574	4.70849597
2.02989335	135.70013428	0.00736919	201.52321033	-65.82307605	71.78891136	1.33688332	4.69987560
2.03361009	118.66509247	0.00842708	171.68145005	-53.01635758	71.80115399	1.33933090	4.69128674
2.03732683	107.85080210	0.00927207	149.66012161	-41.80931951	71.81331771	1.34177848	4.68272922
2.04104357	101.45429484	0.00985666	133.87060094	-32.41630610	71.82540273	1.34422606	4.67420287
2.04476032	97.45759074	0.01026087	122.75530110	-25.29771036	71.83740928	1.34667364	4.66570750
2.04847706	94.82929484	0.01054526	114.97439799	-20.14510315	71.84933750	1.34912122	4.65724298
2.05219380	93.18001556	0.01073191	109.48519629	-16.30518073	71.86118761	1.35156879	4.64880912
2.05591054	92.12615712	0.01085468	105.53548312	-13.40932600	71.87295983	1.35401636	4.64040575
2.05962728	91.41781362	0.01093879	102.61729431	-11.19948069	71.88465435	1.35646393	4.63203272
2.06334402	90.96725718	0.01099297	100.40366240	-9.43640522	71.89627137	1.35891150	4.62368985
2.06706076	90.66231537	0.01102994	98.69126040	-8.02894503	71.90781110	1.36135907	4.61537699
2.07077750	90.46850586	0.01105357	97.35591848	-6.88741262	71.91927372	1.36380663	4.60709397
2.07449425	90.34635417	0.01106852	96.32071846	-5.97436429	71.93065948	1.36625420	4.59884060
2.07821099	90.34587606	0.01106857	95.53824122	-5.19236516	71.94196851	1.36870177	4.59061679
2.08192773	90.47298686	0.01105302	94.97836215	-4.50537529	71.95320104	1.37114933	4.58242234
2.08564447	90.72164663	0.01102273	94.62178491	-3.90013828	71.96435727	1.37359689	4.57425709
2.08936121	91.06383260	0.01098131	94.45781702	-3.39398442	71.97543740	1.37604445	4.56612090
2.09307795	91.52331543	0.01092618	94.48259394	-2.95927851	71.98644162	1.37849200	4.55801360
2.09679469	92.11314138	0.01085621	94.69940227	-2.58626089	71.99737013	1.38093956	4.54993505
2.10051144	92.96324412	0.01075694	95.12031484	-2.15707072	72.00822316	1.38338712	4.54188507
2.10422818	94.08867900	0.01062827	95.76982375	-1.68114475	72.01900085	1.38583467	4.53386354
2.10794492	95.42167409	0.01047980	96.69155868	-1.26988459	72.02970343	1.38828223	4.52587031
2.11166166	97.05110168	0.01030385	97.95935586	-0.90825418	72.04033109	1.39072978	4.51790522
2.11537840	99.10461171	0.01009035	99.69425351	-0.58964180	72.05088403	1.39317732	4.50996811
2.11909514	101.57255300	0.00984518	102.08689975	-0.51434675	72.06136244	1.39562487	4.50205885
2.12281188	104.63206228	0.00955730	105.42452223	-0.79245995	72.07176652	1.39807242	4.49417729
2.12652862	108.65682220	0.00920329	110.11926660	-1.46244440	72.08209647	1.40051996	4.48632328
2.13024537	113.86170705	0.00878258	116.72255130	-2.86084425	72.09235251	1.40296751	4.47849666
2.13396211	121.14100393	0.00825484	125.91723631	-4.77623238	72.10253478	1.40541505	4.47069732
2.13767885	132.22208150	0.00756303	138.46802372	-6.24594222	72.11264349	1.40786259	4.46292511
2.14139559	149.08789062	0.00670745	155.12314987	-6.03525925	72.12267886	1.41031013	4.45517988
2.14511233	175.86269633	0.00568625	176.46432709	-0.60163076	72.13264107	1.41275767	4.44746149
2.14882907	219.70806376	0.00455149	202.71646737	16.99159639	72.14253031	1.41520520	4.43976980
2.15254581	282.83394368	0.00353564	233.53707449	49.29686919	72.15234677	1.41765273	4.43210467
2.15626256	366.07990519	0.00273164	267.79022308	98.28968211	72.16209069	1.42010027	4.42446595
2.15997930	468.63057454	0.00213388	303.29519902	165.33537552	72.17176220	1.42254780	4.41685354
2.16369604	565.78686523	0.00176745	336.57231842	229.21454681	72.18136151	1.42499533	4.40926729
2.16741278	632.03552246	0.00158219	362.86359692	269.17192554	72.19088882	1.42744286	4.40170705
2.17112952	650.96407064	0.00153618	377.07202907	273.89204157	72.20034433	1.42989039	4.39417270
2.17484626	616.42960612	0.00162225	375.91685423	240.51275189	72.20972822	1.43233791	4.38666411
2.17856300	541.40633138	0.00184704	359.90134439	181.50498699	72.21904069	1.43478544	4.37918113
2.18227974	441.16260783	0.00226674	332.99362061	108.16898722	72.22828193	1.43723296	4.37172365
2.18599649	344.85248820	0.00289979	300.39833589	44.45415231	72.23745215	1.43968048	4.36429151
2.18971323	268.44458008	0.00372516	266.64072117	1.80385891	72.24655150	1.44212800	4.35688462
2.19342997	210.67773946	0.00474659	234.92273380	-24.24499434	72.25558019	1.44457552	4.34950283
2.19714671	170.27170308	0.00587297	207.21256447	-36.94086139	72.26453841	1.44702304	4.34214602
2.20086345	145.70122782	0.00686336	184.52670701	-38.82547919	72.27342636	1.44947055	4.33481405
2.20458019	131.51704915	0.00760358	167.19307515	-35.67602600	72.28224421	1.45191806	4.32750681
2.20829693	123.83385722	0.00807534	155.10005431	-31.26619709	72.29099217	1.45436557	4.32022417
2.21201368	120.85719045	0.00827423	147.94110852	-27.08391807	72.29967045	1.45681309	4.31296599
2.21573042	121.47033437	0.00823246	145.44078186	-23.97044749	72.30827918	1.45926060	4.30573218
2.21944716	124.84525808	0.00800992	147.53599958	-22.69074150	72.31681858	1.46170810	4.29852259
2.22316390	130.99504598	0.00763388	154.48812440	-23.49307842	72.32528884	1.46415561	4.29133712
2.22688064	141.41683451	0.00707129	166.90757240	-25.49073789	72.33369015	1.46660311	4.28417563
2.23059738	157.38286336	0.00635393	185.67883998	-28.29597662	72.34202269	1.46905061	4.27703800
2.23431412	180.96996562	0.00552578	211.78770468	-30.81773906	72.35028665	1.47149811	4.26992413
2.23803087	219.35863749	0.00455874	246.05868278	-26.70004529	72.35848225	1.47394562	4.26283387
2.24174761	278.19788615	0.00359456	288.82330645	-10.62542030	72.36660962	1.47639312	4.25576714
2.24546435	362.28548177	0.00276025	339.57119549	22.71428628	72.37466897	1.47884061	4.24872380
2.24918109	480.43523153	0.00208145	396.56711736	83.86811417	72.38266050	1.48128811	4.24170374
2.25289783	626.72513835	0.00159560	456.43279404	170.29234431	72.39058438	1.48373560	4.23470685
2.25661457	773.58081055	0.00129269	513.70208612	259.87872443	72.39844081	1.48618309	4.22773301
2.26033131	890.73331706	0.00112267	560.70350280	330.02981426	72.40622996	1.48863058	4.22078210
2.26404805	950.19508870	0.00105242	588.72394197	361.47114673	72.41395203	1.49107807	4.21385402
2.26776480	930.66536458	0.00107450	591.22233801	339.44302657	72.42160723	1.49352556	4.20694863
2.27148154	836.68469238	0.00119519	567.45440214	269.23029024	72.42919568	1.49597305	4.20006586
2.27519828	694.25801595	0.00144039	522.94086293	171.31715302	72.43671761	1.49842053	4.19320557
2.27891502	549.39208984	0.00182019	466.24332713	83.14876271	72.44417319	1.50086801	4.18636767
2.28263176	421.42032878	0.00237293	405.40643070	16.01389808	72.45156262	1.50331549	4.17955203
2.28634850	316.87564087	0.00315581	346.36583678	-29.49019591	72.45888606	1.50576297	4.17275855
2.29006524	241.27077738	0.00414472	292.88490298	-51.61412560	72.46614372	1.50821045	4.16598713
2.29378199	191.54848226	0.00522061	246.97290252	-55.42442026	72.47333578	1.51065793	4.15923764
2.29749873	158.45766703	0.00631083	209.30663674	-50.84896971	72.48046240	1.51310540	4.15251000
2.30121547	136.41397095	0.00733063	179.59994463	-43.18597368	72.48752377	1.51555287	4.14580410
2.30493221	122.84010824	0.00814066	156.94433117	-34.10422293	72.49452008	1.51800034	4.13911982
2.30864895	113.70752207	0.00879449	140.12046396	-26.41294189	72.50145152	1.52044781	4.13245707
2.31236569	107.37151337	0.00931346	127.84692190	-20.47540853	72.50831826	1.52289528	4.12581574
2.31608243	103.12412771	0.00969705	118.95492392	-15.83079621	72.51512049	1.52534274	4.11919572
2.31979917	100.03013611	0.00999699	112.47801014	-12.44787403	72.52185838	1.52779021	4.11259692
2.32351592	97.69290924	0.01023616	107.67828304	-9.98537380	72.52853215	1.53023768	4.10601921
2.32723266	96.01574707	0.01041496	104.02657851	-8.01083144	72.53514192	1.53268514	4.09946254
2.33094940	94.67605845	0.01056233	101.16229865	-6.48624020	72.54168791	1.53513260	4.09292677
2.33466614	93.60997009	0.01068262	98.84903366	-5.23906357	72.54817028	1.53758006	4.08641182
2.33838288	92.79072316	0.01077694	96.93420304	-4.14347988	72.55458923	1.54002751	4.07991757
2.34209962	92.09784698	0.01085802	95.32017726	-3.22233028	72.56094494	1.54247497	4.07344394
2.34581636	91.54443868	0.01092366	93.94349813	-2.39905945	72.56723757	1.54492242	4.06699083
2.34953311	91.10544078	0.01097629	92.76045875	-1.65501797	72.57346733	1.54736988	4.06055811
2.35324985	90.74155680	0.01102031	91.74052007	-0.99896327	72.57963437	1.54981733	4.05414574
2.35696659	90.44778951	0.01105610	90.86091146	-0.41312195	72.58573887	1.55226477	4.04775359
2.36068333	90.23576101	0.01108208	90.10354379	0.13221722	72.59178103	1.55471222	4.04138157
2.36440007	90.08549245	0.01110057	89.45428804	0.63120441	72.59776101	1.55715966	4.03502958
2.36811681	90.00007375	0.01111110	88.90202235	1.09805140	72.60367900	1.55960711	4.02869753
2.37183355	89.95347341	0.01111686	88.43788404	1.51558937	72.60953517	1.56205455	4.02238533
2.37555029	89.95753988	0.01111636	88.05422267	1.90331721	72.61532970	1.56450199	4.01609289
2.37926704	90.02379354	0.01110817	87.74584174	2.27795180	72.62106279	1.56694943	4.00982008
2.38298378	90.18160502	0.01108874	87.50780319	2.67380183	72.62673457	1.56939687	4.00356687
2.38670052	90.40635935	0.01106117	87.33726163	3.06909772	72.63234525	1.57184430	3.99733313
2.39041726	90.66850789	0.01102919	87.23217998	3.43632791	72.63789500	1.57429174	3.99111877
2.39413400	90.93041992	0.01099742	87.19178408	3.73863584	72.64338399	1.57673917	3.98492371
2.39785074	91.25605774	0.01095818	87.21566968	4.04038806	72.64881240	1.57918660	3.97874786
2.40156748	91.67988841	0.01090752	87.30510168	4.37478673	72.65418041	1.58163403	3.97259113
2.40528423	92.16666667	0.01084991	87.46219788	4.70446879	72.65948821	1.58408146	3.96645341
2.40900097	92.72359467	0.01078474	87.69021752	5.03337715	72.66473594	1.58652888	3.96033464
2.41271771	93.33222198	0.01071441	87.99368350	5.33853848	72.66992380	1.58897631	3.95423473
2.41643445	94.00248973	0.01063802	88.37856463	5.62392510	72.67505195	1.59142373	3.94815359
2.42015119	94.74657949	0.01055447	88.85254150	5.89403799	72.68012058	1.59387115	3.94209112
2.42386793	95.52263641	0.01046872	89.42539515	6.09724126	72.68512986	1.59631857	3.93604725
2.42758467	96.27385966	0.01038704	90.10964806	6.16421160	72.69007995	1.59876598	3.93002189
2.43130141	96.97480265	0.01031196	90.92175954	6.05304311	72.69497104	1.60121340	3.92401495
2.43501816	97.70328776	0.01023507	91.88348147	5.81980629	72.69980331	1.60366082	3.91802633
2.43873490	98.44740550	0.01015771	93.02489904	5.42250646	72.70457691	1.60610823	3.91205598
2.44245164	99.23464712	0.01007713	94.39030256	4.84434456	72.70929203	1.60855564	3.90610381
2.44616838	100.13570658	0.00998645	96.04580332	4.08990326	72.71394883	1.61100305	3.90016972
2.44988512	101.18399556	0.00988299	98.09142184	3.09257372	72.71854749	1.61345045	3.89425364
2.45360186	102.48923492	0.00975712	100.68057617	1.80865875	72.72308819	1.61589786	3.88835549
2.45731860	104.37843831	0.00958052	104.04259992	0.33583839	72.72757108	1.61834526	3.88247518
2.46103535	106.97667948	0.00934783	108.51113346	-1.53445398	72.73199637	1.62079267	3.87661262
2.46475209	110.73801422	0.00903032	114.55144491	-3.81343069	72.73636419	1.62324007	3.87076775
2.46846883	116.72290802	0.00856730	122.77770123	-6.05479321	72.74067473	1.62568747	3.86494049
2.47218557	125.86119588	0.00794526	133.94932977	-8.08813389	72.74492816	1.62813486	3.85913075
2.47590231	139.77664693	0.00715427	148.93249104	-9.15584411	72.74912464	1.63058226	3.85333845
2.47961905	162.76449076	0.00614385	168.61488340	-5.85039264	72.75326436	1.63302965	3.84756352
2.48333579	197.85504659	0.00505421	193.77267347	4.08237312	72.75734748	1.63547704	3.84180588
2.48705254	249.30184428	0.00401120	224.89317824	24.40866604	72.76137418	1.63792444	3.83606543
2.49076928	326.73885091	0.00306055	261.96950975	64.76934116	72.76534461	1.64037182	3.83034213
2.49448602	428.07186890	0.00233606	304.27520132	123.79666758	72.76925894	1.64281921	3.82463589
2.49820276	544.67588298	0.00183595	350.11242532	194.56345766	72.77311736	1.64526659	3.81894663
2.50191950	667.63466390	0.00149783	396.50205208	271.13261182	72.77692002	1.64771398	3.81327427
2.50563624	768.59629313	0.00130107	438.93088225	329.66541088	72.78066710	1.65016136	3.80761874
2.50935298	820.06852214	0.00121941	471.49204096	348.57648118	72.78435876	1.65260873	3.80197997
2.51306972	806.41780599	0.00124005	488.14253872	318.27526727	72.78799518	1.65505611	3.79635788
2.51678647	735.06093343	0.00136043	485.17375180	249.88718163	72.79157652	1.65750349	3.79075238
2.52050321	628.08534749	0.00159214	463.26588191	164.81946558	72.79510295	1.65995087	3.78516342
2.52421995	503.21097819	0.00198724	427.08232801	76.12865018	72.79857462	1.66239824	3.77959093
2.52793669	386.24232992	0.00258905	382.84014461	3.40218531	72.80199172	1.66484561	3.77403483
2.53165343	293.36822510	0.00340869	336.11015469	-42.74192959	72.80535441	1.66729298	3.76849504
2.53537017	224.21974691	0.00445991	290.94595097	-66.72620406	72.80866285	1.66974034	3.76297149
2.53908691	175.44191488	0.00569989	249.91924854	-74.47733366	72.81191722	1.67218771	3.75746411
2.54280366	143.03351339	0.00699137	214.41887517	-71.38536178	72.81511768	1.67463508	3.75197283
2.54652040	122.94652049	0.00813362	184.93760131	-61.99108082	72.81826439	1.67708244	3.74649758
2.55023714	110.11980184	0.00908102	161.31651871	-51.19671687	72.82135751	1.67952980	3.74103830
2.55395388	101.88248952	0.00981523	142.96401403	-41.08152451	72.82439722	1.68197716	3.73559491
2.55767062	96.82081095	0.01032836	129.05472461	-32.23391366	72.82738368	1.68442451	3.73016734
2.56138736	93.40554047	0.01070600	118.69460471	-25.28906424	72.83031705	1.68687187	3.72475552
2.56510410	91.08866628	0.01097831	111.04255792	-19.95389164	72.83319750	1.68931922	3.71935939
2.56882084	89.53267161	0.01116911	105.37800515	-15.84533354	72.83602519	1.69176657	3.71397888
2.57253759	88.36571248	0.01131661	101.13017059	-12.76445811	72.83880030	1.69421393	3.70861390
2.57625433	87.44322459	0.01143599	97.87421369	-10.43098910	72.84152297	1.69666127	3.70326441
2.57997107	86.71683757	0.01153179	95.30882081	-8.59198324	72.84419337	1.69910862	3.69793034
2.58368781	86.11114502	0.01161290	93.22876500	-7.11761998	72.84681167	1.70155596	3.69261161
2.58740455	85.61554972	0.01168012	91.49761444	-5.88206472	72.84937803	1.70400330	3.68730817
2.59112129	85.22283936	0.01173394	90.02597092	-4.80313156	72.85189262	1.70645064	3.68201995
2.59483803	84.85055033	0.01178543	88.75450823	-3.90395790	72.85435559	1.70889798	3.67674687
2.59855478	84.49495951	0.01183503	87.64290798	-3.14794847	72.85676711	1.71134532	3.67148887
2.60227152	84.20925140	0.01187518	86.66279211	-2.45354071	72.85912734	1.71379266	3.66624590
2.60598826	83.96026611	0.01191040	85.79276552	-1.83249941	72.86143643	1.71623999	3.66101789
2.60970500	83.77308655	0.01193701	85.01677759	-1.24369104	72.86369456	1.71868732	3.65580477
2.61342174	83.56099701	0.01196731	84.32168501	-0.76068800	72.86590189	1.72113465	3.65060648
2.61713848	83.34818522	0.01199786	83.69668809	-0.34850287	72.86805856	1.72358198	3.64542295
2.62085522	83.15416718	0.01202586	83.13301165	0.02115553	72.87016476	1.72602931	3.64025413
2.62457196	83.00031535	0.01204815	82.62316207	0.37715328	72.87222063	1.72847663	3.63509995
2.62828871	82.88219706	0.01206532	82.16089447	0.72130259	72.87422634	1.73092396	3.62996033
2.63200545	82.74487305	0.01208534	81.74071097	1.00416208	72.87618204	1.73337128	3.62483525
2.63572219	82.61405691	0.01210448	81.35771986	1.25633705	72.87808790	1.73581860	3.61972462
2.63943893	82.47838084	0.01212439	81.00806892	1.47031192	72.87994407	1.73826591	3.61462839
2.64315567	82.38108317	0.01213871	80.68828183	1.69280134	72.88175072	1.74071323	3.60954648
2.64687241	82.29681651	0.01215114	80.39545736	1.90135915	72.88350800	1.74316054	3.60447886
2.65058915	82.24753316	0.01215842	80.12671918	2.12081398	72.88521607	1.74560785	3.59942544
2.65430590	82.19352722	0.01216641	79.88001932	2.31350790	72.88687510	1.74805517	3.59438617
2.65802264	82.13839213	0.01217457	79.65308404	2.48530809	72.88848523	1.75050247	3.58936100
2.66173938	82.08383179	0.01218267	79.44427188	2.63955991	72.89004663	1.75294978	3.58434987
2.66545612	82.00233968	0.01219477	79.25214836	2.75019132	72.89155945	1.75539708	3.57935271
2.66917286	81.86472321	0.01221527	79.07509288	2.78963033	72.89302386	1.75784438	3.57436947
2.67288960	81.69021861	0.01224137	78.91200801	2.77821060	72.89444000	1.76029168	3.56940010
2.67660634	81.52317047	0.01226645	78.76182608	2.76134439	72.89580804	1.76273898	3.56444452
2.68032308	81.38063049	0.01228794	78.62369968	2.75693081	72.89712814	1.76518628	3.55950269
2.68403983	81.24677277	0.01230818	78.49656582	2.75020695	72.89840044	1.76763358	3.55457453
2.68775657	81.15998840	0.01232134	78.37978273	2.78020567	72.89962511	1.77008087	3.54966002
2.69147331	81.05615743	0.01233713	78.27268728	2.78347015	72.90080229	1.77252816	3.54475909
2.69519005	80.95865631	0.01235198	78.17485114	2.78380517	72.90193216	1.77497545	3.53987167
2.69890679	80.84067535	0.01237001	78.08543652	2.75523883	72.90301486	1.77742274	3.53499771
2.70262353	80.75519053	0.01238310	78.00414370	2.75104683	72.90405054	1.77987002	3.53013716
2.70634027	80.69709269	0.01239202	77.93056962	2.76652307	72.90503937	1.78231731	3.52528996
2.71005702	80.65185293	0.01239897	77.86436154	2.78749139	72.90598150	1.78476459	3.52045605
2.71377376	80.61423747	0.01240476	77.80521387	2.80902360	72.90687707	1.78721187	3.51563539
2.71749050	80.56997681	0.01241157	77.75303049	2.81694632	72.90772625	1.78965915	3.51082792
2.72120724	80.52839152	0.01241798	77.70736937	2.82102215	72.90852920	1.79210643	3.50603358
2.72492398	80.47249095	0.01242661	77.66798877	2.80450218	72.90928605	1.79455370	3.50125232
2.72864072	80.41372172	0.01243569	77.63497666	2.77874506	72.90999697	1.79700097	3.49648409
2.73235746	80.33893331	0.01244727	77.60808571	2.73084760	72.91066212	1.79944824	3.49172883
2.73607420	80.27589671	0.01245704	77.58712622	2.68877049	72.91128163	1.80189551	3.48698649
2.73979095	80.21139526	0.01246706	77.57233475	2.63906051	72.91185568	1.80434278	3.48225701
2.74350769	80.16295115	0.01247459	77.56335852	2.59959263	72.91238440	1.80679005	3.47754036
2.74722443	80.10903168	0.01248299	77.56038156	2.54865012	72.91286795	1.80923731	3.47283647
2.75094117	80.07772573	0.01248787	77.56357402	2.51415171	72.91330648	1.81168457	3.46814529
2.75465791	80.05742645	0.01249103	77.57288904	2.48453741	72.91370015	1.81413183	3.46346677
2.75837465	80.04390462	0.01249314	77.58850480	2.45539982	72.91404911	1.81657908	3.45880086
2.76209139	80.03757731	0.01249413	77.61048917	2.42708814	72.91435350	1.81902634	3.45414751
2.76580814	80.01106262	0.01249827	77.63916717	2.37189545	72.91461348	1.82147360	3.44950666
2.76952488	79.98935699	0.01250166	77.67441678	2.31494021	72.91482920	1.82392085	3.44487827
2.77324162	79.94696045	0.01250829	77.71690402	2.23005643	72.91500081	1.82636810	3.44026229
2.77695836	79.90543620	0.01251479	77.76674958	2.13868662	72.91512845	1.82881535	3.43565867
2.78067510	79.89619700	0.01251624	77.82429116	2.07190584	72.91521229	1.83126259	3.43106736
2.78439184	79.91704814	0.01251297	77.89026166	2.02678648	72.91525247	1.83370983	3.42648831
2.78810858	79.95529683	0.01250699	77.96472609	1.99057074	72.91524914	1.83615708	3.42192146
2.79182533	79.99964396	0.01250006	78.04845968	1.95118428	72.91520244	1.83860432	3.41736677
2.79554207	80.05149078	0.01249196	78.14216033	1.90933045	72.91511253	1.84105156	3.41282420
2.79925881	80.12202708	0.01248096	78.24644087	1.87558621	72.91497956	1.84349879	3.40829369
2.80297555	80.16947174	0.01247358	78.36218609	1.80728565	72.91480367	1.84594603	3.40377520
2.80669229	80.20124308	0.01246863	78.49040025	1.71084283	72.91458502	1.84839326	3.39926868
2.81040903	80.20829519	0.01246754	78.63202414	1.57627105	72.91432375	1.85084049	3.39477407
2.81412577	80.25268555	0.01246064	78.78833839	1.46434716	72.91402001	1.85328772	3.39029135
2.81784251	80.31035868	0.01245169	78.96072972	1.34962896	72.91367394	1.85573494	3.38582044
2.82155926	80.39156342	0.01243912	79.15077927	1.24078415	72.91328570	1.85818217	3.38136131
2.82527600	80.48921204	0.01242403	79.36060136	1.12861068	72.91285542	1.86062939	3.37691392
2.82899274	80.64950307	0.01239933	79.59166367	1.05783940	72.91238327	1.86307661	3.37247822
2.83270948	80.83763885	0.01237048	79.84665526	0.99098359	72.91186938	1.86552383	3.36805416
2.83642622	81.05886587	0.01233671	80.12875936	0.93010651	72.91131390	1.86797105	3.36364170
2.84014296	81.26925913	0.01230478	80.44029188	0.82896725	72.91071698	1.87041826	3.35924078
2.84385970	81.47182465	0.01227418	80.78538628	0.68643837	72.91007876	1.87286547	3.35485137
2.84757645	81.64014689	0.01224888	81.16851260	0.47163429	72.90939939	1.87531269	3.35047341
2.85129319	81.81118774	0.01222327	81.59445649	0.21673125	72.90867902	1.87775990	3.34610687
2.85500993	82.01762644	0.01219250	82.06941858	-0.05179214	72.90791778	1.88020711	3.34175171
2.85872667	82.27613068	0.01215419	82.60069975	-0.32456907	72.90711583	1.88265431	3.33740787
2.86244341	82.54683177	0.01211434	83.19731511	-0.65048334	72.90627331	1.88510151	3.33307531
2.86616015	82.83634949	0.01207200	83.87112536	-1.03477587	72.90539036	1.88754871	3.32875399
2.86987689	83.21454112	0.01201713	84.63632042	-1.42177930	72.90446712	1.88999591	3.32444386
2.87359363	83.67796834	0.01195058	85.51394814	-1.83597980	72.90350375	1.89244311	3.32014489
2.87731038	84.26005809	0.01186802	86.53349311	-2.27343502	72.90250038	1.89489031	3.31585701
2.88102712	84.94320679	0.01177257	87.73562828	-2.79242149	72.90145717	1.89733750	3.31158021
2.88474386	85.70369720	0.01166811	89.18203863	-3.47834143	72.90037424	1.89978469	3.30731442
2.88846060	86.56696320	0.01155175	90.96281282	-4.39584962	72.89925175	1.90223188	3.30305962
2.89217734	87.63319143	0.01141120	93.20540470	-5.57221327	72.89808984	1.90467906	3.29881576
2.89589408	88.95766449	0.01124130	96.08954725	-7.13188276	72.89688864	1.90712625	3.29458279
2.89961082	90.65361786	0.01103100	99.85593302	-9.20231516	72.89564831	1.90957343	3.29036067
2.90332757	92.92570750	0.01076128	104.81468534	-11.88897784	72.89436898	1.91202062	3.28614935
2.90704431	95.92076111	0.01042527	111.34290388	-15.42214277	72.89305080	1.91446780	3.28194881
2.91076105	100.03024038	0.00999698	119.86999791	-19.83975753	72.89169391	1.91691497	3.27775900
2.91447779	106.20332591	0.00941590	130.84480042	-24.64147451	72.89029845	1.91936215	3.27357988
2.91819453	115.28555806	0.00867411	144.68352758	-29.39796952	72.88886455	1.92180932	3.26941141
2.92191127	128.98871104	0.00775262	161.70069426	-32.71198322	72.88739237	1.92425649	3.26525354
2.92562801	151.28050741	0.00661024	182.02840567	-30.74789826	72.88588204	1.92670366	3.26110624
2.92934475	184.70275370	0.00541410	205.51159070	-20.80883700	72.88433370	1.92915082	3.25696946
2.93306150	232.28791809	0.00430500	231.61961227	0.66830582	72.88274749	1.93159799	3.25284315
2.93677824	298.15242513	0.00335399	259.30876349	38.84366164	72.88112356	1.93404515	3.24872731
2.94049498	373.64599609	0.00267633	286.87430788	86.77168821	72.87946204	1.93649231	3.24462187
2.94421172	445.08402507	0.00224677	311.83831492	133.24571015	72.87776307	1.93893947	3.24052679
2.94792846	497.79655965	0.00200885	331.06759111	166.72896854	72.87602679	1.94138663	3.23644204
2.95164520	515.31122843	0.00194057	341.41282122	173.89840721	72.87425334	1.94383378	3.23236758
2.95536194	492.85277303	0.00202900	340.86312313	151.98964990	72.87244286	1.94628093	3.22830337
2.95907869	435.08652751	0.00229839	329.52970674	105.55682077	72.87059547	1.94872809	3.22424936
2.96279543	362.72538249	0.00275691	309.58625619	53.13912630	72.86871134	1.95117524	3.22020554
2.96651217	292.70140584	0.00341645	284.22566745	8.47573839	72.86679059	1.95362238	3.21617185
2.97022891	230.74009196	0.00433388	256.53541907	-25.79532711	72.86483337	1.95606953	3.21214825
2.97394565	182.32705688	0.00548465	228.91855555	-46.59149867	72.86283979	1.95851667	3.20813471
2.97766239	148.38453166	0.00673925	203.00944553	-54.62491387	72.86081002	1.96096381	3.20413119
2.98137913	125.40515391	0.00797415	179.79657476	-54.39142085	72.85874418	1.96341095	3.20013766
2.98509587	109.97708384	0.00909280	159.77117792	-49.79409408	72.85664240	1.96585808	3.19615407
2.98881262	100.02745819	0.00999725	143.05142361	-43.02396542	72.85450483	1.96830522	3.19218038
2.99252936	93.78554535	0.01066262	129.48636020	-35.70081485	72.85233161	1.97075235	3.18821657
2.99624610	89.59088898	0.01116185	118.74828459	-29.15739561	72.85012286	1.97319948	3.18426260
2.99996284	86.70829773	0.01153292	110.41490706	-23.70660933	72.84787873	1.97564661	3.18031842
3.00367958	84.72616069	0.01180273	104.03739291	-19.31123222	72.84559934	1.97809373	3.17638401
3.00739632	83.22602590	0.01201547	99.19033474	-15.96430884	72.84328484	1.98054086	3.17245932
3.01111306	82.07459768	0.01218404	95.50265692	-13.42805924	72.84093537	1.98298798	3.16854433
3.01482981	81.19085185	0.01231666	92.67091178	-11.48005993	72.83855104	1.98543510	3.16463897
3.01854655	80.49179586	0.01242363	90.46044334	-9.96864748	72.83613201	1.98788222	3.16074325
3.02226329	79.92903392	0.01251110	88.69752766	-8.76849374	72.83367840	1.99032933	3.15685711
3.02598003	79.44343313	0.01258757	87.25813349	-7.81470036	72.83119035	1.99277645	3.15298052
3.02969677	78.99932607	0.01265834	86.05600276	-7.05667669	72.82866799	1.99522356	3.14911343
3.03341351	78.64719137	0.01271501	85.03203583	-6.38484446	72.82611146	1.99767066	3.14525583
3.03713025	78.35210419	0.01276290	84.14579655	-5.79369236	72.82352089	2.00011777	3.14140767
3.04084700	78.08828481	0.01280602	83.36935874	-5.28107393	72.82089641	2.00256488	3.13756891
3.04456374	77.82193247	0.01284985	82.68265931	-4.86072684	72.81823816	2.00501198	3.13373953
3.04828048	77.56024170	0.01289320	82.07113288	-4.51089118	72.81554627	2.00745908	3.12991949
3.05199722	77.31518555	0.01293407	81.52359644	-4.20841089	72.81282087	2.00990618	3.12610875
3.05571396	77.11347453	0.01296790	81.03134314	-3.91786861	72.81006210	2.01235328	3.12230729
3.05943070	76.94594574	0.01299614	80.58690644	-3.64096070	72.80727008	2.01480037	3.11851506
3.06314744	76.77007802	0.01302591	80.18445257	-3.41437455	72.80444495	2.01724746	3.11473204
3.06686418	76.58125051	0.01305803	79.81895095	-3.23770044	72.80158684	2.01969455	3.11095819
3.07058093	76.40699768	0.01308781	79.48624177	-3.07924409	72.79869587	2.02214164	3.10719347
3.07429767	76.25902049	0.01311320	79.18247892	-2.92345843	72.79577220	2.02458873	3.10343786
3.07801441	76.12291209	0.01313665	78.90456416	-2.78165207	72.79281594	2.02703581	3.09969132
3.08173115	75.98987071	0.01315965	78.64971292	-2.65984221	72.78982722	2.02948289	3.09595382
3.08544789	75.86017354	0.01318215	78.41547332	-2.55529978	72.78680618	2.03192997	3.09222532
3.08916463	75.73844401	0.01320333	78.20002126	-2.46157725	72.78375294	2.03437705	3.08850580
3.09288137	75.62258911	0.01322356	78.00117460	-2.37858549	72.78066764	2.03682412	3.08479521
3.09659812	75.48562368	0.01324756	77.81749507	-2.33187139	72.77755039	2.03927120	3.08109353
3.10031486	75.38497416	0.01326524	77.64759973	-2.26262557	72.77440135	2.04171827	3.07740073
3.10403160	75.30620575	0.01327912	77.49022599	-2.18402024	72.77122063	2.04416534	3.07371678
3.10774834	75.22197723	0.01329399	77.34427016	-2.12229293	72.76800837	2.04661241	3.07004164
3.11146508	75.13259888	0.01330980	77.20886871	-2.07626983	72.76476468	2.04905947	3.06637528
3.11518182	75.05300140	0.01332392	77.08291337	-2.02991197	72.76148971	2.05150653	3.06271767
3.11889856	74.98790232	0.01333548	76.96605301	-1.97815069	72.75818358	2.05395359	3.05906878
3.12261530	74.94770813	0.01334264	76.85697467	-1.90926654	72.75484641	2.05640065	3.05542858
3.12633205	74.91282654	0.01334885	76.75536555	-1.84253901	72.75147834	2.05884771	3.05179702
3.13004879	74.90323130	0.01335056	76.66066864	-1.75743734	72.74807949	2.06129476	3.04817410
3.13376553	74.87459564	0.01335566	76.57244194	-1.69784630	72.74464999	2.06374181	3.04455978
3.13748227	74.84750621	0.01336050	76.49020175	-1.64269554	72.74118998	2.06618886	3.04095401
3.14119901	74.80879720	0.01336741	76.41342864	-1.60463144	72.73769956	2.06863591	3.03735679
3.14491575	74.77438609	0.01337356	76.34184584	-1.56745975	72.73417888	2.07108295	3.03376806
3.14863249	74.70873260	0.01338532	76.27520580	-1.56647320	72.73062806	2.07352999	3.03018781
3.15234924	74.63205465	0.01339907	76.21304734	-1.58099269	72.72704722	2.07597704	3.02661599
3.15606598	74.53125763	0.01341719	76.15518452	-1.62392689	72.72343649	2.07842408	3.02305260
3.15978272	74.42845662	0.01343572	76.10145275	-1.67299613	72.71979600	2.08087111	3.01949759
3.16349946	74.31018575	0.01345711	76.05148160	-1.74129585	72.71612588	2.08331814	3.01595094
3.16721620	74.20952352	0.01347536	76.00515167	-1.79562815	72.71242624	2.08576518	3.01241261
3.17093294	74.11456807	0.01349262	75.96228637	-1.84771830	72.70869722	2.08821220	3.00888257
3.17464968	74.01579285	0.01351063	75.92282813	-1.90703528	72.70493893	2.09065923	3.00536080
3.17836642	73.90266418	0.01353131	75.88666088	-1.98399670	72.70115151	2.09310626	3.00184727
3.18208317	73.83279928	0.01354412	75.85330824	-2.02050896	72.69733507	2.09555328	2.99834194
3.18579991	73.79103597	0.01355178	75.82288352	-2.03184755	72.69348974	2.09800030	2.99484480
3.18951665	73.73203023	0.01356263	75.79528934	-2.06325911	72.68961566	2.10044732	2.99135581
3.19323339	73.65159098	0.01357744	75.77052595	-2.11893497	72.68571293	2.10289434	2.98787495
3.19695013	73.60189565	0.01358661	75.74844967	-2.14655402	72.68178169	2.10534135	2.98440217
3.20066687	73.60733287	0.01358560	75.72896708	-2.12163421	72.67782206	2.10778836	2.98093747
3.20438361	73.62779744	0.01358183	75.71203813	-2.08424069	72.67383416	2.11023537	2.97748080
3.20810036	73.62374878	0.01358257	75.69777317	-2.07402439	72.66981810	2.11268238	2.97403214
3.21181710	73.59183248	0.01358846	75.68593382	-2.09410134	72.66577403	2.11512939	2.97059146
3.21553384	73.57318624	0.01359191	75.67639119	-2.10320495	72.66170205	2.11757639	2.96715874
3.21925058	73.55619303	0.01359505	75.66949295	-2.11329992	72.65760230	2.12002339	2.96373395
3.22296732	73.56291707	0.01359381	75.66491177	-2.10199470	72.65347489	2.12247039	2.96031706
3.22668406	73.57929484	0.01359078	75.66274137	-2.08344653	72.64931995	2.12491738	2.95690804
3.23040080	73.63785553	0.01357997	75.66305313	-2.02519760	72.64513759	2.12736438	2.95350687
3.23411754	73.71449788	0.01356585	75.66595800	-1.95146012	72.64092794	2.12981137	2.95011352
3.23783429	73.84127808	0.01354256	75.67152103	-1.83024295	72.63669111	2.13225836	2.94672794
3.24155103	74.01711528	0.01351039	75.67949985	-1.66238457	72.63242724	2.13470535	2.94335015
3.24526777	74.22774251	0.01347205	75.69014476	-1.46240225	72.62813644	2.13715234	2.93998009
3.24898451	74.45948283	0.01343012	75.70360386	-1.24412103	72.62381884	2.13959932	2.93661774
3.25270125	74.72224935	0.01338289	75.71995055	-0.99770120	72.61947454	2.14204630	2.93326307
3.25641799	74.97513326	0.01333776	75.73909803	-0.76396477	72.61510368	2.14449328	2.92991607
3.26013473	75.20635478	0.01329675	75.76146685	-0.55511207	72.61070637	2.14694025	2.92657670
3.26385148	75.33270772	0.01327445	75.78694861	-0.45424089	72.60628272	2.14938723	2.92324492
3.26756822	75.38418325	0.01326538	75.81573003	-0.43154678	72.60183287	2.15183420	2.91992074
3.27128496	75.32805634	0.01327527	75.84794907	-0.51989273	72.59735693	2.15428117	2.91660411
3.27500170	75.15668488	0.01330554	75.88396154	-0.72727666	72.59285503	2.15672814	2.91329501
3.27871844	74.88553874	0.01335371	75.92379172	-1.03825298	72.58832727	2.15917510	2.90999341
3.28243518	74.56759389	0.01341065	75.96785398	-1.40026009	72.58377377	2.16162206	2.90669929
3.28615192	74.26105754	0.01346601	76.01626957	-1.75521203	72.57919466	2.16406902	2.90341262
3.28986867	73.97037760	0.01351893	76.06954997	-2.09917237	72.57459004	2.16651599	2.90013337
3.29358541	73.72801971	0.01356336	76.12782681	-2.39980710	72.56996006	2.16896294	2.89686153
3.29730215	73.52731069	0.01360039	76.19158337	-2.66427268	72.56530481	2.17140989	2.89359707
3.30101889	73.35261790	0.01363278	76.26120390	-2.90858600	72.56062441	2.17385684	2.89033996
3.30473563	73.21685028	0.01365806	76.33716123	-3.12031095	72.55591899	2.17630379	2.88709018
3.30845237	73.11864471	0.01367640	76.41999436	-3.30134965	72.55118866	2.17875074	2.88384770
3.31216911	73.06678263	0.01368611	76.51034625	-3.44356362	72.54643354	2.18119768	2.88061250
3.31588585	73.03305562	0.01369243	76.60901646	-3.57596084	72.54165374	2.18364462	2.87738455
3.31960260	73.00928243	0.01369689	76.71663139	-3.70734896	72.53684936	2.18609157	2.87416383
3.32331934	72.97896830	0.01370258	76.83410496	-3.85513666	72.53202056	2.18853850	2.87095032
3.32703608	72.95816803	0.01370648	76.96244515	-4.00427712	72.52716742	2.19098544	2.86774398
3.33075282	72.99752808	0.01369909	77.10275481	-4.10522673	72.52229007	2.19343237	2.86454481
3.33446956	73.05640411	0.01368805	77.25639089	-4.19998678	72.51738863	2.19587930	2.86135277
3.33818630	73.14114889	0.01367219	77.42485313	-4.28370424	72.51246320	2.19832623	2.85816783
3.34190304	73.23582713	0.01365452	77.60988885	-4.37406172	72.50751390	2.20077315	2.85498998
3.34561979	73.36698151	0.01363011	77.81347296	-4.44649145	72.50254084	2.20322008	2.85181919
3.34933653	73.51005300	0.01360358	78.03804341	-4.52799041	72.49754415	2.20566700	2.84865544
3.35305327	73.73049164	0.01356291	78.28622295	-4.55573131	72.49252394	2.20811392	2.84549871
3.35677001	73.95759328	0.01352126	78.56142587	-4.60383259	72.48748032	2.21056084	2.84234897
3.36048675	74.22364553	0.01347280	78.86774786	-4.64410233	72.48241340	2.21300775	2.83920619
3.36420349	74.49865723	0.01342306	79.21042265	-4.71176542	72.47732330	2.21545466	2.83607036
3.36792023	74.83638000	0.01336248	79.59601549	-4.75963549	72.47221013	2.21790157	2.83294146
3.37163697	75.22859192	0.01329282	80.03356415	-4.80497223	72.46707401	2.22034848	2.82981945
3.37535372	75.61412557	0.01322504	80.53547306	-4.92134749	72.46191503	2.22279539	2.82670431
3.37907046	75.98220062	0.01316098	81.11878281	-5.13658219	72.45673333	2.22524229	2.82359604
3.38278720	76.39644623	0.01308961	81.80782625	-5.41138002	72.45152902	2.22768919	2.82049459
3.38650394	76.80341848	0.01302025	82.63672318	-5.83330470	72.44630220	2.23013608	2.81739996
3.39022068	77.18364716	0.01295611	83.65268554	-6.46903838	72.44105299	2.23258298	2.81431211
3.39393742	77.53406270	0.01289756	84.91972245	-7.38565975	72.43578150	2.23502987	2.81123102
3.39765416	77.91339111	0.01283476	86.52232913	-8.60893802	72.43048783	2.23747676	2.80815668
3.40137091	78.37601725	0.01275901	88.56823348	-10.19221623	72.42517210	2.23992366	2.80508904
3.40508765	79.04655965	0.01265077	91.18811552	-12.14155587	72.41983444	2.24237054	2.80202812
3.40880439	79.97719828	0.01250356	94.53379058	-14.55659230	72.41447493	2.24481742	2.79897387
3.41252113	81.30333455	0.01229962	98.77045856	-17.46712401	72.40909371	2.24726431	2.79592627
3.41623787	83.37427775	0.01199411	104.06424594	-20.68996819	72.40369087	2.24971118	2.79288531
3.41995461	86.55483754	0.01155337	110.56436220	-24.00952466	72.39826653	2.25215806	2.78985095
3.42367135	91.46814982	0.01093277	118.38053541	-26.91238559	72.39282079	2.25460493	2.78682319
3.42738809	99.66476949	0.01003364	127.55633002	-27.89156053	72.38735377	2.25705180	2.78380199
3.43110484	112.79229736	0.00886585	138.03986503	-25.24756767	72.38186557	2.25949868	2.78078733
3.43482158	133.07055155	0.00751481	149.64923073	-16.57867918	72.37635631	2.26194555	2.77777921
3.43853832	164.75655111	0.00606956	162.03084853	2.72570258	72.37082610	2.26439241	2.77477759
3.44225506	208.27023824	0.00480145	174.60864739	33.66159085	72.36527504	2.26683927	2.77178245
3.44597180	260.06281026	0.00384522	186.53495967	73.52785059	72.35970325	2.26928613	2.76879377
3.44968854	314.32102458	0.00318146	196.69045512	117.63056946	72.35411083	2.27173299	2.76581154
3.45340528	358.28437297	0.00279108	203.81213660	154.47223637	72.34849789	2.27417984	2.76283572
3.45712203	378.76893107	0.00264013	206.80814368	171.96078739	72.34286452	2.27662670	2.75986630
3.46083877	370.07955933	0.00270212	205.16253683	164.91702250	72.33721086	2.27907355	2.75690326
3.46455551	336.57714844	0.00297109	199.16634156	137.41080688	72.33153701	2.28152040	2.75394658
3.46827225	289.54570516	0.00345369	189.78422296	99.76148220	72.32584308	2.28396724	2.75099624
3.47198899	238.57242330	0.00419160	178.26958617	60.30283713	72.32012916	2.28641409	2.74805222
3.47570573	192.13935343	0.00520456	165.80492113	26.33443230	72.31439536	2.28886093	2.74511450
3.47942247	155.48960368	0.00643130	153.32032815	2.16927553	72.30864181	2.29130776	2.74218305
3.48313921	128.77876790	0.00776526	141.46656840	-12.68780050	72.30286859	2.29375460	2.73925786
3.48685596	109.85260010	0.00910311	130.65628716	-20.80368706	72.29707580	2.29620144	2.73633890
3.49057270	96.96501668	0.01031300	121.11638672	-24.15137004	72.29126359	2.29864827	2.73342616
3.49428944	88.89823659	0.01124882	112.93279218	-24.03455559	72.28543203	2.30109510	2.73051962
3.49800618	83.64997355	0.01195458	106.08638206	-22.43640851	72.27958124	2.30354192	2.72761926
3.50172292	80.16610463	0.01247410	100.48387149	-20.31776686	72.27371132	2.30598875	2.72472505
3.50543966	77.96941121	0.01282554	95.98511705	-18.01570584	72.26782237	2.30843557	2.72183699
3.50915640	76.48696136	0.01307412	92.42657179	-15.93961043	72.26191451	2.31088238	2.71895504
3.51287315	75.43487803	0.01325647	89.64156311	-14.20668508	72.25598782	2.31332921	2.71607918
3.51658989	74.69391886	0.01338797	87.47359362	-12.77967476	72.25004244	2.31577602	2.71320942
3.52030663	74.13111877	0.01348961	85.78510110	-11.65398233	72.24407845	2.31822283	2.71034571
3.52402337	73.68093872	0.01357203	84.46193381	-10.78099509	72.23809596	2.32066964	2.70748804
3.52774011	73.27272034	0.01364764	83.41315061	-10.14043027	72.23209508	2.32311645	2.70463640
3.53145685	72.89681753	0.01371802	82.56921568	-9.67239815	72.22607591	2.32556325	2.70179076
3.53517359	72.56345876	0.01378104	81.87832160	-9.31486284	72.22003855	2.32801005	2.69895111
3.53889034	72.31766764	0.01382788	81.30310600	-8.98543836	72.21398309	2.33045686	2.69611741
3.54260708	72.10750071	0.01386818	80.81711672	-8.70961601	72.20790967	2.33290365	2.69328967
3.54632382	71.94228363	0.01390003	80.40110073	-8.45881710	72.20181837	2.33535045	2.69046785
3.55004056	71.79082998	0.01392936	80.04182410	-8.25099412	72.19570930	2.33779724	2.68765195
3.55375730	71.66520945	0.01395377	79.73031873	-8.06510928	72.18958255	2.34024403	2.68484194
3.55747404	71.59256999	0.01396793	79.45795241	-7.86538242	72.18343824	2.34269081	2.68203780
3.56119078	71.54801941	0.01397663	79.21997921	-7.67195980	72.17727646	2.34513760	2.67923951
3.56490752	71.50189972	0.01398564	79.01222796	-7.51032824	72.17109731	2.34758438	2.67644706
3.56862427	71.45670064	0.01399449	78.83136424	-7.37466360	72.16490089	2.35003117	2.67366042
3.57234101	71.45373535	0.01399507	78.67453567	-7.22080032	72.15868732	2.35247794	2.67087958
3.57605775	71.46920776	0.01399204	78.53951263	-7.07030487	72.15245669	2.35492472	2.66810453
3.57977449	71.45500692	0.01399482	78.42445192	-6.96944500	72.14620911	2.35737149	2.66533524
3.58349123	71.41095479	0.01400345	78.32771893	-6.91676414	72.13994466	2.35981826	2.66257170
3.58720797	71.38383484	0.01400877	78.24789596	-6.86406112	72.13366347	2.36226502	2.65981388
3.59092471	71.38885244	0.01400779	78.18394664	-6.79509420	72.12736561	2.36471179	2.65706178
3.59464146	71.40544383	0.01400453	78.13500782	-6.72956399	72.12105119	2.36715856	2.65431536
3.59835820	71.42873128	0.01399997	78.10024082	-6.67150954	72.11472032	2.36960532	2.65157462
3.60207494	71.48853811	0.01398826	78.07924021	-6.59070210	72.10837310	2.37205207	2.64883953
3.60579168	71.58434550	0.01396953	78.07134340	-6.48699790	72.10200963	2.37449883	2.64611009
3.60950842	71.72445933	0.01394225	78.07630678	-6.35184745	72.09563000	2.37694558	2.64338627
3.61322516	71.89124298	0.01390990	78.09390366	-6.20266068	72.08923432	2.37939233	2.64066805
3.61694190	72.05586497	0.01387812	78.12415283	-6.06828786	72.08282267	2.38183908	2.63795542
3.62065864	72.19890086	0.01385063	78.16698605	-5.96808519	72.07639517	2.38428582	2.63524836
3.62437539	72.33100128	0.01382533	78.22261119	-5.89160991	72.06995190	2.38673257	2.63254685
3.62809213	72.42746226	0.01380692	78.29129606	-5.86383380	72.06349298	2.38917931	2.62985088
3.63180887	72.49286906	0.01379446	78.37342747	-5.88055841	72.05701850	2.39162604	2.62716043
3.63552561	72.50311534	0.01379251	78.46951955	-5.96640421	72.05052855	2.39407278	2.62447548
3.63924235	72.50586446	0.01379199	78.58021940	-6.07435494	72.04402324	2.39651951	2.62179602
3.64295909	72.51123301	0.01379097	78.70632233	-6.19508932	72.03750266	2.39896624	2.61912202
3.64667583	72.52764130	0.01378785	78.84884407	-6.32120277	72.03096691	2.40141297	2.61645348
3.65039258	72.54754130	0.01378406	79.00884571	-6.46130441	72.02441607	2.40385970	2.61379036
3.65410932	72.56025696	0.01378165	79.18766942	-6.62741246	72.01785027	2.40630642	2.61113267
3.65782606	72.57677460	0.01377851	79.38701090	-6.81023630	72.01126960	2.40875314	2.60848038
3.66154280	72.59284973	0.01377546	79.60879508	-7.01594535	72.00467413	2.41119985	2.60583348
3.66525954	72.62130737	0.01377006	79.85512394	-7.23381657	71.99806399	2.41364657	2.60319195
3.66897628	72.65238444	0.01376417	80.12905575	-7.47667131	71.99143925	2.41609328	2.60055577
3.67269302	72.68224843	0.01375852	80.43380465	-7.75155622	71.98480002	2.41853999	2.59792492
3.67640976	72.74077861	0.01374745	80.77391678	-8.03313817	71.97814639	2.42098669	2.59529940
3.68012651	72.85070292	0.01372670	81.15513056	-8.30442764	71.97147844	2.42343340	2.59267917
3.68384325	73.00371043	0.01369793	81.58508755	-8.58137712	71.96479631	2.42588011	2.59006424
3.68755999	73.16113027	0.01366846	82.07394149	-8.91281122	71.95810006	2.42832681	2.58745458
3.69127673	73.35306549	0.01363270	82.63559755	-9.28253206	71.95138979	2.43077350	2.58485017
3.69499347	73.57483164	0.01359160	83.28885776	-9.71402612	71.94466561	2.43322019	2.58225101
3.69871021	73.87426503	0.01353651	84.05884071	-10.18457568	71.93792759	2.43566689	2.57965707
3.70242695	74.28129832	0.01346234	84.97879241	-10.69749409	71.93117585	2.43811357	2.57706834
3.70614370	74.78837331	0.01337106	86.09161702	-11.30324371	71.92441045	2.44056027	2.57448480
3.70986044	75.42330170	0.01325850	87.45073056	-12.02742886	71.91763152	2.44300695	2.57190644
3.71357718	76.30206807	0.01310580	89.12082016	-12.81875209	71.91083915	2.44545363	2.56933324
3.71729392	77.48604584	0.01290555	91.17690005	-13.69085421	71.90403341	2.44790031	2.56676519
3.72101066	79.10194906	0.01264191	93.70168481	-14.59973575	71.89721442	2.45034699	2.56420227
3.72472740	81.49787649	0.01227026	96.78117032	-15.28329383	71.89038225	2.45279366	2.56164447
3.72844414	84.79337056	0.01179337	100.49835606	-15.70498550	71.88353701	2.45524033	2.55909177
3.73216088	89.31358337	0.01119651	104.92436591	-15.61078254	71.87667879	2.45768700	2.55654415
3.73587763	95.72114054	0.01044701	110.10990659	-14.38876605	71.86980765	2.46013367	2.55400159
3.73959437	104.10781097	0.00960543	116.07490457	-11.96709360	71.86292374	2.46258033	2.55146410
3.74331111	114.41639201	0.00874001	122.79380551	-8.37741350	71.85602711	2.46502699	2.54893165
3.74702785	126.99737549	0.00787418	130.18619237	-3.18881688	71.84911788	2.46747365	2.54640422
3.75074459	140.53399658	0.00711572	138.09610469	2.43789189	71.84219612	2.46992030	2.54388180
3.75446133	153.20181783	0.00652734	146.27141987	6.93039796	71.83526193	2.47236696	2.54136438
3.75817807	163.79650879	0.00610514	154.34837805	9.44813074	71.82831540	2.47481361	2.53885193
3.76189482	170.34673564	0.00587038	161.86479744	8.48193820	71.82135661	2.47726026	2.53634445
3.76561156	171.49807231	0.00583097	168.33430262	3.16376969	71.81438567	2.47970690	2.53384192
3.76932830	167.16337585	0.00598217	173.39937484	-6.23599899	71.80740267	2.48215355	2.53134433
3.77304504	158.79713949	0.00629734	176.99879673	-18.20165724	71.80040770	2.48460019	2.52885166
3.77676178	148.72935486	0.00672362	179.44357582	-30.71422096	71.79340083	2.48704682	2.52636390
3.78047852	138.86777242	0.00720109	181.33195433	-42.46418191	71.78638218	2.48949346	2.52388103
3.78419526	131.78019714	0.00758839	183.35885094	-51.57865380	71.77935182	2.49194009	2.52140304
3.78791200	129.76049296	0.00770651	186.13398599	-56.37349303	71.77230984	2.49438672	2.51892991
3.79162875	134.78820292	0.00741905	190.07207032	-55.28386740	71.76525632	2.49683335	2.51646162
3.79534549	148.38300578	0.00673932	195.34834904	-46.96534326	71.75819138	2.49927997	2.51399818
3.79906223	170.72154744	0.00585749	201.88052912	-31.15898168	71.75111510	2.50172659	2.51153956
3.80277897	201.38319906	0.00496566	209.31107336	-7.92787430	71.74402756	2.50417321	2.50908574
3.80649571	235.86031596	0.00423980	216.98622241	18.87409355	71.73692885	2.50661983	2.50663672
3.81021245	265.25521851	0.00376995	223.96125525	41.29396326	71.72981905	2.50906644	2.50419248
3.81392919	281.74724325	0.00354928	229.08766799	52.65957526	71.72269827	2.51151305	2.50175300
3.81764594	281.03984578	0.00355821	231.23996827	49.79987751	71.71556657	2.51395967	2.49931826
3.82136268	263.43500773	0.00379600	229.64840085	33.78660688	71.70842406	2.51640627	2.49688827
3.82507942	233.83199056	0.00427657	224.17952003	9.65247053	71.70127083	2.51885287	2.49446300
3.82879616	199.28386434	0.00501797	215.36512941	-16.08126507	71.69410696	2.52129947	2.49204245
3.83251290	167.60347493	0.00596646	204.16883818	-36.56536325	71.68693254	2.52374607	2.48962658
3.83622964	141.65050761	0.00705963	191.66071209	-50.01020448	71.67974765	2.52619267	2.48721540
3.83994638	121.35401662	0.00824035	178.78155511	-57.42753849	71.67255239	2.52863926	2.48480889
3.84366313	106.54479980	0.00938572	166.24925156	-59.70445176	71.66534681	2.53108585	2.48240703
3.84737987	96.78675588	0.01033199	154.56123272	-57.77447684	71.65813105	2.53353244	2.48000981
3.85109661	90.31810252	0.01107198	144.03334171	-53.71523919	71.65090517	2.53597902	2.47761722
3.85481335	86.02571360	0.01162443	134.84187937	-48.81616577	71.64366926	2.53842561	2.47522925
3.85853009	83.42419942	0.01198693	127.05863977	-43.63444035	71.63642340	2.54087218	2.47284588
3.86224683	81.81018575	0.01222342	120.67957872	-38.86939297	71.62916768	2.54331876	2.47046709
3.86596357	80.83406321	0.01237102	115.64980720	-34.81574399	71.62190219	2.54576533	2.46809289
3.86968031	80.34161631	0.01244685	111.88596413	-31.54434782	71.61462701	2.54821190	2.46572324
3.87339706	80.20047760	0.01246875	109.29660414	-29.09612654	71.60734220	2.55065848	2.46335813
3.87711380	80.38802083	0.01243966	107.79931295	-27.41129212	71.60004790	2.55310504	2.46099757
3.88083054	80.91236623	0.01235905	107.33281625	-26.42045002	71.59274416	2.55555161	2.45864153
3.88454728	81.85465749	0.01221678	107.86574466	-26.01108717	71.58543108	2.55799817	2.45629000
3.88826402	83.25476074	0.01201133	109.39961729	-26.14485655	71.57810873	2.56044472	2.45394296
3.89198076	85.31747945	0.01172093	111.96806543	-26.65058598	71.57077720	2.56289128	2.45160041
3.89569750	88.54187520	0.01129409	115.63330479	-27.09142959	71.56343657	2.56533783	2.44926233
3.89941425	93.28618876	0.01071970	120.47939530	-27.19320654	71.55608692	2.56778438	2.44692870
3.90313099	100.09758504	0.00999025	126.60502899	-26.50744395	71.54872835	2.57023093	2.44459952
3.90684773	110.30332692	0.00906591	134.11294718	-23.80962026	71.54136094	2.57267747	2.44227478
3.91056447	124.57934825	0.00802701	143.09494857	-18.51560032	71.53398477	2.57512401	2.43995445
3.91428121	143.33471171	0.00697668	153.60853670	-10.27382499	71.52659992	2.57757055	2.43763854
3.91799795	167.86775208	0.00595707	165.63818821	2.22956387	71.51920647	2.58001709	2.43532701
3.92171469	196.02638245	0.00510135	179.04283570	16.98354675	71.51180451	2.58246362	2.43301987
3.92543143	224.14964294	0.00446131	193.49028209	30.65936085	71.50439413	2.58491015	2.43071710
3.92914818	249.26740011	0.00401176	208.40624433	40.86115578	71.49697537	2.58735669	2.42841868
3.93286492	266.90213013	0.00374669	222.97874286	43.92338727	71.48954837	2.58980321	2.42612461
3.93658166	274.64760335	0.00364103	236.25503996	38.39256339	71.48211319	2.59224973	2.42383488
3.94029840	273.53133138	0.00365589	247.31317334	26.21815804	71.47466990	2.59469625	2.42154946
3.94401514	268.11927287	0.00372968	255.40859388	12.71067899	71.46721860	2.59714277	2.41926835
3.94773188	263.94260661	0.00378870	260.01588428	3.92672233	71.45975936	2.59958928	2.41699154
3.95144862	264.68499756	0.00377808	260.83678853	3.84820903	71.45229226	2.60203579	2.41471902
3.95516537	271.15404256	0.00368794	257.91535722	13.23868534	71.44481736	2.60448231	2.41245075
3.95888211	280.92506917	0.00355967	251.77116973	29.15389944	71.43733479	2.60692881	2.41018676
3.96259885	289.23654175	0.00345738	243.28831471	45.94822704	71.42984460	2.60937532	2.40792701
3.96631559	290.95171102	0.00343700	233.38971087	57.56200015	71.42234688	2.61182182	2.40567150
3.97003233	283.48497518	0.00352752	222.79955001	60.68542517	71.41484170	2.61426831	2.40342021
3.97374907	267.16177368	0.00374305	212.02273684	55.13903684	71.40732915	2.61671481	2.40117314
3.97746581	245.53543599	0.00407273	201.43197676	44.10345923	71.39980931	2.61916130	2.39893026
3.98118255	223.97609965	0.00446476	191.32593343	32.65016622	71.39228225	2.62160779	2.39669158
3.98489930	205.21360270	0.00487297	181.91968368	23.29391902	71.38474804	2.62405428	2.39445706
3.98861604	190.28288778	0.00525533	173.30129819	16.98158959	71.37720679	2.62650076	2.39222672
3.99233278	178.95483907	0.00558800	165.41112231	13.54371676	71.36965857	2.62894724	2.39000053
3.99604952	169.26517232	0.00590789	158.06848438	11.19668794	71.36210344	2.63139372	2.38777848
3.99976626	158.77529399	0.00629821	151.04935049	7.72594350	71.35454150	2.63384020	2.38556056
4.00348300	146.46449280	0.00682759	144.18006490	2.28442790	71.34697282	2.63628667	2.38334676
4.00719974	132.76726278	0.00753198	137.40035362	-4.63309084	71.33939748	2.63873314	2.38113707
4.01091649	118.58601634	0.00843270	130.76383881	-12.17782247	71.33181553	2.64117961	2.37893147
4.01463323	106.15988159	0.00941975	124.38978330	-18.22990171	71.32422710	2.64362608	2.37672996
4.01834997	96.22388204	0.01039243	118.40542838	-22.18154634	71.31663224	2.64607254	2.37453252
4.02206671	88.48792775	0.01130098	112.90870487	-24.42077712	71.30903103	2.64851900	2.37233915
4.02578345	82.88044230	0.01206557	107.95651057	-25.07606827	71.30142354	2.65096545	2.37014983
4.02950019	79.12618510	0.01263804	103.56854909	-24.44236399	71.29380986	2.65341191	2.36796454
4.03321693	76.62036896	0.01305136	99.73565756	-23.11528860	71.28619006	2.65585836	2.36578329
4.03693367	74.92391205	0.01334687	96.42876945	-21.50485740	71.27856422	2.65830480	2.36360605
4.04065042	73.85660044	0.01353975	93.60611378	-19.74951334	71.27093240	2.66075125	2.36143281
4.04436716	73.13868459	0.01367265	91.21845587	-18.07977128	71.26329470	2.66319770	2.35926357
4.04808390	72.64289602	0.01376597	89.21303508	-16.57013906	71.25565120	2.66564414	2.35709832
4.05180064	72.29666138	0.01383190	87.53686760	-15.24020622	71.24800195	2.66809057	2.35493704
4.05551738	72.04894257	0.01387945	86.13899742	-14.09005485	71.24034705	2.67053701	2.35277972
4.05923412	71.82902018	0.01392195	84.97277153	-13.14375135	71.23268656	2.67298344	2.35062635
4.06295086	71.62969208	0.01396069	83.99646118	-12.36676910	71.22502056	2.67542986	2.34847693
4.06666761	71.46081289	0.01399368	83.17420346	-11.71339057	71.21734911	2.67787629	2.34633143
4.07038435	71.33974711	0.01401743	82.47597562	-11.13622851	71.20967232	2.68032272	2.34418985
4.07410109	71.25751241	0.01403361	81.87745543	-10.61994302	71.20199025	2.68276914	2.34205218
4.07781783	71.18496195	0.01404791	81.35910984	-10.17414789	71.19430297	2.68521555	2.33991841
4.08153457	71.13219706	0.01405833	80.90565479	-9.77345773	71.18661055	2.68766197	2.33778853
4.08525131	71.07435354	0.01406977	80.50538343	-9.43102989	71.17891307	2.69010838	2.33566252
4.08896805	71.00903320	0.01408272	80.14919630	-9.14016310	71.17121061	2.69255479	2.33354038
4.09268480	70.95109049	0.01409422	79.83017177	-8.87908128	71.16350322	2.69500120	2.33142208
4.09640154	70.92021434	0.01410035	79.54282477	-8.62261043	71.15579101	2.69744760	2.32930764
4.10011828	70.87443542	0.01410946	79.28311718	-8.40868176	71.14807403	2.69989400	2.32719703
4.10383502	70.84371185	0.01411558	79.04776768	-8.20405583	71.14035236	2.70234040	2.32509025
4.10755176	70.80746460	0.01412280	78.83417175	-8.02670715	71.13262608	2.70478679	2.32298728
4.11126850	70.78266907	0.01412775	78.64016116	-7.85749209	71.12489525	2.70723318	2.32088811
4.11498524	70.76166789	0.01413195	78.46383595	-7.70216806	71.11715995	2.70967957	2.31879274
4.11870198	70.74235280	0.01413580	78.30374146	-7.56138866	71.10942025	2.71212595	2.31670115
4.12241873	70.74542491	0.01413519	78.15859704	-7.41317213	71.10167621	2.71457234	2.31461332
4.12613547	70.76420085	0.01413144	78.02722372	-7.26302287	71.09392793	2.71701872	2.31252926
4.12985221	70.78711192	0.01412687	77.90871741	-7.12160549	71.08617547	2.71946510	2.31044896
4.13356895	70.82158661	0.01411999	77.80218728	-6.98060067	71.07841890	2.72191147	2.30837240
4.13728569	70.87184143	0.01410998	77.70686744	-6.83502601	71.07065830	2.72435784	2.30629956
4.14100243	70.92627462	0.01409915	77.62218069	-6.69590607	71.06289373	2.72680421	2.30423045
4.14471917	70.97816722	0.01408884	77.54756664	-6.56939942	71.05512526	2.72925058	2.30216506
4.14843592	71.06468201	0.01407169	77.48250107	-6.41781906	71.04735295	2.73169695	2.30010335
4.15215266	71.17620087	0.01404964	77.42663450	-6.25043363	71.03957691	2.73414330	2.29804535
4.15586940	71.30797831	0.01402368	77.37960170	-6.07162339	71.03179718	2.73658966	2.29599103
4.15958614	71.45807139	0.01399422	77.34118930	-5.88311791	71.02401385	2.73903602	2.29394038
4.16330288	71.62012227	0.01396256	77.31111091	-5.69098864	71.01622698	2.74148237	2.29189339
4.16701962	71.79490407	0.01392857	77.28918555	-5.49428148	71.00843663	2.74392871	2.28985005
4.17073636	71.96080017	0.01389645	77.27535360	-5.31455343	71.00064289	2.74637506	2.28781036
4.17445310	72.12399038	0.01386501	77.26950167	-5.14551129	70.99284582	2.74882140	2.28577430
4.17816985	72.31541697	0.01382831	77.27166378	-4.95624681	70.98504547	2.75126775	2.28374185
4.18188659	72.50980123	0.01379124	77.28182056	-4.77201933	70.97724195	2.75371408	2.28171303
4.18560333	72.67264811	0.01376034	77.30008509	-4.62743698	70.96943530	2.75616042	2.27968781
4.18932007	72.78881582	0.01373837	77.32658905	-4.53777323	70.96162561	2.75860675	2.27766619
4.19303681	72.87877401	0.01372142	77.36158925	-4.48281524	70.95381293	2.76105308	2.27564814
4.19675355	72.94106547	0.01370970	77.40520102	-4.46413555	70.94599734	2.76349940	2.27363368
4.20047029	72.97610474	0.01370312	77.45783128	-4.48172654	70.93817891	2.76594572	2.27162278
4.20418704	73.00972748	0.01369680	77.51987255	-4.51014507	70.93035768	2.76839205	2.26961543
4.20790378	73.03783671	0.01369153	77.59168794	-4.55385123	70.92253376	2.77083836	2.26761163
4.21162052	73.08105214	0.01368344	77.67381099	-4.59275885	70.91470721	2.77328468	2.26561137
4.21533726	73.14706421	0.01367109	77.76687187	-4.61980766	70.90687808	2.77573099	2.26361464
4.21905400	73.25399272	0.01365113	77.87163851	-4.61764579	70.89904645	2.77817729	2.26162143
4.22277074	73.35030874	0.01363321	77.98893687	-4.63862813	70.89121238	2.78062360	2.25963173
4.22648748	73.45601400	0.01361359	78.11976626	-4.66375226	70.88337594	2.78306990	2.25764553
4.23020422	73.54841105	0.01359649	78.26524261	-4.71683156	70.87553720	2.78551620	2.25566281
4.23392097	73.63018545	0.01358139	78.42679027	-4.79660482	70.86769621	2.78796250	2.25368358
4.23763771	73.71208445	0.01356630	78.60607983	-4.89399538	70.85985307	2.79040879	2.25170782
4.24135445	73.78637950	0.01355264	78.80521734	-5.01883784	70.85200783	2.79285508	2.24973553
4.24507119	73.86295827	0.01353859	79.02663411	-5.16367584	70.84416055	2.79530137	2.24776669
4.24878793	73.93258667	0.01352584	79.27366264	-5.34107597	70.83631131	2.79774765	2.24580130
4.25250467	73.99701182	0.01351406	79.55047807	-5.55346625	70.82846017	2.80019393	2.24383934
4.25622141	74.08109538	0.01349872	79.86272264	-5.78162726	70.82060719	2.80264021	2.24188081
4.25993816	74.19508108	0.01347798	80.21770105	-6.02261997	70.81275242	2.80508649	2.23992569
4.26365490	74.35469564	0.01344905	80.62523358	-6.27053794	70.80489597	2.80753277	2.23797399
4.26737164	74.53881582	0.01341583	81.09843949	-6.55962367	70.79703788	2.80997904	2.23602569
4.27108838	74.75686646	0.01337670	81.65472076	-6.89785430	70.78917822	2.81242530	2.23408078
4.27480512	75.02757772	0.01332843	82.31618700	-7.28860928	70.78131704	2.81487156	2.23213925
4.27852186	75.33719126	0.01327366	83.11150343	-7.77431217	70.77345443	2.81731783	2.23020110
4.28223860	75.72210185	0.01320618	84.07610263	-8.35400078	70.76559044	2.81976408	2.22826631
4.28595534	76.23166656	0.01311791	85.25267704	-9.02101048	70.75772513	2.82221034	2.22633488
4.28967209	76.90985870	0.01300223	86.69118116	-9.78132246	70.74985855	2.82465659	2.22440679
4.29338883	77.88608805	0.01283926	88.44780626	-10.56171821	70.74199081	2.82710284	2.22248204
4.29710557	79.23690287	0.01262038	90.58276491	-11.34586204	70.73412195	2.82954909	2.22056063
4.30082231	81.10682933	0.01232942	93.15721953	-12.05039020	70.72625204	2.83199533	2.21864254
4.30453905	83.92095439	0.01191598	96.22875426	-12.30779987	70.71838112	2.83444157	2.21672776
4.30825579	88.10000865	0.01135074	99.84548820	-11.74547955	70.71050928	2.83688781	2.21481628
4.31197253	94.16718038	0.01061941	104.03979257	-9.87261219	70.70263658	2.83933404	2.21290810
4.31568928	103.31165314	0.00967945	108.82044608	-5.50879294	70.69476304	2.84178028	2.21100321
4.31940602	116.67554474	0.00857078	114.16400161	2.51154313	70.68688879	2.84422650	2.20910159
4.32312276	134.79707845	0.00741856	120.00490560	14.79217285	70.67901387	2.84667273	2.20720325
4.32683950	158.49044800	0.00630953	126.22204268	32.26840532	70.67113832	2.84911895	2.20530817
4.33055624	186.55967204	0.00536022	132.62490491	53.93476713	70.66326223	2.85156517	2.20341635
4.33427298	214.81081645	0.00465526	138.93738547	75.87343098	70.65538565	2.85401138	2.20152777
4.33798972	238.61925252	0.00419078	144.79021344	93.82903908	70.64750863	2.85645760	2.19964242
4.34170647	253.69757589	0.00394170	149.73619676	103.96137913	70.63963123	2.85890381	2.19776030
4.34542321	255.82183329	0.00390897	153.30555764	102.51627565	70.63175355	2.86135002	2.19588141
4.34913995	244.64795431	0.00408751	155.10457249	89.54338182	70.62387563	2.86379622	2.19400572
4.35285669	222.96632385	0.00448498	154.92700631	68.03931754	70.61599752	2.86624242	2.19213325
4.35657343	196.65021769	0.00508517	152.82349085	43.82672684	70.60811930	2.86868862	2.19026396
4.36029017	170.07265727	0.00587984	149.08436013	20.98829714	70.60024102	2.87113482	2.18839787
4.36400691	145.31850179	0.00688144	144.14819910	1.17030269	70.59236274	2.87358101	2.18653495
4.36772365	125.19537099	0.00798752	138.48854221	-13.29317122	70.58448452	2.87602720	2.18467521
4.37144040	110.25315094	0.00907004	132.52953562	-22.27638468	70.57660641	2.87847339	2.18281862
4.37515714	99.22190857	0.01007842	126.60728214	-27.38537357	70.56872850	2.88091957	2.18096519
4.37887388	91.44391378	0.01093566	120.96543156	-29.52151778	70.56085083	2.88336575	2.17911491
4.38259062	86.40228780	0.01157377	115.76804432	-29.36575652	70.55297347	2.88581193	2.17726777
4.38630736	83.06257629	0.01203912	111.11529753	-28.05272124	70.54509648	2.88825810	2.17542377
4.39002410	80.84508769	0.01236934	107.05774444	-26.21265675	70.53721990	2.89070427	2.17358288
4.39374084	79.44919586	0.01258666	103.60796702	-24.15877116	70.52934381	2.89315044	2.17174511
4.39745759	78.52079519	0.01273548	100.75004878	-22.22925359	70.52146825	2.89559661	2.16991044
4.40117433	77.85926056	0.01284369	98.44791582	-20.58865526	70.51359330	2.89804277	2.16807888
4.40489107	77.43543752	0.01291398	96.65253991	-19.21710239	70.50571902	2.90048893	2.16625040
4.40860781	77.15619659	0.01296072	95.30836899	-18.15217240	70.49784546	2.90293508	2.16442502
4.41232455	76.98236084	0.01298999	94.35860698	-17.37624614	70.48997268	2.90538123	2.16260270
4.41604129	76.88507843	0.01300642	93.74957260	-16.86449417	70.48210073	2.90782738	2.16078346
4.41975803	76.86156464	0.01301040	93.43264073	-16.57107609	70.47422968	2.91027353	2.15896728
4.42347477	76.89955393	0.01300398	93.36774077	-16.46818684	70.46635958	2.91271967	2.15715414
4.42719152	76.97596741	0.01299107	93.52334149	-16.54737408	70.45849047	2.91516582	2.15534405
4.43090826	77.12826538	0.01296542	93.87674877	-16.74848339	70.45062246	2.91761195	2.15353701
4.43462500	77.34980011	0.01292828	94.41470615	-17.06490604	70.44275557	2.92005809	2.15173299
4.43834174	77.63169861	0.01288134	95.13288161	-17.50118300	70.43488986	2.92250422	2.14993199
4.44205848	77.98629761	0.01282277	96.03639185	-18.05009424	70.42702540	2.92495034	2.14813401
4.44577522	78.41885885	0.01275203	97.14037137	-18.72151252	70.41916224	2.92739647	2.14633903
4.44949196	78.93211873	0.01266911	98.47109037	-19.53897164	70.41130043	2.92984259	2.14454706
4.45320871	79.58114370	0.01256579	100.06759994	-20.48645624	70.40344001	2.93228871	2.14275807
4.45692545	80.38634491	0.01243992	101.98394306	-21.59759815	70.39558109	2.93473483	2.14097207
4.46064219	81.38584137	0.01228715	104.29157306	-22.90573169	70.38772369	2.93718094	2.13918905
4.46435893	82.64068858	0.01210058	107.08203213	-24.44134355	70.37986787	2.93962705	2.13740900
4.46807567	84.20629628	0.01187560	110.46892947	-26.26263319	70.37201369	2.94207316	2.13563191
4.47179241	86.19278208	0.01160190	114.58934791	-28.39656583	70.36416121	2.94451926	2.13385777
4.47550915	88.84072622	0.01125610	119.60349951	-30.76277329	70.35631047	2.94696536	2.13208658
4.47922589	92.35028585	0.01082834	125.69246316	-33.34217731	70.34846155	2.94941146	2.13031834
4.48294264	97.00284068	0.01030898	133.05335340	-36.05051272	70.34061446	2.95185756	2.12855302
4.48665938	103.31849416	0.00967881	141.89181709	-38.57332293	70.33276930	2.95430365	2.12679063
4.49037612	111.91283925	0.00893553	152.41222538	-40.49938613	70.32492613	2.95674973	2.12503116
4.49409286	123.39111328	0.00810431	164.80584061	-41.41472733	70.31708497	2.95919582	2.12327460
4.49780960	139.45821635	0.00717061	179.23788784	-39.77967149	70.30924590	2.96164190	2.12152094
4.50152634	161.45829264	0.00619355	195.83411309	-34.37582045	70.30140896	2.96408798	2.11977018
4.50524308	190.43443298	0.00525115	214.66632588	-24.23189290	70.29357422	2.96653405	2.11802231
4.50895983	228.66116842	0.00437328	235.73482078	-7.07365236	70.28574170	2.96898013	2.11627732
4.51267657	276.57329305	0.00361568	258.94371298	17.62958007	70.27791149	2.97142620	2.11453521
4.51639331	331.01312256	0.00302103	284.06493392	46.94818864	70.27008364	2.97387226	2.11279596
4.52011005	388.79050700	0.00257208	310.69115216	78.09935484	70.26225820	2.97631832	2.11105958
4.52382679	445.70704142	0.00224363	338.18876874	107.51827268	70.25443522	2.97876438	2.10932605
4.52754353	493.36417643	0.00202690	365.68828320	127.67589323	70.24661474	2.98121044	2.10759537
4.53126027	527.52669271	0.00189564	392.15535357	135.37133914	70.23879684	2.98365649	2.10586752
4.53497701	548.41044108	0.00182345	416.55989409	131.85054699	70.23098156	2.98610254	2.10414251
4.53869376	557.30497233	0.00179435	438.09307756	119.21189477	70.22316893	2.98854860	2.10242032
4.54241050	556.49373372	0.00179697	456.29548175	100.19825197	70.21535904	2.99099464	2.10070096
4.54612724	548.08327230	0.00182454	470.98556627	77.09770603	70.20755193	2.99344068	2.09898441
4.54984398	533.81811523	0.00187330	482.00243408	51.81568115	70.19974766	2.99588672	2.09727066
4.55356072	513.31801351	0.00194811	488.89932806	24.41868545	70.19194626	2.99833275	2.09555971
4.55727746	486.18395996	0.00205683	490.75949149	-4.57553153	70.18414780	3.00077878	2.09385155
4.56099420	454.57757568	0.00219984	486.31369758	-31.73612190	70.17635233	3.00322481	2.09214618
4.56471095	420.74935913	0.00237671	474.50179000	-53.75243087	70.16855988	3.00567084	2.09044358
4.56842769	384.23399862	0.00260258	455.30638985	-71.07239123	70.16077054	3.00811686	2.08874376
4.57214443	347.15751139	0.00288054	430.21728140	-83.05977001	70.15298433	3.01056288	2.08704670
4.57586117	310.76973470	0.00321782	401.85275111	-91.08301641	70.14520133	3.01300889	2.08535239
4.57957791	275.08784993	0.00363520	373.09424584	-98.00639591	70.13742156	3.01545491	2.08366084
4.58329465	243.57246908	0.00410555	346.41047017	-102.83800109	70.12964509	3.01790091	2.08197203
4.58701139	218.62355042	0.00457407	323.59897458	-104.97542416	70.12187197	3.02034692	2.08028597
4.59072813	201.51188660	0.00496249	305.78364454	-104.27175794	70.11410225	3.02279292	2.07860263
4.59444488	194.78801473	0.00513379	293.48911725	-98.70110252	70.10633595	3.02523893	2.07692201
4.59816162	201.10523478	0.00497252	286.72097371	-85.61573893	70.09857317	3.02768492	2.07524411
4.60187836	225.18455505	0.00444080	285.03977565	-59.85522060	70.09081393	3.03013092	2.07356893
4.60559510	268.98105876	0.00371773	287.62976203	-18.64870327	70.08305830	3.03257691	2.07189644
4.60931184	332.46993001	0.00300779	293.35794048	39.11198953	70.07530631	3.03502289	2.07022666
4.61302858	414.19015503	0.00241435	300.82700345	113.36315158	70.06755802	3.03746888	2.06855957
4.61674532	497.12998454	0.00201155	308.44373913	188.68624541	70.05981347	3.03991486	2.06689516
4.62046207	561.39674886	0.00178127	314.53757212	246.85917674	70.05207270	3.04236084	2.06523343
4.62417881	591.18257650	0.00169152	317.57106279	273.61151371	70.04433580	3.04480681	2.06357437
4.62789555	578.05352783	0.00172994	316.41585620	261.63767163	70.03660279	3.04725278	2.06191798
4.63161229	527.83789062	0.00189452	310.59317467	217.24471595	70.02887372	3.04969875	2.06026425
4.63532903	451.12348429	0.00221669	300.34507250	150.77841179	70.02114864	3.05214471	2.05861317
4.63904577	368.17672729	0.00271609	286.48691536	81.68981193	70.01342761	3.05459067	2.05696474
4.64276251	294.45336914	0.00339612	270.12576247	24.32760667	70.00571066	3.05703663	2.05531895
4.64647926	232.50625610	0.00430096	252.38715998	-19.88090388	69.99799783	3.05948259	2.05367578
4.65019600	184.23451233	0.00542786	234.24294145	-50.00842912	69.99028920	3.06192854	2.05203525
4.65391274	149.36520894	0.00669500	216.44653532	-67.08132638	69.98258481	3.06437449	2.05039734
4.65762948	125.45714569	0.00797085	199.53755445	-74.08040876	69.97488470	3.06682044	2.04876204
4.66134622	109.28623199	0.00915028	183.87452662	-74.58829463	69.96718891	3.06926638	2.04712936
4.66506296	98.58912659	0.01014311	169.67177057	-71.08264398	69.95949750	3.07171232	2.04549927
4.66877970	91.83743286	0.01088881	157.03080127	-65.19336841	69.95181052	3.07415825	2.04387178
4.67249644	87.42866007	0.01143790	145.96589704	-58.53723697	69.94412800	3.07660418	2.04224688
4.67621319	84.49316152	0.01183528	136.42514285	-51.93198133	69.93644998	3.07905012	2.04062456
4.67992993	82.59393311	0.01210743	128.30886137	-45.71492826	69.92877654	3.08149604	2.03900483
4.68364667	81.30761719	0.01229897	121.48607906	-40.17846187	69.92110771	3.08394197	2.03738766
4.68736341	80.43415324	0.01243253	115.80896768	-35.37481444	69.91344354	3.08638788	2.03577306
4.69108015	79.87200673	0.01252003	111.12526957	-31.25326284	69.90578407	3.08883380	2.03416102
4.69479689	79.49177806	0.01257992	107.28802024	-27.79624218	69.89812936	3.09127971	2.03255153
4.69851363	79.25503794	0.01261749	104.16283331	-24.90779537	69.89047943	3.09372562	2.03094459
4.70223038	79.14951324	0.01263432	101.63249308	-22.48297984	69.88283433	3.09617153	2.02934018
4.70594712	79.13083394	0.01263730	99.59940293	-20.46856899	69.87519413	3.09861744	2.02773832
4.70966386	79.18266551	0.01262903	97.98615876	-18.80349325	69.86755886	3.10106334	2.02613898
4.71338060	79.29523722	0.01261110	96.73481426	-17.43957704	69.85992857	3.10350923	2.02454217
4.71709734	79.46784465	0.01258371	95.80520153	-16.33735688	69.85230330	3.10595512	2.02294787
4.72081408	79.66636658	0.01255235	95.17264475	-15.50627817	69.84468310	3.10840101	2.02135609
4.72453082	79.87451681	0.01251964	94.82538076	-14.95086395	69.83706802	3.11084690	2.01976681
4.72824756	80.09679921	0.01248489	94.76173456	-14.66493535	69.82945808	3.11329278	2.01818003
4.73196431	80.40545146	0.01243697	94.98715022	-14.58169876	69.82185333	3.11573867	2.01659573
4.73568105	80.85650126	0.01236759	95.51109571	-14.65459445	69.81425385	3.11818455	2.01501393
4.73939779	81.58411916	0.01225729	96.34411182	-14.75999266	69.80665966	3.12063042	2.01343462
4.74311453	82.71426137	0.01208981	97.49423706	-14.77997569	69.79907080	3.12307629	2.01185777
4.74683127	84.52069092	0.01183142	98.96391476	-14.44322384	69.79148731	3.12552215	2.01028340
4.75054801	87.53959401	0.01142340	100.74646495	-13.20687094	69.78390925	3.12796802	2.00871149
4.75426475	92.34100850	0.01082942	102.82232624	-10.48131774	69.77633666	3.13041388	2.00714204
4.75798150	99.67399089	0.01003271	105.15475687	-5.48076598	69.76876955	3.13285974	2.00557504
4.76169824	110.76122538	0.00902843	107.68461540	3.07660998	69.76120802	3.13530559	2.00401049
4.76541498	125.22251892	0.00798578	110.32413456	14.89838436	69.75365208	3.13775144	2.00244838
4.76913172	141.89884440	0.00704727	112.95051597	28.94832843	69.74610178	3.14019729	2.00088871
4.77284846	159.17957560	0.00628221	115.40218953	43.77738607	69.73855716	3.14264313	1.99933147
4.77656520	172.81226603	0.00578663	117.48330136	55.32896467	69.73101826	3.14508898	1.99777665
4.78028194	179.34873454	0.00557573	118.98319776	60.36553678	69.72348513	3.14753481	1.99622425
4.78399868	177.26699829	0.00564121	119.71377813	57.55322016	69.71595781	3.14998065	1.99467426
4.78771543	167.59030660	0.00596693	119.55610349	48.03420311	69.70843632	3.15242648	1.99312667
4.79143217	153.12920634	0.00653043	118.49578729	34.63341905	69.70092074	3.15487231	1.99158149
4.79514891	136.37899272	0.00733251	116.62718394	19.75180878	69.69341109	3.15731813	1.99003871
4.79886565	120.67169952	0.00828695	114.12381462	6.54788490	69.68590743	3.15976395	1.98849832
4.80258239	107.74160767	0.00928147	111.19221508	-3.45060741	69.67840978	3.16220977	1.98696031
4.80629913	97.42827606	0.01026396	108.03115269	-10.60287663	69.67091819	3.16465558	1.98542468
4.81001587	89.66302999	0.01115287	104.80786921	-15.14483922	69.66343270	3.16710139	1.98389143
4.81373262	84.22493235	0.01187297	101.65066956	-17.42573721	69.65595333	3.16954721	1.98236054
4.81744936	80.55086517	0.01241452	98.65125567	-18.10039050	69.64848017	3.17199301	1.98083201
4.82116610	78.05671438	0.01281120	95.87078647	-17.81407209	69.64101323	3.17443881	1.97930585
4.82488284	76.44245656	0.01308174	93.34613995	-16.90368339	69.63355256	3.17688461	1.97778204
4.82859958	75.38545481	0.01326516	91.09522598	-15.70977117	69.62609818	3.17933040	1.97626057
4.83231632	74.65662384	0.01339466	89.12120905	-14.46458521	69.61865016	3.18177619	1.97474144
4.83603306	74.14886729	0.01348638	87.41604473	-13.26717744	69.61120852	3.18422198	1.97322465
4.83974980	73.81004079	0.01354829	85.96351722	-12.15347643	69.60377330	3.18666776	1.97171019
4.84346655	73.59741720	0.01358743	84.74193864	-11.14452144	69.59634454	3.18911355	1.97019805
4.84718329	73.44870249	0.01361494	83.72655063	-10.27784814	69.58892229	3.19155933	1.96868824
4.85090003	73.32694244	0.01363755	82.89153510	-9.56459266	69.58150659	3.19400510	1.96718074
4.85461677	73.23085531	0.01365545	82.21165214	-8.98079683	69.57409748	3.19645087	1.96567555
4.85833351	73.17508952	0.01366585	81.66342619	-8.48833667	69.56669499	3.19889664	1.96417266
4.86205025	73.13648987	0.01367307	81.22619518	-8.08970531	69.55929916	3.20134240	1.96267207
4.86576699	73.10488892	0.01367898	80.88146944	-7.77658052	69.55191003	3.20378816	1.96117377
4.86948374	73.08893840	0.01368196	80.61463012	-7.52569172	69.54452762	3.20623392	1.95967776
4.87320048	73.09495290	0.01368084	80.41375880	-7.31880590	69.53715202	3.20867968	1.95818403
4.87691722	73.12211355	0.01367575	80.26977145	-7.14765790	69.52978323	3.21112543	1.95669258
4.88063396	73.15029144	0.01367049	80.17591308	-7.02562164	69.52242130	3.21357117	1.95520341
4.88435070	73.20207469	0.01366082	80.12772740	-6.92565271	69.51506626	3.21601692	1.95371650
4.88806744	73.23786672	0.01365414	80.12261414	-6.88474742	69.50771815	3.21846266	1.95223185
4.89178418	73.26752218	0.01364861	80.15974703	-6.89222485	69.50037701	3.22090839	1.95074946
4.89550093	73.30082957	0.01364241	80.23997813	-6.93914856	69.49304287	3.22335413	1.94926932
4.89921767	73.35774994	0.01363182	80.36586689	-7.00811695	69.48571579	3.22579986	1.94779142
4.90293441	73.42368571	0.01361958	80.54182264	-7.11813693	69.47839579	3.22824559	1.94631577
4.90665115	73.49680837	0.01360603	80.77433733	-7.27752896	69.47108291	3.23069131	1.94484236
4.91036789	73.55638377	0.01359501	81.07232285	-7.51593908	69.46377719	3.23313703	1.94337117
4.91408463	73.62248230	0.01358281	81.44749244	-7.82501014	69.45647867	3.23558275	1.94190222
4.91780137	73.71651204	0.01356548	81.91479395	-8.19828191	69.44918737	3.23802846	1.94043548
4.92151811	73.85110728	0.01354076	82.49278418	-8.64167690	69.44190335	3.24047417	1.93897096
4.92523486	74.02047729	0.01350978	83.20396111	-9.18348382	69.43462661	3.24291988	1.93750865
4.92895160	74.20850627	0.01347554	84.07496664	-9.86646037	69.42735723	3.24536558	1.93604854
4.93266834	74.46692149	0.01342878	85.13621462	-10.66929313	69.42009523	3.24781128	1.93459064
4.93638508	74.76310476	0.01337558	86.42189315	-11.65878839	69.41284065	3.25025698	1.93313493
4.94010182	75.14327240	0.01330791	87.96890189	-12.82562949	69.40559351	3.25270267	1.93168142
4.94381856	75.68991597	0.01321180	89.81575735	-14.12584138	69.39835387	3.25514836	1.93023009
4.94753530	76.46332804	0.01307816	92.00094387	-15.53761583	69.39112174	3.25759404	1.92878094
4.95125205	77.56398265	0.01289258	94.56093885	-16.99695620	69.38389715	3.26003973	1.92733397
4.95496879	79.22150167	0.01262284	97.52777836	-18.30627669	69.37668017	3.26248541	1.92588917
4.95868553	81.68633525	0.01224195	100.92623880	-19.23990355	69.36947082	3.26493108	1.92444653
4.96240227	85.29178874	0.01172446	104.77047202	-19.47868328	69.36226914	3.26737676	1.92300606
4.96611901	90.84032440	0.01100833	109.05979056	-18.21946616	69.35507515	3.26982242	1.92156775
4.96983575	98.76837921	0.01012470	113.77328197	-15.00490276	69.34788889	3.27226809	1.92013158
4.97355249	109.39894104	0.00914086	118.86278594	-9.46384490	69.34071041	3.27471375	1.91869757
4.97726923	123.15170797	0.00812007	124.24453546	-1.09282749	69.33353972	3.27715941	1.91726569
4.98098598	138.28961182	0.00723120	129.79098725	8.49862457	69.32637685	3.27960507	1.91583595
4.98470272	152.46957397	0.00655869	135.32705898	17.14251499	69.31922188	3.28205072	1.91440835
4.98841946	163.73987834	0.00610725	140.63761051	23.10226783	69.31207480	3.28449637	1.91298288
4.99213620	170.21327209	0.00587498	145.49297126	24.72030083	69.30493567	3.28694201	1.91155952
4.99585294	171.82102966	0.00582001	149.69244836	22.12858130	69.29780451	3.28938765	1.91013829
4.99956968	170.24328105	0.00587395	153.11329166	17.12998939	69.29068135	3.29183329	1.90871917
5.00328642	168.55640666	0.00593273	155.73695067	12.81945599	69.28356624	3.29427892	1.90730216
5.00700317	168.86145528	0.00592201	157.64431977	11.21713551	69.27645917	3.29672456	1.90588725
5.01071991	171.94590759	0.00581578	158.96761349	12.97829410	69.26936024	3.29917019	1.90447444
5.01443665	177.02570089	0.00564890	159.83121011	17.19449078	69.26226944	3.30161581	1.90306373
5.01815339	182.13637288	0.00549039	160.30286830	21.83350458	69.25518682	3.30406143	1.90165511
5.02187013	185.58322652	0.00538842	160.37180875	25.21141777	69.24811240	3.30650705	1.90024858
5.02558687	186.11604309	0.00537299	159.95645695	26.15958614	69.24104622	3.30895266	1.89884412
5.02930361	183.42632548	0.00545178	158.93948727	24.48683821	69.23398831	3.31139827	1.89744175
5.03302035	177.95641073	0.00561935	157.21262874	20.74378199	69.22693870	3.31384387	1.89604144
5.03673710	170.79453023	0.00585499	154.71584671	16.07868352	69.21989741	3.31628948	1.89464320
5.04045384	162.77474467	0.00614346	151.45424323	11.32050144	69.21286450	3.31873508	1.89324702
5.04417058	153.87898763	0.00649861	147.49400290	6.38498473	69.20584000	3.32118068	1.89185290
5.04788732	144.03681946	0.00694267	142.94718879	1.08963067	69.19882392	3.32362627	1.89046084
5.05160406	133.44443258	0.00749376	137.95805392	-4.51362134	69.19181631	3.32607186	1.88907083
5.05532080	122.29098511	0.00817722	132.69146929	-10.40048418	69.18481719	3.32851744	1.88768286
5.05903754	111.36091359	0.00897981	127.31939089	-15.95847730	69.17782660	3.33096302	1.88629693
5.06275429	101.70416260	0.00983244	122.00478340	-20.30062080	69.17084454	3.33340861	1.88491303
5.06647103	93.75558980	0.01066603	116.88713733	-23.13154753	69.16387109	3.33585418	1.88353116
5.07018777	87.49770355	0.01142887	112.07415991	-24.57645636	69.15690626	3.33829975	1.88215133
5.07390451	82.85089111	0.01206988	107.64036076	-24.78946965	69.14995008	3.34074532	1.88077351
5.07762125	79.58812968	0.01256469	103.63062570	-24.04249602	69.14300258	3.34319088	1.87939771
5.08133799	77.30411784	0.01293592	100.06593626	-22.76181842	69.13606379	3.34563644	1.87802393
5.08505473	75.73777008	0.01320345	96.94933459	-21.21156451	69.12913374	3.34808200	1.87665216
5.08877147	74.75938416	0.01337625	94.27122302	-19.51183886	69.12221246	3.35052755	1.87528239
5.09248822	74.14838409	0.01348647	92.01377044	-17.86538635	69.11529996	3.35297311	1.87391461
5.09620496	73.73750305	0.01356162	90.15453258	-16.41702953	69.10839631	3.35541866	1.87254884
5.09992170	73.50190989	0.01360509	88.66935140	-15.16744151	69.10150153	3.35786420	1.87118506
5.10363844	73.37504069	0.01362861	87.53467435	-14.15963366	69.09461563	3.36030974	1.86982326
5.10735518	73.32072957	0.01363871	86.72923439	-13.40850482	69.08773866	3.36275527	1.86846345
5.11107192	73.31496938	0.01363978	86.23515565	-12.92018627	69.08087063	3.36520081	1.86710561
5.11478866	73.37624359	0.01362839	86.03841662	-12.66217303	69.07401159	3.36764633	1.86574975
5.11850541	73.49124146	0.01360706	86.12880553	-12.63756407	69.06716153	3.37009187	1.86439586
5.12222215	73.67541504	0.01357305	86.49891611	-12.82350107	69.06032053	3.37253739	1.86304393
5.12593889	73.93827820	0.01352479	87.14319559	-13.20491739	69.05348859	3.37498291	1.86169397
5.12965563	74.32567851	0.01345430	88.05680875	-13.73113024	69.04666575	3.37742842	1.86034596
5.13337237	74.89330292	0.01335233	89.23217689	-14.33887397	69.03985203	3.37987393	1.85899990
5.13708911	75.81266022	0.01319041	90.65893570	-14.84627548	69.03304747	3.38231944	1.85765580
5.14080585	77.25421906	0.01294428	92.31896297	-15.06474391	69.02625208	3.38476494	1.85631363
5.14452260	79.51363118	0.01257646	94.18613411	-14.67250293	69.01946588	3.38721045	1.85497341
5.14823934	83.17640432	0.01202264	96.22012764	-13.04372332	69.01268894	3.38965594	1.85363512
5.15195608	88.79154205	0.01126233	98.36520329	-9.57366124	69.00592126	3.39210144	1.85229877
5.15567282	96.97842662	0.01031157	100.54281786	-3.56439124	68.99916287	3.39454693	1.85096434
5.15938956	108.52905782	0.00921412	102.65096797	5.87808985	68.99241380	3.39699241	1.84963183
5.16310630	122.40444946	0.00816964	104.56079279	17.84365667	68.98567408	3.39943789	1.84830125
5.16682304	136.62057495	0.00731954	106.12628474	30.49429021	68.97894373	3.40188337	1.84697258
5.17053978	148.94016520	0.00671411	107.19903725	41.74112795	68.97222278	3.40432885	1.84564582
5.17425653	156.00904338	0.00640988	107.65760238	48.35144100	68.96551124	3.40677433	1.84432096
5.17797327	156.14651998	0.00640424	107.43527233	48.71124765	68.95880917	3.40921979	1.84299801
5.18169001	149.24729411	0.00670029	106.53909471	42.70819940	68.95211659	3.41166526	1.84167696
5.18540675	137.89580790	0.00725185	105.04761935	32.84818855	68.94543351	3.41411072	1.84035780
5.18912349	124.99179331	0.00800053	103.08815063	21.90364268	68.93875997	3.41655618	1.83904054
5.19284023	112.09496053	0.00892101	100.80855371	11.28640682	68.93209599	3.41900163	1.83772516
5.19655697	101.03448486	0.00989761	98.34930237	2.68518249	68.92544159	3.42144708	1.83641166
5.20027372	92.36148326	0.01082702	95.83112725	-3.46964399	68.91879679	3.42389253	1.83510003
5.20399046	85.80682119	0.01165409	93.34691781	-7.54009662	68.91216165	3.42633798	1.83379029
5.20770720	81.07192485	0.01233473	90.96599535	-9.89407050	68.90553617	3.42878342	1.83248241
5.21142394	77.81897990	0.01285034	88.73477518	-10.91579528	68.89892039	3.43122885	1.83117640
5.21514068	75.69320424	0.01321123	86.68389282	-10.99068858	68.89231432	3.43367428	1.82987226
5.21885742	74.24994405	0.01346802	84.82897855	-10.57903450	68.88571799	3.43611971	1.82856997
5.22257416	73.26974996	0.01364820	83.17593532	-9.90618536	68.87913143	3.43856514	1.82726953
5.22629090	72.60679118	0.01377282	81.72217046	-9.11537928	68.87255466	3.44101056	1.82597095
5.23000765	72.15043640	0.01385993	80.45812028	-8.30768388	68.86598769	3.44345598	1.82467421
5.23372439	71.81994629	0.01392371	79.37054396	-7.55059767	68.85943058	3.44590140	1.82337931
5.23744113	71.59586589	0.01396729	78.44253392	-6.84666803	68.85288333	3.44834681	1.82208625
5.24115787	71.41307831	0.01400304	77.65629978	-6.24322147	68.84634598	3.45079221	1.82079503
5.24487461	71.25797526	0.01403352	76.99314457	-5.73516931	68.83981854	3.45323762	1.81950564
5.24859135	71.13475800	0.01405783	76.43540891	-5.30065091	68.83330104	3.45568301	1.81821807
5.25230809	71.03948212	0.01407668	75.96630266	-4.92682054	68.82679351	3.45812841	1.81693233
5.25602484	70.96652730	0.01409115	75.57104880	-4.60452150	68.82029594	3.46057381	1.81564840
5.25974158	70.91832225	0.01410073	75.23649128	-4.31816903	68.81380841	3.46301920	1.81436629
5.26345832	70.85936228	0.01411246	74.95167393	-4.09231165	68.80733091	3.46546458	1.81308600
5.26717506	70.80750020	0.01412280	74.70730702	-3.89980682	68.80086347	3.46790996	1.81180751
5.27089180	70.76237488	0.01413180	74.49598288	-3.73360800	68.79440612	3.47035534	1.81053082
5.27460854	70.73110962	0.01413805	74.31163223	-3.58052261	68.78795887	3.47280071	1.80925594
5.27832528	70.69769541	0.01414473	74.14957776	-3.45188235	68.78152175	3.47524609	1.80798285
5.28204202	70.65255229	0.01415377	74.00605720	-3.35350491	68.77509478	3.47769145	1.80671155
5.28575877	70.60822805	0.01416266	73.87824119	-3.27001314	68.76867797	3.48013682	1.80544204
5.28947551	70.57968140	0.01416838	73.76384988	-3.18416848	68.76227138	3.48258218	1.80417431
5.29319225	70.58730570	0.01416685	73.66119314	-3.07388744	68.75587501	3.48502754	1.80290837
5.29690899	70.59728750	0.01416485	73.56888263	-2.97159513	68.74948888	3.48747289	1.80164420
5.30062573	70.58482869	0.01416735	73.48588450	-2.90105581	68.74311302	3.48991824	1.80038181
5.30434247	70.55163574	0.01417402	73.41132717	-2.85969143	68.73674744	3.49236358	1.79912119
5.30805921	70.53488922	0.01417738	73.34456606	-2.80967684	68.73039218	3.49480892	1.79786233
5.31177596	70.52402751	0.01417956	73.28502393	-2.76099642	68.72404723	3.49725427	1.79660523
5.31549270	70.51769257	0.01418084	73.23227768	-2.71458511	68.71771266	3.49969960	1.79534990
5.31920944	70.50340525	0.01418371	73.18594742	-2.68254217	68.71138846	3.50214493	1.79409631
5.32292618	70.48989105	0.01418643	73.14575513	-2.65586408	68.70507466	3.50459025	1.79284448
5.32664292	70.49052429	0.01418630	73.11145348	-2.62092919	68.69877128	3.50703558	1.79159440
5.33035966	70.48960876	0.01418649	73.08287154	-2.59326278	68.69247834	3.50948090	1.79034606
5.33407640	70.50453440	0.01418348	73.05986993	-2.55533553	68.68619586	3.51192621	1.78909947
5.33779314	70.51644643	0.01418109	73.04236436	-2.52591793	68.67992387	3.51437152	1.78785460
5.34150989	70.53371684	0.01417762	73.03030822	-2.49659138	68.67366237	3.51681684	1.78661147
5.34522663	70.54821777	0.01417470	73.02370391	-2.47548614	68.66741140	3.51926214	1.78537007
5.34894337	70.56376902	0.01417158	73.02259341	-2.45882439	68.66117099	3.52170744	1.78413040
5.35266011	70.59598541	0.01416511	73.02706872	-2.43108331	68.65494114	3.52415274	1.78289245
5.35637685	70.63779704	0.01415673	73.03727286	-2.39947582	68.64872188	3.52659803	1.78165622
5.36009359	70.69984945	0.01414430	73.05340494	-2.35355549	68.64251322	3.52904332	1.78042170
5.36381033	70.76611074	0.01413106	73.07573643	-2.30962569	68.63631520	3.53148861	1.77918889
5.36752708	70.83539581	0.01411724	73.10461173	-2.26921592	68.63012780	3.53393389	1.77795779
5.37124382	70.88430786	0.01410749	73.14049043	-2.25618257	68.62395109	3.53637917	1.77672840
5.37496056	70.93393199	0.01409763	73.18394253	-2.25001054	68.61778507	3.53882445	1.77550071
5.37867730	70.98482259	0.01408752	73.23572354	-2.25090095	68.61162976	3.54126972	1.77427471
5.38239404	71.02213033	0.01408012	73.29677733	-2.27464700	68.60548517	3.54371498	1.77305041
5.38611078	71.03173574	0.01407821	73.36835709	-2.33662135	68.59935133	3.54616025	1.77182780
5.38982752	71.04149373	0.01407628	73.45203430	-2.41054057	68.59322826	3.54860551	1.77060688
5.39354427	71.06641897	0.01407134	73.54987800	-2.48345903	68.58711596	3.55105077	1.76938763
5.39726101	71.10765076	0.01406318	73.66447717	-2.55682641	68.58101447	3.55349602	1.76817007
5.40097775	71.14892069	0.01405503	73.79919218	-2.65027149	68.57492381	3.55594127	1.76695419
5.40469449	71.21866353	0.01404126	73.95815196	-2.73948843	68.56884399	3.55838651	1.76573997
5.40841123	71.29812622	0.01402561	74.14658056	-2.84845434	68.56277504	3.56083175	1.76452743
5.41212797	71.39584605	0.01400642	74.37073046	-2.97488441	68.55671696	3.56327699	1.76331655
5.41584471	71.50882212	0.01398429	74.63823125	-3.12940913	68.55066978	3.56572222	1.76210734
5.41956145	71.62244670	0.01396210	74.95786544	-3.33541874	68.54463352	3.56816745	1.76089979
5.42327820	71.74844869	0.01393758	75.33990586	-3.59145717	68.53860818	3.57061269	1.75969388
5.42699494	71.87192281	0.01391364	75.79556655	-3.92364374	68.53259380	3.57305791	1.75848964
5.43071168	72.01643372	0.01388572	76.33728316	-4.32084944	68.52659040	3.57550313	1.75728704
5.43442842	72.20503489	0.01384945	76.97771666	-4.77268177	68.52059798	3.57794834	1.75608609
5.43814516	72.47240957	0.01379835	77.72993578	-5.25752621	68.51461657	3.58039355	1.75488678
5.44186190	72.81584676	0.01373327	78.60586965	-5.79002289	68.50864618	3.58283876	1.75368911
5.44557864	73.23276520	0.01365509	79.61647565	-6.38371045	68.50268684	3.58528396	1.75249307
5.44929539	73.77633413	0.01355448	80.76960887	-6.99327474	68.49673854	3.58772917	1.75129867
5.45301213	74.57304382	0.01340967	82.07027096	-7.49722714	68.49080133	3.59017436	1.75010589
5.45672887	75.76497650	0.01319871	83.51786914	-7.75289264	68.48487521	3.59261955	1.74891474
5.46044561	77.55044556	0.01289483	85.10654707	-7.55610151	68.47896020	3.59506474	1.74772522
5.46416235	80.28583018	0.01245550	86.82161162	-6.53578144	68.47305632	3.59750993	1.74653731
5.46787909	84.43626404	0.01184325	88.63959328	-4.20332924	68.46716358	3.59995511	1.74535102
5.47159583	90.46510061	0.01105399	90.52352803	-0.05842742	68.46128200	3.60240028	1.74416634
5.47531257	98.90314229	0.01011090	92.42257765	6.48056464	68.45541160	3.60484546	1.74298327
5.47902932	110.24742381	0.00907051	94.26722842	15.98019539	68.44955237	3.60729063	1.74180180
5.48274606	123.27815755	0.00811174	95.97128521	27.30687234	68.44370437	3.60973580	1.74062193
5.48646280	136.18352254	0.00734303	97.43319488	38.75032766	68.43786760	3.61218096	1.73944367
5.49017954	146.86914571	0.00680878	98.54825147	48.32089424	68.43204206	3.61462612	1.73826700
5.49389628	152.55142721	0.00655517	99.22348457	53.32794264	68.42622778	3.61707127	1.73709193
5.49761302	152.09785970	0.00657471	99.39863307	52.69922663	68.42042478	3.61951642	1.73591844
5.50132976	145.73640951	0.00686170	99.06053031	46.67587920	68.41463306	3.62196157	1.73474654
5.50504651	135.53107707	0.00737838	98.24684713	37.28422994	68.40885263	3.62440672	1.73357622
5.50876325	123.61565145	0.00808959	97.03640902	26.57924243	68.40308353	3.62685185	1.73240749
5.51247999	111.69613393	0.00895286	95.53098004	16.16515389	68.39732577	3.62929699	1.73124033
5.51619673	101.46876780	0.00985525	93.82761012	7.64115768	68.39157936	3.63174212	1.73007474
5.51991347	93.39390564	0.01070734	92.03726010	1.35664554	68.38584431	3.63418725	1.72891072
5.52363021	87.15936788	0.01147324	90.23070844	-3.07134056	68.38012064	3.63663237	1.72774828
5.52734695	82.58475240	0.01210877	88.46816681	-5.88341441	68.37440837	3.63907749	1.72658739
5.53106369	79.46763102	0.01258374	86.79359143	-7.32596041	68.36870750	3.64152261	1.72542807
5.53478044	77.35397339	0.01292758	85.23796422	-7.88399083	68.36301804	3.64396773	1.72427030
5.53849718	75.94081370	0.01316815	83.82008608	-7.87927238	68.35734004	3.64641283	1.72311408
5.54221392	75.03807576	0.01332657	82.55102369	-7.51294793	68.35167348	3.64885794	1.72195942
5.54593066	74.42745717	0.01343590	81.43392618	-7.00646901	68.34601839	3.65130304	1.72080631
5.54964740	74.01085663	0.01351153	80.46740394	-6.45654731	68.34037478	3.65374813	1.71965474
5.55336414	73.73884074	0.01356137	79.64516023	-5.90631949	68.33474267	3.65619323	1.71850472
5.55708088	73.56657918	0.01359313	78.95865414	-5.39207496	68.32912206	3.65863832	1.71735623
5.56079763	73.45182800	0.01361437	78.39681691	-4.94498891	68.32351296	3.66108341	1.71620928
5.56451437	73.38337962	0.01362706	77.94815118	-4.56477156	68.31791540	3.66352849	1.71506386
5.56823111	73.34376272	0.01363442	77.60050719	-4.25674447	68.31232940	3.66597357	1.71391997
5.57194785	73.34383901	0.01363441	77.34263561	-3.99879660	68.30675495	3.66841864	1.71277761
5.57566459	73.37999471	0.01362769	77.16391653	-3.78392182	68.30119208	3.67086371	1.71163677
5.57938133	73.44163767	0.01361625	77.05543238	-3.61379471	68.29564080	3.67330877	1.71049745
5.58309807	73.50187937	0.01360509	77.00961249	-3.50773312	68.29010112	3.67575384	1.70935965
5.58681481	73.56426239	0.01359356	77.02095838	-3.45669599	68.28457305	3.67819889	1.70822337
5.59053156	73.64640554	0.01357840	77.08562223	-3.43921669	68.27905659	3.68064396	1.70708859
5.59424830	73.74893443	0.01355952	77.20189157	-3.45295714	68.27355179	3.68308901	1.70595533
5.59796504	73.84766642	0.01354139	77.36991549	-3.52224907	68.26805864	3.68553405	1.70482357
5.60168178	73.96896362	0.01351918	77.59191860	-3.62295498	68.26257715	3.68797909	1.70369331
5.60539852	74.11933645	0.01349176	77.87208560	-3.75274915	68.25710733	3.69042413	1.70256455
5.60911526	74.29929097	0.01345908	78.21666131	-3.91737034	68.25164921	3.69286917	1.70143729
5.61283200	74.49512736	0.01342370	78.63391606	-4.13878870	68.24620278	3.69531420	1.70031152
5.61654875	74.73598226	0.01338044	79.13408637	-4.39810411	68.24076805	3.69775923	1.69918724
5.62026549	75.03000641	0.01332800	79.72940179	-4.69939538	68.23534506	3.70020426	1.69806445
5.62398223	75.37511190	0.01326698	80.43374713	-5.05863523	68.22993380	3.70264927	1.69694315
5.62769897	75.81584930	0.01318985	81.26269006	-5.44684076	68.22453429	3.70509429	1.69582332
5.63141571	76.40958913	0.01308736	82.23277606	-5.82318693	68.21914654	3.70753930	1.69470498
5.63513245	77.24933116	0.01294510	83.36154791	-6.11221675	68.21377055	3.70998431	1.69358811
5.63884919	78.38959503	0.01275680	84.66619680	-6.27660177	68.20840635	3.71242931	1.69247271
5.64256593	79.91307831	0.01251360	86.16393433	-6.25085602	68.20305394	3.71487431	1.69135879
5.64628268	82.01089986	0.01219350	87.86969954	-5.85879968	68.19771331	3.71731931	1.69024632
5.64999942	84.79865265	0.01179264	89.79676964	-4.99811699	68.19238452	3.71976431	1.68913533
5.65371616	88.38374583	0.01131430	91.95361265	-3.56986682	68.18706754	3.72220929	1.68802580
5.65743290	93.00832113	0.01075173	94.34444848	-1.33612735	68.18176240	3.72465428	1.68691772
5.66114964	98.67119598	0.01013467	96.96490207	1.70629391	68.17646911	3.72709926	1.68581110
5.66486638	105.16938273	0.00950847	99.80219012	5.36719261	68.17118767	3.72954423	1.68470594
5.66858312	112.46696981	0.00889150	102.82943707	9.63753274	68.16591810	3.73198921	1.68360222
5.67229987	120.05466715	0.00832954	106.00583963	14.04882752	68.16066039	3.73443418	1.68249995
5.67601661	127.23505147	0.00785947	109.27165682	17.96339465	68.15541458	3.73687915	1.68139912
5.67973335	133.52815755	0.00748906	112.55216339	20.97599416	68.15018066	3.73932411	1.68029974
5.68345009	138.55316162	0.00721745	115.75976297	22.79339865	68.14495865	3.74176906	1.67920179
5.68716683	142.07664998	0.00703845	118.80766548	23.26898450	68.13974855	3.74421402	1.67810528
5.69088357	144.43052673	0.00692374	121.62160314	22.80892359	68.13455038	3.74665896	1.67701020
5.69460031	146.23857625	0.00683814	124.15522703	22.08334922	68.12936414	3.74910391	1.67591655
5.69831706	148.25339254	0.00674521	126.39388075	21.85951179	68.12418984	3.75154886	1.67482433
5.70203380	150.87582397	0.00662797	128.35012144	22.52570253	68.11902749	3.75399379	1.67373354
5.70575054	153.87915548	0.00649861	130.04937602	23.82977946	68.11387711	3.75643873	1.67264416
5.70946728	156.22710164	0.00640094	131.51455784	24.71254380	68.10873870	3.75888366	1.67155621
5.71318402	156.77861023	0.00637842	132.75894738	24.01966285	68.10361228	3.76132858	1.67046967
5.71690076	154.88396200	0.00645645	133.78660294	21.09735906	68.09849783	3.76377350	1.66938454
5.72061750	150.66359965	0.00663730	134.60510166	16.05849799	68.09339539	3.76621842	1.66830083
5.72433424	145.11394755	0.00689114	135.23361482	9.88033273	68.08830495	3.76866333	1.66721852
5.72805099	139.72535706	0.00715690	135.71110087	4.01425619	68.08322651	3.77110825	1.66613762
5.73176773	136.18794250	0.00734279	136.08589819	0.10204431	68.07816011	3.77355315	1.66505812
5.73548447	135.08602905	0.00740269	136.40593202	-1.31990297	68.07310574	3.77599805	1.66398002
5.73920121	135.82786051	0.00736226	136.69770358	-0.86984307	68.06806340	3.77844295	1.66290331
5.74291795	137.03755697	0.00729727	136.96016911	0.07738786	68.06303311	3.78088784	1.66182801
5.74663469	137.42822774	0.00727653	137.15869687	0.26953087	68.05801488	3.78333273	1.66075409
5.75035143	136.16626994	0.00734396	137.23856668	-1.07229674	68.05300871	3.78577762	1.65968156
5.75406818	133.54984029	0.00748784	137.13886261	-3.58902232	68.04801459	3.78822251	1.65861042
5.75778492	130.74790446	0.00764831	136.81442507	-6.06652061	68.04303257	3.79066738	1.65754066
5.76150166	129.25217183	0.00773681	136.24722671	-6.99505488	68.03806263	3.79311226	1.65647228
5.76521840	130.50988770	0.00766225	135.44801676	-4.93812906	68.03310478	3.79555713	1.65540528
5.76893514	134.68479919	0.00742474	134.44543331	0.23936588	68.02815903	3.79800199	1.65433966
5.77265188	140.84025574	0.00710024	133.26763283	7.57262291	68.02322539	3.80044685	1.65327540
5.77636862	146.65702820	0.00681863	131.92952869	14.72749951	68.01830386	3.80289171	1.65221252
5.78008536	149.95211283	0.00666880	130.42475067	19.52736216	68.01339445	3.80533656	1.65115101
5.78380211	149.18270874	0.00670319	128.73404247	20.44866627	68.00849716	3.80778142	1.65009086
5.78751885	144.12866211	0.00693825	126.83704369	17.29161842	68.00361201	3.81022627	1.64903207
5.79123559	135.73716736	0.00736718	124.73227105	11.00489631	67.99873900	3.81267111	1.64797464
5.79495233	125.29893239	0.00798091	122.44710256	2.85182983	67.99387814	3.81511594	1.64691857
5.79866907	115.07842000	0.00868973	120.04196276	-4.96354276	67.98902943	3.81756078	1.64586386
5.80238581	106.16210429	0.00941956	117.60275849	-11.44065420	67.98419288	3.82000561	1.64481049
5.80610255	98.72540029	0.01012911	115.22598951	-16.50058922	67.97936850	3.82245043	1.64375848
5.80981930	92.96752167	0.01075644	113.00916487	-20.04164320	67.97455627	3.82489526	1.64270781
5.81353604	88.78706360	0.01126290	111.04047708	-22.25341348	67.96975623	3.82734008	1.64165848
5.81725278	85.91763306	0.01163905	109.39142376	-23.47379070	67.96496838	3.82978489	1.64061050
5.82096952	84.03473409	0.01189984	108.13453825	-24.09980416	67.96019271	3.83222970	1.63956386
5.82468626	82.93095652	0.01205822	107.31877255	-24.38781603	67.95542924	3.83467451	1.63851855
5.82840300	82.42072805	0.01213287	106.99008021	-24.56935216	67.95067797	3.83711931	1.63747458
5.83211974	82.33940125	0.01214485	107.18699898	-24.84759773	67.94593890	3.83956410	1.63643193
5.83583648	82.60145060	0.01210632	107.94373937	-25.34228877	67.94121204	3.84200890	1.63539062
5.83955323	83.26396434	0.01201000	109.28800323	-26.02403889	67.93649739	3.84445369	1.63435063
5.84326997	84.40474955	0.01184767	111.24281724	-26.83806769	67.93179497	3.84689848	1.63331196
5.84698671	86.14496867	0.01160834	113.82262628	-27.67765761	67.92710477	3.84934326	1.63227462
5.85070345	88.88465373	0.01125054	117.03411960	-28.14946587	67.92242680	3.85178804	1.63123860
5.85442019	93.07238261	0.01074433	120.87096341	-27.79858080	67.91776107	3.85423281	1.63020389
5.85813693	99.34939575	0.01006549	125.31334757	-25.96395182	67.91310758	3.85667758	1.62917049
5.86185367	108.97018941	0.00917682	130.32122917	-21.35103976	67.90846633	3.85912234	1.62813841
5.86557042	122.78608958	0.00814425	135.83221617	-13.04612659	67.90383731	3.86156711	1.62710763
5.86928716	141.16388957	0.00708396	141.75249819	-0.58860862	67.89922056	3.86401187	1.62607816
5.87300390	164.58301290	0.00607596	147.95533241	16.62768049	67.89461607	3.86645662	1.62504999
5.87672064	191.08594767	0.00523325	154.27052013	36.81542754	67.89002384	3.86890137	1.62402313
5.88043738	217.50947571	0.00459750	160.49133520	57.01814051	67.88544387	3.87134611	1.62299756
5.88415412	241.47124227	0.00414128	166.37236169	75.09888058	67.88087617	3.87379085	1.62197329
5.88787086	260.29105632	0.00384185	171.65380116	88.63725516	67.87632074	3.87623559	1.62095032
5.89158760	272.25802612	0.00367299	176.07730124	96.18072488	67.87177759	3.87868032	1.61992863
5.89530435	276.75116984	0.00361335	179.42204297	97.32912687	67.86724671	3.88112505	1.61890823
5.89902109	274.11867269	0.00364806	181.52254035	92.59613234	67.86272812	3.88356978	1.61788912
5.90273783	264.96398926	0.00377410	182.28770303	82.67628623	67.85822181	3.88601450	1.61687130
5.90645457	249.06485494	0.00401502	181.70217938	67.36267556	67.85372780	3.88845921	1.61585475
5.91017131	227.74676005	0.00439084	179.82520961	47.92155044	67.84924608	3.89090393	1.61483949
5.91388805	203.85104879	0.00490554	176.78662569	27.06442310	67.84477665	3.89334863	1.61382550
5.91760479	179.46024068	0.00557226	172.77644926	6.68379142	67.84031952	3.89579334	1.61281279
5.92132154	156.65474955	0.00638346	168.03480246	-11.38005291	67.83587468	3.89823804	1.61180134
5.92503828	137.52860006	0.00727121	162.82660143	-25.29800137	67.83144216	3.90068274	1.61079117
5.92875502	122.50515238	0.00816292	157.42127620	-34.91612382	67.82702194	3.90312743	1.60978226
5.93247176	111.14937083	0.00899690	152.06708710	-40.91771627	67.82261403	3.90557212	1.60877462
5.93618850	103.12828318	0.00969666	146.98080732	-43.85252414	67.81821844	3.90801680	1.60776824
5.93990524	98.15556844	0.01018791	142.33663989	-44.18107145	67.81383515	3.91046148	1.60676313
5.94362198	95.50641378	0.01047050	138.27065029	-42.76423651	67.80946419	3.91290615	1.60575926
5.94733873	94.73062897	0.01055625	134.87950721	-40.14887824	67.80510552	3.91535083	1.60475666
5.95105547	95.67205048	0.01045237	132.22904674	-36.55699626	67.80075919	3.91779550	1.60375530
5.95477221	98.14956156	0.01018853	130.35571173	-32.20615017	67.79642519	3.92024016	1.60275520
5.95848895	101.86503855	0.00981691	129.27092568	-27.40588713	67.79210350	3.92268482	1.60175635
5.96220569	106.74878438	0.00936779	128.96331299	-22.21452861	67.78779414	3.92512947	1.60075874
5.96592243	112.74459330	0.00886960	129.39936462	-16.65477132	67.78349711	3.92757412	1.59976238
5.96963917	119.38399760	0.00837633	130.52377665	-11.13977905	67.77921240	3.93001877	1.59876725
5.97335591	126.38949076	0.00791205	132.25807218	-5.86858142	67.77494003	3.93246341	1.59777337
5.97707266	133.69844564	0.00747952	134.49969278	-0.80124714	67.77067997	3.93490805	1.59678072
5.98078940	140.78022766	0.00710327	137.11344785	3.66677981	67.76643226	3.93735269	1.59578930
5.98450614	147.30751546	0.00678852	139.96274851	7.34476695	67.76219688	3.93979732	1.59479912
5.98822288	153.31301880	0.00652260	142.87066683	10.44235197	67.75797383	3.94224194	1.59381017
5.99193962	158.39563497	0.00631331	145.65982033	12.73581464	67.75376312	3.94468656	1.59282245
5.99565636	162.39596558	0.00615779	148.16070728	14.23525830	67.74956475	3.94713118	1.59183595
5.99937310	165.60803223	0.00603835	150.22585234	15.38217989	67.74537871	3.94957579	1.59085067
6.00308985	168.43614197	0.00593697	151.74276148	16.69338049	67.74120500	3.95202041	1.58986661
6.00680659	170.92640177	0.00585047	152.63509182	18.29130995	67.73704363	3.95446501	1.58888378
6.01052333	172.73624674	0.00578917	152.86045969	19.87578705	67.73289461	3.95690961	1.58790216
6.01424007	172.90027364	0.00578368	152.40376963	20.49650401	67.72875792	3.95935421	1.58692175
6.01795681	170.27900187	0.00587271	151.27584570	19.00315617	67.72463357	3.96179880	1.58594255
6.02167355	164.02043660	0.00609680	149.51716924	14.50326736	67.72052155	3.96424339	1.58496457
6.02539029	154.71641541	0.00646344	147.20137276	7.51504265	67.71642188	3.96668797	1.58398779
6.02910703	143.84312948	0.00695202	144.43629517	-0.59316569	67.71233454	3.96913255	1.58301221
6.03282378	132.77583822	0.00753149	141.35307401	-8.57723579	67.70825953	3.97157713	1.58203784
6.03654052	123.39653015	0.00810396	138.09113068	-14.69460053	67.70419687	3.97402171	1.58106467
6.04025726	116.71579488	0.00856782	134.77996632	-18.06417144	67.70014655	3.97646627	1.58009269
6.04397400	112.79328664	0.00886578	131.52505146	-18.73176482	67.69610856	3.97891083	1.57912192
6.04769074	111.32136027	0.00898300	128.39987834	-17.07851807	67.69208291	3.98135539	1.57815233
6.05140748	111.80703481	0.00894398	125.44267169	-13.63563688	67.68806959	3.98379995	1.57718394
6.05512422	113.58060455	0.00880432	122.65905437	-9.07844982	67.68406861	3.98624450	1.57621674
6.05884097	115.55764771	0.00865369	120.02647806	-4.46883035	67.68007995	3.98868905	1.57525072
6.06255771	116.83857981	0.00855882	117.50394036	-0.66536055	67.67610363	3.99113359	1.57428589
6.06627445	116.77821350	0.00856324	115.04216228	1.73605122	67.67213964	3.99357813	1.57332224
6.06999119	115.06304932	0.00869089	112.59744533	2.46560399	67.66818799	3.99602266	1.57235978
6.07370793	111.79349264	0.00894506	110.14091072	1.65258192	67.66424866	3.99846719	1.57139849
6.07742467	107.21145630	0.00932736	107.66595883	-0.45450253	67.66032166	4.00091172	1.57043838
6.08114141	102.08839417	0.00979543	105.18562898	-3.09723481	67.65640699	4.00335624	1.56947944
6.08485815	97.10648346	0.01029797	102.72855402	-5.62207056	67.65250464	4.00580075	1.56852167
6.08857490	92.58335114	0.01080108	100.32855177	-7.74520063	67.64861460	4.00824527	1.56756508
6.09229164	88.79961395	0.01126131	98.01931451	-9.21970056	67.64473689	4.01068978	1.56660965
6.09600838	85.83697001	0.01164999	95.82774278	-9.99077277	67.64087151	4.01313429	1.56565539
6.09972512	83.59808604	0.01196200	93.77413586	-10.17604982	67.63701843	4.01557879	1.56470229
6.10344186	81.96463267	0.01220038	91.87032532	-9.90569265	67.63317768	4.01802328	1.56375035
6.10715860	80.80893199	0.01237487	90.12275960	-9.31382761	67.62934924	4.02046777	1.56279957
6.11087534	80.04409027	0.01249311	88.53210726	-8.48801699	67.62553310	4.02291226	1.56184995
6.11459209	79.53596242	0.01257293	87.09621187	-7.56024945	67.62172927	4.02535675	1.56090148
6.11830883	79.21686808	0.01262357	85.80956094	-6.59269286	67.61793775	4.02780123	1.55995417
6.12202557	79.01142375	0.01265640	84.66543494	-5.65401119	67.61415853	4.03024570	1.55900800
6.12574231	78.90358988	0.01267369	83.65520973	-4.75161985	67.61039161	4.03269017	1.55806299
6.12945905	78.86713409	0.01267955	82.76991661	-3.90278252	67.60663700	4.03513464	1.55711912
6.13317579	78.88625081	0.01267648	81.99960954	-3.11335873	67.60289467	4.03757910	1.55617640
6.13689253	78.92199961	0.01267074	81.33452806	-2.41252845	67.59916464	4.04002356	1.55523482
6.14060927	78.98768616	0.01266020	80.76465116	-1.77696500	67.59544690	4.04246801	1.55429438
6.14432602	79.07456462	0.01264629	80.28058781	-1.20602319	67.59174143	4.04491246	1.55335508
6.14804276	79.16304779	0.01263216	79.87323507	-0.71018728	67.58804825	4.04735691	1.55241691
6.15175950	79.24467723	0.01261914	79.53440076	-0.28972353	67.58436736	4.04980135	1.55147988
6.15547624	79.31651560	0.01260771	79.25671244	0.05980316	67.58069873	4.05224579	1.55054398
6.15919298	79.36068726	0.01260070	79.03365013	0.32703713	67.57704239	4.05469022	1.54960921
6.16290972	79.38750458	0.01259644	78.85985250	0.52765208	67.57339831	4.05713465	1.54867557
6.16662646	79.41156514	0.01259262	78.73088231	0.68068283	67.56976649	4.05957907	1.54774305
6.17034321	79.41523234	0.01259204	78.64346306	0.77176928	67.56614693	4.06202349	1.54681166
6.17405995	79.40547434	0.01259359	78.59529380	0.81018054	67.56253963	4.06446791	1.54588139
6.17777669	79.37106069	0.01259905	78.58521253	0.78584816	67.55894459	4.06691232	1.54495224
6.18149343	79.33410899	0.01260492	78.61305437	0.72105462	67.55536179	4.06935673	1.54402421
6.18521017	79.28454844	0.01261280	78.67979870	0.60474974	67.55179125	4.07180113	1.54309730
6.18892691	79.24993388	0.01261831	78.78747889	0.46245499	67.54823294	4.07424552	1.54217149
6.19264365	79.21553040	0.01262379	78.93932579	0.27620461	67.54468687	4.07668992	1.54124680
6.19636040	79.19302114	0.01262738	79.13969169	0.05332945	67.54115302	4.07913431	1.54032322
6.20007714	79.18316142	0.01262895	79.39422059	-0.21105917	67.53763141	4.08157870	1.53940075
6.20379388	79.19675700	0.01262678	79.70971829	-0.51296129	67.53412202	4.08402308	1.53847938
6.20751062	79.25089773	0.01261815	80.09430563	-0.84340790	67.53062485	4.08646746	1.53755912
6.21122736	79.34976451	0.01260243	80.55721244	-1.20744793	67.52713989	4.08891183	1.53663996
6.21494410	79.50196075	0.01257831	81.10883237	-1.60687162	67.52366715	4.09135619	1.53572190
6.21866084	79.71075694	0.01254536	81.76038205	-2.04962511	67.52020660	4.09380056	1.53480494
6.22237758	80.00503540	0.01249921	82.52384192	-2.51880652	67.51675826	4.09624492	1.53388907
6.22609433	80.43454742	0.01243247	83.41140105	-2.97685363	67.51332210	4.09868928	1.53297430
6.22981107	81.05452983	0.01233737	84.43528726	-3.38075743	67.50989813	4.10113363	1.53206061
6.23352781	81.89971924	0.01221005	85.60694678	-3.70722754	67.50648635	4.10357797	1.53114802
6.23724455	83.11811829	0.01203107	86.93676957	-3.81865128	67.50308675	4.10602232	1.53023652
6.24096129	84.80445862	0.01179183	88.43302840	-3.62856978	67.49969932	4.10846665	1.52932611
6.24467803	87.15305837	0.01147407	90.10142989	-2.94837152	67.49632406	4.11091099	1.52841677
6.24839477	90.54038493	0.01104480	91.94379189	-1.40340696	67.49296095	4.11335532	1.52750852
6.25211152	95.15482330	0.01050919	93.95730425	1.19751905	67.48961000	4.11579965	1.52660135
6.25582826	101.29948171	0.00987172	96.13301549	5.16646622	67.48627120	4.11824397	1.52569526
6.25954500	109.42191060	0.00913894	98.45379640	10.96811420	67.48294454	4.12068828	1.52479025
6.26326174	119.19031779	0.00838994	100.89422649	18.29609130	67.47963003	4.12313259	1.52388631
6.26697848	129.94629161	0.00769549	103.41677318	26.52951843	67.47632764	4.12557690	1.52298344
6.27069522	141.10421244	0.00708696	105.97335878	35.13085366	67.47303738	4.12802120	1.52208165
6.27441196	150.97555033	0.00662359	108.50322339	42.47232694	67.46975923	4.13046550	1.52118092
6.27812870	158.38435872	0.00631375	110.93784255	47.44651617	67.46649320	4.13290980	1.52028126
6.28184545	162.83321635	0.00614125	113.20353779	49.62967856	67.46323927	4.13535409	1.51938266
6.28556219	164.06951904	0.00609498	115.23028995	48.83922909	67.45999744	4.13779838	1.51848513
6.28927893	162.27764384	0.00616228	116.95778201	45.31986183	67.45676771	4.14024266	1.51758866
6.29299567	157.71727498	0.00634046	118.34309736	39.37417762	67.45355006	4.14268693	1.51669325
6.29671241	151.25188700	0.00661149	119.36517517	31.88671183	67.45034449	4.14513121	1.51579890
6.30042915	143.53491720	0.00696695	120.02752123	23.50739597	67.44715099	4.14757547	1.51490560
6.30414589	134.99669393	0.00740759	120.35983339	14.63686054	67.44396956	4.15001974	1.51401335
6.30786264	126.73517100	0.00789047	120.41414220	6.32102880	67.44080018	4.15246400	1.51312216
6.31157938	119.71718089	0.00835302	120.26141849	-0.54423760	67.43764285	4.15490826	1.51223202
6.31529612	114.50118256	0.00873353	119.98003103	-5.47884847	67.43449757	4.15735251	1.51134293
6.31901286	111.75387065	0.00894824	119.64798962	-7.89411897	67.43136433	4.15979676	1.51045488
6.32272960	111.92617544	0.00893446	119.33196992	-7.40579448	67.42824311	4.16224100	1.50956788
6.32644634	115.37511444	0.00866738	119.08167717	-3.70656273	67.42513392	4.16468523	1.50868192
6.33016308	121.64836375	0.00822041	118.92495673	2.72340702	67.42203674	4.16712947	1.50779700
6.33387982	129.83383687	0.00770215	118.86791487	10.96592200	67.41895157	4.16957370	1.50691312
6.33759657	138.70608012	0.00720949	118.89571141	19.81036871	67.41587838	4.17201793	1.50603028
6.34131331	146.10416667	0.00684443	118.97757186	27.12659481	67.41281720	4.17446215	1.50514847
6.34503005	150.24007670	0.00665601	119.07404773	31.16602897	67.40976799	4.17690636	1.50426770
6.34874679	150.31220500	0.00665282	119.14490325	31.16730175	67.40673076	4.17935057	1.50338795
6.35246353	146.89153035	0.00680774	119.16030679	27.73122356	67.40370550	4.18179478	1.50250924
6.35618027	141.57391357	0.00706345	119.10602351	22.46789006	67.40069220	4.18423898	1.50163156
6.35989701	136.03231812	0.00735119	118.98693365	17.04538447	67.39769084	4.18668318	1.50075490
6.36361376	131.97642008	0.00757711	118.82322042	13.15319966	67.39470142	4.18912738	1.49987927
6.36733050	130.37960815	0.00766991	118.64465766	11.73495049	67.39172394	4.19157157	1.49900466
6.37104724	131.13170369	0.00762592	118.48455427	12.64714942	67.38875839	4.19401575	1.49813107
6.37476398	133.07615662	0.00751449	118.37606235	14.70009427	67.38580475	4.19645993	1.49725850
6.37848072	134.75663249	0.00742079	118.35436507	16.40226742	67.38286301	4.19890411	1.49638695
6.38219746	135.01636759	0.00740651	118.46047479	16.55589280	67.37993318	4.20134828	1.49551641
6.38591420	133.21818034	0.00750648	118.75032171	14.46785863	67.37701523	4.20379245	1.49464689
6.38963094	129.59408569	0.00771640	119.29890169	10.29518400	67.37410917	4.20623661	1.49377838
6.39334769	124.88926188	0.00800709	120.20649506	4.68276682	67.37121497	4.20868077	1.49291088
6.39706443	120.31236521	0.00831170	121.59495633	-1.28259112	67.36833264	4.21112493	1.49204439
6.40078117	116.99049123	0.00854770	123.60484229	-6.61435106	67.36546216	4.21356908	1.49117890
6.40449791	115.35020701	0.00866925	126.38761018	-11.03740317	67.36260353	4.21601322	1.49031442
6.40821465	115.66428375	0.00864571	130.09561743	-14.43133368	67.35975673	4.21845736	1.48945095
6.41193139	118.00482686	0.00847423	134.87404969	-16.86922283	67.35692176	4.22090150	1.48858847
6.41564813	122.55131276	0.00815985	140.84756375	-18.29625099	67.35409860	4.22334563	1.48772700
6.41936488	129.47985331	0.00772321	148.10586363	-18.62601032	67.35128724	4.22578976	1.48686652
6.42308162	138.69140625	0.00721025	156.71136423	-18.01995798	67.34848768	4.22823389	1.48600704
6.42679836	150.45778910	0.00664638	166.65425956	-16.19647046	67.34569991	4.23067800	1.48514855
6.43051510	165.22456868	0.00605237	177.85650062	-12.63193194	67.34292392	4.23312212	1.48429106
6.43423184	182.80391439	0.00547034	190.15671929	-7.35280490	67.34015970	4.23556623	1.48343456
6.43794858	203.44633993	0.00491530	203.28371900	0.16262093	67.33740723	4.23801033	1.48257904
6.44166532	227.36056010	0.00439830	216.84487565	10.51568445	67.33466651	4.24045443	1.48172452
6.44538207	253.08267212	0.00395128	230.30238541	22.78028671	67.33193751	4.24289853	1.48087098
6.44909881	279.28566488	0.00358056	242.99026234	36.29540254	67.32922026	4.24534263	1.48001843
6.45281555	304.39906820	0.00328516	254.16339406	50.23567414	67.32651471	4.24778671	1.47916685
6.45653229	325.10233561	0.00307595	263.12828802	61.97404759	67.32382088	4.25023079	1.47831626
6.46024903	339.42122396	0.00294619	269.39771334	70.02351062	67.32113873	4.25267487	1.47746665
6.46396577	346.79819743	0.00288352	272.81345596	73.98474147	67.31846828	4.25511895	1.47661802
6.46768251	347.91532389	0.00287426	273.55175383	74.36357006	67.31580949	4.25756301	1.47577036
6.47139925	344.60705566	0.00290186	272.01767100	72.58938466	67.31316237	4.26000708	1.47492368
6.47511600	339.10133870	0.00294897	268.70720443	70.39413427	67.31052690	4.26245115	1.47407796
6.47883274	333.27488200	0.00300053	264.09196292	69.18291908	67.30790307	4.26489520	1.47323322
6.48254948	326.45170085	0.00306324	258.56743264	67.88426821	67.30529087	4.26733925	1.47238945
6.48626622	316.95362345	0.00315504	252.43102772	64.52259573	67.30269030	4.26978330	1.47154665
6.48998296	303.80228678	0.00329161	245.89621634	57.90607044	67.30010133	4.27222734	1.47070481
6.49369970	286.78401693	0.00348694	239.10851068	47.67550625	67.29752396	4.27467138	1.46986394
6.49741644	266.80174764	0.00374810	232.17568798	34.62605966	67.29495817	4.27711541	1.46902403
6.50113319	247.46070862	0.00404105	225.18639984	22.27430878	67.29240396	4.27955945	1.46818507
6.50484993	230.90203349	0.00433084	218.22630844	12.67572505	67.28986131	4.28200347	1.46734708
6.50856667	216.83923340	0.00461171	211.36985309	5.46938031	67.28733021	4.28444749	1.46651005
6.51228341	204.63916016	0.00488665	204.68420286	-0.04504270	67.28481066	4.28689151	1.46567397
6.51600015	192.93029785	0.00518322	198.21204425	-5.28174640	67.28230263	4.28933552	1.46483885
6.51971689	180.11953227	0.00555187	191.98328069	-11.86374842	67.27980612	4.29177952	1.46400468
6.52343363	166.26529948	0.00601448	186.01022619	-19.74492671	67.27732111	4.29422352	1.46317146
6.52715037	152.24302673	0.00656845	180.30916849	-28.06614176	67.27484760	4.29666752	1.46233919
6.53086712	138.85050456	0.00720199	174.89628193	-36.04577737	67.27238556	4.29911152	1.46150787
6.53458386	127.55909220	0.00783950	169.80021109	-42.24111889	67.26993499	4.30155551	1.46067749
6.53830060	119.23007711	0.00838715	165.04890143	-45.81882432	67.26749589	4.30399949	1.45984806
6.54201734	114.29975891	0.00874892	160.66596864	-46.36620973	67.26506823	4.30644347	1.45901957
6.54573408	113.03801473	0.00884658	156.65913795	-43.62112322	67.26265200	4.30888745	1.45819202
6.54945082	115.59776815	0.00865069	153.01626059	-37.41849244	67.26024719	4.31133142	1.45736542
6.55316756	122.03843180	0.00819414	149.70057876	-27.66214696	67.25785378	4.31377538	1.45653975
6.55688431	130.97931417	0.00763479	146.65625888	-15.67694471	67.25547177	4.31621935	1.45571501
6.56060105	140.48856099	0.00711802	143.81318993	-3.32462894	67.25310115	4.31866330	1.45489122
6.56431779	148.61428833	0.00672883	141.10110020	7.51318813	67.25074189	4.32110726	1.45406835
6.56803453	153.02608744	0.00653483	138.46004561	14.56604183	67.24839399	4.32355120	1.45324642
6.57175127	152.65851339	0.00655057	135.85361304	16.80490035	67.24605744	4.32599515	1.45242542
6.57546801	147.47834778	0.00678066	133.27294507	14.20540271	67.24373222	4.32843908	1.45160534
6.57918475	139.12916565	0.00718757	130.73744131	8.39172434	67.24141831	4.33088302	1.45078620
6.58290149	129.76108805	0.00770647	128.28513721	1.47595084	67.23911571	4.33332695	1.44996798
6.58661824	120.64963786	0.00828846	125.96542751	-5.31578965	67.23682440	4.33577088	1.44915068
6.59033498	113.26157633	0.00882912	123.82569266	-10.56411633	67.23454438	4.33821480	1.44833430
6.59405172	108.41385905	0.00922391	121.90770972	-13.49385067	67.23227561	4.34065871	1.44751885
6.59776846	106.35289764	0.00940266	120.23911040	-13.88621276	67.23001811	4.34310262	1.44670432
6.60148520	106.89921570	0.00935461	118.83591486	-11.93669916	67.22777184	4.34554653	1.44589070
6.60520194	109.50664775	0.00913187	117.69795232	-8.19130457	67.22553679	4.34799043	1.44507800
6.60891868	113.37937927	0.00881995	116.81415353	-3.43477426	67.22331296	4.35043433	1.44426621
6.61263543	117.05157471	0.00854324	116.16005764	0.89151707	67.22110032	4.35287823	1.44345534
6.61635217	119.21626536	0.00838812	115.70477750	3.51148786	67.21889888	4.35532211	1.44264538
6.62006891	119.16838837	0.00839149	115.41066784	3.75772053	67.21670860	4.35776600	1.44183632
6.62378565	116.97455088	0.00854887	115.24186650	1.73268438	67.21452948	4.36020988	1.44102818
6.62750239	113.44802602	0.00881461	115.16462803	-1.71660201	67.21236151	4.36265375	1.44022094
6.63121913	109.58122508	0.00912565	115.15348948	-5.57226440	67.21020466	4.36509762	1.43941461
6.63493587	106.58870697	0.00938186	115.18775107	-8.59904410	67.20805893	4.36754149	1.43860919
6.63865261	105.38718923	0.00948882	115.25163956	-9.86445033	67.20592430	4.36998535	1.43780466
6.64236936	106.37531789	0.00940068	115.32685739	-8.95153950	67.20380075	4.37242921	1.43700104
6.64608610	109.38349152	0.00914215	115.39059418	-6.00710266	67.20168828	4.37487306	1.43619831
6.64980284	113.62678528	0.00880074	115.41076594	-1.78398066	67.19958687	4.37731691	1.43539649
6.65351958	118.10065969	0.00846735	115.34880212	2.75185757	67.19749651	4.37976075	1.43459556
6.65723632	121.44650777	0.00823408	115.16259297	6.28391480	67.19541717	4.38220458	1.43379552
6.66095306	122.50373840	0.00816302	114.81552028	7.68821812	67.19334885	4.38464842	1.43299638
6.66466980	120.78769938	0.00827899	114.28421317	6.50348621	67.19129153	4.38709225	1.43219813
6.66838655	116.74249268	0.00856586	113.56625777	3.17623491	67.18924519	4.38953608	1.43140077
6.67210329	111.40231578	0.00897647	112.68260018	-1.28028440	67.18720982	4.39197989	1.43060430
6.67582003	105.67260488	0.00946319	111.67498623	-6.00238135	67.18518542	4.39442371	1.42980871
6.67953677	100.37214661	0.00996292	110.59953075	-10.22738414	67.18317195	4.39686752	1.42901402
6.68325351	96.05332692	0.01041088	109.51765329	-13.46432637	67.18116941	4.39931132	1.42822020
6.68697025	92.87697856	0.01076693	108.48903571	-15.61205715	67.17917778	4.40175512	1.42742727
6.69068699	90.82979075	0.01100960	107.56565438	-16.73586363	67.17719705	4.40419892	1.42663522
6.69440373	89.91321055	0.01112184	106.78885045	-16.87563990	67.17522720	4.40664271	1.42584405
6.69812048	90.17106374	0.01109003	106.18851654	-16.01745280	67.17326821	4.40908650	1.42505376
6.70183722	91.52190145	0.01092635	105.78281538	-14.26091393	67.17132007	4.41153028	1.42426435
6.70555396	93.78205872	0.01066302	105.57905579	-11.79699707	67.16938277	4.41397406	1.42347581
6.70927070	96.87128957	0.01032298	105.57361783	-8.70232826	67.16745630	4.41641783	1.42268815
6.71298744	100.59662120	0.00994069	105.75267385	-5.15605265	67.16554062	4.41886160	1.42190136
6.71670418	104.48394012	0.00957085	106.09136207	-1.60742195	67.16363573	4.42130537	1.42111544
6.72042092	108.11874644	0.00924909	106.55564665	1.56309979	67.16174162	4.42374912	1.42033039
6.72413767	111.12009176	0.00899927	107.10059334	4.01949842	67.15985826	4.42619288	1.41954620
6.72785441	112.96501160	0.00885230	107.67631390	5.28869770	67.15798564	4.42863663	1.41876289
6.73157115	113.34653219	0.00882250	108.22919708	5.11733511	67.15612376	4.43108038	1.41798044
6.73528789	112.09410350	0.00892108	108.71183321	3.38227029	67.15427258	4.43352412	1.41719886
6.73900463	109.46665700	0.00913520	109.08792336	0.37873364	67.15243209	4.43596785	1.41641813
6.74272137	105.79597982	0.00945216	109.34154556	-3.54556574	67.15060228	4.43841158	1.41563827
6.74643811	101.50188192	0.00985203	109.47841781	-7.97653589	67.14878314	4.44085531	1.41485927
6.75015486	97.28927867	0.01027862	109.52655640	-12.23727773	67.14697463	4.44329904	1.41408113
6.75387160	93.57254283	0.01068690	109.52925706	-15.95671423	67.14517676	4.44574275	1.41330384
6.75758834	90.56670888	0.01104158	109.53847303	-18.97176415	67.14338950	4.44818647	1.41252741
6.76130508	88.50110118	0.01129929	109.60588053	-21.10477935	67.14161284	4.45063017	1.41175183
6.76502182	87.48571523	0.01143044	109.77692141	-22.29120618	67.13984676	4.45307388	1.41097711
6.76873856	87.60883077	0.01141437	110.08634723	-22.47751646	67.13809124	4.45551757	1.41020324
6.77245530	88.92778015	0.01124508	110.55627227	-21.62849212	67.13634627	4.45796127	1.40943021
6.77617204	91.56669108	0.01092100	111.19408016	-19.62738908	67.13461183	4.46040496	1.40865804
6.77988879	95.68906657	0.01045051	111.99296950	-16.30390293	67.13288789	4.46284865	1.40788671
6.78360553	101.01861064	0.00989917	112.93042516	-11.91181452	67.13117446	4.46529233	1.40711623
6.78732227	107.36111959	0.00931436	113.96977024	-6.60865065	67.12947151	4.46773600	1.40634659
6.79103901	114.58675385	0.00872701	115.05958432	-0.47283047	67.12777902	4.47017967	1.40557780
6.79475575	121.85916138	0.00820619	116.13781184	5.72134954	67.12609698	4.47262333	1.40480985
6.79847249	128.54752604	0.00777922	117.13438319	11.41314285	67.12442537	4.47506700	1.40404274
6.80218923	134.27740479	0.00744727	117.97895447	16.29845032	67.12276417	4.47751065	1.40327646
6.80590598	138.35139974	0.00722797	118.60640393	19.74499581	67.12111336	4.47995431	1.40251102
6.80962272	140.24702962	0.00713028	118.96451383	21.28251579	67.11947293	4.48239795	1.40174642
6.81333946	139.57310994	0.00716470	119.01743105	20.55567889	67.11784286	4.48484160	1.40098266
6.81705620	136.45373535	0.00732849	118.74881431	17.70492104	67.11622314	4.48728523	1.40021973
6.82077294	131.16228739	0.00762414	118.16134361	13.00094378	67.11461374	4.48972886	1.39945763
6.82448968	124.11633809	0.00805696	117.27712119	6.83921690	67.11301464	4.49217249	1.39869636
6.82820642	116.52291616	0.00858200	116.13538996	0.38752620	67.11142584	4.49461611	1.39793592
6.83192316	109.32373810	0.00914714	114.79098204	-5.46724394	67.10984731	4.49705973	1.39717631
6.83563991	102.89239248	0.00971889	113.30877579	-10.41638331	67.10827904	4.49950335	1.39641752
6.83935665	97.77641551	0.01022742	111.75956205	-13.98314654	67.10672100	4.50194696	1.39565956
6.84307339	94.17010244	0.01061908	110.21186090	-16.04175846	67.10517318	4.50439056	1.39490242
6.84679013	92.04664358	0.01086406	108.72904809	-16.68240451	67.10363557	4.50683416	1.39414611
6.85050687	91.24472555	0.01095954	107.36319242	-16.11846687	67.10210814	4.50927776	1.39339061
6.85422361	91.61719513	0.01091498	106.15565445	-14.53845932	67.10059087	4.51172135	1.39263594
6.85794035	93.07790120	0.01074369	105.13398098	-12.05607978	67.09908376	4.51416493	1.39188209
6.86165710	95.31191254	0.01049187	104.31464030	-9.00272776	67.09758676	4.51660852	1.39112905
6.86537384	98.05197398	0.01019867	103.70040615	-5.64843217	67.09609989	4.51905209	1.39037683
6.86909058	101.12221781	0.00988902	103.28408509	-2.16186728	67.09462311	4.52149566	1.38962542
6.87280732	104.14934285	0.00960160	103.04619758	1.10314527	67.09315640	4.52393923	1.38887483
6.87652406	106.86857351	0.00935729	102.95764681	3.91092670	67.09169975	4.52638279	1.38812504
6.88024080	109.11060842	0.00916501	102.97926998	6.13133844	67.09025313	4.52882635	1.38737607
6.88395754	110.68944041	0.00903429	103.06509135	7.62434906	67.08881654	4.53126990	1.38662791
6.88767428	111.63304647	0.00895792	103.16520158	8.46784489	67.08738995	4.53371344	1.38588056
6.89139103	112.06521352	0.00892338	103.23010964	8.83510388	67.08597334	4.53615699	1.38513401
6.89510777	112.39590454	0.00889712	103.21541354	9.18049100	67.08456669	4.53860053	1.38438826
6.89882451	113.07495880	0.00884369	103.08546243	9.98949637	67.08316999	4.54104406	1.38364333
6.90254125	114.59181468	0.00872663	102.81508373	11.77673095	67.08178322	4.54348759	1.38289919
6.90625799	116.99957275	0.00854704	102.38954678	14.61002597	67.08040635	4.54593111	1.38215586
6.90997473	119.76477051	0.00834970	101.80258811	17.96218240	67.07903937	4.54837463	1.38141332
6.91369147	122.07250468	0.00819185	101.05548880	21.01701588	67.07768227	4.55081814	1.38067159
6.91740822	122.90612284	0.00813629	100.15562319	22.75049965	67.07633501	4.55326166	1.37993065
6.92112496	121.53297170	0.00822822	99.11786539	22.41510631	67.07499758	4.55570516	1.37919051
6.92484170	117.76174927	0.00849172	97.96384775	19.79790152	67.07366997	4.55814866	1.37845116
6.92855844	112.18196106	0.00891409	96.72306863	15.45889243	67.07235215	4.56059215	1.37771261
6.93227518	105.85781606	0.00944663	95.42966353	10.42815253	67.07104411	4.56303564	1.37697485
6.93599192	99.46409353	0.01005388	94.12138412	5.34270941	67.06974582	4.56547913	1.37623788
6.93970866	93.62784831	0.01068058	92.83485190	0.79299641	67.06845726	4.56792261	1.37550170
6.94342540	88.80237325	0.01126096	91.60487085	-2.80249760	67.06717843	4.57036608	1.37476631
6.94714215	84.99299876	0.01176567	90.46100195	-5.46800319	67.06590928	4.57280956	1.37403170
6.95085889	82.06943003	0.01218480	89.42864879	-7.35921876	67.06464982	4.57525302	1.37329789
6.95457563	79.91674042	0.01251302	88.52734102	-8.61060060	67.06340001	4.57769648	1.37256485
6.95829237	78.43522898	0.01274937	87.77268803	-9.33745905	67.06215984	4.58013994	1.37183261
6.96200911	77.44273376	0.01291277	87.17541312	-9.73267936	67.06092929	4.58258339	1.37110114
6.96572585	76.81553396	0.01301820	86.74318734	-9.92765338	67.05970834	4.58502684	1.37037045
6.96944259	76.50586446	0.01307089	86.47981673	-9.97395227	67.05849696	4.58747028	1.36964055
6.97315934	76.43047333	0.01308379	86.38654855	-9.95607522	67.05729515	4.58991372	1.36891142
6.97687608	76.56081899	0.01306151	86.46129927	-9.90048028	67.05610287	4.59235715	1.36818307
6.98059282	76.91679891	0.01300106	86.69941164	-9.78261273	67.05492011	4.59480058	1.36745550
6.98430956	77.58696493	0.01288876	87.09287182	-9.50590689	67.05374685	4.59724400	1.36672870
6.98802630	78.66915894	0.01271146	87.63055953	-8.96140059	67.05258307	4.59968742	1.36600267
6.99174304	80.36431630	0.01244333	88.29747533	-7.93315903	67.05142875	4.60213083	1.36527742
6.99545978	82.86143494	0.01206834	89.07419589	-6.21276095	67.05028386	4.60457424	1.36455294
6.99917653	86.29338328	0.01158837	89.93690401	-3.64352073	67.04914840	4.60701765	1.36382923
7.00289327	90.71595764	0.01102342	90.85606541	-0.14010777	67.04802233	4.60946104	1.36310628
7.00661001	96.08262126	0.01040771	91.79757474	4.28504652	67.04690564	4.61190444	1.36238411
7.01032675	101.81154378	0.00982207	92.72232542	9.08921836	67.04579830	4.61434782	1.36166270
7.01404349	107.36732992	0.00931382	93.58914882	13.77818110	67.04470030	4.61679121	1.36094205
7.01776023	112.29533386	0.00890509	94.35629250	17.93904136	67.04361162	4.61923459	1.36022217
7.02147697	116.07948812	0.00861479	94.98578660	21.09370152	67.04253223	4.62167796	1.35950306
7.02519371	118.71501668	0.00842353	95.44545144	23.26956524	67.04146212	4.62412133	1.35878470
7.02891046	120.68340810	0.00828614	95.71172889	24.97167921	67.04040126	4.62656470	1.35806710
7.03262720	122.32894389	0.00817468	95.76944061	26.55950328	67.03934963	4.62900806	1.35735026
7.03634394	123.67949422	0.00808541	95.61199793	28.06749629	67.03830722	4.63145141	1.35663418
7.04006068	124.39613851	0.00803883	95.23950797	29.15663054	67.03727399	4.63389476	1.35591886
7.04377742	123.79247538	0.00807804	94.65945874	29.13301664	67.03624994	4.63633810	1.35520429
7.04749416	121.30986023	0.00824335	93.88571189	27.42414834	67.03523504	4.63878144	1.35449048
7.05121090	116.76480357	0.00856422	92.93980795	23.82499562	67.03422927	4.64122478	1.35377742
7.05492765	110.72530619	0.00903136	91.84945976	18.87584643	67.03323260	4.64366811	1.35306511
7.05864439	104.04767863	0.00961098	90.64772068	13.39995795	67.03224502	4.64611144	1.35235355
7.06236113	97.35685730	0.01027149	89.36972330	7.98713400	67.03126650	4.64855476	1.35164274
7.06607787	91.51410421	0.01092728	88.05029504	3.46380917	67.03029703	4.65099807	1.35093268
7.06979461	86.74141693	0.01152852	86.72119472	0.02022221	67.02933658	4.65344138	1.35022337
7.07351135	82.93112691	0.01205820	85.40970016	-2.47857325	67.02838513	4.65588469	1.34951480
7.07722809	80.01913198	0.01249701	84.13785812	-4.11872614	67.02744266	4.65832799	1.34880698
7.08094483	77.90902710	0.01283548	82.92246800	-5.01344090	67.02650915	4.66077128	1.34809990
7.08466158	76.41250610	0.01308686	81.77565018	-5.36314408	67.02558457	4.66321458	1.34739356
7.08837832	75.35563660	0.01327041	80.70533843	-5.34970183	67.02466891	4.66565786	1.34668797
7.09209506	74.63711548	0.01339816	79.71615894	-5.07904346	67.02376215	4.66810114	1.34598311
7.09581180	74.14961243	0.01348625	78.80987646	-4.66026403	67.02286426	4.67054442	1.34527900
7.09952854	73.83158112	0.01354434	77.98616759	-4.15458647	67.02197521	4.67298769	1.34457562
7.10324528	73.61238352	0.01358467	77.24288189	-3.63049837	67.02109500	4.67543096	1.34387297
7.10696202	73.44873810	0.01361494	76.57667972	-3.12794162	67.02022359	4.67787422	1.34317107
7.11067877	73.30492147	0.01364165	75.98315584	-2.67823437	67.01936097	4.68031748	1.34246989
7.11439551	73.19162242	0.01366277	75.45735222	-2.26572980	67.01850711	4.68276073	1.34176945
7.11811225	73.09292094	0.01368122	74.99381781	-1.90089687	67.01766199	4.68520398	1.34106975
7.12182899	73.01654307	0.01369553	74.58700975	-1.57046668	67.01682559	4.68764722	1.34037077
7.12554573	72.96070862	0.01370601	74.23131111	-1.27060249	67.01599789	4.69009045	1.33967252
7.12926247	72.90714010	0.01371608	73.92132327	-1.01418317	67.01517886	4.69253369	1.33897500
7.13297921	72.85980225	0.01372499	73.65185407	-0.79205182	67.01436848	4.69497691	1.33827821
7.13669595	72.82336934	0.01373186	73.41811275	-0.59474341	67.01356674	4.69742013	1.33758215
7.14041270	72.80546824	0.01373523	73.21567629	-0.41020805	67.01277360	4.69986336	1.33688681
7.14412944	72.79208883	0.01373776	73.04058996	-0.24850113	67.01198905	4.70230657	1.33619219
7.14784618	72.77482096	0.01374102	72.88931840	-0.11449744	67.01121306	4.70474977	1.33549830
7.15156292	72.73121897	0.01374925	72.75879532	-0.02757635	67.01044561	4.70719298	1.33480512
7.15527966	72.69990031	0.01375518	72.64635378	0.05354653	67.00968669	4.70963617	1.33411267
7.15899640	72.68584696	0.01375784	72.54972909	0.13611787	67.00893625	4.71207936	1.33342094
7.16271314	72.69595083	0.01375592	72.46701201	0.22893882	67.00819430	4.71452255	1.33272993
7.16642989	72.68712107	0.01375760	72.39661738	0.29050369	67.00746079	4.71696574	1.33203963
7.17014663	72.66932933	0.01376096	72.33723626	0.33209307	67.00673571	4.71940892	1.33135005
7.17386337	72.65493266	0.01376369	72.28780427	0.36712839	67.00601904	4.72185209	1.33066119
7.17758011	72.65918986	0.01376288	72.24747958	0.41171028	67.00531075	4.72429525	1.32997304
7.18129685	72.66490428	0.01376180	72.21558995	0.44931433	67.00461082	4.72673842	1.32928560
7.18501359	72.67033386	0.01376077	72.19163718	0.47869668	67.00391923	4.72918157	1.32859887
7.18873033	72.66882579	0.01376106	72.17523861	0.49358718	67.00323595	4.73162473	1.32791286
7.19244707	72.69190470	0.01375669	72.16617133	0.52573337	67.00256096	4.73406787	1.32722755
7.19616382	72.72441101	0.01375054	72.16427175	0.56013926	67.00189424	4.73651102	1.32654295
7.19988056	72.75890859	0.01374402	72.16953899	0.58936960	67.00123577	4.73895416	1.32585906
7.20359730	72.77536265	0.01374091	72.17788965	0.59747300	67.00058552	4.74139729	1.32517588
7.20731404	72.78477732	0.01373914	72.19779395	0.58698337	66.99994347	4.74384042	1.32449340
7.21103078	72.78779602	0.01373857	72.22537864	0.56241738	66.99930960	4.74628354	1.32381162
7.21474752	72.80358632	0.01373559	72.26108186	0.54250446	66.99868388	4.74872666	1.32313055
7.21846426	72.81879171	0.01373272	72.30541835	0.51337336	66.99806628	4.75116977	1.32245018
7.22218101	72.83185832	0.01373026	72.35910789	0.47275043	66.99745680	4.75361288	1.32177051
7.22589775	72.84358215	0.01372805	72.42297995	0.42060220	66.99685540	4.75605598	1.32109154
7.22961449	72.86218007	0.01372454	72.49810018	0.36407989	66.99626205	4.75849908	1.32041326
7.23333123	72.88645426	0.01371997	72.58568209	0.30077217	66.99567675	4.76094217	1.31973569
7.23704797	72.89515432	0.01371833	72.68720507	0.20794925	66.99509946	4.76338526	1.31905881
7.24076471	72.91377004	0.01371483	72.80434341	0.10942663	66.99453015	4.76582834	1.31838263
7.24448145	72.95288086	0.01370748	72.93903739	0.01384347	66.99396882	4.76827142	1.31770714
7.24819820	73.00035604	0.01369856	73.09343926	-0.09308322	66.99341542	4.77071450	1.31703235
7.25191494	73.05391439	0.01368852	73.27008962	-0.21617523	66.99286994	4.77315756	1.31635824
7.25563168	73.11176809	0.01367769	73.47135678	-0.35958869	66.99233236	4.77560063	1.31568483
7.25934842	73.16885630	0.01366702	73.70019658	-0.53134028	66.99180265	4.77804368	1.31501211
7.26306516	73.22451528	0.01365663	73.95953520	-0.73501992	66.99128079	4.78048674	1.31434008
7.26678190	73.30389913	0.01364184	74.25246988	-0.94857075	66.99076675	4.78292978	1.31366873
7.27049864	73.40221914	0.01362357	74.58203857	-1.17981943	66.99026051	4.78537282	1.31299808
7.27421538	73.53220622	0.01359948	74.95133322	-1.41912700	66.98976204	4.78781586	1.31232810
7.27793213	73.70156606	0.01356823	75.36319064	-1.66162458	66.98927133	4.79025890	1.31165881
7.28164887	73.93846385	0.01352476	75.82035054	-1.88188669	66.98878834	4.79270193	1.31099021
7.28536561	74.26627350	0.01346506	76.32506441	-2.05879091	66.98831306	4.79514495	1.31032229
7.28908235	74.71800232	0.01338366	76.87930189	-2.16129957	66.98784546	4.79758796	1.30965505
7.29279909	75.32133484	0.01327645	77.48426985	-2.16293501	66.98738551	4.80003098	1.30898849
7.29651583	76.16751862	0.01312896	78.14066121	-1.97314259	66.98693320	4.80247398	1.30832261
7.30023257	77.34619649	0.01292888	78.84805111	-1.50185462	66.98648849	4.80491698	1.30765741
7.30394932	78.95398712	0.01266560	79.60514568	-0.65115856	66.98605136	4.80735999	1.30699289
7.30766606	81.11638641	0.01232797	80.40902809	0.70735832	66.98562180	4.80980298	1.30632904
7.31138280	83.97650146	0.01190809	81.25534332	2.72115814	66.98519976	4.81224596	1.30566587
7.31509954	87.46665446	0.01143293	82.13745336	5.32920110	66.98478524	4.81468895	1.30500337
7.31881628	91.45405579	0.01093445	83.04661384	8.40744195	66.98437820	4.81713192	1.30434155
7.32253302	95.61649068	0.01045845	83.97138813	11.64510255	66.98397863	4.81957489	1.30368040
7.32624976	99.28852081	0.01007166	84.89823489	14.39028592	66.98358649	4.82201786	1.30301992
7.32996650	101.86262004	0.00981714	85.81195581	16.05066423	66.98320176	4.82446082	1.30236011
7.33368325	102.90681203	0.00971753	86.69739279	16.20941924	66.98282442	4.82690378	1.30170096
7.33739999	102.24250031	0.00978067	87.54136754	14.70113277	66.98245444	4.82934673	1.30104249
7.34111673	100.00356801	0.00999964	88.33542055	11.66814746	66.98209180	4.83178968	1.30038469
7.34483347	96.58766174	0.01035329	89.07791169	7.50975005	66.98173648	4.83423262	1.29972755
7.34855021	92.74501801	0.01078225	89.77536784	2.96965017	66.98138844	4.83667556	1.29907107
7.35226695	88.96340942	0.01124058	90.44251085	-1.47910143	66.98104767	4.83911849	1.29841526
7.35598369	85.53543854	0.01169106	91.10027608	-5.56483754	66.98071413	4.84156141	1.29776012
7.35970044	82.76421865	0.01208252	91.77363828	-9.00941963	66.98038781	4.84400434	1.29710563
7.36341718	80.66543070	0.01239688	92.48789519	-11.82246449	66.98006868	4.84644725	1.29645181
7.36713392	79.20721944	0.01262511	93.26658167	-14.05936223	66.97975671	4.84889016	1.29579865
7.37085066	78.32683563	0.01276702	94.12891801	-15.80208238	66.97945188	4.85133307	1.29514614
7.37456740	78.03695424	0.01281444	95.08820713	-17.05125289	66.97915417	4.85377597	1.29449430
7.37828414	78.36984762	0.01276001	96.15140078	-17.78155316	66.97886355	4.85621886	1.29384311
7.38200088	79.33632151	0.01260457	97.31781267	-17.98149116	66.97857999	4.85866175	1.29319258
7.38571762	81.06459045	0.01233584	98.57926123	-17.51467078	66.97830347	4.86110464	1.29254270
7.38943437	83.77473704	0.01193677	99.91889215	-16.14415511	66.97803396	4.86354752	1.29189347
7.39315111	87.50995382	0.01142727	101.31158022	-13.80162640	66.97777144	4.86599040	1.29124490
7.39686785	92.26076762	0.01083884	102.72309442	-10.46232680	66.97751589	4.86843327	1.29059699
7.40058459	97.92058055	0.01021236	104.11158240	-6.19100185	66.97726727	4.87087613	1.28994972
7.40430133	103.79304250	0.00963456	105.42827105	-1.63522855	66.97702557	4.87331899	1.28930311
7.40801807	109.28380330	0.00915049	106.62126811	2.66253519	66.97679076	4.87576184	1.28865714
7.41173481	113.92804718	0.00877747	107.63847716	6.28957002	66.97656280	4.87820469	1.28801182
7.41545156	117.04492696	0.00854373	108.43350264	8.61142432	66.97634169	4.88064754	1.28736715
7.41916830	118.26966349	0.00845525	108.96912057	9.30054292	66.97612738	4.88309038	1.28672312
7.42288504	117.48107656	0.00851201	109.22270607	8.25837049	66.97591986	4.88553322	1.28607974
7.42660178	114.92221069	0.00870154	109.18749168	5.73471901	66.97571910	4.88797604	1.28543701
7.43031852	110.94263204	0.00901367	108.87497308	2.06765896	66.97552508	4.89041887	1.28479492
7.43403526	105.90837860	0.00944212	108.31260796	-2.40422936	66.97533776	4.89286168	1.28415347
7.43775200	100.69097137	0.00993138	107.54219272	-6.85122135	66.97515713	4.89530450	1.28351266
7.44146874	95.82850647	0.01043531	106.61511864	-10.78661217	66.97498315	4.89774730	1.28287250
7.44518549	91.58961995	0.01091827	105.58720368	-13.99758373	66.97481581	4.90019011	1.28223297
7.44890223	88.27685038	0.01132800	104.51480637	-16.23795599	66.97465507	4.90263291	1.28159408
7.45261897	85.94178772	0.01163578	103.44983575	-17.50804803	66.97450092	4.90507570	1.28095583
7.45633571	84.47443136	0.01183790	102.43835297	-17.96392161	66.97435332	4.90751849	1.28031821
7.46005245	83.74182383	0.01194146	101.51794277	-17.77611894	66.97421224	4.90996127	1.27968124
7.46376919	83.63707225	0.01195642	100.71848606	-17.08141381	66.97407768	4.91240405	1.27904489
7.46748593	84.04450226	0.01189846	100.06125479	-16.01675253	66.97394958	4.91484682	1.27840918
7.47120268	84.77808380	0.01179550	99.56044573	-14.78236193	66.97382794	4.91728959	1.27777410
7.47491942	85.73058828	0.01166445	99.22311726	-13.49252898	66.97371272	4.91973235	1.27713966
7.47863616	86.84808858	0.01151436	99.05081889	-12.20273031	66.97360391	4.92217511	1.27650585
7.48235290	88.00498962	0.01136299	99.04035792	-11.03536830	66.97350146	4.92461786	1.27587266
7.48606964	89.14677938	0.01121746	99.18562287	-10.03884349	66.97340536	4.92706061	1.27524011
7.48978638	90.33028920	0.01107048	99.47931299	-9.14902379	66.97331559	4.92950335	1.27460818
7.49350312	91.63242086	0.01091317	99.91464736	-8.28222650	66.97323210	4.93194608	1.27397688
7.49721987	93.21001180	0.01072846	100.48714203	-7.27713023	66.97315489	4.93438882	1.27334621
7.50093661	95.35284932	0.01048736	101.19484948	-5.84200016	66.97308392	4.93683154	1.27271616
7.50465335	98.32605998	0.01017024	102.03876752	-3.71270754	66.97301916	4.93927426	1.27208674
7.50837009	102.40577443	0.00976507	103.02050295	-0.61472852	66.97296059	4.94171698	1.27145794
7.51208683	107.81011454	0.00927557	104.14158858	3.66852596	66.97290819	4.94415969	1.27082977
7.51580357	114.14746857	0.00876060	105.39957340	8.74789517	66.97286192	4.94660239	1.27020221
7.51952031	120.77646383	0.00827976	106.78800292	13.98846091	66.97282177	4.94904509	1.26957528
7.52323705	127.06849162	0.00786977	108.29299221	18.77549941	66.97278770	4.95148778	1.26894897
7.52695380	132.08157349	0.00757108	109.89541975	22.18615374	66.97275968	4.95393048	1.26832327
7.53067054	135.26132202	0.00739310	111.56939492	23.69192710	66.97273770	4.95637316	1.26769819
7.53438728	136.47643026	0.00732727	113.28645603	23.18997423	66.97272172	4.95881584	1.26707373
7.53810402	136.06698100	0.00734932	115.01591924	21.05106176	66.97271172	4.96125851	1.26644989
7.54182076	134.54362996	0.00743253	116.72858058	17.81504938	66.97270767	4.96370118	1.26582666
7.54553750	132.21200562	0.00756361	118.39530507	13.81670055	66.97270955	4.96614384	1.26520405
7.54925424	129.64760335	0.00771322	119.98791360	9.65968975	66.97271732	4.96858650	1.26458205
7.55297099	127.10976919	0.00786722	121.47328211	5.63648708	66.97273097	4.97102916	1.26396066
7.55668773	124.68995921	0.00801989	122.81090284	1.87905637	66.97275046	4.97347181	1.26333989
7.56040447	122.53265381	0.00816109	123.94546213	-1.41280832	66.97277576	4.97591445	1.26271972
7.56412121	120.68716176	0.00828589	124.81111628	-4.12395452	66.97280686	4.97835708	1.26210017
7.56783795	119.08815511	0.00839714	125.33162177	-6.24346666	66.97284373	4.98079971	1.26148122
7.57155469	117.63035838	0.00850121	125.43995734	-7.80959896	66.97288633	4.98324234	1.26086288
7.57527143	116.24694316	0.00860238	125.09715602	-8.85021286	66.97293464	4.98568496	1.26024515
7.57898817	114.96213277	0.00869852	124.31011942	-9.34798665	66.97298864	4.98812758	1.25962803
7.58270492	113.85603841	0.00878302	123.13591338	-9.27987497	66.97304830	4.99057019	1.25901151
7.58642166	113.11255646	0.00884075	121.66977839	-8.55722193	66.97311358	4.99301280	1.25839559
7.59013840	112.89639791	0.00885768	120.02484041	-7.12844250	66.97318447	4.99545540	1.25778028
7.59385514	113.21815491	0.00883251	118.31031978	-5.09216487	66.97326093	4.99789799	1.25716558
7.59757188	113.94616699	0.00877607	116.61937117	-2.67320418	66.97334295	5.00034058	1.25655147
7.60128862	114.81393433	0.00870974	115.02183637	-0.20790204	66.97343048	5.00278316	1.25593797
7.60500536	115.45310465	0.00866153	113.56656508	1.88653957	66.97352351	5.00522574	1.25532506
7.60872211	115.61481222	0.00864941	112.28256122	3.33225100	66.97362201	5.00766832	1.25471275
7.61243885	115.31898244	0.00867160	111.18517873	4.13380371	66.97372595	5.01011089	1.25410105
7.61615559	114.97150421	0.00869781	110.27791207	4.69359214	66.97383530	5.01255345	1.25348994
7.61987233	115.15995280	0.00868357	109.55692559	5.60302721	66.97395004	5.01499601	1.25287942
7.62358907	116.31903839	0.00859704	109.01068837	7.30835002	66.97407014	5.01743856	1.25226951
7.62730581	118.61674245	0.00843051	108.62269427	9.99404818	66.97419557	5.01988111	1.25166018
7.63102255	121.74625397	0.00821381	108.36934549	13.37690848	66.97432630	5.02232365	1.25105145
7.63473929	125.20554606	0.00798687	108.22213072	16.98341534	66.97446232	5.02476619	1.25044332
7.63845604	128.30145264	0.00779414	108.14678719	20.15466545	66.97460358	5.02720872	1.24983577
7.64217278	130.40520732	0.00766841	108.10604605	22.29916127	66.97475006	5.02965125	1.24922882
7.64588952	131.31841024	0.00761508	108.06137665	23.25703359	66.97490174	5.03209377	1.24862246
7.64960626	131.07179769	0.00762941	107.97574909	23.09604860	66.97505859	5.03453629	1.24801669
7.65332300	129.84331258	0.00770159	107.81697770	22.02633488	66.97522058	5.03697880	1.24741151
7.65703974	127.81431834	0.00782385	107.55924715	20.25507119	66.97538768	5.03942130	1.24680691
7.66075648	125.23742167	0.00798483	107.18545207	18.05196960	66.97555987	5.04186380	1.24620290
7.66447323	122.44197591	0.00816713	106.68652440	15.75545151	66.97573712	5.04430630	1.24559948
7.66818997	119.64190165	0.00835828	106.06187607	13.58002558	66.97591939	5.04674879	1.24499664
7.67190671	117.11096700	0.00853891	105.31682690	11.79414010	66.97610667	5.04919127	1.24439439
7.67562345	115.05445608	0.00869154	104.46209041	10.59236567	66.97629893	5.05163375	1.24379273
7.67934019	113.26920573	0.00882852	103.51102381	9.75818192	66.97649613	5.05407622	1.24319164
7.68305693	111.43560282	0.00897379	102.47969409	8.95590873	66.97669825	5.05651869	1.24259114
7.68677367	109.20128377	0.00915740	101.38534808	7.81593569	66.97690526	5.05896115	1.24199121
7.69049041	106.25762939	0.00941109	100.24737767	6.01025172	66.97711714	5.06140361	1.24139187
7.69420716	102.53926595	0.00975236	99.08664316	3.45262279	66.97733386	5.06384607	1.24079311
7.69792390	98.34656525	0.01016812	97.92602361	0.42054164	66.97755539	5.06628851	1.24019493
7.70164064	94.06277212	0.01063120	96.78948842	-2.72671630	66.97778169	5.06873095	1.23959732
7.70535738	90.03214518	0.01110714	95.70139868	-5.66925350	66.97801275	5.07117339	1.23900029
7.70907412	86.63156891	0.01154314	94.68539113	-8.05382222	66.97824854	5.07361582	1.23840384
7.71279086	83.91073100	0.01191743	93.76328752	-9.85255652	66.97848902	5.07605824	1.23780796
7.71650760	81.79195404	0.01222614	92.95463466	-11.16268062	66.97873418	5.07850066	1.23721266
7.72022435	80.20450083	0.01246813	92.27599931	-12.07149848	66.97898398	5.08094308	1.23661793
7.72394109	79.13288116	0.01263697	91.74138166	-12.60850050	66.97923839	5.08338549	1.23602377
7.72765783	78.47623189	0.01274271	91.36178939	-12.88555750	66.97949739	5.08582790	1.23543019
7.73137457	78.14019775	0.01279751	91.14612606	-13.00592831	66.97976095	5.08827029	1.23483717
7.73509131	78.10610199	0.01280310	91.10072781	-12.99462582	66.98002903	5.09071269	1.23424473
7.73880805	78.34736379	0.01276367	91.23034234	-12.88297855	66.98030162	5.09315507	1.23365286
7.74252479	78.81392161	0.01268811	91.53747496	-12.72355335	66.98057869	5.09559746	1.23306155
7.74624153	79.56319173	0.01256863	92.02329707	-12.46010534	66.98086020	5.09803983	1.23247082
7.74995828	80.69777425	0.01239192	92.68662147	-11.98884722	66.98114613	5.10048221	1.23188064
7.75367502	82.29964447	0.01215072	93.52506172	-11.22541725	66.98143645	5.10292458	1.23129104
7.75739176	84.49353790	0.01183522	94.53330730	-10.03976940	66.98173113	5.10536694	1.23070200
7.76110850	87.53149923	0.01142446	95.70446745	-8.17296822	66.98203015	5.10780929	1.23011353
7.76482524	91.50485484	0.01092838	97.02788223	-5.52302739	66.98233348	5.11025164	1.22952562
7.76854198	96.53392537	0.01035905	98.49044237	-1.95651700	66.98264108	5.11269399	1.22893827
7.77225872	102.71302795	0.00973586	100.07411105	2.63891690	66.98295293	5.11513632	1.22835149
7.77597547	109.61341349	0.00912297	101.75739368	7.85601981	66.98326900	5.11757866	1.22776526
7.77969221	116.80670929	0.00856115	103.51306176	13.29364753	66.98358927	5.12002099	1.22717960
7.78340895	123.87708791	0.00807252	105.31023639	18.56685152	66.98391370	5.12246332	1.22659450
7.78712569	130.07331848	0.00768797	107.11347170	22.95984678	66.98424227	5.12490563	1.22600995
7.79084243	135.04571025	0.00740490	108.88604692	26.15966333	66.98457494	5.12734794	1.22542597
7.79455917	138.77310181	0.00720601	110.59116043	28.18194138	66.98491170	5.12979025	1.22484254
7.79827591	141.23434957	0.00708043	112.19619343	29.03815614	66.98525251	5.13223255	1.22425967
7.80199266	142.33713786	0.00702557	113.67503299	28.66210487	66.98559734	5.13467486	1.22367735
7.80570940	142.00573730	0.00704197	115.01125846	26.99447884	66.98594617	5.13711715	1.22309559
7.80942614	140.22651164	0.00713132	116.19927583	24.02723581	66.98629897	5.13955943	1.22251438
7.81314288	136.99175008	0.00729971	117.24463238	19.74711770	66.98665570	5.14200171	1.22193373
7.81685962	132.50614421	0.00754682	118.16298715	14.34315706	66.98701634	5.14444398	1.22135362
7.82057636	127.53063202	0.00784125	118.97792391	8.55270811	66.98738087	5.14688625	1.22077408
7.82429310	122.82101695	0.00814193	119.71883389	3.10218306	66.98774924	5.14932852	1.22019508
7.82800984	118.93167114	0.00840819	120.41754833	-1.48587719	66.98812145	5.15177077	1.21961663
7.83172659	116.38159180	0.00859242	121.10629107	-4.72469927	66.98849745	5.15421303	1.21903873
7.83544333	115.41210938	0.00866460	121.81439208	-6.40228270	66.98887721	5.15665528	1.21846138
7.83916007	116.04700979	0.00861720	122.56730834	-6.52029855	66.98926072	5.15909752	1.21788458
7.84287681	118.10062154	0.00846736	123.38466034	-5.28403880	66.98964793	5.16153976	1.21730832
7.84659355	121.42024740	0.00823586	124.28084575	-2.86059835	66.99003883	5.16398199	1.21673261
7.85031029	125.86108144	0.00794527	125.26472190	0.59635954	66.99043338	5.16642422	1.21615745
7.85402703	130.86306763	0.00764158	126.34081501	4.52225262	66.99083156	5.16886644	1.21558283
7.85774378	135.98150126	0.00735394	127.50995294	8.47154832	66.99123333	5.17130866	1.21500876
7.86146052	140.93369548	0.00709554	128.76936468	12.16433080	66.99163867	5.17375087	1.21443523
7.86517726	145.18013000	0.00688799	130.11455991	15.06557009	66.99204755	5.17619307	1.21386224
7.86889400	148.30477397	0.00674287	131.53785565	16.76691832	66.99245994	5.17863527	1.21328979
7.87261074	149.87678019	0.00667215	133.03153797	16.84524222	66.99287581	5.18107746	1.21271789
7.87632748	149.61349996	0.00668389	134.58591899	15.02758097	66.99329514	5.18351965	1.21214652
7.88004422	147.46104431	0.00678145	136.19202383	11.26902048	66.99371789	5.18596183	1.21157569
7.88376096	143.63138326	0.00696227	137.83808857	5.79329469	66.99414403	5.18840401	1.21100541
7.88747771	138.94329325	0.00719718	139.50976060	-0.56646735	66.99457354	5.19084618	1.21043566
7.89119445	134.13888041	0.00745496	141.18316730	-7.04428689	66.99500639	5.19328835	1.20986644
7.89491119	129.81304423	0.00770339	142.82304658	-13.01000235	66.99544255	5.19573051	1.20929777
7.89862793	126.72753652	0.00789094	144.37634213	-17.64880561	66.99588199	5.19817266	1.20872963
7.90234467	125.27736410	0.00798229	145.77582558	-20.49846148	66.99632468	5.20061481	1.20816202
7.90606141	125.83386485	0.00794699	146.94503122	-21.11116637	66.99677059	5.20305696	1.20759495
7.90977815	128.59894053	0.00777611	147.81570328	-19.21676275	66.99721970	5.20549909	1.20702841
7.91349490	133.85353597	0.00747085	148.34346086	-14.48992489	66.99767197	5.20794123	1.20646241
7.91721164	141.99712118	0.00704240	148.52106015	-6.52393897	66.99812738	5.21038336	1.20589693
7.92092838	152.64144389	0.00655130	148.37865534	4.26278855	66.99858589	5.21282548	1.20533199
7.92464512	165.01744588	0.00605997	147.96968106	17.04776482	66.99904749	5.21526760	1.20476758
7.92836186	177.93361410	0.00562007	147.35404185	30.57957225	66.99951213	5.21770971	1.20420369
7.93207860	188.85390727	0.00529510	146.58089561	42.27301166	66.99997979	5.22015182	1.20364034
7.93579534	195.63836670	0.00511147	145.67949993	49.95886677	67.00045045	5.22259392	1.20307751
7.93951208	196.96916199	0.00507694	144.66084581	52.30831618	67.00092407	5.22503601	1.20251522
7.94322883	192.87045288	0.00518483	143.51994797	49.35050491	67.00140062	5.22747810	1.20195344
7.94694557	184.30107625	0.00542590	142.24629285	42.05478340	67.00188008	5.22992019	1.20139220
7.95066231	172.62362671	0.00579295	140.82888772	31.79473899	67.00236241	5.23236227	1.20083148
7.95437905	160.29964701	0.00623832	139.26428078	21.03536623	67.00284759	5.23480434	1.20027128
7.95809579	148.73490397	0.00672337	137.55786985	11.17703412	67.00333559	5.23724640	1.19971161
7.96181253	138.23241679	0.00723419	135.72593186	2.50648493	67.00382638	5.23968847	1.19915246
7.96552927	129.11882273	0.00774480	133.79280165	-4.67397892	67.00431992	5.24213052	1.19859383
7.96924602	121.44857279	0.00823394	131.78892959	-10.34035680	67.00481620	5.24457258	1.19803572
7.97296276	115.27791850	0.00867469	129.74709164	-14.46917314	67.00531518	5.24701462	1.19747814
7.97667950	110.74044800	0.00903012	127.69981953	-16.95937153	67.00581683	5.24945666	1.19692107
7.98039624	108.08794912	0.00925173	125.67528832	-17.58733920	67.00632113	5.25189870	1.19636453
7.98411298	107.67606354	0.00928712	123.69662687	-16.02056333	67.00682804	5.25434072	1.19580850
7.98782972	109.46231842	0.00913556	121.77907191	-12.31675349	67.00733753	5.25678275	1.19525299
7.99154646	113.15036774	0.00883780	119.93077498	-6.78040724	67.00784958	5.25922476	1.19469800
7.99526320	118.17348735	0.00846213	118.15225750	0.02122985	67.00836416	5.26166678	1.19414352
7.99897995	123.30351512	0.00811007	116.43880323	6.86471189	67.00888124	5.26410879	1.19358956
8.00269669	127.29764811	0.00785560	114.78165668	12.51599143	67.00940079	5.26655079	1.19303612
8.00641343	129.24572754	0.00773720	113.17127431	16.07445323	67.00992277	5.26899278	1.19248319
8.01013017	128.57916260	0.00777731	111.59868906	16.98047354	67.01044717	5.27143477	1.19193077
8.01384691	125.44924418	0.00797135	110.05822377	15.39102041	67.01097394	5.27387676	1.19137887
8.01756365	120.20451101	0.00831916	108.54754199	11.65696902	67.01150307	5.27631874	1.19082747
8.02128039	113.80089315	0.00878728	107.06906433	6.73182882	67.01203452	5.27876071	1.19027659
8.02499714	107.18954722	0.00932927	105.62841028	1.56113694	67.01256827	5.28120268	1.18972622
8.02871388	100.85991414	0.00991474	104.23490813	-3.37499399	67.01310428	5.28364464	1.18917636
8.03243062	95.34925842	0.01048776	102.89894508	-7.54968666	67.01364253	5.28608660	1.18862701
8.03614736	90.95256805	0.01099474	101.63223619	-10.67966814	67.01418298	5.28852855	1.18807817
8.03986410	87.79740651	0.01138986	100.44474677	-12.64734026	67.01472561	5.29097050	1.18752983
8.04358084	85.88391622	0.01164362	99.34524341	-13.46132719	67.01527039	5.29341243	1.18698201
8.04729758	85.10643768	0.01174999	98.33850465	-13.23206697	67.01581728	5.29585437	1.18643468
8.05101433	85.48244985	0.01169831	97.42656644	-11.94411659	67.01636627	5.29829630	1.18588787
8.05473107	86.80387370	0.01152022	96.60657293	-9.80269923	67.01691731	5.30073823	1.18534156
8.05844781	88.74573008	0.01126815	95.87275510	-7.12702502	67.01747039	5.30318014	1.18479575
8.06216455	91.04019419	0.01098416	95.21500049	-4.17480630	67.01802546	5.30562205	1.18425045
8.06588129	93.19274902	0.01073045	94.62120471	-1.42845569	67.01858251	5.30806396	1.18370565
8.06959803	94.73037211	0.01055628	94.07704185	0.65333026	67.01914150	5.31050586	1.18316135
8.07331477	95.37425741	0.01048501	93.56822162	1.80603579	67.01970240	5.31294776	1.18261756
8.07703151	95.05332692	0.01052041	93.08083925	1.97248767	67.02026519	5.31538965	1.18207426
8.08074826	93.91653697	0.01064775	92.60355693	1.31298004	67.02082984	5.31783154	1.18153147
8.08446500	92.14399974	0.01085258	92.12741783	0.01658191	67.02139630	5.32027341	1.18098917
8.08818174	90.09877014	0.01109893	91.64708359	-1.54831345	67.02196457	5.32271529	1.18044738
8.09189848	88.08815511	0.01135226	91.16002499	-3.07186988	67.02253460	5.32515715	1.17990608
8.09561522	86.18807729	0.01160253	90.66679317	-4.47871588	67.02310637	5.32759901	1.17936528
8.09933196	84.45396169	0.01184077	90.16996906	-5.71600737	67.02367984	5.33004087	1.17882498
8.10304870	82.91689301	0.01206027	89.67455958	-6.75766657	67.02425500	5.33248272	1.17828517
8.10676545	81.56047058	0.01226084	89.18706556	-7.62659498	67.02483180	5.33492457	1.17774586
8.11048219	80.36938222	0.01244255	88.71609044	-8.34670822	67.02541023	5.33736641	1.17720704
8.11419893	79.32981873	0.01260560	88.27135324	-8.94153451	67.02599024	5.33980824	1.17666872
8.11791567	78.46118927	0.01274515	87.86393894	-9.40274967	67.02657182	5.34225007	1.17613089
8.12163241	77.73184458	0.01286474	87.50300007	-9.77115549	67.02715493	5.34469189	1.17559355
8.12534915	77.16905467	0.01295856	87.20427622	-10.03522155	67.02773954	5.34713371	1.17505670
8.12906589	76.75317637	0.01302878	86.97620506	-10.22302869	67.02832562	5.34957552	1.17452035
8.13278263	76.50811005	0.01307051	86.82864175	-10.32053170	67.02891314	5.35201732	1.17398449
8.13649938	76.42215220	0.01308521	86.76978928	-10.34763708	67.02950209	5.35445913	1.17344911
8.14021612	76.50542704	0.01307097	86.80674402	-10.30131698	67.03009241	5.35690092	1.17291423
8.14393286	76.78273265	0.01302376	86.94476859	-10.16203594	67.03068409	5.35934271	1.17237983
8.14764960	77.25998179	0.01294331	87.18785853	-9.92787674	67.03127710	5.36178449	1.17184592
8.15136634	77.97067261	0.01282534	87.53818717	-9.56751456	67.03187140	5.36422627	1.17131250
8.15508308	78.87755076	0.01267788	87.99646969	-9.11891893	67.03246697	5.36666804	1.17077957
8.15879982	79.95423126	0.01250716	88.56149219	-8.60726093	67.03306378	5.36910981	1.17024712
8.16251657	81.20623016	0.01231433	89.23023871	-8.02400855	67.03366180	5.37155157	1.16971516
8.16623331	82.64422099	0.01210006	89.99745957	-7.35323858	67.03426099	5.37399333	1.16918368
8.16995005	84.23482259	0.01187157	90.85561071	-6.62078812	67.03486133	5.37643508	1.16865269
8.17366679	85.96726227	0.01163234	91.79458912	-5.82732685	67.03546280	5.37887682	1.16812218
8.17738353	87.88049316	0.01137909	92.80164846	-4.92115530	67.03606535	5.38131856	1.16759215
8.18110027	89.98531596	0.01111292	93.86158420	-3.87626824	67.03666897	5.38376029	1.16706260
8.18481701	92.32730865	0.01083103	94.95690283	-2.62959418	67.03727361	5.38620202	1.16653354
8.18853375	94.94056447	0.01053291	96.06865022	-1.12808575	67.03787926	5.38864374	1.16600496
8.19225050	97.68731181	0.01023674	97.17713237	0.51017944	67.03848588	5.39108546	1.16547685
8.19596724	100.31545003	0.00996855	98.26306261	2.05238742	67.03909345	5.39352717	1.16494923
8.19968398	102.52585856	0.00975364	99.30894007	3.21691849	67.03970192	5.39596887	1.16442208
8.20340072	103.91099548	0.00962362	100.29962112	3.61137436	67.04031129	5.39841057	1.16389542
8.20711746	104.18421427	0.00959838	101.22435347	2.95986080	67.04092150	5.40085226	1.16336923
8.21083420	103.38884481	0.00967222	102.07628131	1.31256350	67.04153255	5.40329394	1.16284351
8.21455094	101.85988871	0.00981741	102.85389380	-0.99400509	67.04214438	5.40573563	1.16231827
8.21826769	100.08984884	0.00999102	103.55965528	-3.46980644	67.04275699	5.40817731	1.16179351
8.22198443	98.64018504	0.01013786	104.19979061	-5.55960557	67.04337033	5.41061898	1.16126923
8.22570117	98.09013875	0.01019470	104.78189404	-6.69175529	67.04398438	5.41306064	1.16074541
8.22941791	98.70000458	0.01013171	105.31343976	-6.61343518	67.04459910	5.41550230	1.16022207
8.23313465	100.45190684	0.00995501	105.79945260	-5.34754576	67.04521448	5.41794395	1.15969921
8.23685139	102.89250437	0.00971888	106.24139608	-3.34889171	67.04583047	5.42038560	1.15917681
8.24056813	105.53809611	0.00947525	106.63654137	-1.09844526	67.04644706	5.42282724	1.15865489
8.24428487	107.86171722	0.00927113	106.97849814	0.88321908	67.04706420	5.42526887	1.15813344
8.24800162	109.27822367	0.00915095	107.25880801	2.01941566	67.04768188	5.42771051	1.15761246
8.25171836	109.64023844	0.00912074	107.46844510	2.17179334	67.04830005	5.43015213	1.15709195
8.25543510	109.07179769	0.00916827	107.60064757	1.47115012	67.04891870	5.43259375	1.15657191
8.25915184	107.99658203	0.00925955	107.65116455	0.34541748	67.04953779	5.43503536	1.15605233
8.26286858	106.91735331	0.00935302	107.62009159	-0.70273828	67.05015729	5.43747697	1.15553323
8.26658532	106.33659871	0.00940410	107.50964037	-1.17304166	67.05077718	5.43991857	1.15501459
8.27030206	106.68794250	0.00937313	107.32428112	-0.63633862	67.05139742	5.44236016	1.15449642
8.27401881	108.15343984	0.00924612	107.06714255	1.08629729	67.05201798	5.44480176	1.15397871
8.27773555	110.70534007	0.00903299	106.74001514	3.96532493	67.05263884	5.44724334	1.15346147
8.28145229	113.84261322	0.00878406	106.34085503	7.50175819	67.05325997	5.44968492	1.15294469
8.28516903	116.98042806	0.00854844	105.86575666	11.11467140	67.05388133	5.45212649	1.15242838
8.28888577	119.38062286	0.00837657	105.30854420	14.07207866	67.05450289	5.45456806	1.15191253
8.29260251	120.25511678	0.00831565	104.66468808	15.59042870	67.05512464	5.45700962	1.15139715
8.29631925	119.18247986	0.00839049	103.93192107	15.25055879	67.05574653	5.45945117	1.15088222
8.30003600	116.11775208	0.00861195	103.11385311	13.00389897	67.05636854	5.46189273	1.15036776
8.30375274	111.57794189	0.00896234	102.21929749	9.35864440	67.05699064	5.46433427	1.14985376
8.30746948	106.12825012	0.00942256	101.26356370	4.86468642	67.05761280	5.46677581	1.14934022
8.31118622	100.36031850	0.00996410	100.26559189	0.09472661	67.05823499	5.46921734	1.14882714
8.31490296	95.12005870	0.01051303	99.24726829	-4.12720959	67.05885718	5.47165887	1.14831452
8.31861970	90.76170095	0.01101786	98.22982833	-7.46812738	67.05947934	5.47410039	1.14780235
8.32233644	87.37192535	0.01144532	97.23307107	-9.86114572	67.06010144	5.47654190	1.14729065
8.32605318	85.09410604	0.01175170	96.27268806	-11.17858202	67.06072346	5.47898341	1.14677940
8.32976993	83.96916962	0.01190913	95.36044691	-11.39127729	67.06134535	5.48142492	1.14626861
8.33348667	84.01285807	0.01190294	94.50298698	-10.49012891	67.06196711	5.48386642	1.14575827
8.33720341	85.04638672	0.01175829	93.70260729	-8.65622057	67.06258868	5.48630791	1.14524839
8.34092015	86.96744792	0.01149856	92.95734104	-5.98989312	67.06321005	5.48874940	1.14473897
8.34463689	89.55554708	0.01116625	92.26218506	-2.70663798	67.06383119	5.49119088	1.14422999
8.34835363	92.27284495	0.01083742	91.60976924	0.66307571	67.06445206	5.49363235	1.14372148
8.35207037	94.64227041	0.01056610	90.99185806	3.65041235	67.06507263	5.49607382	1.14321341
8.35578712	96.37286377	0.01037636	90.40014318	5.97272059	67.06569289	5.49851529	1.14270580
8.35950386	97.13887787	0.01029454	89.82732720	7.31155067	67.06631279	5.50095675	1.14219864
8.36322060	96.92805227	0.01031693	89.26747298	7.66057929	67.06693231	5.50339820	1.14169193
8.36693734	95.84960429	0.01043301	88.71605134	7.13355295	67.06755142	5.50583964	1.14118567
8.37065408	94.25975291	0.01060898	88.16970035	6.09005256	67.06817009	5.50828108	1.14067986
8.37437082	92.41832733	0.01082036	87.62555066	4.79277667	67.06878830	5.51072252	1.14017450
8.37808756	90.45157369	0.01105564	87.08105443	3.37051926	67.06940600	5.51316394	1.13966959
8.38180430	88.56458791	0.01129119	86.53351269	2.03107522	67.07002317	5.51560537	1.13916513
8.38552105	86.78455861	0.01152279	85.98056228	0.80399633	67.07063979	5.51804679	1.13866111
8.38923779	85.06587982	0.01175559	85.42052367	-0.35464385	67.07125582	5.52048820	1.13815755
8.39295453	83.43321991	0.01198563	84.85280774	-1.41958783	67.07187123	5.52292960	1.13765443
8.39667127	81.89358775	0.01221097	84.27879205	-2.38520430	67.07248600	5.52537100	1.13715175
8.40038801	80.46134440	0.01242833	83.70163706	-3.24029266	67.07310009	5.52781240	1.13664952
8.40410475	79.14897410	0.01263440	83.12649320	-3.97751910	67.07371348	5.53025378	1.13614773
8.40782149	77.98531850	0.01282293	82.55975838	-4.57443988	67.07432613	5.53269517	1.13564639
8.41153824	76.95370229	0.01299483	82.00878350	-5.05508121	67.07493802	5.53513655	1.13514549
8.41525498	76.07548269	0.01314484	81.48088575	-5.40540306	67.07554912	5.53757792	1.13464504
8.41897172	75.36715190	0.01326838	80.98317799	-5.61602609	67.07615940	5.54001928	1.13414503
8.42268846	74.82416534	0.01336467	80.52180993	-5.69764459	67.07676883	5.54246064	1.13364545
8.42640520	74.41930135	0.01343737	80.10213696	-5.68283561	67.07737738	5.54490199	1.13314632
8.43012194	74.10477448	0.01349441	79.72828071	-5.62350623	67.07798502	5.54734334	1.13264763
8.43383868	73.88686117	0.01353421	79.40349619	-5.51663502	67.07859172	5.54978468	1.13214938
8.43755542	73.74960073	0.01355940	79.12992892	-5.38032819	67.07919746	5.55222601	1.13165157
8.44127217	73.68415578	0.01357144	78.90897672	-5.22482094	67.07980220	5.55466735	1.13115420
8.44498891	73.66083527	0.01357574	78.74114767	-5.08031240	67.08040591	5.55710867	1.13065727
8.44870565	73.68675232	0.01357096	78.62631018	-4.93955786	67.08100857	5.55954999	1.13016077
8.45242239	73.77987162	0.01355383	78.56359897	-4.78372735	67.08161014	5.56199130	1.12966471
8.45613913	73.96780396	0.01351940	78.55153945	-4.58373549	67.08221060	5.56443261	1.12916909
8.45985587	74.27600098	0.01346330	78.58796727	-4.31196629	67.08280992	5.56687391	1.12867390
8.46357261	74.73846690	0.01337999	78.67003843	-3.93157153	67.08340806	5.56931520	1.12817915
8.46728936	75.40971120	0.01326089	78.79416908	-3.38445788	67.08400501	5.57175650	1.12768484
8.47100610	76.34926605	0.01309770	78.95592315	-2.60665710	67.08460072	5.57419778	1.12719095
8.47472284	77.64391836	0.01287931	79.15000645	-1.50608809	67.08519518	5.57663905	1.12669750
8.47843958	79.32532756	0.01260631	79.37010767	-0.04478011	67.08578835	5.57908032	1.12620449
8.48215632	81.23971049	0.01230925	79.60901283	1.63069766	67.08638020	5.58152159	1.12571191
8.48587306	83.14461009	0.01202724	79.85859732	3.28601277	67.08697071	5.58396285	1.12521976
8.48958980	84.79349264	0.01179336	80.11019231	4.68330033	67.08755984	5.58640410	1.12472804
8.49330654	85.84459432	0.01164896	80.35497530	5.48961902	67.08814756	5.58884535	1.12423675
8.49702329	86.13686371	0.01160943	80.58464748	5.55221623	67.08873386	5.59128659	1.12374589
8.50074003	85.64198558	0.01167652	80.79223307	4.84975251	67.08931868	5.59372783	1.12325546
8.50445677	84.50018819	0.01183429	80.97279661	3.52739158	67.08990202	5.59616906	1.12276546
8.50817351	82.95447795	0.01205480	81.12402247	1.83045548	67.09048384	5.59861028	1.12227588
8.51189025	81.23807780	0.01230950	81.24659162	-0.00851382	67.09106411	5.60105150	1.12178674
8.51560699	79.63744354	0.01255691	81.34381812	-1.70637458	67.09164280	5.60349271	1.12129802
8.51932373	78.25735219	0.01277835	81.42139268	-3.16404049	67.09221988	5.60593392	1.12080973
8.52304048	77.09268188	0.01297140	81.48615899	-4.39347711	67.09279533	5.60837512	1.12032187
8.52675722	76.19477081	0.01312426	81.54576898	-5.35099817	67.09336911	5.61081632	1.11983443
8.53047396	75.55340576	0.01323567	81.60721197	-6.05380621	67.09394120	5.61325751	1.11934742
8.53419070	75.12912496	0.01331042	81.67436387	-6.54523891	67.09451156	5.61569869	1.11886083
8.53790744	74.91457621	0.01334854	81.75670841	-6.84213220	67.09508017	5.61813986	1.11837467
8.54162418	74.88858541	0.01335317	81.85489612	-6.96631071	67.09564700	5.62058103	1.11788893
8.54534092	75.09817251	0.01331590	81.96970840	-6.87153589	67.09621202	5.62302220	1.11740361
8.54905767	75.55794017	0.01323488	82.10033079	-6.54239062	67.09677521	5.62546336	1.11691871
8.55277441	76.32095083	0.01310256	82.24359059	-5.92263976	67.09733652	5.62790452	1.11643424
8.55649115	77.45673116	0.01291043	82.39484162	-4.93811046	67.09789594	5.63034566	1.11595019
8.56020789	78.97962189	0.01266149	82.54753182	-3.56790993	67.09845343	5.63278680	1.11546656
8.56392463	80.86928558	0.01236563	82.69435303	-1.82506745	67.09900897	5.63522794	1.11498335
8.56764137	83.01078288	0.01204663	82.82733198	0.18345090	67.09956253	5.63766907	1.11450056
8.57135811	85.08079529	0.01175353	82.93926853	2.14152676	67.10011407	5.64011019	1.11401818
8.57507485	86.70775096	0.01153299	83.02429890	3.68345206	67.10066358	5.64255131	1.11353623
8.57879160	87.62320709	0.01141250	83.07918249	4.54402460	67.10121101	5.64499243	1.11305469
8.58250834	87.70450846	0.01140192	83.10378818	4.60072028	67.10175635	5.64743353	1.11257357
8.58622508	87.00451660	0.01149366	83.10144743	3.90306917	67.10229956	5.64987463	1.11209287
8.58994182	85.66231283	0.01167375	83.07880523	2.58350760	67.10284062	5.65231572	1.11161259
8.59365856	83.97694651	0.01190803	83.04499487	0.93195164	67.10337949	5.65475681	1.11113272
8.59737530	82.27581278	0.01215424	83.01107811	-0.73526533	67.10391615	5.65719789	1.11065326
8.60109204	80.69789632	0.01239190	82.98864254	-2.29074622	67.10445057	5.65963897	1.11017423
8.60480879	79.39365133	0.01259547	82.98949067	-3.59583934	67.10498272	5.66208004	1.10969560
8.60852553	78.41449229	0.01275274	83.02439007	-4.60989778	67.10551257	5.66452111	1.10921739
8.61224227	77.78662109	0.01285568	83.10325241	-5.31663132	67.10604009	5.66696216	1.10873959
8.61595901	77.51094564	0.01290140	83.23431616	-5.72337052	67.10656526	5.66940322	1.10826220
8.61967575	77.54128011	0.01289636	83.42459595	-5.88331584	67.10708804	5.67184426	1.10778523
8.62339249	77.92410024	0.01283300	83.67928534	-5.75518510	67.10760841	5.67428530	1.10730867
8.62710923	78.66261037	0.01271252	84.00229245	-5.33968208	67.10812634	5.67672633	1.10683252
8.63082597	79.73412832	0.01254168	84.39566463	-4.66153631	67.10864180	5.67916736	1.10635678
8.63454272	81.16964213	0.01231988	84.86006188	-3.69041975	67.10915476	5.68160839	1.10588145
8.63825946	82.89588674	0.01206332	85.39419610	-2.49830936	67.10966520	5.68404941	1.10540653
8.64197620	84.84910583	0.01178563	85.99522317	-1.14611734	67.11017308	5.68649042	1.10493201
8.64569294	86.94056956	0.01150211	86.65834003	0.28222953	67.11067837	5.68893142	1.10445791
8.64940968	89.01405843	0.01123418	87.37721627	1.63684216	67.11118106	5.69137242	1.10398421
8.65312642	90.94629415	0.01099550	88.14397511	2.80231904	67.11168110	5.69381341	1.10351093
8.65684316	92.68040212	0.01078977	88.94977157	3.73063055	67.11217847	5.69625439	1.10303804
8.66055991	94.19998932	0.01061571	89.78528704	4.41470228	67.11267315	5.69869538	1.10256557
8.66427665	95.52802022	0.01046813	90.64130281	4.88671741	67.11316510	5.70113635	1.10209350
8.66799339	96.83917999	0.01032640	91.50941447	5.32976552	67.11365430	5.70357732	1.10162183
8.67171013	98.34756978	0.01016802	92.38208704	5.96548274	67.11414072	5.70601828	1.10115057
8.67542687	100.27278646	0.00997280	93.25290349	7.01988297	67.11462432	5.70845924	1.10067972
8.67914361	102.74122365	0.00973319	94.11592340	8.62530025	67.11510509	5.71090019	1.10020927
8.68286035	105.64339193	0.00946581	94.96524031	10.67815162	67.11558299	5.71334113	1.09973922
8.68657709	108.77955627	0.00919290	95.79390592	12.98565035	67.11605799	5.71578207	1.09926957
8.69029384	111.89724477	0.00893677	96.59374831	15.30349646	67.11653007	5.71822301	1.09880033
8.69401058	114.68341064	0.00871966	97.35461278	17.32879786	67.11699920	5.72066394	1.09833148
8.69772732	116.79323324	0.00856214	98.06402073	18.72921251	67.11746535	5.72310486	1.09786304
8.70144406	118.06751506	0.00846973	98.71204499	19.35547007	67.11792849	5.72554577	1.09739500
8.70516080	118.51313273	0.00843788	99.28598803	19.22714470	67.11838860	5.72798668	1.09692736
8.70887754	118.26538595	0.00845556	99.77548281	18.48990314	67.11884564	5.73042758	1.09646012
8.71259428	117.47748057	0.00851227	100.17350968	17.30397089	67.11929959	5.73286847	1.09599328
8.71631103	116.38263957	0.00859235	100.47597393	15.90666564	67.11975042	5.73530937	1.09552683
8.72002777	115.14045207	0.00868504	100.68295661	14.45749546	67.12019810	5.73775025	1.09506079
8.72374451	113.72456614	0.00879317	100.79749803	12.92706811	67.12064261	5.74019113	1.09459514
8.72746125	112.07681529	0.00892245	100.82561311	11.25120218	67.12108391	5.74263200	1.09412989
8.73117799	110.08874003	0.00908358	100.77496917	9.31377086	67.12152198	5.74507287	1.09366503
8.73489473	107.65829213	0.00928865	100.65447759	7.00381454	67.12195678	5.74751373	1.09320057
8.73861147	104.80395253	0.00954162	100.47376613	4.33018640	67.12238830	5.74995458	1.09273651
8.74232821	101.66095225	0.00983662	100.24290712	1.41804513	67.12281651	5.75239543	1.09227284
8.74604496	98.34830983	0.01016794	99.97283534	-1.62452551	67.12324137	5.75483628	1.09180957
8.74976170	95.07462819	0.01051805	99.67493970	-4.60031151	67.12366286	5.75727711	1.09134669
8.75347844	92.02043660	0.01086715	99.36193189	-7.34149529	67.12408094	5.75971794	1.09088420
8.75719518	89.28435008	0.01120017	99.04675965	-9.76240957	67.12449561	5.76215876	1.09042211
8.76091192	86.96823120	0.01149845	98.74354527	-11.77531407	67.12490681	5.76459958	1.08996041
8.76462866	85.17236837	0.01174090	98.46549096	-13.29312259	67.12531454	5.76704039	1.08949910
8.76834540	84.01490529	0.01190265	98.22588867	-14.21098338	67.12571875	5.76948120	1.08903818
8.77206215	83.54740397	0.01196925	98.03540821	-14.48800424	67.12611942	5.77192200	1.08857765
8.77577889	83.80049642	0.01193310	97.90325989	-14.10276347	67.12651653	5.77436280	1.08811752
8.77949563	84.91224925	0.01177686	97.83453918	-12.92228993	67.12691005	5.77680358	1.08765777
8.78321237	86.82127380	0.01151791	97.83148152	-11.01020772	67.12729994	5.77924436	1.08719841
8.78692911	89.39880117	0.01118583	97.89181528	-8.49301411	67.12768618	5.78168514	1.08673945
8.79064585	92.47826385	0.01081335	98.00765699	-5.52939314	67.12806875	5.78412591	1.08628087
8.79436259	95.65795135	0.01045391	98.17387811	-2.51592676	67.12844761	5.78656667	1.08582268
8.79807933	98.51344045	0.01015090	98.37616325	0.13727720	67.12882274	5.78900742	1.08536487
8.80179608	100.73782603	0.00992676	98.60004683	2.13777920	67.12919412	5.79144818	1.08490745
8.80551282	102.14830017	0.00978969	98.83087132	3.31742885	67.12956170	5.79388893	1.08445042
8.80922956	102.74067179	0.00973324	99.05434769	3.68632410	67.12992548	5.79632966	1.08399378
8.81294630	102.63601939	0.00974317	99.25823645	3.37778294	67.13028541	5.79877040	1.08353752
8.81666304	102.08517202	0.00979574	99.43331592	2.65185610	67.13064147	5.80121112	1.08308165
8.82037978	101.27942912	0.00987367	99.57371317	1.70571595	67.13099363	5.80365184	1.08262616
8.82409652	100.27765910	0.00997231	99.67717395	0.60048515	67.13134187	5.80609255	1.08217106
8.82781327	99.15437317	0.01008528	99.74449454	-0.59012137	67.13168616	5.80853327	1.08171633
8.83153001	97.92196910	0.01021221	99.77874860	-1.85677950	67.13202647	5.81097397	1.08126199
8.83524675	96.58891042	0.01035316	99.78477070	-3.19586028	67.13236278	5.81341467	1.08080804
8.83896349	95.28506470	0.01049482	99.76767220	-4.48260750	67.13269505	5.81585535	1.08035447
8.84268023	94.17862956	0.01061812	99.73269506	-5.55406550	67.13302327	5.81829604	1.07990127
8.84639697	93.45425924	0.01070042	99.68381620	-6.22955696	67.13334739	5.82073671	1.07944846
8.85011371	93.22861735	0.01072632	99.62381387	-6.39519652	67.13366740	5.82317739	1.07899603
8.85383046	93.47705841	0.01069781	99.55333739	-6.07627898	67.13398327	5.82561806	1.07854398
8.85754720	93.99296316	0.01063909	99.47137273	-5.47840957	67.13429497	5.82805872	1.07809231
8.86126394	94.47759247	0.01058452	99.37512413	-4.89753166	67.13460248	5.83049937	1.07764102
8.86498068	94.62618256	0.01056790	99.26094793	-4.63476537	67.13490576	5.83294001	1.07719011
8.86869742	94.31345367	0.01060294	99.12503728	-4.81158361	67.13520479	5.83538065	1.07673958
8.87241416	93.55412292	0.01068900	98.96428662	-5.41016370	67.13549955	5.83782129	1.07628942
8.87613090	92.53105164	0.01080718	98.77707977	-6.24602813	67.13579000	5.84026192	1.07583965
8.87984764	91.45118205	0.01093480	98.56326818	-7.11208613	67.13607612	5.84270254	1.07539024
8.88356439	90.58806356	0.01103898	98.32442513	-7.73636157	67.13635789	5.84514316	1.07494122
8.88728113	90.17312876	0.01108978	98.06271996	-7.88959120	67.13663526	5.84758377	1.07449257
8.89099787	90.31201426	0.01107272	97.78084062	-7.46882636	67.13690823	5.85002437	1.07404430
8.89471461	90.98327128	0.01099103	97.48076535	-6.49749407	67.13717676	5.85246497	1.07359640
8.89843135	92.05378977	0.01086321	97.16357694	-5.10978717	67.13744082	5.85490556	1.07314887
8.90214809	93.35323334	0.01071200	96.82916594	-3.47593260	67.13770039	5.85734615	1.07270172
8.90586483	94.64217377	0.01056611	96.47641143	-1.83423766	67.13795545	5.85978672	1.07225495
8.90958158	95.65926107	0.01045377	96.10331351	-0.44405244	67.13820596	5.86222730	1.07180854
8.91329832	96.17294312	0.01039793	95.70762549	0.46531763	67.13845189	5.86466787	1.07136251
8.91701506	96.02879842	0.01041354	95.28695011	0.74184831	67.13869323	5.86710843	1.07091686
8.92073180	95.22851054	0.01050106	94.83945798	0.38905256	67.13892994	5.86954898	1.07047157
8.92444854	93.78854879	0.01066228	94.36401872	-0.57546993	67.13916200	5.87198953	1.07002665
8.92816528	91.85621134	0.01088658	93.86080131	-2.00458997	67.13938938	5.87443007	1.06958211
8.93188202	89.65409597	0.01115398	93.33144717	-3.67735120	67.13961206	5.87687061	1.06913794
8.93559876	87.36349233	0.01144643	92.77923976	-5.41574743	67.13983001	5.87931114	1.06869413
8.93931551	85.21825663	0.01173457	92.20899208	-6.99073545	67.14004320	5.88175167	1.06825070
8.94303225	83.42641449	0.01198661	91.62653865	-8.20012416	67.14025160	5.88419218	1.06780763
8.94674899	82.12246195	0.01217694	91.03828021	-8.91581826	67.14045519	5.88663269	1.06736493
8.95046573	81.35835266	0.01229130	90.45026077	-9.09190811	67.14065395	5.88907320	1.06692260
8.95418247	81.17317454	0.01231934	89.86782809	-8.69465355	67.14084784	5.89151370	1.06648064
8.95789921	81.60242462	0.01225454	89.29490213	-7.69247751	67.14103685	5.89395419	1.06603905
8.96161595	82.55643972	0.01211293	88.73423195	-6.17779223	67.14122093	5.89639468	1.06559782
8.96533270	83.79229736	0.01193427	88.18719504	-4.39489768	67.14140008	5.89883516	1.06515696
8.96904944	85.07726796	0.01175402	87.65462063	-2.57735267	67.14157426	5.90127564	1.06471646
8.97276618	86.10088094	0.01161428	87.13722123	-1.03634029	67.14174344	5.90371610	1.06427633
8.97648292	86.59113566	0.01154853	86.63611129	-0.04497563	67.14190760	5.90615656	1.06383656
8.98019966	86.41198476	0.01157247	86.15360139	0.25838337	67.14206672	5.90859702	1.06339716
8.98391640	85.59744008	0.01168259	85.69317781	-0.09573773	67.14222076	5.91103747	1.06295813
8.98763314	84.36106873	0.01185381	85.25975573	-0.89868700	67.14236971	5.91347791	1.06251945
8.99134988	82.89997355	0.01206273	84.85924291	-1.95926936	67.14251353	5.91591835	1.06208114
8.99506663	81.42688243	0.01228096	84.49828304	-3.07140061	67.14265219	5.91835878	1.06164319
8.99878337	80.13571676	0.01247883	84.18367155	-4.04795479	67.14278569	5.92079921	1.06120561
9.00250011	79.07919312	0.01264555	83.92201025	-4.84281713	67.14291398	5.92323962	1.06076838
9.00621685	78.27146149	0.01277605	83.71931088	-5.44784939	67.14303704	5.92568003	1.06033152
9.00993359	77.70528920	0.01286914	83.58080780	-5.87551860	67.14315484	5.92812044	1.05989502
9.01365033	77.38333130	0.01292268	83.50920160	-6.12587030	67.14326737	5.93056084	1.05945887
9.01736707	77.30734507	0.01293538	83.51110958	-6.20376451	67.14337459	5.93300123	1.05902309
9.02108382	77.45945485	0.01290998	83.58732326	-6.12786841	67.14347648	5.93544162	1.05858767
9.02480056	77.86230469	0.01284319	83.73939943	-5.87709474	67.14357301	5.93788200	1.05815260
9.02851730	78.48013051	0.01274208	83.96793537	-5.48780486	67.14366416	5.94032238	1.05771790
9.03223404	79.32082367	0.01260703	84.27272841	-4.95190474	67.14374991	5.94276275	1.05728355
9.03595078	80.40779114	0.01243661	84.65256497	-4.24477383	67.14383021	5.94520311	1.05684956
9.03966752	81.78506978	0.01222717	85.10540223	-3.32033245	67.14390506	5.94764346	1.05641593
9.04338426	83.41309611	0.01198853	85.62797446	-2.21487835	67.14397442	5.95008381	1.05598266
9.04710100	85.29946645	0.01172340	86.21604358	-0.91657713	67.14403828	5.95252415	1.05554974
9.05081775	87.42344920	0.01143858	86.86389628	0.55955292	67.14409659	5.95496450	1.05511717
9.05453449	89.65974681	0.01115328	87.56472046	2.09502635	67.14414935	5.95740483	1.05468497
9.05825123	91.92141978	0.01087886	88.31012733	3.61129245	67.14419652	5.95984515	1.05425311
9.06196797	94.06725057	0.01063069	89.09086596	4.97638461	67.14423807	5.96228547	1.05382162
9.06568471	95.90823110	0.01042663	89.89655995	6.01167115	67.14427399	5.96472578	1.05339047
9.06940145	97.28592173	0.01027898	90.71680362	6.56911811	67.14430425	5.96716608	1.05295968
9.07311819	98.07736206	0.01019603	91.54068400	6.53667806	67.14432882	5.96960638	1.05252925
9.07683494	98.28359222	0.01017464	92.36080681	5.92278541	67.14434767	5.97204668	1.05209916
9.08055168	97.95208740	0.01020907	93.16931890	4.78276850	67.14436079	5.97448697	1.05166943
9.08426842	97.29378255	0.01027815	93.96132647	3.33245608	67.14436815	5.97692725	1.05124005
9.08798516	96.60078684	0.01035188	94.73411901	1.86666783	67.14436971	5.97936752	1.05081102
9.09170190	96.11508942	0.01040419	95.48690005	0.62818937	67.14436547	5.98180779	1.05038235
9.09541864	96.03508504	0.01041286	96.21956767	-0.18448263	67.14435538	5.98424805	1.04995402
9.09913538	96.43443044	0.01036974	96.93143670	-0.49700626	67.14433943	5.98668830	1.04952605
9.10285213	97.26033020	0.01028168	97.62072039	-0.36039019	67.14431760	5.98912856	1.04909842
9.10656887	98.33090464	0.01016974	98.28278359	0.04812105	67.14428985	5.99156880	1.04867114
9.11028561	99.41468302	0.01005888	98.90970819	0.50497483	67.14425616	5.99400904	1.04824422
9.11400235	100.44330088	0.00995587	99.48941095	0.95388993	67.14421651	5.99644927	1.04781764
9.11771909	101.44541423	0.00985752	100.00547588	1.43993835	67.14417088	5.99888949	1.04739141
9.12143583	102.42701976	0.00976305	100.43709354	1.98992622	67.14411923	6.00132971	1.04696553
9.12515257	103.38095601	0.00967296	100.75933213	2.62162388	67.14406154	6.00376992	1.04653999
9.12886931	104.23470306	0.00959373	100.94721388	3.28748918	67.14399780	6.00621012	1.04611480
9.13258606	104.81249746	0.00954085	100.97566560	3.83683186	67.14392797	6.00865033	1.04568996
9.13630280	104.90153758	0.00953275	100.82621680	4.07532078	67.14385203	6.01109052	1.04526546
9.14001954	104.31713613	0.00958615	100.49027048	3.82686565	67.14376995	6.01353070	1.04484131
9.14373628	103.02548218	0.00970634	99.97274637	3.05273581	67.14368171	6.01597088	1.04441751
9.14745302	101.08088938	0.00989307	99.29128579	1.78960359	67.14358729	6.01841105	1.04399405
9.15116976	98.68298340	0.01013346	98.47497134	0.20801206	67.14348667	6.02085122	1.04357093
9.15488650	96.17410278	0.01039781	97.55869993	-1.38459715	67.14337981	6.02329138	1.04314816
9.15860325	93.74491119	0.01066725	96.58020299	-2.83529180	67.14326669	6.02573154	1.04272573
9.16231999	91.51301066	0.01092741	95.57475622	-4.06174556	67.14314729	6.02817169	1.04230364
9.16603673	89.60992177	0.01115948	94.57452545	-4.96460368	67.14302159	6.03061183	1.04188190
9.16975347	88.05481974	0.01135656	93.60572185	-5.55090211	67.14288955	6.03305196	1.04146050
9.17347021	86.81247965	0.01151908	92.68989575	-5.87741610	67.14275117	6.03549209	1.04103944
9.17718695	85.84414673	0.01164902	91.84258538	-5.99843865	67.14260641	6.03793221	1.04061872
9.18090369	85.10361226	0.01175038	91.07528949	-5.97167723	67.14245524	6.04037233	1.04019835
9.18462043	84.47182719	0.01183827	90.39460029	-5.92277310	67.14229765	6.04281244	1.03977831
9.18833718	83.88091278	0.01192166	89.80432160	-5.92340882	67.14213361	6.04525255	1.03935861
9.19205392	83.29143524	0.01200604	89.30484281	-6.01340757	67.14196310	6.04769264	1.03893926
9.19577066	82.66823832	0.01209654	88.89519852	-6.22696020	67.14178608	6.05013273	1.03852024
9.19948740	81.99249013	0.01219624	88.57255815	-6.58006802	67.14160255	6.05257282	1.03810156
9.20320414	81.27465566	0.01230396	88.33398294	-7.05932728	67.14141247	6.05501290	1.03768322
9.20692088	80.55716705	0.01241354	88.17580186	-7.61863481	67.14121583	6.05745297	1.03726522
9.21063762	79.92725881	0.01251138	88.09479329	-8.16753448	67.14101259	6.05989303	1.03684756
9.21435437	79.42110952	0.01259111	88.08731563	-8.66620611	67.14080274	6.06233310	1.03643023
9.21807111	79.14117940	0.01263565	88.14991750	-9.00873810	67.14058624	6.06477315	1.03601324
9.22178785	79.16699727	0.01263153	88.27831373	-9.11131646	67.14036308	6.06721319	1.03559659
9.22550459	79.63673401	0.01255702	88.46769261	-8.83095860	67.14013324	6.06965323	1.03518028
9.22922133	80.68894196	0.01239327	88.71176582	-8.02282386	67.13989669	6.07209326	1.03476430
9.23293807	82.44984690	0.01212859	89.00310302	-6.55325612	67.13965340	6.07453329	1.03434865
9.23665481	85.07444000	0.01175441	89.33234106	-4.25790106	67.13940335	6.07697331	1.03393334
9.24037155	88.66247050	0.01127873	89.68879351	-1.02632301	67.13914653	6.07941332	1.03351836
9.24408830	92.96504720	0.01075673	90.06007392	2.90497328	67.13888290	6.08185334	1.03310372
9.24780504	97.64579519	0.01024110	90.43298668	7.21280851	67.13861244	6.08429334	1.03268941
9.25152178	102.16827901	0.00978777	90.79376532	11.37451369	67.13833514	6.08673333	1.03227544
9.25523852	105.73943837	0.00945721	91.12922058	14.61021779	67.13805096	6.08917332	1.03186179
9.25895526	107.93418630	0.00926491	91.42745461	16.50673169	67.13775988	6.09161330	1.03144848
9.26267200	108.60138448	0.00920799	91.67883530	16.92254918	67.13746188	6.09405328	1.03103551
9.26638874	107.97175344	0.00926168	91.87665366	16.09509978	67.13715695	6.09649325	1.03062286
9.27010549	106.40773773	0.00939781	92.01729032	14.39044741	67.13684504	6.09893322	1.03021054
9.27382223	104.40974681	0.00957765	92.10029560	12.30945121	67.13652615	6.10137317	1.02979856
9.27753897	102.53071086	0.00975318	92.12767197	10.40303889	67.13620025	6.10381312	1.02938691
9.28125571	100.83723704	0.00991697	92.10343613	8.73380091	67.13586731	6.10625306	1.02897558
9.28497245	99.24547577	0.01007603	92.03269893	7.21277684	67.13552732	6.10869300	1.02856459
9.28868919	97.63576508	0.01024215	91.92141771	5.71434737	67.13518024	6.11113293	1.02815392
9.29240593	95.87533824	0.01043021	91.77577548	4.09956276	67.13482607	6.11357285	1.02774359
9.29612267	93.96506246	0.01064225	91.60240329	2.36265917	67.13446476	6.11601277	1.02733358
9.29983942	92.03378550	0.01086558	91.40789294	0.62589256	67.13409632	6.11845269	1.02692390
9.30355616	90.20237986	0.01108618	91.19932900	-0.99694914	67.13372070	6.12089259	1.02651455
9.30727290	88.57348124	0.01129006	90.98354222	-2.41006098	67.13333788	6.12333249	1.02610553
9.31098964	87.27080790	0.01145859	90.76735932	-3.49655142	67.13294786	6.12577238	1.02569683
9.31470638	86.32778168	0.01158376	90.55678447	-4.22900279	67.13255059	6.12821227	1.02528846
9.31842312	85.67527262	0.01167198	90.35700325	-4.68173063	67.13214607	6.13065215	1.02488041
9.32213986	85.23130798	0.01173278	90.17176763	-4.94045965	67.13173426	6.13309202	1.02447269
9.32585661	84.94800313	0.01177191	90.00366758	-5.05566445	67.13131515	6.13553189	1.02406530
9.32957335	84.82080841	0.01178956	89.85349954	-5.03269113	67.13088872	6.13797175	1.02365823
9.33329009	84.79844411	0.01179267	89.72129639	-4.92285228	67.13045493	6.14041160	1.02325149
9.33700683	84.91220093	0.01177687	89.60591603	-4.69371510	67.13001377	6.14285145	1.02284507
9.34072357	85.17134603	0.01174104	89.50568497	-4.33433894	67.12956522	6.14529129	1.02243897
9.34444031	85.59568278	0.01168283	89.41857716	-3.82289438	67.12910926	6.14773112	1.02203320
9.34815705	86.25615692	0.01159338	89.34237298	-3.08621606	67.12864586	6.15017095	1.02162775
9.35187380	87.17598470	0.01147105	89.27473022	-2.09874552	67.12817499	6.15261078	1.02122262
9.35559054	88.30973562	0.01132378	89.21313669	-0.90340107	67.12769665	6.15505059	1.02081782
9.35930728	89.55369314	0.01116649	89.15498031	0.39871283	67.12721081	6.15749040	1.02041333
9.36302402	90.75058746	0.01101921	89.09750999	1.65307747	67.12671744	6.15993020	1.02000917
9.36674076	91.65890757	0.01091001	89.03816687	2.62074070	67.12621653	6.16237000	1.01960533
9.37045750	92.07826487	0.01086033	88.97468674	3.10357813	67.12570805	6.16480978	1.01920181
9.37417424	91.91368357	0.01087977	88.90562161	3.00806196	67.12519198	6.16724957	1.01879861
9.37789098	91.18317668	0.01096694	88.83046843	2.35270825	67.12466829	6.16968934	1.01839573
9.38160773	90.00961049	0.01110992	88.75008643	1.25952406	67.12413698	6.17212912	1.01799317
9.38532447	88.54670970	0.01129347	88.66662889	-0.11991919	67.12359801	6.17456888	1.01759093
9.38904121	87.01213582	0.01149265	88.58368420	-1.57154838	67.12305137	6.17700863	1.01718901
9.39275795	85.48940786	0.01169736	88.50597185	-3.01656399	67.12249703	6.17944838	1.01678741
9.39647469	84.07398733	0.01189429	88.43920144	-4.36521411	67.12193497	6.18188813	1.01638612
9.40019143	82.87361145	0.01206657	88.38964402	-5.51603257	67.12136518	6.18432786	1.01598516
9.40390817	81.94068400	0.01220395	88.36377549	-6.42309149	67.12078762	6.18676759	1.01558451
9.40762492	81.33684285	0.01229455	88.36774649	-7.03090364	67.12020228	6.18920732	1.01518417
9.41134166	81.11975606	0.01232745	88.40712477	-7.28736871	67.11960914	6.19164704	1.01478415
9.41505840	81.35336304	0.01229205	88.48626939	-7.13290635	67.11900818	6.19408675	1.01438445
9.41877514	82.09479777	0.01218104	88.60820551	-6.51340774	67.11839937	6.19652645	1.01398507
9.42249188	83.28730520	0.01200663	88.77424045	-5.48693525	67.11778269	6.19896615	1.01358600
9.42620862	84.87480672	0.01178206	88.98392398	-4.10911726	67.11715813	6.20140584	1.01318725
9.42992536	86.73697662	0.01152911	89.23499115	-2.49801453	67.11652567	6.20384552	1.01278881
9.43364210	88.63345846	0.01128242	89.52342843	-0.88996997	67.11588527	6.20628520	1.01239068
9.43735885	90.42853546	0.01105846	89.84373244	0.58480302	67.11523693	6.20872488	1.01199287
9.44107559	92.04595693	0.01086414	90.18904683	1.85691010	67.11458062	6.21116454	1.01159537
9.44479233	93.42097219	0.01070423	90.55167931	2.86929288	67.11391631	6.21360420	1.01119819
9.44850907	94.57406108	0.01057372	90.92322888	3.65083220	67.11324400	6.21604385	1.01080132
9.45222581	95.55252075	0.01046545	91.29508288	4.25743787	67.11256366	6.21848350	1.01040476
9.45594255	96.39484660	0.01037400	91.65864515	4.73620145	67.11187526	6.22092314	1.01000851
9.45965929	97.15678406	0.01029264	92.00552568	5.15125838	67.11117879	6.22336277	1.00961257
9.46337604	97.88706207	0.01021585	92.32773037	5.55933170	67.11047423	6.22580240	1.00921695
9.46709278	98.61082967	0.01014087	92.61769580	5.99313387	67.10976156	6.22824202	1.00882164
9.47080952	99.29119619	0.01007139	92.86846760	6.42272859	67.10904076	6.23068163	1.00842663
9.47452626	99.87084198	0.01001293	93.07367837	6.79716361	67.10831180	6.23312124	1.00803194
9.47824300	100.22674306	0.00997738	93.22787898	6.99886408	67.10757468	6.23556084	1.00763756
9.48195974	100.21413930	0.00997863	93.32661981	6.88751949	67.10682935	6.23800043	1.00724349
9.48567648	99.72802480	0.01002727	93.36695610	6.36106870	67.10607582	6.24044001	1.00684972
9.48939322	98.74894206	0.01012669	93.34774938	5.40119268	67.10531405	6.24287959	1.00645627
9.49310997	97.30418905	0.01027705	93.26992131	4.03426774	67.10454403	6.24531917	1.00606312
9.49682671	95.49117279	0.01047217	93.13683895	2.35433384	67.10376574	6.24775874	1.00567028
9.50054345	93.47577413	0.01069796	92.95407212	0.52170201	67.10297915	6.25019830	1.00527775
9.50426019	91.39027150	0.01094208	92.72940002	-1.33912852	67.10218426	6.25263785	1.00488553
9.50797693	89.32977041	0.01119448	92.47210021	-3.14232980	67.10138103	6.25507740	1.00449361
9.51169367	87.46801758	0.01143275	92.19260934	-4.72459176	67.10056945	6.25751694	1.00410201
9.51541041	85.88624827	0.01164331	91.90150833	-6.01526006	67.09974950	6.25995647	1.00371070
9.51912716	84.70536296	0.01180563	91.60903071	-6.90366775	67.09892115	6.26239601	1.00331970
9.52284390	84.02742513	0.01190088	91.32433856	-7.29691343	67.09808440	6.26483553	1.00292901
9.52656064	83.91765086	0.01191644	91.05498013	-7.13732927	67.09723923	6.26727504	1.00253863
9.53027738	84.39461009	0.01184910	90.80658157	-6.41197148	67.09638560	6.26971455	1.00214854
9.53399412	85.42498525	0.01170618	90.58264850	-5.15766325	67.09552350	6.27215405	1.00175877
9.53771086	86.95697276	0.01149994	90.38456259	-3.42758983	67.09465292	6.27459354	1.00136929
9.54142760	88.87804921	0.01125137	90.21174474	-1.33369553	67.09377383	6.27703303	1.00098013
9.54514434	90.95188904	0.01099482	90.06193941	0.88994963	67.09288622	6.27947251	1.00059126
9.54886109	92.99276479	0.01075352	89.93160745	3.06115734	67.09199006	6.28191199	1.00020270
9.55257783	94.80916595	0.01054750	89.81633786	4.99282809	67.09108534	6.28435146	0.99981444
9.55629457	96.19618734	0.01039542	89.71138510	6.48480224	67.09017204	6.28679092	0.99942648
9.56001131	97.00937907	0.01030828	89.61190807	7.39747100	67.08925014	6.28923037	0.99903882
9.56372805	97.14790599	0.01029358	89.51370293	7.63420306	67.08831962	6.29166982	0.99865147
9.56744479	96.59524790	0.01035248	89.41302572	7.18222218	67.08738046	6.29410926	0.99826442
9.57116153	95.41682180	0.01048033	89.30740404	6.10941776	67.08643264	6.29654869	0.99787766
9.57487828	93.75478363	0.01066612	89.19521587	4.55956776	67.08547614	6.29898813	0.99749121
9.57859502	91.84177907	0.01088829	89.07631720	2.76546187	67.08451096	6.30142755	0.99710506
9.58231176	89.88230642	0.01112566	88.95139561	0.93091081	67.08353706	6.30386696	0.99671921
9.58602850	88.12646484	0.01134733	88.82246957	-0.69600473	67.08255443	6.30630637	0.99633366
9.58974524	86.79766337	0.01152105	88.69179523	-1.89413186	67.08156305	6.30874577	0.99594841
9.59346198	86.01952616	0.01162527	88.56231657	-2.54279041	67.08056290	6.31118517	0.99556345
9.59717872	85.82966105	0.01165098	88.43631219	-2.60665114	67.07955397	6.31362455	0.99517880
9.60089547	86.24193827	0.01159529	88.31585728	-2.07391901	67.07853623	6.31606394	0.99479444
9.60461221	87.20250956	0.01146756	88.20160914	-0.99909958	67.07750968	6.31850332	0.99441038
9.60832895	88.57777913	0.01128951	88.09348403	0.48429510	67.07647428	6.32094268	0.99402662
9.61204569	90.05393219	0.01110446	87.98976323	2.06416896	67.07543002	6.32338205	0.99364316
9.61576243	91.34700012	0.01094727	87.88815876	3.45884136	67.07437689	6.32582140	0.99325999
9.61947917	92.16508230	0.01085010	87.78530154	4.37978076	67.07331486	6.32826075	0.99287712
9.62319591	92.29568227	0.01083474	87.67802227	4.61766000	67.07224392	6.33070009	0.99249455
9.62691265	91.69550323	0.01090566	87.56312272	4.13238051	67.07116406	6.33313942	0.99211227
9.63062940	90.46308390	0.01105423	87.43854638	3.02453752	67.07007524	6.33557876	0.99173028
9.63434614	88.84184011	0.01125596	87.30311938	1.53872073	67.06897746	6.33801808	0.99134859
9.63806288	87.06072489	0.01148624	87.15733503	-0.09661014	67.06787070	6.34045740	0.99096720
9.64177962	85.38485718	0.01171168	87.00271669	-1.61785951	67.06675494	6.34289670	0.99058610
9.64549636	84.09199270	0.01189174	86.84216537	-2.75017267	67.06563016	6.34533600	0.99020529
9.64921310	83.26782227	0.01200944	86.67898435	-3.41116208	67.06449635	6.34777530	0.98982478
9.65292984	82.93438466	0.01205772	86.51694105	-3.58255639	67.06335348	6.35021459	0.98944456
9.65664659	83.05722046	0.01203989	86.35928921	-3.30206875	67.06220155	6.35265387	0.98906464
9.66036333	83.56937663	0.01196611	86.20873484	-2.63935821	67.06104053	6.35509315	0.98868501
9.66408007	84.32558441	0.01185880	86.06702509	-1.74144068	67.05987040	6.35753242	0.98830567
9.66779681	85.07476298	0.01175437	85.93478716	-0.86002418	67.05869116	6.35997168	0.98792662
9.67151355	85.68393199	0.01167080	85.81173006	-0.12779807	67.05750278	6.36241093	0.98754786
9.67523029	86.03861745	0.01162269	85.69662883	0.34198862	67.05630524	6.36485018	0.98716940
9.67894703	86.11661275	0.01161216	85.58778840	0.52882435	67.05509854	6.36728942	0.98679122
9.68266377	85.94363403	0.01163553	85.48309253	0.46054150	67.05388264	6.36972866	0.98641334
9.68638052	85.60180155	0.01168200	85.38054240	0.22125915	67.05265754	6.37216789	0.98603574
9.69009726	85.21652985	0.01173481	85.27821908	-0.06168923	67.05142322	6.37460711	0.98565844
9.69381400	84.86086019	0.01178400	85.17467827	-0.31381808	67.05017966	6.37704633	0.98528143
9.69753074	84.58014933	0.01182311	85.06887323	-0.48872390	67.04892685	6.37948553	0.98490470
9.70124748	84.37977854	0.01185118	84.96034743	-0.58056889	67.04766477	6.38192473	0.98452827
9.70496422	84.24830373	0.01186968	84.84903703	-0.60073330	67.04639340	6.38436393	0.98415212
9.70868096	84.16633606	0.01188123	84.73548902	-0.56915296	67.04511272	6.38680312	0.98377626
9.71239771	84.11762238	0.01188812	84.62045701	-0.50283463	67.04382273	6.38924230	0.98340069
9.71611445	84.08232371	0.01189311	84.50497905	-0.42265534	67.04252340	6.39168148	0.98302541
9.71983119	84.03414917	0.01189992	84.39016559	-0.35601642	67.04121472	6.39412065	0.98265042
9.72354793	83.95098114	0.01191171	84.27704735	-0.32606621	67.03989667	6.39655981	0.98227571
9.72726467	83.81882731	0.01193049	84.16660437	-0.34777706	67.03856923	6.39899896	0.98190129
9.73098141	83.64259847	0.01195563	84.05963590	-0.41703743	67.03723240	6.40143811	0.98152715
9.73469815	83.43900553	0.01198480	83.95702107	-0.51801554	67.03588615	6.40387725	0.98115330
9.73841489	83.22386932	0.01201578	83.85949668	-0.63562736	67.03453047	6.40631638	0.98077974
9.74213164	83.03677622	0.01204286	83.76818373	-0.73140751	67.03316533	6.40875551	0.98040646
9.74584838	82.90794627	0.01206157	83.68406665	-0.77612038	67.03179074	6.41119463	0.98003347
9.74956512	82.84999593	0.01207001	83.60852790	-0.75853197	67.03040667	6.41363375	0.97966076
9.75328186	82.84288534	0.01207104	83.54266777	-0.69978243	67.02901310	6.41607285	0.97928834
9.75699860	82.87835439	0.01206588	83.48775633	-0.60940194	67.02761003	6.41851195	0.97891620
9.76071534	82.91788737	0.01206012	83.44452694	-0.52663957	67.02619743	6.42095105	0.97854434
9.76443208	82.91776021	0.01206014	83.41369738	-0.49593717	67.02477529	6.42339013	0.97817277
9.76814883	82.84160105	0.01207123	83.39538435	-0.55378330	67.02334359	6.42582922	0.97780148
9.77186557	82.68294525	0.01209439	83.38976857	-0.70682332	67.02190232	6.42826829	0.97743047
9.77558231	82.49066671	0.01212258	83.39614061	-0.90547390	67.02045147	6.43070736	0.97705975
9.77929905	82.39302063	0.01213695	83.41553873	-1.02251810	67.01899102	6.43314642	0.97668931
9.78301579	82.51816305	0.01211854	83.44662731	-0.92846426	67.01752095	6.43558547	0.97631915
9.78673253	82.94853973	0.01205567	83.49127802	-0.54273829	67.01604125	6.43802452	0.97594927
9.79044927	83.72516378	0.01194384	83.54894288	0.17622090	67.01455191	6.44046356	0.97557967
9.79416601	84.78837585	0.01179407	83.62004400	1.16833185	67.01305290	6.44290259	0.97521035
9.79788276	85.95800273	0.01163359	83.70483763	2.25316510	67.01154422	6.44534162	0.97484132
9.80159950	86.94497935	0.01150153	83.80352870	3.14145065	67.01002585	6.44778064	0.97447256
9.80531624	87.52260844	0.01142562	83.91618568	3.60642276	67.00849777	6.45021965	0.97410408
9.80903298	87.52018483	0.01142594	84.04284301	3.47734182	67.00695998	6.45265866	0.97373589
9.81274972	86.92418162	0.01150428	84.18374029	2.74044133	67.00541245	6.45509766	0.97336797
9.81646646	85.81885783	0.01165245	84.33938016	1.47947767	67.00385518	6.45753665	0.97300033
9.82018320	84.44322459	0.01184228	84.51095015	-0.06772556	67.00228814	6.45997563	0.97263297
9.82389995	83.03394826	0.01204327	84.70013443	-1.66618617	67.00071133	6.46241462	0.97226589
9.82761669	81.74500783	0.01223316	84.90949114	-3.16448331	66.99912473	6.46485359	0.97189909
9.83133343	80.69849904	0.01239180	85.14190633	-4.44340729	66.99752832	6.46729255	0.97153256
9.83505017	79.96681722	0.01250519	85.40089760	-5.43408038	66.99592210	6.46973151	0.97116631
9.83876691	79.54579417	0.01257137	85.68969837	-6.14390420	66.99430605	6.47217046	0.97080034
9.84248365	79.41104889	0.01259271	86.01162769	-6.60057880	66.99268015	6.47460940	0.97043465
9.84620039	79.53041840	0.01257381	86.36904375	-6.83862535	66.99104439	6.47704834	0.97006923
9.84991713	79.92637634	0.01251151	86.76387709	-6.83750075	66.98939875	6.47948727	0.96970409
9.85363388	80.55619049	0.01241370	87.19663705	-6.64044656	66.98774323	6.48192620	0.96933922
9.85735062	81.37080892	0.01228942	87.66711543	-6.29630651	66.98607781	6.48436512	0.96897463
9.86106736	82.35561371	0.01214246	88.17359983	-5.81798612	66.98440248	6.48680403	0.96861032
9.86478410	83.46457163	0.01198113	88.71370596	-5.24913433	66.98271721	6.48924293	0.96824628
9.86850084	84.63740285	0.01181511	89.28384081	-4.64643796	66.98102201	6.49168183	0.96788251
9.87221758	85.80763245	0.01165397	89.88018258	-4.07255013	66.97931686	6.49412072	0.96751902
9.87593432	86.90103404	0.01150734	90.49838889	-3.59735485	66.97760174	6.49655960	0.96715580
9.87965107	87.86103566	0.01138161	91.13460706	-3.27357140	66.97587663	6.49899848	0.96679286
9.88336781	88.69710795	0.01127432	91.78530309	-3.08819514	66.97414154	6.50143735	0.96643019
9.88708455	89.47287750	0.01117657	92.44805876	-2.97518126	66.97239643	6.50387621	0.96606779
9.89080129	90.29878743	0.01107435	93.12133572	-2.82254829	66.97064131	6.50631507	0.96570566
9.89451803	91.29647319	0.01095333	93.80466977	-2.50819658	66.96887616	6.50875392	0.96534381
9.89823477	92.57120260	0.01080250	94.49849016	-1.92728756	66.96710097	6.51119276	0.96498223
9.90195151	94.14450328	0.01062197	95.20366293	-1.05915965	66.96531571	6.51363159	0.96462092
9.90566826	95.98964691	0.01041779	95.92141633	0.06823058	66.96352039	6.51607043	0.96425988
9.90938500	97.94502513	0.01020981	96.65266512	1.29236001	66.96171498	6.51850925	0.96389912
9.91310174	99.79419963	0.01002062	97.39823317	2.39596646	66.95989948	6.52094806	0.96353862
9.91681848	101.33052826	0.00986869	98.15807907	3.17244919	66.95807388	6.52338687	0.96317840
9.92053522	102.37425741	0.00976808	98.93175419	3.44250322	66.95623815	6.52582567	0.96281844
9.92425196	102.83929443	0.00972391	99.71748829	3.12180614	66.95439230	6.52826446	0.96245876
9.92796870	102.74235026	0.00973308	100.51261977	2.22973049	66.95253630	6.53070325	0.96209934
9.93168544	102.20367686	0.00978438	101.31249694	0.89117992	66.95067014	6.53314203	0.96174020
9.93540219	101.38658905	0.00986324	102.11078723	-0.72419818	66.94879381	6.53558081	0.96138132
9.93911893	100.47031403	0.00995319	102.89838356	-2.42806953	66.94690731	6.53801958	0.96102271
9.94283567	99.68191274	0.01003191	103.66394354	-3.98203080	66.94501062	6.54045834	0.96066437
9.94655241	99.20838928	0.01007979	104.39345199	-5.18506271	66.94310372	6.54289709	0.96030630
9.95026915	99.16798147	0.01008390	105.07164648	-5.90366501	66.94118661	6.54533583	0.95994850
9.95398589	99.63000488	0.01003714	105.68304404	-6.05303916	66.93925927	6.54777457	0.95959096
9.95770263	100.58562215	0.00994178	106.21417507	-5.62855292	66.93732169	6.55021330	0.95923369
9.96141938	102.00313822	0.00980362	106.65550060	-4.65236238	66.93537386	6.55265203	0.95887669
9.96513612	103.71709951	0.00964161	107.00271126	-3.28561175	66.93341578	6.55509075	0.95851996
9.96885286	105.55045064	0.00947414	107.25696989	-1.70651925	66.93144742	6.55752946	0.95816349
9.97256960	107.38726044	0.00931209	107.42377153	-0.03651109	66.92946878	6.55996817	0.95780729
9.97628634	109.05875397	0.00916937	107.51122151	1.54753246	66.92747985	6.56240686	0.95745135
9.98000308	110.39301554	0.00905854	107.52787387	2.86514167	66.92548061	6.56484555	0.95709568
9.98371982	111.27498372	0.00898675	107.48157247	3.79341125	66.92347105	6.56728424	0.95674027
9.98743656	111.67259979	0.00895475	107.37830074	4.29429905	66.92145117	6.56972291	0.95638513
9.99115331	111.57920074	0.00896224	107.22261059	4.35659015	66.91942094	6.57216159	0.95603025
9.99487005	111.00420125	0.00900867	107.01739449	3.98680676	66.91738037	6.57460025	0.95567564
9.99858679	110.05324809	0.00908651	106.76507175	3.28817634	66.91532944	6.57703891	0.95532129
10.00230353	108.89677429	0.00918301	106.46738501	2.42938928	66.91326815	6.57947756	0.95496721
10.00602027	107.63705699	0.00929048	106.12653146	1.51052553	66.91119647	6.58191620	0.95461339
10.00973701	106.45002747	0.00939408	105.74461431	0.70541316	66.90911440	6.58435483	0.95425983
10.01345375	105.48103078	0.00948038	105.32452014	0.15651064	66.90702193	6.58679346	0.95390653
10.01717050	104.81450653	0.00954066	104.86905705	-0.05455052	66.90491904	6.58923209	0.95355350
10.02088724	104.46302287	0.00957277	104.38171414	0.08130873	66.90280574	6.59167070	0.95320073
10.02460398	104.38124339	0.00958027	103.86570363	0.51553976	66.90068200	6.59410931	0.95284822
10.02832072	104.51488241	0.00956802	103.32456579	1.19031662	66.89854783	6.59654791	0.95249597
10.03203746	104.72820791	0.00954853	102.76140399	1.96680392	66.89640320	6.59898651	0.95214398
10.03575420	104.87194824	0.00953544	102.17930266	2.69264558	66.89424811	6.60142509	0.95179226
10.03947094	104.80384572	0.00954163	101.58096451	3.22288121	66.89208255	6.60386367	0.95144080
10.04318768	104.43728892	0.00957512	100.96896314	3.46832578	66.88990651	6.60630224	0.95108959
10.04690443	103.68838247	0.00964428	100.34560074	3.34278173	66.88771997	6.60874082	0.95073865
10.05062117	102.55359650	0.00975100	99.71323019	2.84036631	66.88552294	6.61117937	0.95038796
10.05433791	101.06605021	0.00989452	99.07428594	1.99176427	66.88331540	6.61361793	0.95003754
10.05805465	99.26667277	0.01007387	98.43143582	0.83523695	66.88109734	6.61605647	0.94968738
10.06177139	97.15424601	0.01029291	97.78785392	-0.63360791	66.87886875	6.61849501	0.94933747
10.06548813	94.86417135	0.01054139	97.14722124	-2.28304989	66.87662963	6.62093354	0.94898782
10.06920487	92.51615651	0.01080892	96.51396386	-3.99780735	66.87437996	6.62337206	0.94863843
10.07292162	90.21205393	0.01108499	95.89315104	-5.68109711	66.87211973	6.62581059	0.94828930
10.07663836	88.09296417	0.01135164	95.29055518	-7.19759101	66.86984893	6.62824910	0.94794043
10.08035510	86.28052775	0.01159010	94.71246133	-8.43193358	66.86756757	6.63068760	0.94759182
10.08407184	84.79914602	0.01179257	94.16543102	-9.36628500	66.86527562	6.63312610	0.94724346
10.08778858	83.69985962	0.01194745	93.65614416	-9.95628454	66.86297309	6.63556458	0.94689536
10.09150532	82.94382477	0.01205635	93.19112318	-10.24729841	66.86065995	6.63800307	0.94654752
10.09522206	82.52692159	0.01211726	92.77656752	-10.24964593	66.85833621	6.64044154	0.94619993
10.09893880	82.35130056	0.01214310	92.41826538	-10.06696482	66.85600185	6.64288001	0.94585260
10.10265555	82.36018117	0.01214179	92.12150896	-9.76132779	66.85365686	6.64531848	0.94550552
10.10637229	82.54279836	0.01211493	91.89128318	-9.34848482	66.85130124	6.64775693	0.94515870
10.11008903	82.86404673	0.01206796	91.73209441	-8.86804768	66.84893498	6.65019538	0.94481214
10.11380577	83.28667704	0.01200672	91.64841895	-8.36174191	66.84655807	6.65263382	0.94446583
10.11752251	83.82229614	0.01193000	91.64449097	-7.82219483	66.84417051	6.65507225	0.94411977
10.12123925	84.49688975	0.01183476	91.72473208	-7.22784233	66.84177228	6.65751068	0.94377397
10.12495599	85.29253896	0.01172435	91.89348988	-6.60095092	66.83936337	6.65994910	0.94342843
10.12867274	86.15851084	0.01160651	92.15425489	-5.99574405	66.83694378	6.66238751	0.94308314
10.13238948	87.06751251	0.01148534	92.51130346	-5.44379095	66.83451351	6.66482592	0.94273810
10.13610622	88.00243886	0.01136332	92.97330139	-4.97086253	66.83207254	6.66726432	0.94239331
10.13982296	88.95923106	0.01124110	93.54214654	-4.58291548	66.82962087	6.66970271	0.94204878
10.14353970	89.93594106	0.01111903	94.22170804	-4.28576698	66.82715848	6.67214109	0.94170450
10.14725644	90.98628998	0.01099067	95.01527835	-4.02898837	66.82468538	6.67457947	0.94136048
10.15097318	92.14661662	0.01085227	95.92478834	-3.77817172	66.82220155	6.67701784	0.94101670
10.15468993	93.42399851	0.01070389	96.95084756	-3.52684905	66.81970699	6.67945621	0.94067318
10.15840667	94.84437561	0.01054359	98.09203624	-3.24766063	66.81720169	6.68189456	0.94032991
10.16212341	96.44069417	0.01036907	99.34391065	-2.90321648	66.81468564	6.68433291	0.93998689
10.16584015	98.20049032	0.01018325	100.70250377	-2.50201345	66.81215884	6.68677126	0.93964412
10.16955689	100.08798981	0.00999121	102.15839831	-2.07040850	66.80962127	6.68920959	0.93930161
10.17327363	102.14973704	0.00978955	103.70077636	-1.55103932	66.80707294	6.69164792	0.93895934
10.17699037	104.36810557	0.00958147	105.31587749	-0.94777192	66.80451384	6.69408624	0.93861732
10.18070711	106.73293050	0.00936918	106.98753867	-0.25460817	66.80194396	6.69652455	0.93827556
10.18442386	109.24449412	0.00915378	108.69603582	0.54845830	66.79936328	6.69896287	0.93793404
10.18814060	111.84387461	0.00894104	110.41864977	1.42522484	66.79677181	6.70140116	0.93759277
10.19185734	114.43536123	0.00873856	112.12774310	2.30761813	66.79416955	6.70383946	0.93725176
10.19557408	116.87120056	0.00855643	113.79148120	3.07971936	66.79155648	6.70627774	0.93691099
10.19929082	118.94373576	0.00840734	115.37173138	3.57200438	66.78893259	6.70871602	0.93657047
10.20300756	120.39700826	0.00830585	116.82639789	3.57061037	66.78629789	6.71115429	0.93623020
10.20672430	121.04007467	0.00826173	118.10906421	2.93101046	66.78365236	6.71359256	0.93589017
10.21044105	120.80207062	0.00827800	119.17376626	1.62830436	66.78099600	6.71603082	0.93555040
10.21415779	119.76988983	0.00834934	119.97964489	-0.20975506	66.77832881	6.71846907	0.93521087
10.21787453	118.05594889	0.00847056	120.49689623	-2.44094734	66.77565078	6.72090731	0.93487159
10.22159127	115.94442749	0.00862482	120.71224679	-4.76781930	66.77296189	6.72334555	0.93453256
10.22530801	113.69130198	0.00879575	120.63249756	-6.94119558	66.77026216	6.72578378	0.93419377
10.22902475	111.46804301	0.00897118	120.28355058	-8.81550757	66.76755157	6.72822200	0.93385523
10.23274149	109.38964589	0.00914163	119.70777090	-10.31812501	66.76483012	6.73066022	0.93351694
10.23645823	107.43450673	0.00930800	118.95682625	-11.52231952	66.76209779	6.73309842	0.93317889
10.24017498	105.49589539	0.00947904	118.08700630	-12.59111091	66.75935459	6.73553663	0.93284109
10.24389172	103.45608266	0.00966594	117.15245481	-13.69637215	66.75660051	6.73797482	0.93250353
10.24760846	101.29963684	0.00987170	116.20263379	-14.90299695	66.75383555	6.74041301	0.93216622
10.25132520	99.04203033	0.01009672	115.28118646	-16.23915613	66.75105970	6.74285119	0.93182915
10.25504194	96.84064484	0.01032624	114.42294221	-17.58229737	66.74827296	6.74528936	0.93149233
10.25875868	94.87557475	0.01054012	113.65666508	-18.78109033	66.74547532	6.74772753	0.93115575
10.26247542	93.36648560	0.01071048	113.00386299	-19.63737739	66.74266678	6.75016569	0.93081942
10.26619217	92.54395803	0.01080568	112.48062076	-19.93666273	66.73984732	6.75260384	0.93048333
10.26990891	92.55438487	0.01080446	112.09589350	-19.54150863	66.73701696	6.75504199	0.93014748
10.27362565	93.53680166	0.01069098	111.85334016	-18.31653850	66.73417568	6.75748012	0.92981188
10.27734239	95.50421143	0.01047074	111.75163405	-16.24742262	66.73132348	6.75991825	0.92947652
10.28105913	98.42401377	0.01016012	111.78489486	-13.36088109	66.72846036	6.76235638	0.92914141
10.28477587	102.19887543	0.00978484	111.94194120	-9.74306577	66.72558631	6.76479449	0.92880653
10.28849261	106.46781921	0.00939251	112.20766230	-5.73984309	66.72270133	6.76723260	0.92847190
10.29220935	110.94886271	0.00901316	112.56418592	-1.61532321	66.71980541	6.76967070	0.92813751
10.29592610	115.48727163	0.00865896	112.99151147	2.49576016	66.71689854	6.77210880	0.92780336
10.29964284	119.82234701	0.00834569	113.46371830	6.35862871	66.71398074	6.77454689	0.92746945
10.30335958	123.95609792	0.00806737	113.96489164	9.99120628	66.71105199	6.77698497	0.92713579
10.30707632	127.96514130	0.00781463	114.46880875	13.49633255	66.70811228	6.77942304	0.92680236
10.31079306	131.77989197	0.00758841	114.95384282	16.82604915	66.70516163	6.78186111	0.92646918
10.31450980	135.26258850	0.00739303	115.39907617	19.86351233	66.70220002	6.78429916	0.92613624
10.31822654	138.17690531	0.00723710	115.78536489	22.39154042	66.69922744	6.78673722	0.92580354
10.32194329	140.06477356	0.00713955	116.09625493	23.96851863	66.69624389	6.78917527	0.92547107
10.32566003	140.54342651	0.00711524	116.31813544	24.22529107	66.69324939	6.79161330	0.92513885
10.32937677	139.30008952	0.00717875	116.44020917	22.85988035	66.69024391	6.79405133	0.92480686
10.33309351	136.47836304	0.00732717	116.45481480	20.02354824	66.68722747	6.79648936	0.92447512
10.33681025	132.37216187	0.00755446	116.35852634	16.01363553	66.68420004	6.79892737	0.92414361
10.34052699	127.35959117	0.00785178	116.15146954	11.20812163	66.68116164	6.80136538	0.92381235
10.34424373	122.17804718	0.00818478	115.83699057	6.34105661	66.67811226	6.80380338	0.92348132
10.34796047	117.29808044	0.00852529	115.42085308	1.87722736	66.67505189	6.80624138	0.92315053
10.35167722	112.99041494	0.00885031	114.91155597	-1.92114103	66.67198053	6.80867937	0.92281997
10.35539396	109.54641215	0.00912855	114.31841113	-4.77199898	66.66889820	6.81111735	0.92248966
10.35911070	107.02411906	0.00934369	113.65138854	-6.62726948	66.66580487	6.81355532	0.92215958
10.36282744	105.40398661	0.00948731	112.91991835	-7.51593174	66.66270055	6.81599329	0.92182974
10.36654418	104.62238820	0.00955818	112.13332830	-7.51094010	66.65958523	6.81843125	0.92150013
10.37026092	104.57019297	0.00956295	111.29936497	-6.72917200	66.65645892	6.82086920	0.92117077
10.37397766	105.15640767	0.00950964	110.42495741	-5.26854974	66.65332161	6.82330714	0.92084164
10.37769441	106.07165019	0.00942759	109.51574642	-3.44409623	66.65017329	6.82574508	0.92051274
10.38141115	107.02524567	0.00934359	108.57660718	-1.55136151	66.64701399	6.82818301	0.92018408
10.38512789	107.70314535	0.00928478	107.61210913	0.09103622	66.64384367	6.83062094	0.91985566
10.38884463	107.77177429	0.00927887	106.62563959	1.14613470	66.64066236	6.83305885	0.91952747
10.39256137	107.01516724	0.00934447	105.62135916	1.39380808	66.63747004	6.83549676	0.91919952
10.39627811	105.39991760	0.00948767	104.60357190	0.79634570	66.63426671	6.83793466	0.91887180
10.39999485	103.11014048	0.00969837	103.57745214	-0.46731166	66.63105237	6.84037255	0.91854431
10.40371160	100.33061218	0.00996705	102.54805457	-2.21744239	66.62782702	6.84281045	0.91821706
10.40742834	97.31930796	0.01027545	101.52179067	-4.20248271	66.62459067	6.84524833	0.91789005
10.41114508	94.40631612	0.01059251	100.50521705	-6.09890093	66.62134330	6.84768620	0.91756327
10.41486182	91.76672109	0.01089720	99.50555748	-7.73883639	66.61808493	6.85012406	0.91723672
10.41857856	89.49658457	0.01117361	98.52933128	-9.03274671	66.61481554	6.85256192	0.91691040
10.42229530	87.73069763	0.01139852	97.58355245	-9.85285482	66.61153514	6.85499977	0.91658432
10.42601204	86.45368703	0.01156689	96.67431856	-10.22063153	66.60824373	6.85743761	0.91625847
10.42972878	85.62775421	0.01167846	95.80736489	-10.17961068	66.60494130	6.85987545	0.91593286
10.43344553	85.11653646	0.01174860	94.98695738	-9.87042092	66.60162786	6.86231328	0.91560747
10.43716227	84.80001577	0.01179245	94.21708142	-9.41706565	66.59830340	6.86475111	0.91528232
10.44087901	84.55501048	0.01182662	93.50039108	-8.94538060	66.59496794	6.86718892	0.91495740
10.44459575	84.28999329	0.01186380	92.83886992	-8.54887663	66.59162146	6.86962673	0.91463271
10.44831249	83.96481323	0.01190975	92.23314559	-8.26833236	66.58826397	6.87206453	0.91430825
10.45202923	83.63393911	0.01195687	91.68355736	-8.04961825	66.58489546	6.87450232	0.91398403
10.45574597	83.36850993	0.01199494	91.18925545	-7.82074552	66.58151594	6.87694011	0.91366003
10.45946272	83.22481537	0.01201565	90.74874281	-7.52392744	66.57812540	6.87937789	0.91333626
10.46317946	83.26770020	0.01200946	90.35937598	-7.09167578	66.57472386	6.88181566	0.91301273
10.46689620	83.52770742	0.01197208	90.01821798	-6.49051056	66.57131131	6.88425342	0.91268943
10.47061294	83.98536428	0.01190684	89.72127773	-5.73591345	66.56788774	6.88669118	0.91236635
10.47432968	84.59784444	0.01182063	89.46405354	-4.86620910	66.56445317	6.88912893	0.91204351
10.47804642	85.30562592	0.01172256	89.24142960	-3.93580368	66.56100759	6.89156667	0.91172089
10.48176316	86.02956645	0.01162391	89.04836398	-3.01879753	66.55755100	6.89400441	0.91139850
10.48547990	86.69535065	0.01153464	88.87961123	-2.18426058	66.55408340	6.89644213	0.91107635
10.48919665	87.19698588	0.01146829	88.72991296	-1.53292708	66.55060480	6.89887986	0.91075442
10.49291339	87.55452220	0.01142145	88.59441094	-1.03988874	66.54711519	6.90131757	0.91043272
10.49663013	87.75964610	0.01139476	88.46899748	-0.70935138	66.54361459	6.90375528	0.91011124
10.50034687	87.86630249	0.01138093	88.34983782	-0.48353533	66.54010298	6.90619298	0.90979000
10.50406361	87.91068776	0.01137518	88.23356811	-0.32288035	66.53658037	6.90863067	0.90946898
10.50778035	87.90356954	0.01137610	88.11753155	-0.21396201	66.53304677	6.91106835	0.90914819
10.51149709	87.78151703	0.01139192	87.99954639	-0.21802936	66.52950217	6.91350603	0.90882763
10.51521384	87.46444702	0.01143322	87.87789398	-0.41344696	66.52594657	6.91594371	0.90850729
10.51893058	86.94256846	0.01150185	87.75091731	-0.80834885	66.52237999	6.91838137	0.90818719
10.52264732	86.27628072	0.01159067	87.61740083	-1.34112011	66.51880242	6.92081902	0.90786730
10.52636406	85.55470276	0.01168843	87.47614581	-1.92144305	66.51521386	6.92325667	0.90754765
10.53008080	84.88028463	0.01178130	87.32640970	-2.44612507	66.51161432	6.92569431	0.90722822
10.53379754	84.43243408	0.01184379	87.16686066	-2.73442658	66.50800379	6.92813194	0.90690901
10.53751428	84.34406789	0.01185620	86.99657785	-2.65250996	66.50438229	6.93056957	0.90659003
10.54123102	84.69680532	0.01180682	86.81431001	-2.11750469	66.50074981	6.93300719	0.90627128
10.54494777	85.48110708	0.01169849	86.61885307	-1.13774599	66.49710634	6.93544481	0.90595275
10.54866451	86.63094838	0.01154322	86.40829475	0.22265363	66.49345192	6.93788241	0.90563445
10.55238125	88.01402028	0.01136183	86.18091488	1.83310540	66.48978653	6.94032001	0.90531637
10.55609799	89.39551290	0.01118624	85.93466309	3.46084981	66.48611017	6.94275759	0.90499851
10.55981473	90.59955597	0.01103758	85.66754349	4.93201248	66.48242285	6.94519518	0.90468088
10.56353147	91.43268077	0.01093701	85.37739714	6.05528363	66.47872457	6.94763275	0.90436348
10.56724821	91.77210490	0.01089656	85.06271152	6.70939338	66.47501534	6.95007032	0.90404629
10.57096496	91.55247243	0.01092270	84.72235602	6.83011641	66.47129514	6.95250788	0.90372933
10.57468170	90.81937408	0.01101087	84.35579848	6.46357560	66.46756401	6.95494544	0.90341260
10.57839844	89.70478058	0.01114768	83.96321390	5.74156668	66.46382193	6.95738298	0.90309608
10.58211518	88.28798676	0.01132657	83.54585280	4.74213396	66.46006892	6.95982052	0.90277979
10.58583192	86.68692017	0.01153577	83.10579665	3.58112352	66.45630497	6.96225805	0.90246372
10.58954866	85.03693644	0.01175960	82.64576118	2.39117526	66.45253008	6.96469557	0.90214787
10.59326540	83.38594564	0.01199243	82.16942637	1.21651927	66.44874427	6.96713309	0.90183225
10.59698214	81.84376272	0.01221840	81.68097721	0.16278551	66.44494753	6.96957060	0.90151685
10.60069889	80.44858297	0.01243030	81.18448000	-0.73589703	66.44113987	6.97200811	0.90120166
10.60441563	79.21922557	0.01262320	80.68590188	-1.46667631	66.43732130	6.97444560	0.90088670
10.60813237	78.16905467	0.01279279	80.18946829	-2.02041362	66.43349182	6.97688309	0.90057196
10.61184911	77.31151326	0.01293468	79.69981547	-2.38830221	66.42965143	6.97932057	0.90025745
10.61556585	76.61122386	0.01305292	79.22124136	-2.61001750	66.42580015	6.98175804	0.89994315
10.61928259	76.06592306	0.01314649	78.75739357	-2.69147051	66.42193796	6.98419550	0.89962907
10.62299933	75.62437948	0.01322325	78.31165745	-2.68727797	66.41806489	6.98663296	0.89931521
10.62671608	75.28160350	0.01328346	77.88678965	-2.60518615	66.41418092	6.98907042	0.89900157
10.63043282	75.00975545	0.01333160	77.48505224	-2.47529679	66.41028608	6.99150786	0.89868816
10.63414956	74.82007599	0.01336540	77.10802811	-2.28795212	66.40638037	6.99394530	0.89837496
10.63786630	74.67827098	0.01339078	76.75706629	-2.07879531	66.40246378	6.99638272	0.89806198
10.64158304	74.57967631	0.01340848	76.43303007	-1.85335376	66.39853634	6.99882014	0.89774922
10.64529978	74.50977325	0.01342106	76.13644563	-1.62667238	66.39459803	7.00125756	0.89743668
10.64901652	74.46414693	0.01342928	75.86737930	-1.40323237	66.39064887	7.00369496	0.89712435
10.65273327	74.42580414	0.01343620	75.62579817	-1.19999403	66.38668885	7.00613237	0.89681225
10.65645001	74.40632375	0.01343972	75.41135890	-1.00503515	66.38271800	7.00856976	0.89650036
10.66016675	74.41652171	0.01343788	75.22353076	-0.80700905	66.37873632	7.01100714	0.89618869
10.66388349	74.45731354	0.01343051	75.06146828	-0.60415474	66.37474381	7.01344452	0.89587724
10.66760023	74.50817362	0.01342135	74.92427280	-0.41609918	66.37074048	7.01588189	0.89556600
10.67131697	74.60842896	0.01340331	74.81082487	-0.20239591	66.36672633	7.01831925	0.89525499
10.67503371	74.77211507	0.01337397	74.71989294	0.05222213	66.36270137	7.02075660	0.89494419
10.67875045	75.00080109	0.01333319	74.64996631	0.35083478	66.35866561	7.02319395	0.89463360
10.68246720	75.29591878	0.01328093	74.59947264	0.69644614	66.35461904	7.02563130	0.89432323
10.68618394	75.70210520	0.01320967	74.56665166	1.13545354	66.35056170	7.02806863	0.89401308
10.68990068	76.25168101	0.01311446	74.54966385	1.70201716	66.34649357	7.03050595	0.89370315
10.69361742	76.94686890	0.01299598	74.54643296	2.40043594	66.34241467	7.03294327	0.89339343
10.69733416	77.72954305	0.01286512	74.55487584	3.17466721	66.33832500	7.03538058	0.89308393
10.70105090	78.52605693	0.01273463	74.57285166	3.95320527	66.33422457	7.03781788	0.89277464
10.70476764	79.24150340	0.01261965	74.59832113	4.64318227	66.33011338	7.04025518	0.89246556
10.70848439	79.75540161	0.01253834	74.62930230	5.12609931	66.32599144	7.04269247	0.89215670
10.71220113	79.98192342	0.01250283	74.66407745	5.31784597	66.32185877	7.04512975	0.89184806
10.71591787	79.89374542	0.01251662	74.70130980	5.19243562	66.31771537	7.04756703	0.89153963
10.71963461	79.53443400	0.01257317	74.74011038	4.79432362	66.31356125	7.05000429	0.89123142
10.72335135	78.99528758	0.01265898	74.78007605	4.21521153	66.30939642	7.05244155	0.89092341
10.72706809	78.34543864	0.01276398	74.82131221	3.52412643	66.30522088	7.05487880	0.89061563
10.73078483	77.68669637	0.01287222	74.86450717	2.82218920	66.30103464	7.05731604	0.89030805
10.73450157	77.09145355	0.01297161	74.91075521	2.18069834	66.29683771	7.05975328	0.89000069
10.73821832	76.58390045	0.01305757	74.96150392	1.62239653	66.29263009	7.06219051	0.88969354
10.74193506	76.18843079	0.01312535	75.01840496	1.17002583	66.28841181	7.06462773	0.88938661
10.74565180	75.89512380	0.01317608	75.08331312	0.81181068	66.28418286	7.06706495	0.88907989
10.74936854	75.70921580	0.01320843	75.15799648	0.55121932	66.27994326	7.06950215	0.88877338
10.75308528	75.64312490	0.01321997	75.24416133	0.39896357	66.27569301	7.07193935	0.88846708
10.75680202	75.69025930	0.01321174	75.34330316	0.34695614	66.27143212	7.07437654	0.88816099
10.76051876	75.83746084	0.01318610	75.45680704	0.38065380	66.26716061	7.07681373	0.88785512
10.76423551	76.05239105	0.01314883	75.58568002	0.46671103	66.26287846	7.07925091	0.88754946
10.76795225	76.33643087	0.01309991	75.73068357	0.60574730	66.25858572	7.08168808	0.88724401
10.77166899	76.69115957	0.01303931	75.89223826	0.79892131	66.25428237	7.08412524	0.88693877
10.77538573	77.07393392	0.01297456	76.07062089	1.00331303	66.24996844	7.08656239	0.88663374
10.77910247	77.46449534	0.01290914	76.26567896	1.19881638	66.24564392	7.08899954	0.88632892
10.78281921	77.85102336	0.01284505	76.47705889	1.37396447	66.24130883	7.09143668	0.88602431
10.78653595	78.22267660	0.01278402	76.70415506	1.51852154	66.23696318	7.09387381	0.88571991
10.79025269	78.56198120	0.01272880	76.94640521	1.61557599	66.23260698	7.09631093	0.88541573
10.79396944	78.85067749	0.01268220	77.20297151	1.64770598	66.22824022	7.09874806	0.88511175
10.79768618	79.06966400	0.01264708	77.47306579	1.59659821	66.22386295	7.10118517	0.88480798
10.80140292	79.22063955	0.01262297	77.75590150	1.46473805	66.21947515	7.10362227	0.88450442
10.80511966	79.30320994	0.01260983	78.05100839	1.25220155	66.21507685	7.10605936	0.88420107
10.80883640	79.33732351	0.01260441	78.35776480	0.97955871	66.21066804	7.10849645	0.88389793
10.81255314	79.33851115	0.01260422	78.67569689	0.66281426	66.20624875	7.11093353	0.88359500
10.81626988	79.32533773	0.01260631	79.00430924	0.32102849	66.20181897	7.11337060	0.88329228
10.81998663	79.31473796	0.01260800	79.34328893	-0.02855097	66.19737872	7.11580767	0.88298976
10.82370337	79.32634481	0.01260615	79.69191109	-0.36556628	66.19292802	7.11824473	0.88268745
10.82742011	79.36672465	0.01259974	80.04933461	-0.68260996	66.18846688	7.12068178	0.88238535
10.83113685	79.43304698	0.01258922	80.41450755	-0.98146057	66.18399530	7.12311882	0.88208346
10.83485359	79.51809438	0.01257575	80.78633173	-1.26823735	66.17951331	7.12555585	0.88178178
10.83857033	79.63788605	0.01255684	81.16334789	-1.52546184	66.17502090	7.12799288	0.88148030
10.84228707	79.79582214	0.01253198	81.54406966	-1.74824752	66.17051809	7.13042990	0.88117903
10.84600381	80.01767222	0.01249724	81.92705442	-1.90938220	66.16600489	7.13286691	0.88087797
10.84972056	80.30802155	0.01245206	82.31100581	-2.00298426	66.16148131	7.13530392	0.88057711
10.85343730	80.72085063	0.01238837	82.69457307	-1.97372244	66.15694737	7.13774092	0.88027646
10.85715404	81.27380371	0.01230409	83.07650329	-1.80269958	66.15240308	7.14017791	0.87997602
10.86087078	81.97716777	0.01219852	83.45565326	-1.47848549	66.14784845	7.14261489	0.87967578
10.86458752	82.82127635	0.01207419	83.83051596	-1.00923961	66.14328350	7.14505186	0.87937575
10.86830426	83.78673045	0.01193506	84.19962158	-0.41289113	66.13870823	7.14748883	0.87907592
10.87202100	84.83216349	0.01178798	84.56095514	0.27120835	66.13412266	7.14992579	0.87877630
10.87573775	85.93447876	0.01163677	84.91227192	1.02220684	66.12952679	7.15236275	0.87847688
10.87945449	87.09746297	0.01148139	85.25082975	1.84663322	66.12492065	7.15479969	0.87817767
10.88317123	88.30431620	0.01132447	85.57361442	2.73070178	66.12030425	7.15723663	0.87787866
10.88688797	89.47066498	0.01117685	85.87745617	3.59320881	66.11567760	7.15967356	0.87757986
10.89060471	90.57876078	0.01104012	86.15923554	4.41952524	66.11104071	7.16211048	0.87728126
10.89432145	91.56952159	0.01092066	86.41593665	5.15358494	66.10639360	7.16454739	0.87698287
10.89803819	92.38703156	0.01082403	86.64480677	5.74222479	66.10173627	7.16698430	0.87668468
10.90175493	92.98495992	0.01075443	86.84371374	6.14124618	66.09706875	7.16942120	0.87638669
10.90547168	93.32354991	0.01071541	87.01111544	6.31243447	66.09239103	7.17185810	0.87608891
10.90918842	93.41723124	0.01070466	87.14613157	6.27109967	66.08770316	7.17429498	0.87579133
10.91290516	93.31614939	0.01071626	87.24844387	6.06770552	66.08300513	7.17673186	0.87549395
10.91662190	93.07682037	0.01074381	87.31865131	5.75816906	66.07829696	7.17916872	0.87519677
10.92033864	92.76675415	0.01077972	87.35797594	5.40877821	66.07357866	7.18160559	0.87489980
10.92405538	92.43975067	0.01081786	87.36839246	5.07135821	66.06885024	7.18404244	0.87460303
10.92777212	92.03494263	0.01086544	87.35235270	4.68258993	66.06411173	7.18647929	0.87430647
10.93148887	91.49437968	0.01092963	87.31307186	4.18130782	66.05936312	7.18891613	0.87401010
10.93520561	90.71003469	0.01102414	87.25426010	3.45577459	66.05460445	7.19135296	0.87371394
10.93892235	89.64308421	0.01115535	87.18020030	2.46288391	66.04983573	7.19378979	0.87341798
10.94263909	88.29731242	0.01132537	87.09549764	1.20181478	66.04505697	7.19622660	0.87312221
10.94635583	86.69984945	0.01153405	87.00507622	-0.30522677	66.04026818	7.19866341	0.87282666
10.95007257	84.95981344	0.01177027	86.91408710	-1.95427366	66.03546938	7.20110021	0.87253130
10.95378931	83.26755015	0.01200948	86.82763513	-3.56008498	66.03066059	7.20353700	0.87223614
10.95750606	81.69115702	0.01224123	86.75067168	-5.05951466	66.02584180	7.20597380	0.87194118
10.96122280	80.33603160	0.01244771	86.68759140	-6.35155980	66.02101306	7.20841057	0.87164643
10.96493954	79.25862376	0.01261692	86.64229212	-7.38366836	66.01617437	7.21084734	0.87135187
10.96865628	78.48389435	0.01274147	86.61780108	-8.13390673	66.01132575	7.21328411	0.87105751
10.97237302	78.02268728	0.01281678	86.61632543	-8.59363815	66.00646721	7.21572086	0.87076336
10.97608976	77.89209239	0.01283827	86.63871763	-8.74662524	66.00159878	7.21815761	0.87046940
10.97980650	78.11960093	0.01280088	86.68492560	-8.56532467	65.99672045	7.22059435	0.87017564
10.98352324	78.72245789	0.01270286	86.75357315	-8.03111526	65.99183226	7.22303108	0.86988208
10.98723999	79.68762970	0.01254900	86.84240852	-7.15477882	65.98693420	7.22546781	0.86958872
10.99095673	81.02655538	0.01234163	86.94776232	-5.92120694	65.98202632	7.22790453	0.86929556
10.99467347	82.69812012	0.01209217	87.06535069	-4.36723057	65.97710861	7.23034124	0.86900260
10.99839021	84.60848999	0.01181914	87.18990397	-2.58141398	65.97218111	7.23277794	0.86870983
11.00210695	86.71669261	0.01153181	87.31509697	-0.59840436	65.96724382	7.23521464	0.86841727
11.00582369	88.87692769	0.01125151	87.43674880	1.44017889	65.96229676	7.23765132	0.86812490
11.00954043	90.91392517	0.01099942	87.54829536	3.36562981	65.95733995	7.24008800	0.86783273
11.01325718	92.70834351	0.01078652	87.64430697	5.06403654	65.95237338	7.24252468	0.86754075
11.01697392	94.07227580	0.01063012	87.72024393	6.35203187	65.94739712	7.24496134	0.86724898
11.02069066	94.92782084	0.01053432	87.77235110	7.15546974	65.94241115	7.24739800	0.86695740
11.02440740	95.22936757	0.01050096	87.79818690	7.43118067	65.93741551	7.24983465	0.86666602
11.02812414	95.01304118	0.01052487	87.79655948	7.21648170	65.93241019	7.25227129	0.86637483
11.03184088	94.37991842	0.01059547	87.76759305	6.61232537	65.92739523	7.25470792	0.86608384
11.03555762	93.40594228	0.01070596	87.71261403	5.69332825	65.92237064	7.25714455	0.86579305
11.03927436	92.29686483	0.01083460	87.63402097	4.66284386	65.91733644	7.25958117	0.86550245
11.04299111	91.19652812	0.01096533	87.53503166	3.66149646	65.91229264	7.26201779	0.86521205
11.04670785	90.15025075	0.01109259	87.41933415	2.73091660	65.90723927	7.26445439	0.86492185
11.05042459	89.22577159	0.01120752	87.29066254	1.93510905	65.90217635	7.26689098	0.86463184
11.05414133	88.41243235	0.01131063	87.15289971	1.25953264	65.89710388	7.26932757	0.86434202
11.05785807	87.68500010	0.01140446	87.00981974	0.67518036	65.89202190	7.27176415	0.86405241
11.06157481	87.01218160	0.01149264	86.86483443	0.14734717	65.88693042	7.27420072	0.86376298
11.06529155	86.37272390	0.01157773	86.72033706	-0.34761316	65.88182946	7.27663729	0.86347375
11.06900830	85.78694153	0.01165679	86.58080072	-0.79385919	65.87671903	7.27907385	0.86318472
11.07272504	85.25157674	0.01172999	86.44866248	-1.19708574	65.87159916	7.28151040	0.86289588
11.07644178	84.76454417	0.01179739	86.32700280	-1.56245863	65.86646987	7.28394694	0.86260723
11.08015852	84.32249959	0.01185923	86.21891955	-1.89641996	65.86133118	7.28638348	0.86231878
11.08387526	83.94692230	0.01191229	86.12785087	-2.18092857	65.85618310	7.28882000	0.86203052
11.08759200	83.61799113	0.01195915	86.05763729	-2.43964616	65.85102566	7.29125652	0.86174246
11.09130874	83.32642619	0.01200099	86.01216602	-2.68573983	65.84585887	7.29369303	0.86145459
11.09502548	83.04670715	0.01204142	85.99508310	-2.94837595	65.84068276	7.29612954	0.86116691
11.09874223	82.78730265	0.01207915	86.01138662	-3.22408397	65.83549733	7.29856604	0.86087942
11.10245897	82.55657196	0.01211291	86.06526182	-3.50868986	65.83030262	7.30100253	0.86059213
11.10617571	82.38027445	0.01213883	86.16117784	-3.78090339	65.82509866	7.30343901	0.86030503
11.10989245	82.29209137	0.01215184	86.30358280	-4.01149143	65.81988545	7.30587548	0.86001812
11.11360919	82.31680298	0.01214819	86.49687742	-4.18007444	65.81466302	7.30831194	0.85973141
11.11732593	82.44095866	0.01212989	86.74547371	-4.30451505	65.80943138	7.31074840	0.85944488
11.12104267	82.63871257	0.01210087	87.05346141	-4.41474884	65.80419057	7.31318485	0.85915855
11.12475942	82.91850281	0.01206003	87.42445720	-4.50595439	65.79894058	7.31562130	0.85887241
11.12847616	83.26604970	0.01200970	87.86160505	-4.59555535	65.79368146	7.31805773	0.85858646
11.13219290	83.66334534	0.01195267	88.36722260	-4.70387726	65.78841323	7.32049416	0.85830071
11.13590964	84.13544464	0.01188560	88.94332071	-4.80787607	65.78313590	7.32293058	0.85801514
11.13962638	84.69049581	0.01180770	89.59049855	-4.90000274	65.77784950	7.32536699	0.85772977
11.14334312	85.38130188	0.01171217	90.30833801	-4.92703613	65.77255404	7.32780339	0.85744458
11.14705986	86.26541646	0.01159213	91.09486929	-4.82945283	65.76724955	7.33023979	0.85715959
11.15077660	87.35501862	0.01144754	91.94726499	-4.59224637	65.76193605	7.33267618	0.85687478
11.15449335	88.61812083	0.01128437	92.86034110	-4.24222027	65.75661355	7.33511256	0.85659017
11.15821009	90.05464172	0.01110437	93.82688169	-3.77223997	65.75128210	7.33754894	0.85630574
11.16192683	91.56928762	0.01092069	94.83728624	-3.26799862	65.74594170	7.33998530	0.85602151
11.16564357	93.08016713	0.01074343	95.87906581	-2.79889868	65.74059238	7.34242166	0.85573747
11.16936031	94.54762014	0.01057668	96.93753014	-2.38991000	65.73523417	7.34485801	0.85545361
11.17307705	95.85187276	0.01043276	97.99406676	-2.14219400	65.72986708	7.34729435	0.85516995
11.17679379	96.89713796	0.01032022	99.02745666	-2.13031870	65.72449114	7.34973068	0.85488647
11.18051054	97.65176900	0.01024047	100.01382636	-2.36205736	65.71910636	7.35216702	0.85460318
11.18422728	98.06423950	0.01019740	100.92856370	-2.86432420	65.71371278	7.35460333	0.85432008
11.18794402	98.16900889	0.01018651	101.74685234	-3.57784345	65.70831042	7.35703964	0.85403717
11.19166076	97.99065908	0.01020505	102.44676550	-4.45610642	65.70289930	7.35947595	0.85375445
11.19537750	97.61603800	0.01024422	103.01124873	-5.39521073	65.69747944	7.36191224	0.85347191
11.19909424	97.12193807	0.01029633	103.43112646	-6.30918839	65.69205087	7.36434853	0.85318956
11.20281098	96.58944448	0.01035310	103.70571703	-7.11627255	65.68661361	7.36678481	0.85290740
11.20652773	96.09578959	0.01040628	103.84341637	-7.74762678	65.68116768	7.36922109	0.85262543
11.21024447	95.64726257	0.01045508	103.85991200	-8.21264943	65.67571311	7.37165735	0.85234365
11.21396121	95.24418386	0.01049933	103.77606878	-8.53188492	65.67024993	7.37409361	0.85206205
11.21767795	94.90634410	0.01053670	103.61534939	-8.70900529	65.66477816	7.37652986	0.85178064
11.22139469	94.63863881	0.01056651	103.40112608	-8.76248727	65.65929782	7.37896610	0.85149941
11.22511143	94.45744069	0.01058678	103.15444974	-8.69700905	65.65380893	7.38140233	0.85121838
11.22882817	94.37097422	0.01059648	102.89286859	-8.52189437	65.64831153	7.38383856	0.85093753
11.23254491	94.42781576	0.01059010	102.63069089	-8.20287513	65.64280563	7.38627478	0.85065686
11.23626166	94.68549347	0.01056128	102.37849416	-7.69300069	65.63729125	7.38871099	0.85037638
11.23997840	95.21166484	0.01050291	102.14322416	-6.93155932	65.63176844	7.39114719	0.85009609
11.24369514	96.07844543	0.01040816	101.92861572	-5.85017029	65.62623721	7.39358339	0.84981598
11.24741188	97.31457520	0.01027595	101.73671820	-4.42214300	65.62069759	7.39601957	0.84953606
11.25112862	98.88646189	0.01011261	101.56735972	-2.68089783	65.61514960	7.39845575	0.84925632
11.25484536	100.75029246	0.00992553	101.41902964	-0.66873718	65.60959327	7.40089192	0.84897677
11.25856210	102.72316742	0.00973490	101.28853717	1.43463025	65.60402863	7.40332809	0.84869740
11.26227885	104.55883280	0.00956399	101.17265539	3.38617741	65.59845567	7.40576425	0.84841822
11.26599559	106.08651733	0.00942627	101.06723934	5.01927799	65.59287447	7.40820040	0.84813922
11.26971233	107.10357157	0.00933676	100.96805966	6.13551191	65.58728503	7.41063654	0.84786041
11.27342907	107.52161916	0.00930046	100.87027282	6.65134634	65.58168738	7.41307267	0.84758178
11.27714581	107.29523468	0.00932008	100.76983730	6.52539738	65.57608155	7.41550879	0.84730333
11.28086255	106.47069804	0.00939226	100.66273937	5.80795867	65.57046755	7.41794491	0.84702507
11.28457929	105.15167491	0.00951007	100.54567873	4.60599618	65.56484543	7.42038102	0.84674699
11.28829603	103.47514852	0.00966416	100.41561249	3.05953603	65.55921519	7.42281712	0.84646910
11.29201278	101.60574087	0.00984196	100.27043426	1.33530661	65.55357687	7.42525322	0.84619139
11.29572952	99.72206879	0.01002787	100.10901129	-0.38694250	65.54793051	7.42768930	0.84591386
11.29944626	97.94560242	0.01020975	99.93066702	-1.98506460	65.54227613	7.43012538	0.84563651
11.30316300	96.37533061	0.01037610	99.73551706	-3.36018645	65.53661375	7.43256145	0.84535935
11.30687974	95.04650879	0.01052116	99.52414698	-4.47763819	65.53094340	7.43499751	0.84508237
11.31059648	93.94831340	0.01064415	99.29801290	-5.34969950	65.52526511	7.43743357	0.84480557
11.31431322	93.05510966	0.01074632	99.05868473	-6.00357507	65.51957891	7.43986961	0.84452895
11.31802997	92.28711955	0.01083575	98.80834105	-6.52122150	65.51388481	7.44230566	0.84425252
11.32174671	91.59726461	0.01091736	98.54914227	-6.95187766	65.50818287	7.44474169	0.84397627
11.32546345	90.97339122	0.01099223	98.28373420	-7.31034298	65.50247309	7.44717771	0.84370020
11.32918019	90.46735382	0.01105371	98.01457951	-7.54722569	65.49675552	7.44961373	0.84342431
11.33289693	90.13433838	0.01109455	97.74422451	-7.60988613	65.49103018	7.45204973	0.84314860
11.33661367	90.06867472	0.01110264	97.47483776	-7.40616304	65.48529709	7.45448573	0.84287307
11.34033041	90.31090800	0.01107286	97.20796394	-6.89705594	65.47955629	7.45692172	0.84259773
11.34404715	90.90523529	0.01100047	96.94628275	-6.04104746	65.47380781	7.45935771	0.84232256
11.34776390	91.79226685	0.01089416	96.69057679	-4.89830994	65.46805165	7.46179369	0.84204758
11.35148064	92.84398397	0.01077076	96.44188172	-3.59789775	65.46228788	7.46422966	0.84177277
11.35519738	93.85249837	0.01065502	96.20103862	-2.34854025	65.45651652	7.46666562	0.84149815
11.35891412	94.61229706	0.01056945	95.96875023	-1.35645317	65.45073758	7.46910157	0.84122371
11.36263086	94.96008301	0.01053074	95.74581449	-0.78573148	65.44495111	7.47153751	0.84094944
11.36634760	94.83940633	0.01054414	95.53308369	-0.69367736	65.43915713	7.47397345	0.84067536
11.37006434	94.25938924	0.01060902	95.33139475	-1.07200551	65.43335567	7.47640938	0.84040145
11.37378109	93.33892059	0.01071364	95.14162655	-1.80270596	65.42754675	7.47884530	0.84012773
11.37749783	92.26835378	0.01083795	94.96442182	-2.69606804	65.42173043	7.48128122	0.83985418
11.38121457	91.24285126	0.01095976	94.80029349	-3.55744223	65.41590671	7.48371712	0.83958081
11.38493131	90.37606049	0.01106488	94.64916638	-4.27310589	65.41007564	7.48615302	0.83930762
11.38864805	89.73026530	0.01114451	94.51056478	-4.78029948	65.40423725	7.48858891	0.83903461
11.39236479	89.36512502	0.01119005	94.38320318	-5.01807816	65.39839155	7.49102479	0.83876178
11.39608153	89.29679616	0.01119861	94.26556882	-4.96877266	65.39253860	7.49346066	0.83848913
11.39979827	89.47007243	0.01117692	94.15537990	-4.68530747	65.38667841	7.49589653	0.83821665
11.40351502	89.86905416	0.01112730	94.05010975	-4.18105559	65.38081100	7.49833239	0.83794436
11.40723176	90.42222087	0.01105923	93.94682334	-3.52460247	65.37493643	7.50076824	0.83767224
11.41094850	91.05590566	0.01098226	93.84275413	-2.78684847	65.36905472	7.50320408	0.83740029
11.41466524	91.63469696	0.01091290	93.73510663	-2.10040967	65.36316591	7.50563992	0.83712853
11.41838198	92.05161031	0.01086347	93.62138265	-1.56977234	65.35727002	7.50807574	0.83685694
11.42209872	92.19186656	0.01084694	93.49936511	-1.30749855	65.35136709	7.51051156	0.83658553
11.42581546	91.98454285	0.01087139	93.36743022	-1.38288737	65.34545714	7.51294737	0.83631430
11.42953221	91.42451986	0.01093798	93.22463211	-1.80011225	65.33954020	7.51538318	0.83604324
11.43324895	90.56238302	0.01104211	93.07058928	-2.50820626	65.33361632	7.51781897	0.83577236
11.43696569	89.52179718	0.01117046	92.90552417	-3.38372699	65.32768553	7.52025476	0.83550166
11.44068243	88.44648743	0.01130627	92.73023370	-4.28374627	65.32174786	7.52269054	0.83523113
11.44439917	87.48735555	0.01143022	92.54628258	-5.05892703	65.31580334	7.52512631	0.83496078
11.44811591	86.73349762	0.01152957	92.35547433	-5.62197671	65.30985200	7.52756207	0.83469060
11.45183265	86.20085907	0.01160081	92.15988499	-5.95902592	65.30389387	7.52999783	0.83442060
11.45554940	85.89407094	0.01164225	91.96156314	-6.06749220	65.29792898	7.53243358	0.83415077
11.45926614	85.76809692	0.01165935	91.76276626	-5.99466934	65.29195739	7.53486932	0.83388113
11.46298288	85.80287679	0.01165462	91.56544322	-5.76256643	65.28597912	7.53730505	0.83361165
11.46669962	85.92191060	0.01163847	91.37133508	-5.44942448	65.27999419	7.53974077	0.83334235
11.47041636	86.08585612	0.01161631	91.18160225	-5.09574613	65.27400265	7.54217649	0.83307323
11.47413310	86.24124654	0.01159538	90.99732501	-4.75607847	65.26800452	7.54461220	0.83280428
11.47784984	86.36761475	0.01157841	90.81906782	-4.45145307	65.26199985	7.54704790	0.83253550
11.48156658	86.45222219	0.01156708	90.64711544	-4.19489325	65.25598867	7.54948359	0.83226690
11.48528333	86.55530039	0.01155331	90.48119591	-3.92589552	65.24997098	7.55191928	0.83199847
11.48900007	86.71542867	0.01153197	90.32086359	-3.60543492	65.24394687	7.55435495	0.83173022
11.49271681	86.96650950	0.01149868	90.16528193	-3.19877243	65.23791635	7.55679062	0.83146214
11.49643355	87.33097839	0.01145069	90.01346506	-2.68248667	65.23187945	7.55922628	0.83119424
11.50015029	87.81694539	0.01138732	89.86382274	-2.04687735	65.22583621	7.56166193	0.83092650
11.50386703	88.35762787	0.01131764	89.71472745	-1.35709958	65.21978667	7.56409758	0.83065894
11.50758377	88.86825053	0.01125261	89.56420422	-0.69595369	65.21373086	7.56653321	0.83039156
11.51130052	89.26597087	0.01120248	89.41027698	-0.14430611	65.20766879	7.56896885	0.83012435
11.51501726	89.46228027	0.01117790	89.25076685	0.21151342	65.20160054	7.57140446	0.82985731
11.51873400	89.39657593	0.01118611	89.08369655	0.31287938	65.19552613	7.57384008	0.82959044
11.52245074	89.07172394	0.01122691	88.90717171	0.16455223	65.18944559	7.57627568	0.82932374
11.52616748	88.52896881	0.01129574	88.71982079	-0.19085198	65.18335896	7.57871128	0.82905722
11.52988422	87.82287343	0.01138656	88.52063538	-0.69776195	65.17726628	7.58114686	0.82879087
11.53360096	86.98227946	0.01149659	88.30933030	-1.32705084	65.17116757	7.58358244	0.82852469
11.53731770	86.03438314	0.01162326	88.08592425	-2.05154111	65.16506288	7.58601802	0.82825869
11.54103445	85.05419922	0.01175721	87.85107614	-2.79687692	65.15895223	7.58845359	0.82799285
11.54475119	84.11960602	0.01188784	87.60600504	-3.48639902	65.15283568	7.59088914	0.82772719
11.54846793	83.28327688	0.01200721	87.35225231	-4.06897543	65.14671327	7.59332469	0.82746169
11.55218467	82.62775167	0.01210247	87.09137943	-4.46362776	65.14058501	7.59576023	0.82719637
11.55590141	82.24318186	0.01215906	86.82509729	-4.58191543	65.13445096	7.59819576	0.82693122
11.55961815	82.18581136	0.01216755	86.55501636	-4.36920500	65.12831115	7.60063129	0.82666624
11.56333489	82.45734914	0.01212748	86.28260205	-3.82525291	65.12216561	7.60306680	0.82640143
11.56705164	83.02498881	0.01204457	86.00871423	-2.98372542	65.11601437	7.60550232	0.82613679
11.57076838	83.82558441	0.01192953	85.73387335	-1.90828894	65.10985750	7.60793782	0.82587233
11.57448512	84.77094014	0.01179650	85.45811247	-0.68717233	65.10369502	7.61037331	0.82560803
11.57820186	85.69364675	0.01166948	85.18112279	0.51252396	65.09752697	7.61280879	0.82534390
11.58191860	86.43618520	0.01156923	84.90201149	1.53417371	65.09135338	7.61524427	0.82507994
11.58563534	86.85503642	0.01151344	84.61963256	2.23540386	65.08517430	7.61767974	0.82481615
11.58935208	86.91419220	0.01150560	84.33273872	2.58145348	65.07898976	7.62011520	0.82455254
11.59306882	86.61343638	0.01154555	84.04024436	2.57319202	65.07279980	7.62255065	0.82428909
11.59678557	86.03039042	0.01162380	83.74105805	2.28933237	65.06660445	7.62498610	0.82402580
11.60050231	85.24671427	0.01173066	83.43452958	1.81218469	65.06040377	7.62742154	0.82376269
11.60421905	84.34532928	0.01185602	83.12053924	1.22479004	65.05419779	7.62985696	0.82349975
11.60793579	83.42289480	0.01198712	82.79963264	0.62326216	65.04798655	7.63229238	0.82323698
11.61165253	82.56164551	0.01211216	82.47272893	0.08891658	65.04177009	7.63472780	0.82297437
11.61536927	81.78349050	0.01222741	82.14004902	-0.35655852	65.03554844	7.63716320	0.82271193
11.61908601	81.08340200	0.01233298	81.80649640	-0.72309440	65.02932165	7.63959860	0.82244967
11.62280276	80.43232981	0.01243281	81.47331019	-1.04098038	65.02308974	7.64203399	0.82218756
11.62651950	79.82114410	0.01252801	81.14320800	-1.32206390	65.01685278	7.64446937	0.82192563
11.63023624	79.22162374	0.01262282	80.81917687	-1.59755313	65.01061080	7.64690474	0.82166387
11.63395298	78.61634827	0.01272000	80.50429892	-1.88795065	65.00436384	7.64934010	0.82140227
11.63766972	78.03807322	0.01281426	80.20156831	-2.16349509	64.99811193	7.65177546	0.82114084
11.64138646	77.54680125	0.01289544	79.91364210	-2.36684085	64.99185513	7.65421081	0.82087957
11.64510320	77.15291850	0.01296127	79.64294403	-2.49002553	64.98559346	7.65664615	0.82061848
11.64881994	76.84611003	0.01301302	79.39166888	-2.54555885	64.97932697	7.65908148	0.82035755
11.65253669	76.62407939	0.01305073	79.16153424	-2.53745485	64.97305569	7.66151681	0.82009679
11.65625343	76.50379690	0.01307125	78.95374864	-2.44995174	64.96677968	7.66395212	0.81983619
11.65997017	76.45719910	0.01307921	78.76916163	-2.31196253	64.96049898	7.66638743	0.81957576
11.66368691	76.45721181	0.01307921	78.60825446	-2.15104265	64.95421363	7.66882273	0.81931550
11.66740365	76.47404226	0.01307633	78.47108747	-1.99704521	64.94792366	7.67125802	0.81905540
11.67112039	76.49882762	0.01307210	78.35736167	-1.85853405	64.94162912	7.67369330	0.81879547
11.67483713	76.52981822	0.01306680	78.26650912	-1.73669090	64.93533006	7.67612858	0.81853570
11.67855388	76.55542247	0.01306243	78.19780243	-1.64237996	64.92902649	7.67856385	0.81827610
11.68227062	76.54485067	0.01306424	78.15036410	-1.60551343	64.92271849	7.68099911	0.81801667
11.68598736	76.48416392	0.01307460	78.12320477	-1.63904085	64.91640609	7.68343436	0.81775740
11.68970410	76.38463593	0.01309164	78.11533662	-1.73070069	64.91008933	7.68586961	0.81749830
11.69342084	76.28122203	0.01310939	78.12591676	-1.84469473	64.90376826	7.68830484	0.81723936
11.69713758	76.19140371	0.01312484	78.15416165	-1.96275794	64.89744291	7.69074007	0.81698058
11.70085432	76.14022573	0.01313366	78.19929825	-2.05907252	64.89111333	7.69317528	0.81672197
11.70457107	76.13868713	0.01313393	78.26068089	-2.12199376	64.88477955	7.69561050	0.81646353
11.70828781	76.22464244	0.01311912	78.33781253	-2.11317009	64.87844164	7.69804570	0.81620525
11.71200455	76.38652802	0.01309131	78.43022915	-2.04370113	64.87209964	7.70048090	0.81594713
11.71572129	76.57409159	0.01305925	78.53734521	-1.96325362	64.86575357	7.70291608	0.81568918
11.71943803	76.77967072	0.01302428	78.65865284	-1.87898212	64.85940350	7.70535126	0.81543139
11.72315477	76.98184204	0.01299008	78.79364887	-1.81180683	64.85304945	7.70778643	0.81517377
11.72687151	77.13647715	0.01296404	78.94188766	-1.80541051	64.84669148	7.71022159	0.81491631
11.73058825	77.22285970	0.01294953	79.10269225	-1.87983255	64.84032964	7.71265675	0.81465901
11.73430500	77.26600138	0.01294230	79.27550346	-2.00950208	64.83396394	7.71509190	0.81440187
11.73802174	77.30959574	0.01293500	79.45976313	-2.15016739	64.82759447	7.71752704	0.81414490
11.74173848	77.41618856	0.01291719	79.65500656	-2.23881800	64.82122125	7.71996217	0.81388810
11.74545522	77.64634450	0.01287891	79.86053243	-2.21418793	64.81484433	7.72239729	0.81363145
11.74917196	78.00555674	0.01281960	80.07578236	-2.07022562	64.80846376	7.72483240	0.81337497
11.75288870	78.49962616	0.01273891	80.30018946	-1.80056330	64.80207957	7.72726750	0.81311865
11.75660544	79.10032654	0.01264217	80.53323627	-1.43290973	64.79569182	7.72970260	0.81286249
11.76032219	79.79523977	0.01253208	80.77424476	-0.97900499	64.78930054	7.73213770	0.81260649
11.76403893	80.56616465	0.01241216	81.02262349	-0.45645884	64.78290580	7.73457278	0.81235066
11.76775567	81.39766184	0.01228537	81.27770366	0.11995818	64.77650763	7.73700785	0.81209499
11.77147241	82.27423859	0.01215447	81.53884860	0.73538999	64.77010609	7.73944291	0.81183948
11.77518915	83.19034322	0.01202063	81.80517617	1.38516705	64.76370120	7.74187797	0.81158413
11.77890589	84.12590281	0.01188695	82.07574374	2.05015907	64.75729303	7.74431302	0.81132894
11.78262263	85.03498586	0.01175987	82.34938845	2.68559741	64.75088162	7.74674806	0.81107392
11.78633937	85.88155111	0.01164394	82.62485106	3.25670005	64.74446701	7.74918309	0.81081905
11.79005612	86.62584178	0.01154390	82.90055067	3.72529111	64.73804924	7.75161812	0.81056435
11.79377286	87.24553172	0.01146191	83.17480325	4.07072847	64.73162839	7.75405313	0.81030981
11.79748960	87.74378459	0.01139682	83.44576990	4.29801469	64.72520448	7.75648814	0.81005543
11.80120634	88.11015574	0.01134943	83.71162015	4.39853559	64.71877756	7.75892314	0.80980120
11.80492308	88.36577098	0.01131660	83.97047085	4.39530013	64.71234769	7.76135813	0.80954714
11.80863982	88.53782399	0.01129461	84.22058828	4.31723571	64.70591490	7.76379311	0.80929324
11.81235656	88.69223022	0.01127494	84.46043772	4.23179250	64.69947925	7.76622809	0.80903950
11.81607331	88.81597392	0.01125924	84.68871390	4.12726002	64.69304077	7.76866306	0.80878592
11.81979005	88.87566630	0.01125167	84.90440998	3.97125632	64.68659954	7.77109802	0.80853250
11.82350679	88.80377960	0.01126078	85.10690067	3.69687893	64.68015559	7.77353297	0.80827924
11.82722353	88.53295644	0.01129523	85.29596282	3.23699362	64.67370898	7.77596791	0.80802614
11.83094027	88.03092448	0.01135964	85.47161744	2.55930704	64.66725974	7.77840284	0.80777319
11.83465701	87.28705851	0.01145645	85.63427373	1.65278478	64.66080792	7.78083777	0.80752041
11.83837375	86.33900197	0.01158225	85.78463265	0.55436932	64.65435359	7.78327269	0.80726779
11.84209049	85.24560038	0.01173081	85.92355728	-0.67795690	64.64789678	7.78570760	0.80701532
11.84580724	84.10200246	0.01189032	86.05176377	-1.94976131	64.64143752	7.78814250	0.80676301
11.84952398	83.00840251	0.01204697	86.16977393	-3.16137142	64.63497591	7.79057740	0.80651086
11.85324072	82.02745310	0.01219104	86.27771102	-4.25025792	64.62851198	7.79301228	0.80625887
11.85695746	81.19820658	0.01231554	86.37524628	-5.17703970	64.62204576	7.79544716	0.80600704
11.86067420	80.55723572	0.01241353	86.46098501	-5.90374929	64.61557732	7.79788202	0.80575537
11.86439094	80.11549632	0.01248198	86.53299592	-6.41749960	64.60910671	7.80031688	0.80550385
11.86810768	79.86205546	0.01252159	86.58890649	-6.72685103	64.60263397	7.80275174	0.80525250
11.87182443	79.77532196	0.01253520	86.62630366	-6.85098170	64.59615914	7.80518659	0.80500129
11.87554117	79.83055623	0.01252653	86.64307074	-6.81251451	64.58968230	7.80762142	0.80475025
11.87925791	79.99843089	0.01250025	86.63807499	-6.63964410	64.58320348	7.81005625	0.80449937
11.88297465	80.22426097	0.01246506	86.61183594	-6.38757497	64.57672274	7.81249107	0.80424864
11.88669139	80.46675364	0.01242749	86.56655935	-6.09980571	64.57024014	7.81492588	0.80399807
11.89040813	80.68597666	0.01239373	86.50606424	-5.82008758	64.56375571	7.81736068	0.80374765
11.89412487	80.88709259	0.01236291	86.43532891	-5.54823632	64.55726951	7.81979547	0.80349740
11.89784161	81.09082286	0.01233185	86.36037075	-5.26954789	64.55078159	7.82223026	0.80324730
11.90155836	81.32696279	0.01229605	86.28726630	-4.96030351	64.54429200	7.82466504	0.80299735
11.90527510	81.60647074	0.01225393	86.22188736	-4.61541662	64.53780080	7.82709981	0.80274756
11.90899184	81.94196574	0.01220376	86.16937695	-4.22741121	64.53130805	7.82953458	0.80249793
11.91270858	82.32556152	0.01214690	86.13430142	-3.80873990	64.52481378	7.83196933	0.80224846
11.91642532	82.69235992	0.01209302	86.12043126	-3.42807134	64.51831806	7.83440407	0.80199914
11.92014206	82.93540192	0.01205758	86.13037968	-3.19497776	64.51182093	7.83683881	0.80174997
11.92385880	83.02122243	0.01204511	86.16628164	-3.14505921	64.50532246	7.83927354	0.80150097
11.92757555	82.96182760	0.01205374	86.22970074	-3.26787314	64.49882266	7.84170826	0.80125211
11.93129229	82.80338796	0.01207680	86.32161564	-3.51822768	64.49232164	7.84414298	0.80100341
11.93500903	82.62617493	0.01210270	86.44239801	-3.81622308	64.48581943	7.84657768	0.80075487
11.93872577	82.49213918	0.01212237	86.59215644	-4.10001726	64.47931607	7.84901238	0.80050649
11.94244251	82.44421132	0.01212941	86.77073369	-4.32652237	64.47281164	7.85144706	0.80025825
11.94615925	82.49557749	0.01212186	86.97768457	-4.48210708	64.46630617	7.85388174	0.80001018
11.94987599	82.62539673	0.01210282	87.21174106	-4.58634433	64.45979972	7.85631641	0.79976225
11.95359273	82.79400635	0.01207817	87.47278007	-4.67877372	64.45329235	7.85875107	0.79951448
11.95730948	82.94846090	0.01205568	87.75916900	-4.81070810	64.44678410	7.86118573	0.79926687
11.96102622	83.02558899	0.01204448	88.06944620	-5.04385721	64.44027504	7.86362038	0.79901941
11.96474296	83.04251099	0.01204203	88.40179562	-5.35928463	64.43376523	7.86605502	0.79877210
11.96845970	83.06979370	0.01203807	88.75405461	-5.68426091	64.42725471	7.86848965	0.79852495
11.97217644	83.21110789	0.01201763	89.12364159	-5.91253370	64.42074354	7.87092427	0.79827795
11.97589318	83.54396057	0.01196975	89.50757691	-5.96361634	64.41423178	7.87335888	0.79803111
11.97960992	84.10669454	0.01188966	89.90224992	-5.79555538	64.40771947	7.87579348	0.79778442
11.98332667	84.90241750	0.01177823	90.30324871	-5.40083121	64.40120667	7.87822809	0.79753788
11.98704341	85.90744781	0.01164043	90.70568731	-4.79823950	64.39469345	7.88066267	0.79729149
11.99076015	87.10552216	0.01148033	91.10404115	-3.99851899	64.38817986	7.88309725	0.79704526
11.99447689	88.45546468	0.01130512	91.49218029	-3.03671561	64.38166595	7.88553182	0.79679918
11.99819363	89.91743724	0.01112131	91.86336635	-1.94592911	64.37515178	7.88796639	0.79655326
12.00191037	91.45440928	0.01093441	92.21076427	-0.75635499	64.36863741	7.89040094	0.79630748
12.00562711	93.03533173	0.01074860	92.52758077	0.50775096	64.36212289	7.89283549	0.79606186
12.00934386	94.62803396	0.01056769	92.80716412	1.82086984	64.35560826	7.89527003	0.79581639
12.01306060	96.18319194	0.01039683	93.04323109	3.13996085	64.34909361	7.89770456	0.79557107
12.01677734	97.62798818	0.01024296	93.23039837	4.39758981	64.34257898	7.90013908	0.79532591
12.02049408	98.84713236	0.01011663	93.36421389	5.48291847	64.33606443	7.90257360	0.79508090
12.02421082	99.72372437	0.01002770	93.44139105	6.28233332	64.32955002	7.90500810	0.79483604
12.02792756	100.13804118	0.00998621	93.45980361	6.67823757	64.32303580	7.90744260	0.79459133
12.03164430	100.05239360	0.00999476	93.41874922	6.63364438	64.31652184	7.90987709	0.79434677
12.03536104	99.49077606	0.01005118	93.31886459	6.17191147	64.31000818	7.91231157	0.79410236
12.03907779	98.51535543	0.01015070	93.16213414	5.35322129	64.30349487	7.91474604	0.79385811
12.04279453	97.19563802	0.01028853	92.95174903	4.24388899	64.29698201	7.91718051	0.79361400
12.04651127	95.60441844	0.01045977	92.69197743	2.91244101	64.29046963	7.91961496	0.79337005
12.05022801	93.82692719	0.01065792	92.38803892	1.43888827	64.28395779	7.92204941	0.79312625
12.05394475	91.94776154	0.01087574	92.04597783	-0.09821629	64.27744656	7.92448385	0.79288259
12.05766149	90.00281779	0.01111076	91.67249861	-1.66968082	64.27093598	7.92691828	0.79263909
12.06137823	88.05618032	0.01135639	91.27451606	-3.21833574	64.26442612	7.92935270	0.79239574
12.06509498	86.17957306	0.01160368	90.85925480	-4.67968174	64.25791702	7.93178712	0.79215254
12.06881172	84.40188599	0.01184808	90.43384559	-6.03195960	64.25140878	7.93422152	0.79190949
12.07252846	82.77732086	0.01208060	90.00541513	-7.22809427	64.24490144	7.93665592	0.79166659
12.07624520	81.39194743	0.01228623	89.58052359	-8.18857616	64.23839505	7.93909031	0.79142384
12.07996194	80.29417165	0.01245420	89.16517508	-8.87100343	64.23188967	7.94152469	0.79118123
12.08367868	79.50786082	0.01257737	88.76469533	-9.25683451	64.22538538	7.94395906	0.79093878
12.08739542	79.02361043	0.01265445	88.38376690	-9.36015647	64.21888222	7.94639342	0.79069648
12.09111216	78.83786011	0.01268426	88.02599991	-9.18813980	64.21238026	7.94882777	0.79045433
12.09482891	78.94709015	0.01266671	87.69400247	-8.74691232	64.20587953	7.95126213	0.79021232
12.09854565	79.37111410	0.01259904	87.38937169	-8.01825759	64.19938015	7.95369647	0.78997047
12.10226239	80.06457774	0.01248992	87.11291710	-7.04833936	64.19288214	7.95613079	0.78972876
12.10597913	81.01208242	0.01234384	86.86430208	-5.85221966	64.18638557	7.95856512	0.78948720
12.10969587	82.18122101	0.01216823	86.64222081	-4.46099980	64.17989051	7.96099943	0.78924579
12.11341261	83.49584707	0.01197664	86.44460767	-2.94876060	64.17339701	7.96343373	0.78900453
12.11712935	84.82740021	0.01178864	86.26887952	-1.44147931	64.16690513	7.96586803	0.78876342
12.12084610	86.06953684	0.01161851	86.11170372	-0.04216688	64.16041492	7.96830232	0.78852245
12.12456284	87.13844808	0.01147599	85.96945081	1.16899727	64.15392648	7.97073660	0.78828164
12.12827958	87.93071238	0.01137259	85.83828469	2.09242769	64.14743985	7.97317087	0.78804097
12.13199632	88.38575745	0.01131404	85.71448926	2.67126819	64.14095509	7.97560514	0.78780045
12.13571306	88.50013733	0.01129942	85.59445793	2.90567940	64.13447227	7.97803939	0.78756008
12.13942980	88.35057322	0.01131855	85.47496095	2.87561227	64.12799144	7.98047364	0.78731985
12.14314654	88.05407969	0.01135666	85.35316041	2.70091928	64.12151268	7.98290787	0.78707977
12.14686328	87.74505361	0.01139665	85.22675915	2.51829446	64.11503603	7.98534210	0.78683984
12.15058003	87.52530162	0.01142527	85.09395358	2.43134804	64.10856156	7.98777633	0.78660006
12.15429677	87.49275970	0.01142952	84.95348704	2.53927266	64.10208936	7.99021054	0.78636042
12.15801351	87.63380178	0.01141112	84.80448141	2.82932037	64.09561947	7.99264474	0.78612093
12.16173025	87.87171427	0.01138023	84.64641422	3.22530005	64.08915196	7.99507894	0.78588158
12.16544699	88.06776683	0.01135489	84.47908590	3.58868093	64.08268689	7.99751313	0.78564239
12.16916373	88.10567474	0.01135001	84.30259371	3.80308103	64.07622432	7.99994731	0.78540334
12.17288047	87.89634705	0.01137704	84.11711327	3.77923378	64.06976433	8.00238148	0.78516443
12.17659722	87.39824422	0.01144188	83.92293305	3.47531117	64.06330695	8.00481564	0.78492567
12.18031396	86.63711039	0.01154240	83.72046776	2.91664263	64.05685228	8.00724980	0.78468706
12.18403070	85.69385274	0.01166945	83.51022513	2.18362761	64.05040038	8.00968394	0.78444859
12.18774744	84.70389048	0.01180583	83.29272807	1.41116241	64.04395131	8.01211808	0.78421027
12.19146418	83.80439758	0.01193255	83.06834824	0.73604934	64.03750514	8.01455221	0.78397210
12.19518092	83.09332784	0.01203466	82.83760951	0.25571833	64.03106192	8.01698633	0.78373407
12.19889766	82.62123362	0.01210343	82.60100415	0.02022947	64.02462173	8.01942044	0.78349618
12.20261440	82.38185374	0.01213860	82.35906762	0.02278612	64.01818462	8.02185454	0.78325844
12.20633115	82.36505890	0.01214107	82.11215312	0.25290578	64.01175066	8.02428864	0.78302085
12.21004789	82.50945282	0.01211982	81.86084505	0.64860777	64.00531993	8.02672273	0.78278340
12.21376463	82.70188141	0.01209162	81.60570977	1.09617164	63.99889249	8.02915680	0.78254610
12.21748137	82.83178457	0.01207266	81.34755316	1.48423141	63.99246841	8.03159087	0.78230894
12.22119811	82.83289846	0.01207250	81.08706196	1.74583650	63.98604775	8.03402493	0.78207192
12.22491485	82.67218526	0.01209597	80.82521858	1.84696668	63.97963057	8.03645898	0.78183505
12.22863159	82.35316467	0.01214282	80.56307212	1.79009255	63.97321695	8.03889303	0.78159832
12.23234834	81.88554382	0.01221217	80.30183103	1.58371279	63.96680694	8.04132707	0.78136174
12.23606508	81.30235799	0.01229977	80.04261823	1.25973976	63.96040063	8.04376110	0.78112530
12.23978182	80.66763051	0.01239655	79.78670300	0.88092751	63.95399808	8.04619511	0.78088901
12.24349856	80.04425049	0.01249309	79.53537233	0.50887816	63.94759935	8.04862912	0.78065286
12.24721530	79.44580332	0.01258720	79.28988966	0.15591366	63.94120451	8.05106312	0.78041685
12.25093204	78.87480672	0.01267832	79.05144887	-0.17664215	63.93481364	8.05349712	0.78018098
12.25464878	78.34292348	0.01276439	78.82126324	-0.47833976	63.92842679	8.05593110	0.77994526
12.25836553	77.87571208	0.01284097	78.60059731	-0.72488523	63.92204402	8.05836508	0.77970969
12.26208227	77.48702749	0.01290539	78.39056945	-0.90354196	63.91566543	8.06079905	0.77947425
12.26579901	77.19335429	0.01295448	78.19227225	-0.99891796	63.90929108	8.06323301	0.77923896
12.26951575	76.98207601	0.01299004	78.00672211	-1.02464610	63.90292103	8.06566696	0.77900381
12.27323249	76.84298960	0.01301355	77.83497147	-0.99198187	63.89655535	8.06810090	0.77876881
12.27694923	76.76235453	0.01302722	77.67770937	-0.91535484	63.89019411	8.07053484	0.77853394
12.28066597	76.73601023	0.01303169	77.53559806	-0.79958783	63.88383738	8.07296876	0.77829922
12.28438271	76.75405375	0.01302863	77.40907211	-0.65501836	63.87748523	8.07540268	0.77806464
12.28809946	76.81068166	0.01301902	77.29854622	-0.48786456	63.87113771	8.07783659	0.77783021
12.29181620	76.87946828	0.01300737	77.20400329	-0.32453501	63.86479494	8.08027049	0.77759591
12.29553294	76.94458516	0.01299637	77.12539812	-0.18081296	63.85845695	8.08270438	0.77736176
12.29924968	77.00007375	0.01298700	77.06250029	-0.06242654	63.85212382	8.08513826	0.77712775
12.30296642	77.03197225	0.01298162	77.01504530	0.01692695	63.84579562	8.08757214	0.77689388
12.30668316	77.02447510	0.01298289	76.98250964	0.04196546	63.83947242	8.09000600	0.77666015
12.31039990	76.98840332	0.01298897	76.96432217	0.02408115	63.83315430	8.09243986	0.77642657
12.31411665	76.92312113	0.01299999	76.95982420	-0.03670307	63.82684130	8.09487372	0.77619312
12.31783339	76.84685771	0.01301289	76.96837641	-0.12151870	63.82053353	8.09730756	0.77595982
12.32155013	76.79175059	0.01302223	76.98913339	-0.19738280	63.81423105	8.09974139	0.77572666
12.32526687	76.77736155	0.01302467	77.02073809	-0.24337654	63.80793393	8.10217521	0.77549364
12.32898361	76.82409922	0.01301675	77.06316926	-0.23907004	63.80164224	8.10460902	0.77526075
12.33270035	76.98296356	0.01298989	77.11504030	-0.13207674	63.79535605	8.10704283	0.77502801
12.33641709	77.30554454	0.01293568	77.17523503	0.13030951	63.78907543	8.10947663	0.77479541
12.34013383	77.79842122	0.01285373	77.24255823	0.55586299	63.78280046	8.11191042	0.77456296
12.34385058	78.43247223	0.01274982	77.31585459	1.11661764	63.77653119	8.11434420	0.77433064
12.34756732	79.12959290	0.01263750	77.39397944	1.73561346	63.77026772	8.11677797	0.77409846
12.35128406	79.78329213	0.01253395	77.47566309	2.30762904	63.76401013	8.11921174	0.77386642
12.35500080	80.31448619	0.01245105	77.55963356	2.75485263	63.75775847	8.12164549	0.77363452
12.35871754	80.71599833	0.01238912	77.64479602	3.07120231	63.75151282	8.12407924	0.77340276
12.36243428	80.96138255	0.01235157	77.73013663	3.23124592	63.74527325	8.12651297	0.77317114
12.36615102	81.04014333	0.01233956	77.81461210	3.22553123	63.73903984	8.12894670	0.77293966
12.36986777	80.99760946	0.01234604	77.89724704	3.10036242	63.73281265	8.13138043	0.77270832
12.37358451	80.91565704	0.01235855	77.97728876	2.93836828	63.72659178	8.13381414	0.77247712
12.37730125	80.82124583	0.01237298	78.05399154	2.76725429	63.72037729	8.13624785	0.77224606
12.38101799	80.72821554	0.01238724	78.12609484	2.60212070	63.71416926	8.13868154	0.77201513
12.38473473	80.66638438	0.01239674	78.19358532	2.47279906	63.70796775	8.14111523	0.77178435
12.38845147	80.65980784	0.01239775	78.25522718	2.40458066	63.70177285	8.14354890	0.77155370
12.39216821	80.70430756	0.01239091	78.31008993	2.39421763	63.69558462	8.14598257	0.77132320
12.39588495	80.83345540	0.01237112	78.35698545	2.47646995	63.68940315	8.14841623	0.77109283
12.39960170	81.08154806	0.01233326	78.39465168	2.68689638	63.68322849	8.15084989	0.77086260
12.40331844	81.45365906	0.01227692	78.42182458	3.03183448	63.67706075	8.15328353	0.77063250
12.40703518	81.88197327	0.01221270	78.43715558	3.44481769	63.67090000	8.15571717	0.77040255
12.41075192	82.32997640	0.01214624	78.43913216	3.89084424	63.66474630	8.15815080	0.77017273
12.41446866	82.76560720	0.01208231	78.42642317	4.33918403	63.65859973	8.16058441	0.76994306
12.41818540	83.15565999	0.01202564	78.39783499	4.75782500	63.65246037	8.16301802	0.76971352
12.42190214	83.42509460	0.01198680	78.35242286	5.07267174	63.64632829	8.16545162	0.76948411
12.42561889	83.53979747	0.01197034	78.28946167	5.25033580	63.64020356	8.16788522	0.76925485
12.42933563	83.46216583	0.01198148	78.20869934	5.25346649	63.63408629	8.17031880	0.76902572
12.43305237	83.17835236	0.01202236	78.11026470	5.06808766	63.62797653	8.17275238	0.76879673
12.43676911	82.70881399	0.01209061	77.99477964	4.71403435	63.62187436	8.17518594	0.76856788
12.44048585	82.10199229	0.01217997	77.86327281	4.23871948	63.61577987	8.17761950	0.76833916
12.44420259	81.39739227	0.01228541	77.71728459	3.68010768	63.60969312	8.18005305	0.76811058
12.44791933	80.67382812	0.01239559	77.55811954	3.11570858	63.60361420	8.18248659	0.76788214
12.45163607	80.00615184	0.01249904	77.38903604	2.61711580	63.59754318	8.18492012	0.76765383
12.45535282	79.42076619	0.01259117	77.21189852	2.20886767	63.59148012	8.18735365	0.76742566
12.45906956	78.90147400	0.01267403	77.02940164	1.87207236	63.58542514	8.18978717	0.76719763
12.46278630	78.42348735	0.01275128	76.84419923	1.57928812	63.57937830	8.19222067	0.76696973
12.46650304	77.95815786	0.01282739	76.65906851	1.29908935	63.57333968	8.19465417	0.76674197
12.47021978	77.49794515	0.01290357	76.47671266	1.02123249	63.56730936	8.19708766	0.76651435
12.47393652	77.04347992	0.01297968	76.29991976	0.74356016	63.56128740	8.19952114	0.76628686
12.47765326	76.59365082	0.01305591	76.13120989	0.46244093	63.55527391	8.20195461	0.76605951
12.48137001	76.16410319	0.01312954	75.97304947	0.19105372	63.54926893	8.20438808	0.76583229
12.48508675	75.77055359	0.01319774	75.82765345	-0.05709986	63.54327258	8.20682153	0.76560521
12.48880349	75.44328562	0.01325499	75.69720324	-0.25391762	63.53728493	8.20925498	0.76537826
12.49252023	75.19721731	0.01329836	75.58351993	-0.38630262	63.53130605	8.21168841	0.76515145
12.49623697	75.01676941	0.01333035	75.48810916	-0.47133975	63.52533602	8.21412184	0.76492478
12.49995371	74.90750631	0.01334980	75.41222131	-0.50471500	63.51937492	8.21655526	0.76469824
12.50367045	74.89465586	0.01335209	75.35693200	-0.46227614	63.51342285	8.21898867	0.76447183
12.50738720	74.98672740	0.01333569	75.32287463	-0.33614723	63.50747985	8.22142208	0.76424556
12.51110394	75.17532603	0.01330224	75.30986752	-0.13454149	63.50154604	8.22385547	0.76401942
12.51482068	75.46218363	0.01325167	75.31873968	0.14344395	63.49562150	8.22628886	0.76379342
12.51853742	75.85520935	0.01318301	75.34881519	0.50639416	63.48970629	8.22872223	0.76356755
12.52225416	76.37758128	0.01309285	75.39939595	0.97818533	63.48380050	8.23115560	0.76334182
12.52597090	77.02679189	0.01298250	75.46944668	1.55734521	63.47790422	8.23358896	0.76311622
12.52968764	77.78578440	0.01285582	75.55766520	2.22811920	63.47201752	8.23602231	0.76289076
12.53340438	78.61739349	0.01271983	75.66262339	2.95477010	63.46614049	8.23845565	0.76266543
12.53712113	79.45603180	0.01258558	75.78250297	3.67352883	63.46027319	8.24088899	0.76244023
12.54083787	80.27365621	0.01245739	75.91533804	4.35831817	63.45441574	8.24332232	0.76221517
12.54455461	81.06344350	0.01233602	76.05895771	5.00448579	63.44856820	8.24575563	0.76199024
12.54827135	81.78446198	0.01222726	76.21119908	5.57326290	63.44273066	8.24818894	0.76176544
12.55198809	82.42356618	0.01213245	76.36968442	6.05388176	63.43690320	8.25062224	0.76154078
12.55570483	82.97649638	0.01205161	76.53201923	6.44447715	63.43108591	8.25305553	0.76131625
12.55942157	83.43204498	0.01198580	76.69574138	6.73630360	63.42527886	8.25548881	0.76109186
12.56313832	83.80862681	0.01193195	76.85842495	6.95020186	63.41948213	8.25792209	0.76086759
12.56685506	84.16696676	0.01188115	77.01756499	7.14940177	63.41369583	8.26035535	0.76064346
12.57057180	84.51590220	0.01183209	77.17069976	7.34520244	63.40792003	8.26278860	0.76041947
12.57428854	84.81844584	0.01178989	77.31540124	7.50304460	63.40215481	8.26522185	0.76019560
12.57800528	85.04547628	0.01175841	77.44924176	7.59623452	63.39640026	8.26765509	0.75997187
12.58172202	85.20805105	0.01173598	77.56996775	7.63808330	63.39065647	8.27008832	0.75974827
12.58543876	85.29884593	0.01172349	77.67545510	7.62339083	63.38492351	8.27252154	0.75952481
12.58915550	85.30507151	0.01172263	77.76384038	7.54123113	63.37920148	8.27495475	0.75930147
12.59287225	85.19357554	0.01173797	77.83346652	7.36010902	63.37349043	8.27738796	0.75907827
12.59658899	84.97010549	0.01176884	77.88313340	7.08697209	63.36779050	8.27982115	0.75885520
12.60030573	84.65722402	0.01181234	77.91204796	6.74517606	63.36210174	8.28225434	0.75863226
12.60402247	84.25586192	0.01186861	77.91985055	6.33601137	63.35642426	8.28468751	0.75840945
12.60773921	83.74032847	0.01194168	77.90675000	5.83357847	63.35075812	8.28712068	0.75818678
12.61145595	83.11442820	0.01203161	77.87334522	5.24108298	63.34510342	8.28955384	0.75796423
12.61517269	82.40311432	0.01213546	77.82081768	4.58229664	63.33946024	8.29198699	0.75774182
12.61888944	81.64314270	0.01224843	77.75075528	3.89238742	63.33382866	8.29442014	0.75751954
12.62260618	80.84782155	0.01236892	77.66514553	3.18267602	63.32820879	8.29685327	0.75729739
12.62632292	80.04390971	0.01249314	77.56624327	2.47766644	63.32260071	8.29928639	0.75707537
12.63003966	79.28750865	0.01261233	77.45661098	1.83089767	63.31700449	8.30171951	0.75685348
12.63375640	78.58669027	0.01272480	77.33894445	1.24774582	63.31142024	8.30415262	0.75663172
12.63747314	77.93009949	0.01283201	77.21595791	0.71414158	63.30584803	8.30658571	0.75641010
12.64118988	77.34974670	0.01292829	77.09034364	0.25940306	63.30028796	8.30901880	0.75618860
12.64490662	76.86199188	0.01301033	76.96471846	-0.10272658	63.29474011	8.31145188	0.75596724
12.64862337	76.46229553	0.01307834	76.84154780	-0.37925227	63.28920456	8.31388496	0.75574600
12.65234011	76.14358775	0.01313308	76.72301273	-0.57942498	63.28368142	8.31631802	0.75552490
12.65605685	75.89785258	0.01317560	76.61109006	-0.71323748	63.27817077	8.31875108	0.75530392
12.65977359	75.73383586	0.01320414	76.50749539	-0.77365953	63.27267269	8.32118412	0.75508308
12.66349033	75.64567057	0.01321953	76.41372059	-0.76805002	63.26718729	8.32361716	0.75486236
12.66720707	75.63729604	0.01322099	76.33090140	-0.69360536	63.26171463	8.32605019	0.75464178
12.67092381	75.70378367	0.01320938	76.25997037	-0.55618670	63.25625482	8.32848321	0.75442132
12.67464056	75.84673055	0.01318448	76.20159946	-0.35486891	63.25080793	8.33091622	0.75420100
12.67835730	76.07679240	0.01314461	76.15620110	-0.07940870	63.24537408	8.33334923	0.75398080
12.68207404	76.38785299	0.01309109	76.12396619	0.26388680	63.23995335	8.33578222	0.75376073
12.68579078	76.78175100	0.01302393	76.10477300	0.67697800	63.23454581	8.33821520	0.75354079
12.68950752	77.24196879	0.01294633	76.09831195	1.14365684	63.22915158	8.34064818	0.75332099
12.69322426	77.73717244	0.01286386	76.10402747	1.63314497	63.22377072	8.34308115	0.75310131
12.69694100	78.25327555	0.01277902	76.12116215	2.13211340	63.21840335	8.34551410	0.75288176
12.70065774	78.79335785	0.01269143	76.14870742	2.64465043	63.21304954	8.34794705	0.75266233
12.70437449	79.32263692	0.01260674	76.18516974	3.13746718	63.20770937	8.35038000	0.75244304
12.70809123	79.81416829	0.01252910	76.23001046	3.58415783	63.20238297	8.35281293	0.75222387
12.71180797	80.24586233	0.01246170	76.28151473	3.96434760	63.19707041	8.35524585	0.75200484
12.71552471	80.57223002	0.01241122	76.33763837	4.23459165	63.19177178	8.35767877	0.75178593
12.71924145	80.74816132	0.01238418	76.39829592	4.34986540	63.18648718	8.36011167	0.75156715
12.72295819	80.75123851	0.01238371	76.46158435	4.28965416	63.18121670	8.36254457	0.75134850
12.72667493	80.58736420	0.01240889	76.52633101	4.06103319	63.17596042	8.36497746	0.75112998
12.73039168	80.28283437	0.01245596	76.59151216	3.69132221	63.17071844	8.36741034	0.75091158
12.73410842	79.84790293	0.01252381	76.65632462	3.19157831	63.16549086	8.36984321	0.75069331
12.73782516	79.32835897	0.01260583	76.72013275	2.60822622	63.16027777	8.37227607	0.75047517
12.74154190	78.80218252	0.01269000	76.78192682	2.02025570	63.15507927	8.37470892	0.75025716
12.74525864	78.33387502	0.01276587	76.84231488	1.49156014	63.14989544	8.37714177	0.75003927
12.74897538	77.94222005	0.01283002	76.90040043	1.04181962	63.14472637	8.37957460	0.74982151
12.75269212	77.63452148	0.01288087	76.95548823	0.67903325	63.13957217	8.38200743	0.74960388
12.75640886	77.46839905	0.01290849	77.00780573	0.46059332	63.13443293	8.38444024	0.74938638
12.76012561	77.48983765	0.01290492	77.05641730	0.43342035	63.12930872	8.38687306	0.74916900
12.76384235	77.74363963	0.01286279	77.10039635	0.64324328	63.12419968	8.38930586	0.74895175
12.76755909	78.21811930	0.01278476	77.13884317	1.07927613	63.11910587	8.39173865	0.74873463
12.77127583	78.92401886	0.01267041	77.17049859	1.75352027	63.11402740	8.39417143	0.74851763
12.77499257	79.83889262	0.01252522	77.19414363	2.64474899	63.10896436	8.39660420	0.74830076
12.77870931	80.87131755	0.01236532	77.20832587	3.66299168	63.10391684	8.39903697	0.74808402
12.78242605	81.87806193	0.01221328	77.21185618	4.66620575	63.09888494	8.40146972	0.74786740
12.78614280	82.76010132	0.01208312	77.20352483	5.55657649	63.09386875	8.40390248	0.74765091
12.78985954	83.43143972	0.01198589	77.18253119	6.24890853	63.08886838	8.40633521	0.74743454
12.79357628	83.78227997	0.01193570	77.14823855	6.63404142	63.08388392	8.40876794	0.74721830
12.79729302	83.78280640	0.01193562	77.10056338	6.68224302	63.07891547	8.41120066	0.74700219
12.80100976	83.46776326	0.01198067	77.03971551	6.42804775	63.07396312	8.41363337	0.74678620
12.80472650	82.93572998	0.01205753	76.96640224	5.96932774	63.06902696	8.41606607	0.74657034
12.80844324	82.28769684	0.01215248	76.88163429	5.40606255	63.06410710	8.41849877	0.74635460
12.81215999	81.63244629	0.01225003	76.78675048	4.84569581	63.05920362	8.42093146	0.74613899
12.81587673	81.02231344	0.01234228	76.68332373	4.33898971	63.05431664	8.42336413	0.74592351
12.81959347	80.48443095	0.01242476	76.57310635	3.91132460	63.04944624	8.42579680	0.74570815
12.82331021	80.04036204	0.01249370	76.45792804	3.58243400	63.04459254	8.42822946	0.74549291
12.82702695	79.69454193	0.01254791	76.33964691	3.35489502	63.03975561	8.43066211	0.74527780
12.83074369	79.40530650	0.01259362	76.22009752	3.18520898	63.03493557	8.43309475	0.74506281
12.83446043	79.13242849	0.01263704	76.10110865	3.03131984	63.03013250	8.43552738	0.74484795
12.83817717	78.83954112	0.01268399	75.98449204	2.85504908	63.02534651	8.43796000	0.74463322
12.84189392	78.50552368	0.01273796	75.87196650	2.63355718	63.02057768	8.44039262	0.74441861
12.84561066	78.14619191	0.01279653	75.76525007	2.38094184	63.01582615	8.44282523	0.74420412
12.84932740	77.75951385	0.01286016	75.66607379	2.09344006	63.01109198	8.44525782	0.74398976
12.85304414	77.34986623	0.01292827	75.57615469	1.77371154	63.00637529	8.44769041	0.74377552
12.85676088	76.93430837	0.01299810	75.49715765	1.43715072	63.00167618	8.45012299	0.74356140
12.86047762	76.52934265	0.01306688	75.43073026	1.09861239	62.99699474	8.45255556	0.74334741
12.86419436	76.15518188	0.01313108	75.37848395	0.77669793	62.99233107	8.45498812	0.74313355
12.86791111	75.83616638	0.01318632	75.34194205	0.49422433	62.98768526	8.45742067	0.74291980
12.87162785	75.58198039	0.01323067	75.32239994	0.25958045	62.98305743	8.45985322	0.74270618
12.87534459	75.39363098	0.01326372	75.32100301	0.07262797	62.97844769	8.46228575	0.74249269
12.87906133	75.27604167	0.01328444	75.33862961	-0.06258794	62.97385611	8.46471827	0.74227932
12.88277807	75.23576101	0.01329155	75.37590307	-0.14014206	62.96928282	8.46715079	0.74206607
12.88649481	75.27440135	0.01328473	75.43296884	-0.15856749	62.96472790	8.46958330	0.74185294
12.89021155	75.42014058	0.01325906	75.50964751	-0.08950693	62.96019146	8.47201579	0.74163994
12.89392829	75.67671458	0.01321410	75.60531308	0.07140150	62.95567360	8.47444828	0.74142706
12.89764504	76.01374054	0.01315552	75.71894353	0.29479701	62.95117441	8.47688077	0.74121431
12.90136178	76.42679596	0.01308442	75.84888351	0.57791245	62.94669402	8.47931324	0.74100167
12.90507852	76.89865621	0.01300413	75.99302201	0.90563420	62.94223251	8.48174570	0.74078916
12.90879526	77.38153585	0.01292298	76.14831912	1.23321673	62.93779000	8.48417816	0.74057678
12.91251200	77.84136200	0.01284664	76.31262054	1.52874146	62.93336658	8.48661060	0.74036451
12.91622874	78.26011658	0.01277790	76.48181531	1.77830127	62.92896235	8.48904304	0.74015237
12.91994548	78.62250010	0.01271901	76.65174509	1.97075501	62.92457742	8.49147546	0.73994035
12.92366223	78.92796834	0.01266978	76.81871251	2.10925583	62.92021188	8.49390789	0.73972845
12.92737897	79.18623606	0.01262846	76.97841369	2.20782237	62.91586586	8.49634029	0.73951667
12.93109571	79.41370900	0.01259228	77.12693842	2.28677058	62.91153944	8.49877269	0.73930502
12.93481245	79.60965983	0.01256129	77.26103448	2.34862535	62.90723274	8.50120509	0.73909349
12.93852919	79.78635915	0.01253347	77.37830431	2.40805484	62.90294586	8.50363747	0.73888208
12.94224593	79.96315257	0.01250576	77.47734356	2.48580901	62.89867890	8.50606984	0.73867079
12.94596267	80.14167023	0.01247790	77.55770990	2.58396033	62.89443196	8.50850220	0.73845962
12.94967941	80.29193370	0.01245455	77.62003632	2.67189738	62.89020516	8.51093456	0.73824857
12.95339616	80.38359070	0.01244035	77.66567331	2.71791739	62.88599858	8.51336691	0.73803765
12.95711290	80.43294017	0.01243272	77.69588479	2.73705538	62.88181235	8.51579925	0.73782685
12.96082964	80.46245321	0.01242816	77.71398340	2.74846981	62.87764657	8.51823158	0.73761616
12.96454638	80.47798920	0.01242576	77.72148747	2.75650173	62.87350135	8.52066390	0.73740560
12.96826312	80.51323446	0.01242032	77.72038221	2.79285225	62.86937678	8.52309621	0.73719516
12.97197986	80.60883077	0.01240559	77.71243235	2.89639842	62.86527297	8.52552851	0.73698485
12.97569660	80.80110168	0.01237607	77.69893384	3.10216784	62.86119004	8.52796080	0.73677465
12.97941335	81.13474528	0.01232518	77.68101727	3.45372801	62.85712807	8.53039309	0.73656457
12.98313009	81.57635244	0.01225845	77.65935846	3.91699398	62.85308720	8.53282536	0.73635461
12.98684683	82.07662455	0.01218374	77.63449065	4.44213390	62.84906752	8.53525763	0.73614478
12.99056357	82.59184519	0.01210773	77.60651791	4.98532728	62.84506914	8.53768988	0.73593506
12.99428031	83.07505798	0.01203731	77.57557321	5.49948477	62.84109216	8.54012213	0.73572546
12.99799705	83.45860291	0.01198199	77.54151610	5.91708681	62.83713670	8.54255437	0.73551599
13.00171379	83.65087636	0.01195445	77.50432039	6.14655597	62.83320286	8.54498660	0.73530663
13.00543053	83.58067067	0.01196449	77.46384308	6.11682759	62.82929074	8.54741882	0.73509739
13.00914728	83.22164917	0.01201610	77.42024789	5.80140128	62.82540046	8.54985104	0.73488828
13.01286402	82.66472626	0.01209706	77.37364736	5.29107890	62.82153213	8.55228324	0.73467928
13.01658076	82.00503286	0.01219437	77.32447836	4.68055450	62.81768585	8.55471543	0.73447040
13.02029750	81.29317474	0.01230116	77.27325543	4.01991931	62.81386174	8.55714762	0.73426165
13.02401424	80.57229360	0.01241121	77.22085994	3.35143366	62.81005990	8.55957979	0.73405301
13.02773098	79.88868205	0.01251742	77.16812165	2.72056040	62.80628044	8.56201196	0.73384449
13.03144772	79.30484772	0.01260957	77.11610208	2.18874564	62.80252347	8.56444412	0.73363609
13.03516447	78.86116791	0.01268051	77.06585743	1.79531048	62.79878910	8.56687627	0.73342781
13.03888121	78.56482697	0.01272834	77.01862453	1.54620244	62.79507744	8.56930841	0.73321965
13.04259795	78.38390350	0.01275772	76.97541083	1.40849267	62.79138861	8.57174054	0.73301161
13.04631469	78.27777354	0.01277502	76.93723524	1.34053830	62.78772271	8.57417266	0.73280368
13.05003143	78.22990163	0.01278284	76.90468872	1.32521291	62.78407985	8.57660477	0.73259588
13.05374817	78.20826467	0.01278637	76.87930736	1.32895731	62.78046014	8.57903688	0.73238819
13.05746491	78.17251333	0.01279222	76.86142788	1.31108545	62.77686370	8.58146897	0.73218062
13.06118166	78.12102509	0.01280065	76.85163174	1.26939335	62.77329062	8.58390106	0.73197317
13.06489840	78.06056722	0.01281057	76.85045131	1.21011591	62.76974104	8.58633314	0.73176584
13.06861514	77.95735931	0.01282753	76.85836970	1.09898961	62.76621506	8.58876521	0.73155863
13.07233188	77.79999034	0.01285347	76.87587149	0.92411885	62.76271279	8.59119727	0.73135153
13.07604862	77.61287689	0.01288446	76.90333093	0.70954596	62.75923434	8.59362931	0.73114456
13.07976536	77.40862274	0.01291846	76.94123237	0.46739037	62.75577982	8.59606135	0.73093770
13.08348210	77.21615601	0.01295066	76.99006396	0.22609205	62.75234935	8.59849339	0.73073096
13.08719884	77.06845856	0.01297548	77.05035315	0.01810541	62.74894305	8.60092541	0.73052433
13.09091559	76.96095022	0.01299360	77.12251821	-0.16156799	62.74556100	8.60335743	0.73031783
13.09463233	76.86871847	0.01300919	77.20702311	-0.33830464	62.74220336	8.60578943	0.73011144
13.09834907	76.79980977	0.01302087	77.30417750	-0.50436773	62.73887021	8.60822143	0.72990517
13.10206581	76.79117839	0.01302233	77.41420962	-0.62303123	62.73556168	8.61065341	0.72969901
13.10578255	76.85884094	0.01301086	77.53708342	-0.67824248	62.73227787	8.61308539	0.72949298
13.10949929	76.98858897	0.01298894	77.67260928	-0.68402031	62.72901890	8.61551736	0.72928706
13.11321603	77.17778524	0.01295710	77.82028004	-0.64249480	62.72578489	8.61794931	0.72908126
13.11693278	77.42906443	0.01291505	77.97935527	-0.55029084	62.72257595	8.62038127	0.72887557
13.12064952	77.72200521	0.01286637	78.14883448	-0.42682927	62.71939219	8.62281321	0.72867000
13.12436626	78.05212911	0.01281195	78.32750705	-0.27537794	62.71623374	8.62524514	0.72846455
13.12808300	78.42577871	0.01275091	78.51390651	-0.08812780	62.71310070	8.62767706	0.72825921
13.13179974	78.83036041	0.01268547	78.70649134	0.12386907	62.70999319	8.63010898	0.72805399
13.13551648	79.26290385	0.01261624	78.90364873	0.35925512	62.70691133	8.63254088	0.72784889
13.13923322	79.69885763	0.01254723	79.10381140	0.59504623	62.70385523	8.63497278	0.72764390
13.14294996	80.12048086	0.01248120	79.30550157	0.81497929	62.70082500	8.63740466	0.72743903
13.14666671	80.51143138	0.01242060	79.50740259	1.00402879	62.69782077	8.63983655	0.72723428
13.15038345	80.88050079	0.01236392	79.70849953	1.17200126	62.69484265	8.64226841	0.72702964
13.15410019	81.19310252	0.01231632	79.90801513	1.28508739	62.69189076	8.64470027	0.72682512
13.15781693	81.40261841	0.01228462	80.10556154	1.29705687	62.68896522	8.64713212	0.72662071
13.16153367	81.49260457	0.01227105	80.30102784	1.19157673	62.68606613	8.64956396	0.72641642
13.16525041	81.45374807	0.01227691	80.49457418	0.95917389	62.68319363	8.65199579	0.72621225
13.16896715	81.30609385	0.01229920	80.68661741	0.61947644	62.68034782	8.65442762	0.72600819
13.17268390	81.10983276	0.01232896	80.87775167	0.23208109	62.67752882	8.65685944	0.72580424
13.17640064	80.91679891	0.01235837	81.06863241	-0.15183350	62.67473676	8.65929124	0.72560041
13.18011738	80.76393636	0.01238176	81.25985000	-0.49591364	62.67197175	8.66172303	0.72539670
13.18383412	80.72261047	0.01238810	81.45189612	-0.72928565	62.66923391	8.66415482	0.72519310
13.18755086	80.87074788	0.01236541	81.64509308	-0.77434520	62.66652336	8.66658660	0.72498962
13.19126760	81.23186493	0.01231044	81.83950143	-0.60763650	62.66384022	8.66901837	0.72478625
13.19498434	81.80431875	0.01222429	82.03475615	-0.23043740	62.66118460	8.67145012	0.72458300
13.19870108	82.54641724	0.01211440	82.23027512	0.31614212	62.65855663	8.67388187	0.72437986
13.20241783	83.39484914	0.01199115	82.42513177	0.96971737	62.65595641	8.67631362	0.72417683
13.20613457	84.24873098	0.01186961	82.61812474	1.63060624	62.65338409	8.67874535	0.72397392
13.20985131	85.02116648	0.01176178	82.80767659	2.21348989	62.65083977	8.68117707	0.72377113
13.21356805	85.66056061	0.01167398	82.99218347	2.66837714	62.64832358	8.68360879	0.72356845
13.21728479	86.10098267	0.01161427	83.16988846	2.93109421	62.64583564	8.68604049	0.72336588
13.22100153	86.33405558	0.01158291	83.33899723	2.99505835	62.64337606	8.68847218	0.72316343
13.22471827	86.41311646	0.01157232	83.49769147	2.91542499	62.64094497	8.69090387	0.72296109
13.22843502	86.39028422	0.01157538	83.64429225	2.74599197	62.63854248	8.69333555	0.72275886
13.23215176	86.29256439	0.01158848	83.77724190	2.51532249	62.63616873	8.69576722	0.72255675
13.23586850	86.17949931	0.01160369	83.89518462	2.28431469	62.63382382	8.69819888	0.72235475
13.23958524	86.10264587	0.01161404	83.99678535	2.10586052	62.63150790	8.70063053	0.72215287
13.24330198	86.04935201	0.01162124	84.08100364	1.96834837	62.62922107	8.70306217	0.72195110
13.24701872	85.98771413	0.01162957	84.14693698	1.84077715	62.62696345	8.70549380	0.72174944
13.25073546	85.90674082	0.01164053	84.19392056	1.71282026	62.62473518	8.70792542	0.72154790
13.25445220	85.83482107	0.01165028	84.22131166	1.61350941	62.62253637	8.71035703	0.72134647
13.25816895	85.79779816	0.01165531	84.22876913	1.56902903	62.62036714	8.71278864	0.72114515
13.26188569	85.75680288	0.01166088	84.21613372	1.54066916	62.61822763	8.71522023	0.72094395
13.26560243	85.67337290	0.01167224	84.18350276	1.48987014	62.61611795	8.71765182	0.72074286
13.26931917	85.54053752	0.01169036	84.13112973	1.40940779	62.61403822	8.72008339	0.72054188
13.27303591	85.32877604	0.01171938	84.05960802	1.26916802	62.61198858	8.72251496	0.72034102
13.27675265	85.00218709	0.01176440	83.96980669	1.03238040	62.60996914	8.72494652	0.72014027
13.28046939	84.53342183	0.01182964	83.86290377	0.67051806	62.60798003	8.72737807	0.71993963
13.28418614	83.91362508	0.01191702	83.74029232	0.17333276	62.60602137	8.72980961	0.71973910
13.28790288	83.16941071	0.01202365	83.60367808	-0.43426737	62.60409329	8.73224114	0.71953868
13.29161962	82.34865824	0.01214349	83.45489311	-1.10623487	62.60219591	8.73467266	0.71933838
13.29533636	81.48615519	0.01227202	83.29601295	-1.80985776	62.60032937	8.73710417	0.71913819
13.29905310	80.63777924	0.01240114	83.12903874	-2.49125950	62.59849378	8.73953567	0.71893812
13.30276984	79.86264547	0.01252150	82.95599887	-3.09335340	62.59668926	8.74196717	0.71873815
13.30648658	79.21389262	0.01262405	82.77873173	-3.56483911	62.59491595	8.74439865	0.71853830
13.31020333	78.74452718	0.01269930	82.59900920	-3.85448202	62.59317397	8.74683013	0.71833855
13.31392007	78.47154999	0.01274347	82.41818042	-3.94663043	62.59146346	8.74926160	0.71813892
13.31763681	78.42601013	0.01275087	82.23742093	-3.81141080	62.58978452	8.75169305	0.71793941
13.32135355	78.60390981	0.01272201	82.05748422	-3.45357441	62.58813730	8.75412450	0.71774000
13.32507029	78.97846476	0.01266168	81.87899140	-2.90052664	62.58652192	8.75655594	0.71754070
13.32878703	79.45801799	0.01258526	81.70214251	-2.24412452	62.58493850	8.75898737	0.71734152
13.33250377	79.96850586	0.01250492	81.52706309	-1.55855723	62.58338718	8.76141879	0.71714245
13.33622051	80.48351288	0.01242490	81.35357855	-0.87006567	62.58186807	8.76385020	0.71694349
13.33993726	80.95189667	0.01235302	81.18167846	-0.22978179	62.58038132	8.76628160	0.71674463
13.34365400	81.28843180	0.01230187	81.01110507	0.27732673	62.57892704	8.76871300	0.71654590
13.34737074	81.43106842	0.01228033	80.84183016	0.58923826	62.57750537	8.77114438	0.71634727
13.35108748	81.40517680	0.01228423	80.67378222	0.73139458	62.57611643	8.77357575	0.71614875
13.35480422	81.22921244	0.01231084	80.50712761	0.72208483	62.57476036	8.77600711	0.71595034
13.35852096	80.94977061	0.01235334	80.34208905	0.60768156	62.57343728	8.77843847	0.71575205
13.36223770	80.63260396	0.01240193	80.17912468	0.45347928	62.57214732	8.78086981	0.71555386
13.36595445	80.32257589	0.01244980	80.01870353	0.30387236	62.57089061	8.78330116	0.71535579
13.36967119	80.03666687	0.01249427	79.86151107	0.17515580	62.56966729	8.78573248	0.71515782
13.37338793	79.77821096	0.01253475	79.70828624	0.06992472	62.56847747	8.78816380	0.71495997
13.37710467	79.55237325	0.01257034	79.55993662	-0.00756337	62.56732130	8.79059511	0.71476222
13.38082141	79.35680135	0.01260131	79.41730136	-0.06050001	62.56619890	8.79302641	0.71456459
13.38453815	79.15417226	0.01263357	79.28136627	-0.12719401	62.56511040	8.79545770	0.71436707
13.38825489	78.92462413	0.01267032	79.15313764	-0.22851351	62.56405593	8.79788898	0.71416965
13.39197163	78.69876607	0.01270668	79.03370949	-0.33494342	62.56303563	8.80032025	0.71397235
13.39568838	78.52125804	0.01273540	78.92411762	-0.40285958	62.56204963	8.80275152	0.71377515
13.39940512	78.39686839	0.01275561	78.82542861	-0.42856022	62.56109805	8.80518277	0.71357807
13.40312186	78.28669739	0.01277356	78.73875845	-0.45206106	62.56018104	8.80761402	0.71338109
13.40683860	78.18750509	0.01278977	78.66526800	-0.47776291	62.55929872	8.81004525	0.71318423
13.41055534	78.11044820	0.01280238	78.60603230	-0.49558410	62.55845122	8.81247648	0.71298747
13.41427208	78.02359263	0.01281664	78.56209886	-0.53850623	62.55763868	8.81490769	0.71279082
13.41798882	77.91854604	0.01283392	78.53454938	-0.61600334	62.55686122	8.81733890	0.71259428
13.42170557	77.79492696	0.01285431	78.52440524	-0.72947828	62.55611899	8.81977010	0.71239786
13.42542231	77.64031728	0.01287991	78.53262495	-0.89230767	62.55541212	8.82220129	0.71220154
13.42913905	77.47972361	0.01290660	78.56001420	-1.08029059	62.55474074	8.82463247	0.71200532
13.43285579	77.34722137	0.01292871	78.60732740	-1.26010603	62.55410498	8.82706364	0.71180922
13.43657253	77.25111135	0.01294480	78.67521636	-1.42410501	62.55350498	8.82949480	0.71161323
13.44028927	77.20460765	0.01295259	78.76412861	-1.55952096	62.55294087	8.83192595	0.71141734
13.44400601	77.23293813	0.01294784	78.87425710	-1.64131897	62.55241278	8.83435709	0.71122157
13.44772275	77.32159170	0.01293300	79.00569997	-1.68410827	62.55192086	8.83678823	0.71102590
13.45143950	77.44386800	0.01291258	79.15828034	-1.71441234	62.55146523	8.83921935	0.71083034
13.45515624	77.61894226	0.01288345	79.33152706	-1.71258480	62.55104603	8.84165047	0.71063489
13.45887298	77.86695862	0.01284242	79.52467951	-1.65772089	62.55066340	8.84408157	0.71043955
13.46258972	78.17785645	0.01279135	79.73639326	-1.55853681	62.55031748	8.84651267	0.71024431
13.46630646	78.55879974	0.01272932	79.96576572	-1.40696598	62.55000839	8.84894375	0.71004919
13.47002320	79.03083801	0.01265329	80.21138204	-1.18054403	62.54973627	8.85137483	0.70985417
13.47373994	79.59047190	0.01256432	80.47096182	-0.88048992	62.54950126	8.85380590	0.70965926
13.47745669	80.23558553	0.01246330	80.74232924	-0.50674371	62.54930351	8.85623696	0.70946445
13.48117343	80.94244385	0.01235446	81.02290171	-0.08045786	62.54914313	8.85866801	0.70926976
13.48489017	81.64946747	0.01224748	81.30986753	0.33959994	62.54902028	8.86109905	0.70907517
13.48860691	82.33453369	0.01214557	81.60007247	0.73446122	62.54893508	8.86353008	0.70888069
13.49232365	83.01245880	0.01204638	81.89026051	1.12219829	62.54888768	8.86596110	0.70868632
13.49604039	83.67365011	0.01195119	82.17643832	1.49721179	62.54887821	8.86839211	0.70849205
13.49975713	84.26122030	0.01186786	82.45553352	1.80568678	62.54890681	8.87082311	0.70829789
13.50347387	84.77697754	0.01179566	82.72315952	2.05381802	62.54897363	8.87325411	0.70810384
13.50719062	85.26821899	0.01172770	82.97525621	2.29296278	62.54907879	8.87568510	0.70790990
13.51090736	85.71703593	0.01166629	83.20752139	2.50951454	62.54922243	8.87811607	0.70771606
13.51462410	86.05198161	0.01162088	83.41574377	2.63623784	62.54940471	8.88054703	0.70752233
13.51834084	86.25266012	0.01159385	83.59582217	2.65683795	62.54962575	8.88297799	0.70732870
13.52205758	86.33501434	0.01158279	83.74407116	2.59094318	62.54988569	8.88540894	0.70713519
13.52577432	86.30932109	0.01158623	83.85740379	2.45191730	62.55018467	8.88783987	0.70694178
13.52949106	86.15274556	0.01160729	83.93359389	2.21915167	62.55052284	8.89027080	0.70674847
13.53320781	85.83074443	0.01165084	83.97157512	1.85916931	62.55090034	8.89270172	0.70655527
13.53692455	85.34637960	0.01171696	83.97151490	1.37486470	62.55131729	8.89513263	0.70636218
13.54064129	84.76160685	0.01179779	83.93499929	0.82660756	62.55177386	8.89756353	0.70616920
13.54435803	84.13875834	0.01188513	83.86476826	0.27399008	62.55227016	8.89999442	0.70597632
13.54807477	83.47469330	0.01197968	83.76474292	-0.29004962	62.55280636	8.90242530	0.70578355
13.55179151	82.78712718	0.01207917	83.63943544	-0.85230826	62.55338258	8.90485617	0.70559088
13.55550825	82.11796824	0.01217760	83.49402368	-1.37605544	62.55399897	8.90728703	0.70539832
13.55922500	81.48721059	0.01227186	83.33371628	-1.84650569	62.55465567	8.90971789	0.70520586
13.56294174	80.92435455	0.01235722	83.16380541	-2.23945086	62.55535283	8.91214874	0.70501352
13.56665848	80.45325979	0.01242958	82.98908430	-2.53582451	62.55609058	8.91457957	0.70482127
13.57037522	80.04357656	0.01249319	82.81421286	-2.77063630	62.55686907	8.91701039	0.70462913
13.57409196	79.66456095	0.01255263	82.64325915	-2.97869820	62.55768844	8.91944121	0.70443710
13.57780870	79.35851796	0.01260104	82.47991694	-3.12139898	62.55854884	8.92187201	0.70424517
13.58152544	79.15775045	0.01263300	82.32719778	-3.16944733	62.55945040	8.92430281	0.70405335
13.58524218	79.06242879	0.01264823	82.18783205	-3.12540326	62.56039327	8.92673360	0.70386164
13.58895893	79.04129028	0.01265162	82.06402939	-3.02273911	62.56137760	8.92916438	0.70367002
13.59267567	79.08374532	0.01264482	81.95727172	-2.87352640	62.56240352	8.93159515	0.70347852
13.59639241	79.17863464	0.01262967	81.86954832	-2.69091368	62.56347119	8.93402591	0.70328712
13.60010915	79.27247620	0.01261472	81.80166669	-2.52919049	62.56458075	8.93645666	0.70309582
13.60382589	79.34805806	0.01260270	81.75437514	-2.40631708	62.56573233	8.93888740	0.70290463
13.60754263	79.43352000	0.01258914	81.72811136	-2.29459136	62.56692609	8.94131813	0.70271354
13.61125937	79.52231598	0.01257509	81.72315092	-2.20083494	62.56816217	8.94374885	0.70252256
13.61497612	79.60363770	0.01256224	81.73948648	-2.13584878	62.56944073	8.94617957	0.70233168
13.61869286	79.71852366	0.01254414	81.77704953	-2.05852587	62.57076189	8.94861027	0.70214090
13.62240960	79.89551799	0.01251635	81.83548164	-1.93996365	62.57212581	8.95104096	0.70195024
13.62612634	80.12990824	0.01247973	81.91444916	-1.78454092	62.57353264	8.95347164	0.70175967
13.62984308	80.43575541	0.01243228	82.01343888	-1.57768347	62.57498251	8.95590232	0.70156921
13.63355982	80.82633464	0.01237221	82.13193239	-1.30559775	62.57647559	8.95833298	0.70137885
13.63727656	81.25447083	0.01230702	82.26924602	-1.01477519	62.57801201	8.96076364	0.70118860
13.64099330	81.68111165	0.01224273	82.42480719	-0.74369554	62.57959191	8.96319428	0.70099845
13.64471005	82.08498128	0.01218250	82.59788204	-0.51290076	62.58121547	8.96562493	0.70080841
13.64842679	82.44314830	0.01212957	82.78769695	-0.34454865	62.58288280	8.96805555	0.70061846
13.65214353	82.76098633	0.01208299	82.99343033	-0.23244400	62.58459407	8.97048617	0.70042863
13.65586027	83.03258006	0.01204347	83.21407991	-0.18149985	62.58634942	8.97291678	0.70023889
13.65957701	83.21990458	0.01201636	83.44905567	-0.22915109	62.58814900	8.97534738	0.70004926
13.66329375	83.32958221	0.01200054	83.69702000	-0.36743779	62.58999296	8.97777796	0.69985974
13.66701049	83.43427785	0.01198548	83.95671446	-0.52243661	62.59188145	8.98020854	0.69967031
13.67072724	83.57343547	0.01196552	84.22691737	-0.65348190	62.59381462	8.98263912	0.69948099
13.67444398	83.74570465	0.01194091	84.50593735	-0.76023270	62.59579262	8.98506968	0.69929177
13.67816072	83.92760213	0.01191503	84.79193864	-0.86433651	62.59781558	8.98750023	0.69910266
13.68187746	84.05986786	0.01189628	85.08283598	-1.02296812	62.59988368	8.98993077	0.69891365
13.68559420	84.10118103	0.01189044	85.37649614	-1.27531511	62.60199704	8.99236131	0.69872474
13.68931094	84.05421956	0.01189708	85.67012256	-1.61590300	62.60415584	8.99479183	0.69853593
13.69302768	83.90464783	0.01191829	85.96064428	-2.05599645	62.60636021	8.99722234	0.69834723
13.69674442	83.66016134	0.01195312	86.24459526	-2.58443392	62.60861031	8.99965285	0.69815863
13.70046117	83.32608032	0.01200104	86.51831600	-3.19223568	62.61090629	9.00208335	0.69797013
13.70417791	82.96524556	0.01205324	86.77743952	-3.81219396	62.61324829	9.00451383	0.69778174
13.70789465	82.63155874	0.01210191	87.01739156	-4.38583282	62.61563648	9.00694431	0.69759344
13.71161139	82.36768595	0.01214068	87.23352064	-4.86583469	62.61807100	9.00937477	0.69740525
13.71532813	82.23738352	0.01215992	87.42145768	-5.18407416	62.62055200	9.01180523	0.69721717
13.71904487	82.27172852	0.01215484	87.57706831	-5.30533979	62.62307964	9.01423568	0.69702918
13.72276161	82.47072347	0.01212552	87.69707154	-5.22634807	62.62565406	9.01666611	0.69684130
13.72647836	82.81387075	0.01207527	87.77933264	-4.96546189	62.62827544	9.01909655	0.69665351
13.73019510	83.29547882	0.01200545	87.82316726	-4.52768844	62.63094390	9.02152697	0.69646583
13.73391184	83.87873586	0.01192197	87.82909374	-3.95035788	62.63365962	9.02395738	0.69627826
13.73762858	84.52533976	0.01183077	87.79881500	-3.27347524	62.63642273	9.02638778	0.69609078
13.74134532	85.19757589	0.01173742	87.73519725	-2.53762136	62.63923340	9.02881817	0.69590341
13.74506206	85.87388611	0.01164498	87.64184548	-1.76795937	62.64209178	9.03124855	0.69571613
13.74877880	86.51804352	0.01155828	87.52239744	-1.00435392	62.64499802	9.03367892	0.69552896
13.75249554	87.07685343	0.01148411	87.38055520	-0.30370177	62.64795228	9.03610928	0.69534189
13.75621229	87.54550425	0.01142263	87.21991166	0.32559259	62.65095472	9.03853964	0.69515492
13.75992903	87.92927043	0.01137278	87.04377446	0.88549597	62.65400548	9.04096998	0.69496805
13.76364577	88.16147614	0.01134282	86.85470360	1.30677254	62.65710472	9.04340031	0.69478129
13.76736251	88.14674123	0.01134472	86.65500463	1.49173660	62.66025260	9.04583064	0.69459462
13.77107925	87.86746216	0.01138078	86.44674425	1.42071791	62.66344927	9.04826095	0.69440806
13.77479599	87.33161163	0.01145061	86.23175538	1.09985625	62.66669489	9.05069125	0.69422159
13.77851273	86.59090678	0.01154856	86.01138668	0.57952010	62.66998962	9.05312155	0.69403523
13.78222948	85.68048096	0.01167127	85.78702516	-0.10654420	62.67333362	9.05555184	0.69384897
13.78594622	84.62583415	0.01181672	85.56002176	-0.93418761	62.67672703	9.05798212	0.69366281
13.78966296	83.51854960	0.01197339	85.33164450	-1.81309490	62.68017001	9.06041238	0.69347675
13.79337970	82.45413717	0.01212795	85.10293106	-2.64879389	62.68366273	9.06284264	0.69329079
13.79709644	81.51097870	0.01226829	84.87491131	-3.36393261	62.68720534	9.06527289	0.69310493
13.80081318	80.74718730	0.01238433	84.64858089	-3.90139359	62.69079800	9.06770313	0.69291917
13.80452992	80.18154653	0.01247170	84.42471952	-4.24317299	62.69444086	9.07013335	0.69273351
13.80824666	79.82970937	0.01252666	84.20377680	-4.37406743	62.69813409	9.07256357	0.69254795
13.81196341	79.68933105	0.01254873	83.98611567	-4.29678462	62.70187785	9.07499379	0.69236249
13.81568015	79.74005890	0.01254075	83.77185763	-4.03179873	62.70567228	9.07742399	0.69217713
13.81939689	79.94226329	0.01250903	83.56086410	-3.61860081	62.70951755	9.07985418	0.69199187
13.82311363	80.27388000	0.01245735	83.35163678	-3.07775678	62.71341382	9.08228436	0.69180672
13.82683037	80.68473562	0.01239392	83.14550798	-2.46077236	62.71736125	9.08471453	0.69162166
13.83054711	81.13819631	0.01232465	82.94074978	-1.80255347	62.72136000	9.08714469	0.69143670
13.83426385	81.59700775	0.01225535	82.73634024	-1.13933249	62.72541022	9.08957484	0.69125184
13.83798060	82.01116943	0.01219346	82.53116422	-0.51999479	62.72951210	9.09200499	0.69106708
13.84169734	82.32573700	0.01214687	82.32414144	0.00159556	62.73366577	9.09443512	0.69088242
13.84541408	82.51915995	0.01211840	82.11435943	0.40480052	62.73787139	9.09686525	0.69069785
13.84913082	82.59953054	0.01210661	81.90083696	0.69869358	62.74212913	9.09929536	0.69051339
13.85284756	82.54490407	0.01211462	81.68280678	0.86209729	62.74643916	9.10172547	0.69032903
13.85656430	82.34646606	0.01214381	81.45975904	0.88670702	62.75080163	9.10415556	0.69014477
13.86028104	81.99185944	0.01219633	81.23153572	0.76032372	62.75521671	9.10658564	0.68996060
13.86399779	81.51188405	0.01226815	80.99807563	0.51380842	62.75968456	9.10901573	0.68977654
13.86771453	80.92659251	0.01235688	80.75961978	0.16697273	62.76420533	9.11144579	0.68959257
13.87143127	80.26775614	0.01245830	80.51558289	-0.24782675	62.76877919	9.11387585	0.68940870
13.87514801	79.59996287	0.01256282	80.26894790	-0.66898503	62.77340631	9.11630589	0.68922493
13.87886475	78.96613566	0.01266366	80.01942729	-1.05329163	62.77808685	9.11873593	0.68904126
13.88258149	78.41174825	0.01275319	79.76793901	-1.35619076	62.78282096	9.12116596	0.68885769
13.88629823	77.99693298	0.01282102	79.51552794	-1.51859496	62.78760882	9.12359598	0.68867422
13.89001497	77.73019918	0.01286501	79.26325011	-1.53305093	62.79245059	9.12602598	0.68849084
13.89373172	77.56926473	0.01289170	79.01208136	-1.44281663	62.79734644	9.12845599	0.68830756
13.89744846	77.50563558	0.01290229	78.76291782	-1.25728224	62.80229651	9.13088598	0.68812439
13.90116520	77.50480652	0.01290243	78.51671391	-1.01190739	62.80730099	9.13331596	0.68794131
13.90488194	77.47206116	0.01290788	78.27428157	-0.80222041	62.81236003	9.13574593	0.68775832
13.90859868	77.37241618	0.01292450	78.03639203	-0.66397585	62.81747380	9.13817589	0.68757544
13.91231542	77.22864532	0.01294856	77.80372151	-0.57507619	62.82264247	9.14060584	0.68739265
13.91603216	77.00765483	0.01298572	77.57699761	-0.56934278	62.82786619	9.14303578	0.68720997
13.91974891	76.66815440	0.01304323	77.35681675	-0.68866235	62.83314516	9.14546572	0.68702738
13.92346565	76.28500112	0.01310874	77.14376940	-0.85876828	62.83847951	9.14789564	0.68684488
13.92718239	75.94769033	0.01316696	76.93789290	-0.99020257	62.84386941	9.15032555	0.68666249
13.93089913	75.67829132	0.01321383	76.74064512	-1.06235380	62.84931504	9.15275545	0.68648019
13.93461587	75.43493144	0.01325646	76.55189976	-1.11696832	62.85481656	9.15518535	0.68629799
13.93833261	75.22273254	0.01329385	76.37198783	-1.14925529	62.86037415	9.15761523	0.68611589
13.94204935	75.10353597	0.01331495	76.20108183	-1.09754586	62.86598796	9.16004510	0.68593388
13.94576609	75.07898966	0.01331931	76.03930461	-0.96031495	62.87165816	9.16247497	0.68575198
13.94948284	75.10189565	0.01331524	75.88664667	-0.78475102	62.87738494	9.16490483	0.68557016
13.95319958	75.17689006	0.01330196	75.74294747	-0.56605741	62.88316843	9.16733467	0.68538845
13.95691632	75.30347951	0.01327960	75.60795276	-0.30447325	62.88900883	9.16976451	0.68520683
13.96063306	75.45327504	0.01325324	75.48137015	-0.02809511	62.89490629	9.17219433	0.68502531
13.96434980	75.59697469	0.01322804	75.36277835	0.23419634	62.90086098	9.17462415	0.68484389
13.96806654	75.72088623	0.01320640	75.25167939	0.46920684	62.90687308	9.17705395	0.68466257
13.97178328	75.82574463	0.01318813	75.14754576	0.67819887	62.91294276	9.17948375	0.68448134
13.97550003	75.92058563	0.01317166	75.04988171	0.87070392	62.91907019	9.18191354	0.68430020
13.97921677	75.96787516	0.01316346	74.95812358	1.00975158	62.92525553	9.18434332	0.68411917
13.98293351	75.94169617	0.01316800	74.87173209	1.06996408	62.93149894	9.18677309	0.68393823
13.98665025	75.87269084	0.01317997	74.79023553	1.08245531	62.93780061	9.18920284	0.68375738
13.99036699	75.74702962	0.01320184	74.71321386	1.03381576	62.94416071	9.19163259	0.68357664
13.99408373	75.57185364	0.01323244	74.64025844	0.93159520	62.95057940	9.19406233	0.68339599
13.99780047	75.40392303	0.01326191	74.57102865	0.83289438	62.95705686	9.19649206	0.68321543
14.00151721	75.26784261	0.01328589	74.50527955	0.76256306	62.96359325	9.19892178	0.68303498
14.00523396	75.13155365	0.01330999	74.44281427	0.68873938	62.97018877	9.20135149	0.68285461
14.00895070	74.97298686	0.01333814	74.38346713	0.58951973	62.97684356	9.20378119	0.68267435
14.01266744	74.81186422	0.01336686	74.32662046	0.48524376	62.98355780	9.20621088	0.68249418
14.01638418	74.67299398	0.01339172	74.27323708	0.39975690	62.99033167	9.20864056	0.68231410
14.02010092	74.53743998	0.01341608	74.22277658	0.31466340	62.99716534	9.21107023	0.68213412
14.02381766	74.40529378	0.01343990	74.17487337	0.23042041	63.00405898	9.21349990	0.68195424
14.02753440	74.31599681	0.01345605	74.13028975	0.18570706	63.01101276	9.21592955	0.68177445
14.03125115	74.26679738	0.01346497	74.08867740	0.17811998	63.01802689	9.21835920	0.68159476
14.03496789	74.25155640	0.01346773	74.05004998	0.20150642	63.02510148	9.22078883	0.68141516
14.03868463	74.27086639	0.01346423	74.01448283	0.25638356	63.03223675	9.22321845	0.68123566
14.04240137	74.30981445	0.01345717	73.98193671	0.32787774	63.03943285	9.22564806	0.68105625
14.04611811	74.37303670	0.01344573	73.95246893	0.42056777	63.04668997	9.22807766	0.68087694
14.04983485	74.45427704	0.01343106	73.92606551	0.52821153	63.05400828	9.23050726	0.68069773
14.05355159	74.51265208	0.01342054	73.90282705	0.60982503	63.06138795	9.23293684	0.68051861
14.05726833	74.54331207	0.01341502	73.88273016	0.66058191	63.06882917	9.23536641	0.68033958
14.06098508	74.56420390	0.01341126	73.86589493	0.69830897	63.07633212	9.23779598	0.68016065
14.06470182	74.57941945	0.01340852	73.85242212	0.72699733	63.08389695	9.24022554	0.67998181
14.06841856	74.57469686	0.01340937	73.84251639	0.73218047	63.09152384	9.24265508	0.67980307
14.07213530	74.51175435	0.01342070	73.83636218	0.67539217	63.09921298	9.24508462	0.67962442
14.07585204	74.40388489	0.01344016	73.83425567	0.56962922	63.10696453	9.24751414	0.67944587
14.07956878	74.30332438	0.01345835	73.83650643	0.46681795	63.11477869	9.24994366	0.67926741
14.08328552	74.20121257	0.01347687	73.84348592	0.35772665	63.12265562	9.25237316	0.67908905
14.08700227	74.07815297	0.01349926	73.85555304	0.22259993	63.13059553	9.25480267	0.67891078
14.09071901	73.95694224	0.01352138	73.87311479	0.08382745	63.13859854	9.25723215	0.67873261
14.09443575	73.86898549	0.01353748	73.89657149	-0.02758600	63.14666486	9.25966163	0.67855453
14.09815249	73.82502747	0.01354554	73.92626280	-0.10123533	63.15479467	9.26209109	0.67837654
14.10186923	73.81499227	0.01354738	73.96251087	-0.14751860	63.16298814	9.26452055	0.67819865
14.10558597	73.84398651	0.01354206	74.00559889	-0.16161238	63.17124546	9.26695000	0.67802085
14.10930271	73.92579142	0.01352708	74.05576397	-0.12997255	63.17956680	9.26937944	0.67784314
14.11301946	74.05843608	0.01350285	74.11307382	-0.05463774	63.18795236	9.27180887	0.67766553
14.11673620	74.21343486	0.01347465	74.17760591	0.03582895	63.19640229	9.27423829	0.67748802
14.12045294	74.39923604	0.01344100	74.24926774	0.14996830	63.20491677	9.27666770	0.67731059
14.12416968	74.62986755	0.01339946	74.32772516	0.30214239	63.21349600	9.27909709	0.67713326
14.12788642	74.89800517	0.01335149	74.41304344	0.48496173	63.22214014	9.28152648	0.67695603
14.13160316	75.17166392	0.01330288	74.50463314	0.66703078	63.23084939	9.28395586	0.67677889
14.13531990	75.43037160	0.01325726	74.60192053	0.82845107	63.23962392	9.28638523	0.67660184
14.13903664	75.69719442	0.01321053	74.70426844	0.99292598	63.24846392	9.28881459	0.67642488
14.14275339	76.01430257	0.01315542	74.81080822	1.20349435	63.25736958	9.29124395	0.67624802
14.14647013	76.36916860	0.01309429	74.92065116	1.44851744	63.26634105	9.29367328	0.67607125
14.15018687	76.72044118	0.01303434	75.03272843	1.68771275	63.27537853	9.29610261	0.67589457
14.15390361	77.03397624	0.01298128	75.14594300	1.88803324	63.28448219	9.29853193	0.67571799
14.15762035	77.31273142	0.01293448	75.25904948	2.05368194	63.29365224	9.30096125	0.67554150
14.16133709	77.58000183	0.01288992	75.37084084	2.20916099	63.30288883	9.30339055	0.67536510
14.16505383	77.83867900	0.01284708	75.48001668	2.35866232	63.31219217	9.30581984	0.67518880
14.16877058	78.05912781	0.01281080	75.58538404	2.47374377	63.32156246	9.30824912	0.67501259
14.17248732	78.21033986	0.01278603	75.68571446	2.52462540	63.33099982	9.31067840	0.67483647
14.17620406	78.29970551	0.01277144	75.77995667	2.51974884	63.34050448	9.31310766	0.67466044
14.17992080	78.33097076	0.01276634	75.86710356	2.46386720	63.35007660	9.31553691	0.67448451
14.18363754	78.31855265	0.01276837	75.94635618	2.37219647	63.35971639	9.31796615	0.67430866
14.18735428	78.26402537	0.01277726	76.01706808	2.24695729	63.36942402	9.32039538	0.67413291
14.19107102	78.17193858	0.01279231	76.07883096	2.09310762	63.37919968	9.32282460	0.67395726
14.19478776	78.04140472	0.01281371	76.13142045	1.90998427	63.38904355	9.32525382	0.67378169
14.19850451	77.87120819	0.01284172	76.17441221	1.69679598	63.39895584	9.32768303	0.67360622
14.20222125	77.66900126	0.01287515	76.20890531	1.46009595	63.40893669	9.33011222	0.67343084
14.20593799	77.47201284	0.01290789	76.23489668	1.23711616	63.41898631	9.33254140	0.67325555
14.20965473	77.30325826	0.01293607	76.25303996	1.05021830	63.42910489	9.33497057	0.67308035
14.21337147	77.14800771	0.01296210	76.26405071	0.88395700	63.43929260	9.33739974	0.67290525
14.21708821	77.00815328	0.01298564	76.26886150	0.73929178	63.44954965	9.33982889	0.67273024
14.22080495	76.90145365	0.01300366	76.26840530	0.63304835	63.45987621	9.34225804	0.67255532
14.22452170	76.80970510	0.01301919	76.26373046	0.54597464	63.47027250	9.34468718	0.67238049
14.22823844	76.72502136	0.01303356	76.25579005	0.46923131	63.48073866	9.34711630	0.67220575
14.23195518	76.65736898	0.01304506	76.24563644	0.41173254	63.49127489	9.34954541	0.67203110
14.23567192	76.55751292	0.01306208	76.23420830	0.32330462	63.50188139	9.35197452	0.67185655
14.23938866	76.39707438	0.01308951	76.22246373	0.17461065	63.51255835	9.35440361	0.67168208
14.24310540	76.21641032	0.01312053	76.21120000	0.00521032	63.52330595	9.35683270	0.67150771
14.24682214	76.01569112	0.01315518	76.20129415	-0.18560303	63.53412438	9.35926177	0.67133343
14.25053888	75.80118052	0.01319241	76.19346613	-0.39228561	63.54501383	9.36169084	0.67115924
14.25425563	75.60100810	0.01322734	76.18846630	-0.58745820	63.55597452	9.36411990	0.67098514
14.25797237	75.41328430	0.01326026	76.18688779	-0.77360349	63.56700658	9.36654894	0.67081113
14.26168911	75.26092021	0.01328711	76.18940018	-0.92847997	63.57811023	9.36897798	0.67063722
14.26540585	75.13771057	0.01330890	76.19654710	-1.05883653	63.58928567	9.37140700	0.67046339
14.26912259	75.00088501	0.01333318	76.20885218	-1.20796717	63.60053307	9.37383602	0.67028965
14.27283933	74.89676412	0.01335171	76.22671152	-1.32994740	63.61185264	9.37626503	0.67011601
14.27655607	74.88847097	0.01335319	76.25054270	-1.36207173	63.62324455	9.37869402	0.66994246
14.28027282	74.94378408	0.01334333	76.28061452	-1.33683044	63.63470905	9.38112301	0.66976899
14.28398956	75.00336711	0.01333273	76.31710811	-1.31374100	63.64624625	9.38355199	0.66959562
14.28770630	75.05841319	0.01332296	76.36010527	-1.30169208	63.65785637	9.38598096	0.66942234
14.29142304	75.10791016	0.01331418	76.40963085	-1.30172069	63.66953962	9.38840991	0.66924914
14.29513978	75.18514252	0.01330050	76.46559695	-1.28045443	63.68129617	9.39083886	0.66907604
14.29885652	75.29902395	0.01328038	76.52777615	-1.22875220	63.69312623	9.39326780	0.66890303
14.30257326	75.39107005	0.01326417	76.59589235	-1.20482230	63.70502999	9.39569672	0.66873011
14.30629000	75.47100830	0.01325012	76.66961052	-1.19860222	63.71700764	9.39812564	0.66855728
14.31000675	75.61118571	0.01322556	76.74853922	-1.13735351	63.72905941	9.40055455	0.66838454
14.31372349	75.80683899	0.01319142	76.83214690	-1.02530791	63.74118542	9.40298345	0.66821189
14.31744023	76.05152893	0.01314898	76.91991095	-0.86838202	63.75338591	9.40541234	0.66803932
14.32115697	76.34383138	0.01309864	77.01125232	-0.66742094	63.76566106	9.40784122	0.66786685
14.32487371	76.66624705	0.01304355	77.10561168	-0.43936463	63.77801107	9.41027008	0.66769447
14.32859045	77.01462046	0.01298455	77.20228071	-0.18766025	63.79043613	9.41269894	0.66752218
14.33230719	77.35783895	0.01292694	77.30061205	0.05722690	63.80293645	9.41512779	0.66734998
14.33602394	77.64439392	0.01287923	77.39992271	0.24447121	63.81551225	9.41755663	0.66717786
14.33974068	77.86298116	0.01284307	77.49961510	0.36336606	63.82816365	9.41998546	0.66700584
14.34345742	78.00895945	0.01281904	77.59857274	0.41038671	63.84089090	9.42241428	0.66683390
14.34717416	78.09348551	0.01280517	77.69698880	0.39649671	63.85369417	9.42484309	0.66666206
14.35089090	78.14724731	0.01279636	77.79386144	0.35338587	63.86657368	9.42727189	0.66649030
14.35460764	78.14442698	0.01279682	77.88872523	0.25570175	63.87952962	9.42970067	0.66631864
14.35832438	78.09096273	0.01280558	77.98102336	0.10993937	63.89256218	9.43212945	0.66614706
14.36204113	78.04945119	0.01281239	78.07035894	-0.02090775	63.90567159	9.43455823	0.66597557
14.36575787	78.05776978	0.01281102	78.15631809	-0.09854831	63.91885799	9.43698699	0.66580417
14.36947461	78.08560689	0.01280646	78.23865731	-0.15305042	63.93212161	9.43941573	0.66563286
14.37319135	78.06898499	0.01280918	78.31704713	-0.24806214	63.94546264	9.44184447	0.66546164
14.37690809	77.95974731	0.01282713	78.39126793	-0.43152062	63.95888129	9.44427320	0.66529051
14.38062483	77.83315277	0.01284800	78.46119906	-0.62804629	63.97237774	9.44670192	0.66511946
14.38434157	77.76331075	0.01285953	78.52676655	-0.76345580	63.98595221	9.44913063	0.66494851
14.38805831	77.69371287	0.01287105	78.58789900	-0.89418613	63.99960489	9.45155933	0.66477764
14.39177506	77.56903076	0.01289174	78.64463093	-1.07560017	64.01333602	9.45398802	0.66460686
14.39549180	77.41322072	0.01291769	78.69708710	-1.28386638	64.02714572	9.45641670	0.66443617
14.39920854	77.27104441	0.01294146	78.74539250	-1.47434809	64.04103423	9.45884537	0.66426557
14.40292528	77.14943441	0.01296186	78.78973369	-1.64029928	64.05500175	9.46127403	0.66409506
14.40664202	77.05673472	0.01297745	78.83029466	-1.77355994	64.06904848	9.46370268	0.66392463
14.41035876	77.00640615	0.01298593	78.86730342	-1.86089727	64.08317462	9.46613132	0.66375429
14.41407550	76.96014913	0.01299374	78.90088550	-1.94073637	64.09738037	9.46855995	0.66358404
14.41779225	76.87768046	0.01300768	78.93114286	-2.05346240	64.11166598	9.47098857	0.66341388
14.42150899	76.79712931	0.01302132	78.95805960	-2.16093029	64.12603156	9.47341718	0.66324381
14.42522573	76.76380157	0.01302697	78.98151548	-2.21771391	64.14047737	9.47584578	0.66307382
14.42894247	76.74586995	0.01303002	79.00116473	-2.25529478	64.15500359	9.47827437	0.66290393
14.43265921	76.73126221	0.01303250	79.01650329	-2.28524108	64.16961043	9.48070295	0.66273412
14.43637595	76.70911916	0.01303626	79.02679207	-2.31767291	64.18429811	9.48313152	0.66256440
14.44009269	76.66268921	0.01304415	79.03103840	-2.36834919	64.19906681	9.48556008	0.66239476
14.44380943	76.62352244	0.01305082	79.02796498	-2.40444254	64.21391674	9.48798863	0.66222521
14.44752618	76.58293152	0.01305774	79.01605611	-2.43312459	64.22884815	9.49041718	0.66205575
14.45124292	76.52600606	0.01306745	78.99358367	-2.46757761	64.24386116	9.49284570	0.66188638
14.45495966	76.46334839	0.01307816	78.95874719	-2.49539880	64.25895601	9.49527422	0.66171710
14.45867640	76.42407481	0.01308488	78.90954158	-2.48546677	64.27413291	9.49770273	0.66154790
14.46239314	76.44399007	0.01308147	78.84433255	-2.40034248	64.28939207	9.50013123	0.66137879
14.46610988	76.47430166	0.01307629	78.76167965	-2.28737799	64.30473368	9.50255972	0.66120977
14.46982662	76.46328990	0.01307817	78.66032247	-2.19703257	64.32015796	9.50498820	0.66104083
14.47354337	76.42707570	0.01308437	78.54070604	-2.11363034	64.33566515	9.50741668	0.66087198
14.47726011	76.36816661	0.01309446	78.40292124	-2.03475463	64.35125537	9.50984514	0.66070322
14.48097685	76.28412120	0.01310889	78.24823052	-1.96410932	64.36692887	9.51227359	0.66053455
14.48469359	76.16460927	0.01312946	78.07858020	-1.91397093	64.38268586	9.51470203	0.66036596
14.48841033	75.98328654	0.01316079	77.89648154	-1.91319500	64.39852655	9.51713046	0.66019746
14.49212707	75.77280172	0.01319735	77.70474845	-1.93194673	64.41445114	9.51955888	0.66002904
14.49584381	75.58776093	0.01322966	77.50654884	-1.91878791	64.43045984	9.52198729	0.65986071
14.49956055	75.39168294	0.01326406	77.30503320	-1.91335026	64.44655285	9.52441568	0.65969247
14.50327730	75.19816589	0.01329820	77.10325799	-1.90509210	64.46273043	9.52684408	0.65952431
14.50699404	75.04762268	0.01332487	76.90359527	-1.85597259	64.47899271	9.52927246	0.65935625
14.51071078	74.92519124	0.01334665	76.70934758	-1.78415634	64.49533992	9.53170083	0.65918826
14.51442752	74.80719757	0.01336770	76.52241150	-1.71521393	64.51177228	9.53412919	0.65902037
14.51814426	74.65625509	0.01339472	76.34471983	-1.68846474	64.52829001	9.53655754	0.65885256
14.52186100	74.48983510	0.01342465	76.17773499	-1.68789989	64.54489330	9.53898588	0.65868483
14.52557774	74.35398356	0.01344918	76.02287146	-1.66888790	64.56158237	9.54141421	0.65851719
14.52929449	74.21260325	0.01347480	75.88115466	-1.66855141	64.57835747	9.54384253	0.65834964
14.53301123	74.03688304	0.01350678	75.75340398	-1.71652094	64.59521872	9.54627084	0.65818218
14.53672797	73.85016886	0.01354093	75.64005275	-1.78988389	64.61216639	9.54869914	0.65801479
14.54044471	73.67001597	0.01357404	75.54159028	-1.87157431	64.62920067	9.55112743	0.65784750
14.54416145	73.50798035	0.01360397	75.45820730	-1.95022695	64.64632178	9.55355571	0.65768029
14.54787819	73.36185710	0.01363106	75.38995044	-2.02809334	64.66352993	9.55598398	0.65751317
14.55159493	73.25316620	0.01365129	75.33660230	-2.08343610	64.68082534	9.55841224	0.65734613
14.55531167	73.19980876	0.01366124	75.29803039	-2.09822163	64.69820821	9.56084049	0.65717918
14.55902842	73.17134857	0.01366655	75.27387342	-2.10252485	64.71567880	9.56326873	0.65701231
14.56274516	73.17115275	0.01366659	75.26366172	-2.09250897	64.73323724	9.56569696	0.65684553
14.56646190	73.21690623	0.01365805	75.26675213	-2.04984590	64.75088378	9.56812518	0.65667884
14.57017864	73.25498708	0.01365095	75.28257959	-2.02759251	64.76861863	9.57055339	0.65651223
14.57389538	73.27170308	0.01364783	75.31039175	-2.03868867	64.78644201	9.57298159	0.65634570
14.57761212	73.29236603	0.01364399	75.34939096	-2.05702493	64.80435414	9.57540977	0.65617926
14.58132886	73.31555939	0.01363967	75.39862565	-2.08306626	64.82235521	9.57783795	0.65601291
14.58504561	73.35313924	0.01363268	75.45721834	-2.10407910	64.84044551	9.58026613	0.65584664
14.58876235	73.42908223	0.01361858	75.52412326	-2.09504103	64.85862514	9.58269429	0.65568045
14.59247909	73.57436625	0.01359169	75.59828423	-2.02391798	64.87689437	9.58512243	0.65551435
14.59619583	73.78495534	0.01355290	75.67849991	-1.89354457	64.89525342	9.58755057	0.65534834
14.59991257	74.03184509	0.01350770	75.76361880	-1.73177371	64.91370249	9.58997870	0.65518240
14.60362931	74.35158285	0.01344961	75.85237114	-1.50078829	64.93224181	9.59240682	0.65501656
14.60734605	74.79516093	0.01336985	75.94349544	-1.14833451	64.95087159	9.59483493	0.65485080
14.61106280	75.32506307	0.01327579	76.03564495	-0.71058188	64.96959209	9.59726303	0.65468512
14.61477954	75.87335968	0.01317986	76.12754691	-0.25418723	64.98840344	9.59969112	0.65451953
14.61849628	76.34824117	0.01309788	76.21788359	0.13035758	65.00730590	9.60211920	0.65435402
14.62221302	76.70468394	0.01303701	76.30544946	0.39923448	65.02629968	9.60454726	0.65418860
14.62592976	76.99542236	0.01298779	76.38904649	0.60637587	65.04538501	9.60697532	0.65402326
14.62964650	77.25009664	0.01294497	76.46755755	0.78253909	65.06456209	9.60940337	0.65385800
14.63336324	77.45652517	0.01291047	76.53999360	0.91653157	65.08383116	9.61183140	0.65369283
14.63707998	77.58217621	0.01288956	76.60549995	0.97667626	65.10319243	9.61425943	0.65352775
14.64079673	77.62439219	0.01288255	76.66329563	0.96109656	65.12264616	9.61668746	0.65336274
14.64451347	77.59472148	0.01288747	76.71243584	0.88228564	65.14219247	9.61911546	0.65319783
14.64823021	77.51093292	0.01290141	76.75291481	0.75801811	65.16183164	9.62154346	0.65303299
14.65194695	77.37031809	0.01292485	76.78406167	0.58625642	65.18156388	9.62397145	0.65286824
14.65566369	77.19760640	0.01295377	76.80554240	0.39206400	65.20138941	9.62639942	0.65270357
14.65938043	77.00971985	0.01298537	76.81705831	0.19266154	65.22130845	9.62882739	0.65253899
14.66309717	76.81718445	0.01301792	76.81844364	-0.00125919	65.24132123	9.63125534	0.65237449
14.66681392	76.58951060	0.01305662	76.80959923	-0.22008863	65.26142801	9.63368330	0.65221008
14.67053066	76.36094157	0.01309570	76.79044825	-0.42950668	65.28162891	9.63611123	0.65204574
14.67424740	76.23624166	0.01311712	76.76096897	-0.52472731	65.30192421	9.63853916	0.65188149
14.67796414	76.22119141	0.01311971	76.72118417	-0.49999276	65.32231412	9.64096707	0.65171733
14.68168088	76.28980001	0.01310791	76.67118156	-0.38138155	65.34279887	9.64339498	0.65155325
14.68539762	76.41815186	0.01308590	76.61110245	-0.19295059	65.36337868	9.64582287	0.65138925
14.68911436	76.59213003	0.01305617	76.54117594	0.05095409	65.38405376	9.64825076	0.65122533
14.69283110	76.76030223	0.01302757	76.46149041	0.29881182	65.40482436	9.65067863	0.65106150
14.69654785	76.84141541	0.01301382	76.37286499	0.46855042	65.42569073	9.65310651	0.65089775
14.70026459	76.81229401	0.01301875	76.27562882	0.53666519	65.44665300	9.65553436	0.65073408
14.70398133	76.67276001	0.01304244	76.17047113	0.50228888	65.46771144	9.65796221	0.65057050
14.70769807	76.43264008	0.01308342	76.05816477	0.37447531	65.48886627	9.66039004	0.65040700
14.71141481	76.06102498	0.01314734	75.93962424	0.12140074	65.51011773	9.66281786	0.65024358
14.71513155	75.56817627	0.01323308	75.81589590	-0.24771963	65.53146603	9.66524568	0.65008025
14.71884829	75.03037008	0.01332794	75.68815671	-0.65778663	65.55291140	9.66767348	0.64991700
14.72256504	74.51576996	0.01341998	75.55759003	-1.04182007	65.57445412	9.67010128	0.64975383
14.72628178	73.98415120	0.01351641	75.42543007	-1.44127887	65.59609430	9.67252907	0.64959074
14.72999852	73.46279907	0.01361233	75.29297750	-1.83017843	65.61783223	9.67495684	0.64942774
14.73371526	73.04388428	0.01369040	75.16152044	-2.11763616	65.63966813	9.67738460	0.64926481
14.73743200	72.67857869	0.01375921	75.03223912	-2.35366043	65.66160222	9.67981236	0.64910197
14.74114874	72.31479645	0.01382843	74.90626279	-2.59146634	65.68363473	9.68224010	0.64893922
14.74486548	72.00582123	0.01388777	74.78467941	-2.77885818	65.70576589	9.68466783	0.64877654
14.74858222	71.78036499	0.01393139	74.66849520	-2.88813021	65.72799593	9.68709555	0.64861395
14.75229897	71.58947500	0.01396853	74.55853143	-2.96905643	65.75032513	9.68952327	0.64845144
14.75601571	71.40204366	0.01400520	74.45549854	-3.05345488	65.77275360	9.69195097	0.64828901
14.75973245	71.25456238	0.01403419	74.36004372	-3.10548134	65.79528162	9.69437867	0.64812666
14.76344919	71.16218821	0.01405241	74.27268723	-3.11049902	65.81790943	9.69680635	0.64796440
14.76716593	71.09338888	0.01406601	74.19380268	-3.10041380	65.84063726	9.69923402	0.64780222
14.77088267	71.08254751	0.01406815	74.12356775	-3.04102024	65.86346532	9.70166168	0.64764012
14.77459941	71.14211528	0.01405637	74.06214463	-2.92002935	65.88639386	9.70408933	0.64747810
14.77831616	71.24134064	0.01403679	74.00955784	-2.76821720	65.90942316	9.70651698	0.64731616
14.78203290	71.35824331	0.01401380	73.96568714	-2.60744383	65.93255333	9.70894461	0.64715431
14.78574964	71.48469289	0.01398901	73.93027233	-2.44557944	65.95578466	9.71137223	0.64699253
14.78946638	71.64852905	0.01395702	73.90298600	-2.25445695	65.97911738	9.71379984	0.64683084
14.79318312	71.85018921	0.01391785	73.88343335	-2.03324414	66.00255171	9.71622744	0.64666923
14.79689986	72.04217529	0.01388076	73.87109298	-1.82891769	66.02608790	9.71865503	0.64650770
14.80061660	72.18898010	0.01385253	73.86537018	-1.67639008	66.04972617	9.72108261	0.64634625
14.80433334	72.32620494	0.01382625	73.86559616	-1.53939122	66.07346675	9.72351018	0.64618488
14.80805009	72.46160634	0.01380041	73.87110916	-1.40950282	66.09730994	9.72593775	0.64602360
14.81176683	72.54494476	0.01378456	73.88115093	-1.33620617	66.12125584	9.72836529	0.64586239
14.81548357	72.58700307	0.01377657	73.89495476	-1.30795169	66.14530475	9.73079283	0.64570127
14.81920031	72.61888885	0.01377052	73.91169579	-1.29280694	66.16945690	9.73322036	0.64554023
14.82291705	72.66301219	0.01376216	73.93058658	-1.26757439	66.19371252	9.73564788	0.64537927
14.82663379	72.72699738	0.01375005	73.95078965	-1.22379227	66.21807185	9.73807539	0.64521839
14.83035053	72.83601634	0.01372947	73.97146918	-1.13545284	66.24253512	9.74050289	0.64505759
14.83406728	73.02969615	0.01369306	73.99174668	-0.96205053	66.26710263	9.74293038	0.64489687
14.83778402	73.27630107	0.01364698	74.01079858	-0.73449751	66.29177448	9.74535786	0.64473623
14.84150076	73.57314046	0.01359192	74.02778543	-0.45464497	66.31655097	9.74778532	0.64457568
14.84521750	73.91948954	0.01352823	74.04188641	-0.12239687	66.34143233	9.75021278	0.64441520
14.84893424	74.25001272	0.01346801	74.05228243	0.19773029	66.36641881	9.75264023	0.64425480
14.85265098	74.55956014	0.01341210	74.05822442	0.50133572	66.39151063	9.75506766	0.64409449
14.85636772	74.94294993	0.01334348	74.05902352	0.88392641	66.41670803	9.75749509	0.64393425
14.86008446	75.33732859	0.01327363	74.05406136	1.28326723	66.44201125	9.75992250	0.64377410
14.86380121	75.62662252	0.01322286	74.04277533	1.58384719	66.46742059	9.76234992	0.64361402
14.86751795	75.85117086	0.01318371	74.02472652	1.82644434	66.49293614	9.76477731	0.64345403
14.87123469	76.04520671	0.01315007	73.99959247	2.04561424	66.51855823	9.76720470	0.64329412
14.87495143	76.18596395	0.01312578	73.96717070	2.21879325	66.54428707	9.76963207	0.64313428
14.87866817	76.23213450	0.01311783	73.92736622	2.30476828	66.57012292	9.77205943	0.64297453
14.88238491	76.20974223	0.01312168	73.88019908	2.32954315	66.59606600	9.77448679	0.64281485
14.88610165	76.13876597	0.01313391	73.82584085	2.31292512	66.62211656	9.77691413	0.64265526
14.88981840	76.03612010	0.01315164	73.76434287	2.27177723	66.64827490	9.77934147	0.64249575
14.89353514	75.92243958	0.01317134	73.69651213	2.22592745	66.67454112	9.78176880	0.64233631
14.89725188	75.79926554	0.01319274	73.62259202	2.17667352	66.70091553	9.78419611	0.64217696
14.90096862	75.59384918	0.01322859	73.54311657	2.05073261	66.72739836	9.78662341	0.64201769
14.90468536	75.34276326	0.01327267	73.45869609	1.88406717	66.75398987	9.78905070	0.64185849
14.90840210	75.11399587	0.01331310	73.36993866	1.74405721	66.78069028	9.79147799	0.64169938
14.91211884	74.85191091	0.01335971	73.27751122	1.57439969	66.80749984	9.79390526	0.64154034
14.91583559	74.50437673	0.01342203	73.18205970	1.32231703	66.83441886	9.79633252	0.64138138
14.91955233	74.16408030	0.01348362	73.08423669	1.07984361	66.86144743	9.79875978	0.64122251
14.92326907	73.94346364	0.01352385	72.98462023	0.95884341	66.88858587	9.80118702	0.64106371
14.92698581	73.79443105	0.01355116	72.88379622	0.91063483	66.91583443	9.80361425	0.64090499
14.93070255	73.64894867	0.01357793	72.78226509	0.86668358	66.94319333	9.80604147	0.64074635
14.93441929	73.52145640	0.01360147	72.68049418	0.84096222	66.97066282	9.80846868	0.64058779
14.93813603	73.43448893	0.01361758	72.57865592	0.85583301	66.99824315	9.81089588	0.64042931
14.94185277	73.39046224	0.01362575	72.47753240	0.91292984	67.02593456	9.81332307	0.64027091
14.94556952	73.38364665	0.01362701	72.37718803	1.00645862	67.05373736	9.81575025	0.64011259
14.94928626	73.40399933	0.01362324	72.27787559	1.12612374	67.08165164	9.81817742	0.63995435
14.95300300	73.46148427	0.01361258	72.17980239	1.28168188	67.10967773	9.82060458	0.63979618
14.95671974	73.54481506	0.01359715	72.08315698	1.46165808	67.13781587	9.82303173	0.63963810
14.96043648	73.65672048	0.01357649	71.98807556	1.66864492	67.16606631	9.82545886	0.63948009
14.96415322	73.79542287	0.01355098	71.89469767	1.90072520	67.19442928	9.82788599	0.63932216
14.96786996	73.90843964	0.01353025	71.80314083	2.10529881	67.22290502	9.83031311	0.63916431
14.97158671	73.99864197	0.01351376	71.71352633	2.28511564	67.25149388	9.83274022	0.63900654
14.97530345	74.15798187	0.01348473	71.62593376	2.53204811	67.28019592	9.83516732	0.63884885
14.97902019	74.34755961	0.01345034	71.54044687	2.80711274	67.30901148	9.83759440	0.63869123
14.98273693	74.47305806	0.01342767	71.45713858	3.01591948	67.33794081	9.84002148	0.63853370
14.98645367	74.57373047	0.01340955	71.37607391	3.19765656	67.36698413	9.84244854	0.63837624
14.99017041	74.73014832	0.01338148	71.29727537	3.43287295	67.39614172	9.84487560	0.63821886
14.99388715	74.95578512	0.01334120	71.22075588	3.73502924	67.42541380	9.84730264	0.63806156
14.99760389	75.24112956	0.01329060	71.14651564	4.09461392	67.45480063	9.84972968	0.63790434
15.00132064	75.55118815	0.01323606	71.07454352	4.47664463	67.48430253	9.85215671	0.63774720
15.00503738	75.86153920	0.01318191	0.00000000	0.00000000	0.00000000	9.85458372	0.63759013
15.00875412	76.23699697	0.01311699	0.00000000	0.00000000	0.00000000	9.85701072	0.63743314
15.01247086	76.61293284	0.01305263	0.00000000	0.00000000	0.00000000	9.85943772	0.63727623
15.01618760	76.91221364	0.01300184	0.00000000	0.00000000	0.00000000	9.86186470	0.63711940
15.01990434	77.20002492	0.01295336	0.00000000	0.00000000	0.00000000	9.86429167	0.63696264
15.02362108	77.47468821	0.01290744	0.00000000	0.00000000	0.00000000	9.86671863	0.63680597
15.02733783	77.65362295	0.01287770	0.00000000	0.00000000	0.00000000	9.86914559	0.63664937
15.03105457	77.71248881	0.01286794	0.00000000	0.00000000	0.00000000	9.87157253	0.63649285
15.03477131	77.69269562	0.01287122	0.00000000	0.00000000	0.00000000	9.87399946	0.63633640
15.03848805	77.62154643	0.01288302	0.00000000	0.00000000	0.00000000	9.87642638	0.63618004
15.04220479	77.52399953	0.01289923	0.00000000	0.00000000	0.00000000	9.87885329	0.63602375
15.04592153	77.35614014	0.01292722	0.00000000	0.00000000	0.00000000	9.88128019	0.63586754
15.04963827	77.14449819	0.01296269	0.00000000	0.00000000	0.00000000	9.88370708	0.63571140
15.05335501	76.92867025	0.01299905	0.00000000	0.00000000	0.00000000	9.88613395	0.63555535
15.05707176	76.71237437	0.01303571	0.00000000	0.00000000	0.00000000	9.88856083	0.63539937
15.06078850	76.48998260	0.01307361	0.00000000	0.00000000	0.00000000	9.89098769	0.63524347
15.06450524	76.32748159	0.01310144	0.00000000	0.00000000	0.00000000	9.89341453	0.63508764
15.06822198	76.27701569	0.01311011	0.00000000	0.00000000	0.00000000	9.89584137	0.63493189
15.07193872	76.26149241	0.01311278	0.00000000	0.00000000	0.00000000	9.89826820	0.63477622
15.07565546	76.26265208	0.01311258	0.00000000	0.00000000	0.00000000	9.90069501	0.63462063
15.07937220	76.30711873	0.01310494	0.00000000	0.00000000	0.00000000	9.90312182	0.63446511
15.08308895	76.43420664	0.01308315	0.00000000	0.00000000	0.00000000	9.90554862	0.63430967
15.08680569	76.58607483	0.01305720	0.00000000	0.00000000	0.00000000	9.90797540	0.63415431
15.09052243	76.68985494	0.01303953	0.00000000	0.00000000	0.00000000	9.91040218	0.63399902
15.09423917	76.76959229	0.01302599	0.00000000	0.00000000	0.00000000	9.91282894	0.63384381
15.09795591	76.85791270	0.01301102	0.00000000	0.00000000	0.00000000	9.91525570	0.63368868
15.10167265	76.91975403	0.01300056	0.00000000	0.00000000	0.00000000	9.91768244	0.63353362
15.10538939	76.91501872	0.01300136	0.00000000	0.00000000	0.00000000	9.92010917	0.63337865
15.10910613	76.88313293	0.01300675	0.00000000	0.00000000	0.00000000	9.92253589	0.63322374
15.11282288	76.83235423	0.01301535	0.00000000	0.00000000	0.00000000	9.92496261	0.63306891
15.11653962	76.76720174	0.01302640	0.00000000	0.00000000	0.00000000	9.92738931	0.63291416
15.12025636	76.68388621	0.01304055	0.00000000	0.00000000	0.00000000	9.92981600	0.63275949
15.12397310	76.60033162	0.01305477	0.00000000	0.00000000	0.00000000	9.93224268	0.63260489
15.12768984	76.56496429	0.01306080	0.00000000	0.00000000	0.00000000	9.93466935	0.63245037
15.13140658	76.54757436	0.01306377	0.00000000	0.00000000	0.00000000	9.93709601	0.63229592
15.13512332	76.51204427	0.01306984	0.00000000	0.00000000	0.00000000	9.93952266	0.63214155
15.13884007	76.48936971	0.01307371	0.00000000	0.00000000	0.00000000	9.94194931	0.63198726
15.14255681	76.55209351	0.01306300	0.00000000	0.00000000	0.00000000	9.94437594	0.63183304
15.14627355	76.67019145	0.01304288	0.00000000	0.00000000	0.00000000	9.94680255	0.63167890
15.14999029	76.75691732	0.01302814	0.00000000	0.00000000	0.00000000	9.94922916	0.63152484
15.15370703	76.81222026	0.01301876	0.00000000	0.00000000	0.00000000	9.95165576	0.63137085
15.15742377	76.87190501	0.01300865	0.00000000	0.00000000	0.00000000	9.95408234	0.63121693
15.16114051	76.98003133	0.01299038	0.00000000	0.00000000	0.00000000	9.95650892	0.63106309
15.16485726	77.15546417	0.01296084	0.00000000	0.00000000	0.00000000	9.95893549	0.63090933
15.16857400	77.30678813	0.01293547	0.00000000	0.00000000	0.00000000	9.96136205	0.63075564
15.17229074	77.38429515	0.01292252	0.00000000	0.00000000	0.00000000	9.96378859	0.63060203
15.17600748	77.45108541	0.01291137	0.00000000	0.00000000	0.00000000	9.96621512	0.63044849
15.17972422	77.57081858	0.01289145	0.00000000	0.00000000	0.00000000	9.96864165	0.63029503
15.18344096	77.70172628	0.01286973	0.00000000	0.00000000	0.00000000	9.97106816	0.63014165
15.18715770	77.72242483	0.01286630	0.00000000	0.00000000	0.00000000	9.97349466	0.62998834
15.19087444	77.63015493	0.01288159	0.00000000	0.00000000	0.00000000	9.97592115	0.62983510
15.19459119	77.57552338	0.01289066	0.00000000	0.00000000	0.00000000	9.97834764	0.62968194
15.19830793	77.59950511	0.01288668	0.00000000	0.00000000	0.00000000	9.98077411	0.62952886
15.20202467	77.60619609	0.01288557	0.00000000	0.00000000	0.00000000	9.98320057	0.62937585
15.20574141	77.60865529	0.01288516	0.00000000	0.00000000	0.00000000	9.98562702	0.62922291
15.20945815	77.65386963	0.01287766	0.00000000	0.00000000	0.00000000	9.98805346	0.62907005
15.21317489	77.70519002	0.01286915	0.00000000	0.00000000	0.00000000	9.99047989	0.62891727
15.21689163	77.69856517	0.01287025	0.00000000	0.00000000	0.00000000	9.99290631	0.62876456
15.22060838	77.63326009	0.01288108	0.00000000	0.00000000	0.00000000	9.99533272	0.62861192
15.22432512	77.52112579	0.01289971	0.00000000	0.00000000	0.00000000	9.99775912	0.62845936
15.22804186	77.34342448	0.01292935	0.00000000	0.00000000	0.00000000	10.00018551	0.62830688
15.23175860	77.11679331	0.01296734	0.00000000	0.00000000	0.00000000	10.00261188	0.62815446
15.23547534	76.87090556	0.01300882	0.00000000	0.00000000	0.00000000	10.00503825	0.62800213
15.23919208	76.61942546	0.01305152	0.00000000	0.00000000	0.00000000	10.00746460	0.62784987
15.24290882	76.36064657	0.01309575	0.00000000	0.00000000	0.00000000	10.00989095	0.62769768
15.24662556	76.10168711	0.01314031	0.00000000	0.00000000	0.00000000	10.01231728	0.62754557
15.25034231	75.86237335	0.01318177	0.00000000	0.00000000	0.00000000	10.01474361	0.62739353
15.25405905	75.63148499	0.01322201	0.00000000	0.00000000	0.00000000	10.01716993	0.62724156
15.25777579	75.38605245	0.01326505	0.00000000	0.00000000	0.00000000	10.01959623	0.62708967
15.26149253	75.12102509	0.01331185	0.00000000	0.00000000	0.00000000	10.02202252	0.62693786
15.26520927	74.88069153	0.01335458	0.00000000	0.00000000	0.00000000	10.02444880	0.62678611
15.26892601	74.67647552	0.01339110	0.00000000	0.00000000	0.00000000	10.02687507	0.62663445
15.27264275	74.42538198	0.01343628	0.00000000	0.00000000	0.00000000	10.02930133	0.62648285
15.27635950	74.13970947	0.01348805	0.00000000	0.00000000	0.00000000	10.03172759	0.62633133
15.28007624	73.94917552	0.01352280	0.00000000	0.00000000	0.00000000	10.03415383	0.62617989
15.28379298	73.85088857	0.01354080	0.00000000	0.00000000	0.00000000	10.03658006	0.62602851
15.28750972	73.81233470	0.01354787	0.00000000	0.00000000	0.00000000	10.03900628	0.62587722
15.29122646	73.85616557	0.01353983	0.00000000	0.00000000	0.00000000	10.04143248	0.62572599
15.29494320	73.97027842	0.01351894	0.00000000	0.00000000	0.00000000	10.04385868	0.62557484
15.29865994	74.07264201	0.01350026	0.00000000	0.00000000	0.00000000	10.04628487	0.62542377
15.30237668	74.25709279	0.01346673	0.00000000	0.00000000	0.00000000	10.04871104	0.62527276
15.30609343	74.48982747	0.01342465	0.00000000	0.00000000	0.00000000	10.05113721	0.62512183
15.30981017	74.71240997	0.01338466	0.00000000	0.00000000	0.00000000	10.05356337	0.62497098
15.31352691	74.99154663	0.01333484	0.00000000	0.00000000	0.00000000	10.05598951	0.62482019
15.31724365	75.29112752	0.01328178	0.00000000	0.00000000	0.00000000	10.05841565	0.62466948
15.32096039	75.51331584	0.01324270	0.00000000	0.00000000	0.00000000	10.06084177	0.62451885
15.32467713	75.71417745	0.01320757	0.00000000	0.00000000	0.00000000	10.06326788	0.62436828
15.32839387	75.92841085	0.01317030	0.00000000	0.00000000	0.00000000	10.06569398	0.62421780
15.33211062	76.13232168	0.01313503	0.00000000	0.00000000	0.00000000	10.06812008	0.62406738
15.33582736	76.31962331	0.01310279	0.00000000	0.00000000	0.00000000	10.07054616	0.62391704
15.33954410	76.43203481	0.01308352	0.00000000	0.00000000	0.00000000	10.07297223	0.62376677
15.34326084	76.53791555	0.01306542	0.00000000	0.00000000	0.00000000	10.07539829	0.62361657
15.34697758	76.65680440	0.01304516	0.00000000	0.00000000	0.00000000	10.07782434	0.62346644
15.35069432	76.74555715	0.01303007	0.00000000	0.00000000	0.00000000	10.08025038	0.62331639
15.35441106	76.79369863	0.01302190	0.00000000	0.00000000	0.00000000	10.08267641	0.62316641
15.35812780	76.86329142	0.01301011	0.00000000	0.00000000	0.00000000	10.08510242	0.62301651
15.36184455	77.01795197	0.01298399	0.00000000	0.00000000	0.00000000	10.08752844	0.62286668
15.36556129	77.24336497	0.01294610	0.00000000	0.00000000	0.00000000	10.08995443	0.62271692
15.36927803	77.46199799	0.01290956	0.00000000	0.00000000	0.00000000	10.09238042	0.62256723
15.37299477	77.61048126	0.01288486	0.00000000	0.00000000	0.00000000	10.09480639	0.62241761
15.37671151	77.72742208	0.01286547	0.00000000	0.00000000	0.00000000	10.09723236	0.62226807
15.38042825	77.82314046	0.01284965	0.00000000	0.00000000	0.00000000	10.09965831	0.62211860
15.38414499	77.86742655	0.01284234	0.00000000	0.00000000	0.00000000	10.10208425	0.62196920
15.38786174	77.87168630	0.01284164	0.00000000	0.00000000	0.00000000	10.10451019	0.62181988
15.39157848	77.75923411	0.01286021	0.00000000	0.00000000	0.00000000	10.10693611	0.62167063
15.39529522	77.58700562	0.01288876	0.00000000	0.00000000	0.00000000	10.10936202	0.62152145
15.39901196	77.37155660	0.01292465	0.00000000	0.00000000	0.00000000	10.11178792	0.62137234
15.40272870	77.09391022	0.01297119	0.00000000	0.00000000	0.00000000	10.11421381	0.62122330
15.40644544	76.75816091	0.01302793	0.00000000	0.00000000	0.00000000	10.11663969	0.62107434
15.41016218	76.43482717	0.01308304	0.00000000	0.00000000	0.00000000	10.11906556	0.62092545
15.41387893	76.08148193	0.01314380	0.00000000	0.00000000	0.00000000	10.12149143	0.62077663
15.41759567	75.69094849	0.01321162	0.00000000	0.00000000	0.00000000	10.12391727	0.62062788
15.42131241	75.22393545	0.01329364	0.00000000	0.00000000	0.00000000	10.12634311	0.62047920
15.42502915	74.72478485	0.01338244	0.00000000	0.00000000	0.00000000	10.12876893	0.62033060
15.42874589	74.22212219	0.01347307	0.00000000	0.00000000	0.00000000	10.13119475	0.62018207
15.43246263	73.68529002	0.01357123	0.00000000	0.00000000	0.00000000	10.13362055	0.62003361
15.43617937	73.14544932	0.01367139	0.00000000	0.00000000	0.00000000	10.13604635	0.61988522
15.43989611	72.65096792	0.01376444	0.00000000	0.00000000	0.00000000	10.13847213	0.61973690
15.44361286	72.28754934	0.01383364	0.00000000	0.00000000	0.00000000	10.14089791	0.61958866
15.44732960	72.01215871	0.01388654	0.00000000	0.00000000	0.00000000	10.14332367	0.61944048
15.45104634	71.81435903	0.01392479	0.00000000	0.00000000	0.00000000	10.14574942	0.61929238
15.45476308	71.69643402	0.01394770	0.00000000	0.00000000	0.00000000	10.14817516	0.61914435
15.45847982	71.78195953	0.01393108	0.00000000	0.00000000	0.00000000	10.15060089	0.61899639
15.46219656	72.02214305	0.01388462	0.00000000	0.00000000	0.00000000	10.15302661	0.61884850
15.46591330	72.25774892	0.01383935	0.00000000	0.00000000	0.00000000	10.15545232	0.61870069
15.46963005	72.43991089	0.01380454	0.00000000	0.00000000	0.00000000	10.15787802	0.61855294
15.47334679	72.76524862	0.01374282	0.00000000	0.00000000	0.00000000	10.16030371	0.61840526
15.47706353	73.25279490	0.01365136	0.00000000	0.00000000	0.00000000	10.16272939	0.61825766
15.48078027	73.73330688	0.01356239	0.00000000	0.00000000	0.00000000	10.16515505	0.61811013
15.48449701	74.13224284	0.01348941	0.00000000	0.00000000	0.00000000	10.16758071	0.61796267
15.48821375	74.37197876	0.01344592	0.00000000	0.00000000	0.00000000	10.17000635	0.61781528
15.49193049	74.50213623	0.01342243	0.00000000	0.00000000	0.00000000	10.17243198	0.61766796
15.49564723	74.61491394	0.01340215	0.00000000	0.00000000	0.00000000	10.17485761	0.61752071
15.49936398	74.75049082	0.01337784	0.00000000	0.00000000	0.00000000	10.17728323	0.61737353
15.50308072	74.93407949	0.01334506	0.00000000	0.00000000	0.00000000	10.17970883	0.61722643
15.50679746	75.03791300	0.01332660	0.00000000	0.00000000	0.00000000	10.18213442	0.61707939
15.51051420	74.81059265	0.01336709	0.00000000	0.00000000	0.00000000	10.18456000	0.61693243
15.51423094	74.38462321	0.01344364	0.00000000	0.00000000	0.00000000	10.18698557	0.61678553
15.51794768	74.09470113	0.01349624	0.00000000	0.00000000	0.00000000	10.18941113	0.61663871
15.52166442	73.93564606	0.01352528	0.00000000	0.00000000	0.00000000	10.19183667	0.61649195
15.52538117	73.74186961	0.01356082	0.00000000	0.00000000	0.00000000	10.19426222	0.61634527
15.52909791	73.42597198	0.01361916	0.00000000	0.00000000	0.00000000	10.19668774	0.61619866
15.53281465	73.09534200	0.01368076	0.00000000	0.00000000	0.00000000	10.19911326	0.61605212
15.53653139	72.81453705	0.01373352	0.00000000	0.00000000	0.00000000	10.20153876	0.61590564
15.54024813	72.51009369	0.01379118	0.00000000	0.00000000	0.00000000	10.20396426	0.61575924
15.54396487	72.21495310	0.01384755	0.00000000	0.00000000	0.00000000	10.20638974	0.61561291
15.54768161	71.89887746	0.01390842	0.00000000	0.00000000	0.00000000	10.20881521	0.61546665
15.55139835	71.55182139	0.01397588	0.00000000	0.00000000	0.00000000	10.21124068	0.61532046
15.55511510	71.39273834	0.01400703	0.00000000	0.00000000	0.00000000	10.21366613	0.61517434
15.55883184	71.38967387	0.01400763	0.00000000	0.00000000	0.00000000	10.21609157	0.61502829
15.56254858	71.28029378	0.01402912	0.00000000	0.00000000	0.00000000	10.21851700	0.61488231
15.56626532	71.12006378	0.01406073	0.00000000	0.00000000	0.00000000	10.22094242	0.61473640
15.56998206	71.12112681	0.01406052	0.00000000	0.00000000	0.00000000	10.22336783	0.61459055
15.57369880	71.26661936	0.01403181	0.00000000	0.00000000	0.00000000	10.22579323	0.61444478
15.57741554	71.27980042	0.01402922	0.00000000	0.00000000	0.00000000	10.22821862	0.61429908
15.58113229	71.13040161	0.01405869	0.00000000	0.00000000	0.00000000	10.23064400	0.61415345
15.58484903	71.01676432	0.01408118	0.00000000	0.00000000	0.00000000	10.23306936	0.61400789
15.58856577	71.07168325	0.01407030	0.00000000	0.00000000	0.00000000	10.23549472	0.61386240
15.59228251	71.18465678	0.01404797	0.00000000	0.00000000	0.00000000	10.23792006	0.61371697
15.59599925	71.23435974	0.01403817	0.00000000	0.00000000	0.00000000	10.24034539	0.61357162
15.59971599	71.26228078	0.01403267	0.00000000	0.00000000	0.00000000	10.24277072	0.61342634
15.60343273	71.29829915	0.01402558	0.00000000	0.00000000	0.00000000	10.24519603	0.61328112
15.60714947	71.32249959	0.01402082	0.00000000	0.00000000	0.00000000	10.24762133	0.61313598
15.61086622	71.33456930	0.01401845	0.00000000	0.00000000	0.00000000	10.25004662	0.61299090
15.61458296	71.33071899	0.01401921	0.00000000	0.00000000	0.00000000	10.25247190	0.61284589
15.61829970	71.32519786	0.01402029	0.00000000	0.00000000	0.00000000	10.25489717	0.61270096
15.62201644	71.38611603	0.01400833	0.00000000	0.00000000	0.00000000	10.25732243	0.61255609
15.62573318	71.44712830	0.01399636	0.00000000	0.00000000	0.00000000	10.25974768	0.61241129
15.62944992	71.41473134	0.01400271	0.00000000	0.00000000	0.00000000	10.26217291	0.61226656
15.63316666	71.37195587	0.01401111	0.00000000	0.00000000	0.00000000	10.26459814	0.61212190
15.63688341	71.37244415	0.01401101	0.00000000	0.00000000	0.00000000	10.26702336	0.61197731
15.64060015	71.40743001	0.01400414	0.00000000	0.00000000	0.00000000	10.26944856	0.61183278
15.64431689	71.46799723	0.01399228	0.00000000	0.00000000	0.00000000	10.27187375	0.61168833
15.64803363	71.50718689	0.01398461	0.00000000	0.00000000	0.00000000	10.27429894	0.61154395
15.65175037	71.51340230	0.01398339	0.00000000	0.00000000	0.00000000	10.27672411	0.61139963
15.65546711	71.55738576	0.01397480	0.00000000	0.00000000	0.00000000	10.27914927	0.61125538
15.65918385	71.67448425	0.01395197	0.00000000	0.00000000	0.00000000	10.28157442	0.61111120
15.66290060	71.70497640	0.01394603	0.00000000	0.00000000	0.00000000	10.28399956	0.61096709
15.66661734	71.61869303	0.01396284	0.00000000	0.00000000	0.00000000	10.28642469	0.61082305
15.67033408	71.62587484	0.01396144	0.00000000	0.00000000	0.00000000	10.28884981	0.61067908
15.67405082	71.71840922	0.01394342	0.00000000	0.00000000	0.00000000	10.29127491	0.61053517
15.67776756	71.78081258	0.01393130	0.00000000	0.00000000	0.00000000	10.29370001	0.61039134
15.68148430	71.80913035	0.01392581	0.00000000	0.00000000	0.00000000	10.29612509	0.61024757
15.68520104	71.90444438	0.01390735	0.00000000	0.00000000	0.00000000	10.29855017	0.61010387
15.68891778	72.05711110	0.01387788	0.00000000	0.00000000	0.00000000	10.30097523	0.60996024
15.69263453	72.24359894	0.01384206	0.00000000	0.00000000	0.00000000	10.30340029	0.60981668
15.69635127	72.48401133	0.01379615	0.00000000	0.00000000	0.00000000	10.30582533	0.60967318
15.70006801	72.90769196	0.01371597	0.00000000	0.00000000	0.00000000	10.30825036	0.60952975
15.70378475	73.43056997	0.01361831	0.00000000	0.00000000	0.00000000	10.31067538	0.60938640
15.70750149	73.76789602	0.01355603	0.00000000	0.00000000	0.00000000	10.31310039	0.60924311
15.71121823	73.91521200	0.01352901	0.00000000	0.00000000	0.00000000	10.31552538	0.60909988
15.71493497	73.97793579	0.01351754	0.00000000	0.00000000	0.00000000	10.31795037	0.60895673
15.71865172	74.11032359	0.01349340	0.00000000	0.00000000	0.00000000	10.32037535	0.60881364
15.72236846	74.07646434	0.01349956	0.00000000	0.00000000	0.00000000	10.32280032	0.60867062
15.72608520	73.82680511	0.01354522	0.00000000	0.00000000	0.00000000	10.32522527	0.60852767
15.72980194	73.55995687	0.01359435	0.00000000	0.00000000	0.00000000	10.32765022	0.60838479
15.73351868	73.31284587	0.01364017	0.00000000	0.00000000	0.00000000	10.33007515	0.60824197
15.73723542	73.10605367	0.01367876	0.00000000	0.00000000	0.00000000	10.33250007	0.60809923
15.74095216	73.04129028	0.01369089	0.00000000	0.00000000	0.00000000	10.33492498	0.60795655
15.74466890	73.01396942	0.01369601	0.00000000	0.00000000	0.00000000	10.33734988	0.60781393
15.74838565	72.89935811	0.01371754	0.00000000	0.00000000	0.00000000	10.33977478	0.60767139
15.75210239	72.82862600	0.01373086	0.00000000	0.00000000	0.00000000	10.34219966	0.60752891
15.75581913	72.82168325	0.01373217	0.00000000	0.00000000	0.00000000	10.34462452	0.60738650
15.75953587	73.25046539	0.01365179	0.00000000	0.00000000	0.00000000	10.34704938	0.60724416
15.76325261	73.93260956	0.01352583	0.00000000	0.00000000	0.00000000	10.34947422	0.60710188
15.76696935	74.32779694	0.01345392	0.00000000	0.00000000	0.00000000	10.35189906	0.60695968
15.77068609	74.57234701	0.01340980	0.00000000	0.00000000	0.00000000	10.35432388	0.60681754
15.77440284	75.04796600	0.01332481	0.00000000	0.00000000	0.00000000	10.35674870	0.60667546
15.77811958	75.59670003	0.01322809	0.00000000	0.00000000	0.00000000	10.35917350	0.60653346
15.78183632	75.97609456	0.01316203	0.00000000	0.00000000	0.00000000	10.36159830	0.60639152
15.78555306	76.31942749	0.01310282	0.00000000	0.00000000	0.00000000	10.36402308	0.60624964
15.78926980	76.64842478	0.01304658	0.00000000	0.00000000	0.00000000	10.36644785	0.60610784
15.79298654	76.95013428	0.01299543	0.00000000	0.00000000	0.00000000	10.36887260	0.60596610
15.79670328	76.91162872	0.01300194	0.00000000	0.00000000	0.00000000	10.37129735	0.60582443
15.80042002	76.68680318	0.01304005	0.00000000	0.00000000	0.00000000	10.37372209	0.60568283
15.80413677	76.22479502	0.01311909	0.00000000	0.00000000	0.00000000	10.37614682	0.60554129
15.80785351	75.50961558	0.01324335	0.00000000	0.00000000	0.00000000	10.37857153	0.60539982
15.81157025	74.99957021	0.01333341	0.00000000	0.00000000	0.00000000	10.38099624	0.60525841
15.81528699	74.68280792	0.01338996	0.00000000	0.00000000	0.00000000	10.38342093	0.60511708
15.81900373	74.11848450	0.01349191	0.00000000	0.00000000	0.00000000	10.38584561	0.60497580
15.82272047	73.28166962	0.01364598	0.00000000	0.00000000	0.00000000	10.38827028	0.60483460
15.82643721	72.84033712	0.01372866	0.00000000	0.00000000	0.00000000	10.39069494	0.60469346
15.83015396	72.74809774	0.01374606	0.00000000	0.00000000	0.00000000	10.39311960	0.60455239
15.83387070	72.53084310	0.01378724	0.00000000	0.00000000	0.00000000	10.39554424	0.60441139
15.83758744	72.19575246	0.01385123	0.00000000	0.00000000	0.00000000	10.39796887	0.60427045
15.84130418	71.91307576	0.01390568	0.00000000	0.00000000	0.00000000	10.40039348	0.60412958
15.84502092	71.73826345	0.01393956	0.00000000	0.00000000	0.00000000	10.40281809	0.60398877
15.84873766	71.63098399	0.01396044	0.00000000	0.00000000	0.00000000	10.40524268	0.60384803
15.85245440	71.47999318	0.01398993	0.00000000	0.00000000	0.00000000	10.40766727	0.60370736
15.85617114	71.09856160	0.01406498	0.00000000	0.00000000	0.00000000	10.41009184	0.60356675
15.85988789	70.29538218	0.01422569	0.00000000	0.00000000	0.00000000	10.41251641	0.60342621
15.86360463	69.62819672	0.01436200	0.00000000	0.00000000	0.00000000	10.41494096	0.60328573
15.86732137	69.62819672	0.01436200	0.00000000	0.00000000	0.00000000	10.41736550	0.60314533
