 1.000356 29.900703 0.033444029 30.330344 -0.42964073 30.330344
 1.0040727 29.894781 0.033450655 30.337767 -0.44298547 30.337767
 1.0077895 29.9051 0.033439113 30.345141 -0.44004064 30.345141
 1.0115062 29.900402 0.033444366 30.352466 -0.45206399 30.352466
 1.015223 29.903696 0.033440682 30.359743 -0.45604729 30.359743
 1.0189397 29.848705 0.033502291 30.366972 -0.5182672 30.366972
 1.0226564 29.813204 0.033542185 30.374154 -0.56094979 30.374154
 1.0263732 29.841221 0.033510693 30.381287 -0.54006594 30.381287
 1.0300899 29.917837 0.033424876 30.388372 -0.47053506 30.388372
 1.0338067 29.97472 0.033361446 30.39541 -0.42068991 30.39541
 1.0375234 29.985958 0.033348943 30.4024 -0.41644195 30.4024
 1.0412402 29.951809 0.033386965 30.409343 -0.45753381 30.409343
 1.0449569 29.942644 0.033397184 30.416238 -0.47359396 30.416238
 1.0486736 29.930628 0.033410592 30.423086 -0.49245837 30.423086
 1.0523904 29.887976 0.033458271 30.429887 -0.54191151 30.429887
 1.0561071 29.840593 0.033511398 30.436641 -0.59604786 30.436641
 1.0598239 29.862766 0.033486516 30.443348 -0.58058205 30.443348
 1.0635406 29.953613 0.033384954 30.450009 -0.49639538 30.450009
 1.0672573 29.943705 0.033396001 30.456622 -0.51291774 30.456622
 1.0709741 29.931072 0.033410096 30.463189 -0.53211725 30.463189
 1.0746908 29.934134 0.033406679 30.46971 -0.53557667 30.46971
 1.0784076 29.99234 0.033341847 30.476185 -0.48384451 30.476185
 1.0821243 30.01148 0.033320582 30.482613 -0.47113246 30.482613
 1.085841 29.979609 0.033356006 30.488995 -0.50938635 30.488995
 1.0895578 29.937565 0.03340285 30.495331 -0.55776615 30.495331
 1.0932745 29.894978 0.033450435 30.501621 -0.60664369 30.501621
 1.0969913 29.890488 0.03345546 30.507866 -0.61737808 30.507866
 1.100708 29.941393 0.03339858 30.514065 -0.57267171 30.514065
 1.1044248 29.97699 0.03335892 30.520218 -0.54322819 30.520218
 1.1081415 29.965366 0.03337186 30.526326 -0.56095949 30.526326
 1.1118582 29.917744 0.033424981 30.532388 -0.61464477 30.532388
 1.115575 29.885752 0.033460761 30.538406 -0.65265414 30.538406
 1.1192917 29.87775 0.033469722 30.544378 -0.66662779 30.544378
 1.1230085 29.984245 0.033350848 30.550306 -0.56606025 30.550306
 1.1267252 29.992807 0.033341327 30.556188 -0.56338066 30.556188
 1.1304419 29.981983 0.033353364 30.562026 -0.58004262 30.562026
 1.1341587 29.894968 0.033450446 30.567819 -0.67285089 30.567819
 1.1378754 29.904297 0.03344001 30.573568 -0.66927063 30.573568
 1.1415922 29.97267 0.033363728 30.579272 -0.60660208 30.579272
 1.1453089 30.041515 0.033287269 30.584932 -0.5434162 30.584932
 1.1490257 30.103016 0.033219263 30.590547 -0.48753133 30.590547
 1.1527424 30.128912 0.033190711 30.596119 -0.46720686 30.596119
 1.1564591 30.075277 0.033249901 30.601646 -0.52636912 30.601646
 1.1601759 30.022717 0.033308112 30.60713 -0.58441369 30.60713
 1.1638926 30.051767 0.033275913 30.61257 -0.56080286 30.61257
 1.1676094 30.101019 0.033221467 30.617967 -0.51694767 30.617967
 1.1713261 30.163509 0.033152641 30.623319 -0.45981004 30.623319
 1.1750428 30.14127 0.033177103 30.628629 -0.48735914 30.628629
 1.1787596 30.120108 0.033200413 30.633895 -0.51378726 30.633895
 1.1824763 30.032406 0.033297366 30.639118 -0.60671195 30.639118
 1.1861931 29.993652 0.033340388 30.644298 -0.65064525 30.644298
 1.1899098 30.0144 0.03331734 30.649434 -0.63503392 30.649434
 1.1936265 30.056831 0.033270307 30.654528 -0.59769697 30.654528
 1.1973433 30.058653 0.033268291 30.659579 -0.60092661 30.659579
 1.20106 30.037165 0.03329209 30.664588 -0.6274233 30.664588
 1.2047768 30.009495 0.033322787 30.669554 -0.66005916 30.669554
 1.2084935 30.052122 0.03327552 30.674477 -0.62235533 30.674477
 1.2122103 30.13282 0.033186406 30.679359 -0.54653849 30.679359
 1.215927 30.225595 0.033084543 30.684198 -0.45860209 30.684198
 1.2196437 30.282536 0.033022334 30.688994 -0.40645884 30.688994
 1.2233605 30.368769 0.032928566 30.693749 -0.32498051 30.693749
 1.2270772 30.342215 0.032957383 30.698462 -0.35624753 30.698462
 1.230794 30.294149 0.033009674 30.703133 -0.40898382 30.703133
 1.2345107 30.254354 0.033053093 30.707763 -0.45340817 30.707763
 1.2382274 30.246702 0.033061456 30.71235 -0.4656483 30.71235
 1.2419442 30.240679 0.033068041 30.716897 -0.47621807 30.716897
 1.2456609 30.162413 0.033153847 30.721402 -0.55898923 30.721402
 1.2493777 30.13308 0.03318612 30.725866 -0.59278608 30.725866
 1.2530944 30.133347 0.033185826 30.730288 -0.59694164 30.730288
 1.2568112 30.144007 0.03317409 30.73467 -0.59066301 30.73467
 1.2605279 30.165823 0.033150098 30.73901 -0.57318736 30.73901
 1.2642446 30.181108 0.033133309 30.74331 -0.56220164 30.74331
 1.2679614 30.191465 0.033121943 30.747569 -0.55610377 30.747569
 1.2716781 30.214277 0.033096936 30.751788 -0.5375103 30.751788
 1.2753949 30.170212 0.033145276 30.755965 -0.58575368 30.755965
 1.2791116 30.193598 0.033119604 30.760103 -0.56650517 30.760103
 1.2828283 30.138082 0.033180611 30.7642 -0.62611764 30.7642
 1.2865451 30.177553 0.033137213 30.768257 -0.59070395 30.768257
 1.2902618 30.1996 0.033113021 30.772274 -0.5726738 30.772274
 1.2939786 30.265738 0.033040662 30.776251 -0.51051339 30.776251
 1.2976953 30.284151 0.033020572 30.780188 -0.49603686 30.780188
 1.301412 30.258465 0.033048603 30.784085 -0.52562037 30.784085
 1.3051288 30.209316 0.033102371 30.787943 -0.5786265 30.787943
 1.3088455 30.137217 0.033181565 30.791761 -0.65454418 30.791761
 1.3125623 30.151075 0.033166313 30.795539 -0.64446392 30.795539
 1.316279 30.173847 0.033141283 30.799278 -0.62543125 30.799278
 1.3199958 30.130688 0.033188755 30.802978 -0.67229066 30.802978
 1.3237125 30.107424 0.033214399 30.806639 -0.69921536 30.806639
 1.3274292 30.124468 0.033195607 30.810261 -0.685793 30.810261
 1.331146 30.190039 0.033123508 30.813844 -0.62380495 30.813844
 1.3348627 30.199921 0.03311267 30.817388 -0.61746691 30.817388
 1.3385795 30.147011 0.033170785 30.820893 -0.67388196 30.820893
 1.3422962 30.117493 0.033203295 30.824359 -0.70686664 30.824359
 1.3460129 30.157804 0.033158912 30.827787 -0.66998286 30.827787
 1.3497297 30.237059 0.033072 30.831177 -0.59411832 30.831177
 1.3534464 30.246365 0.033061825 30.834528 -0.58816365 30.834528
 1.3571632 30.220491 0.03309013 30.837841 -0.61734989 30.837841
 1.3608799 30.212189 0.033099224 30.841116 -0.62892753 30.841116
 1.3645966 30.246515 0.03306166 30.844353 -0.59783791 30.844353
 1.3683134 30.295055 0.033008687 30.847552 -0.5524968 30.847552
 1.3720301 30.228624 0.033081228 30.850713 -0.62208906 30.850713
 1.3757469 30.180807 0.03313364 30.853837 -0.67302979 30.853837
 1.3794636 30.110126 0.033211418 30.856923 -0.74679629 30.856923
 1.3831804 30.1635 0.033152652 30.859971 -0.69647135 30.859971
 1.3868971 30.188559 0.033125132 30.862982 -0.67442358 30.862982
 1.3906138 30.245548 0.033062717 30.865956 -0.6204076 30.865956
 1.3943306 30.333284 0.032967086 30.868892 -0.53560796 30.868892
 1.3980473 30.419146 0.032874033 30.871792 -0.45264615 30.871792
 1.4017641 30.414892 0.03287863 30.874654 -0.45976192 30.874654
 1.4054808 30.333158 0.032967223 30.87748 -0.54432113 30.87748
 1.4091975 30.314844 0.03298714 30.880268 -0.56542419 30.880268
 1.4129143 30.301243 0.033001947 30.88302 -0.58177751 30.88302
 1.416631 30.300339 0.033002931 30.885736 -0.58539701 30.885736
 1.4203478 30.3323 0.032968156 30.888415 -0.5561145 30.888415
 1.4240645 30.367271 0.032930189 30.891057 -0.5237858 30.891057
 1.4277813 30.383837 0.032912236 30.893663 -0.50982672 30.893663
 1.431498 30.340834 0.032958883 30.896234 -0.55539987 30.896234
 1.4352147 30.279659 0.033025471 30.898767 -0.61910822 30.898767
 1.4389315 30.249294 0.033058622 30.901265 -0.65197119 30.901265
 1.4426482 30.28425 0.033020464 30.903728 -0.6194773 30.903728
 1.446365 30.383244 0.032912878 30.906154 -0.52291029 30.906154
 1.4500817 30.407255 0.032886888 30.908544 -0.50128929 30.908544
 1.4537984 30.392023 0.032903371 30.910899 -0.51887638 30.910899
 1.4575152 30.349651 0.032949308 30.913219 -0.56356765 30.913219
 1.4612319 30.322403 0.032978917 30.915503 -0.59310017 30.915503
 1.4649487 30.316618 0.03298521 30.917752 -0.60113399 30.917752
 1.4686654 30.308075 0.032994507 30.919966 -0.61189065 30.919966
 1.4723821 30.28091 0.033024106 30.922144 -0.64123365 30.922144
 1.4760989 30.239643 0.033069173 30.924288 -0.68464459 30.924288
 1.4798156 30.276531 0.033028883 30.926396 -0.64986511 30.926396
 1.4835324 30.30134 0.033001841 30.92847 -0.62713008 30.92847
 1.4872491 30.339472 0.032960363 30.930509 -0.5910375 30.930509
 1.4909659 30.376232 0.032920475 30.932514 -0.55628171 30.932514
 1.4946826 30.400631 0.032894054 30.934484 -0.53385295 30.934484
 1.4983993 30.36932 0.032927968 30.93642 -0.5670996 30.93642
 1.5021161 30.346642 0.032952576 30.938321 -0.5916793 30.938321
 1.5058328 30.374685 0.032922152 30.940188 -0.56550265 30.940188
 1.5095496 30.439257 0.032852313 30.942021 -0.50276426 30.942021
 1.5132663 30.500765 0.032786063 30.94382 -0.44305505 30.94382
 1.516983 30.515184 0.03277057 30.945585 -0.43040055 30.945585
 1.5206998 30.511694 0.032774319 30.947316 -0.43562222 30.947316
 1.5244165 30.49522 0.032792024 30.949014 -0.45379349 30.949014
 1.5281333 30.482441 0.032805772 30.950678 -0.46823659 30.950678
 1.53185 30.460262 0.032829658 30.952308 -0.49204557 30.952308
 1.5355668 30.479891 0.032808516 30.953905 -0.47401395 30.953905
 1.5392835 30.609632 0.032669455 30.955468 -0.34583583 30.955468
 1.5430002 30.661934 0.032613729 30.956999 -0.29506474 30.956999
 1.546717 30.659958 0.032615831 30.958496 -0.29853791 30.958496
 1.5504337 30.692537 0.03258121 30.95996 -0.26742261 30.95996
 1.5541505 30.708216 0.032564575 30.961391 -0.25317537 30.961391
 1.5578672 30.735214 0.03253597 30.962789 -0.22757514 30.962789
 1.5615839 30.739256 0.032531692 30.964155 -0.224899 30.964155
 1.5653007 30.761881 0.032507765 30.965488 -0.2036069 30.965488
 1.5690174 30.762335 0.032507285 30.966788 -0.20445324 30.966788
 1.5727342 30.788532 0.032479626 30.968056 -0.17952362 30.968056
 1.5764509 30.862251 0.032402043 30.969291 -0.10704003 30.969291
 1.5801676 30.897879 0.032364681 30.970494 -0.072615799 30.970494
 1.5838844 30.821146 0.032445257 30.971665 -0.15051939 30.971665
 1.5876011 30.706667 0.032566218 30.972804 -0.2661373 30.972804
 1.5913179 30.727991 0.032543618 30.973911 -0.24592 30.973911
 1.5950346 30.792459 0.032475483 30.974986 -0.18252654 30.974986
 1.5987514 30.887892 0.032375146 30.976029 -0.088137385 30.976029
 1.6024681 30.915308 0.032346435 30.977041 -0.061732557 30.977041
 1.6061848 30.957603 0.032302242 30.97802 -0.020416882 30.97802
 1.6099016 30.959274 0.032300499 30.978969 -0.019694284 30.978969
 1.6136183 30.942694 0.032317807 30.979885 -0.037191668 30.979885
 1.6173351 30.949728 0.032310462 30.980771 -0.031042826 30.980771
 1.6210518 30.960672 0.03229904 30.981625 -0.020952663 30.981625
 1.6247685 31.000969 0.032257056 30.982448 0.018520838 30.982448
 1.6284853 30.965929 0.032293557 30.98324 -0.017311046 30.98324
 1.632202 30.931021 0.032330003 30.984001 -0.052980348 30.984001
 1.6359188 30.912634 0.032349233 30.984731 -0.072097322 30.984731
 1.6396355 30.974644 0.032284471 30.985431 -0.01078686 30.985431
 1.6433523 31.010717 0.032246916 30.986099 0.024618165 30.986099
 1.647069 31.055391 0.032200528 30.986737 0.068654029 30.986737
 1.6507857 31.045649 0.032210633 30.987345 0.058303741 30.987345
 1.6545025 31.054098 0.032201869 30.987922 0.066176169 30.987922
 1.6582192 31.070911 0.032184444 30.988469 0.082442639 30.988469
 1.661936 31.114441 0.032139417 30.988985 0.12545557 30.988985
 1.6656527 31.205153 0.03204599 30.989472 0.21568072 30.989472
 1.6693694 31.192028 0.032059474 30.989928 0.20209987 30.989928
 1.6730862 31.151188 0.032101505 30.990355 0.16083328 30.990355
 1.6768029 31.166918 0.032085303 30.990751 0.1761666 30.990751
 1.6805197 31.260073 0.031989689 30.991118 0.26895471 30.991118
 1.6842364 31.323118 0.031925302 30.991455 0.33166308 30.991455
 1.6879531 31.338976 0.031909147 30.991763 0.34721325 30.991763
 1.6916699 31.33032 0.031917963 30.992041 0.33827966 30.992041
 1.6953866 31.265364 0.031984275 30.992289 0.27307436 30.992289
 1.6991034 31.325178 0.031923202 30.992509 0.33266951 30.992509
 1.7028201 31.398392 0.031848765 30.992699 0.40569299 30.992699
 1.7065369 31.452795 0.031793677 30.99286 0.45993535 30.99286
 1.7102536 31.429737 0.031817002 30.992992 0.4367455 30.992992
 1.7139703 31.408373 0.031838644 30.993095 0.41527833 30.993095
 1.7176871 31.431929 0.031814783 30.993169 0.43875999 30.993169
 1.7214038 31.449957 0.031796546 30.993214 0.45674293 30.993214
 1.7251206 31.4627 0.031783668 30.993231 0.46946929 30.993231
 1.7288373 31.444435 0.03180213 30.993219 0.45121648 30.993219
 1.732554 31.44348 0.031803096 30.993178 0.45030136 30.993178
 1.7362708 31.442686 0.031803899 30.993109 0.44957678 30.993109
 1.7399875 31.498276 0.03174777 30.993012 0.50526366 30.993012
 1.7437043 31.571674 0.031673962 30.992887 0.57878769 30.992887
 1.747421 31.599695 0.031645875 30.992733 0.60696213 30.992733
 1.7511377 31.561655 0.031684017 30.992551 0.5691036 30.992551
 1.7548545 31.555731 0.031689965 30.992342 0.56338898 30.992342
 1.7585712 31.58346 0.031662142 30.992104 0.5913555 30.992104
 1.762288 31.652124 0.031593456 30.991839 0.66028533 30.991839
 1.7660047 31.659678 0.031585919 30.991546 0.66813141 30.991546
 1.7697215 31.660835 0.031584764 30.991226 0.66960976 30.991226
 1.7734382 31.708292 0.031537492 30.990877 0.71741462 30.990877
 1.7771549 31.779381 0.031466944 30.990502 0.78887896 30.990502
 1.7808717 31.817629 0.031429118 30.990099 0.82752992 30.990099
 1.7845884 31.786043 0.031460349 30.989669 0.7963744 30.989669
 1.7883052 31.741734 0.031504265 30.989211 0.75252211 30.989211
 1.7920219 31.718777 0.031527067 30.988727 0.73004968 30.988727
 1.7957386 31.730635 0.031515285 30.988216 0.74241909 30.988216
 1.7994554 31.748709 0.031497344 30.987677 0.76103145 30.987677
 1.8031721 31.796635 0.031449869 30.987112 0.80952255 30.987112
 1.8068889 31.783171 0.031463192 30.98652 0.79665046 30.98652
 1.8106056 31.814152 0.031432553 30.985902 0.82825006 30.985902
 1.8143224 31.854351 0.031392886 30.985257 0.86909443 30.985257
 1.8180391 31.857672 0.031389613 30.984585 0.8730867 30.984585
 1.8217558 31.8563 0.031390965 30.983887 0.87241327 30.983887
 1.8254726 31.8606 0.031386729 30.983163 0.87743669 30.983163
 1.8291893 31.905296 0.031342759 30.982412 0.92288398 30.982412
 1.8329061 31.895948 0.031351944 30.981636 0.91431266 30.981636
 1.8366228 31.935631 0.031312987 30.980833 0.95479769 30.980833
 1.8403395 31.993149 0.031256692 30.980005 1.0131443 30.980005
 1.8440563 32.070713 0.031181097 30.97915 1.091563 30.97915
 1.847773 32.111259 0.031141725 30.97827 1.1329897 30.97827
 1.8514898 32.123375 0.031129979 30.977364 1.1460111 30.977364
 1.8552065 32.193233 0.031062428 30.976432 1.2168012 30.976432
 1.8589232 32.221741 0.031034947 30.975475 1.2462655 30.975475
 1.86264 32.221897 0.031034796 30.974493 1.2474045 30.974493
 1.8663567 32.192806 0.03106284 30.973485 1.2193215 30.973485
 1.8700735 32.214592 0.031041833 30.972452 1.2421404 30.972452
 1.8737902 32.291855 0.030967561 30.971393 1.3204616 30.971393
 1.877507 32.313709 0.030946617 30.97031 1.3433995 30.97031
 1.8812237 32.327587 0.030933332 30.969201 1.3583858 30.969201
 1.8849404 32.33791 0.030923458 30.968068 1.3698418 30.968068
 1.8886572 32.335999 0.030925286 30.96691 1.3690889 30.96691
 1.8923739 32.391491 0.030872305 30.965727 1.4257643 30.965727
 1.8960907 32.444706 0.030821669 30.964519 1.480187 30.964519
 1.8998074 32.485287 0.030783167 30.963287 1.522 30.963287
 1.9035241 32.528244 0.030742514 30.96203 1.5662141 30.96203
 1.9072409 32.58897 0.030685229 30.960749 1.6282215 30.960749
 1.9109576 32.642319 0.030635079 30.959443 1.6828756 30.959443
 1.9146744 32.606789 0.03066846 30.958113 1.6486754 30.958113
 1.9183911 32.577572 0.030695965 30.956759 1.6208126 30.956759
 1.9221079 32.572674 0.030700581 30.955381 1.6172927 30.955381
 1.9258246 32.643852 0.030633639 30.953979 1.6898732 30.953979
 1.9295413 32.72213 0.030560358 30.952553 1.7695768 30.952553
 1.9332581 32.715107 0.030566918 30.951103 1.7640038 30.951103
 1.9369748 32.690071 0.030590328 30.949629 1.7404416 30.949629
 1.9406916 32.701977 0.030579191 30.948132 1.7538446 30.948132
 1.9444083 32.728577 0.030554338 30.946611 1.7819654 30.946611
 1.948125 32.758152 0.030526753 30.945067 1.8130852 30.945067
 1.9518418 32.760071 0.030524965 30.943499 1.8165718 30.943499
 1.9555585 32.788925 0.030498102 30.941908 1.8470174 30.941908
 1.9592753 32.834633 0.030455647 30.940293 1.8943396 30.940293
 1.962992 32.926617 0.030370566 30.938656 1.9879611 30.938656
 1.9667087 33.05077 0.030256481 30.936995 2.113775 30.936995
 1.9704255 33.096783 0.030214417 30.935311 2.1614716 30.935311
 1.9741422 33.031097 0.030274501 30.933604 2.097493 30.933604
 1.977859 33.000225 0.030302824 30.931875 2.0683503 30.931875
 1.9815757 32.992657 0.030309775 30.930122 2.0625343 30.930122
 1.9852925 32.994873 0.030307739 30.928347 2.0665257 30.928347
 1.9890092 32.979847 0.030321548 30.92655 2.0532972 30.92655
 1.9927259 33.031002 0.030274589 30.92473 2.1062725 30.92473
 1.9964427 33.059288 0.030248685 30.922887 2.1364011 30.922887
 2.0001594 33.024273 0.030280757 30.921022 2.103251 30.921022
 2.0038762 32.986874 0.030315089 30.919135 2.0677391 30.919135
 2.0075929 33.003548 0.030299773 30.917225 2.0863226 30.917225
 2.0113096 33.062572 0.03024568 30.915293 2.1472791 30.915293
 2.0150264 33.121773 0.030191621 30.91334 2.208433 30.91334
 2.0187431 33.161926 0.030155064 30.911364 2.2505622 30.911364
 2.0224599 33.213074 0.030108626 30.909367 2.3037072 30.909367
 2.0261766 33.222431 0.030100145 30.907347 2.315084 30.907347
 2.0298933 33.223743 0.030098956 30.905306 2.3184374 30.905306
 2.0336101 33.236641 0.030087276 30.903243 2.3333976 30.903243
 2.0373268 33.267879 0.030059024 30.901159 2.3667205 30.901159
 2.0410436 33.328335 0.030004499 30.899053 2.4292816 30.899053
 2.0447603 33.366562 0.029970124 30.896926 2.4696358 30.896926
 2.0484771 33.46748 0.029879752 30.894778 2.5727022 30.894778
 2.0521938 33.500114 0.029850644 30.892608 2.6075067 30.892608
 2.0559105 33.466019 0.029881057 30.890417 2.5756019 30.890417
 2.0596273 33.434715 0.029909033 30.888205 2.5465106 30.888205
 2.063344 33.478558 0.029869865 30.885972 2.5925859 30.885972
 2.0670608 33.55558 0.029801303 30.883718 2.6718625 30.883718
 2.0707775 33.653084 0.029714959 30.881443 2.771641 30.881443
 2.0744942 33.726814 0.029649999 30.879147 2.8476671 30.879147
 2.078211 33.757072 0.029623422 30.876831 2.8802417 30.876831
 2.0819277 33.767254 0.02961449 30.874494 2.8927601 30.874494
 2.0856445 33.787636 0.029596625 30.872136 2.9154995 30.872136
 2.0893612 33.78611 0.029597962 30.869758 2.9163516 30.869758
 2.093078 33.817074 0.029570861 30.86736 2.9497139 30.86736
 2.0967947 33.878914 0.029516885 32.421272 1.457642 30.864941
 2.1005114 33.951572 0.029453717 32.478877 1.4726952 30.862502
 2.1042282 33.969543 0.029438135 32.540011 1.4295321 30.860043
 2.1079449 33.926983 0.029475064 32.604969 1.322014 30.857564
 2.1116617 33.905216 0.029493987 32.674017 1.2311995 30.855065
 2.1153784 33.956875 0.029449118 32.747493 1.2093821 30.852546
 2.1190951 34.015034 0.029398766 32.82587 1.1891638 30.850007
 2.1228119 34.119507 0.029308747 32.909489 1.2100181 30.847448
 2.1265286 34.272957 0.029177523 32.998802 1.2741548 30.84487
 2.1302454 34.381897 0.029085073 33.094376 1.287521 30.842272
 2.1339621 34.431778 0.029042938 33.196831 1.2349472 30.839654
 2.1376788 34.46682 0.029013411 33.306729 1.160091 30.837017
 2.1413956 34.585999 0.028913434 33.424786 1.1612123 30.834361
 2.1451123 34.72694 0.028796087 33.551984 1.1749565 30.831685
 2.1488291 34.833946 0.028707629 33.689119 1.1448269 30.82899
 2.1525458 34.962193 0.028602325 33.837195 1.1249973 30.826276
 2.1562626 35.097359 0.028492173 33.997466 1.0998928 30.823543
 2.1599793 35.232224 0.028383108 34.17139 1.0608331 30.820791
 2.163696 35.326424 0.028307423 34.360318 0.96610533 30.818019
 2.1674128 35.45528 0.028204544 34.565982 0.88929876 30.815229
 2.1711295 35.657108 0.028044899 34.790716 0.86639257 30.812421
 2.1748463 35.832287 0.027907792 35.036651 0.79563533 30.809593
 2.178563 35.92313 0.027837218 35.30638 0.61674999 30.806747
 2.1822797 36.048542 0.027740373 35.603168 0.44537353 30.803882
 2.1859965 36.196514 0.02762697 35.93104 0.26547415 30.800999
 2.1897132 36.363693 0.027499957 36.29387 0.069823555 30.798098
 2.19343 36.568558 0.027345897 36.696695 -0.12813755 30.795178
 2.1971467 36.884922 0.027111349 37.146297 -0.2613748 30.79224
 2.2008635 37.334663 0.02678476 37.64958 -0.31491622 30.789283
 2.2045802 37.686802 0.026534488 38.214914 -0.52811234 30.786309
 2.2082969 37.990002 0.026322715 38.853061 -0.86305898 30.783316
 2.2120137 38.32687 0.026091356 39.578087 -1.2512169 30.780306
 2.2157304 38.839111 0.025747242 40.404494 -1.5653831 30.777277
 2.2194472 39.446903 0.025350532 41.351626 -1.9047226 30.774231
 2.2231639 40.154488 0.024903817 42.446043 -2.2915558 30.771167
 2.2268806 41.081345 0.024341949 43.718197 -2.6368523 30.768086
 2.2305974 42.269531 0.023657703 45.206559 -2.9370281 30.764986
 2.2343141 43.727547 0.02286888 46.964039 -3.2364927 30.76187
 2.2380309 45.782639 0.021842341 49.070775 -3.2881362 30.758736
 2.2417476 48.739189 0.02051737 51.639863 -2.9006739 30.755584
 2.2454643 52.90522 0.018901727 54.890314 -1.9850941 30.752415
 2.2491811 59.051281 0.016934434 59.313364 -0.26208315 30.749229
 2.2528978 68.565125 0.014584674 66.008666 2.5564581 30.746026
 2.2566146 83.405655 0.011989595 77.328631 6.0770241 30.742806
 2.2603313 107.05293 0.009341174 97.960318 9.092607 30.739568
 2.2640481 146.81354 0.006811361 136.63663 10.176911 30.736314
 2.2677648 212.51651 0.0047055168 205.6502 6.8663074 30.733043
 2.2714815 318.08176 0.0031438458 319.94037 -1.8586174 30.729755
 2.2751983 482.75891 0.0020714273 492.9158 -10.156893 30.72645
 2.278915 711.83026 0.0014048293 726.56889 -14.73863 30.723129
 2.2826318 990.05005 0.0010100499 1003.1721 -13.122063 30.719791
 2.2863485 1285.0073 0.00077820568 1282.2569 2.7504245 30.716437
 2.2900652 1511.0734 0.00066178124 1499.7107 11.362651 30.713066
 2.293782 1601.6464 0.00062435755 1589.301 12.345398 30.709679
 2.2974987 1531.0985 0.00065312584 1517.9263 13.172166 30.706276
 2.3012155 1320.9279 0.00075704362 1311.2197 9.7081623 30.702856
 2.3049322 1037.5471 0.00096381165 1035.8267 1.7204287 30.69942
 2.308649 740.9671 0.0013495876 756.38334 -15.416239 30.695968
 2.3123657 500.52219 0.0019979134 516.27744 -15.755256 30.6925
 2.3160824 332.96967 0.0030032766 336.6808 -3.7111384 30.689016
 2.3197992 220.77335 0.0045295323 216.07494 4.6984101 30.685517
 2.3235159 150.6813 0.0066365234 142.54112 8.1401842 30.682001
 2.3272327 109.6797 0.0091174572 101.24667 8.4330294 30.67847
 2.3309494 84.474442 0.0118379 79.04492 5.4295219 30.674923
 2.3346661 68.720482 0.014551702 66.921151 1.7993312 30.67136
 2.3383829 59.114449 0.016916338 59.83984 -0.72539103 30.667782
 2.3420996 52.694096 0.018977458 55.23819 -2.5440941 30.664189
 2.3458164 48.330765 0.020690755 51.875845 -3.5450806 30.66058
 2.3495331 45.382256 0.022035044 49.234428 -3.852172 30.656956
 2.3532498 43.250347 0.023121202 47.077186 -3.8268393 30.653317
 2.3569666 41.693592 0.023984501 45.277786 -3.5841938 30.649662
 2.3606833 40.508514 0.024686168 43.754047 -3.2455331 30.645993
 2.3644001 39.545879 0.025287085 42.452065 -2.9061852 30.642308
 2.3681168 38.760242 0.025799632 41.333648 -2.5734054 30.638608
 2.3718336 38.141682 0.026218036 40.363987 -2.2223058 30.634894
 2.3755503 37.600006 0.02659574 39.517721 -1.9177153 30.631164
 2.379267 37.108059 0.026948324 38.775532 -1.6674729 30.62742
 2.3829838 36.688599 0.027256424 38.12162 -1.4330215 30.623662
 2.3867005 36.301331 0.0275472 37.541576 -1.2402456 30.619888
 2.3904173 35.957993 0.027810229 37.024751 -1.0667586 30.6161
 2.394134 35.6008 0.028089257 36.563074 -0.96227415 30.612298
 2.3978507 35.320862 0.02831188 36.148409 -0.82754714 30.608481
 2.4015675 35.028477 0.028548201 35.77442 -0.74594348 30.60465
 2.4052842 34.820541 0.02871868 35.436124 -0.61558266 30.600804
 2.409001 34.581741 0.028916994 35.129367 -0.54762551 30.596945
 2.4127177 34.357994 0.029105308 34.849917 -0.49192321 30.593071
 2.4164344 34.13401 0.029296294 34.594618 -0.46060797 30.589183
 2.4201512 33.99287 0.029417934 34.361033 -0.36816246 30.585281
 2.4238679 33.845634 0.029545908 34.146559 -0.30092489 30.581365
 2.4275847 33.710453 0.029664389 33.949055 -0.23860168 30.577436
 2.4313014 33.507996 0.029843623 33.766811 -0.2588154 30.573492
 2.4350182 33.36771 0.029969093 33.598424 -0.23071352 30.569535
 2.4387349 33.232876 0.030090685 33.442297 -0.20942167 30.565564
 2.4424516 33.149506 0.030166362 33.297251 -0.14774575 30.56158
 2.4461684 33.051487 0.030255825 33.162365 -0.1108781 30.557582
 2.4498851 32.927029 0.030370186 33.036623 -0.10959424 30.55357
 2.4536019 32.791866 0.030495367 32.91914 -0.12727335 30.549546
 2.4573186 32.637981 0.03063915 32.809207 -0.17122596 30.545507
 2.4610353 32.531414 0.030739518 32.706266 -0.17485237 30.541456
 2.4647521 32.427727 0.030837808 32.609604 -0.18187735 30.537391
 2.4684688 32.328342 0.03093261 32.518702 -0.19035981 30.533313
 2.4721856 32.239437 0.031017911 32.433155 -0.19371758 30.529223
 2.4759023 32.154255 0.031100083 32.352507 -0.198252 30.525119
 2.4796191 32.033268 0.031217545 32.276338 -0.24306991 30.521002
 2.4833358 31.935236 0.031313374 32.204311 -0.26907536 30.516872
 2.4870525 31.851326 0.031395867 32.136178 -0.28485204 30.51273
 2.4907693 31.747183 0.031498858 32.071578 -0.32439521 30.508574
 2.494486 31.627468 0.031618086 30.504407 1.1230615 30.504407
 2.4982028 31.569803 0.031675839 30.500226 1.0695772 30.500226
 2.5019195 31.575327 0.031670298 30.496033 1.0792939 30.496033
 2.5056362 31.568132 0.031677515 30.491827 1.0763049 30.491827
 2.509353 31.526005 0.031719845 30.48761 1.0383953 30.48761
 2.5130697 31.49173 0.031754369 30.483379 1.0083505 30.483379
 2.5167865 31.409086 0.031837921 30.479137 0.92994961 30.479137
 2.5205032 31.369045 0.03187856 30.474882 0.89416345 30.474882
 2.5242199 31.28783 0.031961309 30.470615 0.81721551 30.470615
 2.5279367 31.273529 0.031975924 30.466336 0.80719327 30.466336
 2.5316534 31.222565 0.032028118 30.462045 0.76052 30.462045
 2.5353702 31.199533 0.032051761 30.457742 0.74179182 30.457742
 2.5390869 31.114157 0.032139711 30.453427 0.66073003 30.453427
 2.5428037 31.047773 0.032208429 30.4491 0.59867346 30.4491
 2.5465204 30.959736 0.032300017 30.444761 0.51497453 30.444761
 2.5502371 30.891302 0.032371572 30.440411 0.45089104 30.440411
 2.5539539 30.903734 0.032358549 30.436049 0.46768505 30.436049
 2.5576706 30.891546 0.032371316 30.431676 0.45987059 30.431676
 2.5613874 30.909231 0.032352794 30.427291 0.48194055 30.427291
 2.5651041 30.89798 0.032364576 30.422894 0.47508557 30.422894
 2.5688208 30.890491 0.032372421 30.418486 0.47200519 30.418486
 2.5725376 30.812321 0.03245455 30.414067 0.3982536 30.414067
 2.5762543 30.759676 0.032510095 30.409637 0.35003933 30.409637
 2.5799711 30.727625 0.032544006 30.405195 0.3224299 30.405195
 2.5836878 30.676004 0.03259877 30.400742 0.27526223 30.400742
 2.5874046 30.628252 0.032649594 30.396278 0.23197373 30.396278
 2.5911213 30.661943 0.032613719 30.391803 0.27014004 30.391803
 2.594838 30.679741 0.032594799 30.387318 0.29242337 30.387318
 2.5985548 30.614038 0.032664753 30.382821 0.23121767 30.382821
 2.6022715 30.541815 0.032741997 30.378313 0.16350158 30.378313
 2.6059883 30.538275 0.032745792 30.373795 0.16447989 30.373795
 2.609705 30.577475 0.032703813 30.369266 0.20820876 30.369266
 2.6134217 30.580969 0.032700076 30.364726 0.21624272 30.364726
 2.6171385 30.567045 0.032714971 30.360176 0.20686934 30.360176
 2.6208552 30.564028 0.032718201 30.355615 0.20841272 30.355615
 2.624572 30.507319 0.03277902 30.351044 0.15627468 30.351044
 2.6282887 30.400232 0.032894485 30.346462 0.05377015 30.346462
 2.6320054 30.329323 0.032971392 30.34187 -0.012547372 30.34187
 2.6357222 30.335802 0.03296435 30.337268 -0.0014658399 30.337268
 2.6394389 30.337763 0.03296222 30.332655 0.0051073868 30.332655
 2.6431557 30.346067 0.032953199 30.328033 0.018034617 30.328033
 2.6468724 30.368605 0.032928744 30.3234 0.04520457 30.3234
 2.6505892 30.376381 0.032920314 30.318757 0.057623584 30.318757
 2.6543059 30.328108 0.032972713 30.314105 0.01400322 30.314105
 2.6580226 30.284788 0.033019878 30.309442 -0.024653844 30.309442
 2.6617394 30.272602 0.03303317 30.304769 -0.032167407 30.304769
 2.6654561 30.251949 0.033055721 30.300087 -0.048137899 30.300087
 2.6691729 30.252934 0.033054646 30.295395 -0.042461702 30.295395
 2.6728896 30.272324 0.033033474 30.290694 -0.018369915 30.290694
 2.6766063 30.266979 0.033039306 30.285982 -0.019003018 30.285982
 2.6803231 30.261559 0.033045225 30.281261 -0.019702871 30.281261
 2.6840398 30.240746 0.033067968 30.276531 -0.035785533 30.276531
 2.6877566 30.196587 0.033116326 30.271791 -0.075204705 30.271791
 2.6914733 30.156105 0.033160781 30.267042 -0.11093714 30.267042
 2.6951901 30.112215 0.033209115 30.262284 -0.1500687 30.262284
 2.6989068 30.122169 0.03319814 30.257516 -0.13534656 30.257516
 2.7026235 30.137262 0.033181514 30.252739 -0.11547682 30.252739
 2.7063403 30.158682 0.033157948 30.247953 -0.089271269 30.247953
 2.710057 30.155729 0.033161194 30.243158 -0.087428752 30.243158
 2.7137738 30.125391 0.03319459 30.238354 -0.11296292 30.238354
 2.7174905 30.121943 0.03319839 30.233541 -0.11159834 30.233541
 2.7212072 30.15708 0.033159709 30.228719 -0.071639185 30.228719
 2.724924 30.191439 0.033121972 30.223888 -0.032449404 30.223888
 2.7286407 30.222109 0.033088359 30.219048 0.0030603597 30.219048
 2.7323575 30.256382 0.033050878 30.2142 0.042181827 30.2142
 2.7360742 30.276215 0.033029228 30.209343 0.06687142 30.209343
 2.7397909 30.255527 0.033051812 30.204478 0.05104991 30.204478
 2.7435077 30.223228 0.033087134 30.199603 0.023625 30.199603
 2.7472244 30.202616 0.033109715 30.194721 0.0078949208 30.194721
 2.7509412 30.198225 0.033114529 30.18983 0.0083952656 30.18983
 2.7546579 30.200424 0.033112118 30.18493 0.015493877 30.18493
 2.7583747 30.203825 0.033108389 30.180023 0.023802446 30.180023
 2.7620914 30.176535 0.033138331 30.175107 0.0014281162 30.175107
 2.7658081 30.154907 0.033162098 30.170182 -0.01527508 30.170182
 2.7695249 30.115946 0.033205001 30.16525 -0.04930412 30.16525
 2.7732416 30.151581 0.033165757 30.160309 -0.0087286703 30.160309
 2.7769584 30.163551 0.033152595 30.155361 0.0081903412 30.155361
 2.7806751 30.208658 0.033103092 30.150405 0.058253698 30.150405
 2.7843918 30.202177 0.033110196 30.14544 0.056736913 30.14544
 2.7881086 30.199184 0.033113477 30.140468 0.058716529 30.140468
 2.7918253 30.134027 0.033185076 30.135488 -0.0014603593 30.135488
 2.7955421 30.081652 0.033242855 30.1305 -0.048848349 30.1305
 2.7992588 30.09774 0.033225086 30.125505 -0.027764378 30.125505
 2.8029755 30.163624 0.033152515 30.120501 0.04312239 30.120501
 2.8066923 30.217253 0.033093677 30.115491 0.10176202 30.115491
 2.810409 30.177542 0.033137225 30.110472 0.067069247 30.110472
 2.8141258 30.115549 0.033205438 30.105447 0.010102305 30.105447
 2.8178425 30.103519 0.033218707 30.100414 0.0031057641 30.100414
 2.8215593 30.142015 0.033176282 30.095373 0.046642249 30.095373
 2.825276 30.232592 0.033076886 30.090325 0.14226618 30.090325
 2.8289927 30.250704 0.033057082 30.08527 0.16543337 30.08527
 2.8327095 30.271936 0.033033896 30.080208 0.19172818 30.080208
 2.8364262 30.26156 0.033045223 30.075139 0.18642153 30.075139
 2.840143 30.268555 0.033037587 30.070062 0.19849219 30.070062
 2.8438597 30.264217 0.033042321 30.064979 0.19923832 30.064979
 2.8475764 30.281095 0.033023904 30.059889 0.22120684 30.059889
 2.8512932 30.312016 0.032990218 30.054791 0.25722418 30.054791
 2.8550099 30.307444 0.032995195 30.049687 0.25775644 30.049687
 2.8587267 30.290001 0.033014195 30.044576 0.24542472 30.044576
 2.8624434 30.254795 0.033052612 30.039458 0.2153366 30.039458
 2.8661602 30.265299 0.033041141 30.034334 0.23096479 30.034334
 2.8698769 30.319902 0.032981636 30.029203 0.29069942 30.029203
 2.8735936 30.366446 0.032931085 30.024065 0.34238019 30.024065
 2.8773104 30.353733 0.032944877 30.018921 0.33481189 30.018921
 2.8810271 30.330542 0.032970067 30.013771 0.31677109 30.013771
 2.8847439 30.308994 0.032993506 30.008613 0.30038085 30.008613
 2.8884606 30.309818 0.03299261 30.00345 0.30636827 30.00345
 2.8921773 30.327324 0.032973565 29.99828 0.32904367 29.99828
 2.8958941 30.389183 0.032906446 29.993104 0.39607883 29.993104
 2.8996108 30.399712 0.032895049 29.987922 0.41178963 29.987922
 2.9033276 30.395012 0.032900135 29.982734 0.41227831 29.982734
 2.9070443 30.383345 0.032912769 29.977539 0.40580554 29.977539
 2.910761 30.402239 0.032892314 29.972339 0.42990028 29.972339
 2.9144778 30.382881 0.032913271 29.967132 0.41574912 29.967132
 2.9181945 30.375763 0.032920984 29.96192 0.41384337 29.96192
 2.9219113 30.390045 0.032905512 29.956701 0.43334396 29.956701
 2.925628 30.40519 0.032889122 29.951477 0.4537125 29.951477
 2.9293448 30.433632 0.032858385 29.946247 0.48738487 29.946247
 2.9330615 30.50392 0.032782672 29.941011 0.56290828 29.941011
 2.9367782 30.518829 0.032766657 29.93577 0.58305942 29.93577
 2.940495 30.475437 0.032813311 29.930523 0.54491424 29.930523
 2.9442117 30.425652 0.032867004 29.92527 0.50038122 29.92527
 2.9479285 30.472157 0.032816844 29.920012 0.5521443 29.920012
 2.9516452 30.539968 0.032743976 29.914749 0.62521984 29.914749
 2.9553619 30.573351 0.032708224 29.90948 0.66387126 29.90948
 2.9590787 30.598114 0.032681753 29.904205 0.69390871 29.904205
 2.9627954 30.663404 0.032612165 29.898926 0.76447883 29.898926
 2.9665122 30.694313 0.032579325 29.893641 0.80067236 29.893641
 2.9702289 30.747559 0.032522907 29.888351 0.85920804 29.888351
 2.9739457 30.802444 0.032464956 29.883055 0.9193892 29.883055
 2.9776624 30.856138 0.032408463 29.877755 0.97838338 29.877755
 2.9813791 30.837215 0.03242835 29.872449 0.96476603 29.872449
 2.9850959 30.826332 0.032439798 29.867139 0.95919316 29.867139
 2.9888126 30.850082 0.032414824 29.861824 0.98825889 29.861824
 2.9925294 30.894897 0.032367804 29.856503 1.0383943 29.856503
 2.9962461 30.965515 0.032293989 29.851178 1.1143371 29.851178
 2.9999628 31.066591 0.032188919 29.845848 1.2207432 29.845848
 3.0036796 31.174545 0.032077453 29.840513 1.3340319 29.840513
 3.0073963 31.236656 0.03201367 29.835174 1.4014823 29.835174
 3.0111131 31.290855 0.031958219 29.82983 1.4610255 29.82983
 3.0148298 31.308458 0.03194025 29.824481 1.4839771 29.824481
 3.0185465 31.320473 0.031927998 29.819128 1.5013447 29.819128
 3.0222633 31.378744 0.031868707 29.81377 1.5649738 29.81377
 3.02598 31.484106 0.031762058 29.808408 1.6756979 29.808408
 3.0296968 31.59173 0.031653854 29.803042 1.7886885 29.803042
 3.0334135 31.689034 0.031556658 29.797671 1.8913628 29.797671
 3.0371303 31.776937 0.031469364 29.792295 1.984642 29.792295
 3.040847 31.914999 0.03133323 29.786916 2.128083 29.786916
 3.0445637 32.050491 0.03120077 29.781532 2.2689589 29.781532
 3.0482805 32.166824 0.031087931 29.776145 2.3906797 29.776145
 3.0519972 32.233059 0.031024049 29.770753 2.4623062 29.770753
 3.055714 32.302593 0.030957267 32.546167 -0.24357413 29.765357
 3.0594307 32.42112 0.030844092 32.652841 -0.23172136 29.759957
 3.0631474 32.545956 0.030725784 32.766478 -0.22052273 29.754553
 3.0668642 32.676243 0.030603274 32.887596 -0.21135312 29.749145
 3.0705809 32.767971 0.030517605 33.016785 -0.24881366 29.743734
 3.0742977 32.911263 0.030384735 33.15478 -0.2435179 29.738318
 3.0780144 33.076401 0.030233036 33.302493 -0.22609249 29.732899
 3.0817311 33.285866 0.030042782 33.460643 -0.17477764 29.727476
 3.0854479 33.453297 0.02989242 33.630192 -0.17689577 29.722049
 3.0891646 33.594181 0.02976706 33.812406 -0.21822452 29.716619
 3.0928814 33.774681 0.029607978 34.008436 -0.23375467 29.711186
 3.0965981 33.98341 0.029426123 34.219559 -0.23614941 29.705748
 3.1003149 34.185646 0.029252043 34.447361 -0.26171525 29.700308
 3.1040316 34.425579 0.029048168 34.693888 -0.26830911 29.694863
 3.1077483 34.69632 0.028821501 34.960821 -0.26450108 29.689416
 3.1114651 34.972858 0.028593602 35.250398 -0.27753978 29.683965
 3.1151818 35.22654 0.028387688 35.565531 -0.33899148 29.678511
 3.1188986 35.568451 0.028114803 35.909124 -0.34067287 29.673054
 3.1226153 35.899837 0.027855279 36.284357 -0.38451918 29.667593
 3.126332 36.182377 0.027637764 36.695193 -0.51281623 29.66213
 3.1300488 36.501381 0.027396224 37.146951 -0.64557052 29.656663
 3.1337655 36.859005 0.027130412 37.644254 -0.78524917 29.651193
 3.1374823 37.245625 0.026848791 38.193273 -0.94764837 29.64572
 3.141199 37.64399 0.026564666 38.802022 -1.158032 29.640245
 3.1449158 38.095749 0.026249648 39.479232 -1.383483 29.634766
 3.1486325 38.606586 0.025902316 40.234598 -1.6280117 29.629285
 3.1523492 39.157722 0.025537747 41.080373 -1.9226504 29.6238
 3.156066 39.794544 0.025129073 42.033663 -2.2391183 29.618313
 3.1597827 40.517735 0.024680551 43.110585 -2.5928505 29.612824
 3.1634995 41.327015 0.024197247 44.332939 -3.0059239 29.607331
 3.1672162 42.282612 0.023650384 45.729542 -3.4469303 29.601836
 3.1709329 43.409473 0.023036446 47.334858 -3.9253844 29.596339
 3.1746497 44.822048 0.022310449 49.188968 -4.3669193 29.590839
 3.1783664 46.636547 0.021442411 51.34482 -4.7082725 29.585336
 3.1820832 48.889404 0.02045433 53.880097 -4.9906928 29.579831
 3.1857999 51.873833 0.019277542 56.883846 -5.0100131 29.574324
 3.1895166 56.037727 0.017845121 60.496809 -4.4590813 29.568814
 3.1932334 61.802425 0.016180595 64.974452 -3.1720267 29.563302
 3.1969501 69.979195 0.014289962 70.844826 -0.86563167 29.557788
 3.2006669 82.511131 0.012119577 79.255394 3.2557368 29.552271
 3.2043836 101.9565 0.009808104 92.76974 9.1867646 29.546753
 3.2081004 132.32507 0.0075571468 117.09264 15.232433 29.541232
 3.2118171 182.85443 0.0054688311 162.56046 20.293972 29.535709
 3.2155338 266.02917 0.0037589862 246.06874 19.960432 29.530185
 3.2192506 399.14447 0.0025053585 391.59556 7.5489065 29.524658
 3.2229673 616.36835 0.0016224065 625.6354 -9.2670536 29.519129
 3.2266841 937.86566 0.0010662508 963.9546 -26.088935 29.513598
 3.2304008 1360.7385 0.00073489505 1400.4558 -39.717294 29.508066
 3.2341175 1874.4618 0.00053348647 1893.8232 -19.361406 29.502532
 3.2378343 2366.8982 0.00042249388 2360.0986 6.7995527 29.496996
 3.241551 2714.7578 0.00036835698 2689.4571 25.300662 29.491458
 3.2452678 2819.8091 0.00035463394 2777.9357 41.873408 29.485919
 3.2489845 2631.7146 0.00037998041 2590.9816 40.733021 29.480378
 3.2527013 2221.3921 0.00045016816 2197.9294 23.46268 29.474835
 3.256418 1692.0693 0.00059099233 1709.7319 -17.662577 29.469291
 3.2601347 1187.6729 0.0008419827 1229.842 -42.169183 29.463745
 3.2638515 798.37878 0.0012525383 826.72206 -28.34328 29.458198
 3.2675682 520.81451 0.0019200694 527.50457 -6.6900598 29.45265
 3.271285 338.36337 0.0029554026 328.81407 9.5493033 29.4471
 3.2750017 226.88989 0.0044074242 209.43476 17.455132 29.441549
 3.2787184 159.56857 0.0062668982 142.29344 17.275132 29.435997
 3.2824352 118.25475 0.0084563197 106.19003 12.064723 29.430443
 3.2861519 92.735672 0.010783337 86.823832 5.9118395 29.424888
 3.2898687 76.654449 0.013045557 75.603729 1.0507201 29.419332
 3.2935854 66.054962 0.015138908 68.317205 -2.2622427 29.413775
 3.2973021 58.951523 0.01696309 63.038811 -4.0872878 29.408217
 3.3010189 53.965332 0.018530415 58.913664 -4.9483321 29.402658
 3.3047356 50.3307 0.019868589 55.534377 -5.203677 29.397098
 3.3084524 47.629398 0.020995436 52.704932 -5.0755339 29.391537
 3.3121691 45.601875 0.021928923 50.309818 -4.7079432 29.385975
 3.3158859 43.950359 0.022752943 48.260676 -4.3103167 29.380412
 3.3196026 42.650776 0.023446232 46.492419 -3.8416433 29.374849
 3.3233193 41.536072 0.024075459 44.957032 -3.4209605 29.369284
 3.3270361 40.58535 0.024639433 43.618114 -3.0327643 29.363719
 3.3307528 39.779427 0.025138623 42.440937 -2.6615105 29.358154
 3.3344696 39.12196 0.025561092 41.400712 -2.2787523 29.352587
 3.3381863 38.511715 0.025966125 40.478377 -1.9666625 29.347021
 3.341903 37.949459 0.026350837 39.656339 -1.7068798 29.341453
 3.3456198 37.393951 0.026742293 38.919945 -1.5259936 29.335885
 3.3493365 36.922062 0.027084078 38.257849 -1.3357874 29.330317
 3.3530533 36.520718 0.027381718 37.66139 -1.1406725 29.324748
 3.35677 36.101543 0.027699647 37.121106 -1.0195622 29.319179
 3.3604868 35.706356 0.028006218 36.63017 -0.92381385 29.313609
 3.3642035 35.313129 0.028318079 36.183175 -0.87004606 29.308039
 3.3679202 35.000427 0.02857108 35.774913 -0.77448529 29.302469
 3.371637 34.654568 0.028856225 35.400698 -0.74613019 29.296899
 3.3753537 34.287453 0.029165188 35.056839 -0.76938677 29.291328
 3.3790705 33.945282 0.029459175 34.74061 -0.79532796 29.285758
 3.3827872 33.679279 0.029691847 34.448608 -0.76932905 29.280187
 3.3865039 33.451801 0.029893756 34.178403 -0.72660141 29.274616
 3.3902207 33.186867 0.030132402 33.928029 -0.7411626 29.269045
 3.3939374 32.910782 0.030385179 33.695566 -0.78478422 29.263475
 3.3976542 32.696926 0.030583915 33.479149 -0.78222306 29.257904
 3.4013709 32.559467 0.030713033 33.277313 -0.71784613 29.252333
 3.4050876 32.395088 0.030868877 33.08899 -0.69390173 29.246763
 3.4088044 32.203236 0.03105278 32.912751 -0.70951508 29.241193
 3.4125211 32.014889 0.031235467 32.74755 -0.73266169 29.235623
 3.4162379 31.804661 0.031441933 32.592544 -0.7878836 29.230053
 3.4199546 31.626629 0.031618925 32.44691 -0.8202815 29.224483
 3.4236714 31.448164 0.031798359 32.309785 -0.86162051 29.218914
 3.4273881 31.312244 0.031936388 32.180497 -0.86825256 29.213346
 3.4311048 31.157963 0.032094524 32.058563 -0.90060048 29.207777
 3.4348216 31.018848 0.032238463 31.943308 -0.92445973 29.20221
 3.4385383 30.902525 0.032359815 29.196642 1.7058826 29.196642
 3.4422551 30.778889 0.032489802 29.191076 1.5878131 29.191076
 3.4459718 30.636805 0.03264048 29.185509 1.4512952 29.185509
 3.4496885 30.492115 0.032795364 29.179944 1.3121711 29.179944
 3.4534053 30.132847 0.033186377 29.174379 0.95846783 29.174379
 3.457122 29.921688 0.033420574 29.168815 0.75287325 29.168815
 3.4608388 29.800276 0.033556736 29.163251 0.6370244 29.163251
 3.4645555 29.979221 0.033356437 29.157689 0.82153259 29.157689
 3.4682722 30.027502 0.033302803 29.152127 0.87537514 29.152127
 3.471989 29.979918 0.033355662 29.146566 0.83335158 29.146566
 3.4757057 29.868517 0.033480069 29.141006 0.72751105 29.141006
 3.4794225 29.724127 0.033642704 29.135447 0.5886801 29.135447
 3.4831392 29.62142 0.033759354 29.129889 0.49153136 29.129889
 3.486856 29.518681 0.033876853 29.124331 0.39434918 29.124331
 3.4905727 29.490522 0.033909199 29.118775 0.3717471 29.118775
 3.4942894 29.466787 0.033936513 29.11322 0.35356708 29.11322
 3.4980062 29.448009 0.033958153 29.107666 0.34034313 29.107666
 3.5017229 29.398247 0.034015634 29.102114 0.29613315 29.102114
 3.5054397 29.370064 0.034048275 29.096562 0.2735017 29.096562
 3.5091564 29.342937 0.034079751 29.091012 0.25192569 29.091012
 3.5128731 29.278517 0.034154736 29.085463 0.19305401 29.085463
 3.5165899 29.226141 0.034215944 29.079915 0.14622593 29.079915
 3.5203066 29.19109 0.034257029 29.074369 0.11672094 29.074369
 3.5240234 29.153448 0.03430126 29.068824 0.084624382 29.068824
 3.5277401 29.058561 0.034413266 29.06328 -0.004718841 29.06328
 3.5314569 28.959742 0.034530695 29.057738 -0.097996495 29.057738
 3.5351736 28.919876 0.034578295 29.052197 -0.1323214 29.052197
 3.5388903 28.905502 0.034595489 29.046658 -0.14115613 29.046658
 3.5426071 28.836927 0.034677758 29.041121 -0.20419356 29.041121
 3.5463238 28.785276 0.034739983 29.035585 -0.25030869 29.035585
 3.5500406 28.763025 0.034766857 29.030051 -0.2670256 29.030051
 3.5537573 28.77673 0.0347503 29.024518 -0.24778876 29.024518
 3.557474 28.739872 0.034794866 29.018988 -0.27911554 29.018988
 3.5611908 28.677515 0.034870525 29.013458 -0.33594342 29.013458
 3.5649075 28.654734 0.034898248 29.007931 -0.35319752 29.007931
 3.5686243 28.617825 0.034943257 29.002406 -0.38458118 29.002406
 3.572341 28.532982 0.035047161 28.996882 -0.46390028 28.996882
 3.5760577 28.468348 0.035126731 28.99136 -0.52301291 28.99136
 3.5797745 28.472052 0.035122162 28.985841 -0.5137891 28.985841
 3.5834912 28.517235 0.035066514 28.980323 -0.46308814 28.980323
 3.587208 28.486288 0.035104609 28.974807 -0.4885191 28.974807
 3.5909247 28.420576 0.035185775 28.969293 -0.54871735 28.969293
 3.5946415 28.375113 0.035242151 28.963782 -0.58866927 28.963782
 3.5983582 28.375395 0.0352418 28.958272 -0.58287745 28.958272
 3.6020749 28.396971 0.035215024 28.952765 -0.55579414 28.952765
 3.6057917 28.400867 0.035210192 28.94726 -0.54639223 28.94726
 3.6095084 28.386854 0.035227574 28.941757 -0.55490254 28.941757
 3.6132252 28.395788 0.03521649 28.936256 -0.5404678 28.936256
 3.6169419 28.392845 0.035220141 28.930758 -0.5379124 28.930758
 3.6206586 28.395403 0.035216968 28.925261 -0.52985853 28.925261
 3.6243754 28.360735 0.035260017 28.919768 -0.55903276 28.919768
 3.6280921 28.343719 0.035281185 28.914276 -0.57055686 28.914276
 3.6318089 28.319288 0.035311622 28.908787 -0.58949917 28.908787
 3.6355256 28.29635 0.035340246 28.903301 -0.60695048 28.903301
 3.6392424 28.241417 0.035408988 28.897817 -0.65640006 28.897817
 3.6429591 28.213568 0.03544394 28.892336 -0.67876784 28.892336
 3.6466758 28.233862 0.035418463 28.886857 -0.65299478 28.886857
 3.6503926 28.255209 0.035391704 28.88138 -0.62617147 28.88138
 3.6541093 28.213495 0.035444031 28.875907 -0.66241157 28.875907
 3.6578261 28.212746 0.035444973 28.870436 -0.65769019 28.870436
 3.6615428 28.215359 0.03544169 28.864968 -0.64960888 28.864968
 3.6652595 28.271763 0.035370981 28.859502 -0.58773924 28.859502
 3.6689763 28.266882 0.035377089 28.854039 -0.5871574 28.854039
 3.672693 28.256931 0.035389547 28.848579 -0.5916481 28.848579
 3.6764098 28.246763 0.035402286 28.843122 -0.59635907 28.843122
 3.6801265 28.258741 0.03538728 28.837668 -0.57892669 28.837668
 3.6838432 28.260351 0.035385264 28.832217 -0.57186557 28.832217
 3.68756 28.254047 0.035393159 28.826768 -0.57272097 28.826768
 3.6912767 28.250376 0.035397759 28.821323 -0.5709472 28.821323
 3.6949935 28.270779 0.035372213 28.815881 -0.54510188 28.815881
 3.6987102 28.313704 0.035318587 28.810441 -0.49673763 28.810441
 3.702427 28.338423 0.035287779 28.805005 -0.46658209 28.805005
 3.7061437 28.393684 0.0352191 28.799572 -0.40588728 28.799572
 3.7098604 28.443064 0.035157957 28.794142 -0.35107787 28.794142
 3.7135772 28.509346 0.035076217 28.788715 -0.27936871 28.788715
 3.7172939 28.538893 0.035039902 28.783291 -0.24439828 28.783291
 3.7210107 28.558605 0.035015716 28.777871 -0.21926539 28.777871
 3.7247274 28.564096 0.035008984 28.772453 -0.20835695 28.772453
 3.7284441 28.561176 0.035012564 28.76704 -0.20586321 28.76704
 3.7321609 28.565275 0.03500754 28.761629 -0.19635377 28.761629
 3.7358776 28.555603 0.035019397 28.756222 -0.20061874 28.756222
 3.7395944 28.512691 0.035072101 28.750818 -0.23812647 28.750818
 3.7433111 28.508585 0.035077153 28.745418 -0.23683263 28.745418
 3.7470279 28.552715 0.035022939 28.740021 -0.1873054 28.740021
 3.7507446 28.561012 0.035012765 28.734627 -0.17361502 28.734627
 3.7544613 28.587175 0.034980721 28.729237 -0.14206203 28.729237
 3.7581781 28.610598 0.034952084 28.723851 -0.11325346 28.723851
 3.7618948 28.654232 0.034898859 28.718468 -0.064236289 28.718468
 3.7656116 28.666027 0.034884499 28.713089 -0.047062121 28.713089
 3.7693283 28.702309 0.034840403 28.707714 -0.005405063 28.707714
 3.773045 28.778196 0.034748529 28.702342 0.075854413 28.702342
 3.7767618 28.81465 0.034704569 28.696974 0.11767575 28.696974
 3.7804785 28.838085 0.034676366 28.691609 0.14647568 28.691609
 3.7841953 28.8284 0.034688016 29.889089 -1.0606891 28.686249
 3.787912 28.847141 0.03466548 29.93194 -1.0847989 28.680892
 3.7916287 28.872065 0.034635556 29.977729 -1.1056641 28.675539
 3.7953455 28.890553 0.034613391 30.026697 -1.1361448 28.67019
 3.7990622 28.925705 0.034571327 30.079184 -1.1534793 28.664845
 3.802779 29.014305 0.034465757 30.135422 -1.1211173 28.659504
 3.8064957 29.121603 0.034338769 30.19574 -1.0741366 28.654167
 3.8102125 29.208149 0.034237021 30.26055 -1.0524015 28.648833
 3.8139292 29.282902 0.034149621 30.330274 -1.0473723 28.643504
 3.8176459 29.338509 0.034084896 30.405321 -1.0668123 28.638179
 3.8213627 29.450687 0.033955065 30.4862 -1.0355127 28.632858
 3.8250794 29.546659 0.033844774 30.573626 -1.0269666 28.627541
 3.8287962 29.670511 0.033703497 30.668133 -0.99762216 28.622228
 3.8325129 29.784269 0.03357477 30.770449 -0.98617997 28.616919
 3.8362296 29.89452 0.033450947 30.881488 -0.986968 28.611615
 3.8399464 29.988588 0.033346018 31.002242 -1.0136533 28.606314
 3.8436631 30.110281 0.033211248 31.133688 -1.0234075 28.601018
 3.8473799 30.270468 0.033035499 31.277057 -1.0065889 28.595727
 3.8510966 30.430855 0.032861384 31.434039 -1.0031845 28.590439
 3.8548133 30.591972 0.032688314 31.606078 -1.0141056 28.585156
 3.8585301 30.704487 0.03256853 31.795039 -1.0905526 28.579877
 3.8622468 30.83877 0.032426715 32.003289 -1.1645193 28.574603
 3.8659636 31.000412 0.032257636 32.233578 -1.2331658 28.569333
 3.8696803 31.179487 0.032072368 32.488689 -1.3092018 28.564068
 3.8733971 31.429926 0.031816811 32.772182 -1.3422557 28.558807
 3.8771138 31.672317 0.031573313 33.088936 -1.4166187 28.553551
 3.8808305 31.92827 0.031320206 33.443655 -1.5153843 28.548299
 3.8845473 32.197617 0.0310582 33.842313 -1.6446961 28.543052
 3.888264 32.516407 0.030753705 34.292632 -1.7762246 28.537809
 3.8919808 32.863289 0.030429091 34.804248 -1.940959 28.532571
 3.8956975 33.300911 0.030029209 35.387461 -2.0865504 28.527338
 3.8994142 33.795414 0.029589814 36.055845 -2.260431 28.522109
 3.903131 34.381317 0.029085564 36.828321 -2.4470036 28.516886
 3.9068477 35.154552 0.028445818 37.725731 -2.5711789 28.511666
 3.9105645 36.1605 0.027654485 38.775529 -2.6150295 28.506452
 3.9142812 37.375668 0.026755375 40.016609 -2.6409419 28.501243
 3.917998 39.031559 0.025620294 41.509218 -2.4776592 28.496038
 3.9217147 41.413807 0.024146536 43.349211 -1.9354044 28.490838
 3.9254314 44.797508 0.02232267 45.735211 -0.93770235 28.485643
 3.9291482 49.907898 0.020036909 49.131369 0.77652922 28.480453
 3.9328649 57.887447 0.017274902 54.551459 3.3359883 28.475268
 3.9365817 70.108635 0.014263578 64.092352 6.0162828 28.470088
 3.9402984 89.992264 0.011112066 81.76278 8.2294838 28.464913
 3.9440151 123.50124 0.0080970845 114.54969 8.9515541 28.459743
 3.9477319 176.86781 0.00565394 171.79597 5.0718442 28.454578
 3.9514486 261.48062 0.0038243752 264.19721 -2.7165919 28.449418
 3.9551654 390.95483 0.0025578402 400.64622 -9.6913825 28.444263
 3.9588821 565.47766 0.0017684165 580.6979 -15.22024 28.439114
 3.9625988 778.45941 0.0012845885 790.01172 -11.552312 28.433969
 3.9663156 1001.502 0.0009985003 998.48023 3.0217218 28.42883
 3.9700323 1173.1226 0.00085242585 1160.8351 12.287508 28.423696
 3.9737491 1247.1348 0.00080183796 1231.6578 15.476933 28.418567
 3.9774658 1200.9766 0.00083265572 1187.1017 13.874891 28.413444
 3.9811826 1050.5759 0.00095185886 1041.4366 9.1393409 28.408325
 3.9848993 837.37854 0.001194203 839.30291 -1.9243651 28.403212
 3.988616 611.52747 0.0016352495 626.90642 -15.378951 28.398105
 3.9923328 422.97498 0.0023642061 438.09268 -15.117703 28.393003
 3.9960495 286.7988 0.003486765 291.59911 -4.8003173 28.387906
 3.9997663 192.30113 0.0052001774 189.48786 2.8132769 28.382815
 4.003483 131.90625 0.0075811419 124.93188 6.9743745 28.377729
 4.0071997 96.177856 0.010397404 87.588123 8.5897336 28.372648
 4.0109165 73.975304 0.013518025 67.164491 6.8108125 28.367573
 4.0146332 60.087158 0.016642491 56.148973 3.9381851 28.362504
 4.01835 51.660179 0.019357269 50.006029 1.6541505 28.35744
 4.0220667 46.040447 0.021720032 46.273825 -0.23337738 28.352382
 4.0257835 42.215324 0.02368808 43.696442 -1.4811178 28.34733
 4.0295002 39.660797 0.025213815 41.741689 -2.0808915 28.342283
 4.0332169 37.79055 0.026461642 40.171821 -2.3812712 28.337241
 4.0369337 36.443432 0.027439787 38.869504 -2.4260725 28.332206
 4.0406504 35.432983 0.028222292 37.768543 -2.3355599 28.327176
 4.0443672 34.605644 0.02889702 36.827969 -2.2223247 28.322152
 4.0480839 33.871857 0.029523035 36.020005 -2.1481487 28.317134
 4.0518006 33.306431 0.030024232 35.318931 -2.0125007 28.312121
 4.0555174 32.860565 0.030431613 34.706788 -1.8462228 28.307114
 4.0592341 32.545097 0.030726594 34.169806 -1.6247085 28.302113
 4.0629509 32.239014 0.031018319 33.696285 -1.4572714 28.297118
 4.0666676 31.949366 0.031299526 33.276024 -1.3266584 28.292129
 4.0703843 31.647186 0.031598386 32.901349 -1.2541627 28.287146
 4.0741011 31.395084 0.03185212 32.566522 -1.1714377 28.282169
 4.0778178 31.144382 0.032108519 32.265509 -1.1211268 28.277197
 4.0815346 30.936218 0.032324572 31.993836 -1.0576177 28.272232
 4.0852513 30.740988 0.032529859 31.747962 -1.0069746 28.267273
 4.0889681 30.592325 0.032687937 31.52478 -0.9324546 28.26232
 4.0926848 30.42968 0.032862653 31.321299 -0.8916193 28.257372
 4.0964015 30.22934 0.033080445 31.135244 -0.90590426 28.252431
 4.1001183 30.051014 0.033276747 30.964889 -0.91387482 28.247496
 4.103835 29.926472 0.033415232 30.808289 -0.88181764 28.242567
 4.1075518 29.829407 0.033523965 30.663937 -0.83453036 28.237645
 4.1112685 29.692316 0.033678747 30.530624 -0.83830781 28.232728
 4.1149852 29.583702 0.033802396 30.407287 -0.82358506 28.227818
 4.118702 29.469904 0.033932924 30.292803 -0.82289939 28.222914
 4.1224187 29.317841 0.034108924 30.186321 -0.8684801 28.218016
 4.1261355 29.17218 0.034279234 30.087191 -0.9150109 28.213125
 4.1298522 29.097752 0.034366916 29.99465 -0.89689797 28.208239
 4.133569 29.047493 0.034426379 29.908075 -0.86058233 28.20336
 4.1372857 28.947235 0.034545614 29.82697 -0.87973453 28.198488
 4.1410024 28.850105 0.034661919 29.750904 -0.90079889 28.193622
 4.1447192 28.788567 0.034736012 29.679378 -0.89081177 28.188762
 4.1484359 28.727947 0.034809309 29.612019 -0.88407131 28.183908
 4.1521527 28.651506 0.034902179 29.54854 -0.89703382 28.179061
 4.1558694 28.602697 0.034961738 29.488598 -0.88590101 28.174221
 4.1595861 28.564337 0.03500869 29.431899 -0.86756188 28.169387
 4.1633029 28.527163 0.03505431 29.378205 -0.85104271 28.164559
 4.1670196 28.476334 0.03511688 28.159738 0.31659515 28.159738
 4.1707364 28.413109 0.035195022 28.154924 0.25818477 28.154924
 4.1744531 28.348717 0.035274965 28.150116 0.19860051 28.150116
 4.1781698 28.311644 0.035321157 28.145315 0.1663286 28.145315
 4.1818866 28.303801 0.035330944 28.14052 0.16328019 28.14052
 4.1856033 28.276712 0.03536479 28.135732 0.14098 28.135732
 4.1893201 28.207901 0.03545106 28.130951 0.076949884 28.130951
 4.1930368 28.155117 0.035517522 28.126177 0.028940529 28.126177
 4.1967536 28.133488 0.035544829 28.121409 0.012079104 28.121409
 4.2004703 28.123026 0.035558051 28.116647 0.006378468 28.116647
 4.204187 28.108959 0.035575846 28.111893 -0.0029338015 28.111893
 4.2079038 28.086369 0.035604461 28.107145 -0.020776796 28.107145
 4.2116205 28.051157 0.035649153 28.102405 -0.051247508 28.102405
 4.2153373 28.003405 0.035709944 28.09767 -0.094265858 28.09767
 4.219054 27.993578 0.035722479 28.092943 -0.099365329 28.092943
 4.2227707 28.018389 0.035690846 28.088223 -0.069834211 28.088223
 4.2264875 27.980223 0.03573953 28.08351 -0.10328682 28.08351
 4.2302042 27.916742 0.035820798 28.078803 -0.16206066 28.078803
 4.233921 27.876696 0.035872257 28.074103 -0.19740773 28.074103
 4.2376377 27.863106 0.035889754 28.069411 -0.20630492 28.069411
 4.2413544 27.833014 0.035928557 28.064725 -0.23171146 28.064725
 4.2450712 27.82427 0.035939846 28.060046 -0.23577603 28.060046
 4.2487879 27.837605 0.035922631 28.055375 -0.21777006 28.055375
 4.2525047 27.834663 0.035926427 28.05071 -0.21604652 28.05071
 4.2562214 27.79109 0.035982756 28.046052 -0.25496228 28.046052
 4.2599382 27.749371 0.036036853 28.041402 -0.29203117 28.041402
 4.2636549 27.742762 0.036045438 28.036758 -0.29399668 28.036758
 4.2673716 27.73455 0.03605611 28.032122 -0.29757147 28.032122
 4.2710884 27.736885 0.036053075 28.027493 -0.29060767 28.027493
 4.2748051 27.727652 0.036065081 28.022871 -0.29521909 28.022871
 4.2785219 27.726818 0.036066165 28.018256 -0.29143773 28.018256
 4.2822386 27.710241 0.036087741 28.013648 -0.30340681 28.013648
 4.2859553 27.6924 0.036110991 28.009048 -0.31664768 28.009048
 4.2896721 27.667538 0.03614344 28.004454 -0.33691674 28.004454
 4.2933888 27.660584 0.036152527 27.999868 -0.33928495 27.999868
 4.2971056 27.685213 0.036120365 27.99529 -0.31007666 27.99529
 4.3008223 27.723307 0.036070733 27.990718 -0.26741168 27.990718
 4.3045391 27.708462 0.036090058 27.986154 -0.27769249 27.986154
 4.3082558 27.67197 0.036137651 27.981597 -0.30962712 27.981597
 4.3119725 27.612259 0.036215798 27.977048 -0.36478918 27.977048
 4.3156893 27.609495 0.036219424 27.972506 -0.3630109 27.972506
 4.319406 27.635483 0.036185364 27.967971 -0.33248864 27.967971
 4.3231228 27.626446 0.036197201 27.963444 -0.33699844 27.963444
 4.3268395 27.614677 0.036212627 27.958924 -0.34424699 27.958924
 4.3305562 27.606771 0.036222997 27.954412 -0.34764061 27.954412
 4.334273 27.611721 0.036216504 27.949907 -0.33818617 27.949907
 4.3379897 27.596008 0.036237125 27.94541 -0.34940153 27.94541
 4.3417065 27.619865 0.036205825 27.94092 -0.32105454 27.94092
 4.3454232 27.678635 0.03612895 27.936438 -0.25780298 27.936438
 4.3491399 27.705393 0.036094056 27.931963 -0.22656998 27.931963
 4.3528567 27.673096 0.036136181 27.927496 -0.2543999 27.927496
 4.3565734 27.661865 0.036150852 27.923036 -0.26117072 27.923036
 4.3602902 27.700171 0.036100861 27.918584 -0.21841339 27.918584
 4.3640069 27.685022 0.036120614 27.914139 -0.22911714 27.914139
 4.3677237 27.67141 0.036138383 27.909703 -0.2382931 27.909703
 4.3714404 27.678164 0.036129565 27.905274 -0.22711006 27.905274
 4.3751571 27.74378 0.036044115 27.900852 -0.157072 27.900852
 4.3788739 27.780628 0.035996306 27.896438 -0.11581019 27.896438
 4.3825906 27.796381 0.035975906 27.892032 -0.09565136 27.892032
 4.3863074 27.858694 0.035895437 27.887634 -0.028939977 27.887634
 4.3900241 27.930058 0.035803721 28.519639 -0.58958122 27.883244
 4.3937408 27.949343 0.035779017 28.539546 -0.59020306 27.878861
 4.3974576 27.93177 0.035801526 28.560867 -0.62909634 27.874486
 4.4011743 27.942686 0.03578754 28.583733 -0.64104665 27.870119
 4.4048911 27.963545 0.035760845 28.60826 -0.64471486 27.865759
 4.4086078 27.984686 0.03573383 28.63457 -0.6498839 27.861408
 4.4123246 28.010126 0.035701374 28.662815 -0.65268875 27.857064
 4.4160413 28.048094 0.035653047 28.693195 -0.64510156 27.852728
 4.419758 28.079481 0.035613194 28.725857 -0.64637631 27.8484
 4.4234748 28.102713 0.035583754 28.761002 -0.65828938 27.84408
 4.4271915 28.154394 0.035518434 28.798888 -0.64449387 27.839768
 4.4309083 28.21475 0.035442454 28.839764 -0.62501419 27.835464
 4.434625 28.296501 0.035340058 28.883888 -0.58738725 27.831168
 4.4383417 28.3794 0.035236826 28.931578 -0.55217748 27.82688
 4.4420585 28.494806 0.035094115 28.983267 -0.48846051 27.822599
 4.4457752 28.581676 0.034987451 29.039287 -0.45761016 27.818327
 4.449492 28.63961 0.034916676 29.100089 -0.46047881 27.814063
 4.4532087 28.712326 0.034828248 29.166249 -0.45392314 27.809807
 4.4569254 28.774448 0.034753055 29.238366 -0.46391772 27.805559
 4.4606422 28.837893 0.034676598 29.317057 -0.47916412 27.801319
 4.4643589 28.894529 0.034608627 29.403086 -0.50855672 27.797087
 4.4680757 29.007086 0.034474335 29.497523 -0.49043739 27.792863
 4.4717924 29.111998 0.034350099 29.601245 -0.48924741 27.788648
 4.4755092 29.184391 0.034264892 29.715434 -0.53104307 27.78444
 4.4792259 29.228975 0.034212626 29.841595 -0.61261988 27.780241
 4.4829426 29.249561 0.034188547 29.981421 -0.7318594 27.77605
 4.4866594 29.330572 0.034094118 30.136688 -0.80611569 27.771867
 4.4903761 29.440254 0.033967098 30.309648 -0.86939379 27.767692
 4.4940929 29.585434 0.033800417 30.503428 -0.91799438 27.763526
 4.4978096 29.718931 0.033648586 30.72096 -1.0020284 27.759367
 4.5015263 29.8421 0.033509706 30.966088 -1.1239881 27.755217
 4.5052431 30.051687 0.033276002 31.243814 -1.1921264 27.751076
 4.5089598 30.269886 0.033036134 31.56022 -1.2903339 27.746942
 4.5126766 30.533381 0.032751041 31.922013 -1.3886326 27.742817
 4.5163933 30.822901 0.03244341 32.33799 -1.5150896 27.7387
 4.52011 31.183573 0.032068166 32.820587 -1.6370144 27.734592
 4.5238268 31.680513 0.031565145 33.38333 -1.7028162 27.730492
 4.5275435 32.268887 0.030989603 34.044751 -1.7758644 27.7264
 4.5312603 33.0457 0.030261123 34.832194 -1.7864939 27.722317
 4.534977 34.08532 0.029338144 35.790002 -1.704682 27.718242
 4.5386938 35.627644 0.028068093 36.995629 -1.3679856 27.714175
 4.5424105 37.854839 0.026416702 38.614364 -0.75952454 27.710117
 4.5461272 41.319649 0.024201561 41.030768 0.2888808 27.706067
 4.549844 46.71352 0.021407079 45.042064 1.671456 27.702026
 4.5535607 55.135052 0.018137282 52.200126 2.934926 27.697993
 4.5572775 69.128937 0.014465722 65.269229 3.8597076 27.693969
 4.5609942 92.085114 0.010859519 88.608604 3.4765098 27.689953
 4.5647109 128.16354 0.0078025308 127.40282 0.76072122 27.685946
 4.5684277 184.92543 0.0054075851 186.65377 -1.7283441 27.681947
 4.5721444 263.98724 0.0037880618 269.04971 -5.0624682 27.677957
 4.5758612 363.86002 0.0027483097 370.87088 -7.0108603 27.673975
 4.5795779 480.34329 0.0020818444 480.74092 -0.39762847 27.670002
 4.5832947 583.27698 0.0017144513 579.4382 3.8387824 27.666038
 4.5870114 646.38806 0.0015470583 641.92022 4.4678395 27.662082
 4.5907281 653.60071 0.0015299861 648.76821 4.8325003 27.658135
 4.5944449 601.8587 0.0016615195 597.57627 4.2824361 27.654196
 4.5981616 507.89386 0.0019689153 504.78248 3.1113833 27.650267
 4.6018784 391.38062 0.0025550576 395.48923 -4.1086106 27.646345
 4.6055951 282.97665 0.0035338604 290.5558 -7.5791455 27.642433
 4.6093118 199.48198 0.0050129841 203.16535 -3.6833741 27.638529
 4.6130286 138.84023 0.0072025236 138.79478 0.045442184 27.634634
 4.6167453 98.308495 0.010172061 95.750171 2.5583235 27.630747
 4.6204621 73.244408 0.013652919 69.389871 3.8545366 27.626869
 4.6241788 57.86615 0.01728126 54.431726 3.4344237 27.623
 4.6278955 48.341938 0.020685972 46.224553 2.117385 27.61914
 4.6316123 42.495098 0.023532126 41.664827 0.83027114 27.615289
 4.635329 38.793377 0.025777596 38.9708 -0.17742327 27.611446
 4.6390458 36.333355 0.027522919 37.210586 -0.87723079 27.607612
 4.6427625 34.730141 0.028793434 35.922679 -1.1925383 27.603787
 4.6464793 33.60717 0.029755555 34.909886 -1.3027156 27.599971
 4.650196 32.752907 0.030531641 34.08086 -1.3279533 27.596163
 4.6539127 32.119499 0.031133736 33.385931 -1.2664316 27.592365
 4.6576295 31.636822 0.031608738 32.794813 -1.1579912 27.588575
 4.6613462 31.251642 0.031998318 32.287496 -1.0358541 27.584794
 4.665063 30.987242 0.032271346 31.849923 -0.86268147 27.581022
 4.6687797 30.784456 0.032483926 31.468818 -0.68436141 27.577259
 4.6724964 30.606325 0.032672985 31.134935 -0.52860944 27.573505
 4.6762132 30.525488 0.032759509 30.841166 -0.3156784 27.56976
 4.6799299 30.445063 0.032846048 30.581287 -0.13622411 27.566024
 4.6836467 30.346203 0.032953052 30.349992 -0.0037895513 27.562297
 4.6873634 30.174601 0.033140455 30.143238 0.031362632 27.558578
 4.6910802 30.103683 0.033218526 29.958023 0.14566052 27.554869
 4.6947969 30.021452 0.033309515 29.79108 0.23037161 27.551168
 4.6985136 29.875368 0.033472391 29.640059 0.23530908 27.547477
 4.7022304 29.664049 0.03371084 29.503089 0.16096004 27.543795
 4.7059471 29.499958 0.033898353 29.378468 0.12149035 27.540121
 4.7096639 29.360699 0.034059135 29.264609 0.096089558 27.536457
 4.7133806 29.262634 0.034173273 29.160288 0.10234605 27.532802
 4.7170973 29.188322 0.034260277 29.064588 0.12373402 27.529156
 4.7208141 29.105082 0.034358261 28.976432 0.12864966 27.525519
 4.7245308 28.999451 0.034483412 28.895015 0.10443546 27.521891
 4.7282476 28.92222 0.034575492 28.819691 0.10252916 27.518272
 4.7319643 28.857161 0.034653444 28.749865 0.10729557 27.514662
 4.735681 28.783226 0.034742457 28.684933 0.098292655 27.511061
 4.7393978 28.708162 0.034833299 28.624431 0.083730897 27.50747
 4.7431145 28.667982 0.03488212 28.568011 0.099970755 27.503887
 4.7468313 28.623236 0.034936651 28.515242 0.10799321 27.500314
 4.750548 28.571224 0.03500025 28.46579 0.10543372 27.49675
 4.7542648 28.525503 0.035056349 28.419386 0.10611708 27.493195
 4.7579815 28.483227 0.035108382 28.375785 0.10744137 27.489649
 4.7616982 28.470272 0.035124357 28.334717 0.1355548 27.486113
 4.765415 28.463852 0.035132279 28.295976 0.16787614 27.482586
 4.7691317 28.446383 0.035153855 28.259407 0.18697513 27.479068
 4.7728485 28.440437 0.035161203 28.224815 0.21562211 27.475559
 4.7765652 28.44001 0.035161732 28.19204 0.24797038 27.472059
 4.7802819 28.472393 0.035121741 28.160953 0.31144024 27.468569
 4.7839987 28.449263 0.035150296 28.131443 0.31781992 27.465088
 4.7877154 28.400898 0.035210154 28.103372 0.29752604 27.461616
 4.7914322 28.351715 0.035271235 27.458153 0.89356174 27.458153
 4.7951489 28.354698 0.035267524 27.4547 0.89999806 27.4547
 4.7988657 28.372829 0.035244987 27.451256 0.92157323 27.451256
 4.8025824 28.381617 0.035234075 27.447822 0.93379498 27.447822
 4.8062991 28.364653 0.035255147 27.444396 0.92025629 27.444396
 4.8100159 28.357641 0.035263864 27.44098 0.91666081 27.44098
 4.8137326 28.331211 0.035296761 27.437574 0.89363727 27.437574
 4.8174494 28.32617 0.035303043 27.434177 0.89199337 27.434177
 4.8211661 28.319725 0.035311077 27.430789 0.8889363 27.430789
 4.8248828 28.346596 0.035277605 27.42741 0.9191855 27.42741
 4.8285996 28.341478 0.035283975 27.424041 0.91743718 27.424041
 4.8323163 28.35034 0.035272946 27.420681 0.92965841 27.420681
 4.8360331 28.316374 0.035315256 27.417331 0.89904263 27.417331
 4.8397498 28.26885 0.035374626 27.41399 0.85485999 27.41399
 4.8434665 28.248934 0.035399566 27.410659 0.83827489 27.410659
 4.8471833 28.267103 0.035376812 27.407337 0.8597663 27.407337
 4.8509 28.286951 0.03535199 27.404024 0.88292673 27.404024
 4.8546168 28.290134 0.035348012 27.400721 0.88941318 27.400721
 4.8583335 28.29052 0.03534753 27.397428 0.89309209 27.397428
 4.8620503 28.29406 0.035343108 27.394143 0.89991629 27.394143
 4.865767 28.325756 0.035303559 27.390869 0.93488728 27.390869
 4.8694837 28.354931 0.035267235 27.387604 0.96732727 27.387604
 4.8732005 28.410957 0.035197688 27.384348 1.0266094 27.384348
 4.8769172 28.451056 0.035148081 27.381102 1.0699538 27.381102
 4.880634 28.479849 0.035112546 27.377865 1.1019837 27.377865
 4.8843507 28.519056 0.035064274 27.374638 1.1444183 27.374638
 4.8880674 28.541245 0.035037015 27.37142 1.1698241 27.37142
 4.8917842 28.541391 0.035036834 27.368212 1.173179 27.368212
 4.8955009 28.515781 0.035068301 27.365014 1.1507675 27.365014
 4.8992177 28.537317 0.035041836 27.361825 1.1754923 27.361825
 4.9029344 28.617233 0.034943979 27.358646 1.2585876 27.358646
 4.9066511 28.701963 0.034840822 27.355476 1.3464875 27.355476
 4.9103679 28.741299 0.034793139 27.352316 1.3889829 27.352316
 4.9140846 28.776369 0.034750736 27.349165 1.4272039 27.349165
 4.9178014 28.823303 0.03469415 27.346024 1.477279 27.346024
 4.9215181 28.862846 0.034646618 27.342893 1.5199535 27.342893
 4.9252349 28.858143 0.034652265 27.339771 1.5183717 27.339771
 4.9289516 28.867647 0.034640856 28.798528 0.069119496 27.336659
 4.9326683 28.916361 0.034582498 28.85028 0.066081053 27.333557
 4.9363851 29.026787 0.034450937 28.905162 0.12162467 27.330464
 4.9401018 29.102331 0.034361509 28.963481 0.13885008 27.327381
 4.9438186 29.104008 0.034359529 29.025451 0.078556453 27.324307
 4.9475353 29.122757 0.034337408 29.091355 0.031401542 27.321243
 4.951252 29.194098 0.034253499 29.161547 0.032550087 27.318189
 4.9549688 29.338913 0.034084426 29.236416 0.10249659 27.315145
 4.9586855 29.432981 0.033975491 29.316298 0.11668301 27.31211
 4.9624023 29.526939 0.033867377 29.401627 0.12531223 27.309085
 4.966119 29.587664 0.03379787 29.492995 0.094668208 27.30607
 4.9698358 29.667885 0.033706481 29.590872 0.077012346 27.303064
 4.9735525 29.784428 0.033574592 29.695839 0.0885887 27.300068
 4.9772692 29.953962 0.033384565 29.80862 0.14534263 27.297082
 4.980986 30.084043 0.033240213 29.930059 0.15398416 27.294106
 4.9847027 30.187756 0.033126014 30.060899 0.12685702 27.291139
 4.9884195 30.306568 0.032996148 30.202096 0.10447233 27.288182
 4.9921362 30.446987 0.032843972 30.354938 0.092049431 27.285235
 4.9958529 30.603416 0.03267609 30.520561 0.082855352 27.282298
 4.9995697 30.744987 0.032525627 30.700319 0.044668029 27.27937
 5.0032864 30.917917 0.032343705 30.895906 0.022011663 27.276452
 5.0070032 31.085527 0.032169311 31.109398 -0.023870944 27.273544
 5.0107199 31.262747 0.031986953 31.342683 -0.079936147 27.270646
 5.0144366 31.439011 0.031807617 31.598214 -0.15920307 27.267758
 5.0181534 31.589434 0.031656155 31.879254 -0.28982058 27.264879
 5.0218701 31.802725 0.031443847 32.189004 -0.38627908 27.26201
 5.0255869 32.049526 0.031201709 32.531219 -0.48169289 27.259151
 5.0293036 32.29874 0.03096096 32.910645 -0.61190434 27.256302
 5.0330204 32.535225 0.030735918 33.333413 -0.7981884 27.253463
 5.0367371 32.825878 0.03046377 33.805405 -0.97952657 27.250633
 5.0404538 33.174702 0.030143451 34.334376 -1.1596748 27.247814
 5.0441706 33.554577 0.029802194 34.930703 -1.3761264 27.245004
 5.0478873 34.013344 0.029400226 35.605666 -1.592322 27.242204
 5.0516041 34.517128 0.028971124 36.372717 -1.8555887 27.239414
 5.0553208 35.105072 0.028485912 37.249291 -2.1442188 27.236634
 5.0590375 35.885689 0.027866262 38.25926 -2.3735711 27.233863
 5.0627543 36.809563 0.027166854 39.427672 -2.6181095 27.231103
 5.066471 37.912956 0.026376207 40.789066 -2.8761098 27.228353
 5.0701878 39.346397 0.025415287 42.393078 -3.0466808 27.225612
 5.0739045 41.280746 0.024224368 44.307963 -3.0272161 27.222881
 5.0776213 43.854305 0.022802778 46.643674 -2.7893686 27.22016
 5.081338 47.590824 0.021012454 49.615161 -2.0243372 27.21745
 5.0850547 53.108711 0.018829303 53.712419 -0.60370813 27.214749
 5.0887715 61.546165 0.016247966 59.944205 1.6019609 27.212058
 5.0924882 74.952499 0.013341783 70.409573 4.5429263 27.209377
 5.096205 96.537628 0.010358655 89.227299 7.3103289 27.206705
 5.0999217 131.13255 0.0076258715 123.37936 7.7531915 27.204044
 5.1036384 188.39767 0.0053079211 182.72903 5.668644 27.201393
 5.1073552 279.06308 0.0035834192 279.18022 -0.1171396 27.198752
 5.1110719 413.8334 0.0024164313 424.40272 -10.569317 27.19612
 5.1147887 608.37549 0.0016437217 620.7057 -12.330208 27.193499
 5.1185054 847.9635 0.001179296 857.82413 -9.8606337 27.190887
 5.1222221 1105.3021 0.00090473001 1107.9727 -2.6705385 27.188286
 5.1259389 1337.139 0.00074786538 1324.8984 12.240685 27.185694
 5.1296556 1470.2977 0.00068013436 1454.6806 15.617112 27.183113
 5.1333724 1470.7762 0.00067991308 1456.3787 14.397557 27.180541
 5.1370891 1334.9358 0.0007490997 1327.0243 7.9114438 27.17798
 5.1408059 1109.0967 0.00090163465 1110.4661 -1.3693809 27.175428
 5.1445226 851.70258 0.0011741188 860.58999 -8.8874116 27.172887
 5.1482393 607.23962 0.0016467964 622.88615 -15.646522 27.170355
 5.1519561 415.60657 0.0024061217 426.33029 -10.723727 27.167834
 5.1556728 280.82449 0.003560943 280.84401 -0.019511987 27.165322
 5.1593896 190.32419 0.0052541929 183.29379 7.0303982 27.162821
 5.1631063 132.46938 0.0075489146 123.78267 8.686701 27.16033
 5.166823 97.178207 0.010290373 89.522629 7.6555787 27.157848
 5.1705398 75.585991 0.013229965 70.515066 5.0709249 27.155377
 5.1742565 62.044899 0.01611736 59.949557 2.0953415 27.152915
 5.1779733 53.514645 0.018686474 53.705034 -0.19038966 27.150464
 5.18169 47.911751 0.020871706 49.591335 -1.679584 27.148023
 5.1854068 44.136791 0.022656835 46.594453 -2.4576621 27.145592
 5.1891235 41.533279 0.024077078 44.250469 -2.7171895 27.143171
 5.1928402 39.584564 0.025262372 42.328741 -2.744177 27.140759
 5.196557 38.112476 0.026238127 40.715839 -2.6033622 27.138358
 5.2002737 37.028324 0.027006353 39.345301 -2.316977 27.135968
 5.2039905 36.181442 0.027638478 38.171063 -1.989621 27.133587
 5.2077072 35.451447 0.028207594 37.15518 -1.703733 27.131216
 5.2114239 34.818153 0.02872065 36.270722 -1.4525683 27.128855
 5.2151407 34.271049 0.029179147 35.497657 -1.2266074 27.126504
 5.2188574 33.815842 0.029571939 34.817162 -1.0013206 27.124164
 5.2225742 33.402092 0.029938245 34.214806 -0.81271448 27.121833
 5.2262909 33.009212 0.030294573 33.679457 -0.67024467 27.119513
 5.2300076 32.671631 0.030607594 33.202113 -0.53048234 27.117203
 5.2337244 32.413681 0.030851171 32.773971 -0.36028972 27.114902
 5.2374411 32.174339 0.031080669 32.388545 -0.21420593 27.112612
 5.2411579 31.948845 0.031300036 32.040838 -0.091993226 27.110332
 5.2448746 31.711748 0.031534055 31.725811 -0.014063177 27.108062
 5.2485914 31.514139 0.031731789 31.439338 0.074800912 27.105803
 5.2523081 31.299364 0.031949531 31.178162 0.12120242 27.103553
 5.2560248 31.097628 0.032156794 30.939654 0.15797384 27.101313
 5.2597416 30.881166 0.032382196 30.720931 0.16023552 27.099084
 5.2634583 30.681839 0.03259257 30.519868 0.16197085 27.096865
 5.2671751 30.508961 0.032777255 30.334801 0.1741602 27.094656
 5.2708918 30.372337 0.032924697 30.16398 0.20835702 27.092456
 5.2746085 30.265112 0.033041345 30.005886 0.25922611 27.090268
 5.2783253 30.134647 0.033184394 29.859305 0.27534283 27.088089
 5.282042 29.987242 0.033347515 29.723289 0.26395231 27.08592
 5.2857588 29.787201 0.033571466 29.596671 0.19052951 27.083762
 5.2894755 29.618658 0.033762502 29.478601 0.14005746 27.081613
 5.2931922 29.526657 0.033867701 29.368404 0.15825277 27.079475
 5.296909 29.503815 0.033893922 29.265363 0.23845143 27.077347
 5.3006257 29.452293 0.033953213 29.16881 0.28348347 27.075229
 5.3043425 29.335499 0.034088393 29.078212 0.25728731 27.073121
 5.3080592 29.239973 0.034199758 28.993175 0.24679767 27.071023
 5.311776 29.200003 0.034246572 28.913152 0.28685108 27.068936
 5.3154927 29.149113 0.034306362 28.837749 0.31136359 27.066859
 5.3192094 29.047304 0.034426603 28.766656 0.2806483 27.064791
 5.3229262 28.977222 0.034509864 28.699538 0.2776841 27.062734
 5.3266429 28.946678 0.034546278 28.636065 0.31061348 27.060687
 5.3303597 28.884029 0.034621208 28.575971 0.30805803 27.058651
 5.3340764 28.788824 0.034735702 28.519077 0.2697472 27.056624
 5.3377931 28.7216 0.034817002 27.054608 1.6669918 27.054608
 5.3415099 28.709089 0.034832174 27.052602 1.6564877 27.052602
 5.3452266 28.709251 0.034831978 27.050606 1.6586459 27.050606
 5.3489434 28.673565 0.034875329 27.04862 1.6249452 27.04862
 5.3526601 28.58338 0.034985366 27.046644 1.5367358 27.046644
 5.3563769 28.532686 0.035047524 27.044678 1.4880078 27.044678
 5.3600936 28.528326 0.03505288 27.042723 1.4856029 27.042723
 5.3638103 28.530268 0.035050495 27.040778 1.4894898 27.040778
 5.3675271 28.501673 0.03508566 27.038843 1.4628298 27.038843
 5.3712438 28.485699 0.035105335 27.036918 1.4487805 27.036918
 5.3749606 28.47864 0.035114037 27.035004 1.4436361 27.035004
 5.3786773 28.466436 0.03512909 27.033099 1.4333373 27.033099
 5.382394 28.441265 0.03516018 27.031205 1.4100603 27.031205
 5.3861108 28.409342 0.035199689 27.029321 1.3800211 27.029321
 5.3898275 28.364656 0.035255142 27.027447 1.3372096 27.027447
 5.3935443 28.342876 0.035282234 27.025583 1.3172933 27.025583
 5.397261 28.374948 0.035242355 27.02373 1.3512189 27.02373
 5.4009777 28.41094 0.035197709 27.021886 1.3890539 27.021886
 5.4046945 28.451149 0.035147965 27.020053 1.4310958 27.020053
 5.4084112 28.454603 0.035143699 27.01823 1.436373 27.01823
 5.412128 28.458794 0.035138524 27.016417 1.4423762 27.016417
 5.4158447 28.46677 0.035128678 27.796686 0.67008441 27.014615
 5.4195615 28.453949 0.035144507 27.823734 0.63021533 27.012822
 5.4232782 28.440086 0.035161637 27.852413 0.58767309 27.01104
 5.4269949 28.433592 0.035169669 27.882866 0.55072605 27.009268
 5.4307117 28.433849 0.03516935 27.915201 0.51864857 27.007506
 5.4344284 28.437309 0.035165071 27.949565 0.48774461 27.005755
 5.4381452 28.423599 0.035182033 27.986155 0.43744438 27.004013
 5.4418619 28.455978 0.035142 28.025132 0.43084604 27.002282
 5.4455786 28.502295 0.035084895 28.066682 0.43561214 27.000561
 5.4492954 28.53788 0.035041145 28.111036 0.42684412 26.99885
 5.4530121 28.562954 0.035010384 28.158476 0.40447753 26.99715
 5.4567289 28.587881 0.034979857 28.209229 0.37865257 26.995459
 5.4604456 28.610712 0.034951944 28.263591 0.34712057 26.993779
 5.4641624 28.668215 0.034881837 28.32196 0.34625469 26.992109
 5.4678791 28.721695 0.034816887 28.38469 0.33700462 26.990449
 5.4715958 28.758835 0.034771923 28.452178 0.30665725 26.988799
 5.4753126 28.796801 0.03472608 28.524913 0.27188752 26.98716
 5.4790293 28.865189 0.034643806 28.603528 0.26166094 26.98553
 5.4827461 28.92425 0.034573066 28.688538 0.23571192 26.983911
 5.4864628 28.988274 0.034496708 28.780631 0.20764251 26.982302
 5.4901795 29.069183 0.034400691 28.880703 0.18848061 26.980704
 5.4938963 29.123981 0.034335965 28.989637 0.13434462 26.979115
 5.497613 29.186581 0.034262321 29.108403 0.078177798 26.977537
 5.5013298 29.262295 0.03417367 29.238208 0.024086816 26.975969
 5.5050465 29.392988 0.03402172 29.380664 0.012323967 26.974411
 5.5087632 29.518238 0.033877361 29.537165 -0.018926737 26.972863
 5.51248 29.611355 0.033770829 29.709568 -0.098213122 26.971325
 5.5161967 29.69356 0.033677337 29.900286 -0.20672609 26.969798
 5.5199135 29.810762 0.033544932 30.11192 -0.30115808 26.968281
 5.5236302 29.977024 0.033358882 30.347356 -0.37033152 26.966774
 5.527347 30.178434 0.033136245 30.610228 -0.43179314 26.965277
 5.5310637 30.351587 0.032947206 30.905587 -0.55399946 26.96379
 5.5347804 30.555725 0.032727091 31.238149 -0.68242342 26.962314
 5.5384972 30.77899 0.032489695 31.614273 -0.83528367 26.960847
 5.5422139 31.019962 0.032237305 32.042345 -1.0223827 26.959391
 5.5459307 31.343555 0.031904485 32.53228 -1.1887248 26.957945
 5.5496474 31.750441 0.031495626 33.09554 -1.3450996 26.95651
 5.5533641 32.2673 0.030991128 33.747189 -1.4798898 26.955084
 5.5570809 32.912449 0.03038364 34.509288 -1.5968395 26.953669
 5.5607976 33.732391 0.029645097 35.406789 -1.674398 26.952263
 5.5645144 34.771332 0.028759324 36.478921 -1.7075887 26.950868
 5.5682311 36.290886 0.027555128 37.79524 -1.5043541 26.949483
 5.5719478 38.421139 0.026027339 39.492954 -1.0718147 26.948109
 5.5756646 41.541119 0.024072534 41.854755 -0.31363607 26.946744
 5.5793813 46.340141 0.021579563 45.484719 0.8554218 26.94539
 5.5830981 54.041248 0.018504384 51.683879 2.3573696 26.944045
 5.5868148 66.229919 0.015098916 62.753286 3.4766338 26.942711
 5.5905316 86.3041 0.011586935 82.448708 3.8553917 26.941387
 5.5942483 119.11005 0.0083955969 116.21304 2.8970173 26.940074
 5.597965 169.3549 0.0059047596 170.44416 -1.0892603 26.93877
 5.6016818 245.59978 0.0040716649 249.93509 -4.3353136 26.937477
 5.6053985 350.07626 0.0028565204 355.62361 -5.5473464 26.936193
 5.6091153 476.07037 0.0021005298 481.54347 -5.4731009 26.93492
 5.612832 612.98035 0.0016313737 611.77007 1.2102773 26.933657
 5.6165487 727.98712 0.0013736507 722.51127 5.4758469 26.932404
 5.6202655 791.11957 0.0012640314 785.6959 5.4236708 26.931161
 5.6239822 785.88916 0.0012724441 780.4709 5.4182645 26.929929
 5.627699 713.53058 0.0014014816 709.56911 3.961471 26.928706
 5.6314157 596.00427 0.0016778403 594.73973 1.264545 26.927494
 5.6351325 458.13943 0.0021827416 463.73443 -5.5949932 26.926292
 5.6388492 331.98285 0.0030122038 340.00189 -8.0190365 26.9251
 5.6425659 233.57826 0.0042812203 237.48784 -3.9095813 26.923918
 5.6462827 162.24336 0.0061635803 161.52094 0.72242648 26.922746
 5.6499994 114.12566 0.008762271 110.65016 3.475505 26.921585
 5.6537162 83.348175 0.011997863 79.095201 4.2529741 26.920433
 5.6574329 64.595299 0.015481003 60.768585 3.8267142 26.919292
 5.6611496 52.890491 0.01890699 50.595533 2.2949583 26.91816
 5.6648664 45.542671 0.02195743 44.868413 0.67425825 26.917039
 5.6685831 40.988758 0.024396933 41.44434 -0.45558189 26.915928
 5.6722999 37.986809 0.026324928 39.194987 -1.2081778 26.914827
 5.6760166 35.959305 0.027809214 37.563911 -1.6046062 26.913736
 5.6797333 34.572659 0.028924591 36.283304 -1.7106458 26.912656
 5.6834501 33.548923 0.029807216 35.233874 -1.6849501 26.911585
 5.6871668 32.751152 0.030533277 34.355106 -1.603954 26.910524
 5.6908836 32.131493 0.031122115 33.607852 -1.4763595 26.909474
 5.6946003 31.644026 0.031601542 32.965857 -1.3218313 26.908433
 5.6983171 31.247309 0.032002756 32.4105 -1.1631916 26.907403
 5.7020338 30.924179 0.032337156 31.927862 -1.0036831 26.906383
 5.7057505 30.619858 0.032658545 31.504873 -0.8850157 26.905373
 5.7094673 30.39677 0.032898232 31.132219 -0.73544863 26.904373
 5.713184 30.203539 0.033108703 30.802762 -0.59922295 26.903383
 5.7169008 30.014469 0.033317264 30.509933 -0.49546335 26.902403
 5.7206175 29.791613 0.033566494 30.2483 -0.45668721 26.901433
 5.7243342 29.628683 0.033751078 30.013664 -0.38498129 26.900473
 5.728051 29.476015 0.033925888 29.802811 -0.3267964 26.899523
 5.7317677 29.323418 0.034102437 29.612269 -0.28885166 26.898584
 5.7354845 29.197592 0.0342494 29.439532 -0.24193976 26.897654
 5.7392012 29.094805 0.034370397 29.282617 -0.18781203 26.896734
 5.742918 28.981464 0.034504813 29.139617 -0.15815289 26.895825
 5.7466347 28.85586 0.034655006 29.008831 -0.1529709 26.894925
 5.7503514 28.716724 0.034822913 28.888916 -0.17219132 26.894036
 5.7540682 28.595211 0.034970891 28.778876 -0.1836651 26.893157
 5.7577849 28.500357 0.03508728 28.677485 -0.17712809 26.892287
 5.7615017 28.457867 0.035139668 28.583862 -0.1259958 26.891428
 5.7652184 28.402765 0.035207839 28.497301 -0.094535468 26.890578
 5.7689351 28.315229 0.035316684 28.417105 -0.10187551 26.889739
 5.7726519 28.183512 0.035481739 28.342607 -0.15909522 26.88891
 5.7763686 28.113937 0.035569546 28.273281 -0.15934338 26.88809
 5.7800854 28.062502 0.035634741 28.208743 -0.14624071 26.887281
 5.7838021 28.047663 0.035653595 28.148481 -0.10081832 26.886482
 5.7875188 28.002886 0.035710605 28.092123 -0.089237418 26.885692
 5.7912356 27.954742 0.035772106 28.039368 -0.084625373 26.884913
 5.7949523 27.902044 0.035839668 27.98992 -0.087876088 26.884144
 5.7986691 27.849674 0.035907063 27.943474 -0.093800247 26.883384
 5.8023858 27.801577 0.035969183 27.899792 -0.098215248 26.882635
 5.8061026 27.744184 0.03604359 27.8587 -0.1145158 26.881895
 5.8098193 27.73596 0.036054278 27.81996 -0.083999796 26.881166
 5.813536 27.705595 0.036093793 27.78339 -0.077794517 26.880446
 5.8172528 27.660423 0.036152737 27.748844 -0.08842071 26.879737
 5.8209695 27.586924 0.036249058 27.716184 -0.12926082 26.879037
 5.8246863 27.517893 0.036339992 27.685253 -0.1673603 26.878348
 5.828403 27.491816 0.036374462 27.65593 -0.16411452 26.877668
 5.8321197 27.511568 0.036348346 26.876998 0.63456991 26.876998
 5.8358365 27.522846 0.036333452 26.876338 0.64650789 26.876338
 5.8395532 27.525799 0.036329554 26.875688 0.65011037 26.875688
 5.84327 27.496521 0.036368237 26.875048 0.62147255 26.875048
 5.8469867 27.46607 0.036408558 26.874418 0.59165179 26.874418
 5.8507035 27.426058 0.036461675 26.873798 0.55225958 26.873798
 5.8544202 27.395039 0.03650296 26.873188 0.5218506 26.873188
 5.8581369 27.370825 0.036535253 26.872588 0.49823715 26.872588
 5.8618537 27.354847 0.036556593 26.871997 0.48284972 26.871997
 5.8655704 27.335112 0.036582986 26.871417 0.46369494 26.871417
 5.8692872 27.327568 0.036593084 26.870846 0.45672203 26.870846
 5.8730039 27.308123 0.036619141 26.870285 0.43783739 26.870285
 5.8767206 27.297346 0.036633598 26.869734 0.42761178 26.869734
 5.8804374 27.282578 0.036653428 26.869193 0.4133842 26.869193
 5.8841541 27.263035 0.036679702 26.868662 0.39437268 26.868662
 5.8878709 27.218014 0.036740374 26.868141 0.34987292 26.868141
 5.8915876 27.170715 0.036804331 26.867629 0.30308594 26.867629
 5.8953043 27.114557 0.036880558 26.867128 0.24742949 26.867128
 5.8990211 27.089659 0.036914455 26.866636 0.22302272 26.866636
 5.9027378 27.101326 0.036898564 26.866154 0.23517189 26.866154
 5.9064546 27.097641 0.036903581 26.865682 0.23195898 26.865682
 5.9101713 27.109972 0.036886796 26.86522 0.24475226 26.86522
 5.9138881 27.086803 0.036918347 26.864767 0.22203615 26.864767
 5.9176048 27.079792 0.036927905 26.864325 0.21546736 26.864325
 5.9213215 27.058428 0.036957062 26.863892 0.19453598 26.863892
 5.9250383 27.041981 0.03697954 26.863469 0.17851193 26.863469
 5.928755 27.029819 0.036996178 26.863056 0.16676391 26.863056
 5.9324718 27.023964 0.037004194 26.862652 0.16131179 26.862652
 5.9361885 27.046143 0.036973849 26.862258 0.18388409 26.862258
 5.9399052 27.059738 0.036955273 26.861875 0.19786355 26.861875
 5.943622 27.025595 0.037001961 26.861501 0.16409421 26.861501
 5.9473387 26.974873 0.037071537 26.861136 0.11373643 26.861136
 5.9510555 26.945404 0.03711208 26.860782 0.084622473 26.860782
 5.9547722 26.981323 0.037062674 26.860437 0.12088649 26.860437
 5.9584889 26.98625 0.037055908 26.860102 0.12614826 26.860102
 5.9622057 26.97373 0.037073108 26.859776 0.11395377 26.859776
 5.9659224 26.971216 0.037076563 26.859461 0.11175549 26.859461
 5.9696392 26.970573 0.037077447 26.859155 0.11141861 26.859155
 5.9733559 26.975641 0.037070481 26.858859 0.1167826 26.858859
 5.9770727 26.965105 0.037084966 26.858572 0.10653286 26.858572
 5.9807894 26.968397 0.037080439 26.858295 0.11010168 26.858295
 5.9845061 26.971136 0.037076673 26.858028 0.11310768 26.858028
 5.9882229 26.99914 0.037038217 26.857771 0.14136873 26.857771
 5.9919396 26.990788 0.037049679 26.857523 0.13326411 26.857523
 5.9956564 26.953768 0.037100565 26.857285 0.096482368 26.857285
 5.9993731 26.946321 0.037110817 26.857057 0.08926439 26.857057
 6.0030898 26.979746 0.037064841 26.856838 0.12290741 26.856838
 6.0068066 27.001936 0.037034382 26.856629 0.14530649 26.856629
 6.0105233 26.992996 0.037046647 26.85643 0.13656608 26.85643
 6.0142401 26.955147 0.037098666 26.85624 0.098906343 26.85624
 6.0179568 26.944439 0.03711341 26.85606 0.088378533 26.85606
 6.0216736 26.934372 0.037127281 26.85589 0.078481972 26.85589
 6.0253903 26.913504 0.037156069 26.855729 0.057774467 26.855729
 6.029107 26.908148 0.037163465 26.855578 0.052569805 26.855578
 6.0328238 26.929413 0.037134118 26.855436 0.073976403 26.855436
 6.0365405 26.940678 0.037118591 26.855304 0.085373168 26.855304
 6.0402573 26.93269 0.0371296 26.855182 0.077507568 26.855182
 6.043974 26.904575 0.037168399 26.855069 0.049506031 26.855069
 6.0476907 26.898514 0.037176775 26.854966 0.043547673 26.854966
 6.0514075 26.907644 0.03716416 26.854872 0.052771781 26.854872
 6.0551242 26.937096 0.037123527 26.854788 0.082307214 26.854788
 6.058841 26.970381 0.037077712 26.854714 0.11566686 26.854714
 6.0625577 26.960976 0.037090646 26.854649 0.10632668 26.854649
 6.0662744 26.935423 0.037125833 26.854594 0.080829345 26.854594
 6.0699912 26.933107 0.037129024 26.854548 0.0785597 26.854548
 6.0737079 26.952085 0.03710288 26.854511 0.097574158 26.854511
 6.0774247 26.970087 0.037078115 26.854485 0.11560255 26.854485
 6.0811414 26.949129 0.037106951 26.854467 0.094661911 26.854467
 6.0848582 26.927114 0.037137288 26.854459 0.072655111 26.854459
 6.0885749 26.958406 0.037094181 26.854461 0.10394538 26.854461
 6.0922916 26.999334 0.03703795 26.854472 0.1448621 26.854472
 6.0960084 27.023062 0.037005429 26.854493 0.16856885 26.854493
 6.0997251 27.03686 0.036986544 26.854523 0.18233648 26.854523
 6.1034419 27.021698 0.037007297 26.854563 0.16713538 26.854563
 6.1071586 27.011276 0.037021575 26.854612 0.15666458 26.854612
 6.1108753 27.008379 0.037025547 26.85467 0.1537088 26.85467
 6.1145921 27.008419 0.037025492 26.854738 0.15368092 26.854738
 6.1183088 27.010752 0.037022294 26.854815 0.15593623 26.854815
 6.1220256 27.002539 0.037033555 26.854902 0.14763639 26.854902
 6.1257423 27.015903 0.037015234 26.854999 0.16090496 26.854999
 6.1294591 26.990099 0.037050624 26.855104 0.13499481 26.855104
 6.1331758 26.976095 0.037069857 26.855219 0.12087604 26.855219
 6.1368925 26.975475 0.037070709 26.855344 0.12013173 26.855344
 6.1406093 26.994846 0.037044108 26.855477 0.13936896 26.855477
 6.144326 27.016386 0.037014573 26.855621 0.16076548 26.855621
 6.1480428 27.033312 0.036991398 26.855773 0.17753874 26.855773
 6.1517595 27.031963 0.036993243 26.855935 0.17602835 26.855935
 6.1554762 27.027073 0.036999937 26.856106 0.17096666 26.856106
 6.159193 26.991623 0.037048532 26.856287 0.13533608 26.856287
 6.1629097 26.996216 0.037042229 26.856477 0.13973906 26.856477
 6.1666265 27.029333 0.036996843 26.856676 0.1726571 26.856676
 6.1703432 27.074474 0.036935158 26.856885 0.21758976 26.856885
 6.1740599 27.082241 0.036924566 26.857102 0.22513862 26.857102
 6.1777767 27.067545 0.036944614 26.85733 0.21021533 26.85733
 6.1814934 27.05308 0.036964368 26.857566 0.19551355 26.857566
 6.1852102 27.073238 0.036936845 26.857812 0.21542657 26.857812
 6.1889269 27.092428 0.036910682 26.858067 0.2343614 26.858067
 6.1926437 27.129614 0.03686009 26.858331 0.2712828 26.858331
 6.1963604 27.131268 0.036857843 26.858605 0.27266295 26.858605
 6.2000771 27.117441 0.036876636 26.858887 0.25855381 26.858887
 6.2037939 27.089691 0.036914411 26.859179 0.23051179 26.859179
 6.2075106 27.096411 0.036905257 26.859481 0.23693015 26.859481
 6.2112274 27.149921 0.036832519 26.859791 0.29013037 26.859791
 6.2149441 27.178543 0.036793731 26.860111 0.31843238 26.860111
 6.2186608 27.18206 0.03678897 26.86044 0.32162068 26.86044
 6.2223776 27.154245 0.036826654 26.860778 0.29346777 26.860778
 6.2260943 27.161238 0.036817173 26.861125 0.30011289 26.861125
 6.2298111 27.190018 0.036778203 26.861481 0.32853647 26.861481
 6.2335278 27.234234 0.036718492 26.861847 0.37238707 26.861847
 6.2372446 27.267811 0.036673278 26.862222 0.40558932 26.862222
 6.2409613 27.276243 0.03666194 26.862605 0.41363785 26.862605
 6.244678 27.273655 0.03666542 26.862998 0.41065659 26.862998
 6.2483948 27.282312 0.036653785 26.8634 0.41891193 26.8634
 6.2521115 27.294127 0.036637919 26.863812 0.43031482 26.863812
 6.2558283 27.273762 0.036665276 26.864232 0.40952972 26.864232
 6.259545 27.222536 0.03673427 26.864661 0.35787463 26.864661
 6.2632617 27.233667 0.036719256 27.174879 0.058788493 26.8651
 6.2669785 27.279387 0.036657716 27.185567 0.093819813 26.865548
 6.2706952 27.305397 0.036622797 27.196776 0.10862103 26.866004
 6.274412 27.321053 0.036601811 27.208541 0.11251135 26.86647
 6.2781287 27.333612 0.036584992 27.22091 0.11270237 26.866945
 6.2818454 27.351564 0.03656098 27.233917 0.11764725 26.867429
 6.2855622 27.337919 0.036579229 27.247604 0.090314757 26.867921
 6.2892789 27.352844 0.036559269 27.262025 0.090819472 26.868423
 6.2929957 27.370041 0.036536299 27.27724 0.092801169 26.868934
 6.2967124 27.405109 0.036489546 27.293297 0.11181281 26.869454
 6.3004292 27.442503 0.036439825 27.310259 0.13224406 26.869983
 6.3041459 27.48251 0.036386779 27.328212 0.15429727 26.870521
 6.3078626 27.492214 0.036373935 27.347226 0.14498806 26.871067
 6.3115794 27.492996 0.0363729 27.36738 0.12561635 26.871623
 6.3152961 27.50458 0.036357582 27.388773 0.1158069 26.872188
 6.3190129 27.531548 0.036321968 27.411526 0.12002109 26.872761
 6.3227296 27.552382 0.036294503 27.435736 0.11664515 26.873344
 6.3264463 27.560686 0.036283567 27.46153 0.099156361 26.873936
 6.3301631 27.593124 0.036240912 27.489075 0.10404978 26.874536
 6.3338798 27.683878 0.036122107 27.518521 0.16535672 26.875145
 6.3375966 27.746374 0.036040745 27.550036 0.19633844 26.875763
 6.3413133 27.76701 0.036013961 27.583824 0.18318542 26.87639
 6.34503 27.743927 0.036043924 27.620152 0.12377474 26.877026
 6.3487468 27.746655 0.036040381 27.659233 0.087421453 26.877671
 6.3524635 27.807552 0.035961453 27.701352 0.10620028 26.878325
 6.3561803 27.884941 0.03586165 27.74688 0.13806095 26.878987
 6.359897 27.966606 0.035756931 27.796181 0.17042547 26.879659
 6.3636138 28.008593 0.035703329 27.849649 0.15894355 26.880339
 6.3673305 28.004284 0.035708822 27.907777 0.096507004 26.881028
 6.3710472 28.026997 0.035679884 27.971221 0.055775891 26.881725
 6.374764 28.073162 0.03562121 28.040537 0.03262477 26.882432
 6.3784807 28.152567 0.03552074 28.116471 0.036096325 26.883147
 6.3821975 28.174879 0.03549261 28.199983 -0.025103894 26.883871
 6.3859142 28.199909 0.035461107 28.292103 -0.092193505 26.884604
 6.3896309 28.267733 0.035376024 28.393957 -0.12622448 26.885345
 6.3933477 28.370672 0.035247667 28.506962 -0.13628949 26.886095
 6.3970644 28.457069 0.035140653 28.633079 -0.17600972 26.886854
 6.4007812 28.523546 0.035058754 28.774101 -0.25055477 26.887622
 6.4044979 28.612801 0.034949393 28.93244 -0.31963971 26.888398
 6.4082147 28.751356 0.034780968 29.111255 -0.3598988 26.889183
 6.4119314 28.88035 0.034625619 29.31423 -0.43387976 26.889977
 6.4156481 29.021084 0.034457707 29.545556 -0.52447209 26.890779
 6.4193649 29.153353 0.034301372 29.810666 -0.65731332 26.891591
 6.4230816 29.333759 0.034090414 30.117353 -0.78359325 26.89241
 6.4267984 29.575506 0.033811763 30.473803 -0.89829722 26.893238
 6.4305151 29.895954 0.033449342 30.891684 -0.99573032 26.894075
 6.4342318 30.299322 0.033004039 31.388575 -1.0892531 26.894921
 6.4379486 30.860836 0.032403529 31.99272 -1.1318835 26.895775
 6.4416653 31.671371 0.031574256 32.753843 -1.0824711 26.896638
 6.4453821 32.914898 0.030381379 33.773517 -0.85861897 26.897509
 6.4490988 34.731133 0.028792611 35.276362 -0.54522975 26.898389
 6.4528155 37.604286 0.026592713 37.690581 -0.086294747 26.899277
 6.4565323 42.242146 0.02367304 41.80283 0.43931585 26.900174
 6.460249 49.638752 0.020145551 48.944196 0.69455615 26.90108
 6.4639658 61.492897 0.016262041 61.074473 0.41842365 26.901994
 6.4676825 80.289551 0.012454921 80.423197 -0.13364612 26.902916
 6.4713993 107.98927 0.009260179 109.04447 -1.0551933 26.903847
 6.475116 146.98238 0.0068035368 147.98524 -1.0028663 26.904786
 6.4788327 195.39438 0.0051178545 195.55176 -0.15738061 26.905734
 6.4825495 247.63109 0.0040382652 246.97615 0.65493505 26.906691
 6.4862662 296.02139 0.0033781342 294.05989 1.9615034 26.907656
 6.489983 326.94229 0.0030586438 325.76584 1.1764517 26.908629
 6.4936997 332.65817 0.0030060888 332.68411 -0.025941607 26.909611
 6.4974164 312.07849 0.0032043221 312.42155 -0.34306234 26.910601
 6.5011332 271.05896 0.0036892343 271.40931 -0.35034715 26.911599
 6.5048499 220.67593 0.0045315317 220.92106 -0.24513039 26.912606
 6.5085667 168.92148 0.0059199103 170.62517 -1.7036906 26.913621
 6.5122834 125.6795 0.0079567473 127.03565 -1.3561504 26.914645
 6.5160002 93.545181 0.010690022 93.354103 0.1910787 26.915677
 6.5197169 70.764252 0.014131429 69.600278 1.1639735 26.916717
 6.5234336 55.62701 0.017976878 54.174425 1.4525858 26.917766
 6.5271504 46.080303 0.021701246 44.872914 1.2073888 26.918823
 6.5308671 40.167305 0.02489587 39.465993 0.70131168 26.919888
 6.5345839 36.500336 0.027397008 36.33613 0.16420601 26.920962
 6.5383006 34.169609 0.029265772 34.458711 -0.28910184 26.922044
 6.5420173 32.725758 0.03055697 33.242979 -0.51722108 26.923134
 6.5457341 31.770462 0.031475778 32.372521 -0.60205853 26.924232
 6.5494508 31.125128 0.032128382 31.700983 -0.57585554 26.925339
 6.5531676 30.603298 0.032676217 31.158103 -0.55480458 26.926454
 6.5568843 30.217838 0.033093036 30.705781 -0.48794281 26.927577
 6.560601 29.936895 0.033403597 30.322426 -0.3855308 26.928708
 6.5643178 29.743208 0.033621121 29.994341 -0.25113289 26.929847
 6.5680345 29.594185 0.033790422 29.711903 -0.11771767 26.930995
 6.5717513 29.486105 0.033914279 29.466469 0.019635995 26.932151
 6.575468 29.423553 0.033986378 29.251965 0.17158859 26.933315
 6.5791848 29.351629 0.034069659 29.063773 0.28785627 26.934487
 6.5829015 29.255564 0.034181532 28.897713 0.3578504 26.935667
 6.5866182 29.194151 0.034253437 28.750363 0.44378747 26.936856
 6.590335 29.135765 0.034322078 28.619093 0.51667243 26.938052
 6.5940517 29.097513 0.034367198 28.501895 0.59561836 26.939257
 6.5977685 29.049551 0.03442394 28.396641 0.65290984 26.94047
 6.6014852 29.00993 0.034470956 28.301799 0.70813096 26.94169
 6.6052019 28.936556 0.034558363 28.216159 0.72039714 26.942919
 6.6089187 28.715683 0.034824176 28.138571 0.57711177 26.944156
 6.6126354 28.637964 0.034918683 28.068017 0.56994713 26.945401
 6.6163522 28.693712 0.034850841 28.003696 0.69001627 26.946654
 6.6200689 28.885021 0.03462002 27.945013 0.9400084 26.947915
 6.6237856 28.928886 0.034567525 27.891247 1.0376396 26.949184
 6.6275024 28.914946 0.034584191 27.841882 1.073064 26.950461
 6.6312191 28.878887 0.034627373 27.796501 1.082386 26.951746
 6.6349359 28.852205 0.034659396 27.754702 1.0975037 26.953038
 6.6386526 28.833057 0.034682413 27.716096 1.116961 26.954339
 6.6423694 28.839472 0.034674699 27.680382 1.1590899 26.955648
 6.6460861 28.856028 0.034654805 27.647336 1.208692 26.956965
 6.6498028 28.874348 0.034632817 27.616666 1.2576817 26.958289
 6.6535196 28.885735 0.034619165 27.58816 1.2975745 26.959622
 6.6572363 28.901501 0.034600279 27.561646 1.339855 26.960962
 6.6609531 28.89703 0.034605633 27.536956 1.3600741 26.96231
 6.6646698 28.871155 0.034636647 28.385267 0.48588791 26.963666
 6.6683865 28.874979 0.03463206 28.393438 0.4815406 26.96503
 6.6721033 28.890102 0.034613931 28.404591 0.4855113 26.966402
 6.67582 28.946077 0.034546995 28.418675 0.52740196 26.967781
 6.6795368 28.946594 0.034546378 28.435703 0.51089143 26.969168
 6.6832535 28.93693 0.034557916 28.455733 0.48119629 26.970564
 6.6869703 28.948774 0.034543777 28.478844 0.46993034 26.971966
 6.690687 28.969919 0.034518564 28.505074 0.46484514 26.973377
 6.6944037 28.996773 0.034486596 28.534523 0.4622499 26.974796
 6.6981205 29.020565 0.034458323 28.567371 0.45319379 26.976222
 6.7018372 29.098537 0.034365988 28.603722 0.494815 26.977655
 6.705554 29.181007 0.034268865 28.643735 0.53727214 26.979097
 6.7092707 29.227179 0.034214729 28.687632 0.53954655 26.980546
 6.7129874 29.242115 0.034197253 28.73568 0.50643508 26.982003
 6.7167042 29.24745 0.034191015 28.788084 0.45936581 26.983468
 6.7204209 29.287643 0.034144092 28.84514 0.44250311 26.98494
 6.7241377 29.32752 0.034097666 28.90727 0.42025041 26.98642
 6.7278544 29.388706 0.034026677 28.679542 0.70916382 26.987907
 6.7315711 29.479805 0.033921527 28.761987 0.71781802 26.989403
 6.7352879 29.567806 0.033820568 28.850364 0.71744198 26.990905
 6.7390046 29.627089 0.033752895 28.945341 0.68174718 26.992416
 6.7427214 29.671309 0.033702592 29.047484 0.62382488 26.993933
 6.7464381 29.769953 0.033590917 29.157532 0.61242043 26.995459
 6.7501549 29.871105 0.033477168 29.276469 0.59463621 26.996992
 6.7538716 29.965876 0.033371292 29.405202 0.5606733 26.998532
 6.7575883 30.083324 0.033241007 29.544774 0.53855074 27.00008
 6.7613051 30.207428 0.03310444 29.696482 0.51094554 27.001636
 6.7650218 30.343485 0.032956004 29.861984 0.48150132 27.003199
 6.7687386 30.461283 0.032828558 30.042739 0.41854353 27.00477
 6.7724553 30.584267 0.03269655 30.240674 0.34359302 27.006348
 6.776172 30.707167 0.032565688 30.458317 0.24884976 27.007933
 6.7798888 30.880026 0.032383393 30.698249 0.18177734 27.009526
 6.7836055 31.062355 0.032193309 30.963412 0.098943164 27.011126
 6.7873223 31.228466 0.032022066 31.257518 -0.029052108 27.012734
 6.791039 31.380165 0.031867264 31.585514 -0.20534844 27.014349
 6.7947558 31.581234 0.031664374 31.952056 -0.37082194 27.015971
 6.7984725 31.848822 0.031398336 32.363346 -0.51452461 27.017601
 6.8021892 32.1646 0.03109008 32.827608 -0.66300776 27.019238
 6.805906 32.481476 0.030786778 33.354081 -0.8726051 27.020883
 6.8096227 32.834602 0.030455676 33.953585 -1.118983 27.022535
 6.8133395 33.243359 0.030081196 34.640137 -1.3967785 27.024194
 6.8170562 33.751301 0.029628488 35.433532 -1.6822313 27.02586
 6.8207729 34.388912 0.02907914 36.3547 -1.9657875 27.027534
 6.8244897 35.262665 0.028358606 37.433844 -2.1711792 27.029215
 6.8282064 36.416321 0.027460215 38.717656 -2.3013354 27.030903
 6.8319232 37.971912 0.026335255 40.281568 -2.3096554 27.032599
 6.8356399 40.18708 0.024883619 42.263698 -2.0766173 27.034301
 6.8393566 43.452461 0.023013656 44.948765 -1.4963041 27.036011
 6.8430734 48.4016 0.020660474 48.972563 -0.57096332 27.037728
 6.8467901 56.272865 0.017770554 55.529865 0.74300009 27.039453
 6.8505069 68.932861 0.014506869 66.815162 2.1176995 27.041184
 6.8542236 89.134277 0.011219029 86.544428 2.5898492 27.042923
 6.8579404 121.96722 0.008198924 120.09674 1.8704821 27.044668
 6.8616571 173.17648 0.0057744561 173.64962 -0.47314033 27.046421
 6.8653738 248.58014 0.0040228475 252.93313 -4.3529946 27.048181
 6.8690906 355.58301 0.0028122829 361.0661 -5.4830954 27.049948
 6.8728073 491.47385 0.0020346963 493.60059 -2.1267412 27.051722
 6.8765241 639.78748 0.001563019 637.97725 1.810228 27.053503
 6.8802408 778.68896 0.0012842098 772.34551 6.3434508 27.055292
 6.8839575 874.32605 0.0011437381 867.33413 6.9919245 27.057087
 6.8876743 901.34094 0.0011094581 896.64577 4.6951722 27.058889
 6.891391 852.76819 0.0011726516 850.69789 2.070303 27.060699
 6.8951078 741.50513 0.0013486083 743.32325 -1.8181185 27.062515
 6.8988245 599.79413 0.0016672387 604.3116 -4.5174674 27.064338
 6.9025413 453.56619 0.0022047499 461.03789 -7.4716928 27.066168
 6.906258 327.60876 0.0030524214 333.37827 -5.7695073 27.068006
 6.9099747 231.09612 0.0043272039 232.14886 -1.0527492 27.06985
 6.9136915 162.58841 0.0061504999 159.07989 3.5085179 27.071701
 6.9174082 116.10065 0.0086132159 110.64549 5.4551608 27.073559
 6.921125 85.521645 0.011692946 81.006902 4.5147429 27.075424
 6.9248417 66.803467 0.014969283 63.658684 3.1447833 27.077295
 6.9285584 55.16713 0.018126736 53.707897 1.4592327 27.079174
 6.9322752 47.833572 0.020905819 47.903915 -0.070342776 27.081059
 6.9359919 43.233921 0.023129986 44.291018 -1.0570967 27.082951
 6.9397087 40.225979 0.024859557 41.804125 -1.578146 27.08485
 6.9434254 38.141514 0.026218152 39.93916 -1.7976463 27.086756
 6.9471421 36.702953 0.027245764 38.455939 -1.752986 27.088669
 6.9508589 35.630543 0.028065809 37.228867 -1.5983243 27.090588
 6.9545756 34.817341 0.02872132 36.192331 -1.3749905 27.092514
 6.9582924 34.20388 0.029236449 35.306793 -1.1029124 27.094447
 6.9620091 33.720413 0.029655627 34.544824 -0.82441114 27.096387
 6.9657259 33.306587 0.030024091 33.883018 -0.57643101 27.098333
 6.9694426 32.993298 0.030309186 33.304825 -0.31152712 27.100286
 6.9731593 32.714977 0.030567039 32.797808 -0.082830897 27.102246
 6.9768761 32.499897 0.030769328 32.350398 0.1494991 27.104212
 6.9805928 32.280029 0.030978906 31.953452 0.32657752 27.106185
 6.9843096 32.039318 0.031211651 31.599914 0.43940387 27.108165
 6.9880263 31.787765 0.031458644 31.284206 0.50355932 27.110151
 6.991743 31.611769 0.031633788 31.000654 0.61111469 27.112144
 6.9954598 31.473307 0.031772956 30.745114 0.72819231 27.114143
 6.9991765 31.341518 0.031906559 30.51436 0.82715834 27.116149
 7.0028933 31.219467 0.032031296 30.305203 0.91426425 27.118162
 7.00661 31.114262 0.032139602 30.114939 0.99932245 27.120181
 7.0103267 31.00441 0.032253476 29.941437 1.0629726 27.122207
 7.0140435 30.895613 0.032367055 29.783034 1.1125789 27.124239
 7.0177602 30.777651 0.032491109 29.637819 1.1398316 27.126277
 7.021477 30.67218 0.032602834 29.504402 1.1677779 27.128322
 7.0251937 30.578915 0.032702273 29.38168 1.1972344 27.130374
 7.0289105 30.500134 0.032786742 29.885035 0.61509892 27.132432
 7.0326272 30.460625 0.032829268 29.80062 0.66000423 27.134496
 7.0363439 30.397364 0.03289759 29.724948 0.67241579 27.136567
 7.0400607 30.341705 0.032957937 29.6575 0.68420568 27.138645
 7.0437774 30.279495 0.03302565 29.59754 0.68195538 27.140728
 7.0474942 30.218767 0.033092018 29.544582 0.6741853 27.142818
 7.0512109 30.129641 0.033189908 29.498272 0.63136827 27.144915
 7.0549276 30.083817 0.033240463 29.45824 0.62557643 27.147017
 7.0586444 30.039511 0.03328949 29.42412 0.61539068 27.149126
 7.0623611 30.029938 0.033300102 29.395663 0.63427464 27.151242
 7.0660779 29.998564 0.033334929 29.372773 0.62579045 27.153363
 7.0697946 29.984348 0.033350733 29.355181 0.62916701 27.155491
 7.0735114 29.954773 0.033383661 29.342769 0.6120037 27.157625
 7.0772281 29.966902 0.03337015 29.335508 0.63139399 27.159766
 7.0809448 29.987913 0.033346769 29.333369 0.65454421 27.161913
 7.0846616 29.972775 0.033363611 29.336298 0.63647701 27.164065
 7.0883783 29.940895 0.033399135 29.344334 0.5965609 27.166224
 7.0920951 29.906387 0.033437673 29.35766 0.54872774 27.16839
 7.0958118 29.912775 0.033430533 29.376309 0.53646611 27.170561
 7.0995285 29.931931 0.033409138 29.40044 0.53149058 27.172739
 7.1032453 29.970547 0.033366091 29.430313 0.54023398 27.174922
 7.106962 30.015348 0.033316288 29.466226 0.54912269 27.177112
 7.1106788 30.03474 0.033294777 29.508428 0.52631266 27.179308
 7.1143955 30.066294 0.033259836 28.720601 1.3456923 27.18151
 7.1181122 30.099693 0.03322293 28.803328 1.2963653 27.183718
 7.121829 30.183907 0.033130238 28.892503 1.291404 27.185932
 7.1255457 30.236584 0.033072519 28.988802 1.2477815 27.188152
 7.1292625 30.29034 0.033013825 29.093076 1.1972643 27.190379
 7.1329792 30.364859 0.032932806 29.206317 1.1585417 27.192611
 7.136696 30.437933 0.032853742 29.329456 1.1084772 27.194849
 7.1404127 30.52146 0.032763833 29.463688 1.0577717 27.197093
 7.1441294 30.562471 0.032719867 29.610626 0.95184563 27.199343
 7.1478462 30.633627 0.032643866 29.771766 0.86186099 27.201599
 7.1515629 30.703096 0.032570005 29.948935 0.75416166 27.203861
 7.1552797 30.804325 0.032462974 30.144443 0.65988241 27.206129
 7.1589964 30.912685 0.032349179 30.361153 0.55153249 27.208403
 7.1627131 31.03887 0.032217668 30.601873 0.43699717 27.210683
 7.1664299 31.163925 0.032088384 30.870259 0.29366614 27.212968
 7.1701466 31.297604 0.031951328 31.171253 0.12635073 27.21526
 7.1738634 31.467636 0.031778682 31.509979 -0.042343073 27.217557
 7.1775801 31.670197 0.031575428 31.892703 -0.22250621 27.21986
 7.1812969 31.912664 0.031335522 32.327538 -0.41487335 27.222169
 7.1850136 32.198208 0.031057629 32.825192 -0.62698452 27.224483
 7.1887303 32.54652 0.030725251 33.397009 -0.85048903 27.226803
 7.1924471 32.950245 0.030348788 34.058409 -1.1081644 27.22913
 7.1961638 33.474873 0.029873153 34.831514 -1.356641 27.231461
 7.1998806 34.184143 0.029253329 35.745006 -1.5608631 27.233799
 7.2035973 35.169933 0.028433378 36.843432 -1.6734989 27.236142
 7.207314 36.556763 0.02735472 38.208416 -1.6516536 27.238491
 7.2110308 38.56279 0.025931734 40.011083 -1.4482933 27.240846
 7.2147475 41.595203 0.024041234 42.583346 -0.98814251 27.243206
 7.2184643 46.344635 0.021577471 46.59241 -0.24777488 27.245572
 7.222181 53.927273 0.018543493 53.3357 0.59157264 27.247943
 7.2258977 66.168747 0.015112875 64.993417 1.1753296 27.25032
 7.2296145 85.942207 0.011635726 84.755663 1.1865443 27.252703
 7.2333312 116.93684 0.0085516252 116.75851 0.17832362 27.255091
 7.237048 163.50067 0.0061161828 165.60784 -2.1071729 27.257485
 7.2407647 230.53438 0.0043377478 233.80484 -3.2704604 27.259884
 7.2444815 318.81015 0.003136663 320.59992 -1.7897695 27.262289
 7.2481982 420.70645 0.0023769543 419.98513 0.72131717 27.2647
 7.2519149 523.55908 0.0019100041 519.10315 4.4559357 27.267115
 7.2556317 604.41455 0.0016544936 599.6132 4.8013499 27.269537
 7.2593484 643.33191 0.0015544076 641.33192 1.9999901 27.271963
 7.2630652 629.99188 0.001587322 630.0586 -0.066719981 27.274396
 7.2667819 569.64838 0.0017554689 570.56128 -0.91290434 27.276833
 7.2704986 478.64728 0.0020892211 480.09661 -1.4493363 27.279276
 7.2742154 375.17075 0.002665453 378.88365 -3.712902 27.281725
 7.2779321 279.38635 0.0035792729 283.49643 -4.1100754 27.284178
 7.2816489 202.36633 0.0049415334 203.78061 -1.4142731 27.286637
 7.2853656 145.24785 0.0068847836 143.51174 1.7361108 27.289102
 7.2890824 105.47565 0.0094808615 102.1186 3.3570507 27.291572
 7.2927991 78.633545 0.012717219 75.568094 3.0654508 27.294047
 7.2965158 61.73756 0.016197595 59.523057 2.2145032 27.296527
 7.3002326 51.256119 0.019509866 50.209547 1.0465718 27.299013
 7.3039493 44.65176 0.022395534 44.793238 -0.14147799 27.301503
 7.3076661 40.593987 0.024634191 41.47551 -0.8815232 27.303999
 7.3113828 37.974438 0.026333504 39.275904 -1.3014659 27.306501
 7.3150995 36.170811 0.027646602 37.687946 -1.5171349 27.309007
 7.3188163 34.939743 0.028620703 36.448456 -1.508713 27.311519
 7.322533 34.074154 0.029347757 35.436287 -1.3621331 27.314036
 7.3262498 33.438881 0.029905307 34.589139 -1.1502577 27.316558
 7.3299665 32.944233 0.030354326 33.869594 -0.92536136 27.319085
 7.3336832 32.526733 0.030743942 33.251107 -0.72437367 27.321617
 7.3374 32.19244 0.031063194 32.715613 -0.5231726 27.324154
 7.3411167 31.945147 0.03130366 32.250084 -0.30493705 27.326697
 7.3448335 31.798338 0.031448185 31.842199 -0.04386133 27.329244
 7.3485502 31.623825 0.031621728 31.482856 0.14096916 27.331797
 7.352267 31.410465 0.031836523 31.165025 0.24544031 27.334354
 7.3559837 31.185581 0.032066101 30.882865 0.30271595 27.336917
 7.3597004 31.011803 0.032245788 30.630913 0.3808898 27.339485
 7.3634172 30.922422 0.032338993 30.405097 0.51732555 27.342057
 7.3671339 30.842333 0.032422969 30.202317 0.64001569 27.344635
 7.3708507 30.760036 0.032509714 30.019367 0.74066981 27.347217
 7.3745674 30.65275 0.0326235 29.853726 0.79902409 27.349804
 7.3782841 30.540442 0.032743469 29.703402 0.83703994 27.352397
 7.3820009 30.425892 0.032866744 29.961599 0.4642924 27.354994
 7.3857176 30.335291 0.032964906 29.849636 0.48565505 27.357596
 7.3894344 30.261486 0.033045304 29.748899 0.51258701 27.360203
 7.3931511 30.174358 0.033140721 29.658435 0.51592317 27.362815
 7.3968678 30.107626 0.033214176 29.577189 0.53043702 27.365431
 7.4005846 30.054266 0.033273147 29.504297 0.54996858 27.368053
 7.4043013 30.018137 0.033313193 29.439092 0.57904504 27.370679
 7.4080181 29.98303 0.033352199 29.381045 0.60198499 27.37331
 7.4117348 29.947559 0.033391703 29.329515 0.61804427 27.375946
 7.4154516 29.907249 0.033436709 29.284058 0.62319145 27.378586
 7.4191683 29.829161 0.033524242 29.244367 0.58479346 27.381231
 7.422885 29.766382 0.033594946 29.210074 0.55630813 27.383881
 7.4266018 29.73975 0.033625031 29.180871 0.55887918 27.386536
 7.4303185 29.712984 0.03365532 29.156548 0.55643602 27.389195
 7.4340353 29.681005 0.033691581 29.136995 0.5440108 27.391859
 7.437752 29.632021 0.033747276 29.121988 0.51003343 27.394527
 7.4414687 29.628576 0.0337512 29.111429 0.5171475 27.3972
 7.4451855 29.629955 0.033749629 29.105311 0.52464384 27.399878
 7.4489022 29.61245 0.03376958 29.103593 0.50885686 27.40256
 7.452619 29.599783 0.033784032 29.106251 0.49353241 27.405247
 7.4563357 29.572542 0.033815152 29.113342 0.45920053 27.407939
 7.4600525 29.584381 0.03380162 29.125037 0.45934386 27.410635
 7.4637692 29.600105 0.033783664 29.141384 0.45872148 27.413335
 7.4674859 29.623844 0.033756591 29.162555 0.46128898 27.41604
 7.4712027 29.632006 0.033747294 29.188831 0.44317476 27.41875
 7.4749194 29.624119 0.033756278 29.220485 0.40363425 27.421464
 7.4786362 29.614445 0.033767305 29.2578 0.35664427 27.424182
 7.4823529 29.627113 0.033752866 29.301176 0.32593704 27.426905
 7.4860696 29.681162 0.033691403 29.351225 0.32993641 27.429632
 7.4897864 29.761709 0.033600221 29.408384 0.35332484 27.432363
 7.4935031 29.826862 0.033526825 28.864717 0.96214529 27.435099
 7.4972199 29.843357 0.033508295 28.957152 0.88620549 27.43784
 7.5009366 29.843845 0.033507746 29.058297 0.78554841 27.440584
 7.5046533 29.866032 0.033482855 29.169197 0.69683447 27.443333
 7.5083701 29.919214 0.033423338 29.291164 0.62805014 27.446087
 7.5120868 29.983341 0.033351853 29.42602 0.55732135 27.448844
 7.5158036 30.054905 0.033272439 29.575396 0.4795086 27.451606
 7.5195203 30.144402 0.033173656 29.741447 0.4029546 27.454372
 7.5232371 30.224693 0.03308553 29.926945 0.29774876 27.457142
 7.5269538 30.319067 0.032982545 30.13517 0.18389748 27.459917
 7.5306705 30.418461 0.032874773 30.369664 0.048796752 27.462696
 7.5343873 30.544306 0.032739326 30.635007 -0.090701347 27.465479
 7.538104 30.715845 0.032556487 30.937604 -0.22175845 27.468266
 7.5418208 30.931011 0.032330013 31.284033 -0.35302196 27.471057
 7.5455375 31.180338 0.032071493 31.683035 -0.50269666 27.473852
 7.5492542 31.460136 0.031786258 32.146572 -0.68643557 27.476652
 7.552971 31.857855 0.031389433 32.691236 -0.83338106 27.479455
 7.5566877 32.401814 0.03086247 33.339963 -0.93814984 27.482263
 7.5604045 33.146027 0.030169529 34.133108 -0.9870816 27.485074
 7.5641212 34.224033 0.029219233 35.153396 -0.92936261 27.48789
 7.567838 35.84642 0.027896788 36.560629 -0.7142084 27.49071
 7.5715547 38.349129 0.026076212 38.675633 -0.32650462 27.493534
 7.5752714 42.252907 0.023667011 42.121047 0.13185961 27.496361
 7.5789882 48.51582 0.020611834 48.02521 0.49060948 27.499193
 7.5827049 58.723099 0.017029074 58.07898 0.64411846 27.502029
 7.5864217 74.900963 0.013350963 74.609228 0.29173498 27.504868
 7.5901384 99.612953 0.010038855 100.46012 -0.84716607 27.507712
 7.5938551 135.88939 0.0073589263 137.82314 -1.9337539 27.510559
 7.5975719 185.07784 0.0054031321 187.30908 -2.2312416 27.51341
 7.6012886 246.89842 0.0040502486 246.859 0.039424928 27.516266
 7.6050054 313.6702 0.0031880619 310.59411 3.0760914 27.519124
 7.6087221 371.88712 0.002688988 368.7126 3.1745158 27.521987
 7.6124388 410.44476 0.0024363814 408.97853 1.466236 27.524854
 7.6161556 419.85043 0.0023818006 419.71487 0.13556242 27.527724
 7.6198723 397.74789 0.0025141554 397.64183 0.10606616 27.530598
 7.6235891 348.76407 0.0028672678 349.83548 -1.0714121 27.533476
 7.6273058 285.78711 0.0034991081 288.42303 -2.6359195 27.536358
 7.6310226 223.01871 0.0044839288 225.24552 -2.2268083 27.539243
 7.6347393 167.40099 0.0059736805 168.74445 -1.3434638 27.542132
 7.638456 123.71074 0.0080833726 123.34778 0.36296199 27.545025
 7.6421728 91.993492 0.010870334 90.263685 1.7298068 27.547922
 7.6458895 70.187065 0.014247639 68.013221 2.1738445 27.550822
 7.6496063 55.929287 0.01787972 54.000883 1.9284035 27.553725
 7.653323 46.684952 0.021420178 45.631146 1.0538053 27.556633
 7.6570397 41.058414 0.024355544 40.782174 0.27624011 27.559544
 7.6607565 37.576706 0.026612232 37.896898 -0.32019242 27.562458
 7.6644732 35.320881 0.028311865 36.08244 -0.7615588 27.565376
 7.66819 33.886913 0.029509917 34.845179 -0.95826561 27.568298
 7.6719067 32.924271 0.030372731 33.923874 -0.99960316 27.571223
 7.6756234 32.257233 0.031000799 33.19212 -0.93488771 27.574151
 7.6793402 31.73241 0.031513522 32.588565 -0.85615472 27.577083
 7.6830569 31.340897 0.031907192 32.081055 -0.74015853 27.580019
 7.6867737 31.05092 0.032205164 31.647198 -0.59627732 27.582958
 7.6904904 30.808735 0.032458327 31.341972 -0.53323717 27.5859
 7.6942072 30.580893 0.032700157 31.019664 -0.4387716 27.588846
 7.6979239 30.396029 0.032899035 30.738815 -0.34278683 27.591795
 7.7016406 30.267467 0.033038773 30.492502 -0.22503456 27.594748
 7.7053574 30.153086 0.033164102 30.275491 -0.12240486 27.597704
 7.7090741 30.052595 0.033274997 30.083927 -0.031332077 27.600663
 7.7127909 29.95644 0.033381804 29.913718 0.042721819 27.603626
 7.7165076 29.865665 0.033483265 29.761959 0.10370627 27.606592
 7.7202243 29.764662 0.033596888 29.626356 0.13830563 27.609561
 7.7239411 29.678074 0.033694909 29.504833 0.17324054 27.612534
 7.7276578 29.597906 0.033786174 29.395509 0.20239735 27.615509
 7.7313746 29.525362 0.033869187 29.296933 0.2284288 27.618488
 7.7350913 29.445341 0.03396123 29.20803 0.23731084 27.62147
 7.7388081 29.373732 0.034044023 29.127552 0.24617984 27.624456
 7.7425248 29.337591 0.034085961 29.054582 0.28300921 27.627444
 7.7462415 29.295187 0.0341353 28.988391 0.30679604 27.630436
 7.7499583 29.240166 0.034199533 28.928309 0.31185697 27.633431
 7.753675 29.174898 0.034276041 28.873671 0.30122669 27.636429
 7.7573918 29.104872 0.034358509 28.823973 0.28089869 27.63943
 7.7611085 29.080021 0.034387871 28.778846 0.30117538 27.642434
 7.7648252 29.070442 0.034399202 28.737827 0.33261539 27.645441
 7.768542 29.029358 0.034447886 28.700572 0.32878623 27.648452
 7.7722587 28.955334 0.034535951 28.666811 0.28852237 27.651465
 7.7759755 28.893734 0.03460958 28.636306 0.25742831 27.654481
 7.7796922 28.882729 0.034622768 28.608789 0.27394 27.657501
 7.7834089 28.893669 0.034609658 28.58407 0.30959881 27.660523
 7.7871257 28.870495 0.034637439 28.562029 0.3084657 27.663548
 7.7908424 28.807999 0.034712581 28.542489 0.26550942 27.666577
 7.7945592 28.729389 0.034807562 28.525325 0.20406409 27.669608
 7.7982759 28.694019 0.034850468 28.510455 0.18356443 27.672642
 7.8019927 28.694063 0.034850415 28.497822 0.19624143 27.675679
 7.8057094 28.686913 0.034859102 28.487337 0.19957521 27.678719
 7.8094261 28.698221 0.034845365 28.478966 0.21925565 27.681761
 7.8131429 28.703148 0.034839384 28.472722 0.23042639 27.684807
 7.8168596 28.719339 0.034819742 28.468586 0.25075348 27.687855
 7.8205764 28.694859 0.034849449 28.466571 0.2282877 27.690906
 7.8242931 28.674786 0.034873844 28.46673 0.20805511 27.69396
 7.8280098 28.656136 0.034896541 28.46916 0.18697599 27.697017
 7.8317266 28.664951 0.034885808 28.473917 0.1910343 27.700076
 7.8354433 28.656576 0.034896004 28.481125 0.17545154 27.703138
 7.8391601 28.646904 0.034907786 28.490976 0.15592789 27.706203
 7.8428768 28.631166 0.034926974 28.503649 0.12751775 27.70927
 7.8465936 28.621508 0.03493876 28.519363 0.10214506 27.712341
 7.8503103 28.630468 0.034927825 28.538417 0.092050901 27.715413
 7.854027 28.633762 0.034923807 28.182705 0.45105745 27.718489
 7.8577438 28.629263 0.034929296 28.221111 0.40815189 27.721567
 7.8614605 28.62904 0.034929568 28.263643 0.36539654 27.724648
 7.8651773 28.62818 0.034930618 28.311029 0.31715014 27.727731
 7.868894 28.65609 0.034896596 28.364062 0.29202786 27.730817
 7.8726107 28.66301 0.034888172 28.423672 0.23933776 27.733905
 7.8763275 28.699984 0.034843225 28.491059 0.20892498 27.736996
 7.8800442 28.713198 0.03482719 28.567872 0.14532596 27.740089
 7.883761 28.739136 0.034795758 28.655808 0.083327628 27.743185
 7.8874777 28.75272 0.034779318 28.757205 -0.0044850954 27.746283
 7.8911944 28.811356 0.034708537 28.875384 -0.064028038 27.749384
 7.8949112 28.915699 0.03458329 29.014818 -0.099118905 27.752487
 7.8986279 29.097469 0.03436725 29.18227 -0.084800452 27.755593
 7.9023447 29.290226 0.034141082 29.389805 -0.099579417 27.758701
 7.9060614 29.510597 0.033886132 29.662215 -0.15161773 27.761811
 7.9097782 29.855326 0.033494862 30.044682 -0.18935663 27.764924
 7.9134949 30.401287 0.032893344 30.62375 -0.22246319 27.768039
 7.9172116 31.369381 0.031878219 31.557999 -0.18861771 27.771156
 7.9209284 32.976761 0.030324385 33.103641 -0.12688045 27.774276
 7.9246451 35.450096 0.028208668 35.612521 -0.16242523 27.777398
 7.9283619 39.278633 0.025459134 39.51354 -0.23490642 27.780522
 7.9320786 44.975574 0.022234291 45.260299 -0.28472495 27.783649
 7.9357953 52.745453 0.01895898 53.042181 -0.29672773 27.786777
 7.9395121 62.792965 0.015925351 62.690268 0.10269657 27.789908
 7.9432288 74.022438 0.013509417 73.481201 0.54123728 27.793041
 7.9469456 84.474777 0.011837853 83.968544 0.50623348 27.796177
 7.9506623 92.343994 0.010829075 92.094921 0.24907332 27.799314
 7.9543791 95.303932 0.010492746 95.660892 -0.35696 27.802454
 7.9580958 93.018425 0.010750558 93.352592 -0.33416709 27.805595
 7.9618125 85.869987 0.011645512 86.06951 -0.19952208 27.808739
 7.9655293 75.783051 0.013195563 75.918909 -0.13585891 27.811885
 7.969246 65.087769 0.01536387 65.05041 0.037358472 27.815033
 7.9729628 55.004826 0.018180223 55.069849 -0.065023527 27.818183
 7.9766795 46.931732 0.021307545 46.847531 0.084200927 27.821335
 7.9803962 40.961945 0.024412903 40.662132 0.29981261 27.824489
 7.984113 36.666111 0.027273141 36.392813 0.27329825 27.827645
 7.9878297 33.755867 0.02962448 33.618937 0.13693035 27.830803
 7.9915465 31.878719 0.031368889 31.899613 -0.020893649 27.833963
 7.9952632 30.763018 0.032506564 30.861248 -0.098230745 27.837125
 7.9989799 30.081991 0.03324248 30.226841 -0.14485012 27.840289
 8.0026967 29.634586 0.033744355 29.816302 -0.18171572 27.843454
 8.0064134 29.35293 0.034068149 29.53078 -0.1778502 27.846622
 8.0101302 29.133633 0.03432459 29.317826 -0.18419362 27.849791
 8.0138469 28.992937 0.034491159 29.149046 -0.15610874 27.852963
 8.0175637 28.901623 0.034600133 29.010381 -0.10875865 27.856136
 8.0212804 28.888679 0.034615636 28.894182 -0.0055023087 27.85931
 8.0249971 28.864424 0.034644724 28.795681 0.068742801 27.862487
 8.0287139 28.832476 0.034683113 28.711249 0.12122628 27.865666
 8.0324306 28.789133 0.034735329 28.638412 0.15072147 27.868846
 8.0361474 28.774523 0.034752966 28.575353 0.1991702 27.872028
 8.0398641 28.759432 0.034771202 28.5204 0.23903149 27.875211
 8.0435808 28.731832 0.034804602 28.472267 0.25956504 27.878397
 8.0472976 28.703415 0.03483906 28.668975 0.034439539 27.881584
 8.0510143 28.679792 0.034867756 28.639482 0.040310365 27.884772
 8.0547311 28.681107 0.034866158 28.614632 0.066474553 27.887963
 8.0584478 28.69718 0.03484663 28.593881 0.10329909 27.891155
 8.0621645 28.70295 0.034839625 28.576822 0.12612786 27.894348
 8.0658813 28.69805 0.034845574 28.563045 0.1350045 27.897543
 8.069598 28.704842 0.034837329 28.552219 0.15262254 27.90074
 8.0733148 28.692797 0.034851953 28.544096 0.14870062 27.903938
 8.0770315 28.669874 0.034879818 28.538497 0.13137692 27.907138
 8.0807483 28.641813 0.034913991 28.535205 0.10660849 27.910339
 8.084465 28.651213 0.034902537 28.534081 0.11713183 27.913542
 8.0881817 28.665363 0.034885307 28.535041 0.13032227 27.916746
 8.0918985 28.671196 0.03487821 28.53799 0.13320621 27.919952
 8.0956152 28.691639 0.034853359 28.542851 0.14878798 27.923159
 8.099332 28.714148 0.034826038 28.549589 0.16455869 27.926368
 8.1030487 28.754055 0.034777703 28.558216 0.19583934 27.929578
 8.1067654 28.765581 0.034763768 28.568696 0.19688474 27.932789
 8.1104822 28.775873 0.034751335 28.581049 0.1948238 27.936002
 8.1141989 28.76664 0.034762489 28.595333 0.17130623 27.939216
 8.1179157 28.770111 0.034758295 28.611601 0.15850962 27.942431
 8.1216324 28.766928 0.034762141 28.629911 0.13701709 27.945648
 8.1253492 28.756861 0.03477431 28.650357 0.10650385 27.948866
 8.1290659 28.786634 0.034738344 28.673104 0.11353063 27.952085
 8.1327826 28.838785 0.034675524 28.69825 0.14053534 27.955305
 8.1364994 28.872925 0.034634524 28.725962 0.14696283 27.958527
 8.1402161 28.888229 0.034616175 28.756467 0.13176271 27.96175
 8.1439329 28.904728 0.034596416 28.790002 0.11472592 27.964974
 8.1476496 28.962696 0.034527172 28.826808 0.13588857 27.9682
 8.1513663 29.00239 0.034479917 28.867194 0.13519573 27.971426
 8.1550831 29.031197 0.034445704 28.91161 0.11958656 27.974654
 8.1587998 29.048887 0.034424727 28.960411 0.088476558 27.977882
 8.1625166 29.076555 0.034391969 29.014084 0.062471023 27.981112
 8.1662333 29.126043 0.034333534 29.073257 0.052786302 27.984343
 8.16995 29.165606 0.034286962 29.138638 0.026967198 27.987575
 8.1736668 29.203833 0.034242081 29.210955 -0.0071224099 27.990808
 8.1773835 29.225029 0.034217246 29.291136 -0.066107011 27.994042
 8.1811003 29.274103 0.034159885 29.380471 -0.1063679 27.997277
 8.184817 29.326319 0.034099063 29.480155 -0.15383638 28.000514
 8.1885338 29.415735 0.033995411 29.591741 -0.17600578 28.003751
 8.1922505 29.501194 0.033896933 29.717236 -0.21604233 28.006989
 8.1959672 29.577377 0.033809624 29.859084 -0.28170702 28.010228
 8.199684 29.674477 0.033698994 30.019909 -0.34543278 28.013468
 8.2034007 29.795389 0.03356224 30.203145 -0.40775576 28.016708
 8.2071175 29.947531 0.033391735 30.413614 -0.46608332 28.01995
 8.2108342 30.108276 0.033213459 30.656541 -0.54826483 28.023193
 8.2145509 30.302412 0.033000673 30.939102 -0.63669008 28.026436
 8.2182677 30.54405 0.0327396 31.272057 -0.72800674 28.02968
 8.2219844 30.897219 0.032365373 31.673163 -0.77594467 28.032925
 8.2257012 31.421736 0.031825104 32.107047 -0.68531137 28.036171
 8.2294179 32.13908 0.031114767 32.767052 -0.62797226 28.039418
 8.2331347 33.254971 0.030070693 33.714897 -0.45992605 28.042665
 8.2368514 35.010963 0.028562482 35.195526 -0.18456206 28.045913
 8.2405681 37.70863 0.026519129 37.65231 0.056319309 28.049162
 8.2442849 42.081203 0.023763579 41.836165 0.24503883 28.052412
 8.2480016 49.172298 0.020336654 48.910249 0.26204972 28.055662
 8.2517184 59.978191 0.016672727 60.280035 -0.30184356 28.058913
 8.2554351 76.463837 0.013078078 77.451749 -0.98791192 28.062164
 8.2591518 100.28271 0.0099718082 101.65057 -1.3678584 28.065416
 8.2628686 131.78677 0.0075880149 132.84506 -1.058284 28.068669
 8.2665853 169.98683 0.0058828086 169.29768 0.68915254 28.071923
 8.2703021 209.30827 0.004777642 207.24288 2.0653919 28.075177
 8.2740188 243.12158 0.0041131684 240.68194 2.4396437 28.078431
 8.2777355 263.99207 0.0037879926 262.57496 1.417101 28.081686
 8.2814523 266.79645 0.0037481758 267.06832 -0.27187602 28.084942
 8.285169 251.9837 0.0039685106 252.53594 -0.55223945 28.088198
 8.2888858 222.24672 0.004499504 223.39759 -1.1508688 28.091454
 8.2926025 184.92462 0.0054076087 186.68559 -1.7609668 28.094711
 8.2963193 147.40482 0.0067840389 148.93253 -1.5277142 28.097969
 8.300036 114.09008 0.0087650039 115.0529 -0.96282178 28.101226
 8.3037527 87.920021 0.011373974 87.622273 0.29774823 28.104485
 8.3074695 68.702087 0.014555598 67.309091 1.3929959 28.107743
 8.3111862 55.284508 0.01808825 53.485953 1.7985547 28.111002
 8.314903 46.166569 0.021660696 44.687164 1.4794051 28.114262
 8.3186197 40.316032 0.024804028 39.353019 0.96301294 28.117522
 8.3223364 36.729824 0.027225831 36.218091 0.51173304 28.120782
 8.3260532 34.509293 0.028977702 34.380494 0.12879873 28.124042
 8.3297699 33.087723 0.03022269 33.239217 -0.15149379 28.127303
 8.3334867 32.160366 0.031094173 32.474353 -0.31398659 28.130563
 8.3372034 31.5585 0.031687184 31.917625 -0.35912485 28.133825
 8.3409202 31.1581 0.032094383 31.482307 -0.32420656 28.137086
 8.3446369 30.868198 0.032395801 31.12558 -0.25738124 28.140348
 8.3483536 30.628412 0.032649423 30.825691 -0.19727899 28.143609
 8.3520704 30.467468 0.032821894 30.570501 -0.10303237 28.146871
 8.3557871 30.331846 0.032968649 30.350497 -0.018650786 28.150133
 8.3595039 30.245079 0.03306323 30.159524 0.085555492 28.153396
 8.3632206 30.177662 0.033137093 29.992994 0.1846681 28.156658
 8.3669373 30.140617 0.033177821 29.847002 0.293615 28.15992
 8.3706541 30.082596 0.033241812 30.204517 -0.12192133 28.163183
 8.3743708 29.996523 0.033337197 30.106969 -0.11044578 28.166445
 8.3780876 29.944254 0.033395389 30.023126 -0.078872374 28.169708
 8.3818043 29.917376 0.033425392 29.951048 -0.033672627 28.172971
 8.385521 29.908138 0.033435715 29.889355 0.018783575 28.176233
 8.3892378 29.866371 0.033482474 29.836982 0.029389005 28.179496
 8.3929545 29.836893 0.033515554 29.79299 0.04390294 28.182759
 8.3966713 29.812859 0.033542573 29.756492 0.056366509 28.186021
 8.400388 29.805748 0.033550576 29.726844 0.078903866 28.189284
 8.4041048 29.793945 0.033563866 29.703621 0.090324143 28.192546
 8.4078215 29.750547 0.033612827 29.68628 0.064267483 28.195808
 8.4115382 29.707266 0.033661799 29.674459 0.032806856 28.199071
 8.415255 29.702461 0.033667244 29.667922 0.034539676 28.202333
 8.4189717 29.732449 0.033633288 29.666485 0.065963921 28.205595
 8.4226885 29.741989 0.033622499 29.669934 0.072055216 28.208856
 8.4264052 29.746599 0.033617288 29.67818 0.068419611 28.212118
 8.4301219 29.744202 0.033619998 29.691265 0.052936371 28.215379
 8.4338387 29.757397 0.03360509 29.709142 0.048254312 28.21864
 8.4375554 29.786901 0.033571803 29.73186 0.055041396 28.221901
 8.4412722 29.837658 0.033514695 29.759566 0.078091603 28.225162
 8.4449889 29.86035 0.033489226 29.79248 0.067869876 28.228422
 8.4487056 29.901772 0.033442835 29.830757 0.071015028 28.231682
 8.4524224 29.936298 0.033404264 29.874684 0.061614589 28.234942
 8.4561391 29.986479 0.033348364 29.924716 0.061763179 28.238201
 8.4598559 30.032425 0.033297345 29.981225 0.051199478 28.24146
 8.4635726 30.096115 0.03322688 30.044695 0.051420004 28.244719
 8.4672894 30.163256 0.03315292 30.115768 0.047487495 28.247977
 8.4710061 30.195961 0.033117012 30.195268 0.00069283913 28.251235
 8.4747228 30.233398 0.033076004 30.283919 -0.050520248 28.254493
 8.4784396 30.277822 0.033027474 30.382708 -0.10488518 28.25775
 8.4821563 30.325075 0.032976011 30.49298 -0.1679047 28.261006
 8.4858731 30.390373 0.032905157 30.616052 -0.2256786 28.264262
 8.4895898 30.478436 0.032810083 30.75348 -0.2750444 28.267518
 8.4933065 30.574795 0.032706679 30.907252 -0.33245746 28.270773
 8.4970233 30.696205 0.032577317 31.079971 -0.38376554 28.274027
 8.50074 30.85215 0.032412652 31.274114 -0.42196393 28.277281
 8.5044568 31.006628 0.032251169 31.492982 -0.4863542 28.280535
 8.5081735 31.151966 0.032100703 31.741002 -0.58903629 28.283787
 8.5118903 31.303236 0.031945579 32.023021 -0.71978546 28.28704
 8.515607 31.524872 0.031720985 32.109889 -0.58501753 28.290291
 8.5193237 31.768965 0.031477261 32.486239 -0.71727399 28.293542
 8.5230405 32.071995 0.03117985 32.920178 -0.84818364 28.296792
 8.5267572 32.430416 0.03083525 33.423518 -0.99310161 28.300042
 8.530474 32.937572 0.030360465 34.014338 -1.0767655 28.303291
 8.5341907 33.61388 0.029749615 34.723561 -1.1096809 28.306539
 8.5379074 34.558403 0.028936522 35.606199 -1.0477964 28.309786
 8.5416242 35.893196 0.027860433 36.769287 -0.87609125 28.313033
 8.5453409 37.90733 0.026380123 38.431135 -0.52380537 28.316279
 8.5490577 41.013065 0.024382474 41.050786 -0.037720248 28.319524
 8.5527744 45.93663 0.02176912 45.430525 0.50610553 28.322769
 8.5564911 53.852356 0.01856929 52.931072 0.92128376 28.326012
 8.5602079 66.562775 0.015023412 65.690735 0.87203985 28.329255
 8.5639246 86.481842 0.011563121 86.529325 -0.047482743 28.332497
 8.5676414 116.81479 0.0085605599 118.41696 -1.6021713 28.335738
 8.5713581 160.83722 0.0062174664 163.80654 -2.9693204 28.338978
 8.5750749 220.13652 0.0045426356 223.6318 -3.4952801 28.342217
 8.5787916 294.63861 0.0033939883 295.02673 -0.38812128 28.345455
 8.5825083 375.19699 0.0026652666 371.47607 3.7209227 28.348692
 8.5862251 447.59872 0.002234144 442.35477 5.243953 28.351929
 8.5899418 498.73831 0.0020050595 493.95856 4.7797525 28.355164
 8.5936586 516.33051 0.001936744 513.91157 2.41894 28.358398
 8.5973753 496.84778 0.0020126889 496.55944 0.28834281 28.361632
 8.601092 444.47226 0.0022498592 446.31894 -1.8466778 28.364864
 8.6048088 372.06055 0.0026877346 376.28961 -4.2290606 28.368095
 8.6085255 295.1452 0.0033881628 299.85066 -4.7054565 28.371326
 8.6122423 224.01486 0.0044639895 227.86773 -3.8528633 28.374555
 8.615959 166.31808 0.0060125753 167.35915 -1.0410666 28.377783
 8.6196758 122.86905 0.0081387461 120.94254 1.9265108 28.38101
 8.6233925 91.789299 0.010894516 88.165018 3.6242814 28.384235
 8.6271092 70.579132 0.014168494 66.82122 3.7579123 28.38746
 8.630826 56.417057 0.017725136 53.650547 2.7665101 28.390683
 8.6345427 47.630577 0.020994917 45.857371 1.7732058 28.393906
 8.6382595 42.149643 0.023724993 41.335804 0.81383938 28.397127
 8.6419762 38.665527 0.025862831 38.654481 0.011046412 28.400347
 8.6456929 36.4645 0.027423933 36.947924 -0.48342348 28.403565
 8.6494097 35.013771 0.028560191 35.765126 -0.75135502 28.406782
 8.6531264 33.969738 0.029437966 34.877348 -0.90761033 28.409998
 8.6568432 33.238621 0.030085484 34.165929 -0.92730815 28.413213
 8.6605599 32.693729 0.030586905 33.574255 -0.88052535 28.416427
 8.6642766 32.280781 0.030978185 33.072295 -0.7915142 28.419639
 8.6679934 31.922047 0.031326312 32.641569 -0.71952255 28.422849
 8.6717101 31.653141 0.031592441 32.268021 -0.61488023 28.426059
 8.6754269 31.452875 0.031793596 31.94202 -0.4891448 28.429267
 8.6791436 31.284477 0.031964734 31.65648 -0.37200307 28.432473
 8.6828604 31.11091 0.032143065 31.404744 -0.29383353 28.435679
 8.6865771 30.954596 0.032305381 31.181661 -0.2270652 28.438882
 8.6902938 30.807344 0.032459792 30.983248 -0.17590379 28.442085
 8.6940106 30.693399 0.032580295 30.806286 -0.11288658 28.445285
 8.6977273 30.607521 0.032671708 30.64758 -0.040058606 28.448485
 8.7014441 30.536776 0.0327474 30.504775 0.032000536 28.451683
 8.7051608 30.436829 0.032854934 30.376052 0.060776506 28.454879
 8.7088775 30.350075 0.032948848 30.25957 0.090504885 28.458074
 8.7125943 30.273598 0.033032083 30.153808 0.11978968 28.461267
 8.716311 30.189947 0.033123609 30.057565 0.13238233 28.464459
 8.7200278 30.096634 0.033226307 29.969875 0.12675928 28.467649
 8.7237445 30.014704 0.033317004 29.889663 0.1250403 28.470837
 8.7274613 29.93788 0.033402499 29.816141 0.12173861 28.474024
 8.731178 29.86569 0.033483238 29.748687 0.1170036 28.477209
 8.7348947 29.80271 0.033553996 29.686649 0.11606053 28.480393
 8.7386115 29.745293 0.033618765 29.629456 0.1158365 28.483574
 8.7423282 29.698357 0.033671897 29.576652 0.12170457 28.486754
 8.746045 29.637123 0.033741467 29.527883 0.10923994 28.489933
 8.7497617 29.576002 0.033811196 29.482707 0.093295286 28.49311
 8.7534784 29.503422 0.033894374 29.440802 0.062619738 28.496285
 8.7571952 29.437172 0.033970655 29.401914 0.035257702 28.499458
 8.7609119 29.3876 0.034027957 29.365772 0.02182804 28.502629
 8.7646287 29.365488 0.03405358 29.332121 0.033367303 28.505799
 8.7683454 29.333038 0.034091252 29.300758 0.032280542 28.508967
 8.7720621 29.313122 0.034114415 29.271535 0.041586781 28.512132
 8.7757789 29.277491 0.034155933 29.244242 0.033248833 28.515297
 8.7794956 29.251497 0.034186284 29.218729 0.032768426 28.518459
 8.7832124 29.235279 0.034205249 29.194877 0.040402288 28.521619
 8.7869291 29.258507 0.034178094 29.172559 0.085948085 28.524778
 8.7906459 29.265854 0.034169514 29.151647 0.11420703 28.527934
 8.7943626 29.238453 0.034201536 29.13204 0.10641268 28.531089
 8.7980793 29.181326 0.034268491 29.113669 0.067656751 28.534241
 8.8017961 29.135694 0.034322161 29.096424 0.039270602 28.537392
 8.8055128 29.09483 0.034370368 29.080227 0.014602427 28.540541
 8.8092296 29.059923 0.034411653 29.065017 -0.0050937135 28.543688
 8.8129463 29.049913 0.034423511 29.050729 -0.0008152148 28.546832
 8.816663 29.035511 0.034440586 29.037292 -0.001781043 28.549975
 8.8203798 29.028326 0.03444911 28.553116 0.4752105 28.553116
 8.8240965 29.010845 0.034469868 28.556254 0.45459112 28.556254
 8.8278133 29.003422 0.03447869 28.55939 0.44403128 28.55939
 8.83153 28.986628 0.034498667 28.562525 0.42410275 28.562525
 8.8352467 28.97805 0.034508878 28.565657 0.41239318 28.565657
 8.8389635 28.962986 0.034526827 28.568787 0.39419886 28.568787
 8.8426802 28.950195 0.034542081 28.571915 0.37828026 28.571915
 8.846397 28.925358 0.034571742 28.575041 0.35031702 28.575041
 8.8501137 28.913422 0.034586014 28.578164 0.33525726 28.578164
 8.8538305 28.906023 0.034594866 28.581286 0.3247373 28.581286
 8.8575472 28.90716 0.034593506 28.584405 0.32275494 28.584405
 8.8612639 28.884729 0.034620369 28.587522 0.29720762 28.587522
 8.8649807 28.864643 0.034644461 28.590636 0.27400669 28.590636
 8.8686974 28.856915 0.03465374 28.593749 0.26316573 28.593749
 8.8724142 28.858551 0.034651774 28.596859 0.26169216 28.596859
 8.8761309 28.85747 0.034653073 28.599967 0.25750291 28.599967
 8.8798476 28.834923 0.034680169 28.603072 0.23185068 28.603072
 8.8835644 28.828537 0.034687851 28.606175 0.22236176 28.606175
 8.8872811 28.83367 0.034681676 28.609276 0.22439366 28.609276
 8.8909979 28.843668 0.034669654 28.612374 0.23129358 28.612374
 8.8947146 28.862877 0.034646581 28.61547 0.24740649 28.61547
 8.8984314 28.84322 0.034670193 28.618564 0.22465576 28.618564
 8.9021481 28.807724 0.034712912 28.621655 0.18606882 28.621655
 8.9058648 28.762909 0.034766998 28.624744 0.13816501 28.624744
 8.9095816 28.784279 0.034741186 28.62783 0.15644866 28.62783
 8.9132983 28.81432 0.034704967 28.630914 0.18340558 28.630914
 8.9170151 28.829386 0.03468683 28.633995 0.1953904 28.633995
 8.9207318 28.800116 0.034722083 28.637074 0.1630414 28.637074
 8.9244485 28.784229 0.034741246 28.64015 0.14407879 28.64015
 8.9281653 28.779167 0.034747357 28.643224 0.13594292 28.643224
 8.931882 28.769123 0.034759488 28.646295 0.12282761 28.646295
 8.9355988 28.739246 0.034795624 28.649364 0.089882251 28.649364
 8.9393155 28.746296 0.034787091 28.65243 0.093865752 28.65243
 8.9430322 28.76902 0.034759613 28.655494 0.11352645 28.655494
 8.946749 28.794348 0.034729038 28.658554 0.13579329 28.658554
 8.9504657 28.795515 0.03472763 28.661613 0.13390239 28.661613
 8.9541825 28.804222 0.034717133 28.743571 0.060650746 28.664668
 8.9578992 28.8286 0.034687775 28.749173 0.079426562 28.667721
 8.961616 28.835896 0.034678999 28.754897 0.080998275 28.670771
 8.9653327 28.842476 0.034671087 28.760751 0.081724437 28.673819
 8.9690494 28.843493 0.034669865 28.766747 0.076745065 28.676864
 8.9727662 28.85281 0.034658669 28.772892 0.079917536 28.679906
 8.9764829 28.842806 0.034670691 28.779197 0.063609161 28.682945
 8.9801997 28.831804 0.03468392 28.785674 0.046130362 28.685981
 8.9839164 28.829155 0.034687108 28.792336 0.036818489 28.689015
 8.9876331 28.829781 0.034686355 28.799196 0.030584212 28.692046
 8.9913499 28.827585 0.034688996 28.806269 0.02131671 28.695074
 8.9950666 28.808275 0.034712248 28.813574 -0.0052988793 28.6981
 8.9987834 28.826269 0.03469058 28.821127 0.0051424491 28.701122
 9.0025001 28.850698 0.034661206 28.828946 0.021752535 28.704142
 9.0062169 28.892105 0.034611531 28.837057 0.055048529 28.707158
 9.0099336 28.909418 0.034590803 28.845483 0.063934756 28.710172
 9.0136503 28.921196 0.034576717 28.85425 0.066946356 28.713183
 9.0173671 28.909603 0.034590582 28.863385 0.04621857 28.716191
 9.0210838 28.926725 0.034570107 28.872929 0.053796157 28.719196
 9.0248006 28.921354 0.034576527 28.882913 0.038441412 28.722198
 9.0285173 28.907412 0.034593204 28.893375 0.014036208 28.725197
 9.032234 28.891693 0.034612025 28.904367 -0.012673581 28.728194
 9.0359508 28.885067 0.034619965 28.91594 -0.030873474 28.731187
 9.0396675 28.908979 0.034591328 28.928147 -0.019167716 28.734177
 9.0433843 28.915422 0.034583621 28.94105 -0.025627917 28.737164
 9.047101 28.935518 0.034559602 28.954738 -0.019219544 28.740148
 9.0508177 28.919327 0.034578952 28.96928 -0.049953472 28.743129
 9.0545345 28.937038 0.034557787 28.984769 -0.047730369 28.746107
 9.0582512 28.965641 0.034523662 29.001318 -0.035676771 28.749081
 9.061968 29.004435 0.034477486 29.019058 -0.014623481 28.752053
 9.0656847 29.028727 0.034448635 29.038115 -0.0093884023 28.755021
 9.0694015 29.038836 0.034436643 29.058648 -0.019812734 28.757987
 9.0731182 29.063894 0.034406951 29.080875 -0.016980746 28.760949
 9.0768349 29.072762 0.034396457 29.104992 -0.032230928 28.763908
 9.0805517 29.104155 0.034359356 29.131246 -0.02709161 28.766864
 9.0842684 29.119781 0.034340917 29.159947 -0.040165987 28.769816
 9.0879852 29.121866 0.034338459 29.191475 -0.069608735 28.772766
 9.0917019 29.134024 0.034324129 29.226206 -0.092182441 28.775712
 9.0954186 29.149881 0.034305457 29.26463 -0.11474858 28.778655
 9.0991354 29.172203 0.034279207 29.307411 -0.13520818 28.781594
 9.1028521 29.222151 0.034220616 29.355228 -0.1330772 28.784531
 9.1065689 29.270655 0.03416391 29.408922 -0.13826703 28.787464
 9.1102856 29.336136 0.034087652 29.469587 -0.13345075 28.790393
 9.1140023 29.377726 0.034039395 29.538656 -0.16093062 28.79332
 9.1177191 29.446337 0.033960082 29.617703 -0.17136674 28.796243
 9.1214358 29.495073 0.033903967 29.70896 -0.21388686 28.799162
 9.1251526 29.567291 0.033821157 29.815938 -0.24864646 28.802078
 9.1288693 29.67786 0.033695152 29.943929 -0.26606851 28.804991
 9.1325861 29.852627 0.03349789 30.102535 -0.24990822 28.807901
 9.1363028 30.081005 0.03324357 30.310859 -0.22985411 28.810807
 9.1400195 30.40406 0.032890344 30.608691 -0.20463095 28.813709
 9.1437363 30.945505 0.032314871 31.068758 -0.12325268 28.816608
 9.147453 31.783159 0.031463203 31.822273 -0.039113583 28.819504
 9.1511698 33.110065 0.030202296 33.095716 0.014349862 28.822396
 9.1548865 35.19862 0.028410205 35.217701 -0.019080733 28.825285
 9.1586032 38.468178 0.025995513 38.604037 -0.13585902 28.82817
 9.16232 43.40099 0.023040949 43.713608 -0.3126181 28.831051
 9.1660367 50.441513 0.019824941 50.946843 -0.5053298 28.833929
 9.1697535 59.892776 0.016696504 60.348054 -0.45527706 28.836804
 9.1734702 71.638512 0.013958972 71.533654 0.10485761 28.839675
 9.177187 84.051414 0.01189748 83.531066 0.52034826 28.842542
 9.1809037 95.411797 0.010480884 94.711629 0.70016768 28.845406
 9.1846204 103.75815 0.0096377973 103.04756 0.71058338 28.848266
 9.1883372 106.71353 0.0093708828 106.57468 0.1388511 28.851122
 9.1920539 103.98152 0.0096170933 104.19734 -0.21582057 28.853975
 9.1957707 96.204979 0.010394472 96.705044 -0.5000652 28.856824
 9.1994874 85.470772 0.011699906 85.935253 -0.4644817 28.859669
 9.2032041 73.45314 0.013614122 73.957874 -0.50473395 28.862511
 9.2069209 62.003086 0.016128229 62.514709 -0.51162322 28.865349
 9.2106376 52.67593 0.018984003 52.706485 -0.030554755 28.868183
 9.2143544 45.575424 0.02194165 45.030863 0.54456161 28.871014
 9.2180711 40.268726 0.024833167 39.530655 0.73807152 28.87384
 9.2217878 36.557243 0.02735436 35.835465 0.72177872 28.876663
 9.2255046 34.096573 0.029328461 33.498357 0.5982156 28.879482
 9.2292213 32.550671 0.030721333 32.091295 0.45937587 28.882298
 9.2329381 31.569803 0.031675839 31.259898 0.30990494 28.885109
 9.2366548 30.976973 0.032282044 30.758714 0.21825858 28.887917
 9.2403716 30.588312 0.032692226 30.441165 0.1471468 28.890721
 9.2440883 30.326252 0.032974731 30.224844 0.10140805 28.893521
 9.247805 30.1558 0.033161117 30.429857 -0.27405725 28.896317
 9.2515218 30.050322 0.033277514 30.314684 -0.26436245 28.899109
 9.2552385 29.959595 0.033378289 30.222729 -0.26313468 28.901897
 9.2589553 29.889595 0.033456459 30.148 -0.25840524 28.904681
 9.262672 29.857046 0.033492931 30.086765 -0.22971931 28.907462
 9.2663887 29.85775 0.033492142 30.036687 -0.17893732 28.910238
 9.2701055 29.860197 0.033489397 29.996194 -0.13599703 28.913011
 9.2738222 29.835342 0.033517296 29.963792 -0.12844997 28.915779
 9.277539 29.815586 0.033539505 29.938429 -0.12284243 28.918544
 9.2812557 29.811775 0.033543792 29.91932 -0.1075443 28.921304
 9.2849725 29.842009 0.033509809 29.905824 -0.063815324 28.924061
 9.2886892 29.872322 0.033475804 29.897342 -0.025019583 28.926813
 9.2924059 29.879417 0.033467855 29.893464 -0.014046273 28.929562
 9.2961227 29.88376 0.033462991 29.89394 -0.010179471 28.932306
 9.2998394 29.905848 0.033438277 29.898469 0.0073789389 28.935046
 9.3035562 29.941637 0.033398307 29.906864 0.034772896 28.937782
 9.3072729 29.979404 0.033356233 29.919037 0.060366992 28.940514
 9.3109896 29.96562 0.033371577 29.934962 0.030658317 28.943242
 9.3147064 29.965691 0.033371499 29.954577 0.011113774 28.945966
 9.3184231 29.990772 0.03334359 29.977924 0.012847795 28.948685
 9.3221399 30.057331 0.033269754 30.005155 0.052176248 28.951401
 9.3258566 30.081198 0.033243357 30.036367 0.044831075 28.954112
 9.3295733 30.079063 0.033245716 30.071727 0.0073362578 28.956819
 9.3332901 30.06365 0.033262761 30.111496 -0.047845633 28.959522
 9.3370068 30.09963 0.033222999 30.156026 -0.056395782 28.962221
 9.3407236 30.183479 0.033130707 30.205607 -0.022127242 28.964915
 9.3444403 30.254469 0.033052968 30.260663 -0.0061940044 28.967605
 9.3481571 30.307835 0.032994769 30.321795 -0.013960103 28.970291
 9.3518738 30.339848 0.032959955 30.389566 -0.049718728 28.972972
 9.3555905 30.392811 0.032902518 30.464645 -0.071834287 28.97565
 9.3593073 30.44503 0.032846083 30.54789 -0.10285984 28.978323
 9.363024 30.520189 0.032765197 30.640426 -0.12023644 28.980991
 9.3667408 30.591825 0.032688471 30.74327 -0.15144481 28.983655
 9.3704575 30.661592 0.032614092 30.857788 -0.19619593 28.986315
 9.3741742 30.734108 0.032537141 30.985799 -0.25169125 28.988971
 9.377891 30.852837 0.032411931 31.12922 -0.27638362 28.991622
 9.3816077 30.983383 0.032275365 31.29028 -0.306897 28.994269
 9.3853245 31.065804 0.032189736 31.471831 -0.40602764 28.996911
 9.3890412 31.173132 0.032078907 31.67774 -0.5046085 28.999549
 9.392758 31.3437 0.031904338 31.911825 -0.56812446 29.002183
 9.3964747 31.57259 0.031673043 32.179267 -0.60667668 29.004812
 9.4001914 31.802036 0.031444527 32.487223 -0.68518638 29.007436
 9.4039082 32.060955 0.031190587 32.844692 -0.78373708 29.010057
 9.4076249 32.419201 0.030845918 33.264313 -0.84511256 29.012672
 9.4113417 32.898499 0.030396524 33.767334 -0.86883497 29.015283
 9.4150584 33.578243 0.029781189 34.396005 -0.81776169 29.01789
 9.4187751 34.540489 0.02895153 35.227223 -0.68673384 29.020492
 9.4224919 35.943821 0.027821194 36.416235 -0.47241442 29.02309
 9.4262086 38.06316 0.026272122 38.272306 -0.20914592 29.025683
 9.4299254 41.449856 0.024125536 41.283133 0.16672271 29.028271
 9.4336421 46.866627 0.021337145 46.508567 0.35805998 29.030855
 9.4373588 55.501457 0.018017545 55.236884 0.26457318 29.033434
 9.4410756 69.090004 0.014473874 69.430228 -0.34022422 29.036009
 9.4447923 89.621567 0.011158029 91.062271 -1.4407039 29.038579
 9.4485091 119.40183 0.0083750814 121.87589 -2.474068 29.041144
 9.4522258 160.50565 0.0062303104 162.66763 -2.1619809 29.043705
 9.4559426 211.45279 0.004729188 212.19945 -0.74665997 29.046261
 9.4596593 268.7951 0.0037203058 266.58262 2.2124804 29.048812
 9.463376 324.65652 0.0030801784 319.43537 5.2211556 29.051359
 9.4670928 366.59973 0.0027277707 361.89585 4.7038783 29.053901
 9.4708095 387.06668 0.0025835342 385.0418 2.0248833 29.056438
 9.4745263 382.5329 0.0026141542 383.04582 -0.51292401 29.058971
 9.478243 354.92316 0.0028175113 356.23904 -1.3158807 29.061498
 9.4819597 309.05396 0.003235681 311.37565 -2.3216976 29.064022
 9.4856765 253.54958 0.0039440019 257.81652 -4.2669471 29.06654
 9.4893932 200.14476 0.0049963836 203.80435 -3.6595874 29.069053
 9.49311 154.06685 0.006490689 155.55032 -1.4834709 29.071562
 9.4968267 117.09933 0.0085397587 116.35125 0.74807248 29.074066
 9.5005434 89.505905 0.011172447 87.029812 2.476093 29.076565
 9.5042602 69.88327 0.014309576 66.734305 3.1489655 29.079059
 9.5079769 56.488819 0.017702618 53.619296 2.8695229 29.081548
 9.5116937 47.622372 0.020998534 45.532016 2.0903558 29.084033
 9.5154104 41.999142 0.02381001 40.720416 1.2787254 29.086512
 9.5191272 38.561493 0.025932606 37.900533 0.66096014 29.088987
 9.5228439 36.37867 0.027488636 36.469552 -0.090882343 29.091457
 9.5265606 34.981571 0.02858648 35.362054 -0.38048292 29.093922
 9.5302774 34.055382 0.029363935 34.583863 -0.52848145 29.096382
 9.5339941 33.403755 0.029936754 33.993625 -0.58986942 29.098837
 9.5377109 32.906612 0.030389029 33.518507 -0.6118949 29.101287
 9.5414276 32.508839 0.030760865 33.123301 -0.61446195 29.103732
 9.5451443 32.224854 0.031031949 32.789145 -0.56429166 29.106173
 9.5488611 32.025848 0.031224778 32.503064 -0.4772159 29.108608
 9.5525778 31.880829 0.031366813 32.256418 -0.37558907 29.111038
 9.5562946 31.729681 0.031516232 32.043024 -0.31334316 29.113463
 9.5600113 31.591818 0.031653766 31.858123 -0.26630505 29.115883
 9.5637281 31.493288 0.031752798 31.697216 -0.20392842 29.118298
 9.5674448 31.430269 0.031816463 31.557069 -0.12679935 29.120708
 9.5711615 31.36578 0.031881879 31.435238 -0.069458559 29.123113
 9.5748783 31.289127 0.031959984 31.329339 -0.040212053 29.125513
 9.578595 31.223242 0.032027424 31.237457 -0.014214863 29.127908
 9.5823118 31.178446 0.03207344 31.158135 0.020311154 29.130298
 9.5860285 31.14814 0.032104646 31.09027 0.057869732 29.132683
 9.5897452 31.106421 0.032147704 31.032637 0.073783875 29.135062
 9.593462 31.089043 0.032165674 30.984406 0.10463619 29.137436
 9.5971787 31.074757 0.032180461 30.945013 0.12974323 29.139806
 9.6008955 31.036449 0.03222018 30.913866 0.12258364 29.14217
 9.6046122 30.987608 0.032270965 30.890492 0.0971163 29.144529
 9.6083289 30.959002 0.032300783 30.874611 0.084390607 29.146882
 9.6120457 30.948881 0.032311346 30.866151 0.082729762 29.149231
 9.6157624 30.92733 0.032333861 30.864887 0.062443037 29.151574
 9.6194792 30.900864 0.032361555 30.870828 0.030036012 29.153912
 9.6231959 30.890331 0.032372589 30.884168 0.006162936 29.156245
 9.6269127 30.917912 0.032343711 30.905108 0.012803203 29.158573
 9.6306294 30.95232 0.032307756 30.933906 0.018414318 29.160895
 9.6343461 30.931431 0.032329575 30.971009 -0.039577981 29.163212
 9.6380629 30.925426 0.032335852 31.017178 -0.091751837 29.165524
 9.6417796 30.954834 0.032305132 31.072985 -0.11815122 29.16783
 9.6454964 31.010853 0.032246775 31.139341 -0.12848777 29.170131
 9.6492131 31.061981 0.032193697 31.217499 -0.15551734 29.172427
 9.6529298 31.109922 0.032144085 31.308877 -0.19895487 29.174718
 9.6566466 31.149342 0.032103407 31.415043 -0.26570144 29.177003
 9.6603633 31.173876 0.032078142 31.53805 -0.36417445 29.179283
 9.6640801 31.246075 0.03200402 31.680864 -0.43478915 29.181557
 9.6677968 31.377861 0.031869604 31.846296 -0.46843495 29.183827
 9.6715136 31.511751 0.031734193 32.038242 -0.52649119 29.18609
 9.6752303 31.668509 0.031577111 32.262048 -0.59353997 29.188349
 9.678947 31.89114 0.031356671 32.524825 -0.63368486 29.190602
 9.6826638 32.178257 0.031076885 32.836359 -0.65810245 29.192849
 9.6863805 32.534771 0.030736347 33.213417 -0.67864594 29.195091
 9.6900973 33.023232 0.030281712 33.689634 -0.66640277 29.197328
 9.693814 33.727852 0.029649087 34.326798 -0.59894574 29.199559
 9.6975307 34.796787 0.028738285 35.247921 -0.45113326 29.201785
 9.7012475 36.420578 0.027457005 36.340769 0.079809111 29.204005
 9.7049642 38.962105 0.025665965 38.76127 0.20083515 29.20622
 9.708681 43.077469 0.023213992 42.841808 0.23566136 29.208429
 9.7123977 49.721916 0.020111856 49.622346 0.09957052 29.210633
 9.7161144 60.057358 0.016650749 60.571227 -0.51386914 29.212831
 9.7198312 75.828896 0.013187585 77.202182 -1.3732864 29.215024
 9.7235479 98.731461 0.010128484 100.81866 -2.087196 29.217211
 9.7272647 130.00574 0.0076919682 132.01912 -2.0133856 29.219392
 9.7309814 169.75816 0.0058907329 169.96596 -0.20779634 29.221568
 9.7346982 213.85432 0.0046760803 211.78787 2.0664581 29.223739
 9.7384149 256.79074 0.0038942214 252.78163 4.0091081 29.225904
 9.7421316 290.37161 0.0034438628 286.42017 3.9514425 29.228063
 9.7458484 307.77707 0.003249105 305.88531 1.8917579 29.230216
 9.7495651 306.08578 0.003267058 306.49289 -0.40710694 29.232365
 9.7532819 286.26221 0.0034933008 287.96871 -1.7065023 29.234507
 9.7569986 252.75574 0.0039563889 254.8358 -2.0800644 29.236644
 9.7607153 211.16521 0.0047356286 214.11636 -2.9511556 29.238775
 9.7644321 169.14688 0.0059120215 172.17986 -3.0329795 29.2409
 9.7681488 132.56273 0.0075435985 133.97582 -1.4130938 29.24302
 9.7718656 103.07439 0.0097017306 102.38273 0.69166578 29.245134
 9.7755823 80.486694 0.012424414 78.314798 2.1718964 29.247242
 9.7792991 63.876625 0.015655179 61.327675 2.5489498 29.249345
 9.7830158 52.467297 0.019059492 50.167184 2.3001125 29.251442
 9.7867325 44.979172 0.022232513 43.17783 1.8013419 29.253533
 9.7904493 40.056263 0.024964885 38.973047 1.0832162 29.255619
 9.794166 37.038376 0.026999024 36.498692 0.5396836 29.257698
 9.7978828 35.134163 0.028462326 35.006785 0.12737776 29.259772
 9.8015995 33.900909 0.029497734 34.16368 -0.2627706 29.261841
 9.8053162 33.096943 0.030214271 33.510073 -0.41313033 29.263903
 9.809033 32.548248 0.03072362 33.023491 -0.47524272 29.26596
 9.8127497 32.148991 0.031105176 32.635841 -0.48685005 29.268011
 9.8164665 31.848089 0.031399058 32.31477 -0.46668055 29.270056
 9.8201832 31.610924 0.031634634 32.043214 -0.43229041 29.272095
 9.8238999 31.421972 0.031824864 31.810253 -0.38828024 29.274128
 9.8276167 31.286449 0.031962719 31.60856 -0.3221101 29.276156
 9.8313334 31.163694 0.032088622 31.433023 -0.26932816 29.278177
 9.8350502 31.062582 0.032193074 31.279917 -0.21733524 29.280193
 9.8387669 30.986382 0.032272242 31.14555 -0.15916859 29.282203
 9.8424837 30.88439 0.032378817 31.027309 -0.14291894 29.284207
 9.8462004 30.797663 0.032469996 30.923173 -0.12551022 29.286205
 9.8499171 30.72831 0.032543281 30.83128 -0.10296992 29.288198
 9.8536339 30.690998 0.032582844 30.750027 -0.059029224 29.290184
 9.8573506 30.618774 0.0326597 30.678189 -0.059414103 29.292164
 9.8610674 30.542934 0.032740796 30.614878 -0.071943183 29.294139
 9.8647841 30.508041 0.032778243 30.559048 -0.051006981 29.296107
 9.8685008 30.483603 0.032804522 30.509984 -0.026381707 29.29807
 9.8722176 30.445505 0.032845571 30.467143 -0.021638084 29.300027
 9.8759343 30.371449 0.03292566 30.430018 -0.058568993 29.301977
 9.8796511 30.312552 0.032989635 30.398139 -0.085587917 29.303922
 9.8833678 30.310846 0.032991491 30.371184 -0.060338104 29.305861
 9.8870845 30.311674 0.03299059 30.348987 -0.03731293 29.307794
 9.8908013 30.302288 0.033000808 30.331269 -0.028981251 29.30972
 9.894518 30.289116 0.03301516 30.317905 -0.028789174 29.311641
 9.8982348 30.270868 0.033035062 30.30887 -0.03800195 29.313556
 9.9019515 30.249157 0.033058773 30.304178 -0.055020999 29.315464
 9.9056683 30.231501 0.03307808 30.303843 -0.072341996 29.317367
 9.909385 30.220798 0.033089794 30.307996 -0.087197256 29.319263
 9.9131017 30.202753 0.033109564 30.316934 -0.11418099 29.321154
 9.9168185 30.178957 0.033135671 30.330877 -0.15192028 29.323038
 9.9205352 30.186029 0.033127908 30.350202 -0.16417209 29.324916
 9.924252 30.211792 0.033099659 30.375453 -0.16366088 29.326789
 9.9279687 30.224648 0.03308558 30.407321 -0.18267318 29.328655
 9.9316854 30.224668 0.033085557 30.446531 -0.22186231 29.330515
 9.9354022 30.220396 0.033090235 30.494091 -0.27369521 29.332369
 9.9391189 30.246416 0.033061768 30.551476 -0.30505997 29.334216
 9.9428357 30.274532 0.033031064 30.620281 -0.34574843 29.336058
 9.9465524 30.345581 0.032953727 30.70282 -0.35723915 29.337893
 9.9502692 30.447237 0.032843703 30.802805 -0.35556772 29.339723
 9.9539859 30.600306 0.032679412 30.926807 -0.3265019 29.341546
 9.9577026 30.772688 0.032496349 31.08658 -0.31389167 29.343363
 9.9614194 31.041536 0.0322149 31.305891 -0.26435442 29.345174
 9.9651361 31.469263 0.031777039 31.63468 -0.16541717 29.346978
 9.9688529 32.110737 0.031142231 32.165431 -0.054694356 29.348777
 9.9725696 33.092815 0.030218039 33.061354 0.031461297 29.350569
 9.9762863 34.633541 0.028873744 34.594158 0.039383564 29.352355
 9.9800031 37.101326 0.026953215 36.91435 0.18697602 29.354134
 9.9837198 41.003799 0.024387984 41.083033 -0.079233965 29.355908
 9.9874366 46.954971 0.021296999 47.404343 -0.4493714 29.357675
 9.9911533 55.564651 0.017997053 56.425071 -0.86041946 29.359436
 9.99487 67.408966 0.014834822 68.330072 -0.9211057 29.361191
 9.9985868 82.447556 0.012128922 82.773249 -0.32569393 29.362939
 10.002304 99.170517 0.010083642 98.737288 0.43322927 29.364682
 10.00602 115.81367 0.0086345595 114.4166 1.3970665 29.366417
 10.009737 129.01941 0.0077507718 127.43497 1.584441 29.368147
 10.013454 136.20207 0.0073420322 135.30376 0.89830884 29.36987
 10.01717 136.02809 0.0073514227 136.08967 -0.061582079 29.371587
 10.020887 128.97144 0.0077536549 129.63339 -0.66195385 29.373298
 10.024604 116.77609 0.0085633967 117.53297 -0.7568808 29.375002
 10.028321 101.10784 0.0098904297 102.21071 -1.1028725 29.3767
 10.032037 84.952934 0.011771224 86.134771 -1.1818368 29.378392
 10.035754 70.704285 0.014143414 71.254038 -0.54975338 29.380077
 10.039471 59.062767 0.01693114 58.74972 0.31304748 29.381756
 10.043188 50.129986 0.01994814 49.129413 1.0005731 29.383429
 10.046904 43.500557 0.022988211 42.269074 1.2314834 29.385095
 10.050621 38.871212 0.025725979 37.685312 1.1859004 29.386755
 10.054338 35.770634 0.027955893 34.800886 0.9697478 29.388408
 10.058055 33.736492 0.029641493 33.22487 0.51162167 29.390055
 10.061771 32.489006 0.030779643 32.216758 0.27224811 29.391696
 10.065488 31.717251 0.031528584 31.622567 0.094684077 29.39333
 10.069205 31.192989 0.032058486 31.259535 -0.066545568 29.394958
 10.072922 30.830826 0.03243507 31.020114 -0.18928772 29.396579
 10.076638 30.600098 0.032679634 30.847855 -0.24775745 29.398194
 10.080355 30.454664 0.032835693 30.714995 -0.26033048 29.399803
 10.084072 30.341585 0.032958067 30.607928 -0.26634321 29.401405
 10.087789 30.253193 0.033054362 30.518893 -0.26570041 29.403
 10.091505 30.185003 0.033129034 30.443886 -0.25888227 29.40459
 10.095222 30.16482 0.033151201 30.380417 -0.21559704 29.406172
 10.098939 30.141441 0.033176914 30.326612 -0.1851702 29.407748
 10.102656 30.127319 0.033192465 30.280962 -0.15364311 29.409318
 10.106372 30.087166 0.033236763 30.242372 -0.15520614 29.410881
 10.110089 30.049799 0.033278093 30.210062 -0.16026322 29.412438
 10.113806 30.021034 0.033309978 30.183194 -0.1621599 29.413988
 10.117523 30.001925 0.033331195 30.161189 -0.1592643 29.415531
 10.121239 30.008665 0.033323708 30.143618 -0.13495332 29.417069
 10.124956 30.008684 0.033323687 30.130119 -0.1214345 29.418599
 10.128673 30.001453 0.033331719 30.12035 -0.11889628 29.420123
 10.132389 30.005379 0.033327358 30.114092 -0.10871332 29.421641
 10.136106 30.016867 0.033314603 30.111245 -0.094377947 29.423151
 10.139823 30.002085 0.033331017 30.111648 -0.10956336 29.424656
 10.14354 29.982754 0.033352507 30.115241 -0.13248769 29.426154
 10.147256 29.984909 0.033350109 30.122043 -0.13713389 29.427645
 10.150973 29.990744 0.033343621 30.132117 -0.14137352 29.429129
 10.15469 29.992298 0.033341893 30.145515 -0.15321659 29.430607
 10.158407 29.989546 0.033344953 30.162379 -0.17283335 29.432079
 10.162123 29.999527 0.033333859 30.182975 -0.18344814 29.433544
 10.16584 30.013416 0.033318433 30.207521 -0.19410504 29.435002
 10.169557 30.055477 0.033271806 30.236335 -0.18085745 29.436454
 10.173274 30.099352 0.033223307 30.269855 -0.17050289 29.437899
 10.17699 30.10251 0.033219821 30.308645 -0.20613446 29.439337
 10.180707 30.097342 0.033225526 30.353255 -0.25591309 29.440769
 10.184424 30.123013 0.033197211 30.404434 -0.28142147 29.442194
 10.188141 30.163378 0.033152786 30.463231 -0.29985346 29.443612
 10.191857 30.233917 0.033075436 30.530717 -0.29679957 29.445024
 10.195574 30.321444 0.03297996 30.608237 -0.28679384 29.446429
 10.199291 30.413582 0.032880047 30.697582 -0.28399987 29.447827
 10.203008 30.486122 0.03280181 30.801194 -0.31507219 29.449219
 10.206724 30.564962 0.0327172 30.921958 -0.35699541 29.450604
 10.210441 30.704 0.032569046 31.064463 -0.36046275 29.451983
 10.214158 30.908163 0.032353912 31.237036 -0.32887255 29.453354
 10.217875 31.153896 0.032098714 31.454577 -0.30068031 29.454719
 10.221591 31.476919 0.03176931 31.746269 -0.26935018 29.456078
 10.225308 31.975401 0.031274041 32.170453 -0.19505163 29.457429
 10.229025 32.79538 0.0304921 32.843931 -0.048551069 29.458774
 10.232741 34.055534 0.029363803 33.965313 0.090221709 29.460112
 10.236458 36.026344 0.027757465 35.760066 0.26627858 29.461444
 10.240175 39.12825 0.025556982 38.953993 0.17425719 29.462768
 10.243892 43.990921 0.022731963 44.111813 -0.12089179 29.464086
 10.247608 51.406372 0.019452841 51.980855 -0.57448275 29.465398
 10.251325 62.299191 0.016051573 63.260219 -0.96102799 29.466702
 10.255042 77.128006 0.012965459 78.384401 -1.256395 29.468
 10.258759 96.217743 0.010393094 97.013794 -0.79605138 29.469291
 10.262475 118.73303 0.0084222561 118.01638 0.71665437 29.470575
 10.266192 141.08356 0.0070879982 139.28953 1.7940233 29.471852
 10.269909 159.84087 0.0062562224 157.83671 2.0041525 29.473123
 10.273626 171.60628 0.0058272927 170.37741 1.2288724 29.474387
 10.277342 174.3889 0.0057343099 174.17688 0.21202263 29.475644
 10.281059 167.80818 0.005959185 168.11895 -0.31077037 29.476894
 10.284776 152.82962 0.0065432342 153.86378 -1.0341559 29.478138
 10.288493 132.8338 0.0075282044 134.37723 -1.5434289 29.479374
 10.292209 111.36891 0.0089791665 112.92558 -1.5566732 29.480604
 10.295926 91.232643 0.010960989 92.336069 -1.1034262 29.481827
 10.299643 74.511429 0.01342076 74.475589 0.03583981 29.483043
 10.30336 61.374252 0.016293478 60.256809 1.1174428 29.484253
 10.307076 51.501411 0.019416944 50.129431 1.37198 29.485455
 10.310793 44.434074 0.022505251 42.986268 1.4478067 29.486651
 10.31451 39.535133 0.025293958 38.372524 1.1626089 29.48784
 10.318227 36.357983 0.027504276 35.553548 0.80443494 29.489022
 10.321943 34.354885 0.029107942 33.888692 0.46619316 29.490197
 10.32566 33.081959 0.030227956 32.908561 0.17339737 29.491365
 10.329377 32.302605 0.030957256 32.318798 -0.016193724 29.492527
 10.333094 31.803099 0.031443477 31.945346 -0.142247 29.493681
 10.33681 31.488913 0.03175721 31.686986 -0.19807333 29.494829
 10.340527 31.271883 0.031977607 31.494399 -0.22251584 29.49597
 10.344244 31.084871 0.03216999 31.342913 -0.25804209 29.497104
 10.34796 30.956882 0.032302994 31.219734 -0.26285133 29.498231
 10.351677 30.85614 0.032408461 31.11769 -0.26154985 29.499351
 10.355394 30.794601 0.032473224 31.032714 -0.23811279 29.500465
 10.359111 30.712667 0.032559855 30.962259 -0.24959199 29.501571
 10.362827 30.675953 0.032598824 30.904044 -0.22809069 29.502671
 10.366544 30.668629 0.03260661 30.856477 -0.18784784 29.503763
 10.370261 30.644506 0.032632276 30.81839 -0.17388322 29.504849
 10.373978 30.615479 0.032663216 30.788844 -0.17336526 29.505928
 10.377694 30.599787 0.032679966 30.766952 -0.16716482 29.506999
 10.381411 30.595486 0.03268456 30.752123 -0.1566371 29.508064
 10.385128 30.594603 0.032685504 30.744013 -0.14941077 29.509122
 10.388845 30.5756 0.032705818 30.742212 -0.16661221 29.510174
 10.392561 30.595501 0.032684544 30.746485 -0.15098392 29.511218
 10.396278 30.618057 0.032660465 30.756759 -0.13870196 29.512255
 10.399995 30.648373 0.03262816 30.77308 -0.12470763 29.513285
 10.403712 30.671225 0.03260385 30.795445 -0.12422048 29.514309
 10.407428 30.682014 0.032592384 30.824032 -0.14201785 29.515325
 10.411145 30.703899 0.032569153 30.859223 -0.15532353 29.516334
 10.414862 30.729786 0.032541717 30.901344 -0.17155817 29.517337
 10.418579 30.778494 0.032490219 30.95086 -0.17236628 29.518332
 10.422295 30.818995 0.032447522 31.008436 -0.18944125 29.519321
 10.426012 30.842892 0.032422381 31.074972 -0.23208028 29.520303
 10.429729 30.876223 0.032387381 31.151293 -0.27507088 29.521277
 10.433446 30.944387 0.032316038 31.238557 -0.29416958 29.522245
 10.437162 31.042036 0.032214382 31.338361 -0.29632511 29.523205
 10.440879 31.147697 0.032105102 31.45237 -0.3046728 29.524159
 10.444596 31.244225 0.032005915 31.582586 -0.33836112 29.525106
 10.448312 31.324339 0.031924058 31.731618 -0.40727924 29.526046
 10.452029 31.41795 0.031828939 31.903017 -0.48506744 29.526978
 10.455746 31.528852 0.031716981 32.100481 -0.57162823 29.527904
 10.459463 31.70365 0.03154211 32.329322 -0.62567213 29.528823
 10.463179 31.946011 0.031302813 32.597761 -0.65174999 29.529734
 10.466896 32.258366 0.030999711 32.918241 -0.65987584 29.530639
 10.470613 32.670078 0.030609048 33.31261 -0.64253154 29.531537
 10.47433 33.24947 0.030075668 33.823492 -0.57402261 29.532428
 10.478046 34.092846 0.029331667 34.540138 -0.44729247 29.533311
 10.481763 35.332664 0.028302423 35.624625 -0.29196026 29.534188
 10.48548 37.231628 0.026858884 37.374116 -0.14248728 29.535058
 10.489197 40.2584 0.024839537 40.312397 -0.053996609 29.53592
 10.492913 45.110165 0.022167953 45.249859 -0.13969398 29.536776
 10.49663 52.834492 0.01892703 53.142463 -0.30797167 29.537625
 10.500347 64.709106 0.015453775 65.643849 -0.9347428 29.538466
 10.504064 82.17614 0.012168982 84.144261 -1.9681217 29.539301
 10.50778 107.2272 0.0093259916 109.56785 -2.3406461 29.540128
 10.511497 140.29384 0.0071278968 142.03061 -1.7367682 29.540949
 10.515214 180.78151 0.0055315392 180.28585 0.49566092 29.541762
 10.518931 224.77083 0.0044489759 221.1898 3.5810281 29.542568
 10.522647 264.59531 0.0037793565 259.90425 4.6910585 29.543368
 10.526364 294.34027 0.0033974284 290.46272 3.8775485 29.54416
 10.530081 308.32675 0.0032433125 306.49914 1.8276125 29.544945
 10.533798 304.06805 0.0032887375 304.48718 -0.41912768 29.545724
 10.537514 282.96219 0.0035340411 284.94543 -1.9832432 29.546495
 10.541231 248.74269 0.0040202186 252.19238 -3.4496867 29.547259
 10.544948 208.91165 0.0047867124 212.51327 -3.6016143 29.548016
 10.548665 168.8037 0.0059240409 171.83362 -3.0299282 29.548766
 10.552381 133.19049 0.0075080435 134.57165 -1.3811563 29.549509
 10.556098 104.39984 0.0095785586 103.56599 0.83385467 29.550245
 10.559815 82.104149 0.012179652 79.693942 2.4102073 29.550973
 10.563531 65.633583 0.015236103 62.70474 2.9288428 29.551695
 10.567248 53.864285 0.018565177 51.240942 2.6233429 29.55241
 10.570965 45.932396 0.021771126 43.990688 1.9417081 29.553117
 10.574682 40.874603 0.024465069 39.566526 1.3080773 29.553818
 10.578398 37.668091 0.026547669 36.929086 0.7390047 29.554511
 10.582115 35.598972 0.028090699 35.35884 0.2401328 29.555198
 10.585832 34.309696 0.02914628 34.375062 -0.065365886 29.555877
 10.589549 33.447063 0.029897991 33.713671 -0.2666076 29.556549
 10.593265 32.88036 0.030413293 33.232931 -0.35257148 29.557215
 10.596982 32.443665 0.030822659 32.85861 -0.41494553 29.557873
 10.600699 32.13411 0.03111958 32.551974 -0.41786491 29.558524
 10.604416 31.913755 0.031334451 32.293757 -0.38000166 29.559168
 10.608132 31.751781 0.031494296 32.073373 -0.32159184 29.559804
 10.611849 31.614468 0.031631088 31.883187 -0.2687194 29.560434
 10.615566 31.496784 0.031749273 31.718082 -0.22129788 29.561057
 10.619283 31.384638 0.031862722 31.574354 -0.18971633 29.561672
 10.622999 31.295607 0.031953367 31.449088 -0.15348131 29.562281
 10.626716 31.225256 0.032025358 31.339536 -0.11427974 29.562882
 10.630433 31.167313 0.032084897 31.243708 -0.076395139 29.563477
 10.63415 31.102482 0.032151775 31.160125 -0.05764301 29.564064
 10.637866 31.027674 0.032229293 31.087292 -0.059618494 29.564644
 10.641583 30.966475 0.032292988 31.024041 -0.057566817 29.565217
 10.6453 30.927376 0.032333813 30.9695 -0.04212383 29.565783
 10.649017 30.895906 0.032366747 30.923012 -0.027105483 29.566342
 10.652733 30.872393 0.032391399 30.883851 -0.011457976 29.566894
 10.65645 30.857792 0.032406726 30.851558 0.0062338167 29.567438
 10.660167 30.830345 0.032435576 30.825877 0.0044682164 29.567976
 10.663883 30.773901 0.032495068 30.806521 -0.032619554 29.568507
 10.6676 30.72904 0.032542507 30.793313 -0.064272974 29.56903
 10.671317 30.705317 0.03256765 30.786239 -0.08092288 29.569546
 10.675034 30.688227 0.032585786 30.785464 -0.097236864 29.570055
 10.67875 30.675562 0.03259924 30.791057 -0.115495 29.570558
 10.682467 30.66363 0.032611925 30.803314 -0.13968457 29.571053
 10.686184 30.641628 0.032635341 30.822754 -0.18112611 29.571541
 10.689901 30.606625 0.032672665 30.849942 -0.24331723 29.572021
 10.693617 30.619545 0.032658879 30.885577 -0.26603206 29.572495
 10.697334 30.653986 0.032622185 30.930652 -0.27666577 29.572962
 10.701051 30.716902 0.032555367 30.986644 -0.26974204 29.573421
 10.704768 30.772863 0.032496164 31.055049 -0.28218601 29.573874
 10.708484 30.838337 0.03242717 31.138179 -0.29984235 29.574319
 10.712201 30.92487 0.032336434 31.239773 -0.31490297 29.574757
 10.715918 31.038952 0.032217583 31.365935 -0.32698272 29.575189
 10.719635 31.196079 0.03205531 31.527721 -0.33164209 29.575613
 10.723351 31.438896 0.031807733 31.747041 -0.30814515 29.57603
 10.727068 31.829548 0.031417349 32.070356 -0.24080809 29.57644
 10.730785 32.413971 0.030850895 32.58098 -0.16700856 29.576842
 10.734502 33.36142 0.029974744 33.429401 -0.067981387 29.577238
 10.738218 34.878563 0.028670906 34.874272 0.0042910648 29.577627
 10.741935 37.271454 0.026830185 37.311218 -0.039764222 29.578008
 10.745652 41.009769 0.024384434 41.259271 -0.24950183 29.578383
 10.749369 46.696545 0.021414861 47.342178 -0.64563351 29.57875
 10.753085 55.16013 0.018129036 56.239194 -1.0790648 29.57911
 10.756802 67.03714 0.014917104 68.313289 -1.2761494 29.579464
 10.760519 82.713333 0.012089949 83.249673 -0.53634028 29.57981
 10.764236 101.31275 0.0098704258 100.91098 0.40177102 29.580149
 10.767952 120.91876 0.0082700152 119.48544 1.4333202 29.580481
 10.771669 138.9507 0.0071967972 136.71117 2.23953 29.580806
 10.775386 151.49919 0.0066006953 149.90351 1.5956776 29.581123
 10.779102 156.82291 0.0063766195 156.33324 0.48966624 29.581434
 10.782819 154.19612 0.0064852474 154.61651 -0.42038616 29.581738
 10.786536 144.13339 0.0069380175 145.18152 -1.0481266 29.582034
 10.790253 128.76624 0.007766011 130.02828 -1.2620446 29.582324
 10.793969 110.25204 0.0090701266 111.92832 -1.6762779 29.582606
 10.797686 92.207214 0.010845138 93.497443 -1.2902289 29.582881
 10.801403 76.38623 0.013091365 76.677239 -0.2910082 29.58315
 10.80512 63.280785 0.015802585 62.705679 0.57510526 29.583411
 10.808836 53.290596 0.018765037 51.964706 1.3258904 29.583665
 10.812553 45.761646 0.021852361 44.267077 1.4945694 29.583912
 10.81627 40.473125 0.024707753 39.10852 1.3646056 29.584152
 10.819987 36.921181 0.027084724 35.850222 1.0709584 29.584385
 10.823703 34.577263 0.028920739 33.865005 0.71225767 29.584611
 10.82742 33.103298 0.03020847 32.6858 0.41749849 29.584829
 10.831137 32.192848 0.0310628 31.988132 0.20471605 29.585041
 10.834854 31.602539 0.031643027 31.55566 0.046879453 29.585246
 10.83857 31.190416 0.03206113 31.267903 -0.077486836 29.585444
 10.842287 30.8878 0.032375242 31.060338 -0.1725377 29.585634
 10.846004 30.675951 0.032598826 30.899351 -0.22340011 29.585818
 10.849721 30.536812 0.032747361 30.767321 -0.23050883 29.585994
 10.853437 30.424049 0.032868734 30.655636 -0.2315869 29.586164
 10.857154 30.335571 0.032964601 30.559618 -0.22404682 29.586326
 10.860871 30.251616 0.033056086 30.476024 -0.22440856 29.586481
 10.864588 30.179247 0.033135353 30.402654 -0.22340699 29.58663
 10.868304 30.111038 0.033210413 30.337923 -0.22688462 29.586771
 10.872021 30.055336 0.033271962 30.280612 -0.2252762 29.586905
 10.875738 29.991196 0.033343119 30.229539 -0.23834309 29.587033
 10.879454 29.939844 0.033400307 30.183843 -0.24399888 29.587153
 10.883171 29.927666 0.033413899 30.14286 -0.21519425 29.587266
 10.886888 29.907614 0.033436302 30.105942 -0.19832803 29.587372
 10.890605 29.858957 0.033490788 30.07255 -0.21359255 29.587471
 10.894321 29.800905 0.033556028 30.042261 -0.24135599 29.587563
 10.898038 29.760397 0.033601702 30.014743 -0.25434635 29.587649
 10.901755 29.727282 0.033639134 29.989628 -0.26234618 29.587727
 10.905472 29.701069 0.033668822 29.966646 -0.26557664 29.587798
 10.909188 29.698885 0.033671298 29.945584 -0.2466993 29.587862
 10.912905 29.695486 0.033675152 29.926229 -0.23074281 29.587919
 10.916622 29.680058 0.033692657 29.908388 -0.22833079 29.587969
 10.920339 29.660439 0.033714943 29.891911 -0.23147231 29.588012
 10.924055 29.647715 0.033729413 29.876681 -0.22896664 29.588048
 10.927772 29.64533 0.033732125 29.862555 -0.21722482 29.588078
 10.931489 29.617334 0.033764011 29.849429 -0.23209443 29.5881
 10.935206 29.593433 0.03379128 29.837219 -0.24378529 29.588115
 10.938922 29.561003 0.033828352 29.825839 -0.26483656 29.588123
 10.942639 29.542969 0.033849002 29.815209 -0.2722405 29.588125
 10.946356 29.504396 0.033893254 29.805264 -0.30086724 29.588119
 10.950073 29.47612 0.033925768 29.795956 -0.31983628 29.588106
 10.953789 29.452246 0.033953268 29.787221 -0.33497522 29.588087
 10.957506 29.455254 0.033949801 29.779011 -0.32375736 29.58806
 10.961223 29.453638 0.033951663 29.771289 -0.31765057 29.588026
 10.96494 29.437393 0.033970399 29.764015 -0.32662216 29.587986
 10.968656 29.427307 0.033982042 29.757151 -0.32984436 29.587939
 10.972373 29.419332 0.033991254 29.750666 -0.33133349 29.587884
 10.97609 29.420446 0.033989967 29.744537 -0.32409056 29.587823
 10.979807 29.403276 0.034009815 29.738732 -0.33545527 29.587755
 10.983523 29.396145 0.034018066 29.733226 -0.33708159 29.58768
 10.98724 29.391687 0.034023225 29.728002 -0.33631473 29.587597
 10.990957 29.378384 0.034038632 29.72304 -0.34465597 29.587508
 10.994673 29.350388 0.0340711 29.718318 -0.36793009 29.587413
 10.99839 29.329281 0.034095619 29.58731 -0.25802894 29.58731
 11.002107 29.29228 0.034138688 29.5872 -0.29491988 29.5872
 11.005824 29.281662 0.034151067 29.587083 -0.30542149 29.587083
 11.00954 29.283196 0.034149279 29.58696 -0.30376448 29.58696
 11.013257 29.301308 0.03412817 29.58683 -0.28552191 29.58683
 11.016974 29.290062 0.034141273 29.586692 -0.29663037 29.586692
 11.020691 29.281639 0.034151094 29.586548 -0.30490907 29.586548
 11.024407 29.287239 0.034144564 29.586397 -0.29915808 29.586397
 11.028124 29.276842 0.034156689 29.586239 -0.30939714 29.586239
 11.031841 29.28301 0.034149494 29.586074 -0.30306402 29.586074
 11.035558 29.291504 0.034139592 29.585903 -0.29439897 29.585903
 11.039274 29.308882 0.03411935 29.585724 -0.27684266 29.585724
 11.042991 29.290741 0.034140482 29.585539 -0.29479813 29.585539
 11.046708 29.292473 0.034138463 29.585347 -0.2928741 29.585347
 11.050425 29.301945 0.034127428 29.585148 -0.28320321 29.585148
 11.054141 29.30541 0.034123392 29.584942 -0.27953172 29.584942
 11.057858 29.295475 0.034134965 29.584729 -0.28925445 29.584729
 11.061575 29.285641 0.034146427 29.58451 -0.29886926 29.58451
 11.065292 29.284893 0.034147299 29.584284 -0.29939065 29.584284
 11.069008 29.284632 0.034147604 29.584051 -0.29941886 29.584051
 11.072725 29.28454 0.034147711 29.649389 -0.36484929 29.583811
 11.076442 29.280197 0.034152776 29.651779 -0.37158148 29.583564
 11.080159 29.281862 0.034150833 29.654324 -0.3724618 29.58331
 11.083875 29.287949 0.034143737 29.657038 -0.36908949 29.58305
 11.087592 29.293222 0.034137589 29.659934 -0.36671194 29.582783
 11.091309 29.294102 0.034136565 29.66303 -0.36892812 29.582509
 11.095025 29.309231 0.034118944 29.666346 -0.35711522 29.582229
 11.098742 29.303787 0.034125282 29.669899 -0.36611224 29.581941
 11.102459 29.330675 0.034093999 29.673713 -0.34303739 29.581647
 11.106176 29.334723 0.034089295 29.677814 -0.34309178 29.581346
 11.109892 29.337751 0.034085775 29.682232 -0.34448062 29.581039
 11.113609 29.304676 0.034124247 29.686995 -0.38231888 29.580724
 11.117326 29.284655 0.034147577 29.692139 -0.40748482 29.580403
 11.121043 29.286673 0.034145224 29.697713 -0.41104087 29.580075
 11.124759 29.317448 0.034109381 29.703755 -0.38630776 29.579741
 11.128476 29.36425 0.034055016 29.710317 -0.34606672 29.5794
 11.132193 29.394539 0.034019925 29.717464 -0.32292551 29.579052
 11.13591 29.416464 0.033994569 29.725266 -0.30880171 29.578697
 11.139626 29.435068 0.033973083 29.733793 -0.29872464 29.578336
 11.143343 29.461275 0.033942862 29.743136 -0.28186087 29.577968
 11.14706 29.478384 0.033923162 29.753418 -0.27503412 29.577593
 11.150777 29.498503 0.033900026 29.764744 -0.26624093 29.577212
 11.154493 29.504356 0.0338933 29.777253 -0.27289633 29.576824
 11.15821 29.53302 0.033860404 29.791126 -0.25810572 29.576429
 11.161927 29.549938 0.033841018 29.806562 -0.25662395 29.576028
 11.165644 29.559244 0.033830364 29.823779 -0.26453449 29.57562
 11.16936 29.565201 0.033823548 29.843049 -0.27784822 29.575205
 11.173077 29.589094 0.033796236 29.864758 -0.27566337 29.574784
 11.176794 29.615376 0.033766244 29.889265 -0.27388908 29.574356
 11.180511 29.630901 0.033748552 29.917062 -0.28616054 29.573922
 11.184227 29.644054 0.033733577 29.948818 -0.30476349 29.573481
 11.187944 29.665819 0.033708828 29.985418 -0.3195992 29.573033
 11.191661 29.698553 0.033671674 30.028101 -0.3295478 29.572579
 11.195378 29.768717 0.033592311 30.079029 -0.31031179 29.572118
 11.199094 29.883926 0.033462805 30.142652 -0.25872594 29.571651
 11.202811 30.025068 0.033305503 30.227372 -0.20230324 29.571177
 11.206528 30.188311 0.033125404 30.350323 -0.16201201 29.570696
 11.210244 30.453671 0.032836764 30.545912 -0.092241745 29.570209
 11.213961 30.875248 0.032388404 30.879292 -0.0040439845 29.569716
 11.217678 31.537161 0.031708625 31.458635 0.078526066 29.569215
 11.221395 32.552444 0.030719659 32.45501 0.09743407 29.568709
 11.225111 34.151867 0.029280976 34.129757 0.022110292 29.568196
 11.228828 36.601799 0.027321061 36.791007 -0.18920845 29.567676
 11.232545 40.319317 0.024802008 40.769326 -0.45000901 29.56715
 11.236262 45.696083 0.021883714 46.348394 -0.65231108 29.566617
 11.239978 52.930447 0.018892718 53.63149 -0.70104326 29.566078
 11.243695 62.054535 0.016114858 62.373416 -0.31888091 29.565532
 11.247412 72.389259 0.013814204 71.966948 0.42231127 29.56498
 11.251129 82.355453 0.012142487 81.39238 0.96307378 29.564422
 11.254845 90.379822 0.011064417 89.327984 1.051838 29.563857
 11.258562 95.166229 0.010507929 94.431056 0.73517308 29.563285
 11.262279 95.859009 0.010431988 95.655529 0.20348013 29.562707
 11.265996 92.46505 0.010814897 92.691062 -0.22601269 29.562123
 11.269712 85.5597 0.011687746 86.301995 -0.74229477 29.561532
 11.273429 76.629021 0.013049886 77.568672 -0.93965165 29.560935
 11.277146 67.035889 0.014917383 67.921561 -0.88567219 29.560332
 11.280863 58.052311 0.017225843 58.589866 -0.53755524 29.559722
 11.284579 50.53455 0.019788442 50.415175 0.11937479 29.559106
 11.288296 44.539478 0.022451992 43.845007 0.69447131 29.558483
 11.292013 39.950935 0.025030703 38.975918 0.97501718 29.557854
 11.29573 36.559509 0.027352665 35.595264 0.9642451 29.557219
 11.299446 34.201065 0.029238856 33.39339 0.80767497 29.556577
 11.303163 32.663963 0.030614778 32.046379 0.61758423 29.555929
 11.30688 31.705683 0.031540087 31.254066 0.45161663 29.555275
 11.310596 31.086426 0.032168381 30.798339 0.28808711 29.554614
 11.314313 30.657473 0.032618475 30.53643 0.12104222 29.553948
 11.31803 30.364975 0.03293268 30.380808 -0.015832883 29.553274
 11.321747 30.204081 0.033108109 30.280351 -0.076270219 29.552595
 11.325463 30.111416 0.033209996 30.209732 -0.098316599 29.551909
 11.32918 30.0431 0.033285513 30.156304 -0.11320332 29.551217
 11.332897 29.987629 0.033347085 30.113621 -0.12599167 29.550519
 11.336614 29.926048 0.033415705 30.078504 -0.15245596 29.549814
 11.34033 29.872978 0.033475069 30.04929 -0.17631209 29.549104
 11.344047 29.848923 0.033502047 30.025019 -0.17609588 29.548387
 11.347764 29.860212 0.03348938 30.004892 -0.14467986 29.547664
 11.351481 29.867809 0.033480862 29.988401 -0.12059201 29.546934
 11.355197 29.836674 0.0335158 29.975188 -0.13851423 29.546199
 11.358914 29.824835 0.033529104 29.964935 -0.14009976 29.545457
 11.362631 29.818869 0.033535813 29.957384 -0.13851554 29.544709
 11.366348 29.821577 0.033532767 29.952371 -0.13079353 29.543955
 11.370064 29.82608 0.033527704 29.949824 -0.12374336 29.543195
 11.373781 29.829386 0.033523989 29.949627 -0.12024135 29.542429
 11.377498 29.870701 0.033477621 29.951759 -0.081058349 29.541657
 11.381215 29.910343 0.033433251 29.956266 -0.045922389 29.540878
 11.384931 29.914524 0.033428578 29.963213 -0.048689326 29.540093
 11.388648 29.901152 0.033443528 29.97269 -0.071537955 29.539303
 11.392365 29.881969 0.033464996 29.984854 -0.10288414 29.538506
 11.396082 29.881191 0.033465868 29.999983 -0.11879127 29.537703
 11.399798 29.871832 0.033476353 30.018304 -0.14647246 29.536894
 11.403515 29.883446 0.033463343 30.04017 -0.15672417 29.536079
 11.407232 29.90827 0.033435568 30.06606 -0.15778982 29.535258
 11.410948 29.946384 0.033393013 30.096556 -0.15017172 29.534431
 11.414665 29.96162 0.033376032 30.132315 -0.1706951 29.533598
 11.418382 30.000471 0.03333281 30.174246 -0.17377519 29.532759
 11.422099 30.066601 0.033259496 30.223764 -0.15716361 29.531914
 11.425815 30.140476 0.033177976 30.282683 -0.14220677 29.531063
 11.429532 30.2047 0.03310743 30.354178 -0.14947766 29.530206
 11.433249 30.294521 0.033009269 30.444298 -0.14977618 29.529344
 11.436966 30.44455 0.032846602 30.564962 -0.12041278 29.528475
 11.440682 30.638708 0.032638452 30.738375 -0.099666451 29.5276
 11.444399 30.925728 0.032335536 31.0062 -0.080472509 29.526719
 11.448116 31.414469 0.031832466 31.44676 -0.032291445 29.525833
 11.451833 32.158089 0.031096375 32.118832 0.039257071 29.52494
 11.455549 33.303947 0.030026471 33.338869 -0.0349212 29.524042
 11.459266 35.120453 0.028473437 35.297976 -0.1775227 29.523138
 11.462983 37.92226 0.026369736 38.314136 -0.39187608 29.522228
 11.4667 42.052856 0.023779598 42.67635 -0.6234933 29.521312
 11.470416 47.88633 0.020882787 48.594948 -0.70861869 29.52039
 11.474133 55.617283 0.017980023 56.105625 -0.4883425 29.519463
 11.47785 64.989677 0.015387059 64.882478 0.10719939 29.51853
 11.481567 75.044777 0.013325378 74.246733 0.79804407 29.51759
 11.485283 84.410141 0.011846918 83.41436 0.99578129 29.516646
 11.489 91.511513 0.010927587 90.555079 0.95643405 29.515695
 11.492717 95.028328 0.010523178 94.62389 0.40443755 29.514739
 11.496434 94.563057 0.010574954 94.748036 -0.18497897 29.513776
 11.50015 90.278572 0.011076826 90.841789 -0.56321727 29.512809
 11.503867 83.057175 0.012039899 83.808875 -0.75170035 29.511835
 11.507584 74.113335 0.013492849 74.962144 -0.84880901 29.510856
 11.511301 64.95443 0.015395409 65.597164 -0.64273469 29.509871
 11.515017 56.622997 0.017660669 56.79231 -0.16931294 29.50888
 11.518734 49.609581 0.020157397 49.233864 0.3757166 29.507884
 11.522451 43.981113 0.022737032 43.235158 0.74595544 29.506882
 11.526167 39.679775 0.025201756 38.821942 0.8578328 29.505874
 11.529884 36.541683 0.027366008 35.773916 0.76776756 29.504861
 11.533601 34.35751 0.029105718 33.781776 0.57573376 29.503843
 11.537318 32.925468 0.030371626 32.544057 0.38141165 29.502818
 11.541034 32.030365 0.031220375 31.806732 0.22363337 29.501788
 11.544751 31.461529 0.031784851 31.369799 0.091729753 29.500753
 11.548468 31.120287 0.03213338 31.108635 0.011651713 29.499712
 11.552185 30.904545 0.0323577 30.947376 -0.042830842 29.498665
 11.555901 30.768057 0.03250124 30.841452 -0.073395016 29.497613
 11.559618 30.695761 0.032577788 30.767549 -0.071788595 29.496556
 11.563335 30.666256 0.032609132 30.713992 -0.047735862 29.495492
 11.567052 30.630238 0.032647478 30.674941 -0.044703572 29.494424
 11.570768 30.591776 0.032688524 30.646947 -0.055171249 29.49335
 11.574485 30.573385 0.032708187 30.628244 -0.054858649 29.49227
 11.578202 30.560829 0.032721625 30.617812 -0.056982569 29.491186
 11.581919 30.572086 0.032709577 30.614891 -0.042804294 29.490095
 11.585635 30.609991 0.032669072 30.618927 -0.0089356038 29.488999
 11.589352 30.635111 0.032642284 30.62962 0.005490853 29.487898
 11.593069 30.634199 0.032643256 30.646946 -0.012746658 29.486792
 11.596786 30.653551 0.032622648 30.670752 -0.017201122 29.48568
 11.600502 30.677105 0.0325976 30.701145 -0.024040386 29.484563
 11.604219 30.700195 0.032573083 30.738422 -0.038227164 29.48344
 11.607936 30.726336 0.032545371 30.782953 -0.056617375 29.482313
 11.611653 30.80604 0.032461167 30.835152 -0.029111794 29.481179
 11.615369 30.863825 0.032400391 30.895648 -0.031823603 29.480041
 11.619086 30.911201 0.032350732 30.965433 -0.05423161 29.478897
 11.622803 30.947409 0.032312883 31.045342 -0.097933597 29.477748
 11.626519 30.996864 0.032261328 31.136574 -0.1397092 29.476594
 11.630236 31.050705 0.032205388 31.240722 -0.19001703 29.475435
 11.633953 31.106655 0.032147462 31.359684 -0.25302934 29.47427
 11.63767 31.202827 0.032048378 31.495514 -0.29268655 29.473101
 11.641386 31.342661 0.031905396 31.650926 -0.30826463 29.471926
 11.645103 31.488354 0.031757773 31.829844 -0.34149016 29.470746
 11.64882 31.62332 0.031622234 32.036548 -0.41322798 29.46956
 11.652537 31.801138 0.031445416 32.277439 -0.47630148 29.46837
 11.656253 32.065632 0.031186038 32.563012 -0.49737974 29.467174
 11.65997 32.419296 0.030845827 32.911776 -0.49247997 29.465974
 11.663687 32.893185 0.030401435 33.35647 -0.46328578 29.464768
 11.667404 33.54472 0.029810951 33.960216 -0.41549668 29.463558
 11.67112 34.497536 0.028987578 34.849061 -0.35152538 29.462342
 11.674837 35.94931 0.027816945 36.240682 -0.29137182 29.461121
 11.678554 38.2346 0.026154321 38.500157 -0.26555658 29.459895
 11.682271 41.831623 0.02390536 42.319987 -0.48836392 29.458664
 11.685987 47.538548 0.021035561 48.335352 -0.79680483 29.457429
 11.689704 56.301296 0.01776158 57.669293 -1.3679968 29.456188
 11.693421 69.389 0.014411506 71.448401 -2.0594013 29.454942
 11.697138 88.258148 0.011330399 90.744811 -2.4866628 29.453692
 11.700854 113.9626 0.0087748085 115.95028 -1.9876809 29.452436
 11.704571 146.54597 0.0068237971 146.54142 0.0045531965 29.451176
 11.708288 183.52721 0.0054487834 180.79795 2.7292601 29.449911
 11.712005 220.51039 0.0045349337 215.53655 4.9738436 29.44864
 11.715721 251.54111 0.0039754934 246.36238 5.1787278 29.447365
 11.719438 271.44107 0.0036840409 268.32033 3.1207386 29.446086
 11.723155 277.18637 0.003607681 276.7232 0.46317194 29.444801
 11.726872 267.90775 0.0037326282 269.83902 -1.9312713 29.443512
 11.730588 245.85007 0.0040675197 249.28384 -3.4337751 29.442217
 11.734305 215.16737 0.0046475448 219.20817 -4.0407986 29.440918
 11.738022 180.94153 0.0055266472 184.64752 -3.7059966 29.439615
 11.741738 147.81012 0.0067654366 150.17081 -2.3606939 29.438306
 11.745455 118.77439 0.0084193233 119.02773 -0.25333422 29.436993
 11.749172 94.902252 0.010537158 93.20992 1.6923325 29.435676
 11.752889 76.125114 0.013136269 73.315184 2.80993 29.434353
 11.756605 61.925205 0.016148513 58.934776 2.990429 29.433026
 11.760322 51.623272 0.019371108 49.149995 2.4732771 29.431694
 11.764039 44.590717 0.022426192 42.863324 1.7273932 29.430358
 11.767756 39.976761 0.025014533 38.942617 1.034144 29.429017
 11.771472 37.046638 0.026993002 36.549823 0.49681596 29.427671
 11.775189 35.229927 0.028384958 35.091375 0.13855186 29.426321
 11.778906 34.101719 0.029324035 34.167092 -0.065373575 29.424967
 11.782623 33.400536 0.02993964 33.542099 -0.14156349 29.423608
 11.786339 32.892876 0.03040172 33.088355 -0.19547979 29.422244
 11.790056 32.520184 0.030750134 32.737987 -0.21780303 29.420876
 11.793773 32.246967 0.031010668 32.453006 -0.20603867 29.419503
 11.79749 32.053074 0.031198256 32.214708 -0.16163379 29.418126
 11.801206 31.893385 0.031354464 32.012694 -0.11930902 29.416745
 11.804923 31.732302 0.03151363 31.840048 -0.10774581 29.415359
 11.80864 31.588655 0.031656935 31.691842 -0.10318692 29.413969
 11.812357 31.505661 0.031740328 31.564641 -0.058980379 29.412574
 11.816073 31.47006 0.031776234 31.456087 0.013972961 29.411175
 11.81979 31.422119 0.031824715 31.363642 0.058476832 29.409772
 11.823507 31.345507 0.031902499 31.285626 0.059881164 29.408364
 11.827224 31.272415 0.031977063 31.220817 0.051598239 29.406953
 11.83094 31.214674 0.032036215 31.168167 0.046506593 29.405536
 11.834657 31.158802 0.03209366 31.126765 0.032037187 29.404116
 11.838374 31.126232 0.032127242 31.096067 0.030165141 29.402691
 11.84209 31.124636 0.03212889 31.075938 0.0486972 29.401263
 11.845807 31.146784 0.032106044 31.066066 0.080717728 29.39983
 11.849524 31.126291 0.032127181 31.066517 0.059774009 29.398392
 11.853241 31.089197 0.032165514 31.077673 0.011523689 29.396951
 11.856957 31.060488 0.032195245 31.100113 -0.0396248 29.395505
 11.860674 31.070827 0.032184531 31.134487 -0.063659073 29.394056
 11.864391 31.076616 0.032178535 31.181876 -0.10525927 29.392602
 11.868108 31.103418 0.032150807 31.244033 -0.14061456 29.391144
 11.871824 31.098783 0.032155599 31.322779 -0.22399535 29.389682
 11.875541 31.118319 0.032135412 31.420899 -0.30258002 29.388217
 11.879258 31.200668 0.032050595 31.542846 -0.34217719 29.386747
 11.882975 31.348448 0.031899506 31.696086 -0.34763775 29.385273
 11.886691 31.523102 0.031722767 31.893044 -0.36994243 29.383795
 11.890408 31.746912 0.031499127 32.157191 -0.41027893 29.382313
 11.894125 32.095837 0.031156689 32.534929 -0.43909251 29.380827
 11.897842 32.651608 0.030626363 33.106329 -0.45472145 29.379338
 11.901558 33.523502 0.029829819 34.007164 -0.48366152 29.377844
 11.905275 34.904312 0.028649755 35.457493 -0.55318073 29.376347
 11.908992 37.0854 0.02696479 37.789561 -0.70416103 29.374846
 11.912709 40.45726 0.024717442 41.41261 -0.95534971 29.373341
 11.916425 45.571007 0.021943777 46.804156 -1.2331492 29.371832
 11.920142 53.116932 0.018826389 54.457718 -1.3407864 29.370319
 11.923859 63.580925 0.015727988 64.640896 -1.0599713 29.368803
 11.927576 77.109192 0.012968622 77.285773 -0.17658128 29.367283
 11.931292 92.959175 0.01075741 91.857777 1.1013978 29.365759
 11.935009 109.38721 0.0091418369 107.20722 2.179983 29.364231
 11.938726 124.0585 0.0080607132 121.57673 2.4817723 29.3627
 11.942443 134.49475 0.0074352344 132.80904 1.6857085 29.361165
 11.946159 138.90407 0.0071992132 138.62496 0.27911256 29.359627
 11.949876 136.68527 0.0073160772 137.68161 -0.99634221 29.358085
 11.953593 128.4939 0.0077824708 130.25342 -1.7595247 29.356539
 11.957309 116.01159 0.0086198285 117.98106 -1.9694701 29.35499
 11.961026 101.4335 0.0098586757 103.11729 -1.6837867 29.353437
 11.964743 86.731369 0.011529854 87.565114 -0.83374504 29.351881
 11.96846 73.498871 0.013605651 73.383977 0.11489336 29.350321
 11.972176 62.286442 0.016054858 61.337985 0.9484563 29.348758
 11.975893 53.261536 0.018775275 51.830363 1.4311731 29.347191
 11.97961 46.271275 0.02161168 44.787464 1.4838108 29.345621
 11.983327 41.098919 0.02433154 39.870417 1.2285021 29.344047
 11.987043 37.454281 0.026699218 36.625091 0.82918957 29.34247
 11.99076 35.023804 0.02855201 34.544598 0.47920583 29.34089
 11.994477 33.4314 0.029911999 33.23837 0.19303029 29.339306
 11.998194 32.439159 0.030826939 32.419439 0.019720313 29.337719
 12.00191 31.825886 0.031420964 31.887379 -0.061492868 29.336129
 12.005627 31.443222 0.031803356 31.520285 -0.077063096 29.334535
 12.009344 31.19314 0.032058331 31.249705 -0.056564685 29.332939
 12.013061 31.02034 0.032236913 31.038297 -0.017957151 29.331339
 12.016777 30.872353 0.032391441 30.864449 0.0079039694 29.329736
 12.020494 30.715626 0.032556719 30.717255 -0.0016291482 29.328129
 12.024211 30.604431 0.032675007 30.590517 0.013914508 29.32652
 12.027928 30.553072 0.032729933 30.480079 0.072993411 29.324907
 12.031644 30.503637 0.032782976 30.382952 0.12068501 29.323291
 12.035361 30.440321 0.032851165 30.297024 0.14329677 29.321672
 12.039078 30.373369 0.032923578 30.220779 0.15259009 29.320051
 12.042795 30.329937 0.032970725 30.152643 0.177294 29.318426
 12.046511 30.296709 0.033006885 30.091497 0.20521248 29.316798
 12.050228 30.292624 0.033011337 30.036456 0.25616752 29.315167
 12.053945 30.272049 0.033033773 29.986726 0.28532266 29.313533
 12.057661 30.23122 0.033078387 29.941583 0.289637 29.311896
 12.061378 30.191919 0.033121445 29.900469 0.29145028 29.310256
 12.065095 30.182869 0.033131377 29.862966 0.31990309 29.308614
 12.068812 30.183319 0.033130883 29.828596 0.35472342 29.306968
 12.072528 30.139898 0.033178612 29.797003 0.34289493 29.30532
 12.076245 30.105602 0.033216409 29.767904 0.33769813 29.303669
 12.079962 30.08345 0.033240868 29.741038 0.34241255 29.302015
 12.083679 30.034729 0.03329479 29.716146 0.31858321 29.300358
 12.087395 29.99074 0.033343626 29.693029 0.29771072 29.298699
 12.091112 29.996899 0.03333678 29.671538 0.32536045 29.297037
 12.094829 30.014347 0.0333174 29.651492 0.36285507 29.295372
 12.098546 30.005886 0.033326795 29.632751 0.37313531 29.293705
 12.102262 29.993999 0.033340002 29.615202 0.37879752 29.292034
 12.105979 29.987764 0.033346934 29.598744 0.38902066 29.290362
 12.109696 29.968761 0.033368079 29.583265 0.38549613 29.288686
 12.113413 29.943682 0.033396027 29.568683 0.3749992 29.287008
 12.117129 29.929588 0.033411753 29.554932 0.37465615 29.285328
 12.120846 29.944658 0.033394938 29.541935 0.40272353 29.283645
 12.124563 29.94305 0.033396731 29.529626 0.41342411 29.28196
 12.12828 29.896311 0.033448943 29.700166 0.19614477 29.280272
 12.131996 29.864744 0.033484298 29.694469 0.17027491 29.278581
 12.135713 29.880989 0.033466094 29.689551 0.1914381 29.276889
 12.13943 29.922987 0.033419124 29.685385 0.23760185 29.275194
 12.143147 29.933161 0.033407765 29.681961 0.25119934 29.273496
 12.146863 29.925232 0.033416617 29.679256 0.24597635 29.271796
 12.15058 29.910078 0.033433547 29.677251 0.23282671 29.270094
 12.154297 29.901957 0.033442628 29.675943 0.22601312 29.26839
 12.158014 29.916452 0.033426423 29.675336 0.24111659 29.266683
 12.16173 29.927069 0.033414566 29.675417 0.25165183 29.264974
 12.165447 29.917139 0.033425656 29.67619 0.24094892 29.263263
 12.169164 29.899387 0.033445501 29.677673 0.2217145 29.26155
 12.17288 29.874344 0.033473539 29.679872 0.19447235 29.259835
 12.176597 29.860615 0.033488929 29.682797 0.17781796 29.258117
 12.180314 29.890444 0.033455509 29.686471 0.20397324 29.256398
 12.184031 29.939602 0.033400578 29.690928 0.24867352 29.254676
 12.187747 29.925859 0.033415916 29.696186 0.22967373 29.252952
 12.191464 29.873989 0.033473936 29.702276 0.17171314 29.251227
 12.195181 29.84391 0.033507674 29.709249 0.1346608 29.249499
 12.198898 29.846395 0.033504883 29.717148 0.12924787 29.247769
 12.202614 29.886169 0.033460293 29.726015 0.16015493 29.246038
 12.206331 29.947729 0.033391513 29.73591 0.21181954 29.244304
 12.210048 29.979828 0.033355762 29.746918 0.23290964 29.242569
 12.213765 29.987677 0.033347032 29.759095 0.22858146 29.240832
 12.217481 29.982397 0.033352904 29.665381 0.31701588 29.239093
 12.221198 29.970135 0.03336655 29.683049 0.28708546 29.237352
 12.224915 29.955597 0.033382743 29.702071 0.25352623 29.235609
 12.228632 29.974613 0.033361565 29.72256 0.25205351 29.233865
 12.232348 30.034868 0.033294636 29.744657 0.29021081 29.232119
 12.236065 30.11993 0.033200608 29.76856 0.35137061 29.230371
 12.239782 30.149742 0.03316778 29.794412 0.35532988 29.228622
 12.243499 30.13233 0.033186946 29.822416 0.30991419 29.226871
 12.247215 30.127462 0.033192308 29.852824 0.27463852 29.225119
 12.250932 30.165176 0.033150809 29.885904 0.27927283 29.223365
 12.254649 30.197891 0.033114895 29.921925 0.27596646 29.221609
 12.258366 30.22121 0.033089343 29.961223 0.25998699 29.219852
 12.262082 30.256002 0.033051293 30.004267 0.25173553 29.218093
 12.265799 30.280743 0.033024289 30.051439 0.22930317 29.216333
 12.269516 30.277451 0.03302788 30.103253 0.17419733 29.214572
 12.273232 30.316063 0.032985814 30.160357 0.15570545 29.212809
 12.276949 30.382616 0.032913558 30.223487 0.15912924 29.211044
 12.280666 30.410046 0.03288387 30.293399 0.116647 29.209279
 12.284383 30.43679 0.032854975 30.371053 0.065737442 29.207512
 12.288099 30.491362 0.032796174 30.457777 0.033585064 29.205744
 12.291816 30.575418 0.032706012 30.620166 -0.044747087 29.203974
 12.295533 30.651699 0.032624619 30.730734 -0.079034699 29.202204
 12.29925 30.736403 0.032534712 30.855378 -0.11897568 29.200432
 12.302966 30.831163 0.032434715 30.996705 -0.16554154 29.198659
 12.306683 30.944159 0.032316277 31.157682 -0.21352297 29.196885
 12.3104 31.062317 0.032193349 31.342556 -0.28023946 29.19511
 12.314117 31.212023 0.032038936 31.558262 -0.34623887 29.193333
 12.317833 31.423092 0.03182373 31.814958 -0.39186606 29.191556
 12.32155 31.720303 0.03152555 32.13093 -0.41062728 29.189778
 12.325267 32.097664 0.031154915 32.540835 -0.44317115 29.187999
 12.328984 32.635551 0.030641431 33.110834 -0.47528262 29.186218
 12.3327 33.470539 0.029877021 33.95464 -0.48410063 29.184437
 12.336417 34.783688 0.028749108 35.267136 -0.48344879 29.182655
 12.340134 36.827377 0.027153712 37.378084 -0.55070711 29.180872
 12.343851 40.012318 0.024992304 40.752291 -0.7399734 29.179089
 12.347567 44.901115 0.022271162 46.005294 -1.1041782 29.177304
 12.351284 52.280384 0.019127633 53.887184 -1.6068004 29.175519
 12.355001 63.188572 0.015825646 65.186987 -1.9984154 29.173733
 12.358718 78.433716 0.012749619 80.402335 -1.9686193 29.171946
 12.362434 98.699684 0.010131745 99.635094 -0.93540942 29.170159
 12.366151 123.1255 0.0081217942 122.34554 0.77996528 29.168371
 12.369868 149.88333 0.006671856 147.01611 2.8672256 29.166582
 12.373585 175.52472 0.0056972032 171.28261 4.2421123 29.164793
 12.377301 195.92932 0.0051038813 192.03914 3.8901835 29.163003
 12.381018 207.90819 0.0048098154 205.71891 2.1892827 29.161213
 12.384735 209.39041 0.0047757679 209.64564 -0.25523216 29.159422
 12.388451 200.72156 0.0049820259 202.94291 -2.221352 29.157631
 12.392168 183.69833 0.0054437075 186.98092 -3.282586 29.155839
 12.395885 161.45171 0.0061938026 164.95739 -3.5056886 29.154047
 12.399602 137.45645 0.0072750314 140.31318 -2.8567257 29.152255
 12.403318 114.61249 0.0087250527 115.96927 -1.3567811 29.150462
 12.407035 94.573357 0.010573803 94.118914 0.45444275 29.148669
 12.410752 77.858124 0.012843875 75.938938 1.9191861 29.146876
 12.414469 64.34214 0.015541914 61.805982 2.5361587 29.145083
 12.418185 53.906242 0.018550727 51.52072 2.3855223 29.143289
 12.421902 46.288525 0.021603627 44.43087 1.8576545 29.141495
 12.425619 40.983379 0.024400135 39.754198 1.2291818 29.139701
 12.429336 37.489075 0.026674438 36.782068 0.70700649 29.137907
 12.433052 35.267155 0.028354995 34.942899 0.32425551 29.136113
 12.436769 33.864914 0.029529087 33.78881 0.076103999 29.134319
 12.440486 32.948875 0.030350049 33.04333 -0.094455061 29.132525
 12.444203 32.336514 0.030924793 32.536954 -0.20044011 29.130731
 12.447919 31.925934 0.031322498 32.168603 -0.24266907 29.128937
 12.451636 31.657673 0.031587919 31.88324 -0.22556746 29.127143
 12.455353 31.496756 0.031749302 31.652209 -0.15545368 29.125349
 12.45907 31.378672 0.031868781 31.460428 -0.081756109 29.123555
 12.462786 31.272806 0.031976664 31.298129 -0.025323255 29.121762
 12.466503 31.151937 0.032100732 31.159868 -0.0079310166 29.119968
 12.47022 31.019932 0.032237337 31.042082 -0.022150534 29.118175
 12.473937 30.942856 0.032317638 30.941971 0.00088467527 29.116383
 12.477653 30.930174 0.032330888 30.857246 0.072927448 29.11459
 12.48137 30.927504 0.03233368 30.78629 0.14121401 29.112799
 12.485087 30.859093 0.03240536 30.728065 0.13102766 29.111007
 12.488803 30.780821 0.032487763 30.681372 0.099449132 29.109216
 12.49252 30.760468 0.032509259 30.645514 0.11495371 29.107425
 12.496237 30.74217 0.032528608 30.62013 0.12204038 29.105635
 12.499954 30.710726 0.032561914 30.605024 0.10570174 29.103845
 12.50367 30.708927 0.032563821 30.600073 0.10885443 29.102056
 12.507387 30.717426 0.032554811 30.605498 0.11192829 29.100268
 12.511104 30.702795 0.032570325 30.621974 0.080820651 29.09848
 12.514821 30.68165 0.032592771 30.650096 0.03155377 29.096693
 12.518537 30.655949 0.032620096 30.690944 -0.034995663 29.094907
 12.522254 30.632074 0.03264552 30.746227 -0.11415296 29.093121
 12.525971 30.628361 0.032649478 30.818486 -0.19012571 29.091336
 12.529688 30.703871 0.032569183 30.911303 -0.20743206 29.089552
 12.533404 30.822615 0.032443711 31.030963 -0.20834871 29.087769
 12.537121 30.95933 0.032300441 31.189433 -0.23010317 29.085986
 12.540838 31.110189 0.032143809 31.406801 -0.29661171 29.084205
 12.544555 31.327072 0.031921272 31.718615 -0.39154274 29.082425
 12.548271 31.699575 0.031546164 32.186559 -0.48698355 29.080645
 12.551988 32.364834 0.030897733 32.912782 -0.54794828 29.078867
 12.555705 33.453575 0.029892171 34.041235 -0.58765951 29.077089
 12.559422 35.095573 0.028493622 35.769886 -0.6743121 29.075313
 12.563138 37.529934 0.026645397 38.357836 -0.82790165 29.073538
 12.566855 41.096802 0.024332794 42.056942 -0.96014024 29.071764
 12.570572 46.243126 0.021624836 47.072029 -0.82890311 29.069991
 12.574289 53.107079 0.018829882 53.497704 -0.39062592 29.06822
 12.578005 61.573082 0.016240863 61.223366 0.34971641 29.066449
 12.581722 70.92971 0.014098464 69.820382 1.1093286 29.06468
 12.585439 80.02552 0.012496014 78.567411 1.4581097 29.062913
 12.589156 87.609413 0.011414299 86.393574 1.2158387 29.061147
 12.592872 92.44088 0.010817725 92.000496 0.44038386 29.059382
 12.596589 93.80883 0.010659977 94.219756 -0.4109254 29.057618
 12.600306 91.505547 0.010928299 92.489012 -0.98346523 29.055857
 12.604022 86.111313 0.011612876 87.196987 -1.0856738 29.054096
 12.607739 78.687172 0.012708552 79.553161 -0.86598894 29.052338
 12.611456 70.322945 0.01422011 70.839131 -0.51618622 29.05058
 12.615173 62.019306 0.016124011 62.151579 -0.13227257 29.048825
 12.618889 54.576195 0.018323007 54.275668 0.30052725 29.047071
 12.622606 48.319748 0.020695472 47.645808 0.67394007 29.045319
 12.626323 43.262619 0.023114643 42.419994 0.84262473 29.043569
 12.63004 39.295761 0.025448037 38.553494 0.74226685 29.04182
 12.633756 36.304825 0.027544548 35.818954 0.48587066 29.040074
 12.637473 34.168503 0.02926672 33.963811 0.2046922 29.038329
 12.64119 32.74081 0.030542921 32.746749 -0.0059382034 29.036586
 12.644907 31.855438 0.031391814 31.778888 0.076550577 29.034845
 12.648623 31.306887 0.031941854 31.260074 0.046813131 29.033106
 12.65234 30.936167 0.032324625 30.940182 -0.004015414 29.031369
 12.656057 30.704502 0.032568514 30.6882 0.016302186 29.029634
 12.659774 30.588148 0.032692401 30.496215 0.091933598 29.027901
 12.66349 30.495302 0.032791936 30.342571 0.15273163 29.02617
 12.667207 30.372557 0.032924459 30.215197 0.15736003 29.024442
 12.670924 30.269276 0.0330368 30.106867 0.16240817 29.022715
 12.674641 30.197456 0.033115372 30.013145 0.18431159 29.020991
 12.678357 30.110235 0.033211298 29.931244 0.17899083 29.019269
 12.682074 30.038921 0.033290143 29.859331 0.17959055 29.01755
 12.685791 30.046555 0.033281686 29.795654 0.25090098 29.015833
 12.689508 30.053724 0.033273746 29.739006 0.31471805 29.014118
 12.693224 30.015831 0.033315753 29.688452 0.32737899 29.012406
 12.696941 29.97941 0.033356227 29.643158 0.33625168 29.010696
 12.700658 29.961134 0.033376574 29.602383 0.35875067 29.008989
 12.704374 29.944391 0.033395236 29.565557 0.3788347 29.007284
 12.708091 29.923649 0.033418384 29.532254 0.39139514 29.005582
 12.711808 29.885569 0.033460966 29.501995 0.38357348 29.003883
 12.715525 29.867403 0.033481317 29.474429 0.39297434 29.002186
 12.719241 29.876078 0.033471596 29.449273 0.42680425 29.000492
 12.722958 29.873024 0.033475017 29.426273 0.44675071 28.9988
 12.726675 29.828573 0.033524902 29.405178 0.4233949 28.997112
 12.730392 29.78039 0.033579144 29.385797 0.39459282 28.995426
 12.734108 29.767975 0.033593149 29.367987 0.39998763 28.993743
 12.737825 29.779711 0.03357991 29.351577 0.42813408 28.992063
 12.741542 29.783888 0.0335752 29.336435 0.44745296 28.990386
 12.745259 29.775696 0.033584438 29.322458 0.45323758 28.988713
 12.748975 29.746136 0.033617812 29.309553 0.43658247 28.987042
 12.752692 29.710564 0.033658062 29.297619 0.41294462 28.985374
 12.756409 29.699087 0.033671069 29.28658 0.41250667 28.983709
 12.760126 29.678574 0.033694342 29.276384 0.40218963 28.982048
 12.763842 29.654417 0.033721789 29.266959 0.38745789 28.980389
 12.767559 29.654272 0.033721954 29.258252 0.39602043 28.978734
 12.771276 29.679794 0.033692956 29.25022 0.42957421 28.977082
 12.774993 29.691778 0.033679357 29.24283 0.44894866 28.975434
 12.778709 29.699717 0.033670355 29.236036 0.46368089 28.973789
 12.782426 29.696241 0.033674295 29.229809 0.46643272 28.972147
 12.786143 29.663954 0.033710948 29.224131 0.43982323 28.970508
 12.78986 29.637966 0.033740507 29.218973 0.41899303 28.968874
 12.793576 29.630884 0.033748571 29.214315 0.416569 28.967242
 12.797293 29.641338 0.033736668 29.210144 0.43119481 28.965615
 12.80101 29.680414 0.033692252 29.206451 0.47396309 28.963991
 12.804727 29.691904 0.033679214 29.203221 0.48868304 28.96237
 12.808443 29.65164 0.033724947 29.200447 0.451193 28.960753
 12.81216 29.615215 0.033766427 29.198132 0.41708369 28.95914
 12.815877 29.609404 0.033773054 29.196271 0.41313297 28.957531
 12.819593 29.593328 0.0337914 29.194863 0.39846531 28.955926
 12.82331 29.598364 0.033785651 29.193915 0.4044484 28.954324
 12.827027 29.623661 0.0337568 29.193442 0.43021918 28.952726
 12.830744 29.648144 0.033728924 29.193445 0.45469858 28.951133
 12.83446 29.658394 0.033717268 29.193939 0.46445455 28.949543
 12.838177 29.663296 0.033711696 29.194948 0.46834751 28.947957
 12.841894 29.673433 0.033700179 29.196491 0.47694255 28.946376
 12.845611 29.680914 0.033691685 29.198588 0.48232604 28.944798
 12.849327 29.689795 0.033681607 29.20127 0.48852443 28.943225
 12.853044 29.680796 0.033691819 29.204582 0.47621334 28.941656
 12.856761 29.628218 0.033751608 29.208553 0.41966435 28.940091
 12.860478 29.593157 0.033791596 29.213229 0.37992823 28.93853
 12.864194 29.599058 0.033784859 29.21867 0.38038847 28.936974
 12.867911 29.595486 0.033788937 29.224936 0.37054936 28.935422
 12.871628 29.618467 0.033762719 29.232091 0.38637656 28.933875
 12.875345 29.673733 0.033699838 29.240213 0.43352005 28.932332
 12.879061 29.687778 0.033683895 29.249415 0.4383636 28.930793
 12.882778 29.662336 0.033712786 29.259783 0.40255345 28.929259
 12.886495 29.66341 0.033711566 29.271437 0.3919732 28.92773
 12.890212 29.683474 0.03368878 29.284532 0.39894138 28.926205
 12.893928 29.689171 0.033682315 29.299234 0.38993687 28.924685
 12.897645 29.726049 0.033640528 29.315715 0.4103345 28.92317
 12.901362 29.772594 0.033587936 29.334192 0.43840217 28.921659
 12.905079 29.756861 0.033605695 29.290981 0.46587967 28.920154
 12.908795 29.700434 0.033669542 29.315833 0.38460059 28.918653
 12.912512 29.688515 0.033683059 29.343547 0.34496722 28.917157
 12.916229 29.725613 0.033641022 29.374579 0.35103387 28.915666
 12.919945 29.770599 0.033590187 29.409452 0.36114754 28.91418
 12.923662 29.783186 0.033575992 29.56126 0.22192602 28.912699
 12.927379 29.783667 0.03357545 29.60859 0.17507658 28.911223
 12.931096 29.796919 0.033560517 29.662198 0.13472043 28.909752
 12.934812 29.79048 0.033567771 29.723142 0.067337773 28.908287
 12.938529 29.774128 0.033586206 29.792898 -0.018770177 28.906826
 12.942246 29.805426 0.033550938 29.873627 -0.068201654 28.905371
 12.945963 29.853134 0.03349732 29.968555 -0.11542101 28.903921
 12.949679 29.888283 0.033457928 30.082465 -0.19418247 28.902477
 12.953396 30.001337 0.033331848 30.223481 -0.22214378 28.901038
 12.957113 30.189213 0.033124415 30.406335 -0.21712229 28.899604
 12.96083 30.362707 0.03293514 30.654024 -0.29131649 28.898176
 12.964546 30.597326 0.032682594 31.003388 -0.40606125 28.896754
 12.968263 31.048592 0.03220758 31.511525 -0.46293333 28.895337
 12.97198 31.740173 0.031505814 32.260848 -0.52067472 28.893925
 12.975697 32.72731 0.030555521 33.350294 -0.62298361 28.89252
 12.979413 34.185799 0.029251913 34.894888 -0.70908909 28.89112
 12.98313 36.317951 0.027534593 37.017419 -0.69946767 28.889726
 12.986847 39.324017 0.025429752 39.79248 -0.46846338 28.888337
 12.990564 43.16367 0.023167632 43.229591 -0.065921303 28.886955
 12.99428 47.626595 0.020996672 47.241458 0.38513679 28.885578
 12.997997 52.372925 0.019093835 51.598375 0.77454978 28.884208
 13.001714 56.737289 0.017625093 55.897242 0.84004771 28.882843
 13.005431 60.145229 0.016626423 59.572877 0.57235201 28.881484
 13.009147 61.978489 0.01613463 61.921025 0.05746362 28.880132
 13.012864 61.988838 0.016131936 62.385424 -0.39658605 28.878786
 13.016581 60.21904 0.016606044 60.855235 -0.6361955 28.877445
 13.020298 57.075279 0.01752072 57.715102 -0.63982289 28.876112
 13.024014 53.157429 0.018812046 53.6293 -0.47187171 28.874784
 13.027731 49.032726 0.020394542 49.254272 -0.22154571 28.873463
 13.031448 45.177376 0.022134973 45.060776 0.11659978 28.872148
 13.035164 41.792149 0.023927939 41.35896 0.43318823 28.870839
 13.038881 38.842892 0.025744736 38.298126 0.54476552 28.869537
 13.042598 36.386368 0.02748282 35.903509 0.48285837 28.868242
 13.046315 34.502728 0.028983216 34.123377 0.37935029 28.866953
 13.050031 33.130791 0.030183403 32.861769 0.26902181 28.865671
 13.053748 32.11829 0.031134908 31.991353 0.12693696 28.864395
 13.057465 31.391626 0.031855629 31.403562 -0.011935184 28.863126
 13.061182 30.921991 0.032339444 31.010737 -0.088745302 28.861864
 13.064898 30.642633 0.032634271 30.744334 -0.10170037 28.860609
 13.068615 30.502445 0.032784257 30.558431 -0.055985972 28.85936
 13.072332 30.426737 0.032865831 30.42454 0.0021965515 28.858119
 13.076049 30.378088 0.032918464 30.325542 0.052546215 28.856884
 13.079765 30.334249 0.032966037 30.250478 0.083771615 28.855656
 13.083482 30.312634 0.032989545 30.193462 0.11917137 28.854436
 13.087199 30.33263 0.032967797 30.151109 0.18152129 28.853223
 13.090916 30.368965 0.032928353 30.121164 0.24780104 28.852016
 13.094632 30.383728 0.032912354 30.102132 0.28159561 28.850817
 13.098349 30.377832 0.032918741 30.093128 0.28470403 28.849625
 13.102066 30.357306 0.032941 30.093773 0.26353265 28.848441
 13.105783 30.357924 0.032940329 30.103585 0.25433883 28.847264
 13.109499 30.383949 0.032912114 30.122508 0.26144089 28.846094
 13.113216 30.39093 0.032904554 30.150798 0.24013261 28.844932
 13.116933 30.39679 0.032898211 30.298747 0.098042969 28.843777
 13.12065 30.429962 0.032862348 30.349837 0.080124851 28.84263
 13.124366 30.46059 0.032829305 30.412147 0.048443063 28.84149
 13.128083 30.513052 0.032772861 30.487098 0.02595427 28.840358
 13.1318 30.583458 0.032697414 30.576009 0.0074493404 28.839234
 13.135516 30.626291 0.032651684 30.680898 -0.054606608 28.838117
 13.139233 30.661497 0.032614193 30.804751 -0.14325356 28.837009
 13.14295 30.738939 0.032532027 30.951884 -0.21294462 28.835908
 13.146667 30.887897 0.03237514 31.1287 -0.24080255 28.834815
 13.150383 31.094023 0.032160522 31.346415 -0.25239183 28.83373
 13.1541 31.339045 0.031909077 31.626586 -0.28754154 28.832653
 13.157817 31.699335 0.031546403 32.005211 -0.30587548 28.831584
 13.161534 32.233898 0.031023241 32.545659 -0.3117608 28.830523
 13.16525 32.969597 0.030330974 33.356809 -0.38721208 28.829471
 13.168967 34.081226 0.029341667 34.614172 -0.53294516 28.828426
 13.172684 35.819088 0.027918075 36.562871 -0.74378327 28.82739
 13.176401 38.526543 0.025956131 39.535217 -1.0086748 28.826362
 13.180117 42.626041 0.023459837 43.96506 -1.3390186 28.825343
 13.183834 48.65345 0.020553527 50.262733 -1.6092835 28.824332
 13.187551 57.229073 0.017473636 58.768893 -1.5398207 28.823329
 13.191268 68.698174 0.014556428 69.649349 -0.95117571 28.822335
 13.194984 83.028755 0.01204402 82.732351 0.29640433 28.82135
 13.198701 99.055489 0.010095352 97.3501 1.705389 28.820373
 13.202418 115.12702 0.0086860581 112.37956 2.7474603 28.819405
 13.206135 129.03586 0.0077497838 126.16764 2.8682156 28.818445
 13.209851 138.53804 0.0072182341 136.71777 1.8202697 28.817495
 13.213568 142.41156 0.0070219019 142.12467 0.28689212 28.816553
 13.217285 139.85539 0.0071502427 141.18927 -1.3338792 28.81562
 13.221002 131.96271 0.0075778985 134.06815 -2.1054449 28.814696
 13.224718 120.05549 0.0083294817 122.34454 -2.289055 28.813781
 13.228435 105.9938 0.0094345137 108.00761 -2.0138013 28.812875
 13.232152 91.739838 0.01090039 92.957714 -1.2178767 28.811978
 13.235868 78.604576 0.012721906 78.714155 -0.10957858 28.81109
 13.239585 67.18557 0.014884149 66.249202 0.9363682 28.810212
 13.243302 57.668781 0.017340405 56.061924 1.6068572 28.809343
 13.247019 49.99086 0.020003657 48.257665 1.7331949 28.808483
 13.250735 44.056236 0.022698262 42.571546 1.48469 28.807632
 13.254452 39.737133 0.025165379 38.62354 1.1135935 28.806791
 13.258169 36.72303 0.027230868 36.003302 0.71972828 28.80596
 13.261886 34.74091 0.028784508 34.305972 0.43493753 28.805138
 13.265602 33.427174 0.029915781 33.215857 0.21131612 28.804325
 13.269319 32.596954 0.030677713 32.51079 0.086164088 28.803522
 13.273036 32.100262 0.031152394 32.042653 0.057609119 28.802729
 13.276753 31.82855 0.031418333 31.714164 0.11438616 28.801946
 13.280469 31.653109 0.031592474 31.4718 0.18130902 28.801172
 13.284186 31.457073 0.031789353 31.285552 0.17152097 28.800408
 13.287903 31.275427 0.031973984 31.137965 0.13746185 28.799654
 13.29162 31.185198 0.032066495 31.019323 0.16587469 28.798911
 13.295336 31.151697 0.03210098 30.924178 0.22751947 28.798177
 13.299053 31.108334 0.032145727 30.934975 0.1733588 28.797453
 13.30277 31.050833 0.032205255 30.879958 0.17087438 28.796739
 13.306487 31.043648 0.032212709 30.841197 0.20245059 28.796036
 13.310203 31.062542 0.032193115 30.81784 0.24470232 28.795343
 13.31392 31.04196 0.032214461 30.809246 0.23271352 28.79466
 13.317637 31.006859 0.032250929 30.815046 0.19181303 28.793987
 13.321354 31.00828 0.032249451 30.835355 0.17292511 28.793325
 13.32507 31.046421 0.032209832 30.870956 0.1754651 28.792673
 13.328787 31.08395 0.032170943 30.922425 0.1615252 28.792032
 13.332504 31.103138 0.032151097 30.991092 0.1120463 28.791401
 13.336221 31.12962 0.032123746 31.079118 0.050501811 28.790781
 13.339937 31.189556 0.032062014 31.189539 1.688093e-05 28.790172
 13.343654 31.300373 0.031948501 31.326752 -0.026378959 28.789574
 13.347371 31.423798 0.031823016 31.49834 -0.074542333 28.788986
 13.351087 31.543547 0.031702206 31.718793 -0.17524647 28.788409
 13.354804 31.764112 0.03148207 32.011627 -0.24751492 28.787843
 13.358521 32.118381 0.031134819 32.41908 -0.30069811 28.787288
 13.362238 32.602875 0.030672142 33.015596 -0.41272145 28.786744
 13.365954 33.351669 0.029983507 33.924246 -0.5725765 28.786211
 13.369671 34.611557 0.028892084 35.325263 -0.71370617 28.785689
 13.373388 36.565006 0.027348553 37.442404 -0.87739812 28.785179
 13.377105 39.556152 0.025280517 40.702068 -1.1459154 28.784679
 13.380821 43.983795 0.022735646 45.44651 -1.4627151 28.784191
 13.384538 50.496609 0.01980331 52.049012 -1.5524037 28.783715
 13.388255 59.516315 0.016802115 60.80213 -1.2858149 28.78325
 13.391972 71.22522 0.014039971 71.774098 -0.54887837 28.782796
 13.395688 85.39695 0.01171002 84.645408 0.7515417 28.782354
 13.399405 100.6638 0.0099340574 98.706596 1.9572074 28.781923
 13.403122 115.42737 0.0086634566 112.76355 2.6638163 28.781504
 13.406839 127.63766 0.0078346784 125.16408 2.4735766 28.781097
 13.410555 135.44168 0.0073832515 134.03283 1.408851 28.780702
 13.414272 137.62012 0.0072663795 137.63936 -0.01924042 28.780318
 13.417989 133.71919 0.007478358 135.12288 -1.4036858 28.779946
 13.421706 124.98474 0.0080009767 127.13603 -2.1512881 28.779587
 13.425422 112.9155 0.0088561803 115.25232 -2.3368228 28.779239
 13.429139 99.407921 0.010059561 101.35525 -1.947326 28.778903
 13.432856 86.143448 0.011608544 87.189395 -1.0459476 28.77858
 13.436573 74.16243 0.013483916 74.020233 0.14219702 28.778268
 13.440289 63.904896 0.015648253 62.658578 1.2463179 28.777969
 13.444006 55.286457 0.018087612 53.497286 1.7891709 28.777682
 13.447723 48.33675 0.020688193 46.501704 1.8350463 28.777408
 13.451439 42.922699 0.023297696 41.429379 1.4933196 28.777146
 13.455156 38.894634 0.025710487 37.932553 0.96208121 28.776896
 13.458873 36.093578 0.027705759 35.598816 0.49476225 28.776659
 13.46259 34.310669 0.029145453 34.122529 0.18813999 28.776435
 13.466306 33.204136 0.03011673 33.136195 0.067941124 28.776223
 13.470023 32.485256 0.030783196 32.491793 -0.0065367356 28.776024
 13.47374 31.987463 0.031262248 32.05281 -0.065346792 28.775838
 13.477457 31.679241 0.031566413 31.739698 -0.060457012 28.775664
 13.481173 31.479547 0.031766657 31.505928 -0.026380844 28.775504
 13.48489 31.34132 0.031906761 31.32374 0.017579915 28.775356
 13.488607 31.264053 0.031985616 31.177879 0.086174209 28.775222
 13.492324 31.189842 0.03206172 31.059946 0.12989666 28.7751
 13.49604 31.077488 0.032177633 30.965156 0.11233205 28.774992
 13.499757 30.971033 0.032288235 30.889872 0.081160768 28.774897
 13.503474 30.927612 0.032333566 30.831988 0.095624513 28.774815
 13.507191 30.93096 0.032330067 30.678551 0.25240887 28.774746
 13.510907 30.925318 0.032335965 30.654677 0.27064092 28.774691
 13.514624 30.904726 0.032357511 30.645129 0.25959744 28.77465
 13.518341 30.883453 0.032379799 30.649743 0.23370995 28.774621
 13.522058 30.881573 0.03238177 30.668966 0.21260634 28.774607
 13.525774 30.91552 0.032346213 30.703084 0.21243544 28.774606
 13.529491 30.963724 0.032295857 30.753088 0.21063649 28.774618
 13.533208 31.015888 0.03224154 30.820738 0.19515052 28.774645
 13.536925 31.056143 0.032199749 30.908511 0.14763158 28.774685
 13.540641 31.10301 0.032151229 31.020111 0.082899032 28.774739
 13.544358 31.216614 0.032034224 31.161956 0.054658219 28.774807
 13.548075 31.346716 0.031901268 31.346345 0.00037142202 28.774889
 13.551792 31.459021 0.031787385 31.592807 -0.13378615 28.774986
 13.555508 31.639906 0.031605657 31.936244 -0.29633798 28.775096
 13.559225 32.026684 0.031223963 32.437605 -0.41092112 28.77522
 13.562942 32.704121 0.030577187 33.195621 -0.4915007 28.775359
 13.566658 33.756065 0.029624306 34.353535 -0.59747008 28.775512
 13.570375 35.361996 0.028278947 36.113053 -0.75105728 28.775679
 13.574092 37.756775 0.026485313 38.754044 -0.99726954 28.775861
 13.577809 41.317226 0.02420298 42.561649 -1.2444229 28.776058
 13.581525 46.443199 0.021531678 47.817016 -1.3738166 28.776268
 13.585242 53.663013 0.018634809 54.735607 -1.0725939 28.776494
 13.588959 62.932777 0.015889971 63.352489 -0.41971198 28.776734
 13.592676 74.048218 0.013504714 73.41022 0.63799804 28.776989
 13.596392 86.00441 0.011627311 84.352019 1.652391 28.777259
 13.600109 97.411179 0.010265762 95.245238 2.1659408 28.777544
 13.603826 106.76379 0.0093664712 104.80135 1.962442 28.777843
 13.607543 112.49771 0.0088890697 111.55283 0.94488343 28.778158
 13.611259 113.87643 0.0087814481 114.15123 -0.27479225 28.778488
 13.614976 110.65149 0.009037384 111.97063 -1.3191403 28.778832
 13.618693 103.8027 0.0096336611 105.56954 -1.7668449 28.779192
 13.62241 94.47879 0.010584386 96.211518 -1.7327275 28.779568
 13.626126 84.017494 0.011902283 85.37009 -1.3525954 28.779958
 13.629843 73.771919 0.013555293 74.381987 -0.61006789 28.780364
 13.63356 64.493614 0.015505411 64.199172 0.29444204 28.780786
 13.637277 56.488197 0.017702813 55.425938 1.0622591 28.781223
 13.640993 49.795414 0.020082171 48.345947 1.4494668 28.781675
 13.64471 44.346436 0.022549727 42.953976 1.3924596 28.782144
 13.648427 40.108486 0.02493238 39.0089 1.0995857 28.782628
 13.652144 36.996891 0.027029298 36.273364 0.72352675 28.783127
 13.65586 34.772205 0.028758602 34.431939 0.34026623 28.783643
 13.659577 33.315418 0.030016132 33.216149 0.099268758 28.784175
 13.663294 32.444809 0.030821572 32.418991 0.025817986 28.784722
 13.66701 31.898209 0.031349723 31.889949 0.0082594344 28.785286
 13.670727 31.484463 0.031761698 31.523929 -0.039466179 28.785865
 13.674444 31.176378 0.032075567 31.25901 -0.082632206 28.786461
 13.678161 30.975729 0.03228334 31.05869 -0.082961447 28.787073
 13.681877 30.879887 0.032383539 30.900797 -0.020909915 28.787702
 13.685594 30.83642 0.032429186 30.77307 0.063349579 28.788347
 13.689311 30.76071 0.032509003 30.668644 0.092066117 28.789008
 13.693028 30.683929 0.03259035 30.583491 0.10043853 28.789685
 13.696744 30.656569 0.032619437 30.514557 0.14201132 28.79038
 13.700461 30.67868 0.032595926 30.460029 0.21865098 28.791091
 13.704178 30.710201 0.03256247 30.418801 0.2914004 28.791818
 13.707895 30.684696 0.032589536 30.389926 0.29476981 28.792563
 13.711611 30.614281 0.032664494 30.372794 0.24148622 28.793324
 13.715328 30.565388 0.032716745 30.367212 0.19817559 28.794102
 13.719045 30.538223 0.032745847 30.268345 0.26987875 28.794898
 13.722762 30.532795 0.032751669 30.289113 0.24368172 28.79571
 13.726478 30.546068 0.032737438 30.322588 0.22347998 28.796539
 13.730195 30.556911 0.032725821 30.370243 0.18666888 28.797386
 13.733912 30.550287 0.032732916 30.434201 0.11608669 28.798249
 13.737629 30.556431 0.032726335 30.517815 0.038615492 28.79913
 13.741345 30.633293 0.032644221 30.626968 0.0063250428 28.800029
 13.745062 30.766565 0.032502816 30.772754 -0.0061882811 28.800945
 13.748779 30.903278 0.032359026 30.972506 -0.069227667 28.801878
 13.752496 31.094248 0.032160289 31.255988 -0.16174021 28.802829
 13.756212 31.41634 0.03183057 31.672949 -0.25660903 28.803798
 13.759929 31.967443 0.031281826 32.298877 -0.33143304 28.804784
 13.763646 32.802521 0.030485462 33.236634 -0.43411336 28.805789
 13.767363 34.023785 0.029391204 34.621094 -0.59730959 28.806811
 13.771079 35.794376 0.027937349 36.625794 -0.83141756 28.807851
 13.774796 38.461845 0.025999793 39.401832 -0.9399871 28.808909
 13.778513 42.250896 0.023668137 43.074414 -0.82351758 28.809985
 13.782229 47.27829 0.021151357 47.699369 -0.42107939 28.811079
 13.785946 53.404129 0.018725144 53.19392 0.21020938 28.812191
 13.789663 60.151527 0.016624682 59.292022 0.85950515 28.813322
 13.79338 66.805687 0.014968786 65.542238 1.2634493 28.814471
 13.797096 72.38546 0.013814929 71.257823 1.1276373 28.815639
 13.800813 76.12001 0.01313715 75.590933 0.52907744 28.816825
 13.80453 77.555916 0.012893923 77.711422 -0.15550588 28.818029
 13.808247 76.356926 0.013096389 77.107621 -0.75069492 28.819252
 13.811963 72.99099 0.013700321 73.915145 -0.92415531 28.820494
 13.81568 68.048683 0.014695362 68.859358 -0.81067494 28.821755
 13.819397 62.247337 0.016064944 62.808275 -0.56093776 28.823034
 13.823114 56.282818 0.017767412 56.546117 -0.26329925 28.824332
 13.82683 50.78754 0.019689869 50.662198 0.12534198 28.82565
 13.830547 46.025974 0.021726862 45.517486 0.50848796 28.826986
 13.834264 42.007942 0.023805022 41.293708 0.71423374 28.828342
 13.837981 38.780849 0.025785923 38.018821 0.76202858 28.829716
 13.841697 36.18631 0.02763476 35.591169 0.59514057 28.83111
 13.845414 34.224651 0.029218705 33.865056 0.3595951 28.832523
 13.849131 32.847019 0.030444163 32.684033 0.16298637 28.833956
 13.852848 31.947531 0.031301324 31.88779 0.059740671 28.835408
 13.856564 31.354126 0.031893729 31.352534 0.0015921647 28.83688
 13.860281 30.966925 0.032292519 30.988564 -0.021639548 28.838371
 13.863998 30.671511 0.032603546 30.733718 -0.062207171 28.839882
 13.867715 30.478626 0.032809878 30.546549 -0.067922809 28.841413
 13.871431 30.419003 0.032874188 30.403188 0.015814469 28.842964
 13.875148 30.445101 0.032846007 30.289768 0.15533283 28.844534
 13.878865 30.445066 0.032846044 30.197608 0.24745874 28.846125
 13.882581 30.388845 0.032906811 30.121751 0.26709467 28.847735
 13.886298 30.290945 0.033013166 30.059256 0.23168869 28.849366
 13.890015 30.174519 0.033140545 30.008267 0.16625207 28.851017
 13.893732 30.134527 0.033184526 29.967245 0.16728231 28.852688
 13.897448 30.17264 0.033142609 29.935258 0.23738152 28.854379
 13.901165 30.214781 0.033096384 29.99114 0.22364119 28.856091
 13.904882 30.226061 0.033084033 29.977761 0.24829951 28.857823
 13.908599 30.182825 0.033131425 29.972223 0.21060232 28.859576
 13.912315 30.134352 0.033184719 29.974555 0.15979624 28.86135
 13.916032 30.149267 0.033168302 29.985118 0.1641491 28.863144
 13.919749 30.187555 0.033126233 30.004294 0.18326154 28.864959
 13.923466 30.200411 0.033112132 30.032996 0.16741533 28.866795
 13.927182 30.198538 0.033114186 29.989162 0.20937602 28.868652
 13.930899 30.206245 0.033105736 30.044944 0.16130166 28.87053
 13.934616 30.232689 0.03307678 30.119098 0.11359137 28.872428
 13.938333 30.258677 0.033048372 30.219555 0.039121215 28.874348
 13.942049 30.310125 0.032992275 30.360664 -0.050538441 28.87629
 13.945766 30.425209 0.032867482 30.563917 -0.13870829 28.878252
 13.949483 30.639496 0.032637613 30.863001 -0.22350498 28.880236
 13.9532 31.025375 0.032231681 31.308839 -0.28346391 28.882242
 13.956916 31.641113 0.031604451 31.968677 -0.32756415 28.884268
 13.960633 32.514652 0.030755365 32.921188 -0.40653614 28.886317
 13.96435 33.755775 0.02962456 34.252613 -0.4968371 28.888387
 13.968067 35.565182 0.028117388 36.050723 -0.48554176 28.890479
 13.971783 37.971268 0.026335702 38.353265 -0.38199769 28.892593
 13.9755 41.05154 0.024359622 41.15039 -0.098849453 28.894728
 13.979217 44.598709 0.022422174 44.356629 0.24208016 28.896886
 13.982934 48.294399 0.020706335 47.777852 0.51654748 28.899065
 13.98665 51.732857 0.019330075 51.108371 0.62448544 28.901267
 13.990367 54.405624 0.018380453 53.939253 0.46637116 28.903491
 13.994084 55.913052 0.017884912 55.772104 0.14094771 28.905737
 13.9978 55.981899 0.017862917 56.232498 -0.25059871 28.908006
 14.001517 54.777279 0.018255744 55.214935 -0.437656 28.910297
 14.005234 52.434734 0.019071328 52.94371 -0.50897524 28.91261
 14.008951 49.393261 0.020245677 49.871174 -0.47791333 28.914946
 14.012667 46.15498 0.021666135 46.469153 -0.31417373 28.917305
 14.016384 43.107883 0.023197613 43.106872 0.001011333 28.919687
 14.020101 40.369423 0.024771224 40.050794 0.31862847 28.922091
 14.023818 37.892513 0.026390437 37.446914 0.44559917 28.924518
 14.027534 35.781307 0.027947554 35.34959 0.43171696 28.926968
 14.031251 34.148533 0.029283835 33.747717 0.4008156 28.929441
 14.034968 32.943695 0.030354822 32.580811 0.36288443 28.931937
 14.038685 32.002033 0.031248015 31.759403 0.24262977 28.934457
 14.042401 31.281069 0.031968217 31.198481 0.082587943 28.937
 14.046118 30.789644 0.032478453 30.824977 -0.035332758 28.939566
 14.049835 30.50658 0.032779813 30.575872 -0.069291441 28.942155
 14.053552 30.33337 0.032966993 30.408147 -0.074777041 28.944768
 14.057268 30.236759 0.033072327 30.293313 -0.056553991 28.947405
 14.060985 30.1773 0.033137491 30.213023 -0.035723398 28.950065
 14.064702 30.138924 0.033179685 30.155766 -0.016841929 28.952749
 14.068419 30.159477 0.033157073 30.115187 0.044289745 28.955457
 14.072135 30.195761 0.033117232 30.087777 0.10798403 28.958188
 14.075852 30.176392 0.033138488 30.071244 0.10514768 28.960944
 14.079569 30.118502 0.033202183 30.064351 0.05415092 28.963724
 14.083286 30.064438 0.033261889 30.06649 -0.0020516394 28.966527
 14.087002 30.071869 0.03325367 30.077452 -0.0055827467 28.969355
 14.090719 30.131147 0.033188248 30.097091 0.034056807 28.972208
 14.094436 30.16744 0.033148321 30.125639 0.041801735 28.975084
 14.098152 30.167585 0.033148162 30.163725 0.0038602322 28.977985
 14.101869 30.150246 0.033167226 30.212067 -0.061821123 28.980911
 14.105586 30.153261 0.033163909 30.271788 -0.11852731 28.983861
 14.109303 30.208838 0.033102896 30.344732 -0.13589471 28.986836
 14.113019 30.283707 0.033021057 30.434037 -0.15033025 28.989836
 14.116736 30.344238 0.032955185 30.544372 -0.20013416 28.99286
 14.120453 30.428217 0.032864233 30.684284 -0.25606717 28.99591
 14.12417 30.606367 0.03267294 30.86988 -0.2635131 28.998984
 14.127886 30.915739 0.032345984 31.128881 -0.2131423 29.002084
 14.131603 31.316355 0.031932197 31.507818 -0.19146342 29.005208
 14.13532 31.798056 0.031448464 32.08324 -0.28518406 29.008358
 14.139037 32.530071 0.030740787 32.979623 -0.44955207 29.011533
 14.142753 33.768997 0.029612961 34.36167 -0.59267235 29.014734
 14.14647 35.627472 0.028068228 36.44836 -0.82088796 29.01796
 14.150187 38.403854 0.026039053 39.464908 -1.0610533 29.021212
 14.153904 42.431282 0.023567518 43.776868 -1.3455864 29.024489
 14.15762 48.297852 0.020704855 49.539077 -1.2412258 29.027792
 14.161337 56.016769 0.017851797 56.841544 -0.82477447 29.031121
 14.165054 65.614525 0.015240528 65.589015 0.025510295 29.034476
 14.168771 76.420059 0.01308557 75.356953 1.0631063 29.037857
 14.172487 87.384903 0.011443624 85.455779 1.9291241 29.041263
 14.176204 97.16391 0.010291887 94.89136 2.2725498 29.044696
 14.179921 104.03926 0.0096117561 102.43594 1.6033168 29.048155
 14.183638 107.43956 0.0093075586 106.8928 0.54675838 29.051641
 14.187354 106.75152 0.0093675483 107.4127 -0.6611784 29.055153
 14.191071 102.34808 0.0097705787 103.80731 -1.4592277 29.058691
 14.194788 94.980843 0.010528439 96.875163 -1.89432 29.062256
 14.198505 85.935768 0.011636598 87.776342 -1.8405737 29.065847
 14.202221 76.392372 0.013090312 77.731855 -1.3394826 29.069465
 14.205938 67.342575 0.014849447 67.813134 -0.47055843 29.07311
 14.209655 59.260471 0.016874655 58.784973 0.47549843 29.076782
 14.213371 52.351383 0.019101692 51.105686 1.2456975 29.080481
 14.217088 46.596867 0.02146067 44.987183 1.6096832 29.084206
 14.220805 41.921223 0.023854266 40.354244 1.5669783 29.087959
 14.224522 38.232662 0.026155647 37.01383 1.2188326 29.09174
 14.228238 35.493664 0.028174043 34.714699 0.77896453 29.095547
 14.231955 33.665932 0.029703619 33.187678 0.47825398 29.099382
 14.235672 32.501434 0.030767873 32.190887 0.31054721 29.103244
 14.239389 31.728996 0.031516913 31.544751 0.18424536 29.107134
 14.243105 31.185673 0.032066007 31.122526 0.063146337 29.111051
 14.246822 30.768448 0.032500827 30.834 -0.065551771 29.114996
 14.250539 30.485924 0.032802024 30.626264 -0.14034032 29.118969
 14.254256 30.34289 0.03295665 30.468284 -0.12539462 29.12297
 14.257972 30.307562 0.032995066 30.341984 -0.034422336 29.126999
 14.261689 30.261154 0.033045666 30.23688 0.024274269 29.131055
 14.265406 30.134453 0.033184608 30.147273 -0.012819982 29.13514
 14.269123 30.016302 0.03331523 30.069863 -0.053560735 29.139254
 14.272839 29.958414 0.033379604 30.002197 -0.043782697 29.143395
 14.276556 29.940136 0.033399982 29.942652 -0.0025157983 29.147565
 14.280273 29.943575 0.033396146 29.890056 0.053519107 29.151763
 14.28399 29.907867 0.033436018 29.843471 0.064396443 29.15599
 14.287706 29.86595 0.033482947 29.802013 0.063936306 29.160245
 14.291423 29.826273 0.033527488 29.765027 0.061245845 29.16453
 14.29514 29.77309 0.033587377 29.732012 0.041078127 29.168843
 14.298857 29.78112 0.03357832 29.702445 0.07867497 29.173185
 14.302573 29.780546 0.033578968 29.675909 0.10463689 29.177555
 14.30629 29.719215 0.033648264 29.652073 0.067142197 29.181955
 14.310007 29.70936 0.033659426 29.630661 0.07869956 29.186385
 14.313723 29.730236 0.033635791 29.611376 0.11886022 29.190843
 14.31744 29.714888 0.033653164 29.593999 0.12088907 29.195331
 14.321157 29.699142 0.033671006 29.578358 0.12078449 29.199848
 14.324874 29.731684 0.033634153 29.564267 0.1674164 29.204394
 14.32859 29.7924 0.033565607 29.581797 0.21060328 29.208971
 14.332307 29.7854 0.033573495 29.571368 0.21403266 29.213576
 14.336024 29.694153 0.033676664 29.562154 0.13199861 29.218212
 14.339741 29.609331 0.033773137 29.554037 0.055293991 29.222878
 14.343457 29.598127 0.033785921 29.54693 0.051196969 29.227573
 14.347174 29.627035 0.033752956 29.540769 0.086266212 29.232298
 14.350891 29.610889 0.03377136 29.535478 0.075411002 29.237054
 14.354608 29.575365 0.033811924 29.504522 0.070843511 29.24184
 14.358324 29.555912 0.033834178 29.501332 0.054580367 29.246656
 14.362041 29.514183 0.033882015 29.498844 0.015339095 29.251502
 14.365758 29.469967 0.033932851 29.497006 -0.027039252 29.256379
 14.369475 29.497309 0.033901398 29.495784 0.0015248284 29.261286
 14.373191 29.565258 0.033823483 29.495154 0.07010427 29.266225
 14.376908 29.604929 0.033778159 29.495088 0.10984135 29.271193
 14.380625 29.611904 0.033770203 29.495559 0.11634485 29.276193
 14.384342 29.562565 0.033826564 29.496552 0.066013272 29.281223
 14.388058 29.492241 0.033907223 29.498059 -0.0058179239 29.286285
 14.391775 29.481028 0.03392012 29.500061 -0.019033332 29.291378
 14.395492 29.528414 0.033865686 29.502551 0.025863094 29.296501
 14.399209 29.569693 0.03381841 29.505529 0.064163557 29.301656
 14.402925 29.567455 0.033820969 29.508995 0.058459989 29.306843
 14.406642 29.56978 0.03381831 29.512948 0.056832153 29.31206
 14.410359 29.58144 0.03380498 29.517395 0.064045333 29.31731
 14.414076 29.548309 0.033842884 29.522355 0.025953947 29.322591
 14.417792 29.536024 0.03385696 29.527836 0.0081876964 29.327903
 14.421509 29.570303 0.033817712 29.533857 0.036445507 29.333248
 14.425226 29.549156 0.033841914 29.540449 0.0087072887 29.338624
 14.428942 29.501404 0.033896692 29.547644 -0.04623979 29.344033
 14.432659 29.50321 0.033894617 29.555473 -0.052263231 29.349473
 14.436376 29.531422 0.033862237 29.563983 -0.032561501 29.354945
 14.440093 29.580633 0.033805902 29.573242 0.0073913938 29.36045
 14.443809 29.629816 0.033749788 29.583303 0.046513452 29.365987
 14.447526 29.610914 0.033771331 29.594241 0.016672969 29.371557
 14.451243 29.55447 0.033835829 29.606157 -0.051687006 29.377159
 14.45496 29.539099 0.033853436 29.619166 -0.080067604 29.382794
 14.458676 29.583542 0.033802579 29.633387 -0.049845244 29.388461
 14.462393 29.649937 0.033726885 29.648975 0.00096149128 29.394161
 14.46611 29.681082 0.033691494 29.666152 0.014930176 29.399894
 14.469827 29.65085 0.033725846 29.685138 -0.034287387 29.405661
 14.473543 29.601379 0.033782209 29.628424 -0.027044116 29.41146
 14.47726 29.609924 0.033772461 29.654076 -0.044151876 29.417292
 14.480977 29.660297 0.033715104 29.682971 -0.022673942 29.423157
 14.484694 29.657063 0.033718781 29.71627 -0.059207591 29.429056
 14.48841 29.613361 0.033768541 29.756117 -0.14275525 29.434989
 14.492127 29.695419 0.033675227 29.806742 -0.11132258 29.440955
 14.495844 29.856354 0.033493708 29.875591 -0.019237164 29.446954
 14.499561 29.946026 0.033393413 29.975834 -0.029808452 29.452987
 14.503277 30.072155 0.033253353 30.130229 -0.058073702 29.459054
 14.506994 30.368988 0.032928328 30.376532 -0.0075435909 29.465155
 14.510711 30.775908 0.032492949 30.768183 0.0077246743 29.47129
 14.514428 31.302942 0.031945879 31.480143 -0.1772007 29.477459
 14.518144 32.11747 0.031135703 32.415348 -0.29787828 29.483662
 14.521861 33.433796 0.029909855 33.776161 -0.34236471 29.4899
 14.525578 35.239178 0.028377507 35.660441 -0.42126294 29.496171
 14.529294 37.739624 0.026497349 38.139106 -0.39948178 29.502478
 14.533011 40.92868 0.024432745 41.223576 -0.2948954 29.508818
 14.536728 44.782036 0.022330383 44.813184 -0.031147921 29.515194
 14.540445 49.062271 0.020382261 48.70696 0.35531088 29.521604
 14.544161 53.145302 0.018816339 52.58763 0.55767216 29.528049
 14.547878 56.617687 0.017662325 56.041121 0.5765658 29.534529
 14.551595 58.981659 0.016954423 58.626061 0.35559759 29.541044
 14.555312 59.998753 0.016667013 59.94404 0.054712777 29.547594
 14.559028 59.457436 0.016818754 59.743999 -0.28656315 29.554179
 14.562745 57.461483 0.017402962 58.09012 -0.62863659 29.5608
 14.566462 54.501637 0.018348073 55.263078 -0.76144121 29.567456
 14.570179 51.010479 0.019603815 51.674618 -0.664139 29.574148
 14.573895 47.39341 0.02109998 47.779771 -0.38636102 29.580875
 14.577612 43.920761 0.022768276 43.965752 -0.0449911 29.587638
 14.581329 40.831036 0.024491174 40.518975 0.31206026 29.594436
 14.585046 38.262508 0.026135244 37.623467 0.63904096 29.601271
 14.588762 36.104424 0.027697437 35.331845 0.77257833 29.608141
 14.592479 34.363762 0.029100423 33.619751 0.74401107 29.615048
 14.596196 32.986469 0.03031546 32.413267 0.57320215 29.62199
 14.599913 31.983875 0.031265755 31.604475 0.37940044 29.628969
 14.603629 31.3004 0.031948474 31.085334 0.21506594 29.635985
 14.607346 30.853859 0.032410857 30.766592 0.087266474 29.643036
 14.611063 30.582819 0.032698098 30.580221 0.0025977582 29.650125
 14.61478 30.423367 0.032869472 30.474119 -0.050752562 29.65725
 14.618496 30.324627 0.032976498 30.416654 -0.092027481 29.664411
 14.622213 30.272427 0.033033361 30.388517 -0.11609002 29.67161
 14.62593 30.24618 0.033062027 30.37823 -0.13205059 29.678845
 14.629647 30.294579 0.033009207 30.379562 -0.084983557 29.686118
 14.633363 30.327452 0.032973427 30.38943 -0.061978261 29.693427
 14.63708 30.267704 0.033038515 30.406477 -0.13877347 29.700774
 14.640797 30.220854 0.033089734 30.429972 -0.20911856 29.708159
 14.644513 30.21587 0.033095191 30.459823 -0.2439528 29.71558
 14.64823 30.213873 0.033097379 30.496322 -0.28244946 29.723039
 14.651947 30.263275 0.03304335 30.540023 -0.27674739 29.730536
 14.655664 30.389748 0.032905834 30.591726 -0.20197871 29.738071
 14.65938 30.526567 0.032758351 30.652871 -0.1263032 29.745643
 14.663097 30.552664 0.03273037 30.726218 -0.17355442 29.753253
 14.666814 30.524973 0.032760062 30.81622 -0.29124742 29.760902
 14.670531 30.599581 0.032680186 30.931346 -0.33176498 29.768588
 14.674247 30.800072 0.032467457 31.087753 -0.28768095 29.776312
 14.677964 31.104759 0.032149421 31.315332 -0.21057261 29.784075
 14.681681 31.516825 0.031729085 31.66408 -0.14725525 29.791877
 14.685398 32.030945 0.03121981 32.216902 -0.18595765 29.799716
 14.689114 32.847893 0.030443353 33.111496 -0.26360293 29.807595
 14.692831 34.086765 0.029336899 34.536731 -0.44996528 29.815512
 14.696548 35.983803 0.027790281 36.745758 -0.76195536 29.823468
 14.700265 38.781689 0.025785365 40.057608 -1.2759192 29.831463
 14.703981 43.203175 0.023146447 44.827181 -1.6240065 29.839497
 14.707698 49.376431 0.020252578 51.338086 -1.9616551 29.84757
 14.711415 58.081867 0.017217077 59.770596 -1.6887285 29.855682
 14.715132 69.213318 0.014448086 70.119072 -0.90575365 29.863833
 14.718848 82.470352 0.01212557 82.010296 0.46005599 29.872024
 14.722565 96.808388 0.010329683 94.741134 2.0672539 29.880254
 14.726282 110.38455 0.0090592387 107.27538 3.1091684 29.888524
 14.729999 121.72123 0.0082154938 118.27441 3.4468179 29.896834
 14.733715 128.90466 0.0077576713 126.3617 2.5429638 29.905184
 14.737432 131.43913 0.0076080843 130.34452 1.0946137 29.913573
 14.741149 128.78786 0.0077647072 129.4861 -0.69824348 29.922002
 14.744865 121.66887 0.0082190293 123.98173 -2.3128649 29.930472
 14.748582 111.57732 0.0089623952 114.74438 -3.167065 29.938982
 14.752299 99.875015 0.010012514 103.06341 -3.1883965 29.947532
 14.756016 87.959679 0.011368846 90.334602 -2.3749237 29.956122
 14.759732 76.833458 0.013015163 77.807704 -0.97424592 29.964753
 14.763449 66.976257 0.014930664 66.400847 0.57541059 29.973425
 14.767166 58.58083 0.017070431 56.714989 1.8658403 29.982137
 14.770883 51.461773 0.0194319 48.971371 2.4904021 29.99089
 14.774599 45.565971 0.021946202 43.105828 2.4601436 29.999684
 14.778316 40.966881 0.024409962 38.890657 2.0762233 30.008519
 14.782033 37.538136 0.026639576 36.017074 1.5210612 30.017396
 14.78575 35.08297 0.028503858 34.094315 0.98865435 30.026313
 14.789466 33.547993 0.029808043 32.890808 0.65718449 30.035272
 14.793183 32.537029 0.030734213 32.14675 0.39027947 30.044272
 14.7969 31.825113 0.031421726 31.687886 0.13722732 30.053314
 14.800617 31.331043 0.031917226 31.399412 -0.068369105 30.062397
 14.804333 31.010042 0.032247618 31.211062 -0.20101949 30.071523
 14.80805 30.791149 0.032476865 31.081192 -0.29004307 30.08069
 14.811767 30.667795 0.032607496 30.98484 -0.31704454 30.089899
 14.815484 30.677494 0.032597187 30.909231 -0.2317371 30.09915
 14.8192 30.718508 0.032553665 30.8475 -0.12899192 30.108443
 14.822917 30.58305 0.032697851 30.795691 -0.21264108 30.117778
 14.826634 30.347897 0.032951213 30.751488 -0.40359156 30.127156
 14.830351 30.260275 0.033046626 30.749597 -0.489322 30.136577
 14.834067 30.304617 0.032998272 30.72012 -0.41550259 30.14604
 14.837784 30.303556 0.032999427 30.695731 -0.39217502 30.155545
 14.841501 30.278389 0.033026856 30.676292 -0.39790261 30.165094
 14.845218 30.275253 0.033030277 30.662339 -0.38708606 30.174685
 14.848934 30.312792 0.032989373 30.655593 -0.34280161 30.184319
 14.852651 30.392441 0.032902918 30.659925 -0.26748389 30.193997
 14.856368 30.480103 0.032808289 30.683251 -0.2031483 30.203717
 14.860084 30.558424 0.032724201 30.741468 -0.18304378 30.213481
 14.863801 30.678843 0.032595754 30.860721 -0.18187884 30.223288
 14.867518 30.889454 0.032373509 31.083664 -0.19420993 30.233139
 14.871235 31.229128 0.032021387 31.4767 -0.24757254 30.243034
 14.874951 31.822367 0.031424438 32.133472 -0.31110553 30.252972
 14.878668 32.900608 0.030394575 33.166872 -0.2662637 30.262954
 14.882385 34.391773 0.029076721 34.706384 -0.31461091 30.27298
 14.886102 36.431255 0.027448958 36.890334 -0.45907901 30.28305
 14.889818 39.172886 0.025527861 39.797108 -0.62422163 30.293165
 14.893535 42.956501 0.023279363 43.43539 -0.47888859 30.303323
 14.897252 47.60083 0.021008037 47.707237 -0.10640688 30.313526
 14.900969 52.729607 0.018964678 52.369154 0.36045232 30.323773
 14.904685 57.810616 0.017297861 57.040573 0.7700424 30.334065
 14.908402 62.223709 0.016071045 61.258632 0.96507738 30.344402
 14.912119 65.500885 0.015266969 64.512206 0.98867935 30.354784
 14.915836 67.025246 0.014919751 66.386452 0.63879377 30.36521
 14.919552 66.895874 0.014948605 66.628716 0.2671584 30.375681
 14.923269 65.003395 0.015383812 65.194049 -0.19065437 30.386198
 14.926986 61.715706 0.016203331 62.2767 -0.56099384 30.39676
 14.930703 57.409275 0.017418788 58.286321 -0.87704569 30.407367
 14.934419 52.840134 0.018925009 53.699491 -0.85935744 30.418019
 14.938136 48.562424 0.020592053 48.999967 -0.43754358 30.428718
 14.941853 44.780506 0.022331146 44.600236 0.18027031 30.439461
 14.94557 41.525208 0.024081758 40.775563 0.74964489 30.450251
 14.949286 38.707348 0.025834888 37.669393 1.0379551 30.461086
 14.953003 36.350513 0.027509928 35.307059 1.0434548 30.471968
 14.95672 34.421597 0.029051529 33.605577 0.81601975 30.482895
 14.960436 32.898273 0.030396732 32.44732 0.45095312 30.493869
 14.964153 31.795792 0.031450703 31.606384 0.18940805 30.504889
 14.96787 31.131546 0.032121758 31.157361 -0.025814868 30.515956
 14.971587 30.726227 0.032545487 30.898308 -0.17208071 30.527069
 14.975303 30.403454 0.032891 30.757888 -0.35443409 30.538229
 14.97902 30.125204 0.033194796 30.687411 -0.56220683 30.549435
 14.982737 29.966238 0.033370889 30.654972 -0.68873414 30.560689
 14.986454 29.942631 0.033397199 30.642828 -0.70019711 30.571989
 14.99017 29.920729 0.033421646 30.641141 -0.72041236 30.583336
 14.993887 29.84132 0.033510582 30.644588 -0.80326807 30.594731
 14.997604 29.800087 0.033556949 30.650599 -0.85051202 30.606173
 15.001321 29.800005 0.033557041 30.65797 -0.85796525 30.617662
