two_theta	y_obs	y_weights	y_calc	y_diff	y_bkg	q_values	d_spacings
1.00035600	29.90070300	0.03344403	30.33034400	-0.42964073	30.33034400	0.65885836	9.53647347
1.00407270	29.89478100	0.03345066	30.33776700	-0.44298547	30.33776700	0.66130621	9.50117393
1.00778950	29.90510000	0.03343911	30.34514100	-0.44004064	30.34514100	0.66375412	9.46613382
1.01150620	29.90040200	0.03344437	30.35246600	-0.45206399	30.35246600	0.66620196	9.43135215
1.01522300	29.90369600	0.03344068	30.35974300	-0.45604729	30.35974300	0.66864987	9.39682423
1.01893970	29.84870500	0.03350229	30.36697200	-0.51826720	30.36697200	0.67109771	9.36254913
1.02265640	29.81320400	0.03354219	30.37415400	-0.56094979	30.37415400	0.67354555	9.32852317
1.02637320	29.84122100	0.03351069	30.38128700	-0.54006594	30.38128700	0.67599346	9.29474273
1.03008990	29.91783700	0.03342488	30.38837200	-0.47053506	30.38837200	0.67844130	9.26120698
1.03380670	29.97472000	0.03336145	30.39541000	-0.42068991	30.39541000	0.68088921	9.22791146
1.03752340	29.98595800	0.03334894	30.40240000	-0.41644195	30.40240000	0.68333704	9.19485539
1.04124020	29.95180900	0.03338696	30.40934300	-0.45753381	30.40934300	0.68578495	9.16203443
1.04495690	29.94264400	0.03339718	30.41623800	-0.47359396	30.41623800	0.68823279	9.12944783
1.04867360	29.93062800	0.03341059	30.42308600	-0.49245837	30.42308600	0.69068062	9.09709222
1.05239040	29.88797600	0.03345827	30.42988700	-0.54191151	30.42988700	0.69312852	9.06496429
1.05610710	29.84059300	0.03351140	30.43664100	-0.59604786	30.43664100	0.69557636	9.03306335
1.05982390	29.86276600	0.03348652	30.44334800	-0.58058205	30.44334800	0.69802426	9.00138532
1.06354060	29.95361300	0.03338495	30.45000900	-0.49639538	30.45000900	0.70047209	8.96992954
1.06725730	29.94370500	0.03339600	30.45662200	-0.51291774	30.45662200	0.70291992	8.93869286
1.07097410	29.93107200	0.03341010	30.46318900	-0.53211725	30.46318900	0.70536782	8.90767216
1.07469080	29.93413400	0.03340668	30.46971000	-0.53557667	30.46971000	0.70781565	8.87686685
1.07840760	29.99234000	0.03334185	30.47618500	-0.48384451	30.47618500	0.71026355	8.84627306
1.08212430	30.01148000	0.03332058	30.48261300	-0.47113246	30.48261300	0.71271138	8.81589026
1.08584100	29.97960900	0.03335601	30.48899500	-0.50938635	30.48899500	0.71515921	8.78571545
1.08955780	29.93756500	0.03340285	30.49533100	-0.55776615	30.49533100	0.71760710	8.75574571
1.09327450	29.89497800	0.03345044	30.50162100	-0.60664369	30.50162100	0.72005493	8.72598054
1.09699130	29.89048800	0.03345546	30.50786600	-0.61737808	30.50786600	0.72250282	8.69641628
1.10070800	29.94139300	0.03339858	30.51406500	-0.57267171	30.51406500	0.72495065	8.66705247
1.10442480	29.97699000	0.03335892	30.52021800	-0.54322819	30.52021800	0.72739854	8.63788551
1.10814150	29.96536600	0.03337186	30.52632600	-0.56095949	30.52632600	0.72984636	8.60891500
1.11185820	29.91774400	0.03342498	30.53238800	-0.61464477	30.53238800	0.73229419	8.58013816
1.11557500	29.88575200	0.03346076	30.53840600	-0.65265414	30.53840600	0.73474208	8.55155232
1.11929170	29.87775000	0.03346972	30.54437800	-0.66662779	30.54437800	0.73718990	8.52315709
1.12300850	29.98424500	0.03335085	30.55030600	-0.56606025	30.55030600	0.73963779	8.49494905
1.12672520	29.99280700	0.03334133	30.55618800	-0.56338066	30.55618800	0.74208561	8.46692788
1.13044190	29.98198300	0.03335336	30.56202600	-0.58004262	30.56202600	0.74453343	8.43909096
1.13415870	29.89496800	0.03345045	30.56781900	-0.67285089	30.56781900	0.74698131	8.41143575
1.13787540	29.90429700	0.03344001	30.57356800	-0.66927063	30.57356800	0.74942913	8.38396196
1.14159220	29.97267000	0.03336373	30.57927200	-0.60660208	30.57927200	0.75187701	8.35666632
1.14530890	30.04151500	0.03328727	30.58493200	-0.54341620	30.58493200	0.75432483	8.32954858
1.14902570	30.10301600	0.03321926	30.59054700	-0.48753133	30.59054700	0.75677271	8.30260555
1.15274240	30.12891200	0.03319071	30.59611900	-0.46720686	30.59611900	0.75922053	8.27583698
1.15645910	30.07527700	0.03324990	30.60164600	-0.52636912	30.60164600	0.76166834	8.24924048
1.16017590	30.02271700	0.03330811	30.60713000	-0.58441369	30.60713000	0.76411622	8.22281369
1.16389260	30.05176700	0.03327591	30.61257000	-0.56080286	30.61257000	0.76656403	8.19655638
1.16760940	30.10101900	0.03322147	30.61796700	-0.51694767	30.61796700	0.76901191	8.17046554
1.17132610	30.16350900	0.03315264	30.62331900	-0.45981004	30.62331900	0.77145972	8.14454097
1.17504280	30.14127000	0.03317710	30.62862900	-0.48735914	30.62862900	0.77390753	8.11878042
1.17875960	30.12010800	0.03320041	30.63389500	-0.51378726	30.63389500	0.77635541	8.09318162
1.18247630	30.03240600	0.03329737	30.63911800	-0.60671195	30.63911800	0.77880321	8.06774444
1.18619310	29.99365200	0.03334039	30.64429800	-0.65064525	30.64429800	0.78125109	8.04246599
1.18990980	30.01440000	0.03331734	30.64943400	-0.63503392	30.64943400	0.78369890	8.01734613
1.19362650	30.05683100	0.03327031	30.65452800	-0.59769697	30.65452800	0.78614670	7.99238271
1.19734330	30.05865300	0.03326829	30.65957900	-0.60092661	30.65957900	0.78859457	7.96757361
1.20106000	30.03716500	0.03329209	30.66458800	-0.62742330	30.66458800	0.79104238	7.94291872
1.20477680	30.00949500	0.03332279	30.66955400	-0.66005916	30.66955400	0.79349025	7.91841530
1.20849350	30.05212200	0.03327552	30.67447700	-0.62235533	30.67447700	0.79593805	7.89406325
1.21221030	30.13282000	0.03318641	30.67935900	-0.54653849	30.67935900	0.79838592	7.86985989
1.21592700	30.22559500	0.03308454	30.68419800	-0.45860209	30.68419800	0.80083372	7.84580514
1.21964370	30.28253600	0.03302233	30.68899400	-0.40645884	30.68899400	0.80328152	7.82189701
1.22336050	30.36876900	0.03292857	30.69374900	-0.32498051	30.69374900	0.80572938	7.79813351
1.22707720	30.34221500	0.03295738	30.69846200	-0.35624753	30.69846200	0.80817718	7.77451460
1.23079400	30.29414900	0.03300967	30.70313300	-0.40898382	30.70313300	0.81062505	7.75103771
1.23451070	30.25435400	0.03305309	30.70776300	-0.45340817	30.70776300	0.81307284	7.72770282
1.23822740	30.24670200	0.03306146	30.71235000	-0.46564830	30.71235000	0.81552064	7.70450802
1.24194420	30.24067900	0.03306804	30.71689700	-0.47621807	30.71689700	0.81796850	7.68145143
1.24566090	30.16241300	0.03315385	30.72140200	-0.55898923	30.72140200	0.82041629	7.65853305
1.24937770	30.13308000	0.03318612	30.72586600	-0.59278608	30.72586600	0.82286415	7.63575042
1.25309440	30.13334700	0.03318583	30.73028800	-0.59694164	30.73028800	0.82531195	7.61310355
1.25681120	30.14400700	0.03317409	30.73467000	-0.59066301	30.73467000	0.82775980	7.59059002
1.26052790	30.16582300	0.03315010	30.73901000	-0.57318736	30.73901000	0.83020759	7.56820986
1.26424460	30.18110800	0.03313331	30.74331000	-0.56220164	30.74331000	0.83265538	7.54596130
1.26796140	30.19146500	0.03312194	30.74756900	-0.55610377	30.74756900	0.83510324	7.52384257
1.27167810	30.21427700	0.03309694	30.75178800	-0.53751030	30.75178800	0.83755103	7.50185373
1.27539490	30.17021200	0.03314528	30.75596500	-0.58575368	30.75596500	0.83999888	7.47999247
1.27911160	30.19359800	0.03311960	30.76010300	-0.56650517	30.76010300	0.84244667	7.45825884
1.28282830	30.13808200	0.03318061	30.76420000	-0.62611764	30.76420000	0.84489445	7.43665115
1.28654510	30.17755300	0.03313721	30.76825700	-0.59070395	30.76825700	0.84734230	7.41516773
1.29026180	30.19960000	0.03311302	30.77227400	-0.57267380	30.77227400	0.84979009	7.39380866
1.29397860	30.26573800	0.03304066	30.77625100	-0.51051339	30.77625100	0.85223794	7.37257172
1.29769530	30.28415100	0.03302057	30.78018800	-0.49603686	30.78018800	0.85468572	7.35145700
1.30141200	30.25846500	0.03304860	30.78408500	-0.52562037	30.78408500	0.85713350	7.33046289
1.30512880	30.20931600	0.03310237	30.78794300	-0.57862650	30.78794300	0.85958135	7.30958779
1.30884550	30.13721700	0.03318157	30.79176100	-0.65454418	30.79176100	0.86202912	7.28883181
1.31256230	30.15107500	0.03316631	30.79553900	-0.64446392	30.79553900	0.86447697	7.26819283
1.31627900	30.17384700	0.03314128	30.79927800	-0.62543125	30.79927800	0.86692475	7.24767096
1.31999580	30.13068800	0.03318876	30.80297800	-0.67229066	30.80297800	0.86937259	7.22726411
1.32371250	30.10742400	0.03321440	30.80663900	-0.69921536	30.80663900	0.87182036	7.20697240
1.32742920	30.12446800	0.03319561	30.81026100	-0.68579300	30.81026100	0.87426814	7.18679433
1.33114600	30.19003900	0.03312351	30.81384400	-0.62380495	30.81384400	0.87671598	7.16672840
1.33486270	30.19992100	0.03311267	30.81738800	-0.61746691	30.81738800	0.87916375	7.14677475
1.33857950	30.14701100	0.03317079	30.82089300	-0.67388196	30.82089300	0.88161159	7.12693138
1.34229620	30.11749300	0.03320330	30.82435900	-0.70686664	30.82435900	0.88405936	7.10719844
1.34601290	30.15780400	0.03315891	30.82778700	-0.66998286	30.82778700	0.88650713	7.08757447
1.34972970	30.23705900	0.03307200	30.83117700	-0.59411832	30.83117700	0.88895497	7.06805805
1.35344640	30.24636500	0.03306183	30.83452800	-0.58816365	30.83452800	0.89140273	7.04864935
1.35716320	30.22049100	0.03309013	30.83784100	-0.61734989	30.83784100	0.89385057	7.02934644
1.36087990	30.21218900	0.03309922	30.84111600	-0.62892753	30.84111600	0.89629833	7.01014949
1.36459660	30.24651500	0.03306166	30.84435300	-0.59783791	30.84435300	0.89874610	6.99105711
1.36831340	30.29505500	0.03300869	30.84755200	-0.55249680	30.84755200	0.90119393	6.97206794
1.37203010	30.22862400	0.03308123	30.85071300	-0.62208906	30.85071300	0.90364169	6.95318217
1.37574690	30.18080700	0.03313364	30.85383700	-0.67302979	30.85383700	0.90608952	6.93439794
1.37946360	30.11012600	0.03321142	30.85692300	-0.74679629	30.85692300	0.90853728	6.91571543
1.38318040	30.16350000	0.03315265	30.85997100	-0.69647135	30.85997100	0.91098511	6.89713283
1.38689710	30.18855900	0.03312513	30.86298200	-0.67442358	30.86298200	0.91343287	6.87865033
1.39061380	30.24554800	0.03306272	30.86595600	-0.62040760	30.86595600	0.91588063	6.86026663
1.39433060	30.33328400	0.03296709	30.86889200	-0.53560796	30.86889200	0.91832845	6.84198044
1.39804730	30.41914600	0.03287403	30.87179200	-0.45264615	30.87179200	0.92077621	6.82379198
1.40176410	30.41489200	0.03287863	30.87465400	-0.45976192	30.87465400	0.92322403	6.80569948
1.40548080	30.33315800	0.03296722	30.87748000	-0.54432113	30.87748000	0.92567179	6.78770317
1.40919750	30.31484400	0.03298714	30.88026800	-0.56542419	30.88026800	0.92811954	6.76980178
1.41291430	30.30124300	0.03300195	30.88302000	-0.58177751	30.88302000	0.93056736	6.75199410
1.41663100	30.30033900	0.03300293	30.88573600	-0.58539701	30.88573600	0.93301511	6.73428034
1.42034780	30.33230000	0.03296816	30.88841500	-0.55611450	30.88841500	0.93546293	6.71665881
1.42406450	30.36727100	0.03293019	30.89105700	-0.52378580	30.89105700	0.93791068	6.69912974
1.42778130	30.38383700	0.03291224	30.89366300	-0.50982672	30.89366300	0.94035849	6.68169147
1.43149800	30.34083400	0.03295888	30.89623400	-0.55539987	30.89623400	0.94280624	6.66434421
1.43521470	30.27965900	0.03302547	30.89876700	-0.61910822	30.89876700	0.94525399	6.64708681
1.43893150	30.24929400	0.03305862	30.90126500	-0.65197119	30.90126500	0.94770180	6.62991810
1.44264820	30.28425000	0.03302046	30.90372800	-0.61947730	30.90372800	0.95014954	6.61283832
1.44636500	30.38324400	0.03291288	30.90615400	-0.52291029	30.90615400	0.95259735	6.59584586
1.45008170	30.40725500	0.03288689	30.90854400	-0.50128929	30.90854400	0.95504510	6.57894096
1.45379840	30.39202300	0.03290337	30.91089900	-0.51887638	30.91089900	0.95749284	6.56212251
1.45751520	30.34965100	0.03294931	30.91321900	-0.56356765	30.91321900	0.95994065	6.54538938
1.46123190	30.32240300	0.03297892	30.91550300	-0.59310017	30.91550300	0.96238839	6.52874183
1.46494870	30.31661800	0.03298521	30.91775200	-0.60113399	30.91775200	0.96483619	6.51217831
1.46866540	30.30807500	0.03299451	30.91996600	-0.61189065	30.91996600	0.96728393	6.49569907
1.47238210	30.28091000	0.03302411	30.92214400	-0.64123365	30.92214400	0.96973167	6.47930302
1.47609890	30.23964300	0.03306917	30.92428800	-0.68464459	30.92428800	0.97217947	6.46298911
1.47981560	30.27653100	0.03302888	30.92639600	-0.64986511	30.92639600	0.97462720	6.44675759
1.48353240	30.30134000	0.03300184	30.92847000	-0.62713008	30.92847000	0.97707500	6.43060696
1.48724910	30.33947200	0.03296036	30.93050900	-0.59103750	30.93050900	0.97952273	6.41453750
1.49096590	30.37623200	0.03292047	30.93251400	-0.55628171	30.93251400	0.98197053	6.39854772
1.49468260	30.40063100	0.03289405	30.93448400	-0.53385295	30.93448400	0.98441826	6.38263789
1.49839930	30.36932000	0.03292797	30.93642000	-0.56709960	30.93642000	0.98686599	6.36680700
1.50211610	30.34664200	0.03295258	30.93832100	-0.59167930	30.93832100	0.98931379	6.35105402
1.50583280	30.37468500	0.03292215	30.94018800	-0.56550265	30.94018800	0.99176151	6.33537923
1.50954960	30.43925700	0.03285231	30.94202100	-0.50276426	30.94202100	0.99420931	6.31978122
1.51326630	30.50076500	0.03278606	30.94382000	-0.44305505	30.94382000	0.99665703	6.30426024
1.51698300	30.51518400	0.03277057	30.94558500	-0.43040055	30.94558500	0.99910476	6.28881532
1.52069980	30.51169400	0.03277432	30.94731600	-0.43562222	30.94731600	1.00155255	6.27344549
1.52441650	30.49522000	0.03279202	30.94901400	-0.45379349	30.94901400	1.00400027	6.25815102
1.52813330	30.48244100	0.03280577	30.95067800	-0.46823659	30.95067800	1.00644806	6.24293054
1.53185000	30.46026200	0.03282966	30.95230800	-0.49204557	30.95230800	1.00889578	6.22778433
1.53556680	30.47989100	0.03280852	30.95390500	-0.47401395	30.95390500	1.01134356	6.21271103
1.53928350	30.60963200	0.03266946	30.95546800	-0.34583583	30.95546800	1.01379128	6.19771094
1.54300020	30.66193400	0.03261373	30.95699900	-0.29506474	30.95699900	1.01623900	6.18278311
1.54671700	30.65995800	0.03261583	30.95849600	-0.29853791	30.95849600	1.01868678	6.16792662
1.55043370	30.69253700	0.03258121	30.95996000	-0.26742261	30.95996000	1.02113449	6.15314177
1.55415050	30.70821600	0.03256457	30.96139100	-0.25317537	30.96139100	1.02358227	6.13842723
1.55786720	30.73521400	0.03253597	30.96278900	-0.22757514	30.96278900	1.02602999	6.12378331
1.56158390	30.73925600	0.03253169	30.96415500	-0.22489900	30.96415500	1.02847770	6.10920909
1.56530070	30.76188100	0.03250777	30.96548800	-0.20360690	30.96548800	1.03092548	6.09470370
1.56901740	30.76233500	0.03250728	30.96678800	-0.20445324	30.96678800	1.03337318	6.08026742
1.57273420	30.78853200	0.03247963	30.96805600	-0.17952362	30.96805600	1.03582096	6.06589899
1.57645090	30.86225100	0.03240204	30.96929100	-0.10704003	30.96929100	1.03826867	6.05159869
1.58016760	30.89787900	0.03236468	30.97049400	-0.07261580	30.97049400	1.04071637	6.03736568
1.58388440	30.82114600	0.03244526	30.97166500	-0.15051939	30.97166500	1.04316414	6.02319908
1.58760110	30.70666700	0.03256622	30.97280400	-0.26613730	30.97280400	1.04561185	6.00909919
1.59131790	30.72799100	0.03254362	30.97391100	-0.24592000	30.97391100	1.04805962	5.99506479
1.59503460	30.79245900	0.03247548	30.97498600	-0.18252654	30.97498600	1.05050732	5.98109618
1.59875140	30.88789200	0.03237515	30.97602900	-0.08813738	30.97602900	1.05295509	5.96719214
1.60246810	30.91530800	0.03234643	30.97704100	-0.06173256	30.97704100	1.05540279	5.95335297
1.60618480	30.95760300	0.03230224	30.97802000	-0.02041688	30.97802000	1.05785048	5.93957785
1.60990160	30.95927400	0.03230050	30.97896900	-0.01969428	30.97896900	1.06029825	5.92586598
1.61361830	30.94269400	0.03231781	30.97988500	-0.03719167	30.97988500	1.06274594	5.91221763
1.61733510	30.94972800	0.03231046	30.98077100	-0.03104283	30.98077100	1.06519370	5.89863166
1.62105180	30.96067200	0.03229904	30.98162500	-0.02095266	30.98162500	1.06764140	5.88510835
1.62476850	31.00096900	0.03225706	30.98244800	0.01852084	30.98244800	1.07008909	5.87164691
1.62848530	30.96592900	0.03229356	30.98324000	-0.01731105	30.98324000	1.07253685	5.85824656
1.63220200	30.93102100	0.03233000	30.98400100	-0.05298035	30.98400100	1.07498454	5.84490760
1.63591880	30.91263400	0.03234923	30.98473100	-0.07209732	30.98473100	1.07743230	5.83162889
1.63963550	30.97464400	0.03228447	30.98543100	-0.01078686	30.98543100	1.07987998	5.81841075
1.64335230	31.01071700	0.03224692	30.98609900	0.02461817	30.98609900	1.08232774	5.80525204
1.64706900	31.05539100	0.03220053	30.98673700	0.06865403	30.98673700	1.08477542	5.79215307
1.65078570	31.04564900	0.03221063	30.98734500	0.05830374	30.98734500	1.08722311	5.77911310
1.65450250	31.05409800	0.03220187	30.98792200	0.06617617	30.98792200	1.08967086	5.76613136
1.65821920	31.07091100	0.03218444	30.98846900	0.08244264	30.98846900	1.09211854	5.75320816
1.66193600	31.11444100	0.03213942	30.98898500	0.12545557	30.98898500	1.09456629	5.74034243
1.66565270	31.20515300	0.03204599	30.98947200	0.21568072	30.98947200	1.09701397	5.72753445
1.66936940	31.19202800	0.03205947	30.98992800	0.20209987	30.98992800	1.09946165	5.71478352
1.67308620	31.15118800	0.03210151	30.99035500	0.16083328	30.99035500	1.10190939	5.70208889
1.67680290	31.16691800	0.03208530	30.99075100	0.17616660	30.99075100	1.10435707	5.68945088
1.68051970	31.26007300	0.03198969	30.99111800	0.26895471	30.99111800	1.10680481	5.67686844
1.68423640	31.32311800	0.03192530	30.99145500	0.33166308	30.99145500	1.10925249	5.66434187
1.68795310	31.33897600	0.03190915	30.99176300	0.34721325	30.99176300	1.11170016	5.65187047
1.69166990	31.33032000	0.03191796	30.99204100	0.33827966	30.99204100	1.11414790	5.63945354
1.69538660	31.26536400	0.03198427	30.99228900	0.27307436	30.99228900	1.11659557	5.62709138
1.69910340	31.32517800	0.03192320	30.99250900	0.33266951	30.99250900	1.11904331	5.61478298
1.70282010	31.39839200	0.03184877	30.99269900	0.40569299	30.99269900	1.12149097	5.60252864
1.70653690	31.45279500	0.03179368	30.99286000	0.45993535	30.99286000	1.12393871	5.59032736
1.71025360	31.42973700	0.03181700	30.99299200	0.43674550	30.99299200	1.12638637	5.57817943
1.71397030	31.40837300	0.03183864	30.99309500	0.41527833	30.99309500	1.12883404	5.56608420
1.71768710	31.43192900	0.03181478	30.99316900	0.43875999	30.99316900	1.13128177	5.55404098
1.72140380	31.44995700	0.03179655	30.99321400	0.45674293	30.99321400	1.13372943	5.54205009
1.72512060	31.46270000	0.03178367	30.99323100	0.46946929	30.99323100	1.13617716	5.53011056
1.72883730	31.44443500	0.03180213	30.99321900	0.45121648	30.99321900	1.13862482	5.51822268
1.73255400	31.44348000	0.03180310	30.99317800	0.45030136	30.99317800	1.14107248	5.50638581
1.73627080	31.44268600	0.03180390	30.99310900	0.44957678	30.99310900	1.14352020	5.49459930
1.73998750	31.49827600	0.03174777	30.99301200	0.50526366	30.99301200	1.14596786	5.48286346
1.74370430	31.57167400	0.03167396	30.99288700	0.57878769	30.99288700	1.14841558	5.47117734
1.74742100	31.59969500	0.03164587	30.99273300	0.60696213	30.99273300	1.15086324	5.45954124
1.75113770	31.56165500	0.03168402	30.99255100	0.56910360	30.99255100	1.15331089	5.44795455
1.75485450	31.55573100	0.03168997	30.99234200	0.56338898	30.99234200	1.15575861	5.43641662
1.75857120	31.58346000	0.03166214	30.99210400	0.59135550	30.99210400	1.15820626	5.42492778
1.76228800	31.65212400	0.03159346	30.99183900	0.66028533	30.99183900	1.16065397	5.41348709
1.76600470	31.65967800	0.03158592	30.99154600	0.66813141	30.99154600	1.16310162	5.40209487
1.76972150	31.66083500	0.03158476	30.99122600	0.66960976	30.99122600	1.16554934	5.39075019
1.77343820	31.70829200	0.03153749	30.99087700	0.71741462	30.99087700	1.16799698	5.37945338
1.77715490	31.77938100	0.03146694	30.99050200	0.78887896	30.99050200	1.17044463	5.36820381
1.78087170	31.81762900	0.03142912	30.99009900	0.82752992	30.99009900	1.17289234	5.35700091
1.78458840	31.78604300	0.03146035	30.98966900	0.79637440	30.98966900	1.17533998	5.34584497
1.78830520	31.74173400	0.03150426	30.98921100	0.75252211	30.98921100	1.17778769	5.33473510
1.79202190	31.71877700	0.03152707	30.98872700	0.73004968	30.98872700	1.18023532	5.32367162
1.79573860	31.73063500	0.03151528	30.98821600	0.74241909	30.98821600	1.18268296	5.31265394
1.79945540	31.74870900	0.03149734	30.98767700	0.76103145	30.98767700	1.18513067	5.30168148
1.80317210	31.79663500	0.03144987	30.98711200	0.80952255	30.98711200	1.18757830	5.29075455
1.80688890	31.78317100	0.03146319	30.98652000	0.79665046	30.98652000	1.19002600	5.27987228
1.81060560	31.81415200	0.03143255	30.98590200	0.82825006	30.98590200	1.19247364	5.26903498
1.81432240	31.85435100	0.03139289	30.98525700	0.86909443	30.98525700	1.19492134	5.25824180
1.81803910	31.85767200	0.03138961	30.98458500	0.87308670	30.98458500	1.19736897	5.24749303
1.82175580	31.85630000	0.03139096	30.98388700	0.87241327	30.98388700	1.19981660	5.23678813
1.82547260	31.86060000	0.03138673	30.98316300	0.87743669	30.98316300	1.20226429	5.22612653
1.82918930	31.90529600	0.03134276	30.98241200	0.92288398	30.98241200	1.20471192	5.21550855
1.83290610	31.89594800	0.03135194	30.98163600	0.91431266	30.98163600	1.20715961	5.20493335
1.83662280	31.93563100	0.03131299	30.98083300	0.95479769	30.98083300	1.20960723	5.19440123
1.84033950	31.99314900	0.03125669	30.98000500	1.01314430	30.98000500	1.21205486	5.18391166
1.84405630	32.07071300	0.03118110	30.97915000	1.09156300	30.97915000	1.21450255	5.17346409
1.84777300	32.11125900	0.03114172	30.97827000	1.13298970	30.97827000	1.21695017	5.16305883
1.85148980	32.12337500	0.03112998	30.97736400	1.14601110	30.97736400	1.21939785	5.15269507
1.85520650	32.19323300	0.03106243	30.97643200	1.21680120	30.97643200	1.22184547	5.14237312
1.85892320	32.22174100	0.03103495	30.97547500	1.24626550	30.97547500	1.22429309	5.13209245
1.86264000	32.22189700	0.03103480	30.97449300	1.24740450	30.97449300	1.22674077	5.12185253
1.86635670	32.19280600	0.03106284	30.97348500	1.21932150	30.97348500	1.22918838	5.11165367
1.87007350	32.21459200	0.03104183	30.97245200	1.24214040	30.97245200	1.23163606	5.10149507
1.87379020	32.29185500	0.03096756	30.97139300	1.32046160	30.97139300	1.23408367	5.09137706
1.87750700	32.31370900	0.03094662	30.97031000	1.34339950	30.97031000	1.23653135	5.08129883
1.88122370	32.32758700	0.03093333	30.96920100	1.35838580	30.96920100	1.23897896	5.07126070
1.88494040	32.33791000	0.03092346	30.96806800	1.36984180	30.96806800	1.24142657	5.06126215
1.88865720	32.33599900	0.03092529	30.96691000	1.36908890	30.96691000	1.24387424	5.05130270
1.89237390	32.39149100	0.03087230	30.96572700	1.42576430	30.96572700	1.24632185	5.04138263
1.89609070	32.44470600	0.03082167	30.96451900	1.48018700	30.96451900	1.24876952	5.03150119
1.89980740	32.48528700	0.03078317	30.96328700	1.52200000	30.96328700	1.25121712	5.02165868
1.90352410	32.52824400	0.03074251	30.96203000	1.56621410	30.96203000	1.25366472	5.01185461
1.90724090	32.58897000	0.03068523	30.96074900	1.62822150	30.96074900	1.25611239	5.00208849
1.91095760	32.64231900	0.03063508	30.95944300	1.68287560	30.95944300	1.25855999	4.99236062
1.91467440	32.60678900	0.03066846	30.95811300	1.64867540	30.95811300	1.26100765	4.98267026
1.91839110	32.57757200	0.03069596	30.95675900	1.62081260	30.95675900	1.26345524	4.97301771
1.92210790	32.57267400	0.03070058	30.95538100	1.61729270	30.95538100	1.26590291	4.96340223
1.92582460	32.64385200	0.03063364	30.95397900	1.68987320	30.95397900	1.26835050	4.95382413
1.92954130	32.72213000	0.03056036	30.95255300	1.76957680	30.95255300	1.27079809	4.94428293
1.93325810	32.71510700	0.03056692	30.95110300	1.76400380	30.95110300	1.27324575	4.93477816
1.93697480	32.69007100	0.03059033	30.94962900	1.74044160	30.94962900	1.27569334	4.92531012
1.94069160	32.70197700	0.03057919	30.94813200	1.75384460	30.94813200	1.27814099	4.91587810
1.94440830	32.72857700	0.03055434	30.94661100	1.78196540	30.94661100	1.28058858	4.90648239
1.94812500	32.75815200	0.03052675	30.94506700	1.81308520	30.94506700	1.28303616	4.89712253
1.95184180	32.76007100	0.03052497	30.94349900	1.81657180	30.94349900	1.28548381	4.88779807
1.95555850	32.78892500	0.03049810	30.94190800	1.84701740	30.94190800	1.28793140	4.87850931
1.95927530	32.83463300	0.03045565	30.94029300	1.89433960	30.94029300	1.29037904	4.86925554
1.96299200	32.92661700	0.03037057	30.93865600	1.98796110	30.93865600	1.29282662	4.86003706
1.96670870	33.05077000	0.03025648	30.93699500	2.11377500	30.93699500	1.29527420	4.85085343
1.97042550	33.09678300	0.03021442	30.93531100	2.16147160	30.93531100	1.29772185	4.84170420
1.97414220	33.03109700	0.03027450	30.93360400	2.09749300	30.93360400	1.30016942	4.83258966
1.97785900	33.00022500	0.03030282	30.93187500	2.06835030	30.93187500	1.30261706	4.82350914
1.98157570	32.99265700	0.03030978	30.93012200	2.06253430	30.93012200	1.30506463	4.81446293
1.98529250	32.99487300	0.03030774	30.92834700	2.06652570	30.92834700	1.30751227	4.80545035
1.98900920	32.97984700	0.03032155	30.92655000	2.05329720	30.92655000	1.30995984	4.79647169
1.99272590	33.03100200	0.03027459	30.92473000	2.10627250	30.92473000	1.31240741	4.78752653
1.99644270	33.05928800	0.03024869	30.92288700	2.13640110	30.92288700	1.31485505	4.77861444
2.00015940	33.02427300	0.03028076	30.92102200	2.10325100	30.92102200	1.31730261	4.76973571
2.00387620	32.98687400	0.03031509	30.91913500	2.06773910	30.91913500	1.31975024	4.76088968
2.00759290	33.00354800	0.03029977	30.91722500	2.08632260	30.91722500	1.32219781	4.75207664
2.01130960	33.06257200	0.03024568	30.91529300	2.14727910	30.91529300	1.32464537	4.74329617
2.01502640	33.12177300	0.03019162	30.91334000	2.20843300	30.91334000	1.32709300	4.73454787
2.01874310	33.16192600	0.03015506	30.91136400	2.25056220	30.91136400	1.32954055	4.72583201
2.02245990	33.21307400	0.03010863	30.90936700	2.30370720	30.90936700	1.33198818	4.71714795
2.02617660	33.22243100	0.03010014	30.90734700	2.31508400	30.90734700	1.33443573	4.70849599
2.02989330	33.22374300	0.03009896	30.90530600	2.31843740	30.90530600	1.33688329	4.69987571
2.03361010	33.23664100	0.03008728	30.90324300	2.33339760	30.90324300	1.33933091	4.69128672
2.03732680	33.26787900	0.03005902	30.90115900	2.36672050	30.90115900	1.34177846	4.68272929
2.04104360	33.32833500	0.03000450	30.89905300	2.42928160	30.89905300	1.34422608	4.67420280
2.04476030	33.36656200	0.02997012	30.89692600	2.46963580	30.89692600	1.34667363	4.66570754
2.04847710	33.46748000	0.02987975	30.89477800	2.57270220	30.89477800	1.34912124	4.65724289
2.05219380	33.50011400	0.02985064	30.89260800	2.60750670	30.89260800	1.35156879	4.64880912
2.05591050	33.46601900	0.02988106	30.89041700	2.57560190	30.89041700	1.35401633	4.64040584
2.05962730	33.43471500	0.02990903	30.88820500	2.54651060	30.88820500	1.35646394	4.63203267
2.06334400	33.47855800	0.02986986	30.88597200	2.59258590	30.88597200	1.35891149	4.62368989
2.06706080	33.55558000	0.02980130	30.88371800	2.67186250	30.88371800	1.36135909	4.61537690
2.07077750	33.65308400	0.02971496	30.88144300	2.77164100	30.88144300	1.36380663	4.60709397
2.07449420	33.72681400	0.02965000	30.87914700	2.84766710	30.87914700	1.36625417	4.59884071
2.07821100	33.75707200	0.02962342	30.87683100	2.88024170	30.87683100	1.36870177	4.59061677
2.08192770	33.76725400	0.02961449	30.87449400	2.89276010	30.87449400	1.37114931	4.58242240
2.08564450	33.78763600	0.02959663	30.87213600	2.91549950	30.87213600	1.37359691	4.57425703
2.08936120	33.78611000	0.02959796	30.86975800	2.91635160	30.86975800	1.37604444	4.56612092
2.09307800	33.81707400	0.02957086	30.86736000	2.94971390	30.86736000	1.37849204	4.55801349
2.09679470	33.87891400	0.02951688	32.42127200	1.45764200	30.86494100	1.38093957	4.54993503
2.10051140	33.95157200	0.02945372	32.47887700	1.47269520	30.86250200	1.38338709	4.54188515
2.10422820	33.96954300	0.02943814	32.54001100	1.42953210	30.86004300	1.38583469	4.53386350
2.10794490	33.92698300	0.02947506	32.60496900	1.32201400	30.85756400	1.38828221	4.52587035
2.11166170	33.90521600	0.02949399	32.67401700	1.23119950	30.85506500	1.39072980	4.51790513
2.11537840	33.95687500	0.02944912	32.74749300	1.20938210	30.85254600	1.39317732	4.50996811
2.11909510	34.01503400	0.02939877	32.82587000	1.18916380	30.85000700	1.39562484	4.50205894
2.12281190	34.11950700	0.02930875	32.90948900	1.21001810	30.84744800	1.39807243	4.49417725
2.12652860	34.27295700	0.02917752	32.99880200	1.27415480	30.84487000	1.40051995	4.48632333
2.13024540	34.38189700	0.02908507	33.09437600	1.28752100	30.84227200	1.40296753	4.47849660
2.13396210	34.43177800	0.02904294	33.19683100	1.23494720	30.83965400	1.40541504	4.47069734
2.13767880	34.46682000	0.02901341	33.30672900	1.16009100	30.83701700	1.40786256	4.46292521
2.14139560	34.58599900	0.02891343	33.42478600	1.16121230	30.83436100	1.41031014	4.45517986
2.14511230	34.72694000	0.02879609	33.55198400	1.17495650	30.83168500	1.41275765	4.44746155
2.14882910	34.83394600	0.02870763	33.68911900	1.14482690	30.82899000	1.41520522	4.43976974
2.15254580	34.96219300	0.02860233	33.83719500	1.12499730	30.82627600	1.41765273	4.43210469
2.15626260	35.09735900	0.02849217	33.99746600	1.09989280	30.82354300	1.42010030	4.42446587
2.15997930	35.23222400	0.02838311	34.17139000	1.06083310	30.82079100	1.42254780	4.41685354
2.16369600	35.32642400	0.02830742	34.36031800	0.96610533	30.81801900	1.42499531	4.40926737
2.16741280	35.45528000	0.02820454	34.56598200	0.88929876	30.81522900	1.42744287	4.40170701
2.17112950	35.65710800	0.02804490	34.79071600	0.86639257	30.81242100	1.42989037	4.39417274
2.17484630	35.83228700	0.02790779	35.03665100	0.79563533	30.80959300	1.43233794	4.38666403
2.17856300	35.92313000	0.02783722	35.30638000	0.61674999	30.80674700	1.43478544	4.37918113
2.18227970	36.04854200	0.02774037	35.60316800	0.44537353	30.80388200	1.43723293	4.37172373
2.18599650	36.19651400	0.02762697	35.93104000	0.26547415	30.80099900	1.43968049	4.36429149
2.18971320	36.36369300	0.02749996	36.29387000	0.06982355	30.79809800	1.44212798	4.35688468
2.19343000	36.56855800	0.02734590	36.69669500	-0.12813755	30.79517800	1.44457554	4.34950277
2.19714670	36.88492200	0.02711135	37.14629700	-0.26137480	30.79224000	1.44702303	4.34214604
2.20086350	37.33466300	0.02678476	37.64958000	-0.31491622	30.78928300	1.44947058	4.33481395
2.20458020	37.68680200	0.02653449	38.21491400	-0.52811234	30.78630900	1.45191807	4.32750679
2.20829690	37.99000200	0.02632272	38.85306100	-0.86305898	30.78331600	1.45436555	4.32022423
2.21201370	38.32687000	0.02609136	39.57808700	-1.25121690	30.78030600	1.45681310	4.31296595
2.21573040	38.83911100	0.02574724	40.40449400	-1.56538310	30.77727700	1.45926058	4.30573222
2.21944720	39.44690300	0.02535053	41.35162600	-1.90472260	30.77423100	1.46170813	4.29852251
2.22316390	40.15448800	0.02490382	42.44604300	-2.29155580	30.77116700	1.46415561	4.29133712
2.22688060	41.08134500	0.02434195	43.71819700	-2.63685230	30.76808600	1.46660309	4.28417570
2.23059740	42.26953100	0.02365770	45.20655900	-2.93702810	30.76498600	1.46905063	4.27703797
2.23431410	43.72754700	0.02286888	46.96403900	-3.23649270	30.76187000	1.47149810	4.26992417
2.23803090	45.78263900	0.02184234	49.07077500	-3.28813620	30.75873600	1.47394564	4.26283381
2.24174760	48.73918900	0.02051737	51.63986300	-2.90067390	30.75558400	1.47639311	4.25576716
2.24546430	52.90522000	0.01890173	54.89031400	-1.98509410	30.75241500	1.47884058	4.24872389
2.24918110	59.05128100	0.01693443	59.31336400	-0.26208315	30.74922900	1.48128811	4.24170372
2.25289780	68.56512500	0.01458467	66.00866600	2.55645810	30.74602600	1.48373558	4.23470691
2.25661460	83.40565500	0.01198960	77.32863100	6.07702410	30.74280600	1.48618311	4.22773295
2.26033130	107.05293000	0.00934117	97.96031800	9.09260700	30.73956800	1.48863057	4.22078212
2.26404810	146.81354000	0.00681136	136.63663000	10.17691100	30.73631400	1.49107810	4.21385393
2.26776480	212.51651000	0.00470552	205.65020000	6.86630740	30.73304300	1.49352556	4.20694863
2.27148150	318.08176000	0.00314385	319.94037000	-1.85861740	30.72975500	1.49597302	4.20006593
2.27519830	482.75891000	0.00207143	492.91580000	-10.15689300	30.72645000	1.49842054	4.19320553
2.27891500	711.83026000	0.00140483	726.56889000	-14.73863000	30.72312900	1.50086800	4.18636770
2.28263180	990.05005000	0.00101005	1003.17210000	-13.12206300	30.71979100	1.50331552	4.17955196
2.28634850	1285.00730000	0.00077821	1282.25690000	2.75042450	30.71643700	1.50576297	4.17275855
2.29006520	1511.07340000	0.00066178	1499.71070000	11.36265100	30.71306600	1.50821042	4.16598721
2.29378200	1601.64640000	0.00062436	1589.30100000	12.34539800	30.70967900	1.51065793	4.15923762
2.29749870	1531.09850000	0.00065313	1517.92630000	13.17216600	30.70627600	1.51310538	4.15251005
2.30121550	1320.92790000	0.00075704	1311.21970000	9.70816230	30.70285600	1.51555289	4.14580404
2.30493220	1037.54710000	0.00096381	1035.82670000	1.72042870	30.69942000	1.51800034	4.13911984
2.30864900	740.96710000	0.00134959	756.38334000	-15.41623900	30.69596800	1.52044784	4.13245698
2.31236570	500.52219000	0.00199791	516.27744000	-15.75525600	30.69250000	1.52289529	4.12581572
2.31608240	332.96967000	0.00300328	336.68080000	-3.71113840	30.68901600	1.52534273	4.11919577
2.31979920	220.77335000	0.00452953	216.07494000	4.69841010	30.68551700	1.52779023	4.11259687
2.32351590	150.68130000	0.00663652	142.54112000	8.14018420	30.68200100	1.53023766	4.10601925
2.32723270	109.67970000	0.00911746	101.24667000	8.43302940	30.67847000	1.53268517	4.09946247
2.33094940	84.47444200	0.01183790	79.04492000	5.42952190	30.67492300	1.53513260	4.09292677
2.33466610	68.72048200	0.01455170	66.92115100	1.79933120	30.67136000	1.53758003	4.08641189
2.33838290	59.11444900	0.01691634	59.83984000	-0.72539103	30.66778200	1.54002752	4.07991754
2.34209960	52.69409600	0.01897746	55.23819000	-2.54409410	30.66418900	1.54247495	4.07344398
2.34581640	48.33076500	0.02069076	51.87584500	-3.54508060	30.66058000	1.54492245	4.06699076
2.34953310	45.38225600	0.02203504	49.23442800	-3.85217200	30.65695600	1.54736987	4.06055813
2.35324980	43.25034700	0.02312120	47.07718600	-3.82683930	30.65331700	1.54981729	4.05414582
2.35696660	41.69359200	0.02398450	45.27778600	-3.58419380	30.64966200	1.55226478	4.04775357
2.36068330	40.50851400	0.02468617	43.75404700	-3.24553310	30.64599300	1.55471220	4.04138162
2.36440010	39.54587900	0.02528709	42.45206500	-2.90618520	30.64230800	1.55715968	4.03502953
2.36811680	38.76024200	0.02579963	41.33364800	-2.57340540	30.63860800	1.55960710	4.02869755
2.37183360	38.14168200	0.02621804	40.36398700	-2.22230580	30.63489400	1.56205458	4.02238525
2.37555030	37.60000600	0.02659574	39.51772100	-1.91771530	30.63116400	1.56450200	4.01609287
2.37926700	37.10805900	0.02694832	38.77553200	-1.66747290	30.62742000	1.56694941	4.00982015
2.38298380	36.68859900	0.02725642	38.12162000	-1.43302150	30.62366200	1.56939688	4.00356683
2.38670050	36.30133100	0.02754720	37.54157600	-1.24024560	30.61988800	1.57184429	3.99733316
2.39041730	35.95799300	0.02781023	37.02475100	-1.06675860	30.61610000	1.57429176	3.99111871
2.39413400	35.60080000	0.02808926	36.56307400	-0.96227415	30.61229800	1.57673917	3.98492371
2.39785070	35.32086200	0.02831188	36.14840900	-0.82754714	30.60848100	1.57918657	3.97874793
2.40156750	35.02847700	0.02854820	35.77442000	-0.74594348	30.60465000	1.58163404	3.97259110
2.40528420	34.82054100	0.02871868	35.43612400	-0.61558266	30.60080400	1.58408144	3.96645346
2.40900100	34.58174100	0.02891699	35.12936700	-0.54762551	30.59694500	1.58652890	3.96033460
2.41271770	34.35799400	0.02910531	34.84991700	-0.49192321	30.59307100	1.58897630	3.95423475
2.41643440	34.13401000	0.02929629	34.59461800	-0.46060797	30.58918300	1.59142370	3.94815367
2.42015120	33.99287000	0.02941793	34.36103300	-0.36816246	30.58528100	1.59387116	3.94209111
2.42386790	33.84563400	0.02954591	34.14655900	-0.30092489	30.58136500	1.59631855	3.93604730
2.42758470	33.71045300	0.02966439	33.94905500	-0.23860168	30.57743600	1.59876600	3.93002184
2.43130140	33.50799600	0.02984362	33.76681100	-0.25881540	30.57349200	1.60121339	3.92401496
2.43501820	33.36771000	0.02996909	33.59842400	-0.23071352	30.56953500	1.60366084	3.91802626
2.43873490	33.23287600	0.03009068	33.44229700	-0.20942167	30.56556400	1.60610823	3.91205598
2.44245160	33.14950600	0.03016636	33.29725100	-0.14774575	30.56158000	1.60855561	3.90610387
2.44616840	33.05148700	0.03025583	33.16236500	-0.11087810	30.55758200	1.61100306	3.90016969
2.44988510	32.92702900	0.03037019	33.03662300	-0.10959424	30.55357000	1.61345044	3.89425368
2.45360190	32.79186600	0.03049537	32.91914000	-0.12727335	30.54954600	1.61589788	3.88835543
2.45731860	32.63798100	0.03063915	32.80920700	-0.17122596	30.54550700	1.61834526	3.88247518
2.46103530	32.53141400	0.03073952	32.70626600	-0.17485237	30.54145600	1.62079264	3.87661269
2.46475210	32.42772700	0.03083781	32.60960400	-0.18187735	30.53739100	1.62324007	3.87076773
2.46846880	32.32834200	0.03093261	32.51870200	-0.19035981	30.53331300	1.62568745	3.86494053
2.47218560	32.23943700	0.03101791	32.43315500	-0.19371758	30.52922300	1.62813488	3.85913070
2.47590230	32.15425500	0.03110008	32.35250700	-0.19825200	30.52511900	1.63058225	3.85333847
2.47961910	32.03326800	0.03121754	32.27633800	-0.24306991	30.52100200	1.63302968	3.84756344
2.48333580	31.93523600	0.03131337	32.20431100	-0.26907536	30.51687200	1.63547705	3.84180586
2.48705250	31.85132600	0.03139587	32.13617800	-0.28485204	30.51273000	1.63792441	3.83606549
2.49076930	31.74718300	0.03149886	32.07157800	-0.32439521	30.50857400	1.64037184	3.83034210
2.49448600	31.62746800	0.03161809	30.50440700	1.12306150	30.50440700	1.64281920	3.82463592
2.49820280	31.56980300	0.03167584	30.50022600	1.06957720	30.50022600	1.64526662	3.81894657
2.50191950	31.57532700	0.03167030	30.49603300	1.07929390	30.49603300	1.64771398	3.81327427
2.50563620	31.56813200	0.03167752	30.49182700	1.07630490	30.49182700	1.65016133	3.80761880
2.50935300	31.52600500	0.03171985	30.48761000	1.03839530	30.48761000	1.65260875	3.80197994
2.51306970	31.49173000	0.03175437	30.48337900	1.00835050	30.48337900	1.65505610	3.79635791
2.51678650	31.40908600	0.03183792	30.47913700	0.92994961	30.47913700	1.65750351	3.79075233
2.52050320	31.36904500	0.03187856	30.47488200	0.89416345	30.47488200	1.65995086	3.78516344
2.52421990	31.28783000	0.03196131	30.47061500	0.81721551	30.47061500	1.66239821	3.77959101
2.52793670	31.27352900	0.03197592	30.46633600	0.80719327	30.46633600	1.66484562	3.77403481
2.53165340	31.22256500	0.03202812	30.46204500	0.76052000	30.46204500	1.66729296	3.76849508
2.53537020	31.19953300	0.03205176	30.45774200	0.74179182	30.45774200	1.66974036	3.76297144
2.53908690	31.11415700	0.03213971	30.45342700	0.66073003	30.45342700	1.67218770	3.75746413
2.54280370	31.04777300	0.03220843	30.44910000	0.59867346	30.44910000	1.67463510	3.75197277
2.54652040	30.95973600	0.03230002	30.44476100	0.51497453	30.44476100	1.67708244	3.74649758
2.55023710	30.89130200	0.03237157	30.44041100	0.45089104	30.44041100	1.67952977	3.74103836
2.55395390	30.90373400	0.03235855	30.43604900	0.46768505	30.43604900	1.68197717	3.73559488
2.55767060	30.89154600	0.03237132	30.43167600	0.45987059	30.43167600	1.68442450	3.73016737
2.56138740	30.90923100	0.03235279	30.42729100	0.48194055	30.42729100	1.68687189	3.72475547
2.56510410	30.89798000	0.03236458	30.42289400	0.47508557	30.42289400	1.68931922	3.71935939
2.56882080	30.89049100	0.03237242	30.41848600	0.47200519	30.41848600	1.69176654	3.71397893
2.57253760	30.81232100	0.03245455	30.41406700	0.39825360	30.41406700	1.69421393	3.70861388
2.57625430	30.75967600	0.03251010	30.40963700	0.35003933	30.40963700	1.69666125	3.70326445
2.57997110	30.72762500	0.03254401	30.40519500	0.32242990	30.40519500	1.69910864	3.69793029
2.58368780	30.67600400	0.03259877	30.40074200	0.27526223	30.40074200	1.70155596	3.69261163
2.58740460	30.62825200	0.03264959	30.39627800	0.23197373	30.39627800	1.70400334	3.68730810
2.59112130	30.66194300	0.03261372	30.39180300	0.27014004	30.39180300	1.70645065	3.68201993
2.59483800	30.67974100	0.03259480	30.38731800	0.29242337	30.38731800	1.70889796	3.67674691
2.59855480	30.61403800	0.03266475	30.38282100	0.23121767	30.38282100	1.71134534	3.67148884
2.60227150	30.54181500	0.03274200	30.37831300	0.16350158	30.37831300	1.71379265	3.66624593
2.60598830	30.53827500	0.03274579	30.37379500	0.16447989	30.37379500	1.71624002	3.66101783
2.60970500	30.57747500	0.03270381	30.36926600	0.20820876	30.36926600	1.71868732	3.65580477
2.61342170	30.58096900	0.03270008	30.36472600	0.21624272	30.36472600	1.72113463	3.65060653
2.61713850	30.56704500	0.03271497	30.36017600	0.20686934	30.36017600	1.72358199	3.64542292
2.62085520	30.56402800	0.03271820	30.35561500	0.20841272	30.35561500	1.72602929	3.64025416
2.62457200	30.50731900	0.03277902	30.35104400	0.15627468	30.35104400	1.72847666	3.63509989
2.62828870	30.40023200	0.03289449	30.34646200	0.05377015	30.34646200	1.73092395	3.62996035
2.63200540	30.32932300	0.03297139	30.34187000	-0.01254737	30.34187000	1.73337124	3.62483532
2.63572220	30.33580200	0.03296435	30.33726800	-0.00146584	30.33726800	1.73581860	3.61972461
2.63943890	30.33776300	0.03296222	30.33265500	0.00510739	30.33265500	1.73826589	3.61462843
2.64315570	30.34606700	0.03295320	30.32803300	0.01803462	30.32803300	1.74071325	3.60954644
2.64687240	30.36860500	0.03292874	30.32340000	0.04520457	30.32340000	1.74316053	3.60447887
2.65058920	30.37638100	0.03292031	30.31875700	0.05762358	30.31875700	1.74560788	3.59942537
2.65430590	30.32810800	0.03297271	30.31410500	0.01400322	30.31410500	1.74805517	3.59438617
2.65802260	30.28478800	0.03301988	30.30944200	-0.02465384	30.30944200	1.75050245	3.58936105
2.66173940	30.27260200	0.03303317	30.30476900	-0.03216741	30.30476900	1.75294979	3.58434984
2.66545610	30.25194900	0.03305572	30.30008700	-0.04813790	30.30008700	1.75539707	3.57935274
2.66917290	30.25293400	0.03305465	30.29539500	-0.04246170	30.29539500	1.75784441	3.57436942
2.67288960	30.27232400	0.03303347	30.29069400	-0.01836992	30.29069400	1.76029168	3.56940010
2.67660630	30.26697900	0.03303931	30.28598200	-0.01900302	30.28598200	1.76273896	3.56444457
2.68032310	30.26155900	0.03304522	30.28126100	-0.01970287	30.28126100	1.76518629	3.55950266
2.68403980	30.24074600	0.03306797	30.27653100	-0.03578553	30.27653100	1.76763356	3.55457457
2.68775660	30.19658700	0.03311633	30.27179100	-0.07520470	30.27179100	1.77008089	3.54965998
2.69147330	30.15610500	0.03316078	30.26704200	-0.11093714	30.26704200	1.77252816	3.54475910
2.69519010	30.11221500	0.03320911	30.26228400	-0.15006870	30.26228400	1.77497548	3.53987160
2.69890680	30.12216900	0.03319814	30.25751600	-0.13534656	30.25751600	1.77742274	3.53499770
2.70262350	30.13726200	0.03318151	30.25273900	-0.11547682	30.25273900	1.77987000	3.53013720
2.70634030	30.15868200	0.03315795	30.24795300	-0.08927127	30.24795300	1.78231733	3.52528992
2.71005700	30.15572900	0.03316119	30.24315800	-0.08742875	30.24315800	1.78476458	3.52045607
2.71377380	30.12539100	0.03319459	30.23835400	-0.11296292	30.23835400	1.78721190	3.51563534
2.71749050	30.12194300	0.03319839	30.23354100	-0.11159834	30.23354100	1.78965915	3.51082792
2.72120720	30.15708000	0.03315971	30.22871900	-0.07163918	30.22871900	1.79210640	3.50603363
2.72492400	30.19143900	0.03312197	30.22388800	-0.03244940	30.22388800	1.79455371	3.50125230
2.72864070	30.22210900	0.03308836	30.21904800	0.00306036	30.21904800	1.79700096	3.49648412
2.73235750	30.25638200	0.03305088	30.21420000	0.04218183	30.21420000	1.79944827	3.49172878
2.73607420	30.27621500	0.03302923	30.20934300	0.06687142	30.20934300	1.80189551	3.48698649
2.73979090	30.25552700	0.03305181	30.20447800	0.05104991	30.20447800	1.80434275	3.48225708
2.74350770	30.22322800	0.03308713	30.19960300	0.02362500	30.19960300	1.80679005	3.47754035
2.74722440	30.20261600	0.03310971	30.19472100	0.00789492	30.19472100	1.80923729	3.47283651
2.75094120	30.19822500	0.03311453	30.18983000	0.00839527	30.18983000	1.81168459	3.46814525
2.75465790	30.20042400	0.03311212	30.18493000	0.01549388	30.18493000	1.81413182	3.46346678
2.75837470	30.20382500	0.03310839	30.18002300	0.02380245	30.18002300	1.81657912	3.45880080
2.76209140	30.17653500	0.03313833	30.17510700	0.00142812	30.17510700	1.81902635	3.45414750
2.76580810	30.15490700	0.03316210	30.17018200	-0.01527508	30.17018200	1.82147357	3.44950671
2.76952490	30.11594600	0.03320500	30.16525000	-0.04930412	30.16525000	1.82392086	3.44487825
2.77324160	30.15158100	0.03316576	30.16030900	-0.00872867	30.16030900	1.82636809	3.44026232
2.77695840	30.16355100	0.03315259	30.15536100	0.00819034	30.15536100	1.82881537	3.43565862
2.78067510	30.20865800	0.03310309	30.15040500	0.05825370	30.15040500	1.83126259	3.43106736
2.78439180	30.20217700	0.03311020	30.14544000	0.05673691	30.14544000	1.83370981	3.42648836
2.78810860	30.19918400	0.03311348	30.14046800	0.05871653	30.14046800	1.83615709	3.42192144
2.79182530	30.13402700	0.03318508	30.13548800	-0.00146036	30.13548800	1.83860430	3.41736680
2.79554210	30.08165200	0.03324286	30.13050000	-0.04884835	30.13050000	1.84105158	3.41282416
2.79925880	30.09774000	0.03322509	30.12550500	-0.02776438	30.12550500	1.84349879	3.40829370
2.80297550	30.16362400	0.03315252	30.12050100	0.04312239	30.12050100	1.84594599	3.40377526
2.80669230	30.21725300	0.03309368	30.11549100	0.10176202	30.11549100	1.84839327	3.39926866
2.81040900	30.17754200	0.03313722	30.11047200	0.06706925	30.11047200	1.85084047	3.39477411
2.81412580	30.11554900	0.03320544	30.10544700	0.01010231	30.10544700	1.85328774	3.39029131
2.81784250	30.10351900	0.03321871	30.10041400	0.00310576	30.10041400	1.85573494	3.38582046
2.82155930	30.14201500	0.03317628	30.09537300	0.04664225	30.09537300	1.85818220	3.38136126
2.82527600	30.23259200	0.03307689	30.09032500	0.14226618	30.09032500	1.86062939	3.37691392
2.82899270	30.25070400	0.03305708	30.08527000	0.16543337	30.08527000	1.86307659	3.37247827
2.83270950	30.27193600	0.03303390	30.08020800	0.19172818	30.08020800	1.86552385	3.36805414
2.83642620	30.26156000	0.03304522	30.07513900	0.18642153	30.07513900	1.86797104	3.36364172
2.84014300	30.26855500	0.03303759	30.07006200	0.19849219	30.07006200	1.87041829	3.35924073
2.84385970	30.26421700	0.03304232	30.06497900	0.19923832	30.06497900	1.87286547	3.35485137
2.84757640	30.28109500	0.03302390	30.05988900	0.22120684	30.05988900	1.87531266	3.35047347
2.85129320	30.31201600	0.03299022	30.05479100	0.25722418	30.05479100	1.87775991	3.34610686
2.85500990	30.30744400	0.03299519	30.04968700	0.25775644	30.04968700	1.88020709	3.34175174
2.85872670	30.29000100	0.03301420	30.04457600	0.24542472	30.04457600	1.88265433	3.33740783
2.86244340	30.25479500	0.03305261	30.03945800	0.21533660	30.03945800	1.88510151	3.33307532
2.86616020	30.26529900	0.03304114	30.03433400	0.23096479	30.03433400	1.88754874	3.32875393
2.86987690	30.31990200	0.03298164	30.02920300	0.29069942	30.02920300	1.88999592	3.32444385
2.87359360	30.36644600	0.03293108	30.02406500	0.34238019	30.02406500	1.89244309	3.32014492
2.87731040	30.35373300	0.03294488	30.01892100	0.33481189	30.01892100	1.89489032	3.31585699
2.88102710	30.33054200	0.03297007	30.01377100	0.31677109	30.01377100	1.89733749	3.31158023
2.88474390	30.30899400	0.03299351	30.00861300	0.30038085	30.00861300	1.89978472	3.30731438
2.88846060	30.30981800	0.03299261	30.00345000	0.30636827	30.00345000	1.90223188	3.30305962
2.89217730	30.32732400	0.03297357	29.99828000	0.32904367	29.99828000	1.90467904	3.29881580
2.89589410	30.38918300	0.03290645	29.99310400	0.39607883	29.99310400	1.90712626	3.29458276
2.89961080	30.39971200	0.03289505	29.98792200	0.41178963	29.98792200	1.90957342	3.29036069
2.90332760	30.39501200	0.03290013	29.98273400	0.41227831	29.98273400	1.91202064	3.28614932
2.90704430	30.38334500	0.03291277	29.97753900	0.40580554	29.97753900	1.91446779	3.28194882
2.91076100	30.40223900	0.03289231	29.97233900	0.42990028	29.97233900	1.91691494	3.27775906
2.91447780	30.38288100	0.03291327	29.96713200	0.41574912	29.96713200	1.91936215	3.27357987
2.91819450	30.37576300	0.03292098	29.96192000	0.41384337	29.96192000	1.92180930	3.26941144
2.92191130	30.39004500	0.03290551	29.95670100	0.43334396	29.95670100	1.92425651	3.26525351
2.92562800	30.40519000	0.03288912	29.95147700	0.45371250	29.95147700	1.92670365	3.26110625
2.92934480	30.43363200	0.03285838	29.94624700	0.48738487	29.94624700	1.92915086	3.25696940
2.93306150	30.50392000	0.03278267	29.94101100	0.56290828	29.94101100	1.93159799	3.25284315
2.93677820	30.51882900	0.03276666	29.93577000	0.58305942	29.93577000	1.93404513	3.24872735
2.94049500	30.47543700	0.03281331	29.93052300	0.54491424	29.93052300	1.93649233	3.24462184
2.94421170	30.42565200	0.03286700	29.92527000	0.50038122	29.92527000	1.93893946	3.24052681
2.94792850	30.47215700	0.03281684	29.92001200	0.55214430	29.92001200	1.94138665	3.23644200
2.95164520	30.53996800	0.03274398	29.91474900	0.62521984	29.91474900	1.94383378	3.23236758
2.95536190	30.57335100	0.03270822	29.90948000	0.66387126	29.90948000	1.94628091	3.22830342
2.95907870	30.59811400	0.03268175	29.90420500	0.69390871	29.90420500	1.94872810	3.22424935
2.96279540	30.66340400	0.03261216	29.89892600	0.76447883	29.89892600	1.95117522	3.22020557
2.96651220	30.69431300	0.03257932	29.89364100	0.80067236	29.89364100	1.95362240	3.21617181
2.97022890	30.74755900	0.03252291	29.88835100	0.85920804	29.88835100	1.95606952	3.21214826
2.97394570	30.80244400	0.03246496	29.88305500	0.91938920	29.88305500	1.95851670	3.20813466
2.97766240	30.85613800	0.03240846	29.87775500	0.97838338	29.87775500	1.96096382	3.20413118
2.98137910	30.83721500	0.03242835	29.87244900	0.96476603	29.87244900	1.96341093	3.20013769
2.98509590	30.82633200	0.03243980	29.86713900	0.95919316	29.86713900	1.96585810	3.19615404
2.98881260	30.85008200	0.03241482	29.86182400	0.98825889	29.86182400	1.96830521	3.19218040
2.99252940	30.89489700	0.03236780	29.85650300	1.03839430	29.85650300	1.97075238	3.18821653
2.99624610	30.96551500	0.03229399	29.85117800	1.11433710	29.85117800	1.97319948	3.18426260
2.99996280	31.06659100	0.03218892	29.84584800	1.22074320	29.84584800	1.97564658	3.18031847
3.00367960	31.17454500	0.03207745	29.84051300	1.33403190	29.84051300	1.97809375	3.17638399
3.00739630	31.23665600	0.03201367	29.83517400	1.40148230	29.83517400	1.98054084	3.17245935
3.01111310	31.29085500	0.03195822	29.82983000	1.46102550	29.82983000	1.98298800	3.16854429
3.01482980	31.30845800	0.03194025	29.82448100	1.48397710	29.82448100	1.98543510	3.16463898
3.01854650	31.32047300	0.03192800	29.81912800	1.50134470	29.81912800	1.98788219	3.16074330
3.02226330	31.37874400	0.03186871	29.81377000	1.56497380	29.81377000	1.99032934	3.15685710
3.02598000	31.48410600	0.03176206	29.80840800	1.67569790	29.80840800	1.99277643	3.15298055
3.02969680	31.59173000	0.03165385	29.80304200	1.78868850	29.80304200	1.99522358	3.14911340
3.03341350	31.68903400	0.03155666	29.79767100	1.89136280	29.79767100	1.99767066	3.14525584
3.03713030	31.77693700	0.03146936	29.79229500	1.98464200	29.79229500	2.00011780	3.14140762
3.04084700	31.91499900	0.03133323	29.78691600	2.12808300	29.78691600	2.00256488	3.13756891
3.04456370	32.05049100	0.03120077	29.78153200	2.26895890	29.78153200	2.00501196	3.13373957
3.04828050	32.16682400	0.03108793	29.77614500	2.39067970	29.77614500	2.00745910	3.12991947
3.05199720	32.23305900	0.03102405	29.77075300	2.46230620	29.77075300	2.00990617	3.12610877
3.05571400	32.30259300	0.03095727	32.54616700	-0.24357413	29.76535700	2.01235330	3.12230725
3.05943070	32.42112000	0.03084409	32.65284100	-0.23172136	29.75995700	2.01480037	3.11851506
3.06314740	32.54595600	0.03072578	32.76647800	-0.22052273	29.75455300	2.01724744	3.11473208
3.06686420	32.67624300	0.03060327	32.88759600	-0.21135312	29.74914500	2.01969456	3.11095817
3.07058090	32.76797100	0.03051760	33.01678500	-0.24881366	29.74373400	2.02214163	3.10719350
3.07429770	32.91126300	0.03038473	33.15478000	-0.24351790	29.73831800	2.02458875	3.10343783
3.07801440	33.07640100	0.03023304	33.30249300	-0.22609249	29.73289900	2.02703581	3.09969133
3.08173110	33.28586600	0.03004278	33.46064300	-0.17477764	29.72747600	2.02948286	3.09595387
3.08544790	33.45329700	0.02989242	33.63019200	-0.17689577	29.72204900	2.03192998	3.09222531
3.08916460	33.59418100	0.02976706	33.81240600	-0.21822452	29.71661900	2.03437703	3.08850583
3.09288140	33.77468100	0.02960798	34.00843600	-0.23375467	29.71118600	2.03682414	3.08479518
3.09659810	33.98341000	0.02942612	34.21955900	-0.23614941	29.70574800	2.03927119	3.08109355
3.10031490	34.18564600	0.02925204	34.44736100	-0.26171525	29.70030800	2.04171830	3.07740069
3.10403160	34.42557900	0.02904817	34.69388800	-0.26830911	29.69486300	2.04416534	3.07371678
3.10774830	34.69632000	0.02882150	34.96082100	-0.26450108	29.68941600	2.04661238	3.07004168
3.11146510	34.97285800	0.02859360	35.25039800	-0.27753978	29.68396500	2.04905948	3.06637526
3.11518180	35.22654000	0.02838769	35.56553100	-0.33899148	29.67851100	2.05150652	3.06271769
3.11889860	35.56845100	0.02811480	35.90912400	-0.34067287	29.67305400	2.05395362	3.05906874
3.12261530	35.89983700	0.02785528	36.28435700	-0.38451918	29.66759300	2.05640065	3.05542858
3.12633200	36.18237700	0.02763776	36.69519300	-0.51281623	29.66213000	2.05884768	3.05179707
3.13004880	36.50138100	0.02739622	37.14695100	-0.64557052	29.65666300	2.06129477	3.04817409
3.13376550	36.85900500	0.02713041	37.64425400	-0.78524917	29.65119300	2.06374179	3.04455980
3.13748230	37.24562500	0.02684879	38.19327300	-0.94764837	29.64572000	2.06618888	3.04095398
3.14119900	37.64399000	0.02656467	38.80202200	-1.15803200	29.64024500	2.06863590	3.03735680
3.14491580	38.09574900	0.02624965	39.47923200	-1.38348300	29.63476600	2.07108298	3.03376801
3.14863250	38.60658600	0.02590232	40.23459800	-1.62801170	29.62928500	2.07353000	3.03018780
3.15234920	39.15772200	0.02553775	41.08037300	-1.92265040	29.62380000	2.07597701	3.02661603
3.15606600	39.79454400	0.02512907	42.03366300	-2.23911830	29.61831300	2.07842409	3.02305258
3.15978270	40.51773500	0.02468055	43.11058500	-2.59285050	29.61282400	2.08087110	3.01949761
3.16349950	41.32701500	0.02419725	44.33293900	-3.00592390	29.60733100	2.08331817	3.01595090
3.16721620	42.28261200	0.02365038	45.72954200	-3.44693030	29.60183600	2.08576518	3.01241261
3.17093290	43.40947300	0.02303645	47.33485800	-3.92538440	29.59633900	2.08821218	3.00888261
3.17464970	44.82204800	0.02231045	49.18896800	-4.36691930	29.59083900	2.09065924	3.00536078
3.17836640	46.63654700	0.02144241	51.34482000	-4.70827250	29.58533600	2.09310624	3.00184729
3.18208320	48.88940400	0.02045433	53.88009700	-4.99069280	29.57983100	2.09555330	2.99834192
3.18579990	51.87383300	0.01927754	56.88384600	-5.01001310	29.57432400	2.09800030	2.99484481
3.18951660	56.03772700	0.01784512	60.49680900	-4.45908130	29.56881400	2.10044729	2.99135586
3.19323340	61.80242500	0.01618059	64.97445200	-3.17202670	29.56330200	2.10289434	2.98787494
3.19695010	69.97919500	0.01428996	70.84482600	-0.86563167	29.55778800	2.10534133	2.98440220
3.20066690	82.51113100	0.01211958	79.25539400	3.25573680	29.55227100	2.10778838	2.98093744
3.20438360	101.95650000	0.00980810	92.76974000	9.18676460	29.54675300	2.11023536	2.97748081
3.20810040	132.32507000	0.00755715	117.09264000	15.23243300	29.54123200	2.11268241	2.97403210
3.21181710	182.85443000	0.00546883	162.56046000	20.29397200	29.53570900	2.11512939	2.97059146
3.21553380	266.02917000	0.00375899	246.06874000	19.96043200	29.53018500	2.11757636	2.96715878
3.21925060	399.14447000	0.00250536	391.59556000	7.54890650	29.52465800	2.12002340	2.96373394
3.22296730	616.36835000	0.00162241	625.63540000	-9.26705360	29.51912900	2.12247038	2.96031708
3.22668410	937.86566000	0.00106625	963.95460000	-26.08893500	29.51359800	2.12491741	2.95690801
3.23040080	1360.73850000	0.00073490	1400.45580000	-39.71729400	29.50806600	2.12736438	2.95350687
3.23411750	1874.46180000	0.00053349	1893.82320000	-19.36140600	29.50253200	2.12981134	2.95011355
3.23783430	2366.89820000	0.00042249	2360.09860000	6.79955270	29.49699600	2.13225837	2.94672794
3.24155100	2714.75780000	0.00036836	2689.45710000	25.30066200	29.49145800	2.13470533	2.94335017
3.24526780	2819.80910000	0.00035463	2777.93570000	41.87340800	29.48591900	2.13715236	2.93998006
3.24898450	2631.71460000	0.00037998	2590.98160000	40.73302100	29.48037800	2.13959931	2.93661775
3.25270130	2221.39210000	0.00045017	2197.92940000	23.46268000	29.47483500	2.14204633	2.93326303
3.25641800	1692.06930000	0.00059099	1709.73190000	-17.66257700	29.46929100	2.14449328	2.92991606
3.26013470	1187.67290000	0.00084198	1229.84200000	-42.16918300	29.46374500	2.14694023	2.92657672
3.26385150	798.37878000	0.00125254	826.72206000	-28.34328000	29.45819800	2.14938724	2.92324490
3.26756820	520.81451000	0.00192007	527.50457000	-6.69005980	29.45265000	2.15183419	2.91992076
3.27128500	338.36337000	0.00295540	328.81407000	9.54930330	29.44710000	2.15428120	2.91660407
3.27500170	226.88989000	0.00440742	209.43476000	17.45513200	29.44154900	2.15672814	2.91329501
3.27871840	159.56857000	0.00626690	142.29344000	17.27513200	29.43599700	2.15917507	2.90999344
3.28243520	118.25475000	0.00845632	106.19003000	12.06472300	29.43044300	2.16162207	2.90669927
3.28615190	92.73567200	0.01078334	86.82383200	5.91183950	29.42488800	2.16406901	2.90341264
3.28986870	76.65444900	0.01304556	75.60372900	1.05072010	29.41933200	2.16651600	2.90013334
3.29358540	66.05496200	0.01513891	68.31720500	-2.26224270	29.41377500	2.16896293	2.89686154
3.29730210	58.95152300	0.01696309	63.03881100	-4.08728780	29.40821700	2.17140986	2.89359712
3.30101890	53.96533200	0.01853042	58.91366400	-4.94833210	29.40265800	2.17385685	2.89033995
3.30473560	50.33070000	0.01986859	55.53437700	-5.20367700	29.39709800	2.17630377	2.88709021
3.30845240	47.62939800	0.02099544	52.70493200	-5.07553390	29.39153700	2.17875076	2.88384768
3.31216910	45.60187500	0.02192892	50.30981800	-4.70794320	29.38597500	2.18119767	2.88061251
3.31588590	43.95035900	0.02275294	48.26067600	-4.31031670	29.38041200	2.18364465	2.87738451
3.31960260	42.65077600	0.02344623	46.49241900	-3.84164330	29.37484900	2.18609157	2.87416383
3.32331930	41.53607200	0.02407546	44.95703200	-3.42096050	29.36928400	2.18853848	2.87095035
3.32703610	40.58535000	0.02463943	43.61811400	-3.03276430	29.36371900	2.19098545	2.86774397
3.33075280	39.77942700	0.02513862	42.44093700	-2.66151050	29.35815400	2.19343236	2.86454483
3.33446960	39.12196000	0.02556109	41.40071200	-2.27875230	29.35258700	2.19587933	2.86135273
3.33818630	38.51171500	0.02596612	40.47837700	-1.96666250	29.34702100	2.19832623	2.85816783
3.34190300	37.94945900	0.02635084	39.65633900	-1.70687980	29.34145300	2.20077313	2.85499002
3.34561980	37.39395100	0.02674229	38.91994500	-1.52599360	29.33588500	2.20322009	2.85181918
3.34933650	36.92206200	0.02708408	38.25784900	-1.33578740	29.33031700	2.20566698	2.84865547
3.35305330	36.52071800	0.02738172	37.66139000	-1.14067250	29.32474800	2.20811394	2.84549868
3.35677000	36.10154300	0.02769965	37.12110600	-1.01956220	29.31917900	2.21056083	2.84234897
3.36048680	35.70635600	0.02800622	36.63017000	-0.92381385	29.31360900	2.21300778	2.83920615
3.36420350	35.31312900	0.02831808	36.18317500	-0.87004606	29.30803900	2.21545467	2.83607036
3.36792020	35.00042700	0.02857108	35.77491300	-0.77448529	29.30246900	2.21790155	2.83294148
3.37163700	34.65456800	0.02885622	35.40069800	-0.74613019	29.29689900	2.22034850	2.82981943
3.37535370	34.28745300	0.02916519	35.05683900	-0.76938677	29.29132800	2.22279537	2.82670433
3.37907050	33.94528200	0.02945918	34.74061000	-0.79532796	29.28575800	2.22524231	2.82359600
3.38278720	33.67927900	0.02969185	34.44860800	-0.76932905	29.28018700	2.22768919	2.82049459
3.38650390	33.45180100	0.02989376	34.17840300	-0.72660141	29.27461600	2.23013606	2.81739999
3.39022070	33.18686700	0.03013240	33.92802900	-0.74116260	29.26904500	2.23258299	2.81431209
3.39393740	32.91078200	0.03038518	33.69556600	-0.78478422	29.26347500	2.23502986	2.81123104
3.39765420	32.69692600	0.03058391	33.47914900	-0.78222306	29.25790400	2.23747679	2.80815664
3.40137090	32.55946700	0.03071303	33.27731300	-0.71784613	29.25233300	2.23992365	2.80508905
3.40508760	32.39508800	0.03086888	33.08899000	-0.69390173	29.24676300	2.24237051	2.80202816
3.40880440	32.20323600	0.03105278	32.91275100	-0.70951508	29.24119300	2.24481743	2.79897386
3.41252110	32.01488900	0.03123547	32.74755000	-0.73266169	29.23562300	2.24726429	2.79592629
3.41623790	31.80466100	0.03144193	32.59254400	-0.78788360	29.23005300	2.24971120	2.79288528
3.41995460	31.62662900	0.03161892	32.44691000	-0.82028150	29.22448300	2.25215805	2.78985096
3.42367140	31.44816400	0.03179836	32.30978500	-0.86162051	29.21891400	2.25460497	2.78682315
3.42738810	31.31224400	0.03193639	32.18049700	-0.86825256	29.21334600	2.25705181	2.78380198
3.43110480	31.15796300	0.03209452	32.05856300	-0.90060048	29.20777700	2.25949865	2.78078737
3.43482160	31.01884800	0.03223846	31.94330800	-0.92445973	29.20221000	2.26194556	2.77777919
3.43853830	30.90252500	0.03235982	29.19664200	1.70588260	29.19664200	2.26439240	2.77477760
3.44225510	30.77888900	0.03248980	29.19107600	1.58781310	29.19107600	2.26683930	2.77178242
3.44597180	30.63680500	0.03264048	29.18550900	1.45129520	29.18550900	2.26928613	2.76879377
3.44968850	30.49211500	0.03279536	29.17994400	1.31217110	29.17994400	2.27173296	2.76581157
3.45340530	30.13284700	0.03318638	29.17437900	0.95846783	29.17437900	2.27417986	2.76283571
3.45712200	29.92168800	0.03342057	29.16881500	0.75287325	29.16881500	2.27662668	2.75986632
3.46083880	29.80027600	0.03355674	29.16325100	0.63702440	29.16325100	2.27907357	2.75690324
3.46455550	29.97922100	0.03335644	29.15768900	0.82153259	29.15768900	2.28152039	2.75394659
3.46827220	30.02750200	0.03330280	29.15212700	0.87537514	29.15212700	2.28396721	2.75099628
3.47198900	29.97991800	0.03335566	29.14656600	0.83335158	29.14656600	2.28641409	2.74805221
3.47570570	29.86851700	0.03348007	29.14100600	0.72751105	29.14100600	2.28886091	2.74511452
3.47942250	29.72412700	0.03364270	29.13544700	0.58868010	29.13544700	2.29130778	2.74218302
3.48313920	29.62142000	0.03375935	29.12988900	0.49153136	29.12988900	2.29375459	2.73925786
3.48685600	29.51868100	0.03387685	29.12433100	0.39434918	29.12433100	2.29620146	2.73633886
3.49057270	29.49052200	0.03390920	29.11877500	0.37174710	29.11877500	2.29864827	2.73342616
3.49428940	29.46678700	0.03393651	29.11322000	0.35356708	29.11322000	2.30109507	2.73051965
3.49800620	29.44800900	0.03395815	29.10766600	0.34034313	29.10766600	2.30354194	2.72761924
3.50172290	29.39824700	0.03401563	29.10211400	0.29613315	29.10211400	2.30598873	2.72472507
3.50543970	29.37006400	0.03404828	29.09656200	0.27350170	29.09656200	2.30843559	2.72183696
3.50915640	29.34293700	0.03407975	29.09101200	0.25192569	29.09101200	2.31088238	2.71895504
3.51287310	29.27851700	0.03415474	29.08546300	0.19305401	29.08546300	2.31332917	2.71607922
3.51658990	29.22614100	0.03421594	29.07991500	0.14622593	29.07991500	2.31577603	2.71320941
3.52030660	29.19109000	0.03425703	29.07436900	0.11672094	29.07436900	2.31822281	2.71034573
3.52402340	29.15344800	0.03430126	29.06882400	0.08462438	29.06882400	2.32066966	2.70748802
3.52774010	29.05856100	0.03441327	29.06328000	-0.00471884	29.06328000	2.32311644	2.70463641
3.53145690	28.95974200	0.03453070	29.05773800	-0.09799650	29.05773800	2.32556328	2.70179072
3.53517360	28.91987600	0.03457830	29.05219700	-0.13232140	29.05219700	2.32801006	2.69895110
3.53889030	28.90550200	0.03459549	29.04665800	-0.14115613	29.04665800	2.33045683	2.69611744
3.54260710	28.83692700	0.03467776	29.04112100	-0.20419356	29.04112100	2.33290367	2.69328965
3.54632380	28.78527600	0.03473998	29.03558500	-0.25030869	29.03558500	2.33535043	2.69046787
3.55004060	28.76302500	0.03476686	29.03005100	-0.26702560	29.03005100	2.33779727	2.68765192
3.55375730	28.77673000	0.03475030	29.02451800	-0.24778876	29.02451800	2.34024403	2.68484194
3.55747400	28.73987200	0.03479487	29.01898800	-0.27911554	29.01898800	2.34269079	2.68203783
3.56119080	28.67751500	0.03487052	29.01345800	-0.33594342	29.01345800	2.34513761	2.67923949
3.56490750	28.65473400	0.03489825	29.00793100	-0.35319752	29.00793100	2.34758437	2.67644707
3.56862430	28.61782500	0.03494326	29.00240600	-0.38458118	29.00240600	2.35003119	2.67366039
3.57234100	28.53298200	0.03504716	28.99688200	-0.46390028	28.99688200	2.35247794	2.67087959
3.57605770	28.46834800	0.03512673	28.99136000	-0.52301291	28.99136000	2.35492468	2.66810457
3.57977450	28.47205200	0.03512216	28.98584100	-0.51378910	28.98584100	2.35737149	2.66533524
3.58349120	28.51723500	0.03506651	28.98032300	-0.46308814	28.98032300	2.35981824	2.66257172
3.58720800	28.48628800	0.03510461	28.97480700	-0.48851910	28.97480700	2.36226504	2.65981386
3.59092470	28.42057600	0.03518578	28.96929300	-0.54871735	28.96929300	2.36471178	2.65706178
3.59464150	28.37511300	0.03524215	28.96378200	-0.58866927	28.96378200	2.36715858	2.65431533
3.59835820	28.37539500	0.03524180	28.95827200	-0.58287745	28.95827200	2.36960532	2.65157462
3.60207490	28.39697100	0.03521502	28.95276500	-0.55579414	28.95276500	2.37205205	2.64883956
3.60579170	28.40086700	0.03521019	28.94726000	-0.54639223	28.94726000	2.37449884	2.64611008
3.60950840	28.38685400	0.03522757	28.94175700	-0.55490254	28.94175700	2.37694557	2.64338628
3.61322520	28.39578800	0.03521649	28.93625600	-0.54046780	28.93625600	2.37939235	2.64066802
3.61694190	28.39284500	0.03522014	28.93075800	-0.53791240	28.93075800	2.38183908	2.63795542
3.62065860	28.39540300	0.03521697	28.92526100	-0.52985853	28.92526100	2.38428579	2.63524839
3.62437540	28.36073500	0.03526002	28.91976800	-0.55903276	28.91976800	2.38673257	2.63254684
3.62809210	28.34371900	0.03528118	28.91427600	-0.57055686	28.91427600	2.38917929	2.62985090
3.63180890	28.31928800	0.03531162	28.90878700	-0.58949917	28.90878700	2.39162606	2.62716041
3.63552560	28.29635000	0.03534025	28.90330100	-0.60695048	28.90330100	2.39407277	2.62447549
3.63924240	28.24141700	0.03540899	28.89781700	-0.65640006	28.89781700	2.39651954	2.62179598
3.64295910	28.21356800	0.03544394	28.89233600	-0.67876784	28.89233600	2.39896625	2.61912202
3.64667580	28.23386200	0.03541846	28.88685700	-0.65299478	28.88685700	2.40141295	2.61645350
3.65039260	28.25520900	0.03539170	28.88138000	-0.62617147	28.88138000	2.40385971	2.61379035
3.65410930	28.21349500	0.03544403	28.87590700	-0.66241157	28.87590700	2.40630640	2.61113269
3.65782610	28.21274600	0.03544497	28.87043600	-0.65769019	28.87043600	2.40875316	2.60848036
3.66154280	28.21535900	0.03544169	28.86496800	-0.64960888	28.86496800	2.41119985	2.60583348
3.66525950	28.27176300	0.03537098	28.85950200	-0.58773924	28.85950200	2.41364654	2.60319198
3.66897630	28.26688200	0.03537709	28.85403900	-0.58715740	28.85403900	2.41609329	2.60055575
3.67269300	28.25693100	0.03538955	28.84857900	-0.59164810	28.84857900	2.41853997	2.59792493
3.67640980	28.24676300	0.03540229	28.84312200	-0.59635907	28.84312200	2.42098672	2.59529937
3.68012650	28.25874100	0.03538728	28.83766800	-0.57892669	28.83766800	2.42343340	2.59267918
3.68384320	28.26035100	0.03538526	28.83221700	-0.57186557	28.83221700	2.42588007	2.59006427
3.68756000	28.25404700	0.03539316	28.82676800	-0.57272097	28.82676800	2.42832681	2.58745457
3.69127670	28.25037600	0.03539776	28.82132300	-0.57094720	28.82132300	2.43077348	2.58485019
3.69499350	28.27077900	0.03537221	28.81588100	-0.54510188	28.81588100	2.43322021	2.58225099
3.69871020	28.31370400	0.03531859	28.81044100	-0.49673763	28.81044100	2.43566688	2.57965708
3.70242700	28.33842300	0.03528778	28.80500500	-0.46658209	28.80500500	2.43811361	2.57706831
3.70614370	28.39368400	0.03521910	28.79957200	-0.40588728	28.79957200	2.44056027	2.57448480
3.70986040	28.44306400	0.03515796	28.79414200	-0.35107787	28.79414200	2.44300692	2.57190647
3.71357720	28.50934600	0.03507622	28.78871500	-0.27936871	28.78871500	2.44545364	2.56933323
3.71729390	28.53889300	0.03503990	28.78329100	-0.24439828	28.78329100	2.44790030	2.56676521
3.72101070	28.55860500	0.03501572	28.77787100	-0.21926539	28.77787100	2.45034701	2.56420224
3.72472740	28.56409600	0.03500898	28.77245300	-0.20835695	28.77245300	2.45279366	2.56164447
3.72844410	28.56117600	0.03501256	28.76704000	-0.20586321	28.76704000	2.45524030	2.55909179
3.73216090	28.56527500	0.03500754	28.76162900	-0.19635377	28.76162900	2.45768701	2.55654413
3.73587760	28.55560300	0.03501940	28.75622200	-0.20061874	28.75622200	2.46013365	2.55400161
3.73959440	28.51269100	0.03507210	28.75081800	-0.23812647	28.75081800	2.46258035	2.55146408
3.74331110	28.50858500	0.03507715	28.74541800	-0.23683263	28.74541800	2.46502698	2.54893165
3.74702790	28.55271500	0.03502294	28.74002100	-0.18730540	28.74002100	2.46747368	2.54640418
3.75074460	28.56101200	0.03501277	28.73462700	-0.17361502	28.73462700	2.46992031	2.54388179
3.75446130	28.58717500	0.03498072	28.72923700	-0.14206203	28.72923700	2.47236694	2.54136440
3.75817810	28.61059800	0.03495208	28.72385100	-0.11325346	28.72385100	2.47481363	2.53885191
3.76189480	28.65423200	0.03489886	28.71846800	-0.06423629	28.71846800	2.47726025	2.53634446
3.76561160	28.66602700	0.03488450	28.71308900	-0.04706212	28.71308900	2.47970693	2.53384189
3.76932830	28.70230900	0.03484040	28.70771400	-0.00540506	28.70771400	2.48215355	2.53134433
3.77304500	28.77819600	0.03474853	28.70234200	0.07585441	28.70234200	2.48460016	2.52885169
3.77676180	28.81465000	0.03470457	28.69697400	0.11767575	28.69697400	2.48704684	2.52636389
3.78047850	28.83808500	0.03467637	28.69160900	0.14647568	28.69160900	2.48949344	2.52388104
3.78419530	28.82840000	0.03468802	29.88908900	-1.06068910	28.68624900	2.49194011	2.52140301
3.78791200	28.84714100	0.03466548	29.93194000	-1.08479890	28.68089200	2.49438672	2.51892991
3.79162870	28.87206500	0.03463556	29.97772900	-1.10566410	28.67553900	2.49683332	2.51646166
3.79534550	28.89055300	0.03461339	30.02669700	-1.13614480	28.67019000	2.49927998	2.51399817
3.79906220	28.92570500	0.03457133	30.07918400	-1.15347930	28.66484500	2.50172657	2.51153958
3.80277900	29.01430500	0.03446576	30.13542200	-1.12111730	28.65950400	2.50417323	2.50908572
3.80649570	29.12160300	0.03433877	30.19574000	-1.07413660	28.65416700	2.50661982	2.50663673
3.81021250	29.20814900	0.03423702	30.26055000	-1.05240150	28.64883300	2.50906647	2.50419244
3.81392920	29.28290200	0.03414962	30.33027400	-1.04737230	28.64350400	2.51151306	2.50175299
3.81764590	29.33850900	0.03408490	30.40532100	-1.06681230	28.63817900	2.51395964	2.49931829
3.82136270	29.45068700	0.03395506	30.48620000	-1.03551270	28.63285800	2.51640628	2.49688826
3.82507940	29.54665900	0.03384477	30.57362600	-1.02696660	28.62754100	2.51885286	2.49446302
3.82879620	29.67051100	0.03370350	30.66813300	-0.99762216	28.62222800	2.52129950	2.49204242
3.83251290	29.78426900	0.03357477	30.77044900	-0.98617997	28.61691900	2.52374607	2.48962658
3.83622960	29.89452000	0.03345095	30.88148800	-0.98696800	28.61161500	2.52619264	2.48721543
3.83994640	29.98858800	0.03334602	31.00224200	-1.01365330	28.60631400	2.52863927	2.48480888
3.84366310	30.11028100	0.03321125	31.13368800	-1.02340750	28.60101800	2.53108583	2.48240705
3.84737990	30.27046800	0.03303550	31.27705700	-1.00658890	28.59572700	2.53353246	2.48000979
3.85109660	30.43085500	0.03286138	31.43403900	-1.00318450	28.59043900	2.53597902	2.47761723
3.85481330	30.59197200	0.03268831	31.60607800	-1.01410560	28.58515600	2.53842557	2.47522928
3.85853010	30.70448700	0.03256853	31.79503900	-1.09055260	28.57987700	2.54087219	2.47284587
3.86224680	30.83877000	0.03242672	32.00328900	-1.16451930	28.57460300	2.54331874	2.47046711
3.86596360	31.00041200	0.03225764	32.23357800	-1.23316580	28.56933300	2.54576535	2.46809287
3.86968030	31.17948700	0.03207237	32.48868900	-1.30920180	28.56406800	2.54821190	2.46572325
3.87339710	31.42992600	0.03181681	32.77218200	-1.34225570	28.55880700	2.55065850	2.46335811
3.87711380	31.67231700	0.03157331	33.08893600	-1.41661870	28.55355100	2.55310504	2.46099757
3.88083050	31.92827000	0.03132021	33.44365500	-1.51538430	28.54829900	2.55555158	2.45864155
3.88454730	32.19761700	0.03105820	33.84231300	-1.64469610	28.54305200	2.55799818	2.45628998
3.88826400	32.51640700	0.03075370	34.29263200	-1.77622460	28.53780900	2.56044471	2.45394298
3.89198080	32.86328900	0.03042909	34.80424800	-1.94095900	28.53257100	2.56289130	2.45160039
3.89569750	33.30091100	0.03002921	35.38746100	-2.08655040	28.52733800	2.56533783	2.44926233
3.89941420	33.79541400	0.02958981	36.05584500	-2.26043100	28.52210900	2.56778435	2.44692873
3.90313100	34.38131700	0.02908556	36.82832100	-2.44700360	28.51688600	2.57023094	2.44459952
3.90684770	35.15455200	0.02844582	37.72573100	-2.57117890	28.51166600	2.57267745	2.44227480
3.91056450	36.16050000	0.02765448	38.77552900	-2.61502950	28.50645200	2.57512403	2.43995443
3.91428120	37.37566800	0.02675538	40.01660900	-2.64094190	28.50124300	2.57757055	2.43763854
3.91799800	39.03155900	0.02562029	41.50921800	-2.47765920	28.49603800	2.58001712	2.43532698
3.92171470	41.41380700	0.02414654	43.34921100	-1.93540440	28.49083800	2.58246363	2.43301986
3.92543140	44.79750800	0.02232267	45.73521100	-0.93770235	28.48564300	2.58491013	2.43071712
3.92914820	49.90789800	0.02003691	49.13136900	0.77652922	28.48045300	2.58735670	2.42841867
3.93286490	57.88744700	0.01727490	54.55145900	3.33598830	28.47526800	2.58980320	2.42612462
3.93658170	70.10863500	0.01426358	64.09235200	6.01628280	28.47008800	2.59224976	2.42383485
3.94029840	89.99226400	0.01111207	81.76278000	8.22948380	28.46491300	2.59469625	2.42154946
3.94401510	123.50124000	0.00809708	114.54969000	8.95155410	28.45974300	2.59714274	2.41926838
3.94773190	176.86781000	0.00565394	171.79597000	5.07184420	28.45457800	2.59958929	2.41699153
3.95144860	261.48062000	0.00382438	264.19721000	-2.71659190	28.44941800	2.60203578	2.41471903
3.95516540	390.95483000	0.00255784	400.64622000	-9.69138250	28.44426300	2.60448233	2.41245074
3.95888210	565.47766000	0.00176842	580.69790000	-15.22024000	28.43911400	2.60692881	2.41018677
3.96259880	778.45941000	0.00128459	790.01172000	-11.55231200	28.43396900	2.60937528	2.40792704
3.96631560	1001.50200000	0.00099850	998.48023000	3.02172180	28.42883000	2.61182182	2.40567150
3.97003230	1173.12260000	0.00085243	1160.83510000	12.28750800	28.42369600	2.61426829	2.40342023
3.97374910	1247.13480000	0.00080184	1231.65780000	15.47693300	28.41856700	2.61671483	2.40117312
3.97746580	1200.97660000	0.00083266	1187.10170000	13.87489100	28.41344400	2.61916129	2.39893027
3.98118260	1050.57590000	0.00095186	1041.43660000	9.13934090	28.40832500	2.62160782	2.39669155
3.98489930	837.37854000	0.00119420	839.30291000	-1.92436510	28.40321200	2.62405428	2.39445706
3.98861600	611.52747000	0.00163525	626.90642000	-15.37895100	28.39810500	2.62650074	2.39222674
3.99233280	422.97498000	0.00236421	438.09268000	-15.11770300	28.39300300	2.62894726	2.39000052
3.99604950	286.79880000	0.00348677	291.59911000	-4.80031730	28.38790600	2.63139371	2.38777849
3.99976630	192.30113000	0.00520018	189.48786000	2.81327690	28.38281500	2.63384022	2.38556054
4.00348300	131.90625000	0.00758114	124.93188000	6.97437450	28.37772900	2.63628667	2.38334676
4.00719970	96.17785600	0.01039740	87.58812300	8.58973360	28.37264800	2.63873311	2.38113710
4.01091650	73.97530400	0.01351802	67.16449100	6.81081250	28.36757300	2.64117962	2.37893147
4.01463320	60.08715800	0.01664249	56.14897300	3.93818510	28.36250400	2.64362606	2.37672998
4.01835000	51.66017900	0.01935727	50.00602900	1.65415050	28.35744000	2.64607256	2.37453251
4.02206670	46.04044700	0.02172003	46.27382500	-0.23337738	28.35238200	2.64851899	2.37233916
4.02578350	42.21532400	0.02368808	43.69644200	-1.48111780	28.34733000	2.65096549	2.37014980
4.02950020	39.66079700	0.02521382	41.74168900	-2.08089150	28.34228300	2.65341191	2.36796454
4.03321690	37.79055000	0.02646164	40.17182100	-2.38127120	28.33724100	2.65585834	2.36578330
4.03693370	36.44343200	0.02743979	38.86950400	-2.42607250	28.33220600	2.65830482	2.36360603
4.04065040	35.43298300	0.02822229	37.76854300	-2.33555990	28.32717600	2.66075124	2.36143282
4.04436720	34.60564400	0.02889702	36.82796900	-2.22232470	28.32215200	2.66319772	2.35926355
4.04808390	33.87185700	0.02952303	36.02000500	-2.14814870	28.31713400	2.66564414	2.35709832
4.05180060	33.30643100	0.03002423	35.31893100	-2.01250070	28.31212100	2.66809055	2.35493706
4.05551740	32.86056500	0.03043161	34.70678800	-1.84622280	28.30711400	2.67053702	2.35277971
4.05923410	32.54509700	0.03072659	34.16980600	-1.62470850	28.30211300	2.67298342	2.35062637
4.06295090	32.23901400	0.03101832	33.69628500	-1.45727140	28.29711800	2.67542989	2.34847691
4.06666760	31.94936600	0.03129953	33.27602400	-1.32665840	28.29212900	2.67787629	2.34633143
4.07038430	31.64718600	0.03159839	32.90134900	-1.25416270	28.28714600	2.68032268	2.34418988
4.07410110	31.39508400	0.03185212	32.56652200	-1.17143770	28.28216900	2.68276914	2.34205218
4.07781780	31.14438200	0.03210852	32.26550900	-1.12112680	28.27719700	2.68521553	2.33991843
4.08153460	30.93621800	0.03232457	31.99383600	-1.05761770	28.27223200	2.68766199	2.33778851
4.08525130	30.74098800	0.03252986	31.74796200	-1.00697460	28.26727300	2.69010837	2.33566252
4.08896810	30.59232500	0.03268794	31.52478000	-0.93245460	28.26232000	2.69255482	2.33354035
4.09268480	30.42968000	0.03286265	31.32129900	-0.89161930	28.25737200	2.69500120	2.33142208
4.09640150	30.22934000	0.03308044	31.13524400	-0.90590426	28.25243100	2.69744757	2.32930766
4.10011830	30.05101400	0.03327675	30.96488900	-0.91387482	28.24749600	2.69989401	2.32719702
4.10383500	29.92647200	0.03341523	30.80828900	-0.88181764	28.24256700	2.70234038	2.32509026
4.10755180	29.82940700	0.03352397	30.66393700	-0.83453036	28.23764500	2.70478682	2.32298726
4.11126850	29.69231600	0.03367875	30.53062400	-0.83830781	28.23272800	2.70723318	2.32088811
4.11498520	29.58370200	0.03380240	30.40728700	-0.82358506	28.22781800	2.70967954	2.31879276
4.11870200	29.46990400	0.03393292	30.29280300	-0.82289939	28.22291400	2.71212597	2.31670114
4.12241870	29.31784100	0.03410892	30.18632100	-0.86848010	28.21801600	2.71457232	2.31461334
4.12613550	29.17218000	0.03427923	30.08719100	-0.91501090	28.21312500	2.71701874	2.31252925
4.12985220	29.09775200	0.03436692	29.99465000	-0.89689797	28.20823900	2.71946509	2.31044897
4.13356900	29.04749300	0.03442638	29.90807500	-0.86058233	28.20336000	2.72191151	2.30837237
4.13728570	28.94723500	0.03454561	29.82697000	-0.87973453	28.19848800	2.72435785	2.30629956
4.14100240	28.85010500	0.03466192	29.75090400	-0.90079889	28.19362200	2.72680419	2.30423047
4.14471920	28.78856700	0.03473601	29.67937800	-0.89081177	28.18876200	2.72925060	2.30216504
4.14843590	28.72794700	0.03480931	29.61201900	-0.88407131	28.18390800	2.73169693	2.30010337
4.15215270	28.65150600	0.03490218	29.54854000	-0.89703382	28.17906100	2.73414333	2.29804533
4.15586940	28.60269700	0.03496174	29.48859800	-0.88590101	28.17422100	2.73658966	2.29599103
4.15958610	28.56433700	0.03500869	29.43189900	-0.86756188	28.16938700	2.73903599	2.29394040
4.16330290	28.52716300	0.03505431	29.37820500	-0.85104271	28.16455900	2.74148238	2.29189338
4.16701960	28.47633400	0.03511688	28.15973800	0.31659515	28.15973800	2.74392870	2.28985006
4.17073640	28.41310900	0.03519502	28.15492400	0.25818477	28.15492400	2.74637509	2.28781034
4.17445310	28.34871700	0.03527496	28.15011600	0.19860051	28.15011600	2.74882140	2.28577430
4.17816980	28.31164400	0.03532116	28.14531500	0.16632860	28.14531500	2.75126771	2.28374188
4.18188660	28.30380100	0.03533094	28.14052000	0.16328019	28.14052000	2.75371409	2.28171303
4.18560330	28.27671200	0.03536479	28.13573200	0.14098000	28.13573200	2.75616040	2.27968783
4.18932010	28.20790100	0.03545106	28.13095100	0.07694988	28.13095100	2.75860677	2.27766617
4.19303680	28.15511700	0.03551752	28.12617700	0.02894053	28.12617700	2.76105307	2.27564815
4.19675360	28.13348800	0.03554483	28.12140900	0.01207910	28.12140900	2.76349943	2.27363365
4.20047030	28.12302600	0.03555805	28.11664700	0.00637847	28.11664700	2.76594573	2.27162277
4.20418700	28.10895900	0.03557585	28.11189300	-0.00293380	28.11189300	2.76839202	2.26961545
4.20790380	28.08636900	0.03560446	28.10714500	-0.02077680	28.10714500	2.77083838	2.26761162
4.21162050	28.05115700	0.03564915	28.10240500	-0.05124751	28.10240500	2.77328466	2.26561138
4.21533730	28.00340500	0.03570994	28.09767000	-0.09426586	28.09767000	2.77573101	2.26361462
4.21905400	27.99357800	0.03572248	28.09294300	-0.09936533	28.09294300	2.77817729	2.26162143
4.22277070	28.01838900	0.03569085	28.08822300	-0.06983421	28.08822300	2.78062357	2.25963175
4.22648750	27.98022300	0.03573953	28.08351000	-0.10328682	28.08351000	2.78306991	2.25764551
4.23020420	27.91674200	0.03582080	28.07880300	-0.16206066	28.07880300	2.78551619	2.25566282
4.23392100	27.87669600	0.03587226	28.07410300	-0.19740773	28.07410300	2.78796252	2.25368356
4.23763770	27.86310600	0.03588975	28.06941100	-0.20630492	28.06941100	2.79040879	2.25170783
4.24135440	27.83301400	0.03592856	28.06472500	-0.23171146	28.06472500	2.79285505	2.24973556
4.24507120	27.82427000	0.03593985	28.06004600	-0.23577603	28.06004600	2.79530138	2.24776668
4.24878790	27.83760500	0.03592263	28.05537500	-0.21777006	28.05537500	2.79774763	2.24580131
4.25250470	27.83466300	0.03592643	28.05071000	-0.21604652	28.05071000	2.80019395	2.24383932
4.25622140	27.79109000	0.03598276	28.04605200	-0.25496228	28.04605200	2.80264021	2.24188081
4.25993820	27.74937100	0.03603685	28.04140200	-0.29203117	28.04140200	2.80508652	2.23992567
4.26365490	27.74276200	0.03604544	28.03675800	-0.29399668	28.03675800	2.80753277	2.23797399
4.26737160	27.73455000	0.03605611	28.03212200	-0.29757147	28.03212200	2.80997901	2.23602571
4.27108840	27.73688500	0.03605307	28.02749300	-0.29060767	28.02749300	2.81242531	2.23408077
4.27480510	27.72765200	0.03606508	28.02287100	-0.29521909	28.02287100	2.81487155	2.23213926
4.27852190	27.72681800	0.03606616	28.01825600	-0.29143773	28.01825600	2.81731785	2.23020108
4.28223860	27.71024100	0.03608774	28.01364800	-0.30340681	28.01364800	2.81976408	2.22826631
4.28595530	27.69240000	0.03611099	28.00904800	-0.31664768	28.00904800	2.82221031	2.22633490
4.28967210	27.66753800	0.03614344	28.00445400	-0.33691674	28.00445400	2.82465660	2.22440678
4.29338880	27.66058400	0.03615253	27.99986800	-0.33928495	27.99986800	2.82710282	2.22248206
4.29710560	27.68521300	0.03612037	27.99529000	-0.31007666	27.99529000	2.82954911	2.22056061
4.30082230	27.72330700	0.03607073	27.99071800	-0.26741168	27.99071800	2.83199532	2.21864254
4.30453910	27.70846200	0.03609006	27.98615400	-0.27769249	27.98615400	2.83444160	2.21672773
4.30825580	27.67197000	0.03613765	27.98159700	-0.30962712	27.98159700	2.83688781	2.21481628
4.31197250	27.61225900	0.03621580	27.97704800	-0.36478918	27.97704800	2.83933402	2.21290812
4.31568930	27.60949500	0.03621942	27.97250600	-0.36301090	27.97250600	2.84178029	2.21100320
4.31940600	27.63548300	0.03618536	27.96797100	-0.33248864	27.96797100	2.84422649	2.20910160
4.32312280	27.62644600	0.03619720	27.96344400	-0.33699844	27.96344400	2.84667276	2.20720323
4.32683950	27.61467700	0.03621263	27.95892400	-0.34424699	27.95892400	2.84911895	2.20530817
4.33055620	27.60677100	0.03622300	27.95441200	-0.34764061	27.95441200	2.85156514	2.20341637
4.33427300	27.61172100	0.03621650	27.94990700	-0.33818617	27.94990700	2.85401140	2.20152776
4.33798970	27.59600800	0.03623713	27.94541000	-0.34940153	27.94541000	2.85645758	2.19964243
4.34170650	27.61986500	0.03620582	27.94092000	-0.32105454	27.94092000	2.85890383	2.19776029
4.34542320	27.67863500	0.03612895	27.93643800	-0.25780298	27.93643800	2.86135001	2.19588141
4.34913990	27.70539300	0.03609406	27.93196300	-0.22656998	27.93196300	2.86379619	2.19400575
4.35285670	27.67309600	0.03613618	27.92749600	-0.25439990	27.92749600	2.86624243	2.19213324
4.35657340	27.66186500	0.03615085	27.92303600	-0.26117072	27.92303600	2.86868860	2.19026398
4.36029020	27.70017100	0.03610086	27.91858400	-0.21841339	27.91858400	2.87113484	2.18839785
4.36400690	27.68502200	0.03612061	27.91413900	-0.22911714	27.91413900	2.87358100	2.18653496
4.36772370	27.67141000	0.03613838	27.90970300	-0.23829310	27.90970300	2.87602723	2.18467518
4.37144040	27.67816400	0.03612957	27.90527400	-0.22711006	27.90527400	2.87847339	2.18281862
4.37515710	27.74378000	0.03604412	27.90085200	-0.15707200	27.90085200	2.88091954	2.18096521
4.37887390	27.78062800	0.03599631	27.89643800	-0.11581019	27.89643800	2.88336576	2.17911490
4.38259060	27.79638100	0.03597591	27.89203200	-0.09565136	27.89203200	2.88581191	2.17726778
4.38630740	27.85869400	0.03589544	27.88763400	-0.02893998	27.88763400	2.88825812	2.17542375
4.39002410	27.93005800	0.03580372	28.51963900	-0.58958122	27.88324400	2.89070427	2.17358288
4.39374080	27.94934300	0.03577902	28.53954600	-0.59020306	27.87886100	2.89315041	2.17174513
4.39745760	27.93177000	0.03580153	28.56086700	-0.62909634	27.87448600	2.89559661	2.16991044
4.40117430	27.94268600	0.03578754	28.58373300	-0.64104665	27.87011900	2.89804275	2.16807889
4.40489110	27.96354500	0.03576084	28.60826000	-0.64471486	27.86575900	2.90048895	2.16625039
4.40860780	27.98468600	0.03573383	28.63457000	-0.64988390	27.86140800	2.90293507	2.16442502
4.41232460	28.01012600	0.03570137	28.66281500	-0.65268875	27.85706400	2.90538127	2.16260268
4.41604130	28.04809400	0.03565305	28.69319500	-0.64510156	27.85272800	2.90782739	2.16078345
4.41975800	28.07948100	0.03561319	28.72585700	-0.64637631	27.84840000	2.91027351	2.15896729
4.42347480	28.10271300	0.03558375	28.76100200	-0.65828938	27.84408000	2.91271969	2.15715413
4.42719150	28.15439400	0.03551843	28.79888800	-0.64449387	27.83976800	2.91516580	2.15534406
4.43090830	28.21475000	0.03544245	28.83976400	-0.62501419	27.83546400	2.91761198	2.15353699
4.43462500	28.29650100	0.03534006	28.88388800	-0.58738725	27.83116800	2.92005809	2.15173299
4.43834170	28.37940000	0.03523683	28.93157800	-0.55217748	27.82688000	2.92250419	2.14993201
4.44205850	28.49480600	0.03509412	28.98326700	-0.48846051	27.82259900	2.92495036	2.14813400
4.44577520	28.58167600	0.03498745	29.03928700	-0.45761016	27.81832700	2.92739646	2.14633904
4.44949200	28.63961000	0.03491668	29.10008900	-0.46047881	27.81406300	2.92984262	2.14454704
4.45320870	28.71232600	0.03482825	29.16624900	-0.45392314	27.80980700	2.93228871	2.14275808
4.45692540	28.77444800	0.03475305	29.23836600	-0.46391772	27.80555900	2.93473480	2.14097210
4.46064220	28.83789300	0.03467660	29.31705700	-0.47916412	27.80131900	2.93718095	2.13918904
4.46435890	28.89452900	0.03460863	29.40308600	-0.50855672	27.79708700	2.93962703	2.13740901
4.46807570	29.00708600	0.03447434	29.49752300	-0.49043739	27.79286300	2.94207318	2.13563189
4.47179240	29.11199800	0.03435010	29.60124500	-0.48924741	27.78864800	2.94451925	2.13385778
4.47550920	29.18439100	0.03426489	29.71543400	-0.53104307	27.78444000	2.94696539	2.13208656
4.47922590	29.22897500	0.03421263	29.84159500	-0.61261988	27.78024100	2.94941146	2.13031833
4.48294260	29.24956100	0.03418855	29.98142100	-0.73185940	27.77605000	2.95185753	2.12855304
4.48665940	29.33057200	0.03409412	30.13668800	-0.80611569	27.77186700	2.95430366	2.12679062
4.49037610	29.44025400	0.03396710	30.30964800	-0.86939379	27.76769200	2.95674972	2.12503117
4.49409290	29.58543400	0.03380042	30.50342800	-0.91799438	27.76352600	2.95919584	2.12327458
4.49780960	29.71893100	0.03364859	30.72096000	-1.00202840	27.75936700	2.96164190	2.12152094
4.50152630	29.84210000	0.03350971	30.96608800	-1.12398810	27.75521700	2.96408795	2.11977020
4.50524310	30.05168700	0.03327600	31.24381400	-1.19212640	27.75107600	2.96653406	2.11802230
4.50895980	30.26988600	0.03303613	31.56022000	-1.29033390	27.74694200	2.96898011	2.11627733
4.51267660	30.53338100	0.03275104	31.92201300	-1.38863260	27.74281700	2.97142622	2.11453519
4.51639330	30.82290100	0.03244341	32.33799000	-1.51508960	27.73870000	2.97387226	2.11279597
4.52011000	31.18357300	0.03206817	32.82058700	-1.63701440	27.73459200	2.97631829	2.11105960
4.52382680	31.68051300	0.03156515	33.38333000	-1.70281620	27.73049200	2.97876439	2.10932604
4.52754350	32.26888700	0.03098960	34.04475100	-1.77586440	27.72640000	2.98121042	2.10759538
4.53126030	33.04570000	0.03026112	34.83219400	-1.78649390	27.72231700	2.98365651	2.10586751
4.53497700	34.08532000	0.02933814	35.79000200	-1.70468200	27.71824200	2.98610254	2.10414252
4.53869380	35.62764400	0.02806809	36.99562900	-1.36798560	27.71417500	2.98854862	2.10242031
4.54241050	37.85483900	0.02641670	38.61436400	-0.75952454	27.71011700	2.99099464	2.10070096
4.54612720	41.31964900	0.02420156	41.03076800	0.28888080	27.70606700	2.99344065	2.09898443
4.54984400	46.71352000	0.02140708	45.04206400	1.67145600	27.70202600	2.99588673	2.09727065
4.55356070	55.13505200	0.01813728	52.20012600	2.93492600	27.69799300	2.99833274	2.09555972
4.55727750	69.12893700	0.01446572	65.26922900	3.85970760	27.69396900	3.00077881	2.09385153
4.56099420	92.08511400	0.01085952	88.60860400	3.47650980	27.68995300	3.00322481	2.09214618
4.56471090	128.16354000	0.00780253	127.40282000	0.76072122	27.68594600	3.00567081	2.09044360
4.56842770	184.92543000	0.00540759	186.65377000	-1.72834410	27.68194700	3.00811687	2.08874375
4.57214440	263.98724000	0.00378806	269.04971000	-5.06246820	27.67795700	3.01056286	2.08704671
4.57586120	363.86002000	0.00274831	370.87088000	-7.01086030	27.67397500	3.01300891	2.08535238
4.57957790	480.34329000	0.00208184	480.74092000	-0.39762847	27.67000200	3.01545490	2.08366085
4.58329470	583.27698000	0.00171445	579.43820000	3.83878240	27.66603800	3.01790095	2.08197201
4.58701140	646.38806000	0.00154706	641.92022000	4.46783950	27.66208200	3.02034693	2.08028596
4.59072810	653.60071000	0.00152999	648.76821000	4.83250030	27.65813500	3.02279290	2.07860264
4.59444490	601.85870000	0.00166152	597.57627000	4.28243610	27.65419600	3.02523894	2.07692200
4.59816160	507.89386000	0.00196892	504.78248000	3.11138330	27.65026700	3.02768491	2.07524412
4.60187840	391.38062000	0.00255506	395.48923000	-4.10861060	27.64634500	3.03013094	2.07356891
4.60559510	282.97665000	0.00353386	290.55580000	-7.57914550	27.64243300	3.03257691	2.07189644
4.60931180	199.48198000	0.00501298	203.16535000	-3.68337410	27.63852900	3.03502287	2.07022668
4.61302860	138.84023000	0.00720252	138.79478000	0.04544218	27.63463400	3.03746889	2.06855956
4.61674530	98.30849500	0.01017206	95.75017100	2.55832350	27.63074700	3.03991484	2.06689517
4.62046210	73.24440800	0.01365292	69.38987100	3.85453660	27.62686900	3.04236086	2.06523342
4.62417880	57.86615000	0.01728126	54.43172600	3.43442370	27.62300000	3.04480681	2.06357438
4.62789550	48.34193800	0.02068597	46.22455300	2.11738500	27.61914000	3.04725275	2.06191800
4.63161230	42.49509800	0.02353213	41.66482700	0.83027114	27.61528900	3.04969876	2.06026425
4.63532900	38.79337700	0.02577760	38.97080000	-0.17742327	27.61144600	3.05214469	2.05861318
4.63904580	36.33335500	0.02752292	37.21058600	-0.87723079	27.60761200	3.05459069	2.05696472
4.64276250	34.73014100	0.02879343	35.92267900	-1.19253830	27.60378700	3.05703663	2.05531895
4.64647930	33.60717000	0.02975555	34.90988600	-1.30271560	27.59997100	3.05948262	2.05367576
4.65019600	32.75290700	0.03053164	34.08086000	-1.32795330	27.59616300	3.06192854	2.05203525
4.65391270	32.11949900	0.03113374	33.38593100	-1.26643160	27.59236500	3.06437447	2.05039736
4.65762950	31.63682200	0.03160874	32.79481300	-1.15799120	27.58857500	3.06682045	2.04876204
4.66134620	31.25164200	0.03199832	32.28749600	-1.03585410	27.58479400	3.06926637	2.04712937
4.66506300	30.98724200	0.03227135	31.84992300	-0.86268147	27.58102200	3.07171234	2.04549925
4.66877970	30.78445600	0.03248393	31.46881800	-0.68436141	27.57725900	3.07415825	2.04387178
4.67249640	30.60632500	0.03267299	31.13493500	-0.52860944	27.57350500	3.07660416	2.04224690
4.67621320	30.52548800	0.03275951	30.84116600	-0.31567840	27.56976000	3.07905013	2.04062456
4.67992990	30.44506300	0.03284605	30.58128700	-0.13622411	27.56602400	3.08149602	2.03900484
4.68364670	30.34620300	0.03295305	30.34999200	-0.00378955	27.56229700	3.08394199	2.03738765
4.68736340	30.17460100	0.03314045	30.14323800	0.03136263	27.55857800	3.08638788	2.03577306
4.69108020	30.10368300	0.03321853	29.95802300	0.14566052	27.55486900	3.08883383	2.03416100
4.69479690	30.02145200	0.03330951	29.79108000	0.23037161	27.55116800	3.09127972	2.03255153
4.69851360	29.87536800	0.03347239	29.64005900	0.23530908	27.54747700	3.09372560	2.03094460
4.70223040	29.66404900	0.03371084	29.50308900	0.16096004	27.54379500	3.09617155	2.02934017
4.70594710	29.49995800	0.03389835	29.37846800	0.12149035	27.54012100	3.09861742	2.02773833
4.70966390	29.36069900	0.03405913	29.26460900	0.09608956	27.53645700	3.10106336	2.02613896
4.71338060	29.26263400	0.03417327	29.16028800	0.10234605	27.53280200	3.10350923	2.02454217
4.71709730	29.18832200	0.03426028	29.06458800	0.12373402	27.52915600	3.10595510	2.02294789
4.72081410	29.10508200	0.03435826	28.97643200	0.12864966	27.52551900	3.10840103	2.02135608
4.72453080	28.99945100	0.03448341	28.89501500	0.10443546	27.52189100	3.11084689	2.01976681
4.72824760	28.92222000	0.03457549	28.81969100	0.10252916	27.51827200	3.11329281	2.01818001
4.73196430	28.85716100	0.03465344	28.74986500	0.10729557	27.51466200	3.11573866	2.01659574
4.73568100	28.78322600	0.03474246	28.68493300	0.09829266	27.51106100	3.11818451	2.01501396
4.73939780	28.70816200	0.03483330	28.62443100	0.08373090	27.50747000	3.12063043	2.01343461
4.74311450	28.66798200	0.03488212	28.56801100	0.09997075	27.50388700	3.12307627	2.01185779
4.74683130	28.62323600	0.03493665	28.51524200	0.10799321	27.50031400	3.12552217	2.01028339
4.75054800	28.57122400	0.03500025	28.46579000	0.10543372	27.49675000	3.12796801	2.00871150
4.75426480	28.52550300	0.03505635	28.41938600	0.10611708	27.49319500	3.13041391	2.00714202
4.75798150	28.48322700	0.03510838	28.37578500	0.10744137	27.48964900	3.13285974	2.00557504
4.76169820	28.47027200	0.03512436	28.33471700	0.13555480	27.48611300	3.13530557	2.00401051
4.76541500	28.46385200	0.03513228	28.29597600	0.16787614	27.48258600	3.13775146	2.00244837
4.76913170	28.44638300	0.03515385	28.25940700	0.18697513	27.47906800	3.14019728	2.00088872
4.77284850	28.44043700	0.03516120	28.22481500	0.21562211	27.47555900	3.14264316	1.99933145
4.77656520	28.44001000	0.03516173	28.19204000	0.24797038	27.47205900	3.14508898	1.99777665
4.78028190	28.47239300	0.03512174	28.16095300	0.31144024	27.46856900	3.14753479	1.99622426
4.78399870	28.44926300	0.03515030	28.13144300	0.31781992	27.46508800	3.14998066	1.99467425
4.78771540	28.40089800	0.03521015	28.10337200	0.29752604	27.46161600	3.15242646	1.99312669
4.79143220	28.35171500	0.03527123	27.45815300	0.89356174	27.45815300	3.15487233	1.99158148
4.79514890	28.35469800	0.03526752	27.45470000	0.89999806	27.45470000	3.15731813	1.99003872
4.79886570	28.37282900	0.03524499	27.45125600	0.92157323	27.45125600	3.15976399	1.98849830
4.80258240	28.38161700	0.03523407	27.44782200	0.93379498	27.44782200	3.16220978	1.98696031
4.80629910	28.36465300	0.03525515	27.44439600	0.92025629	27.44439600	3.16465556	1.98542469
4.81001590	28.35764100	0.03526386	27.44098000	0.91666081	27.44098000	3.16710141	1.98389142
4.81373260	28.33121100	0.03529676	27.43757400	0.89363727	27.43757400	3.16954719	1.98236055
4.81744940	28.32617000	0.03530304	27.43417700	0.89199337	27.43417700	3.17199304	1.98083200
4.82116610	28.31972500	0.03531108	27.43078900	0.88893630	27.43078900	3.17443881	1.97930585
4.82488280	28.34659600	0.03527760	27.42741000	0.91918550	27.42741000	3.17688458	1.97778205
4.82859960	28.34147800	0.03528398	27.42404100	0.91743718	27.42404100	3.17933041	1.97626056
4.83231630	28.35034000	0.03527295	27.42068100	0.92965841	27.42068100	3.18177618	1.97474145
4.83603310	28.31637400	0.03531526	27.41733100	0.89904263	27.41733100	3.18422201	1.97322464
4.83974980	28.26885000	0.03537463	27.41399000	0.85485999	27.41399000	3.18666776	1.97171019
4.84346650	28.24893400	0.03539957	27.41065900	0.83827489	27.41065900	3.18911352	1.97019807
4.84718330	28.26710300	0.03537681	27.40733700	0.85976630	27.40733700	3.19155933	1.96868823
4.85090000	28.28695100	0.03535199	27.40402400	0.88292673	27.40402400	3.19400508	1.96718075
4.85461680	28.29013400	0.03534801	27.40072100	0.88941318	27.40072100	3.19645089	1.96567553
4.85833350	28.29052000	0.03534753	27.39742800	0.89309209	27.39742800	3.19889663	1.96417266
4.86205030	28.29406000	0.03534311	27.39414300	0.89991629	27.39414300	3.20134243	1.96267205
4.86576700	28.32575600	0.03530356	27.39086900	0.93488728	27.39086900	3.20378817	1.96117377
4.86948370	28.35493100	0.03526724	27.38760400	0.96732727	27.38760400	3.20623390	1.95967777
4.87320050	28.41095700	0.03519769	27.38434800	1.02660940	27.38434800	3.20867969	1.95818402
4.87691720	28.45105600	0.03514808	27.38110200	1.06995380	27.38110200	3.21112541	1.95669259
4.88063400	28.47984900	0.03511255	27.37786500	1.10198370	27.37786500	3.21357120	1.95520339
4.88435070	28.51905600	0.03506427	27.37463800	1.14441830	27.37463800	3.21601692	1.95371650
4.88806740	28.54124500	0.03503701	27.37142000	1.16982410	27.37142000	3.21846263	1.95223187
4.89178420	28.54139100	0.03503683	27.36821200	1.17317900	27.36821200	3.22090841	1.95074945
4.89550090	28.51578100	0.03506830	27.36501400	1.15076750	27.36501400	3.22335411	1.94926933
4.89921770	28.53731700	0.03504184	27.36182500	1.17549230	27.36182500	3.22579988	1.94779141
4.90293440	28.61723300	0.03494398	27.35864600	1.25858760	27.35864600	3.22824558	1.94631578
4.90665110	28.70196300	0.03484082	27.35547600	1.34648750	27.35547600	3.23069128	1.94484238
4.91036790	28.74129900	0.03479314	27.35231600	1.38898290	27.35231600	3.23313704	1.94337117
4.91408460	28.77636900	0.03475074	27.34916500	1.42720390	27.34916500	3.23558273	1.94190223
4.91780140	28.82330300	0.03469415	27.34602400	1.47727900	27.34602400	3.23802848	1.94043547
4.92151810	28.86284600	0.03464662	27.34289300	1.51995350	27.34289300	3.24047416	1.93897096
4.92523490	28.85814300	0.03465227	27.33977100	1.51837170	27.33977100	3.24291991	1.93750863
4.92895160	28.86764700	0.03464086	28.79852800	0.06911950	27.33665900	3.24536558	1.93604854
4.93266830	28.91636100	0.03458250	28.85028000	0.06608105	27.33355700	3.24781125	1.93459066
4.93638510	29.02678700	0.03445094	28.90516200	0.12162467	27.33046400	3.25025699	1.93313493
4.94010180	29.10233100	0.03436151	28.96348100	0.13885008	27.32738100	3.25270266	1.93168143
4.94381860	29.10400800	0.03435953	29.02545100	0.07855645	27.32430700	3.25514838	1.93023007
4.94753530	29.12275700	0.03433741	29.09135500	0.03140154	27.32124300	3.25759404	1.92878094
4.95125200	29.19409800	0.03425350	29.16154700	0.03255009	27.31818900	3.26003970	1.92733399
4.95496880	29.33891300	0.03408443	29.23641600	0.10249659	27.31514500	3.26248542	1.92588916
4.95868550	29.43298100	0.03397549	29.31629800	0.11668301	27.31211000	3.26493107	1.92444654
4.96240230	29.52693900	0.03386738	29.40162700	0.12531223	27.30908500	3.26737678	1.92300605
4.96611900	29.58766400	0.03379787	29.49299500	0.09466821	27.30607000	3.26982242	1.92156775
4.96983580	29.66788500	0.03370648	29.59087200	0.07701235	27.30306400	3.27226812	1.92013156
4.97355250	29.78442800	0.03357459	29.69583900	0.08858870	27.30006800	3.27471376	1.91869756
4.97726920	29.95396200	0.03338456	29.80862000	0.14534263	27.29708200	3.27715939	1.91726571
4.98098600	30.08404300	0.03324021	29.93005900	0.15398416	27.29410600	3.27960508	1.91583595
4.98470270	30.18775600	0.03312601	30.06089900	0.12685702	27.29113900	3.28205071	1.91440836
4.98841950	30.30656800	0.03299615	30.20209600	0.10447233	27.28818200	3.28449639	1.91298286
4.99213620	30.44698700	0.03284397	30.35493800	0.09204943	27.28523500	3.28694201	1.91155952
4.99585290	30.60341600	0.03267609	30.52056100	0.08285535	27.28229800	3.28938763	1.91013831
4.99956970	30.74498700	0.03252563	30.70031900	0.04466803	27.27937000	3.29183330	1.90871916
5.00328640	30.91791700	0.03234371	30.89590600	0.02201166	27.27645200	3.29427891	1.90730217
5.00700320	31.08552700	0.03216931	31.10939800	-0.02387094	27.27354400	3.29672458	1.90588724
5.01071990	31.26274700	0.03198695	31.34268300	-0.07993615	27.27064600	3.29917018	1.90447445
5.01443660	31.43901100	0.03180762	31.59821400	-0.15920307	27.26775800	3.30161578	1.90306375
5.01815340	31.58943400	0.03165615	31.87925400	-0.28982058	27.26487900	3.30406144	1.90165511
5.02187010	31.80272500	0.03144385	32.18900400	-0.38627908	27.26201000	3.30650703	1.90024859
5.02558690	32.04952600	0.03120171	32.53121900	-0.48169289	27.25915100	3.30895268	1.89884411
5.02930360	32.29874000	0.03096096	32.91064500	-0.61190434	27.25630200	3.31139826	1.89744175
5.03302040	32.53522500	0.03073592	33.33341300	-0.79818840	27.25346300	3.31384391	1.89604142
5.03673710	32.82587800	0.03046377	33.80540500	-0.97952657	27.25063300	3.31628948	1.89464320
5.04045380	33.17470200	0.03014345	34.33437600	-1.15967480	27.24781400	3.31873505	1.89324704
5.04417060	33.55457700	0.02980219	34.93070300	-1.37612640	27.24500400	3.32118069	1.89185290
5.04788730	34.01334400	0.02940023	35.60566600	-1.59232200	27.24220400	3.32362626	1.89046085
5.05160410	34.51712800	0.02897112	36.37271700	-1.85558870	27.23941400	3.32607188	1.88907081
5.05532080	35.10507200	0.02848591	37.24929100	-2.14421880	27.23663400	3.32851744	1.88768286
5.05903750	35.88568900	0.02786626	38.25926000	-2.37357110	27.23386300	3.33096300	1.88629694
5.06275430	36.80956300	0.02716685	39.42767200	-2.61810950	27.23110300	3.33340861	1.88491302
5.06647100	37.91295600	0.02637621	40.78906600	-2.87610980	27.22835300	3.33585416	1.88353117
5.07018780	39.34639700	0.02541529	42.39307800	-3.04668080	27.22561200	3.33829977	1.88215132
5.07390450	41.28074600	0.02422437	44.30796300	-3.02721610	27.22288100	3.34074531	1.88077352
5.07762130	43.85430500	0.02280278	46.64367400	-2.78936860	27.22016000	3.34319092	1.87939770
5.08133800	47.59082400	0.02101245	49.61516100	-2.02433720	27.21745000	3.34563645	1.87802393
5.08505470	53.10871100	0.01882930	53.71241900	-0.60370813	27.21474900	3.34808198	1.87665217
5.08877150	61.54616500	0.01624797	59.94420500	1.60196090	27.21205800	3.35052757	1.87528238
5.09248820	74.95249900	0.01334178	70.40957300	4.54292630	27.20937700	3.35297310	1.87391462
5.09620500	96.53762800	0.01035865	89.22729900	7.31032890	27.20670500	3.35541868	1.87254882
5.09992170	131.13255000	0.00762587	123.37936000	7.75319150	27.20404400	3.35786420	1.87118506
5.10363840	188.39767000	0.00530792	182.72903000	5.66864400	27.20139300	3.36030971	1.86982327
5.10735520	279.06308000	0.00358342	279.18022000	-0.11713960	27.19875200	3.36275529	1.86846344
5.11107190	413.83340000	0.00241643	424.40272000	-10.56931700	27.19612000	3.36520079	1.86710562
5.11478870	608.37549000	0.00164372	620.70570000	-12.33020800	27.19349900	3.36764636	1.86574974
5.11850540	847.96350000	0.00117930	857.82413000	-9.86063370	27.19088700	3.37009186	1.86439586
5.12222210	1105.30210000	0.00090473	1107.97270000	-2.67053850	27.18828600	3.37253735	1.86304395
5.12593890	1337.13900000	0.00074787	1324.89840000	12.24068500	27.18569400	3.37498291	1.86169396
5.12965560	1470.29770000	0.00068013	1454.68060000	15.61711200	27.18311300	3.37742840	1.86034597
5.13337240	1470.77620000	0.00067991	1456.37870000	14.39755700	27.18054100	3.37987395	1.85899989
5.13708910	1334.93580000	0.00074910	1327.02430000	7.91144380	27.17798000	3.38231943	1.85765580
5.14080590	1109.09670000	0.00090163	1110.46610000	-1.36938090	27.17542800	3.38476497	1.85631362
5.14452260	851.70258000	0.00117412	860.58999000	-8.88741160	27.17288700	3.38721045	1.85497341
5.14823930	607.23962000	0.00164680	622.88615000	-15.64652200	27.17035500	3.38965592	1.85363514
5.15195610	415.60657000	0.00240612	426.33029000	-10.72372700	27.16783400	3.39210145	1.85229876
5.15567280	280.82449000	0.00356094	280.84401000	-0.01951199	27.16532200	3.39454691	1.85096435
5.15938960	190.32419000	0.00525419	183.29379000	7.03039820	27.16282100	3.39699244	1.84963182
5.16310630	132.46938000	0.00754891	123.78267000	8.68670100	27.16033000	3.39943789	1.84830125
5.16682300	97.17820700	0.01029037	89.52262900	7.65557870	27.15784800	3.40188335	1.84697259
5.17053980	75.58599100	0.01322996	70.51506600	5.07092490	27.15537700	3.40432886	1.84564581
5.17425650	62.04489900	0.01611736	59.94955700	2.09534150	27.15291500	3.40677431	1.84432097
5.17797330	53.51464500	0.01868647	53.70503400	-0.19038966	27.15046400	3.40921981	1.84299800
5.18169000	47.91175100	0.02087171	49.59133500	-1.67958400	27.14802300	3.41166525	1.84167696
5.18540680	44.13679100	0.02265684	46.59445300	-2.45766210	27.14559200	3.41411075	1.84035779
5.18912350	41.53327900	0.02407708	44.25046900	-2.71718950	27.14317100	3.41655618	1.83904053
5.19284020	39.58456400	0.02526237	42.32874100	-2.74417700	27.14075900	3.41900161	1.83772517
5.19655700	38.11247600	0.02623813	40.71583900	-2.60336220	27.13835800	3.42144710	1.83641165
5.20027370	37.02832400	0.02700635	39.34530100	-2.31697700	27.13596800	3.42389252	1.83510004
5.20399050	36.18144200	0.02763848	38.17106300	-1.98962100	27.13358700	3.42633800	1.83379027
5.20770720	35.45144700	0.02820759	37.15518000	-1.70373300	27.13121600	3.42878342	1.83248241
5.21142390	34.81815300	0.02872065	36.27072200	-1.45256830	27.12885500	3.43122882	1.83117642
5.21514070	34.27104900	0.02917915	35.49765700	-1.22660740	27.12650400	3.43367430	1.82987225
5.21885740	33.81584200	0.02957194	34.81716200	-1.00132060	27.12416400	3.43611970	1.82856997
5.22257420	33.40209200	0.02993824	34.21480600	-0.81271448	27.12183300	3.43856516	1.82726952
5.22629090	33.00921200	0.03029457	33.67945700	-0.67024467	27.11951300	3.44101056	1.82597095
5.23000760	32.67163100	0.03060759	33.20211300	-0.53048234	27.11720300	3.44345595	1.82467422
5.23372440	32.41368100	0.03085117	32.77397100	-0.36028972	27.11490200	3.44590140	1.82337931
5.23744110	32.17433900	0.03108067	32.38854500	-0.21420593	27.11261200	3.44834679	1.82208626
5.24115790	31.94884500	0.03130004	32.04083800	-0.09199323	27.11033200	3.45079223	1.82079502
5.24487460	31.71174800	0.03153405	31.72581100	-0.01406318	27.10806200	3.45323761	1.81950564
5.24859140	31.51413900	0.03173179	31.43933800	0.07480091	27.10580300	3.45568305	1.81821805
5.25230810	31.29936400	0.03194953	31.17816200	0.12120242	27.10355300	3.45812842	1.81693233
5.25602480	31.09762800	0.03215679	30.93965400	0.15797384	27.10131300	3.46057378	1.81564842
5.25974160	30.88116600	0.03238220	30.72093100	0.16023552	27.09908400	3.46301921	1.81436629
5.26345830	30.68183900	0.03259257	30.51986800	0.16197085	27.09686500	3.46546457	1.81308600
5.26717510	30.50896100	0.03277725	30.33480100	0.17416020	27.09465600	3.46790999	1.81180749
5.27089180	30.37233700	0.03292470	30.16398000	0.20835702	27.09245600	3.47035534	1.81053082
5.27460850	30.26511200	0.03304134	30.00588600	0.25922611	27.09026800	3.47280069	1.80925595
5.27832530	30.13464700	0.03318439	29.85930500	0.27534283	27.08808900	3.47524610	1.80798284
5.28204200	29.98724200	0.03334752	29.72328900	0.26395231	27.08592000	3.47769144	1.80671156
5.28575880	29.78720100	0.03357147	29.59667100	0.19052951	27.08376200	3.48013684	1.80544203
5.28947550	29.61865800	0.03376250	29.47860100	0.14005746	27.08161300	3.48258217	1.80417431
5.29319220	29.52665700	0.03386770	29.36840400	0.15825277	27.07947500	3.48502750	1.80290839
5.29690900	29.50381500	0.03389392	29.26536300	0.23845143	27.07734700	3.48747289	1.80164420
5.30062570	29.45229300	0.03395321	29.16881000	0.28348347	27.07522900	3.48991822	1.80038182
5.30434250	29.33549900	0.03408839	29.07821200	0.25728731	27.07312100	3.49236360	1.79912118
5.30805920	29.23997300	0.03419976	28.99317500	0.24679767	27.07102300	3.49480891	1.79786233
5.31177600	29.20000300	0.03424657	28.91315200	0.28685108	27.06893600	3.49725429	1.79660522
5.31549270	29.14911300	0.03430636	28.83774900	0.31136359	27.06685900	3.49969960	1.79534990
5.31920940	29.04730400	0.03442660	28.76665600	0.28064830	27.06479100	3.50214490	1.79409633
5.32292620	28.97722200	0.03450986	28.69953800	0.27768410	27.06273400	3.50459027	1.79284448
5.32664290	28.94667800	0.03454628	28.63606500	0.31061348	27.06068700	3.50703556	1.79159441
5.33035970	28.88402900	0.03462121	28.57597100	0.30805803	27.05865100	3.50948092	1.79034605
5.33407640	28.78882400	0.03473570	28.51907700	0.26974720	27.05662400	3.51192621	1.78909947
5.33779310	28.72160000	0.03481700	27.05460800	1.66699180	27.05460800	3.51437150	1.78785462
5.34150990	28.70908900	0.03483217	27.05260200	1.65648770	27.05260200	3.51681684	1.78661147
5.34522660	28.70925100	0.03483198	27.05060600	1.65864590	27.05060600	3.51926212	1.78537008
5.34894340	28.67356500	0.03487533	27.04862000	1.62494520	27.04862000	3.52170746	1.78413039
5.35266010	28.58338000	0.03498537	27.04664400	1.53673580	27.04664400	3.52415273	1.78289245
5.35637690	28.53268600	0.03504752	27.04467800	1.48800780	27.04467800	3.52659806	1.78165620
5.36009360	28.52832600	0.03505288	27.04272300	1.48560290	27.04272300	3.52904333	1.78042170
5.36381030	28.53026800	0.03505050	27.04077800	1.48948980	27.04077800	3.53148859	1.77918890
5.36752710	28.50167300	0.03508566	27.03884300	1.46282980	27.03884300	3.53393391	1.77795779
5.37124380	28.48569900	0.03510534	27.03691800	1.44878050	27.03691800	3.53637916	1.77672841
5.37496060	28.47864000	0.03511404	27.03500400	1.44363610	27.03500400	3.53882447	1.77550069
5.37867730	28.46643600	0.03512909	27.03309900	1.43333730	27.03309900	3.54126972	1.77427471
5.38239400	28.44126500	0.03516018	27.03120500	1.41006030	27.03120500	3.54371496	1.77305042
5.38611080	28.40934200	0.03519969	27.02932100	1.38002110	27.02932100	3.54616026	1.77182779
5.38982750	28.36465600	0.03525514	27.02744700	1.33720960	27.02744700	3.54860549	1.77060688
5.39354430	28.34287600	0.03528223	27.02558300	1.31729330	27.02558300	3.55105079	1.76938762
5.39726100	28.37494800	0.03524236	27.02373000	1.35121890	27.02373000	3.55349601	1.76817007
5.40097770	28.41094000	0.03519771	27.02188600	1.38905390	27.02188600	3.55594124	1.76695420
5.40469450	28.45114900	0.03514797	27.02005300	1.43109580	27.02005300	3.55838652	1.76573997
5.40841120	28.45460300	0.03514370	27.01823000	1.43637300	27.01823000	3.56083173	1.76452744
5.41212800	28.45879400	0.03513852	27.01641700	1.44237620	27.01641700	3.56327701	1.76331655
5.41584470	28.46677000	0.03512868	27.79668600	0.67008441	27.01461500	3.56572222	1.76210734
5.41956150	28.45394900	0.03514451	27.82373400	0.63021533	27.01282200	3.56816749	1.76089977
5.42327820	28.44008600	0.03516164	27.85241300	0.58767309	27.01104000	3.57061269	1.75969388
5.42699490	28.43359200	0.03516967	27.88286600	0.55072605	27.00926800	3.57305788	1.75848965
5.43071170	28.43384900	0.03516935	27.91520100	0.51864857	27.00750600	3.57550314	1.75728703
5.43442840	28.43730900	0.03516507	27.94956500	0.48774461	27.00575500	3.57794833	1.75608610
5.43814520	28.42359900	0.03518203	27.98615500	0.43744438	27.00401300	3.58039358	1.75488677
5.44186190	28.45597800	0.03514200	28.02513200	0.43084604	27.00228200	3.58283876	1.75368911
5.44557860	28.50229500	0.03508489	28.06668200	0.43561214	27.00056100	3.58528393	1.75249309
5.44929540	28.53788000	0.03504115	28.11103600	0.42684412	26.99885000	3.58772917	1.75129866
5.45301210	28.56295400	0.03501038	28.15847600	0.40447753	26.99715000	3.59017434	1.75010590
5.45672890	28.58788100	0.03497986	28.20922900	0.37865257	26.99545900	3.59261957	1.74891473
5.46044560	28.61071200	0.03495194	28.26359100	0.34712057	26.99377900	3.59506474	1.74772522
5.46416240	28.66821500	0.03488184	28.32196000	0.34625469	26.99210900	3.59750996	1.74653729
5.46787910	28.72169500	0.03481689	28.38469000	0.33700462	26.99044900	3.59995511	1.74535101
5.47159580	28.75883500	0.03477192	28.45217800	0.30665725	26.98879900	3.60240026	1.74416635
5.47531260	28.79680100	0.03472608	28.52491300	0.27188752	26.98716000	3.60484548	1.74298326
5.47902930	28.86518900	0.03464381	28.60352800	0.26166094	26.98553000	3.60729062	1.74180180
5.48274610	28.92425000	0.03457307	28.68853800	0.23571192	26.98391100	3.60973582	1.74062192
5.48646280	28.98827400	0.03449671	28.78063100	0.20764251	26.98230200	3.61218096	1.73944367
5.49017950	29.06918300	0.03440069	28.88070300	0.18848061	26.98070400	3.61462609	1.73826702
5.49389630	29.12398100	0.03433597	28.98963700	0.13434462	26.97911500	3.61707128	1.73709192
5.49761300	29.18658100	0.03426232	29.10840300	0.07817780	26.97753700	3.61951641	1.73591845
5.50132980	29.26229500	0.03417367	29.23820800	0.02408682	26.97596900	3.62196159	1.73474653
5.50504650	29.39298800	0.03402172	29.38066400	0.01232397	26.97441100	3.62440671	1.73357623
5.50876320	29.51823800	0.03387736	29.53716500	-0.01892674	26.97286300	3.62685182	1.73240750
5.51248000	29.61135500	0.03377083	29.70956800	-0.09821312	26.97132500	3.62929700	1.73124032
5.51619670	29.69356000	0.03367734	29.90028600	-0.20672609	26.96979800	3.63174210	1.73007475
5.51991350	29.81076200	0.03354493	30.11192000	-0.30115808	26.96828100	3.63418727	1.72891071
5.52363020	29.97702400	0.03335888	30.34735600	-0.37033152	26.96677400	3.63663236	1.72774828
5.52734700	30.17843400	0.03313625	30.61022800	-0.43179314	26.96527700	3.63907752	1.72658737
5.53106370	30.35158700	0.03294721	30.90558700	-0.55399946	26.96379000	3.64152261	1.72542806
5.53478040	30.55572500	0.03272709	31.23814900	-0.68242342	26.96231400	3.64396770	1.72427031
5.53849720	30.77899000	0.03248969	31.61427300	-0.83528367	26.96084700	3.64641285	1.72311408
5.54221390	31.01996200	0.03223731	32.04234500	-1.02238270	26.95939100	3.64885792	1.72195943
5.54593070	31.34355500	0.03190449	32.53228000	-1.18872480	26.95794500	3.65130306	1.72080630
5.54964740	31.75044100	0.03149563	33.09554000	-1.34509960	26.95651000	3.65374813	1.71965474
5.55336410	32.26730000	0.03099113	33.74718900	-1.47988980	26.95508400	3.65619320	1.71850473
5.55708090	32.91244900	0.03038364	34.50928800	-1.59683950	26.95366900	3.65863833	1.71735622
5.56079760	33.73239100	0.02964510	35.40678900	-1.67439800	26.95226300	3.66108339	1.71620929
5.56451440	34.77133200	0.02875932	36.47892100	-1.70758870	26.95086800	3.66352851	1.71506385
5.56823110	36.29088600	0.02755513	37.79524000	-1.50435410	26.94948300	3.66597356	1.71391997
5.57194780	38.42113900	0.02602734	39.49295400	-1.07181470	26.94810900	3.66841861	1.71277762
5.57566460	41.54111900	0.02407253	41.85475500	-0.31363607	26.94674400	3.67086372	1.71163677
5.57938130	46.34014100	0.02157956	45.48471900	0.85542180	26.94539000	3.67330876	1.71049746
5.58309810	54.04124800	0.01850438	51.68387900	2.35736960	26.94404500	3.67575386	1.70935965
5.58681480	66.22991900	0.01509892	62.75328600	3.47663380	26.94271100	3.67819889	1.70822337
5.59053160	86.30410000	0.01158693	82.44870800	3.85539170	26.94138700	3.68064398	1.70708858
5.59424830	119.11005000	0.00839560	116.21304000	2.89701730	26.94007400	3.68308901	1.70595533
5.59796500	169.35490000	0.00590476	170.44416000	-1.08926030	26.93877000	3.68553403	1.70482358
5.60168180	245.59978000	0.00407166	249.93509000	-4.33531360	26.93747700	3.68797911	1.70369330
5.60539850	350.07626000	0.00285652	355.62361000	-5.54734640	26.93619300	3.69042412	1.70256456
5.60911530	476.07037000	0.00210053	481.54347000	-5.47310090	26.93492000	3.69286919	1.70143728
5.61283200	612.98035000	0.00163137	611.77007000	1.21027730	26.93365700	3.69531420	1.70031152
5.61654870	727.98712000	0.00137365	722.51127000	5.47584690	26.93240400	3.69775920	1.69918726
5.62026550	791.11957000	0.00126403	785.69590000	5.42367080	26.93116100	3.70020426	1.69806445
5.62398220	785.88916000	0.00127244	780.47090000	5.41826450	26.92992900	3.70264925	1.69694315
5.62769900	713.53058000	0.00140148	709.56911000	3.96147100	26.92870600	3.70509431	1.69582331
5.63141570	596.00427000	0.00167784	594.73973000	1.26454500	26.92749400	3.70753929	1.69470498
5.63513250	458.13943000	0.00218274	463.73443000	-5.59499320	26.92629200	3.70998434	1.69358809
5.63884920	331.98285000	0.00301220	340.00189000	-8.01903650	26.92510000	3.71242932	1.69247271
5.64256590	233.57826000	0.00428122	237.48784000	-3.90958130	26.92391800	3.71487429	1.69135880
5.64628270	162.24336000	0.00616358	161.52094000	0.72242648	26.92274600	3.71731933	1.69024632
5.64999940	114.12566000	0.00876227	110.65016000	3.47550500	26.92158500	3.71976429	1.68913534
5.65371620	83.34817500	0.01199786	79.09520100	4.25297410	26.92043300	3.72220932	1.68802578
5.65743290	64.59529900	0.01548100	60.76858500	3.82671420	26.91929200	3.72465428	1.68691772
5.66114960	52.89049100	0.01890699	50.59553300	2.29495830	26.91816000	3.72709923	1.68581111
5.66486640	45.54267100	0.02195743	44.86841300	0.67425825	26.91703900	3.72954425	1.68470593
5.66858310	40.98875800	0.02439693	41.44434000	-0.45558189	26.91592800	3.73198919	1.68360222
5.67229990	37.98680900	0.02632493	39.19498700	-1.20817780	26.91482700	3.73443420	1.68249994
5.67601660	35.95930500	0.02780921	37.56391100	-1.60460620	26.91373600	3.73687914	1.68139912
5.67973330	34.57265900	0.02892459	36.28330400	-1.71064580	26.91265600	3.73932407	1.68029975
5.68345010	33.54892300	0.02980722	35.23387400	-1.68495010	26.91158500	3.74176907	1.67920179
5.68716680	32.75115200	0.03053328	34.35510600	-1.60395400	26.91052400	3.74421400	1.67810529
5.69088360	32.13149300	0.03112211	33.60785200	-1.47635950	26.90947400	3.74665898	1.67701019
5.69460030	31.64402600	0.03160154	32.96585700	-1.32183130	26.90843300	3.74910390	1.67591656
5.69831710	31.24730900	0.03200276	32.41050000	-1.16319160	26.90740300	3.75154888	1.67482432
5.70203380	30.92417900	0.03233716	31.92786200	-1.00368310	26.90638300	3.75399379	1.67373354
5.70575050	30.61985800	0.03265854	31.50487300	-0.88501570	26.90537300	3.75643870	1.67264417
5.70946730	30.39677000	0.03289823	31.13221900	-0.73544863	26.90437300	3.75888367	1.67155620
5.71318400	30.20353900	0.03310870	30.80276200	-0.59922295	26.90338300	3.76132857	1.67046967
5.71690080	30.01446900	0.03331726	30.50993300	-0.49546335	26.90240300	3.76377353	1.66938453
5.72061750	29.79161300	0.03356649	30.24830000	-0.45668721	26.90143300	3.76621842	1.66830083
5.72433420	29.62868300	0.03375108	30.01366400	-0.38498129	26.90047300	3.76866331	1.66721853
5.72805100	29.47601500	0.03392589	29.80281100	-0.32679640	26.89952300	3.77110825	1.66613761
5.73176770	29.32341800	0.03410244	29.61226900	-0.28885166	26.89858400	3.77355313	1.66505813
5.73548450	29.19759200	0.03424940	29.43953200	-0.24193976	26.89765400	3.77599807	1.66398001
5.73920120	29.09480500	0.03437040	29.28261700	-0.18781203	26.89673400	3.77844294	1.66290332
5.74291800	28.98146400	0.03450481	29.13961700	-0.15815289	26.89582500	3.78088788	1.66182799
5.74663470	28.85586000	0.03465501	29.00883100	-0.15297090	26.89492500	3.78333274	1.66075409
5.75035140	28.71672400	0.03482291	28.88891600	-0.17219132	26.89403600	3.78577760	1.65968157
5.75406820	28.59521100	0.03497089	28.77887600	-0.18366510	26.89315700	3.78822252	1.65861041
5.75778490	28.50035700	0.03508728	28.67748500	-0.17712809	26.89228700	3.79066737	1.65754066
5.76150170	28.45786700	0.03513967	28.58386200	-0.12599580	26.89142800	3.79311228	1.65647227
5.76521840	28.40276500	0.03520784	28.49730100	-0.09453547	26.89057800	3.79555713	1.65540528
5.76893510	28.31522900	0.03531668	28.41710500	-0.10187551	26.88973900	3.79800197	1.65433967
5.77265190	28.18351200	0.03548174	28.34260700	-0.15909522	26.88891000	3.80044687	1.65327540
5.77636860	28.11393700	0.03556955	28.27328100	-0.15934338	26.88809000	3.80289170	1.65221253
5.78008540	28.06250200	0.03563474	28.20874300	-0.14624071	26.88728100	3.80533659	1.65115100
5.78380210	28.04766300	0.03565360	28.14848100	-0.10081832	26.88648200	3.80778141	1.65009086
5.78751880	28.00288600	0.03571060	28.09212300	-0.08923742	26.88569200	3.81022623	1.64903208
5.79123560	27.95474200	0.03577211	28.03936800	-0.08462537	26.88491300	3.81267111	1.64797464
5.79495230	27.90204400	0.03583967	27.98992000	-0.08787609	26.88414400	3.81511592	1.64691858
5.79866910	27.84967400	0.03590706	27.94347400	-0.09380025	26.88338400	3.81756080	1.64586385
5.80238580	27.80157700	0.03596918	27.89979200	-0.09821525	26.88263500	3.82000560	1.64481050
5.80610260	27.74418400	0.03604359	27.85870000	-0.11451580	26.88189500	3.82245047	1.64375846
5.80981930	27.73596000	0.03605428	27.81996000	-0.08399980	26.88116600	3.82489526	1.64270781
5.81353600	27.70559500	0.03609379	27.78339000	-0.07779452	26.88044600	3.82734005	1.64165849
5.81725280	27.66042300	0.03615274	27.74884400	-0.08842071	26.87973700	3.82978490	1.64061049
5.82096950	27.58692400	0.03624906	27.71618400	-0.12926082	26.87903700	3.83222969	1.63956386
5.82468630	27.51789300	0.03633999	27.68525300	-0.16736030	26.87834800	3.83467453	1.63851854
5.82840300	27.49181600	0.03637446	27.65593000	-0.16411452	26.87766800	3.83711931	1.63747458
5.83211970	27.51156800	0.03634835	26.87699800	0.63456991	26.87699800	3.83956408	1.63643194
5.83583650	27.52284600	0.03633345	26.87633800	0.64650789	26.87633800	3.84200891	1.63539061
5.83955320	27.52579900	0.03632955	26.87568800	0.65011037	26.87568800	3.84445367	1.63435064
5.84327000	27.49652100	0.03636824	26.87504800	0.62147255	26.87504800	3.84689850	1.63331196
5.84698670	27.46607000	0.03640856	26.87441800	0.59165179	26.87441800	3.84934325	1.63227462
5.85070350	27.42605800	0.03646167	26.87379800	0.55225958	26.87379800	3.85178807	1.63123858
5.85442020	27.39503900	0.03650296	26.87318800	0.52185060	26.87318800	3.85423281	1.63020388
5.85813690	27.37082500	0.03653525	26.87258800	0.49823715	26.87258800	3.85667756	1.62917050
5.86185370	27.35484700	0.03655659	26.87199700	0.48284972	26.87199700	3.85912236	1.62813840
5.86557040	27.33511200	0.03658299	26.87141700	0.46369494	26.87141700	3.86156710	1.62710764
5.86928720	27.32756800	0.03659308	26.87084600	0.45672203	26.87084600	3.86401189	1.62607815
5.87300390	27.30812300	0.03661914	26.87028500	0.43783739	26.87028500	3.86645662	1.62504999
5.87672060	27.29734600	0.03663360	26.86973400	0.42761178	26.86973400	3.86890134	1.62402314
5.88043740	27.28257800	0.03665343	26.86919300	0.41338420	26.86919300	3.87134612	1.62299756
5.88415410	27.26303500	0.03667970	26.86866200	0.39437268	26.86866200	3.87379084	1.62197330
5.88787090	27.21801400	0.03674037	26.86814100	0.34987292	26.86814100	3.87623561	1.62095031
5.89158760	27.17071500	0.03680433	26.86762900	0.30308594	26.86762900	3.87868032	1.61992863
5.89530430	27.11455700	0.03688056	26.86712800	0.24742949	26.86712800	3.88112502	1.61890825
5.89902110	27.08965900	0.03691445	26.86663600	0.22302272	26.86663600	3.88356978	1.61788912
5.90273780	27.10132600	0.03689856	26.86615400	0.23517189	26.86615400	3.88601448	1.61687131
5.90645460	27.09764100	0.03690358	26.86568200	0.23195898	26.86568200	3.88845923	1.61585475
5.91017130	27.10997200	0.03688680	26.86522000	0.24475226	26.86522000	3.89090392	1.61483949
5.91388810	27.08680300	0.03691835	26.86476700	0.22203615	26.86476700	3.89334867	1.61382549
5.91760480	27.07979200	0.03692790	26.86432500	0.21546736	26.86432500	3.89579334	1.61281278
5.92132150	27.05842800	0.03695706	26.86389200	0.19453598	26.86389200	3.89823802	1.61180135
5.92503830	27.04198100	0.03697954	26.86346900	0.17851193	26.86346900	3.90068275	1.61079116
5.92875500	27.02981900	0.03699618	26.86305600	0.16676391	26.86305600	3.90312742	1.60978227
5.93247180	27.02396400	0.03700419	26.86265200	0.16131179	26.86265200	3.90557214	1.60877461
5.93618850	27.04614300	0.03697385	26.86225800	0.18388409	26.86225800	3.90801680	1.60776824
5.93990520	27.05973800	0.03695527	26.86187500	0.19786355	26.86187500	3.91046145	1.60676314
5.94362200	27.02559500	0.03700196	26.86150100	0.16409421	26.86150100	3.91290617	1.60575926
5.94733870	26.97487300	0.03707154	26.86113600	0.11373643	26.86113600	3.91535081	1.60475666
5.95105550	26.94540400	0.03711208	26.86078200	0.08462247	26.86078200	3.91779552	1.60375530
5.95477220	26.98132300	0.03706267	26.86043700	0.12088649	26.86043700	3.92024015	1.60275520
5.95848890	26.98625000	0.03705591	26.86010200	0.12614826	26.86010200	3.92268478	1.60175636
5.96220570	26.97373000	0.03707311	26.85977600	0.11395377	26.85977600	3.92512948	1.60075874
5.96592240	26.97121600	0.03707656	26.85946100	0.11175549	26.85946100	3.92757410	1.59976238
5.96963920	26.97057300	0.03707745	26.85915500	0.11141861	26.85915500	3.93001879	1.59876724
5.97335590	26.97564100	0.03707048	26.85885900	0.11678260	26.85885900	3.93246340	1.59777337
5.97707270	26.96510500	0.03708497	26.85857200	0.10653286	26.85857200	3.93490808	1.59678071
5.98078940	26.96839700	0.03708044	26.85829500	0.11010168	26.85829500	3.93735269	1.59578930
5.98450610	26.97113600	0.03707667	26.85802800	0.11310768	26.85802800	3.93979729	1.59479913
5.98822290	26.99914000	0.03703822	26.85777100	0.14136873	26.85777100	3.94224196	1.59381017
5.99193960	26.99078800	0.03704968	26.85752300	0.13326411	26.85752300	3.94468655	1.59282245
5.99565640	26.95376800	0.03710057	26.85728500	0.09648237	26.85728500	3.94713121	1.59183594
5.99937310	26.94632100	0.03711082	26.85705700	0.08926439	26.85705700	3.94957579	1.59085067
6.00308980	26.97974600	0.03706484	26.85683800	0.12290741	26.85683800	3.95202038	1.58986663
6.00680660	27.00193600	0.03703438	26.85662900	0.14530649	26.85662900	3.95446502	1.58888377
6.01052330	26.99299600	0.03704665	26.85643000	0.13656608	26.85643000	3.95690959	1.58790216
6.01424010	26.95514700	0.03709867	26.85624000	0.09890634	26.85624000	3.95935423	1.58692174
6.01795680	26.94443900	0.03711341	26.85606000	0.08837853	26.85606000	3.96179879	1.58594256
6.02167360	26.93437200	0.03712728	26.85589000	0.07848197	26.85589000	3.96424342	1.58496455
6.02539030	26.91350400	0.03715607	26.85572900	0.05777447	26.85572900	3.96668798	1.58398779
6.02910700	26.90814800	0.03716346	26.85557800	0.05256980	26.85557800	3.96913253	1.58301222
6.03282380	26.92941300	0.03713412	26.85543600	0.07397640	26.85543600	3.97157715	1.58203783
6.03654050	26.94067800	0.03711859	26.85530400	0.08537317	26.85530400	3.97402169	1.58106467
6.04025730	26.93269000	0.03712960	26.85518200	0.07750757	26.85518200	3.97646630	1.58009268
6.04397400	26.90457500	0.03716840	26.85506900	0.04950603	26.85506900	3.97891083	1.57912192
6.04769070	26.89851400	0.03717678	26.85496600	0.04354767	26.85496600	3.98135537	1.57815234
6.05140750	26.90764400	0.03716416	26.85487200	0.05277178	26.85487200	3.98379996	1.57718394
6.05512420	26.93709600	0.03712353	26.85478800	0.08230721	26.85478800	3.98624448	1.57621675
6.05884100	26.97038100	0.03707771	26.85471400	0.11566686	26.85471400	3.98868907	1.57525071
6.06255770	26.96097600	0.03709065	26.85464900	0.10632668	26.85464900	3.99113359	1.57428589
6.06627440	26.93542300	0.03712583	26.85459400	0.08082934	26.85459400	3.99357810	1.57332226
6.06999120	26.93310700	0.03712902	26.85454800	0.07855970	26.85454800	3.99602267	1.57235978
6.07370790	26.95208500	0.03710288	26.85451100	0.09757416	26.85451100	3.99846717	1.57139850
6.07742470	26.97008700	0.03707812	26.85448500	0.11560255	26.85448500	4.00091174	1.57043837
6.08114140	26.94912900	0.03710695	26.85446700	0.09466191	26.85446700	4.00335623	1.56947944
6.08485820	26.92711400	0.03713729	26.85445900	0.07265511	26.85445900	4.00580079	1.56852166
6.08857490	26.95840600	0.03709418	26.85446100	0.10394538	26.85446100	4.00824527	1.56756508
6.09229160	26.99933400	0.03703795	26.85447200	0.14486210	26.85447200	4.01068976	1.56660966
6.09600840	27.02306200	0.03700543	26.85449300	0.16856885	26.85449300	4.01313430	1.56565538
6.09972510	27.03686000	0.03698654	26.85452300	0.18233648	26.85452300	4.01557877	1.56470229
6.10344190	27.02169800	0.03700730	26.85456300	0.16713538	26.85456300	4.01802331	1.56375034
6.10715860	27.01127600	0.03702158	26.85461200	0.15666458	26.85461200	4.02046777	1.56279957
6.11087530	27.00837900	0.03702555	26.85467000	0.15370880	26.85467000	4.02291223	1.56184996
6.11459210	27.00841900	0.03702549	26.85473800	0.15368092	26.85473800	4.02535676	1.56090148
6.11830880	27.01075200	0.03702229	26.85481500	0.15593623	26.85481500	4.02780121	1.55995417
6.12202560	27.00253900	0.03703356	26.85490200	0.14763639	26.85490200	4.03024572	1.55900800
6.12574230	27.01590300	0.03701523	26.85499900	0.16090496	26.85499900	4.03269017	1.55806299
6.12945910	26.99009900	0.03705062	26.85510400	0.13499481	26.85510400	4.03513467	1.55711911
6.13317580	26.97609500	0.03706986	26.85521900	0.12087604	26.85521900	4.03757911	1.55617640
6.13689250	26.97547500	0.03707071	26.85534400	0.12013173	26.85534400	4.04002354	1.55523483
6.14060930	26.99484600	0.03704411	26.85547700	0.13936896	26.85547700	4.04246803	1.55429437
6.14432600	27.01638600	0.03701457	26.85562100	0.16076548	26.85562100	4.04491245	1.55335508
6.14804280	27.03331200	0.03699140	26.85577300	0.17753874	26.85577300	4.04735694	1.55241690
6.15175950	27.03196300	0.03699324	26.85593500	0.17602835	26.85593500	4.04980135	1.55147988
6.15547620	27.02707300	0.03699994	26.85610600	0.17096666	26.85610600	4.05224576	1.55054399
6.15919300	26.99162300	0.03704853	26.85628700	0.13533608	26.85628700	4.05469023	1.54960921
6.16290970	26.99621600	0.03704223	26.85647700	0.13973906	26.85647700	4.05713463	1.54867557
6.16662650	27.02933300	0.03699684	26.85667600	0.17265710	26.85667600	4.05957909	1.54774304
6.17034320	27.07447400	0.03693516	26.85688500	0.21758976	26.85688500	4.06202349	1.54681166
6.17405990	27.08224100	0.03692457	26.85710200	0.22513862	26.85710200	4.06446788	1.54588140
6.17777670	27.06754500	0.03694461	26.85733000	0.21021533	26.85733000	4.06691233	1.54495224
6.18149340	27.05308000	0.03696437	26.85756600	0.19551355	26.85756600	4.06935671	1.54402422
6.18521020	27.07323800	0.03693685	26.85781200	0.21542657	26.85781200	4.07180115	1.54309729
6.18892690	27.09242800	0.03691068	26.85806700	0.23436140	26.85806700	4.07424552	1.54217150
6.19264370	27.12961400	0.03686009	26.85833100	0.27128280	26.85833100	4.07668995	1.54124679
6.19636040	27.13126800	0.03685784	26.85860500	0.27266295	26.85860500	4.07913431	1.54032322
6.20007710	27.11744100	0.03687664	26.85888700	0.25855381	26.85888700	4.08157867	1.53940076
6.20379390	27.08969100	0.03691441	26.85917900	0.23051179	26.85917900	4.08402309	1.53847938
6.20751060	27.09641100	0.03690526	26.85948100	0.23693015	26.85948100	4.08646744	1.53755913
6.21122740	27.14992100	0.03683252	26.85979100	0.29013037	26.85979100	4.08891185	1.53663995
6.21494410	27.17854300	0.03679373	26.86011100	0.31843238	26.86011100	4.09135619	1.53572190
6.21866080	27.18206000	0.03678897	26.86044000	0.32162068	26.86044000	4.09380053	1.53480495
6.22237760	27.15424500	0.03682665	26.86077800	0.29346777	26.86077800	4.09624493	1.53388907
6.22609430	27.16123800	0.03681717	26.86112500	0.30011289	26.86112500	4.09868926	1.53297430
6.22981110	27.19001800	0.03677820	26.86148100	0.32853647	26.86148100	4.10113365	1.53206061
6.23352780	27.23423400	0.03671849	26.86184700	0.37238707	26.86184700	4.10357797	1.53114803
6.23724460	27.26781100	0.03667328	26.86222200	0.40558932	26.86222200	4.10602235	1.53023651
6.24096130	27.27624300	0.03666194	26.86260500	0.41363785	26.86260500	4.10846666	1.52932610
6.24467800	27.27365500	0.03666542	26.86299800	0.41065659	26.86299800	4.11091097	1.52841678
6.24839480	27.28231200	0.03665379	26.86340000	0.41891193	26.86340000	4.11335533	1.52750852
6.25211150	27.29412700	0.03663792	26.86381200	0.43031482	26.86381200	4.11579963	1.52660136
6.25582830	27.27376200	0.03666528	26.86423200	0.40952972	26.86423200	4.11824399	1.52569525
6.25954500	27.22253600	0.03673427	26.86466100	0.35787463	26.86466100	4.12068828	1.52479025
6.26326170	27.23366700	0.03671926	27.17487900	0.05878849	26.86510000	4.12313257	1.52388632
6.26697850	27.27938700	0.03665772	27.18556700	0.09381981	26.86554800	4.12557691	1.52298344
6.27069520	27.30539700	0.03662280	27.19677600	0.10862103	26.86600400	4.12802119	1.52208165
6.27441200	27.32105300	0.03660181	27.20854100	0.11251135	26.86647000	4.13046553	1.52118091
6.27812870	27.33361200	0.03658499	27.22091000	0.11270237	26.86694500	4.13290980	1.52028126
6.28184540	27.35156400	0.03656098	27.23391700	0.11764725	26.86742900	4.13535406	1.51938267
6.28556220	27.33791900	0.03657923	27.24760400	0.09031476	26.86792100	4.13779838	1.51848513
6.28927890	27.35284400	0.03655927	27.26202500	0.09081947	26.86842300	4.14024264	1.51758867
6.29299570	27.37004100	0.03653630	27.27724000	0.09280117	26.86893400	4.14268695	1.51669324
6.29671240	27.40510900	0.03648955	27.29329700	0.11181281	26.86945400	4.14513120	1.51579890
6.30042920	27.44250300	0.03643983	27.31025900	0.13224406	26.86998300	4.14757551	1.51490559
6.30414590	27.48251000	0.03638678	27.32821200	0.15429727	26.87052100	4.15001974	1.51401335
6.30786260	27.49221400	0.03637394	27.34722600	0.14498806	26.87106700	4.15246398	1.51312217
6.31157940	27.49299600	0.03637290	27.36738000	0.12561635	26.87162300	4.15490827	1.51223201
6.31529610	27.50458000	0.03635758	27.38877300	0.11580690	26.87218800	4.15735250	1.51134293
6.31901290	27.53154800	0.03632197	27.41152600	0.12002109	26.87276100	4.15979678	1.51045487
6.32272960	27.55238200	0.03629450	27.43573600	0.11664515	26.87334400	4.16224100	1.50956788
6.32644630	27.56068600	0.03628357	27.46153000	0.09915636	26.87393600	4.16468521	1.50868193
6.33016310	27.59312400	0.03624091	27.48907500	0.10404978	26.87453600	4.16712948	1.50779699
6.33387980	27.68387800	0.03612211	27.51852100	0.16535672	26.87514500	4.16957368	1.50691312
6.33759660	27.74637400	0.03604074	27.55003600	0.19633844	26.87576300	4.17201795	1.50603027
6.34131330	27.76701000	0.03601396	27.58382400	0.18318542	26.87639000	4.17446214	1.50514847
6.34503000	27.74392700	0.03604392	27.62015200	0.12377474	26.87702600	4.17690633	1.50426771
6.34874680	27.74665500	0.03604038	27.65923300	0.08742145	26.87767100	4.17935058	1.50338795
6.35246350	27.80755200	0.03596145	27.70135200	0.10620028	26.87832500	4.18179476	1.50250925
6.35618030	27.88494100	0.03586165	27.74688000	0.13806095	26.87898700	4.18423900	1.50163155
6.35989700	27.96660600	0.03575693	27.79618100	0.17042547	26.87965900	4.18668317	1.50075491
6.36361380	28.00859300	0.03570333	27.84964900	0.15894355	26.88033900	4.18912741	1.49987926
6.36733050	28.00428400	0.03570882	27.90777700	0.09650700	26.88102800	4.19157157	1.49900466
6.37104720	28.02699700	0.03567988	27.97122100	0.05577589	26.88172500	4.19401573	1.49813108
6.37476400	28.07316200	0.03562121	28.04053700	0.03262477	26.88243200	4.19645995	1.49725850
6.37848070	28.15256700	0.03552074	28.11647100	0.03609632	26.88314700	4.19890410	1.49638695
6.38219750	28.17487900	0.03549261	28.19998300	-0.02510389	26.88387100	4.20134831	1.49551640
6.38591420	28.19990900	0.03546111	28.29210300	-0.09219350	26.88460400	4.20379245	1.49464689
6.38963090	28.26773300	0.03537602	28.39395700	-0.12622448	26.88534500	4.20623658	1.49377839
6.39334770	28.37067200	0.03524767	28.50696200	-0.13628949	26.88609500	4.20868078	1.49291088
6.39706440	28.45706900	0.03514065	28.63307900	-0.17600972	26.88685400	4.21112491	1.49204439
6.40078120	28.52354600	0.03505875	28.77410100	-0.25055477	26.88762200	4.21356910	1.49117889
6.40449790	28.61280100	0.03494939	28.93244000	-0.31963971	26.88839800	4.21601321	1.49031442
6.40821470	28.75135600	0.03478097	29.11125500	-0.35989880	26.88918300	4.21845739	1.48945093
6.41193140	28.88035000	0.03462562	29.31423000	-0.43387976	26.88997700	4.22090150	1.48858847
6.41564810	29.02108400	0.03445771	29.54555600	-0.52447209	26.89077900	4.22334561	1.48772700
6.41936490	29.15335300	0.03430137	29.81066600	-0.65731332	26.89159100	4.22578978	1.48686651
6.42308160	29.33375900	0.03409041	30.11735300	-0.78359325	26.89241000	4.22823387	1.48600704
6.42679840	29.57550600	0.03381176	30.47380300	-0.89829722	26.89323800	4.23067803	1.48514854
6.43051510	29.89595400	0.03344934	30.89168400	-0.99573032	26.89407500	4.23312212	1.48429106
6.43423180	30.29932200	0.03300404	31.38857500	-1.08925310	26.89492100	4.23556620	1.48343457
6.43794860	30.86083600	0.03240353	31.99272000	-1.13188350	26.89577500	4.23801034	1.48257904
6.44166530	31.67137100	0.03157426	32.75384300	-1.08247110	26.89663800	4.24045442	1.48172452
6.44538210	32.91489800	0.03038138	33.77351700	-0.85861897	26.89750900	4.24289855	1.48087097
6.44909880	34.73113300	0.02879261	35.27636200	-0.54522975	26.89838900	4.24534262	1.48001843
6.45281550	37.60428600	0.02659271	37.69058100	-0.08629475	26.89927700	4.24778668	1.47916687
6.45653230	42.24214600	0.02367304	41.80283000	0.43931585	26.90017400	4.25023080	1.47831626
6.46024900	49.63875200	0.02014555	48.94419600	0.69455615	26.90108000	4.25267485	1.47746666
6.46396580	61.49289700	0.01626204	61.07447300	0.41842365	26.90199400	4.25511897	1.47661801
6.46768250	80.28955100	0.01245492	80.42319700	-0.13364612	26.90291600	4.25756301	1.47577036
6.47139930	107.98927000	0.00926018	109.04447000	-1.05519330	26.90384700	4.26000711	1.47492367
6.47511600	146.98238000	0.00680354	147.98524000	-1.00286630	26.90478600	4.26245115	1.47407796
6.47883270	195.39438000	0.00511785	195.55176000	-0.15738061	26.90573400	4.26489518	1.47323323
6.48254950	247.63109000	0.00403827	246.97615000	0.65493505	26.90669100	4.26733927	1.47238945
6.48626620	296.02139000	0.00337813	294.05989000	1.96150340	26.90765600	4.26978329	1.47154665
6.48998300	326.94229000	0.00305864	325.76584000	1.17645170	26.90862900	4.27222737	1.47070480
6.49369970	332.65817000	0.00300609	332.68411000	-0.02594161	26.90961100	4.27467138	1.46986394
6.49741640	312.07849000	0.00320432	312.42155000	-0.34306234	26.91060100	4.27711539	1.46902404
6.50113320	271.05896000	0.00368923	271.40931000	-0.35034715	26.91159900	4.27955945	1.46818507
6.50484990	220.67593000	0.00453153	220.92106000	-0.24513039	26.91260600	4.28200345	1.46734709
6.50856670	168.92148000	0.00591991	170.62517000	-1.70369060	26.91362100	4.28444751	1.46651004
6.51228340	125.67950000	0.00795675	127.03565000	-1.35615040	26.91464500	4.28689150	1.46567398
6.51600020	93.54518100	0.01069002	93.35410300	0.19107870	26.91567700	4.28933555	1.46483884
6.51971690	70.76425200	0.01413143	69.60027800	1.16397350	26.91671700	4.29177953	1.46400468
6.52343360	55.62701000	0.01797688	54.17442500	1.45258580	26.91776600	4.29422350	1.46317147
6.52715040	46.08030300	0.02170125	44.87291400	1.20738880	26.91882300	4.29666754	1.46233918
6.53086710	40.16730500	0.02489587	39.46599300	0.70131168	26.91988800	4.29911151	1.46150787
6.53458390	36.50033600	0.02739701	36.33613000	0.16420601	26.92096200	4.30155553	1.46067748
6.53830060	34.16960900	0.02926577	34.45871100	-0.28910184	26.92204400	4.30399949	1.45984806
6.54201730	32.72575800	0.03055697	33.24297900	-0.51722108	26.92313400	4.30644344	1.45901958
6.54573410	31.77046200	0.03147578	32.37252100	-0.60205853	26.92423200	4.30888746	1.45819202
6.54945080	31.12512800	0.03212838	31.70098300	-0.57585554	26.92533900	4.31133140	1.45736542
6.55316760	30.60329800	0.03267622	31.15810300	-0.55480458	26.92645400	4.31377541	1.45653974
6.55688430	30.21783800	0.03309304	30.70578100	-0.48794281	26.92757700	4.31621934	1.45571502
6.56060100	29.93689500	0.03340360	30.32242600	-0.38553080	26.92870800	4.31866327	1.45489123
6.56431780	29.74320800	0.03362112	29.99434100	-0.25113289	26.92984700	4.32110726	1.45406835
6.56803450	29.59418500	0.03379042	29.71190300	-0.11771767	26.93099500	4.32355118	1.45324643
6.57175130	29.48610500	0.03391428	29.46646900	0.01963599	26.93215100	4.32599517	1.45242541
6.57546800	29.42355300	0.03398638	29.25196500	0.17158859	26.93331500	4.32843908	1.45160535
6.57918480	29.35162900	0.03406966	29.06377300	0.28785627	26.93448700	4.33088305	1.45078619
6.58290150	29.25556400	0.03418153	28.89771300	0.35785040	26.93566700	4.33332695	1.44996798
6.58661820	29.19415100	0.03425344	28.75036300	0.44378747	26.93685600	4.33577085	1.44915069
6.59033500	29.13576500	0.03432208	28.61909300	0.51667243	26.93805200	4.33821481	1.44833430
6.59405170	29.09751300	0.03436720	28.50189500	0.59561836	26.93925700	4.34065870	1.44751885
6.59776850	29.04955100	0.03442394	28.39664100	0.65290984	26.94047000	4.34310265	1.44670431
6.60148520	29.00993000	0.03447096	28.30179900	0.70813096	26.94169000	4.34554653	1.44589070
6.60520190	28.93655600	0.03455836	28.21615900	0.72039714	26.94291900	4.34799040	1.44507801
6.60891870	28.71568300	0.03482418	28.13857100	0.57711177	26.94415600	4.35043434	1.44426621
6.61263540	28.63796400	0.03491868	28.06801700	0.56994713	26.94540100	4.35287821	1.44345534
6.61635220	28.69371200	0.03485084	28.00369600	0.69001627	26.94665400	4.35532213	1.44264537
6.62006890	28.88502100	0.03462002	27.94501300	0.94000840	26.94791500	4.35776599	1.44183633
6.62378560	28.92888600	0.03456753	27.89124700	1.03763960	26.94918400	4.36020984	1.44102819
6.62750240	28.91494600	0.03458419	27.84188200	1.07306400	26.95046100	4.36265376	1.44022094
6.63121910	28.87888700	0.03462737	27.79650100	1.08238600	26.95174600	4.36509760	1.43941462
6.63493590	28.85220500	0.03465940	27.75470200	1.09750370	26.95303800	4.36754150	1.43860918
6.63865260	28.83305700	0.03468241	27.71609600	1.11696100	26.95433900	4.36998534	1.43780467
6.64236940	28.83947200	0.03467470	27.68038200	1.15908990	26.95564800	4.37242923	1.43700103
6.64608610	28.85602800	0.03465480	27.64733600	1.20869200	26.95696500	4.37487306	1.43619831
6.64980280	28.87434800	0.03463282	27.61666600	1.25768170	26.95828900	4.37731688	1.43539650
6.65351960	28.88573500	0.03461917	27.58816000	1.29757450	26.95962200	4.37976076	1.43459555
6.65723630	28.90150100	0.03460028	27.56164600	1.33985500	26.96096200	4.38220457	1.43379553
6.66095310	28.89703000	0.03460563	27.53695600	1.36007410	26.96231000	4.38464844	1.43299637
6.66466980	28.87115500	0.03463665	28.38526700	0.48588791	26.96366600	4.38709225	1.43219813
6.66838650	28.87497900	0.03463206	28.39343800	0.48154060	26.96503000	4.38953604	1.43140078
6.67210330	28.89010200	0.03461393	28.40459100	0.48551130	26.96640200	4.39197990	1.43060429
6.67582000	28.94607700	0.03454699	28.41867500	0.52740196	26.96778100	4.39442369	1.42980872
6.67953680	28.94659400	0.03454638	28.43570300	0.51089143	26.96916800	4.39686754	1.42901401
6.68325350	28.93693000	0.03455792	28.45573300	0.48119629	26.97056400	4.39931132	1.42822020
6.68697030	28.94877400	0.03454378	28.47884400	0.46993034	26.97196600	4.40175516	1.42742726
6.69068700	28.96991900	0.03451856	28.50507400	0.46484514	26.97337700	4.40419893	1.42663522
6.69440370	28.99677300	0.03448660	28.53452300	0.46224990	26.97479600	4.40664269	1.42584406
6.69812050	29.02056500	0.03445832	28.56737100	0.45319379	26.97622200	4.40908652	1.42505376
6.70183720	29.09853700	0.03436599	28.60372200	0.49481500	26.97765500	4.41153027	1.42426435
6.70555400	29.18100700	0.03426887	28.64373500	0.53727214	26.97909700	4.41397409	1.42347580
6.70927070	29.22717900	0.03421473	28.68763200	0.53954655	26.98054600	4.41641783	1.42268815
6.71298740	29.24211500	0.03419725	28.73568000	0.50643508	26.98200300	4.41886158	1.42190137
6.71670420	29.24745000	0.03419101	28.78808400	0.45936581	26.98346800	4.42130538	1.42111543
6.72042090	29.28764300	0.03414409	28.84514000	0.44250311	26.98494000	4.42374911	1.42033039
6.72413770	29.32752000	0.03409767	28.90727000	0.42025041	26.98642000	4.42619290	1.41954620
6.72785440	29.38870600	0.03402668	28.67954200	0.70916382	26.98790700	4.42863663	1.41876289
6.73157110	29.47980500	0.03392153	28.76198700	0.71781802	26.98940300	4.43108035	1.41798045
6.73528790	29.56780600	0.03382057	28.85036400	0.71744198	26.99090500	4.43352413	1.41719885
6.73900460	29.62708900	0.03375289	28.94534100	0.68174718	26.99241600	4.43596783	1.41641814
6.74272140	29.67130900	0.03370259	29.04748400	0.62382488	26.99393300	4.43841160	1.41563827
6.74643810	29.76995300	0.03359092	29.15753200	0.61242043	26.99545900	4.44085530	1.41485927
6.75015490	29.87110500	0.03347717	29.27646900	0.59463621	26.99699200	4.44329906	1.41408112
6.75387160	29.96587600	0.03337129	29.40520200	0.56067330	26.99853200	4.44574275	1.41330384
6.75758830	30.08332400	0.03324101	29.54477400	0.53855074	27.00008000	4.44818644	1.41252742
6.76130510	30.20742800	0.03310444	29.69648200	0.51094554	27.00163600	4.45063019	1.41175183
6.76502180	30.34348500	0.03295600	29.86198400	0.48150132	27.00319900	4.45307386	1.41097711
6.76873860	30.46128300	0.03282856	30.04273900	0.41854353	27.00477000	4.45551760	1.41020323
6.77245530	30.58426700	0.03269655	30.24067400	0.34359302	27.00634800	4.45796127	1.40943021
6.77617200	30.70716700	0.03256569	30.45831700	0.24884976	27.00793300	4.46040493	1.40865805
6.77988880	30.88002600	0.03238339	30.69824900	0.18177734	27.00952600	4.46284865	1.40788671
6.78360550	31.06235500	0.03219331	30.96341200	0.09894316	27.01112600	4.46529231	1.40711624
6.78732230	31.22846600	0.03202207	31.25751800	-0.02905211	27.01273400	4.46773602	1.40634659
6.79103900	31.38016500	0.03186726	31.58551400	-0.20534844	27.01434900	4.47017966	1.40557780
6.79475580	31.58123400	0.03166437	31.95205600	-0.37082194	27.01597100	4.47262337	1.40480984
6.79847250	31.84882200	0.03139834	32.36334600	-0.51452461	27.01760100	4.47506700	1.40404273
6.80218920	32.16460000	0.03109008	32.82760800	-0.66300776	27.01923800	4.47751063	1.40327647
6.80590600	32.48147600	0.03078678	33.35408100	-0.87260510	27.02088300	4.47995432	1.40251102
6.80962270	32.83460200	0.03045568	33.95358500	-1.11898300	27.02253500	4.48239794	1.40174643
6.81333950	33.24335900	0.03008120	34.64013700	-1.39677850	27.02419400	4.48484162	1.40098265
6.81705620	33.75130100	0.02962849	35.43353200	-1.68223130	27.02586000	4.48728523	1.40021973
6.82077290	34.38891200	0.02907914	36.35470000	-1.96578750	27.02753400	4.48972884	1.39945764
6.82448970	35.26266500	0.02835861	37.43384400	-2.17117920	27.02921500	4.49217251	1.39869635
6.82820640	36.41632100	0.02746021	38.71765600	-2.30133540	27.03090300	4.49461610	1.39793592
6.83192320	37.97191200	0.02633525	40.28156800	-2.30965540	27.03259900	4.49705976	1.39717630
6.83563990	40.18708000	0.02488362	42.26369800	-2.07661730	27.03430100	4.49950335	1.39641752
6.83935660	43.45246100	0.02301366	44.94876500	-1.49630410	27.03601100	4.50194693	1.39565957
6.84307340	48.40160000	0.02066047	48.97256300	-0.57096332	27.03772800	4.50439057	1.39490242
6.84679010	56.27286500	0.01777055	55.52986500	0.74300009	27.03945300	4.50683414	1.39414611
6.85050690	68.93286100	0.01450687	66.81516200	2.11769950	27.04118400	4.50927778	1.39339061
6.85422360	89.13427700	0.01121903	86.54442800	2.58984920	27.04292300	4.51172134	1.39263594
6.85794040	121.96722000	0.00819892	120.09674000	1.87048210	27.04466800	4.51416496	1.39188208
6.86165710	173.17648000	0.00577446	173.64962000	-0.47314033	27.04642100	4.51660852	1.39112905
6.86537380	248.58014000	0.00402285	252.93313000	-4.35299460	27.04818100	4.51905207	1.39037683
6.86909060	355.58301000	0.00281228	361.06610000	-5.48309540	27.04994800	4.52149568	1.38962542
6.87280730	491.47385000	0.00203470	493.60059000	-2.12674120	27.05172200	4.52393922	1.38887483
6.87652410	639.78748000	0.00156302	637.97725000	1.81022800	27.05350300	4.52638282	1.38812504
6.88024080	778.68896000	0.00128421	772.34551000	6.34345080	27.05529200	4.52882635	1.38737607
6.88395750	874.32605000	0.00114374	867.33413000	6.99192450	27.05708700	4.53126987	1.38662792
6.88767430	901.34094000	0.00110946	896.64577000	4.69517220	27.05888900	4.53371346	1.38588055
6.89139100	852.76819000	0.00117265	850.69789000	2.07030300	27.06069900	4.53615697	1.38513401
6.89510780	741.50513000	0.00134861	743.32325000	-1.81811850	27.06251500	4.53860055	1.38438826
6.89882450	599.79413000	0.00166724	604.31160000	-4.51746740	27.06433800	4.54104406	1.38364333
6.90254130	453.56619000	0.00220475	461.03789000	-7.47169280	27.06616800	4.54348762	1.38289918
6.90625800	327.60876000	0.00305242	333.37827000	-5.76950730	27.06800600	4.54593112	1.38215585
6.90997470	231.09612000	0.00432720	232.14886000	-1.05274920	27.06985000	4.54837461	1.38141333
6.91369150	162.58841000	0.00615050	159.07989000	3.50851790	27.07170100	4.55081816	1.38067158
6.91740820	116.10065000	0.00861322	110.64549000	5.45516080	27.07355900	4.55326165	1.37993065
6.92112500	85.52164500	0.01169295	81.00690200	4.51474290	27.07542400	4.55570519	1.37919050
6.92484170	66.80346700	0.01496928	63.65868400	3.14478330	27.07729500	4.55814866	1.37845116
6.92855840	55.16713000	0.01812674	53.70789700	1.45923270	27.07917400	4.56059213	1.37771261
6.93227520	47.83357200	0.02090582	47.90391500	-0.07034278	27.08105900	4.56303566	1.37697484
6.93599190	43.23392100	0.02312999	44.29101800	-1.05709670	27.08295100	4.56547912	1.37623788
6.93970870	40.22597900	0.02485956	41.80412500	-1.57814600	27.08485000	4.56792263	1.37550169
6.94342540	38.14151400	0.02621815	39.93916000	-1.79764630	27.08675600	4.57036608	1.37476631
6.94714210	36.70295300	0.02724576	38.45593900	-1.75298600	27.08866900	4.57280953	1.37403171
6.95085890	35.63054300	0.02806581	37.22886700	-1.59832430	27.09058800	4.57525303	1.37329788
6.95457560	34.81734100	0.02872132	36.19233100	-1.37499050	27.09251400	4.57769647	1.37256486
6.95829240	34.20388000	0.02923645	35.30679300	-1.10291240	27.09444700	4.58013996	1.37183260
6.96200910	33.72041300	0.02965563	34.54482400	-0.82441114	27.09638700	4.58258338	1.37110114
6.96572590	33.30658700	0.03002409	33.88301800	-0.57643101	27.09833300	4.58502687	1.37037044
6.96944260	32.99329800	0.03030919	33.30482500	-0.31152712	27.10028600	4.58747028	1.36964055
6.97315930	32.71497700	0.03056704	32.79780800	-0.08283090	27.10224600	4.58991369	1.36891143
6.97687610	32.49989700	0.03076933	32.35039800	0.14949910	27.10421200	4.59235717	1.36818307
6.98059280	32.28002900	0.03097891	31.95345200	0.32657752	27.10618500	4.59480057	1.36745550
6.98430960	32.03931800	0.03121165	31.59991400	0.43940387	27.10816500	4.59724403	1.36672869
6.98802630	31.78776500	0.03145864	31.28420600	0.50355932	27.11015100	4.59968742	1.36600267
6.99174300	31.61176900	0.03163379	31.00065400	0.61111469	27.11214400	4.60213080	1.36527743
6.99545980	31.47330700	0.03177296	30.74511400	0.72819231	27.11414300	4.60457425	1.36455293
6.99917650	31.34151800	0.03190656	30.51436000	0.82715834	27.11614900	4.60701763	1.36382923
7.00289330	31.21946700	0.03203130	30.30520300	0.91426425	27.11816200	4.60946106	1.36310628
7.00661000	31.11426200	0.03213960	30.11493900	0.99932245	27.12018100	4.61190443	1.36238411
7.01032670	31.00441000	0.03225348	29.94143700	1.06297260	27.12220700	4.61434779	1.36166271
7.01404350	30.89561300	0.03236705	29.78303400	1.11257890	27.12423900	4.61679121	1.36094205
7.01776020	30.77765100	0.03249111	29.63781900	1.13983160	27.12627700	4.61923457	1.36022218
7.02147700	30.67218000	0.03260283	29.50440200	1.16777790	27.12832200	4.62167798	1.35950305
7.02519370	30.57891500	0.03270227	29.38168000	1.19723440	27.13037400	4.62412132	1.35878470
7.02891050	30.50013400	0.03278674	29.88503500	0.61509892	27.13243200	4.62656472	1.35806709
7.03262720	30.46062500	0.03282927	29.80062000	0.66000423	27.13449600	4.62900806	1.35735026
7.03634390	30.39736400	0.03289759	29.72494800	0.67241579	27.13656700	4.63145138	1.35663419
7.04006070	30.34170500	0.03295794	29.65750000	0.68420568	27.13864500	4.63389477	1.35591886
7.04377740	30.27949500	0.03302565	29.59754000	0.68195538	27.14072800	4.63633809	1.35520430
7.04749420	30.21876700	0.03309202	29.54458200	0.67418530	27.14281800	4.63878147	1.35449047
7.05121090	30.12964100	0.03318991	29.49827200	0.63136827	27.14491500	4.64122478	1.35377742
7.05492760	30.08381700	0.03324046	29.45824000	0.62557643	27.14701700	4.64366808	1.35306512
7.05864440	30.03951100	0.03328949	29.42412000	0.61539068	27.14912600	4.64611144	1.35235355
7.06236110	30.02993800	0.03330010	29.39566300	0.63427464	27.15124200	4.64855474	1.35164275
7.06607790	29.99856400	0.03333493	29.37277300	0.62579045	27.15336300	4.65099809	1.35093268
7.06979460	29.98434800	0.03335073	29.35518100	0.62916701	27.15549100	4.65344137	1.35022337
7.07351140	29.95477300	0.03338366	29.34276900	0.61200370	27.15762500	4.65588472	1.34951479
7.07722810	29.96690200	0.03337015	29.33550800	0.63139399	27.15976600	4.65832799	1.34880698
7.08094480	29.98791300	0.03334677	29.33336900	0.65454421	27.16191300	4.66077126	1.34809991
7.08466160	29.97277500	0.03336361	29.33629800	0.63647701	27.16406500	4.66321459	1.34739356
7.08837830	29.94089500	0.03339914	29.34433400	0.59656090	27.16622400	4.66565785	1.34668797
7.09209510	29.90638700	0.03343767	29.35766000	0.54872774	27.16839000	4.66810117	1.34598310
7.09581180	29.91277500	0.03343053	29.37630900	0.53646611	27.17056100	4.67054442	1.34527900
7.09952850	29.93193100	0.03340914	29.40044000	0.53149058	27.17273900	4.67298766	1.34457562
7.10324530	29.97054700	0.03336609	29.43031300	0.54023398	27.17492200	4.67543097	1.34387297
7.10696200	30.01534800	0.03331629	29.46622600	0.54912269	27.17711200	4.67787420	1.34317107
7.11067880	30.03474000	0.03329478	29.50842800	0.52631266	27.17930800	4.68031750	1.34246989
7.11439550	30.06629400	0.03325984	28.72060100	1.34569230	27.18151000	4.68276072	1.34176946
7.11811220	30.09969300	0.03322293	28.80332800	1.29636530	27.18371800	4.68520394	1.34106976
7.12182900	30.18390700	0.03313024	28.89250300	1.29140400	27.18593200	4.68764722	1.34037077
7.12554570	30.23658400	0.03307252	28.98880200	1.24778150	27.18815200	4.69009043	1.33967253
7.12926250	30.29034000	0.03301382	29.09307600	1.19726430	27.19037900	4.69253370	1.33897500
7.13297920	30.36485900	0.03293281	29.20631700	1.15854170	27.19261100	4.69497690	1.33827821
7.13669600	30.43793300	0.03285374	29.32945600	1.10847720	27.19484900	4.69742017	1.33758214
7.14041270	30.52146000	0.03276383	29.46368800	1.05777170	27.19709300	4.69986336	1.33688681
7.14412940	30.56247100	0.03271987	29.61062600	0.95184563	27.19934300	4.70230654	1.33619220
7.14784620	30.63362700	0.03264387	29.77176600	0.86186099	27.20159900	4.70474979	1.33549829
7.15156290	30.70309600	0.03257000	29.94893500	0.75416166	27.20386100	4.70719296	1.33480513
7.15527970	30.80432500	0.03246297	30.14444300	0.65988241	27.20612900	4.70963620	1.33411267
7.15899640	30.91268500	0.03234918	30.36115300	0.55153249	27.20840300	4.71207936	1.33342094
7.16271310	31.03887000	0.03221767	30.60187300	0.43699717	27.21068300	4.71452252	1.33272994
7.16642990	31.16392500	0.03208838	30.87025900	0.29366614	27.21296800	4.71696575	1.33203963
7.17014660	31.29760400	0.03195133	31.17125300	0.12635073	27.21526000	4.71940890	1.33135006
7.17386340	31.46763600	0.03177868	31.50997900	-0.04234307	27.21755700	4.72185211	1.33066118
7.17758010	31.67019700	0.03157543	31.89270300	-0.22250621	27.21986000	4.72429525	1.32997304
7.18129690	31.91266400	0.03133552	32.32753800	-0.41487335	27.22216900	4.72673845	1.32928559
7.18501360	32.19820800	0.03105763	32.82519200	-0.62698452	27.22448300	4.72918158	1.32859887
7.18873030	32.54652000	0.03072525	33.39700900	-0.85048903	27.22680300	4.73162471	1.32791286
7.19244710	32.95024500	0.03034879	34.05840900	-1.10816440	27.22913000	4.73406789	1.32722755
7.19616380	33.47487300	0.02987315	34.83151400	-1.35664100	27.23146100	4.73651101	1.32654295
7.19988060	34.18414300	0.02925333	35.74500600	-1.56086310	27.23379900	4.73895418	1.32585905
7.20359730	35.16993300	0.02843338	36.84343200	-1.67349890	27.23614200	4.74139729	1.32517588
7.20731400	36.55676300	0.02735472	38.20841600	-1.65165360	27.23849100	4.74384039	1.32449340
7.21103080	38.56279000	0.02593173	40.01108300	-1.44829330	27.24084600	4.74628355	1.32381162
7.21474750	41.59520300	0.02404123	42.58334600	-0.98814251	27.24320600	4.74872664	1.32313055
7.21846430	46.34463500	0.02157747	46.59241000	-0.24777488	27.24557200	4.75116979	1.32245017
7.22218100	53.92727300	0.01854349	53.33570000	0.59157264	27.24794300	4.75361288	1.32177051
7.22589770	66.16874700	0.01511287	64.99341700	1.17532960	27.25032000	4.75605595	1.32109155
7.22961450	85.94220700	0.01163573	84.75566300	1.18654430	27.25270300	4.75849909	1.32041326
7.23333120	116.93684000	0.00855163	116.75851000	0.17832362	27.25509100	4.76094215	1.31973570
7.23704800	163.50067000	0.00611618	165.60784000	-2.10717290	27.25748500	4.76338528	1.31905881
7.24076470	230.53438000	0.00433775	233.80484000	-3.27046040	27.25988400	4.76582834	1.31838263
7.24448150	318.81015000	0.00313666	320.59992000	-1.78976950	27.26228900	4.76827145	1.31770713
7.24819820	420.70645000	0.00237695	419.98513000	0.72131717	27.26470000	4.77071450	1.31703235
7.25191490	523.55908000	0.00191000	519.10315000	4.45593570	27.26711500	4.77315754	1.31635825
7.25563170	604.41455000	0.00165449	599.61320000	4.80134990	27.26953700	4.77560064	1.31568483
7.25934840	643.33191000	0.00155441	641.33192000	1.99999010	27.27196300	4.77804367	1.31501211
7.26306520	629.99188000	0.00158732	630.05860000	-0.06671998	27.27439600	4.78048676	1.31434007
7.26678190	569.64838000	0.00175547	570.56128000	-0.91290434	27.27683300	4.78292978	1.31366873
7.27049860	478.64728000	0.00208922	480.09661000	-1.44933630	27.27927600	4.78537280	1.31299808
7.27421540	375.17075000	0.00266545	378.88365000	-3.71290200	27.28172500	4.78781587	1.31232810
7.27793210	279.38635000	0.00357927	283.49643000	-4.11007540	27.28417800	4.79025888	1.31165882
7.28164890	202.36633000	0.00494153	203.78061000	-1.41427310	27.28663700	4.79270195	1.31099021
7.28536560	145.24785000	0.00688478	143.51174000	1.73611080	27.28910200	4.79514494	1.31032229
7.28908240	105.47565000	0.00948086	102.11860000	3.35705070	27.29157200	4.79758800	1.30965504
7.29279910	78.63354500	0.01271722	75.56809400	3.06545080	27.29404700	4.80003098	1.30898849
7.29651580	61.73756000	0.01619759	59.52305700	2.21450320	27.29652700	4.80247396	1.30832262
7.30023260	51.25611900	0.01950987	50.20954700	1.04657180	27.29901300	4.80491700	1.30765741
7.30394930	44.65176000	0.02239553	44.79323800	-0.14147799	27.30150300	4.80735997	1.30699289
7.30766610	40.59398700	0.02463419	41.47551000	-0.88152320	27.30399900	4.80980300	1.30632903
7.31138280	37.97443800	0.02633350	39.27590400	-1.30146590	27.30650100	4.81224596	1.30566587
7.31509950	36.17081100	0.02764660	37.68794600	-1.51713490	27.30900700	4.81468892	1.30500338
7.31881630	34.93974300	0.02862070	36.44845600	-1.50871300	27.31151900	4.81713194	1.30434154
7.32253300	34.07415400	0.02934776	35.43628700	-1.36213310	27.31403600	4.81957488	1.30368040
7.32624980	33.43888100	0.02990531	34.58913900	-1.15025770	27.31655800	4.82201789	1.30301991
7.32996650	32.94423300	0.03035433	33.86959400	-0.92536136	27.31908500	4.82446082	1.30236011
7.33368320	32.52673300	0.03074394	33.25110700	-0.72437367	27.32161700	4.82690375	1.30170097
7.33740000	32.19244000	0.03106319	32.71561300	-0.52317260	27.32415400	4.82934674	1.30104249
7.34111670	31.94514700	0.03130366	32.25008400	-0.30493705	27.32669700	4.83178966	1.30038469
7.34483350	31.79833800	0.03144818	31.84219900	-0.04386133	27.32924400	4.83423264	1.29972754
7.34855020	31.62382500	0.03162173	31.48285600	0.14096916	27.33179700	4.83667555	1.29907108
7.35226700	31.41046500	0.03183652	31.16502500	0.24544031	27.33435400	4.83911852	1.29841526
7.35598370	31.18558100	0.03206610	30.88286500	0.30271595	27.33691700	4.84156142	1.29776012
7.35970040	31.01180300	0.03224579	30.63091300	0.38088980	27.33948500	4.84400431	1.29710564
7.36341720	30.92242200	0.03233899	30.40509700	0.51732555	27.34205700	4.84644727	1.29645181
7.36713390	30.84233300	0.03242297	30.20231700	0.64001569	27.34463500	4.84889015	1.29579865
7.37085070	30.76003600	0.03250971	30.01936700	0.74066981	27.34721700	4.85133310	1.29514613
7.37456740	30.65275000	0.03262350	29.85372600	0.79902409	27.34980400	4.85377597	1.29449430
7.37828410	30.54044200	0.03274347	29.70340200	0.83703994	27.35239700	4.85621884	1.29384311
7.38200090	30.42589200	0.03286674	29.96159900	0.46429240	27.35499400	4.85866177	1.29319257
7.38571760	30.33529100	0.03296491	29.84963600	0.48565505	27.35759600	4.86110462	1.29254270
7.38943440	30.26148600	0.03304530	29.74889900	0.51258701	27.36020300	4.86354754	1.29189347
7.39315110	30.17435800	0.03314072	29.65843500	0.51592317	27.36281500	4.86599039	1.29124491
7.39686780	30.10762600	0.03321418	29.57718900	0.53043702	27.36543100	4.86843323	1.29059700
7.40058460	30.05426600	0.03327315	29.50429700	0.54996858	27.36805300	4.87087614	1.28994972
7.40430130	30.01813700	0.03331319	29.43909200	0.57904504	27.37067900	4.87331897	1.28930311
7.40801810	29.98303000	0.03335220	29.38104500	0.60198499	27.37331000	4.87576186	1.28865713
7.41173480	29.94755900	0.03339170	29.32951500	0.61804427	27.37594600	4.87820469	1.28801182
7.41545160	29.90724900	0.03343671	29.28405800	0.62319145	27.37858600	4.88064757	1.28736714
7.41916830	29.82916100	0.03352424	29.24436700	0.58479346	27.38123100	4.88309038	1.28672312
7.42288500	29.76638200	0.03359495	29.21007400	0.55630813	27.38388100	4.88553319	1.28607975
7.42660180	29.73975000	0.03362503	29.18087100	0.55887918	27.38653600	4.88797606	1.28543701
7.43031850	29.71298400	0.03365532	29.15654800	0.55643602	27.38919500	4.89041885	1.28479492
7.43403530	29.68100500	0.03369158	29.13699500	0.54401080	27.39185900	4.89286171	1.28415346
7.43775200	29.63202100	0.03374728	29.12198800	0.51003343	27.39452700	4.89530450	1.28351266
7.44146870	29.62857600	0.03375120	29.11142900	0.51714750	27.39720000	4.89774728	1.28287250
7.44518550	29.62995500	0.03374963	29.10531100	0.52464384	27.39987800	4.90019012	1.28223296
7.44890220	29.61245000	0.03376958	29.10359300	0.50885686	27.40256000	4.90263289	1.28159408
7.45261900	29.59978300	0.03378403	29.10625100	0.49353241	27.40524700	4.90507572	1.28095582
7.45633570	29.57254200	0.03381515	29.11334200	0.45920053	27.40793900	4.90751848	1.28031822
7.46005250	29.58438100	0.03380162	29.12503700	0.45934386	27.41063500	4.90996131	1.27968123
7.46376920	29.60010500	0.03378366	29.14138400	0.45872148	27.41333500	4.91240406	1.27904489
7.46748590	29.62384400	0.03375659	29.16255500	0.46128898	27.41604000	4.91484680	1.27840919
7.47120270	29.63200600	0.03374729	29.18883100	0.44317476	27.41875000	4.91728961	1.27777410
7.47491940	29.62411900	0.03375628	29.22048500	0.40363425	27.42146400	4.91973234	1.27713966
7.47863620	29.61444500	0.03376730	29.25780000	0.35664427	27.42418200	4.92217514	1.27650584
7.48235290	29.62711300	0.03375287	29.30117600	0.32593704	27.42690500	4.92461786	1.27587266
7.48606960	29.68116200	0.03369140	29.35122500	0.32993641	27.42963200	4.92706058	1.27524012
7.48978640	29.76170900	0.03360022	29.40838400	0.35332484	27.43236300	4.92950336	1.27460818
7.49350310	29.82686200	0.03352683	28.86471700	0.96214529	27.43509900	4.93194607	1.27397689
7.49721990	29.84335700	0.03350830	28.95715200	0.88620549	27.43784000	4.93438884	1.27334621
7.50093660	29.84384500	0.03350775	29.05829700	0.78554841	27.44058400	4.93683154	1.27271617
7.50465330	29.86603200	0.03348285	29.16919700	0.69683447	27.44333300	4.93927423	1.27208675
7.50837010	29.91921400	0.03342334	29.29116400	0.62805014	27.44608700	4.94171698	1.27145794
7.51208680	29.98334100	0.03335185	29.42602000	0.55732135	27.44884400	4.94415967	1.27082977
7.51580360	30.05490500	0.03327244	29.57539600	0.47950860	27.45160600	4.94660241	1.27020221
7.51952030	30.14440200	0.03317366	29.74144700	0.40295460	27.45437200	4.94904508	1.26957528
7.52323710	30.22469300	0.03308553	29.92694500	0.29774876	27.45714200	4.95148782	1.26894896
7.52695380	30.31906700	0.03298255	30.13517000	0.18389748	27.45991700	4.95393048	1.26832327
7.53067050	30.41846100	0.03287477	30.36966400	0.04879675	27.46269600	4.95637314	1.26769820
7.53438730	30.54430600	0.03273933	30.63500700	-0.09070135	27.46547900	4.95881585	1.26707373
7.53810400	30.71584500	0.03255649	30.93760400	-0.22175845	27.46826600	4.96125850	1.26644990
7.54182080	30.93101100	0.03233001	31.28403300	-0.35302196	27.47105700	4.96370121	1.26582666
7.54553750	31.18033800	0.03207149	31.68303500	-0.50269666	27.47385200	4.96614384	1.26520405
7.54925420	31.46013600	0.03178626	32.14657200	-0.68643557	27.47665200	4.96858647	1.26458206
7.55297100	31.85785500	0.03138943	32.69123600	-0.83338106	27.47945500	4.97102917	1.26396066
7.55668770	32.40181400	0.03086247	33.33996300	-0.93814984	27.48226300	4.97347179	1.26333989
7.56040450	33.14602700	0.03016953	34.13310800	-0.98708160	27.48507400	4.97591447	1.26271972
7.56412120	34.22403300	0.02921923	35.15339600	-0.92936261	27.48789000	4.97835708	1.26210017
7.56783800	35.84642000	0.02789679	36.56062900	-0.71420840	27.49071000	4.98079975	1.26148121
7.57155470	38.34912900	0.02607621	38.67563300	-0.32650462	27.49353400	4.98324235	1.26086288
7.57527140	42.25290700	0.02366701	42.12104700	0.13185961	27.49636100	4.98568494	1.26024516
7.57898820	48.51582000	0.02061183	48.02521000	0.49060948	27.49919300	4.98812760	1.25962802
7.58270490	58.72309900	0.01702907	58.07898000	0.64411846	27.50202900	4.99057018	1.25901151
7.58642170	74.90096300	0.01335096	74.60922800	0.29173498	27.50486800	4.99301282	1.25839559
7.59013840	99.61295300	0.01003885	100.46012000	-0.84716607	27.50771200	4.99545540	1.25778028
7.59385510	135.88939000	0.00735893	137.82314000	-1.93375390	27.51055900	4.99789796	1.25716558
7.59757190	185.07784000	0.00540313	187.30908000	-2.23124160	27.51341000	5.00034059	1.25655147
7.60128860	246.89842000	0.00405025	246.85900000	0.03942493	27.51626600	5.00278315	1.25593797
7.60500540	313.67020000	0.00318806	310.59411000	3.07609140	27.51912400	5.00522577	1.25532505
7.60872210	371.88712000	0.00268899	368.71260000	3.17451580	27.52198700	5.00766832	1.25471275
7.61243880	410.44476000	0.00243638	408.97853000	1.46623600	27.52485400	5.01011086	1.25410105
7.61615560	419.85043000	0.00238180	419.71487000	0.13556242	27.52772400	5.01255346	1.25348993
7.61987230	397.74789000	0.00251416	397.64183000	0.10606616	27.53059800	5.01499599	1.25287943
7.62358910	348.76407000	0.00286727	349.83548000	-1.07141210	27.53347600	5.01743858	1.25226950
7.62730580	285.78711000	0.00349911	288.42303000	-2.63591950	27.53635800	5.01988110	1.25166018
7.63102260	223.01871000	0.00448393	225.24552000	-2.22680830	27.53924300	5.02232368	1.25105145
7.63473930	167.40099000	0.00597368	168.74445000	-1.34346380	27.54213200	5.02476619	1.25044332
7.63845600	123.71074000	0.00808337	123.34778000	0.36296199	27.54502500	5.02720870	1.24983578
7.64217280	91.99349200	0.01087033	90.26368500	1.72980680	27.54792200	5.02965126	1.24922882
7.64588950	70.18706500	0.01424764	68.01322100	2.17384450	27.55082200	5.03209376	1.24862246
7.64960630	55.92928700	0.01787972	54.00088300	1.92840350	27.55372500	5.03453631	1.24801668
7.65332300	46.68495200	0.02142018	45.63114600	1.05380530	27.55663300	5.03697880	1.24741151
7.65703970	41.05841400	0.02435554	40.78217400	0.27624011	27.55954400	5.03942127	1.24680692
7.66075650	37.57670600	0.02661223	37.89689800	-0.32019242	27.56245800	5.04186381	1.24620290
7.66447320	35.32088100	0.02831186	36.08244000	-0.76155880	27.56537600	5.04430628	1.24559949
7.66819000	33.88691300	0.02950992	34.84517900	-0.95826561	27.56829800	5.04674881	1.24499664
7.67190670	32.92427100	0.03037273	33.92387400	-0.99960316	27.57122300	5.04919126	1.24439439
7.67562340	32.25723300	0.03100080	33.19212000	-0.93488771	27.57415100	5.05163372	1.24379273
7.67934020	31.73241000	0.03151352	32.58856500	-0.85615472	27.57708300	5.05407623	1.24319164
7.68305690	31.34089700	0.03190719	32.08105500	-0.74015853	27.58001900	5.05651867	1.24259114
7.68677370	31.05092000	0.03220516	31.64719800	-0.59627732	27.58295800	5.05896117	1.24199121
7.69049040	30.80873500	0.03245833	31.34197200	-0.53323717	27.58590000	5.06140360	1.24139187
7.69420720	30.58089300	0.03270016	31.01966400	-0.43877160	27.58884600	5.06384609	1.24079310
7.69792390	30.39602900	0.03289904	30.73881500	-0.34278683	27.59179500	5.06628851	1.24019493
7.70164060	30.26746700	0.03303877	30.49250200	-0.22503456	27.59474800	5.06873093	1.23959733
7.70535740	30.15308600	0.03316410	30.27549100	-0.12240486	27.59770400	5.07117340	1.23900029
7.70907410	30.05259500	0.03327500	30.08392700	-0.03133208	27.60066300	5.07361581	1.23840384
7.71279090	29.95644000	0.03338180	29.91371800	0.04272182	27.60362600	5.07605827	1.23780796
7.71650760	29.86566500	0.03348326	29.76195900	0.10370627	27.60659200	5.07850066	1.23721266
7.72022430	29.76466200	0.03359689	29.62635600	0.13830563	27.60956100	5.08094305	1.23661794
7.72394110	29.67807400	0.03369491	29.50483300	0.17324054	27.61253400	5.08338550	1.23602377
7.72765780	29.59790600	0.03378617	29.39550900	0.20239735	27.61550900	5.08582788	1.23543019
7.73137460	29.52536200	0.03386919	29.29693300	0.22842880	27.61848800	5.08827031	1.23483717
7.73509130	29.44534100	0.03396123	29.20803000	0.23731084	27.62147000	5.09071268	1.23424473
7.73880810	29.37373200	0.03404402	29.12755200	0.24617984	27.62445600	5.09315511	1.23365285
7.74252480	29.33759100	0.03408596	29.05458200	0.28300921	27.62744400	5.09559746	1.23306155
7.74624150	29.29518700	0.03413530	28.98839100	0.30679604	27.63043600	5.09803981	1.23247082
7.74995830	29.24016600	0.03419953	28.92830900	0.31185697	27.63343100	5.10048222	1.23188064
7.75367500	29.17489800	0.03427604	28.87367100	0.30122669	27.63642900	5.10292456	1.23129104
7.75739180	29.10487200	0.03435851	28.82397300	0.28089869	27.63943000	5.10536696	1.23070200
7.76110850	29.08002100	0.03438787	28.77884600	0.30117538	27.64243400	5.10780929	1.23011353
7.76482520	29.07044200	0.03439920	28.73782700	0.33261539	27.64544100	5.11025161	1.22952562
7.76854200	29.02935800	0.03444789	28.70057200	0.32878623	27.64845200	5.11269400	1.22893827
7.77225870	28.95533400	0.03453595	28.66681100	0.28852237	27.65146500	5.11513631	1.22835149
7.77597550	28.89373400	0.03460958	28.63630600	0.25742831	27.65448100	5.11757868	1.22776526
7.77969220	28.88272900	0.03462277	28.60878900	0.27394000	27.65750100	5.12002099	1.22717960
7.78340890	28.89366900	0.03460966	28.58407000	0.30959881	27.66052300	5.12246328	1.22659450
7.78712570	28.87049500	0.03463744	28.56202900	0.30846570	27.66354800	5.12490564	1.22600995
7.79084240	28.80799900	0.03471258	28.54248900	0.26550942	27.66657700	5.12734793	1.22542597
7.79455920	28.72938900	0.03480756	28.52532500	0.20406409	27.66960800	5.12979027	1.22484253
7.79827590	28.69401900	0.03485047	28.51045500	0.18356443	27.67264200	5.13223255	1.22425967
7.80199270	28.69406300	0.03485042	28.49782200	0.19624143	27.67567900	5.13467488	1.22367734
7.80570940	28.68691300	0.03485910	28.48733700	0.19957521	27.67871900	5.13711715	1.22309559
7.80942610	28.69822100	0.03484537	28.47896600	0.21925565	27.68176100	5.13955940	1.22251439
7.81314290	28.70314800	0.03483938	28.47272200	0.23042639	27.68480700	5.14200172	1.22193372
7.81685960	28.71933900	0.03481974	28.46858600	0.25075348	27.68785500	5.14444397	1.22135363
7.82057640	28.69485900	0.03484945	28.46657100	0.22828770	27.69090600	5.14688628	1.22077407
7.82429310	28.67478600	0.03487384	28.46673000	0.20805511	27.69396000	5.14932852	1.22019508
7.82800980	28.65613600	0.03489654	28.46916000	0.18697599	27.69701700	5.15177075	1.21961664
7.83172660	28.66495100	0.03488581	28.47391700	0.19103430	27.70007600	5.15421304	1.21903873
7.83544330	28.65657600	0.03489600	28.48112500	0.17545154	27.70313800	5.15665526	1.21846138
7.83916010	28.64690400	0.03490779	28.49097600	0.15592789	27.70620300	5.15909754	1.21788457
7.84287680	28.63116600	0.03492697	28.50364900	0.12751775	27.70927000	5.16153975	1.21730832
7.84659360	28.62150800	0.03493876	28.51936300	0.10214506	27.71234100	5.16398202	1.21673261
7.85031030	28.63046800	0.03492783	28.53841700	0.09205090	27.71541300	5.16642422	1.21615745
7.85402700	28.63376200	0.03492381	28.18270500	0.45105745	27.71848900	5.16886642	1.21558284
7.85774380	28.62926300	0.03492930	28.22111100	0.40815189	27.72156700	5.17130867	1.21500875
7.86146050	28.62904000	0.03492957	28.26364300	0.36539654	27.72464800	5.17375085	1.21443523
7.86517730	28.62818000	0.03493062	28.31102900	0.31715014	27.72773100	5.17619310	1.21386223
7.86889400	28.65609000	0.03489660	28.36406200	0.29202786	27.73081700	5.17863527	1.21328979
7.87261070	28.66301000	0.03488817	28.42367200	0.23933776	27.73390500	5.18107743	1.21271789
7.87632750	28.69998400	0.03484322	28.49105900	0.20892498	27.73699600	5.18351966	1.21214652
7.88004420	28.71319800	0.03482719	28.56787200	0.14532596	27.74008900	5.18596182	1.21157570
7.88376100	28.73913600	0.03479576	28.65580800	0.08332763	27.74318500	5.18840403	1.21100540
7.88747770	28.75272000	0.03477932	28.75720500	-0.00448510	27.74628300	5.19084618	1.21043566
7.89119440	28.81135600	0.03470854	28.87538400	-0.06402804	27.74938400	5.19328832	1.20986645
7.89491120	28.91569900	0.03458329	29.01481800	-0.09911890	27.75248700	5.19573052	1.20929777
7.89862790	29.09746900	0.03436725	29.18227000	-0.08480045	27.75559300	5.19817264	1.20872963
7.90234470	29.29022600	0.03414108	29.38980500	-0.09957942	27.75870100	5.20061483	1.20816202
7.90606140	29.51059700	0.03388613	29.66221500	-0.15161773	27.76181100	5.20305695	1.20759495
7.90977820	29.85532600	0.03349486	30.04468200	-0.18935663	27.76492400	5.20549913	1.20702840
7.91349490	30.40128700	0.03289334	30.62375000	-0.22246319	27.76803900	5.20794123	1.20646241
7.91721160	31.36938100	0.03187822	31.55799900	-0.18861771	27.77115600	5.21038334	1.20589694
7.92092840	32.97676100	0.03032438	33.10364100	-0.12688045	27.77427600	5.21282550	1.20533199
7.92464510	35.45009600	0.02820867	35.61252100	-0.16242523	27.77739800	5.21526759	1.20476758
7.92836190	39.27863300	0.02545913	39.51354000	-0.23490642	27.78052200	5.21770974	1.20420369
7.93207860	44.97557400	0.02223429	45.26029900	-0.28472495	27.78364900	5.22015182	1.20364034
7.93579530	52.74545300	0.01895898	53.04218100	-0.29672773	27.78677700	5.22259389	1.20307752
7.93951210	62.79296500	0.01592535	62.69026800	0.10269657	27.78990800	5.22503602	1.20251521
7.94322880	74.02243800	0.01350942	73.48120100	0.54123728	27.79304100	5.22747809	1.20195345
7.94694560	84.47477700	0.01183785	83.96854400	0.50623348	27.79617700	5.22992021	1.20139219
7.95066230	92.34399400	0.01082908	92.09492100	0.24907332	27.79931400	5.23236226	1.20083148
7.95437910	95.30393200	0.01049275	95.66089200	-0.35696000	27.80245400	5.23480437	1.20027127
7.95809580	93.01842500	0.01075056	93.35259200	-0.33416709	27.80559500	5.23724641	1.19971161
7.96181250	85.86998700	0.01164551	86.06951000	-0.19952208	27.80873900	5.23968845	1.19915246
7.96552930	75.78305100	0.01319556	75.91890900	-0.13585891	27.81188500	5.24213054	1.19859383
7.96924600	65.08776900	0.01536387	65.05041000	0.03735847	27.81503300	5.24457257	1.19803573
7.97296280	55.00482600	0.01818022	55.06984900	-0.06502353	27.81818300	5.24701465	1.19747813
7.97667950	46.93173200	0.02130755	46.84753100	0.08420093	27.82133500	5.24945666	1.19692107
7.98039620	40.96194500	0.02441290	40.66213200	0.29981261	27.82448900	5.25189867	1.19636453
7.98411300	36.66611100	0.02727314	36.39281300	0.27329825	27.82764500	5.25434074	1.19580850
7.98782970	33.75586700	0.02962448	33.61893700	0.13693035	27.83080300	5.25678273	1.19525300
7.99154650	31.87871900	0.03136889	31.89961300	-0.02089365	27.83396300	5.25922479	1.19469799
7.99526320	30.76301800	0.03250656	30.86124800	-0.09823074	27.83712500	5.26166678	1.19414352
7.99897990	30.08199100	0.03324248	30.22684100	-0.14485012	27.84028900	5.26410876	1.19358957
8.00269670	29.63458600	0.03374435	29.81630200	-0.18171572	27.84345400	5.26655080	1.19303612
8.00641340	29.35293000	0.03406815	29.53078000	-0.17785020	27.84662200	5.26899276	1.19248319
8.01013020	29.13363300	0.03432459	29.31782600	-0.18419362	27.84979100	5.27143479	1.19193077
8.01384690	28.99293700	0.03449116	29.14904600	-0.15610874	27.85296300	5.27387675	1.19137887
8.01756370	28.90162300	0.03460013	29.01038100	-0.10875865	27.85613600	5.27631877	1.19082747
8.02128040	28.88867900	0.03461564	28.89418200	-0.00550231	27.85931000	5.27876071	1.19027659
8.02499710	28.86442400	0.03464472	28.79568100	0.06874280	27.86248700	5.28120266	1.18972623
8.02871390	28.83247600	0.03468311	28.71124900	0.12122628	27.86566600	5.28364466	1.18917636
8.03243060	28.78913300	0.03473533	28.63841200	0.15072147	27.86884600	5.28608659	1.18862701
8.03614740	28.77452300	0.03475297	28.57535300	0.19917020	27.87202800	5.28852858	1.18807816
8.03986410	28.75943200	0.03477120	28.52040000	0.23903149	27.87521100	5.29097050	1.18752983
8.04358080	28.73183200	0.03480460	28.47226700	0.25956504	27.87839700	5.29341241	1.18698201
8.04729760	28.70341500	0.03483906	28.66897500	0.03443954	27.88158400	5.29585438	1.18643468
8.05101430	28.67979200	0.03486776	28.63948200	0.04031037	27.88477200	5.29829628	1.18588787
8.05473110	28.68110700	0.03486616	28.61463200	0.06647455	27.88796300	5.30073825	1.18534155
8.05844780	28.69718000	0.03484663	28.59388100	0.10329909	27.89115500	5.30318014	1.18479575
8.06216450	28.70295000	0.03483962	28.57682200	0.12612786	27.89434800	5.30562202	1.18425046
8.06588130	28.69805000	0.03484557	28.56304500	0.13500450	27.89754300	5.30806397	1.18370565
8.06959800	28.70484200	0.03483733	28.55221900	0.15262254	27.90074000	5.31050584	1.18316136
8.07331480	28.69279700	0.03485195	28.54409600	0.14870062	27.90393800	5.31294778	1.18261755
8.07703150	28.66987400	0.03487982	28.53849700	0.13137692	27.90713800	5.31538964	1.18207427
8.08074830	28.64181300	0.03491399	28.53520500	0.10660849	27.91033900	5.31783156	1.18153146
8.08446500	28.65121300	0.03490254	28.53408100	0.11713183	27.91354200	5.32027341	1.18098917
8.08818170	28.66536300	0.03488531	28.53504100	0.13032227	27.91674600	5.32271526	1.18044738
8.09189850	28.67119600	0.03487821	28.53799000	0.13320621	27.91995200	5.32515717	1.17990608
8.09561520	28.69163900	0.03485336	28.54285100	0.14878798	27.92315900	5.32759900	1.17936528
8.09933200	28.71414800	0.03482604	28.54958900	0.16455869	27.92636800	5.33004090	1.17882497
8.10304870	28.75405500	0.03477770	28.55821600	0.19583934	27.92957800	5.33248272	1.17828517
8.10676540	28.76558100	0.03476377	28.56869600	0.19688474	27.93278900	5.33492454	1.17774586
8.11048220	28.77587300	0.03475134	28.58104900	0.19482380	27.93600200	5.33736642	1.17720704
8.11419890	28.76664000	0.03476249	28.59533300	0.17130623	27.93921600	5.33980822	1.17666872
8.11791570	28.77011100	0.03475830	28.61160100	0.15850962	27.94243100	5.34225009	1.17613088
8.12163240	28.76692800	0.03476214	28.62991100	0.13701709	27.94564800	5.34469189	1.17559355
8.12534920	28.75686100	0.03477431	28.65035700	0.10650385	27.94886600	5.34713374	1.17505670
8.12906590	28.78663400	0.03473834	28.67310400	0.11353063	27.95208500	5.34957553	1.17452035
8.13278260	28.83878500	0.03467552	28.69825000	0.14053534	27.95530500	5.35201730	1.17398449
8.13649940	28.87292500	0.03463452	28.72596200	0.14696283	27.95852700	5.35445914	1.17344911
8.14021610	28.88822900	0.03461617	28.75646700	0.13176271	27.96175000	5.35690091	1.17291423
8.14393290	28.90472800	0.03459642	28.79000200	0.11472592	27.96497400	5.35934274	1.17237983
8.14764960	28.96269600	0.03452717	28.82680800	0.13588857	27.96820000	5.36178449	1.17184592
8.15136630	29.00239000	0.03447992	28.86719400	0.13519573	27.97142600	5.36422624	1.17131251
8.15508310	29.03119700	0.03444570	28.91161000	0.11958656	27.97465400	5.36666806	1.17077957
8.15879980	29.04888700	0.03442473	28.96041100	0.08847656	27.97788200	5.36910979	1.17024713
8.16251660	29.07655500	0.03439197	29.01408400	0.06247102	27.98111200	5.37155159	1.16971516
8.16623330	29.12604300	0.03433353	29.07325700	0.05278630	27.98434300	5.37399332	1.16918368
8.16995000	29.16560600	0.03428696	29.13863800	0.02696720	27.98757500	5.37643504	1.16865270
8.17366680	29.20383300	0.03424208	29.21095500	-0.00712241	27.99080800	5.37887683	1.16812218
8.17738350	29.22502900	0.03421725	29.29113600	-0.06610701	27.99404200	5.38131854	1.16759215
8.18110030	29.27410300	0.03415989	29.38047100	-0.10636790	27.99727700	5.38376031	1.16706260
8.18481700	29.32631900	0.03409906	29.48015500	-0.15383638	28.00051400	5.38620201	1.16653354
8.18853380	29.41573500	0.03399541	29.59174100	-0.17600578	28.00375100	5.38864377	1.16600495
8.19225050	29.50119400	0.03389693	29.71723600	-0.21604233	28.00698900	5.39108546	1.16547685
8.19596720	29.57737700	0.03380962	29.85908400	-0.28170702	28.01022800	5.39352714	1.16494923
8.19968400	29.67447700	0.03369899	30.01990900	-0.34543278	28.01346800	5.39596888	1.16442208
8.20340070	29.79538900	0.03356224	30.20314500	-0.40775576	28.01670800	5.39841055	1.16389542
8.20711750	29.94753100	0.03339173	30.41361400	-0.46608332	28.01995000	5.40085228	1.16336922
8.21083420	30.10827600	0.03321346	30.65654100	-0.54826483	28.02319300	5.40329394	1.16284351
8.21455090	30.30241200	0.03300067	30.93910200	-0.63669008	28.02643600	5.40573560	1.16231828
8.21826770	30.54405000	0.03273960	31.27205700	-0.72800674	28.02968000	5.40817731	1.16179351
8.22198440	30.89721900	0.03236537	31.67316300	-0.77594467	28.03292500	5.41061896	1.16126923
8.22570120	31.42173600	0.03182510	32.10704700	-0.68531137	28.03617100	5.41306066	1.16074541
8.22941790	32.13908000	0.03111477	32.76705200	-0.62797226	28.03941800	5.41550229	1.16022208
8.23313470	33.25497100	0.03007069	33.71489700	-0.45992605	28.04266500	5.41794398	1.15969920
8.23685140	35.01096300	0.02856248	35.19552600	-0.18456206	28.04591300	5.42038560	1.15917681
8.24056810	37.70863000	0.02651913	37.65231000	0.05631931	28.04916200	5.42282722	1.15865490
8.24428490	42.08120300	0.02376358	41.83616500	0.24503883	28.05241200	5.42526889	1.15813344
8.24800160	49.17229800	0.02033665	48.91024900	0.26204972	28.05566200	5.42771049	1.15761246
8.25171840	59.97819100	0.01667273	60.28003500	-0.30184356	28.05891300	5.43015216	1.15709194
8.25543510	76.46383700	0.01307808	77.45174900	-0.98791192	28.06216400	5.43259375	1.15657191
8.25915180	100.28271000	0.00997181	101.65057000	-1.36785840	28.06541600	5.43503533	1.15605234
8.26286860	131.78677000	0.00758801	132.84506000	-1.05828400	28.06866900	5.43747698	1.15553322
8.26658530	169.98683000	0.00588281	169.29768000	0.68915254	28.07192300	5.43991856	1.15501459
8.27030210	209.30827000	0.00477764	207.24288000	2.06539190	28.07517700	5.44236019	1.15449641
8.27401880	243.12158000	0.00411317	240.68194000	2.43964370	28.07843100	5.44480175	1.15397871
8.27773550	263.99207000	0.00378799	262.57496000	1.41710100	28.08168600	5.44724331	1.15346148
8.28145230	266.79645000	0.00374818	267.06832000	-0.27187602	28.08494200	5.44968493	1.15294469
8.28516900	251.98370000	0.00396851	252.53594000	-0.55223945	28.08819800	5.45212647	1.15242839
8.28888580	222.24672000	0.00449950	223.39759000	-1.15086880	28.09145400	5.45456808	1.15191253
8.29260250	184.92462000	0.00540761	186.68559000	-1.76096680	28.09471100	5.45700961	1.15139715
8.29631930	147.40482000	0.00678404	148.93253000	-1.52771420	28.09796900	5.45945121	1.15088222
8.30003600	114.09008000	0.00876500	115.05290000	-0.96282178	28.10122600	5.46189273	1.15036776
8.30375270	87.92002100	0.01137397	87.62227300	0.29774823	28.10448500	5.46433425	1.14985376
8.30746950	68.70208700	0.01455560	67.30909100	1.39299590	28.10774300	5.46677582	1.14934022
8.31118620	55.28450800	0.01808825	53.48595300	1.79855470	28.11100200	5.46921733	1.14882714
8.31490300	46.16656900	0.02166070	44.68716400	1.47940510	28.11426200	5.47165890	1.14831451
8.31861970	40.31603200	0.02480403	39.35301900	0.96301294	28.11752200	5.47410039	1.14780235
8.32233640	36.72982400	0.02722583	36.21809100	0.51173304	28.12078200	5.47654188	1.14729065
8.32605320	34.50929300	0.02897770	34.38049400	0.12879873	28.12404200	5.47898343	1.14677940
8.32976990	33.08772300	0.03022269	33.23921700	-0.15149379	28.12730300	5.48142490	1.14626861
8.33348670	32.16036600	0.03109417	32.47435300	-0.31398659	28.13056300	5.48386644	1.14575827
8.33720340	31.55850000	0.03168718	31.91762500	-0.35912485	28.13382500	5.48630791	1.14524839
8.34092020	31.15810000	0.03209438	31.48230700	-0.32420656	28.13708600	5.48874943	1.14473896
8.34463690	30.86819800	0.03239580	31.12558000	-0.25738124	28.14034800	5.49119088	1.14422999
8.34835360	30.62841200	0.03264942	30.82569100	-0.19727899	28.14360900	5.49363233	1.14372148
8.35207040	30.46746800	0.03282189	30.57050100	-0.10303237	28.14687100	5.49607384	1.14321341
8.35578710	30.33184600	0.03296865	30.35049700	-0.01865079	28.15013300	5.49851528	1.14270580
8.35950390	30.24507900	0.03306323	30.15952400	0.08555549	28.15339600	5.50095677	1.14219863
8.36322060	30.17766200	0.03313709	29.99299400	0.18466810	28.15665800	5.50339820	1.14169193
8.36693730	30.14061700	0.03317782	29.84700200	0.29361500	28.15992000	5.50583962	1.14118568
8.37065410	30.08259600	0.03324181	30.20451700	-0.12192133	28.16318300	5.50828110	1.14067986
8.37437080	29.99652300	0.03333720	30.10696900	-0.11044578	28.16644500	5.51072250	1.14017451
8.37808760	29.94425400	0.03339539	30.02312600	-0.07887237	28.16970800	5.51316397	1.13966959
8.38180430	29.91737600	0.03342539	29.95104800	-0.03367263	28.17297100	5.51560537	1.13916513
8.38552100	29.90813800	0.03343571	29.88935500	0.01878358	28.17623300	5.51804676	1.13866112
8.38923780	29.86637100	0.03348247	29.83698200	0.02938900	28.17949600	5.52048821	1.13815755
8.39295450	29.83689300	0.03351555	29.79299000	0.04390294	28.18275900	5.52292958	1.13765443
8.39667130	29.81285900	0.03354257	29.75649200	0.05636651	28.18602100	5.52537102	1.13715175
8.40038800	29.80574800	0.03355058	29.72684400	0.07890387	28.18928400	5.52781239	1.13664952
8.40410480	29.79394500	0.03356387	29.70362100	0.09032414	28.19254600	5.53025382	1.13614773
8.40782150	29.75054700	0.03361283	29.68628000	0.06426748	28.19580800	5.53269517	1.13564639
8.41153820	29.70726600	0.03366180	29.67445900	0.03280686	28.19907100	5.53513652	1.13514550
8.41525500	29.70246100	0.03366724	29.66792200	0.03453968	28.20233300	5.53757793	1.13464504
8.41897170	29.73244900	0.03363329	29.66648500	0.06596392	28.20559500	5.54001927	1.13414503
8.42268850	29.74198900	0.03362250	29.66993400	0.07205522	28.20885600	5.54246067	1.13364545
8.42640520	29.74659900	0.03361729	29.67818000	0.06841961	28.21211800	5.54490199	1.13314632
8.43012190	29.74420200	0.03362000	29.69126500	0.05293637	28.21537900	5.54734331	1.13264764
8.43383870	29.75739700	0.03360509	29.70914200	0.04825431	28.21864000	5.54978469	1.13214938
8.43755540	29.78690100	0.03357180	29.73186000	0.05504140	28.22190100	5.55222600	1.13165158
8.44127220	29.83765800	0.03351469	29.75956600	0.07809160	28.22516200	5.55466737	1.13115420
8.44498890	29.86035000	0.03348923	29.79248000	0.06786988	28.22842200	5.55710867	1.13065727
8.44870560	29.90177200	0.03344283	29.83075700	0.07101503	28.23168200	5.55954996	1.13016078
8.45242240	29.93629800	0.03340426	29.87468400	0.06161459	28.23494200	5.56199131	1.12966471
8.45613910	29.98647900	0.03334836	29.92471600	0.06176318	28.23820100	5.56443259	1.12916909
8.45985590	30.03242500	0.03329734	29.98122500	0.05119948	28.24146000	5.56687393	1.12867390
8.46357260	30.09611500	0.03322688	30.04469500	0.05142000	28.24471900	5.56931519	1.12817915
8.46728940	30.16325600	0.03315292	30.11576800	0.04748749	28.24797700	5.57175652	1.12768483
8.47100610	30.19596100	0.03311701	30.19526800	0.00069284	28.25123500	5.57419778	1.12719095
8.47472280	30.23339800	0.03307600	30.28391900	-0.05052025	28.25449300	5.57663903	1.12669751
8.47843960	30.27782200	0.03302747	30.38270800	-0.10488518	28.25775000	5.57908034	1.12620449
8.48215630	30.32507500	0.03297601	30.49298000	-0.16790470	28.26100600	5.58152158	1.12571191
8.48587310	30.39037300	0.03290516	30.61605200	-0.22567860	28.26426200	5.58396287	1.12521975
8.48958980	30.47843600	0.03281008	30.75348000	-0.27504440	28.26751800	5.58640410	1.12472804
8.49330650	30.57479500	0.03270668	30.90725200	-0.33245746	28.27077300	5.58884532	1.12423675
8.49702330	30.69620500	0.03257732	31.07997100	-0.38376554	28.27402700	5.59128660	1.12374588
8.50074000	30.85215000	0.03241265	31.27411400	-0.42196393	28.27728100	5.59372781	1.12325546
8.50445680	31.00662800	0.03225117	31.49298200	-0.48635420	28.28053500	5.59616908	1.12276545
8.50817350	31.15196600	0.03210070	31.74100200	-0.58903629	28.28378700	5.59861028	1.12227589
8.51189030	31.30323600	0.03194558	32.02302100	-0.71978546	28.28704000	5.60105153	1.12178673
8.51560700	31.52487200	0.03172099	32.10988900	-0.58501753	28.29029100	5.60349272	1.12129802
8.51932370	31.76896500	0.03147726	32.48623900	-0.71727399	28.29354200	5.60593390	1.12080974
8.52304050	32.07199500	0.03117985	32.92017800	-0.84818364	28.29679200	5.60837514	1.12032187
8.52675720	32.43041600	0.03083525	33.42351800	-0.99310161	28.30004200	5.61081630	1.11983444
8.53047400	32.93757200	0.03036046	34.01433800	-1.07676550	28.30329100	5.61325753	1.11934741
8.53419070	33.61388000	0.02974962	34.72356100	-1.10968090	28.30653900	5.61569869	1.11886083
8.53790740	34.55840300	0.02893652	35.60619900	-1.04779640	28.30978600	5.61813984	1.11837467
8.54162420	35.89319600	0.02786043	36.76928700	-0.87609125	28.31303300	5.62058105	1.11788893
8.54534090	37.90733000	0.02638012	38.43113500	-0.52380537	28.31627900	5.62302219	1.11740361
8.54905770	41.01306500	0.02438247	41.05078600	-0.03772025	28.31952400	5.62546338	1.11691871
8.55277440	45.93663000	0.02176912	45.43052500	0.50610553	28.32276900	5.62790451	1.11643424
8.55649110	53.85235600	0.01856929	52.93107200	0.92128376	28.32601200	5.63034563	1.11595020
8.56020790	66.56277500	0.01502341	65.69073500	0.87203985	28.32925500	5.63278681	1.11546656
8.56392460	86.48184200	0.01156312	86.52932500	-0.04748274	28.33249700	5.63522792	1.11498335
8.56764140	116.81479000	0.00856056	118.41696000	-1.60217130	28.33573800	5.63766909	1.11450055
8.57135810	160.83722000	0.00621747	163.80654000	-2.96932040	28.33897800	5.64011018	1.11401818
8.57507490	220.13652000	0.00454264	223.63180000	-3.49528010	28.34221700	5.64255134	1.11353622
8.57879160	294.63861000	0.00339399	295.02673000	-0.38812128	28.34545500	5.64499243	1.11305469
8.58250830	375.19699000	0.00266527	371.47607000	3.72092270	28.34869200	5.64743350	1.11257358
8.58622510	447.59872000	0.00223414	442.35477000	5.24395300	28.35192900	5.64987464	1.11209287
8.58994180	498.73831000	0.00200506	493.95856000	4.77975250	28.35516400	5.65231571	1.11161259
8.59365860	516.33051000	0.00193674	513.91157000	2.41894000	28.35839800	5.65475684	1.11113271
8.59737530	496.84778000	0.00201269	496.55944000	0.28834281	28.36163200	5.65719789	1.11065326
8.60109200	444.47226000	0.00224986	446.31894000	-1.84667780	28.36486400	5.65963894	1.11017423
8.60480880	372.06055000	0.00268773	376.28961000	-4.22906060	28.36809500	5.66208005	1.10969560
8.60852550	295.14520000	0.00338816	299.85066000	-4.70545650	28.37132600	5.66452109	1.10921739
8.61224230	224.01486000	0.00446399	227.86773000	-3.85286330	28.37455500	5.66696218	1.10873959
8.61595900	166.31808000	0.00601258	167.35915000	-1.04106660	28.37778300	5.66940321	1.10826221
8.61967580	122.86905000	0.00813875	120.94254000	1.92651080	28.38101000	5.67184429	1.10778523
8.62339250	91.78929900	0.01089452	88.16501800	3.62428140	28.38423500	5.67428531	1.10730867
8.62710920	70.57913200	0.01416849	66.82122000	3.75791230	28.38746000	5.67672631	1.10683252
8.63082600	56.41705700	0.01772514	53.65054700	2.76651010	28.39068300	5.67916738	1.10635677
8.63454270	47.63057700	0.02099492	45.85737100	1.77320580	28.39390600	5.68160838	1.10588145
8.63825950	42.14964300	0.02372499	41.33580400	0.81383938	28.39712700	5.68404943	1.10540652
8.64197620	38.66552700	0.02586283	38.65448100	0.01104641	28.40034700	5.68649042	1.10493201
8.64569290	36.46450000	0.02742393	36.94792400	-0.48342348	28.40356500	5.68893139	1.10445792
8.64940970	35.01377100	0.02856019	35.76512600	-0.75135502	28.40678200	5.69137243	1.10398421
8.65312640	33.96973800	0.02943797	34.87734800	-0.90761033	28.40999800	5.69381340	1.10351093
8.65684320	33.23862100	0.03008548	34.16592900	-0.92730815	28.41321300	5.69625442	1.10303804
8.66055990	32.69372900	0.03058691	33.57425500	-0.88052535	28.41642700	5.69869537	1.10256557
8.66427660	32.28078100	0.03097818	33.07229500	-0.79151420	28.41963900	5.70113632	1.10209350
8.66799340	31.92204700	0.03132631	32.64156900	-0.71952255	28.42284900	5.70357733	1.10162183
8.67171010	31.65314100	0.03159244	32.26802100	-0.61488023	28.42605900	5.70601826	1.10115058
8.67542690	31.45287500	0.03179360	31.94202000	-0.48914480	28.42926700	5.70845926	1.10067971
8.67914360	31.28447700	0.03196473	31.65648000	-0.37200307	28.43247300	5.71090018	1.10020927
8.68286040	31.11091000	0.03214306	31.40474400	-0.29383353	28.43567900	5.71334117	1.09973921
8.68657710	30.95459600	0.03230538	31.18166100	-0.22706520	28.43888200	5.71578208	1.09926957
8.69029380	30.80734400	0.03245979	30.98324800	-0.17590379	28.44208500	5.71822298	1.09880033
8.69401060	30.69339900	0.03258030	30.80628600	-0.11288658	28.44528500	5.72066395	1.09833148
8.69772730	30.60752100	0.03267171	30.64758000	-0.04005861	28.44848500	5.72310484	1.09786304
8.70144410	30.53677600	0.03274740	30.50477500	0.03200054	28.45168300	5.72554580	1.09739500
8.70516080	30.43682900	0.03285493	30.37605200	0.06077651	28.45487900	5.72798668	1.09692736
8.70887750	30.35007500	0.03294885	30.25957000	0.09050488	28.45807400	5.73042755	1.09646012
8.71259430	30.27359800	0.03303208	30.15380800	0.11978968	28.46126700	5.73286849	1.09599327
8.71631100	30.18994700	0.03312361	30.05756500	0.13238233	28.46445900	5.73530935	1.09552684
8.72002780	30.09663400	0.03322631	29.96987500	0.12675928	28.46764900	5.73775027	1.09506078
8.72374450	30.01470400	0.03331700	29.88966300	0.12504030	28.47083700	5.74019113	1.09459514
8.72746130	29.93788000	0.03340250	29.81614100	0.12173861	28.47402400	5.74263204	1.09412988
8.73117800	29.86569000	0.03348324	29.74868700	0.11700360	28.47720900	5.74507288	1.09366503
8.73489470	29.80271000	0.03355400	29.68664900	0.11606053	28.48039300	5.74751371	1.09320058
8.73861150	29.74529300	0.03361877	29.62945600	0.11583650	28.48357400	5.74995460	1.09273651
8.74232820	29.69835700	0.03367190	29.57665200	0.12170457	28.48675400	5.75239542	1.09227284
8.74604500	29.63712300	0.03374147	29.52788300	0.10923994	28.48993300	5.75483630	1.09180956
8.74976170	29.57600200	0.03381120	29.48270700	0.09329529	28.49311000	5.75727711	1.09134669
8.75347840	29.50342200	0.03389437	29.44080200	0.06261974	28.49628500	5.75971792	1.09088421
8.75719520	29.43717200	0.03397066	29.40191400	0.03525770	28.49945800	5.76215878	1.09042211
8.76091190	29.38760000	0.03402796	29.36577200	0.02182804	28.50262900	5.76459957	1.08996041
8.76462870	29.36548800	0.03405358	29.33212100	0.03336730	28.50579900	5.76704042	1.08949909
8.76834540	29.33303800	0.03409125	29.30075800	0.03228054	28.50896700	5.76948120	1.08903818
8.77206210	29.31312200	0.03411442	29.27153500	0.04158678	28.51213200	5.77192197	1.08857766
8.77577890	29.27749100	0.03415593	29.24424200	0.03324883	28.51529700	5.77436280	1.08811752
8.77949560	29.25149700	0.03418628	29.21872900	0.03276843	28.51845900	5.77680356	1.08765777
8.78321240	29.23527900	0.03420525	29.19487700	0.04040229	28.52161900	5.77924438	1.08719841
8.78692910	29.25850700	0.03417809	29.17255900	0.08594808	28.52477800	5.78168513	1.08673945
8.79064590	29.26585400	0.03416951	29.15164700	0.11420703	28.52793400	5.78412594	1.08628086
8.79436260	29.23845300	0.03420154	29.13204000	0.10641268	28.53108900	5.78656667	1.08582268
8.79807930	29.18132600	0.03426849	29.11366900	0.06765675	28.53424100	5.78900740	1.08536488
8.80179610	29.13569400	0.03432216	29.09642400	0.03927060	28.53739200	5.79144819	1.08490745
8.80551280	29.09483000	0.03437037	29.08022700	0.01460243	28.54054100	5.79388891	1.08445043
8.80922960	29.05992300	0.03441165	29.06501700	-0.00509371	28.54368800	5.79632969	1.08399378
8.81294630	29.04991300	0.03442351	29.05072900	-0.00081521	28.54683200	5.79877040	1.08353752
8.81666300	29.03551100	0.03444059	29.03729200	-0.00178104	28.54997500	5.80121110	1.08308165
8.82037980	29.02832600	0.03444911	28.55311600	0.47521050	28.55311600	5.80365185	1.08262616
8.82409650	29.01084500	0.03446987	28.55625400	0.45459112	28.55625400	5.80609254	1.08217106
8.82781330	29.00342200	0.03447869	28.55939000	0.44403128	28.55939000	5.80853329	1.08171633
8.83153000	28.98662800	0.03449867	28.56252500	0.42410275	28.56252500	5.81097396	1.08126200
8.83524670	28.97805000	0.03450888	28.56565700	0.41239318	28.56565700	5.81341463	1.08080805
8.83896350	28.96298600	0.03452683	28.56878700	0.39419886	28.56878700	5.81585536	1.08035446
8.84268020	28.95019500	0.03454208	28.57191500	0.37828026	28.57191500	5.81829602	1.07990128
8.84639700	28.92535800	0.03457174	28.57504100	0.35031702	28.57504100	5.82073673	1.07944846
8.85011370	28.91342200	0.03458601	28.57816400	0.33525726	28.57816400	5.82317738	1.07899604
8.85383050	28.90602300	0.03459487	28.58128600	0.32473730	28.58128600	5.82561808	1.07854398
8.85754720	28.90716000	0.03459351	28.58440500	0.32275494	28.58440500	5.82805872	1.07809231
8.86126390	28.88472900	0.03462037	28.58752200	0.29720762	28.58752200	5.83049934	1.07764103
8.86498070	28.86464300	0.03464446	28.59063600	0.27400669	28.59063600	5.83294003	1.07719011
8.86869740	28.85691500	0.03465374	28.59374900	0.26316573	28.59374900	5.83538064	1.07673958
8.87241420	28.85855100	0.03465177	28.59685900	0.26169216	28.59685900	5.83782131	1.07628942
8.87613090	28.85747000	0.03465307	28.59996700	0.25750291	28.59996700	5.84026192	1.07583965
8.87984760	28.83492300	0.03468017	28.60307200	0.23185068	28.60307200	5.84270251	1.07539025
8.88356440	28.82853700	0.03468785	28.60617500	0.22236176	28.60617500	5.84514317	1.07494122
8.88728110	28.83367000	0.03468168	28.60927600	0.22439366	28.60927600	5.84758375	1.07449257
8.89099790	28.84366800	0.03466965	28.61237400	0.23129358	28.61237400	5.85002439	1.07404429
8.89471460	28.86287700	0.03464658	28.61547000	0.24740649	28.61547000	5.85246496	1.07359640
8.89843140	28.84322000	0.03467019	28.61856400	0.22465576	28.61856400	5.85490559	1.07314887
8.90214810	28.80772400	0.03471291	28.62165500	0.18606882	28.62165500	5.85734615	1.07270172
8.90586480	28.76290900	0.03476700	28.62474400	0.13816501	28.62474400	5.85978670	1.07225495
8.90958160	28.78427900	0.03474119	28.62783000	0.15644866	28.62783000	5.86222732	1.07180854
8.91329830	28.81432000	0.03470497	28.63091400	0.18340558	28.63091400	5.86466786	1.07136252
8.91701510	28.82938600	0.03468683	28.63399500	0.19539040	28.63399500	5.86710846	1.07091685
8.92073180	28.80011600	0.03472208	28.63707400	0.16304140	28.63707400	5.86954898	1.07047157
8.92444850	28.78422900	0.03474125	28.64015000	0.14407879	28.64015000	5.87198950	1.07002666
8.92816530	28.77916700	0.03474736	28.64322400	0.13594292	28.64322400	5.87443009	1.06958211
8.93188200	28.76912300	0.03475949	28.64629500	0.12282761	28.64629500	5.87687060	1.06913794
8.93559880	28.73924600	0.03479562	28.64936400	0.08988225	28.64936400	5.87931116	1.06869413
8.93931550	28.74629600	0.03478709	28.65243000	0.09386575	28.65243000	5.88175166	1.06825070
8.94303220	28.76902000	0.03475961	28.65549400	0.11352645	28.65549400	5.88419215	1.06780764
8.94674900	28.79434800	0.03472904	28.65855400	0.13579329	28.65855400	5.88663270	1.06736493
8.95046570	28.79551500	0.03472763	28.66161300	0.13390239	28.66161300	5.88907318	1.06692261
8.95418250	28.80422200	0.03471713	28.74357100	0.06065075	28.66466800	5.89151372	1.06648064
8.95789920	28.82860000	0.03468777	28.74917300	0.07942656	28.66772100	5.89395418	1.06603905
8.96161600	28.83589600	0.03467900	28.75489700	0.08099827	28.67077100	5.89639471	1.06559781
8.96533270	28.84247600	0.03467109	28.76075100	0.08172444	28.67381900	5.89883516	1.06515696
8.96904940	28.84349300	0.03466987	28.76674700	0.07674507	28.67686400	5.90127561	1.06471647
8.97276620	28.85281000	0.03465867	28.77289200	0.07991754	28.67990600	5.90371612	1.06427633
8.97648290	28.84280600	0.03467069	28.77919700	0.06360916	28.68294500	5.90615655	1.06383657
8.98019970	28.83180400	0.03468392	28.78567400	0.04613036	28.68598100	5.90859704	1.06339716
8.98391640	28.82915500	0.03468711	28.79233600	0.03681849	28.68901500	5.91103747	1.06295813
8.98763310	28.82978100	0.03468636	28.79919600	0.03058421	28.69204600	5.91347788	1.06251946
8.99134990	28.82758500	0.03468900	28.80626900	0.02131671	28.69507400	5.91591836	1.06208114
8.99506660	28.80827500	0.03471225	28.81357400	-0.00529888	28.69810000	5.91835876	1.06164320
8.99878340	28.82626900	0.03469058	28.82112700	0.00514245	28.70112200	5.92079923	1.06120560
9.00250010	28.85069800	0.03466121	28.82894600	0.02175253	28.70414200	5.92323962	1.06076838
9.00621690	28.89210500	0.03461153	28.83705700	0.05504853	28.70715800	5.92568007	1.06033151
9.00993360	28.90941800	0.03459080	28.84548300	0.06393476	28.71017200	5.92812045	1.05989501
9.01365030	28.92119600	0.03457672	28.85425000	0.06694636	28.71318300	5.93056082	1.05945888
9.01736710	28.90960300	0.03459058	28.86338500	0.04621857	28.71619100	5.93300125	1.05902309
9.02108380	28.92672500	0.03457011	28.87292900	0.05379616	28.71919600	5.93544161	1.05858767
9.02480060	28.92135400	0.03457653	28.88291300	0.03844141	28.72219800	5.93788203	1.05815260
9.02851730	28.90741200	0.03459320	28.89337500	0.01403621	28.72519700	5.94032238	1.05771790
9.03223400	28.89169300	0.03461202	28.90436700	-0.01267358	28.72819400	5.94276272	1.05728356
9.03595080	28.88506700	0.03461997	28.91594000	-0.03087347	28.73118700	5.94520312	1.05684956
9.03966750	28.90897900	0.03459133	28.92814700	-0.01916772	28.73417700	5.94764345	1.05641593
9.04338430	28.91542200	0.03458362	28.94105000	-0.02562792	28.73716400	5.95008384	1.05598265
9.04710100	28.93551800	0.03455960	28.95473800	-0.01921954	28.74014800	5.95252415	1.05554974
9.05081770	28.91932700	0.03457895	28.96928000	-0.04995347	28.74312900	5.95496446	1.05511718
9.05453450	28.93703800	0.03455779	28.98476900	-0.04773037	28.74610700	5.95740483	1.05468496
9.05825120	28.96564100	0.03452366	29.00131800	-0.03567677	28.74908100	5.95984513	1.05425312
9.06196800	29.00443500	0.03447749	29.01905800	-0.01462348	28.75205300	5.96228549	1.05382161
9.06568470	29.02872700	0.03444863	29.03811500	-0.00938840	28.75502100	5.96472577	1.05339047
9.06940150	29.03883600	0.03443664	29.05864800	-0.01981273	28.75798700	5.96716612	1.05295968
9.07311820	29.06389400	0.03440695	29.08087500	-0.01698075	28.76094900	5.96960639	1.05252925
9.07683490	29.07276200	0.03439646	29.10499200	-0.03223093	28.76390800	5.97204666	1.05209917
9.08055170	29.10415500	0.03435936	29.13124600	-0.02709161	28.76686400	5.97448698	1.05166943
9.08426840	29.11978100	0.03434092	29.15994700	-0.04016599	28.76981600	5.97692723	1.05124005
9.08798520	29.12186600	0.03433846	29.19147500	-0.06960874	28.77276600	5.97936755	1.05081102
9.09170190	29.13402400	0.03432413	29.22620600	-0.09218244	28.77571200	5.98180779	1.05038235
9.09541860	29.14988100	0.03430546	29.26463000	-0.11474858	28.77865500	5.98424802	1.04995403
9.09913540	29.17220300	0.03427921	29.30741100	-0.13520818	28.78159400	5.98668832	1.04952604
9.10285210	29.22215100	0.03422062	29.35522800	-0.13307720	28.78453100	5.98912854	1.04909842
9.10656890	29.27065500	0.03416391	29.40892200	-0.13826703	28.78746400	5.99156882	1.04867114
9.11028560	29.33613600	0.03408765	29.46958700	-0.13345075	28.79039300	5.99400903	1.04824422
9.11400230	29.37772600	0.03403940	29.53865600	-0.16093062	28.79332000	5.99644923	1.04781764
9.11771910	29.44633700	0.03396008	29.61770300	-0.17136674	28.79624300	5.99888950	1.04739141
9.12143580	29.49507300	0.03390397	29.70896000	-0.21388686	28.79916200	6.00132969	1.04696553
9.12515260	29.56729100	0.03382116	29.81593800	-0.24864646	28.80207800	6.00376994	1.04653999
9.12886930	29.67786000	0.03369515	29.94392900	-0.26606851	28.80499100	6.00621011	1.04611480
9.13258610	29.85262700	0.03349789	30.10253500	-0.24990822	28.80790100	6.00865035	1.04568995
9.13630280	30.08100500	0.03324357	30.31085900	-0.22985411	28.81080700	6.01109052	1.04526546
9.14001950	30.40406000	0.03289034	30.60869100	-0.20463095	28.81370900	6.01353068	1.04484132
9.14373630	30.94550500	0.03231487	31.06875800	-0.12325268	28.81660800	6.01597089	1.04441750
9.14745300	31.78315900	0.03146320	31.82227300	-0.03911358	28.81950400	6.01841104	1.04399405
9.15116980	33.11006500	0.03020230	33.09571600	0.01434986	28.82239600	6.02085125	1.04357093
9.15488650	35.19862000	0.02841021	35.21770100	-0.01908073	28.82528500	6.02329138	1.04314816
9.15860320	38.46817800	0.02599551	38.60403700	-0.13585902	28.82817000	6.02573151	1.04272573
9.16232000	43.40099000	0.02304095	43.71360800	-0.31261810	28.83105100	6.02817169	1.04230364
9.16603670	50.44151300	0.01982494	50.94684300	-0.50532980	28.83392900	6.03061181	1.04188190
9.16975350	59.89277600	0.01669650	60.34805400	-0.45527706	28.83680400	6.03305198	1.04146050
9.17347020	71.63851200	0.01395897	71.53365400	0.10485761	28.83967500	6.03549209	1.04103944
9.17718700	84.05141400	0.01189748	83.53106600	0.52034826	28.84254200	6.03793225	1.04061872
9.18090370	95.41179700	0.01048088	94.71162900	0.70016768	28.84540600	6.04037234	1.04019835
9.18462040	103.75815000	0.00963780	103.04756000	0.71058338	28.84826600	6.04281242	1.03977831
9.18833720	106.71353000	0.00937088	106.57468000	0.13885110	28.85112200	6.04525256	1.03935861
9.19205390	103.98152000	0.00961709	104.19734000	-0.21582057	28.85397500	6.04769263	1.03893926
9.19577070	96.20497900	0.01039447	96.70504400	-0.50006520	28.85682400	6.05013276	1.03852024
9.19948740	85.47077200	0.01169991	85.93525300	-0.46448170	28.85966900	6.05257282	1.03810156
9.20320410	73.45314000	0.01361412	73.95787400	-0.50473395	28.86251100	6.05501287	1.03768323
9.20692090	62.00308600	0.01612823	62.51470900	-0.51162322	28.86534900	6.05745298	1.03726522
9.21063760	52.67593000	0.01898400	52.70648500	-0.03055475	28.86818300	6.05989302	1.03684756
9.21435440	45.57542400	0.02194165	45.03086300	0.54456161	28.87101400	6.06233312	1.03643023
9.21807110	40.26872600	0.02483317	39.53065500	0.73807152	28.87384000	6.06477314	1.03601325
9.22178780	36.55724300	0.02735436	35.83546500	0.72177872	28.87666300	6.06721316	1.03559660
9.22550460	34.09657300	0.02932846	33.49835700	0.59821560	28.87948200	6.06965324	1.03518027
9.22922130	32.55067100	0.03072133	32.09129500	0.45937587	28.88229800	6.07209325	1.03476430
9.23293810	31.56980300	0.03167584	31.25989800	0.30990494	28.88510900	6.07453331	1.03434865
9.23665480	30.97697300	0.03228204	30.75871400	0.21825858	28.88791700	6.07697330	1.03393334
9.24037160	30.58831200	0.03269223	30.44116500	0.14714680	28.89072100	6.07941336	1.03351836
9.24408830	30.32625200	0.03297473	30.22484400	0.10140805	28.89352100	6.08185334	1.03310372
9.24780500	30.15580000	0.03316112	30.42985700	-0.27405725	28.89631700	6.08429331	1.03268942
9.25152180	30.05032200	0.03327751	30.31468400	-0.26436245	28.89910900	6.08673335	1.03227543
9.25523850	29.95959500	0.03337829	30.22272900	-0.26313468	28.90189700	6.08917331	1.03186180
9.25895530	29.88959500	0.03345646	30.14800000	-0.25840524	28.90468100	6.09161333	1.03144848
9.26267200	29.85704600	0.03349293	30.08676500	-0.22971931	28.90746200	6.09405328	1.03103551
9.26638870	29.85775000	0.03349214	30.03668700	-0.17893732	28.91023800	6.09649322	1.03062286
9.27010550	29.86019700	0.03348940	29.99619400	-0.13599703	28.91301100	6.09893322	1.03021054
9.27382220	29.83534200	0.03351730	29.96379200	-0.12844997	28.91577900	6.10137315	1.02979856
9.27753900	29.81558600	0.03353950	29.93842900	-0.12284243	28.91854400	6.10381314	1.02938690
9.28125570	29.81177500	0.03354379	29.91932000	-0.10754430	28.92130400	6.10625306	1.02897558
9.28497250	29.84200900	0.03350981	29.90582400	-0.06381532	28.92406100	6.10869303	1.02856458
9.28868920	29.87232200	0.03347580	29.89734200	-0.02501958	28.92681300	6.11113294	1.02815392
9.29240590	29.87941700	0.03346785	29.89346400	-0.01404627	28.92956200	6.11357284	1.02774359
9.29612270	29.88376000	0.03346299	29.89394000	-0.01017947	28.93230600	6.11601279	1.02733358
9.29983940	29.90584800	0.03343828	29.89846900	0.00737894	28.93504600	6.11845268	1.02692390
9.30355620	29.94163700	0.03339831	29.90686400	0.03477290	28.93778200	6.12089262	1.02651455
9.30727290	29.97940400	0.03335623	29.91903700	0.06036699	28.94051400	6.12333249	1.02610553
9.31098960	29.96562000	0.03337158	29.93496200	0.03065832	28.94324200	6.12577236	1.02569683
9.31470640	29.96569100	0.03337150	29.95457700	0.01111377	28.94596600	6.12821228	1.02528846
9.31842310	29.99077200	0.03334359	29.97792400	0.01284780	28.94868500	6.13065213	1.02488042
9.32213990	30.05733100	0.03326975	30.00515500	0.05217625	28.95140100	6.13309205	1.02447269
9.32585660	30.08119800	0.03324336	30.03636700	0.04483107	28.95411200	6.13553189	1.02406530
9.32957330	30.07906300	0.03324572	30.07172700	0.00733626	28.95681900	6.13797172	1.02365824
9.33329010	30.06365000	0.03326276	30.11149600	-0.04784563	28.95952200	6.14041161	1.02325149
9.33700680	30.09963000	0.03322300	30.15602600	-0.05639578	28.96222100	6.14285143	1.02284507
9.34072360	30.18347900	0.03313071	30.20560700	-0.02212724	28.96491500	6.14529131	1.02243897
9.34444030	30.25446900	0.03305297	30.26066300	-0.00619400	28.96760500	6.14773112	1.02203320
9.34815710	30.30783500	0.03299477	30.32179500	-0.01396010	28.97029100	6.15017098	1.02162774
9.35187380	30.33984800	0.03295995	30.38956600	-0.04971873	28.97297200	6.15261078	1.02122262
9.35559050	30.39281100	0.03290252	30.46464500	-0.07183429	28.97565000	6.15505057	1.02081782
9.35930730	30.44503000	0.03284608	30.54789000	-0.10285984	28.97832300	6.15749041	1.02041333
9.36302400	30.52018900	0.03276520	30.64042600	-0.12023644	28.98099100	6.15993019	1.02000917
9.36674080	30.59182500	0.03268847	30.74327000	-0.15144481	28.98365500	6.16237002	1.01960533
9.37045750	30.66159200	0.03261409	30.85778800	-0.19619593	28.98631500	6.16480978	1.01920181
9.37417420	30.73410800	0.03253714	30.98579900	-0.25169125	28.98897100	6.16724954	1.01879862
9.37789100	30.85283700	0.03241193	31.12922000	-0.27638362	28.99162200	6.16968935	1.01839573
9.38160770	30.98338300	0.03227537	31.29028000	-0.30689700	28.99426900	6.17212910	1.01799318
9.38532450	31.06580400	0.03218974	31.47183100	-0.40602764	28.99691100	6.17456890	1.01759093
9.38904120	31.17313200	0.03207891	31.67774000	-0.50460850	28.99954900	6.17700863	1.01718901
9.39275800	31.34370000	0.03190434	31.91182500	-0.56812446	29.00218300	6.17944842	1.01678740
9.39647470	31.57259000	0.03167304	32.17926700	-0.60667668	29.00481200	6.18188813	1.01638612
9.40019140	31.80203600	0.03144453	32.48722300	-0.68518638	29.00743600	6.18432784	1.01598516
9.40390820	32.06095500	0.03119059	32.84469200	-0.78373708	29.01005700	6.18676761	1.01558450
9.40762490	32.41920100	0.03084592	33.26431300	-0.84511256	29.01267200	6.18920731	1.01518417
9.41134170	32.89849900	0.03039652	33.76733400	-0.86883497	29.01528300	6.19164706	1.01478415
9.41505840	33.57824300	0.02978119	34.39600500	-0.81776169	29.01789000	6.19408675	1.01438445
9.41877510	34.54048900	0.02895153	35.22722300	-0.68673384	29.02049200	6.19652643	1.01398507
9.42249190	35.94382100	0.02782119	36.41623500	-0.47241442	29.02309000	6.19896616	1.01358600
9.42620860	38.06316000	0.02627212	38.27230600	-0.20914592	29.02568300	6.20140583	1.01318725
9.42992540	41.44985600	0.02412554	41.28313300	0.16672271	29.02827100	6.20384555	1.01278880
9.43364210	46.86662700	0.02133714	46.50856700	0.35805998	29.03085500	6.20628520	1.01239068
9.43735880	55.50145700	0.01801754	55.23688400	0.26457318	29.03343400	6.20872485	1.01199287
9.44107560	69.09000400	0.01447387	69.43022800	-0.34022422	29.03600900	6.21116455	1.01159537
9.44479230	89.62156700	0.01115803	91.06227100	-1.44070390	29.03857900	6.21360418	1.01119819
9.44850910	119.40183000	0.00837508	121.87589000	-2.47406800	29.04114400	6.21604387	1.01080131
9.45222580	160.50565000	0.00623031	162.66763000	-2.16198090	29.04370500	6.21848349	1.01040476
9.45594260	211.45279000	0.00472919	212.19945000	-0.74665997	29.04626100	6.22092317	1.01000850
9.45965930	268.79510000	0.00372031	266.58262000	2.21248040	29.04881200	6.22336278	1.00961257
9.46337600	324.65652000	0.00308018	319.43537000	5.22115560	29.05135900	6.22580237	1.00921695
9.46709280	366.59973000	0.00272777	361.89585000	4.70387830	29.05390100	6.22824203	1.00882163
9.47080950	387.06668000	0.00258353	385.04180000	2.02488330	29.05643800	6.23068162	1.00842664
9.47452630	382.53290000	0.00261415	383.04582000	-0.51292401	29.05897100	6.23312126	1.00803194
9.47824300	354.92316000	0.00281751	356.23904000	-1.31588070	29.06149800	6.23556084	1.00763756
9.48195970	309.05396000	0.00323568	311.37565000	-2.32169760	29.06402200	6.23800040	1.00724349
9.48567650	253.54958000	0.00394400	257.81652000	-4.26694710	29.06654000	6.24044003	1.00684972
9.48939320	200.14476000	0.00499638	203.80435000	-3.65958740	29.06905300	6.24287958	1.00645627
9.49311000	154.06685000	0.00649069	155.55032000	-1.48347090	29.07156200	6.24531919	1.00606312
9.49682670	117.09933000	0.00853976	116.35125000	0.74807248	29.07406600	6.24775873	1.00567029
9.50054340	89.50590500	0.01117245	87.02981200	2.47609300	29.07656500	6.25019827	1.00527776
9.50426020	69.88327000	0.01430958	66.73430500	3.14896550	29.07905900	6.25263786	1.00488553
9.50797690	56.48881900	0.01770262	53.61929600	2.86952290	29.08154800	6.25507738	1.00449362
9.51169370	47.62237200	0.02099853	45.53201600	2.09035580	29.08403300	6.25751696	1.00410200
9.51541040	41.99914200	0.02381001	40.72041600	1.27872540	29.08651200	6.25995647	1.00371070
9.51912720	38.56149300	0.02593261	37.90053300	0.66096014	29.08898700	6.26239603	1.00331970
9.52284390	36.37867000	0.02748864	36.46955200	-0.09088234	29.09145700	6.26483553	1.00292901
9.52656060	34.98157100	0.02858648	35.36205400	-0.38048292	29.09392200	6.26727501	1.00253863
9.53027740	34.05538200	0.02936394	34.58386300	-0.52848145	29.09638200	6.26971456	1.00214854
9.53399410	33.40375500	0.02993675	33.99362500	-0.58986942	29.09883700	6.27215403	1.00175877
9.53771090	32.90661200	0.03038903	33.51850700	-0.61189490	29.10128700	6.27459357	1.00136929
9.54142760	32.50883900	0.03076086	33.12330100	-0.61446195	29.10373200	6.27703303	1.00098013
9.54514430	32.22485400	0.03103195	32.78914500	-0.56429166	29.10617300	6.27947248	1.00059126
9.54886110	32.02584800	0.03122478	32.50306400	-0.47721590	29.10860800	6.28191199	1.00020270
9.55257780	31.88082900	0.03136681	32.25641800	-0.37558907	29.11103800	6.28435144	0.99981444
9.55629460	31.72968100	0.03151623	32.04302400	-0.31334316	29.11346300	6.28679094	0.99942648
9.56001130	31.59181800	0.03165377	31.85812300	-0.26630505	29.11588300	6.28923036	0.99903882
9.56372810	31.49328800	0.03175280	31.69721600	-0.20392842	29.11829800	6.29166985	0.99865146
9.56744480	31.43026900	0.03181646	31.55706900	-0.12679935	29.12070800	6.29410927	0.99826442
9.57116150	31.36578000	0.03188188	31.43523800	-0.06945856	29.12311300	6.29654867	0.99787767
9.57487830	31.28912700	0.03195998	31.32933900	-0.04021205	29.12551300	6.29898814	0.99749121
9.57859500	31.22324200	0.03202742	31.23745700	-0.01421486	29.12790800	6.30142754	0.99710506
9.58231180	31.17844600	0.03207344	31.15813500	0.02031115	29.13029800	6.30386699	0.99671921
9.58602850	31.14814000	0.03210465	31.09027000	0.05786973	29.13268300	6.30630637	0.99633366
9.58974520	31.10642100	0.03214770	31.03263700	0.07378387	29.13506200	6.30874575	0.99594841
9.59346200	31.08904300	0.03216567	30.98440600	0.10463619	29.13743600	6.31118518	0.99556345
9.59717870	31.07475700	0.03218046	30.94501300	0.12974323	29.13980600	6.31362454	0.99517880
9.60089550	31.03644900	0.03222018	30.91386600	0.12258364	29.14217000	6.31606396	0.99479444
9.60461220	30.98760800	0.03227096	30.89049200	0.09711630	29.14452900	6.31850331	0.99441038
9.60832890	30.95900200	0.03230078	30.87461100	0.08439061	29.14688200	6.32094265	0.99402663
9.61204570	30.94888100	0.03231135	30.86615100	0.08272976	29.14923100	6.32338205	0.99364316
9.61576240	30.92733000	0.03233386	30.86488700	0.06244304	29.15157400	6.32582138	0.99325999
9.61947920	30.90086400	0.03236156	30.87082800	0.03003601	29.15391200	6.32826077	0.99287712
9.62319590	30.89033100	0.03237259	30.88416800	0.00616294	29.15624500	6.33070008	0.99249455
9.62691270	30.91791200	0.03234371	30.90510800	0.01280320	29.15857300	6.33313946	0.99211226
9.63062940	30.95232000	0.03230776	30.93390600	0.01841432	29.16089500	6.33557876	0.99173028
9.63434610	30.93143100	0.03232957	30.97100900	-0.03957798	29.16321200	6.33801805	0.99134860
9.63806290	30.92542600	0.03233585	31.01717800	-0.09175184	29.16552400	6.34045741	0.99096720
9.64177960	30.95483400	0.03230513	31.07298500	-0.11815122	29.16783000	6.34289669	0.99058610
9.64549640	31.01085300	0.03224677	31.13934100	-0.12848777	29.17013100	6.34533603	0.99020529
9.64921310	31.06198100	0.03219370	31.21749900	-0.15551734	29.17242700	6.34777530	0.98982478
9.65292980	31.10992200	0.03214409	31.30887700	-0.19895487	29.17471800	6.35021456	0.98944457
9.65664660	31.14934200	0.03210341	31.41504300	-0.26570144	29.17700300	6.35265388	0.98906464
9.66036330	31.17387600	0.03207814	31.53805000	-0.36417445	29.17928300	6.35509313	0.98868501
9.66408010	31.24607500	0.03200402	31.68086400	-0.43478915	29.18155700	6.35753244	0.98830566
9.66779680	31.37786100	0.03186960	31.84629600	-0.46843495	29.18382700	6.35997167	0.98792662
9.67151360	31.51175100	0.03173419	32.03824200	-0.52649119	29.18609000	6.36241097	0.98754786
9.67523030	31.66850900	0.03157711	32.26204800	-0.59353997	29.18834900	6.36485019	0.98716939
9.67894700	31.89114000	0.03135667	32.52482500	-0.63368486	29.19060200	6.36728940	0.98679122
9.68266380	32.17825700	0.03107688	32.83635900	-0.65810245	29.19284900	6.36972868	0.98641334
9.68638050	32.53477100	0.03073635	33.21341700	-0.67864594	29.19509100	6.37216788	0.98603575
9.69009730	33.02323200	0.03028171	33.68963400	-0.66640277	29.19732800	6.37460714	0.98565844
9.69381400	33.72785200	0.02964909	34.32679800	-0.59894574	29.19955900	6.37704633	0.98528143
9.69753070	34.79678700	0.02873828	35.24792100	-0.45113326	29.20178500	6.37948551	0.98490471
9.70124750	36.42057800	0.02745700	36.34076900	0.07980911	29.20400500	6.38192475	0.98452827
9.70496420	38.96210500	0.02566596	38.76127000	0.20083515	29.20622000	6.38436392	0.98415212
9.70868100	43.07746900	0.02321399	42.84180800	0.23566136	29.20842900	6.38680314	0.98377626
9.71239770	49.72191600	0.02011186	49.62234600	0.09957052	29.21063300	6.38924230	0.98340069
9.71611440	60.05735800	0.01665075	60.57122700	-0.51386914	29.21283100	6.39168145	0.98302542
9.71983120	75.82889600	0.01318758	77.20218200	-1.37328640	29.21502400	6.39412065	0.98265041
9.72354790	98.73146100	0.01012848	100.81866000	-2.08719600	29.21721100	6.39655979	0.98227571
9.72726470	130.00574000	0.00769197	132.01912000	-2.01338560	29.21939200	6.39899898	0.98190128
9.73098140	169.75816000	0.00589073	169.96596000	-0.20779634	29.22156800	6.40143810	0.98152715
9.73469820	213.85432000	0.00467608	211.78787000	2.06645810	29.22373900	6.40387728	0.98115330
9.73841490	256.79074000	0.00389422	252.78163000	4.00910810	29.22590400	6.40631639	0.98077974
9.74213160	290.37161000	0.00344386	286.42017000	3.95144250	29.22806300	6.40875549	0.98040646
9.74584840	307.77707000	0.00324910	305.88531000	1.89175790	29.23021600	6.41119465	0.98003347
9.74956510	306.08578000	0.00326706	306.49289000	-0.40710694	29.23236500	6.41363373	0.97966076
9.75328190	286.26221000	0.00349330	287.96871000	-1.70650230	29.23450700	6.41607288	0.97928833
9.75699860	252.75574000	0.00395639	254.83580000	-2.08006440	29.23664400	6.41851195	0.97891620
9.76071530	211.16521000	0.00473563	214.11636000	-2.95115560	29.23877500	6.42095102	0.97854434
9.76443210	169.14688000	0.00591202	172.17986000	-3.03297950	29.24090000	6.42339015	0.97817277
9.76814880	132.56273000	0.00754360	133.97582000	-1.41309380	29.24302000	6.42582920	0.97780148
9.77186560	103.07439000	0.00970173	102.38273000	0.69166578	29.24513400	6.42826831	0.97743047
9.77558230	80.48669400	0.01242441	78.31479800	2.17189640	29.24724200	6.43070735	0.97705975
9.77929910	63.87662500	0.01565518	61.32767500	2.54894980	29.24934500	6.43314645	0.97668930
9.78301580	52.46729700	0.01905949	50.16718400	2.30011250	29.25144200	6.43558548	0.97631914
9.78673250	44.97917200	0.02223251	43.17783000	1.80134190	29.25353300	6.43802450	0.97594927
9.79044930	40.05626300	0.02496488	38.97304700	1.08321620	29.25561900	6.44046358	0.97557967
9.79416600	37.03837600	0.02699902	36.49869200	0.53968360	29.25769800	6.44290258	0.97521035
9.79788280	35.13416300	0.02846233	35.00678500	0.12737776	29.25977200	6.44534165	0.97484131
9.80159950	33.90090900	0.02949773	34.16368000	-0.26277060	29.26184100	6.44778064	0.97447256
9.80531620	33.09694300	0.03021427	33.51007300	-0.41313033	29.26390300	6.45021963	0.97410409
9.80903300	32.54824800	0.03072362	33.02349100	-0.47524272	29.26596000	6.45265867	0.97373589
9.81274970	32.14899100	0.03110518	32.63584100	-0.48685005	29.26801100	6.45509764	0.97336797
9.81646650	31.84808900	0.03139906	32.31477000	-0.46668055	29.27005600	6.45753667	0.97300033
9.82018320	31.61092400	0.03163463	32.04321400	-0.43229041	29.27209500	6.45997563	0.97263297
9.82389990	31.42197200	0.03182486	31.81025300	-0.38828024	29.27412800	6.46241458	0.97226590
9.82761670	31.28644900	0.03196272	31.60856000	-0.32211010	29.27615600	6.46485359	0.97189909
9.83133340	31.16369400	0.03208862	31.43302300	-0.26932816	29.27817700	6.46729253	0.97153257
9.83505020	31.06258200	0.03219307	31.27991700	-0.21733524	29.28019300	6.46973153	0.97116631
9.83876690	30.98638200	0.03227224	31.14555000	-0.15916859	29.28220300	6.47217045	0.97080034
9.84248370	30.88439000	0.03237882	31.02730900	-0.14291894	29.28420700	6.47460944	0.97043464
9.84620040	30.79766300	0.03247000	30.92317300	-0.12551022	29.28620500	6.47704835	0.97006923
9.84991710	30.72831000	0.03254328	30.83128000	-0.10296992	29.28819800	6.47948725	0.96970409
9.85363390	30.69099800	0.03258284	30.75002700	-0.05902922	29.29018400	6.48192622	0.96933922
9.85735060	30.61877400	0.03265970	30.67818900	-0.05941410	29.29216400	6.48436511	0.96897463
9.86106740	30.54293400	0.03274080	30.61487800	-0.07194318	29.29413900	6.48680405	0.96861031
9.86478410	30.50804100	0.03277824	30.55904800	-0.05100698	29.29610700	6.48924293	0.96824628
9.86850080	30.48360300	0.03280452	30.50998400	-0.02638171	29.29807000	6.49168180	0.96788251
9.87221760	30.44550500	0.03284557	30.46714300	-0.02163808	29.30002700	6.49412073	0.96751902
9.87593430	30.37144900	0.03292566	30.43001800	-0.05856899	29.30197700	6.49655959	0.96715580
9.87965110	30.31255200	0.03298964	30.39813900	-0.08558792	29.30392200	6.49899850	0.96679285
9.88336780	30.31084600	0.03299149	30.37118400	-0.06033810	29.30586100	6.50143734	0.96643019
9.88708450	30.31167400	0.03299059	30.34898700	-0.03731293	29.30779400	6.50387618	0.96606779
9.89080130	30.30228800	0.03300081	30.33126900	-0.02898125	29.30972000	6.50631508	0.96570566
9.89451800	30.28911600	0.03301516	30.31790500	-0.02878917	29.31164100	6.50875390	0.96534381
9.89823480	30.27086800	0.03303506	30.30887000	-0.03800195	29.31355600	6.51119278	0.96498223
9.90195150	30.24915700	0.03305877	30.30417800	-0.05502100	29.31546400	6.51363159	0.96462092
9.90566830	30.23150100	0.03307808	30.30384300	-0.07234200	29.31736700	6.51607045	0.96425988
9.90938500	30.22079800	0.03308979	30.30799600	-0.08719726	29.31926300	6.51850925	0.96389912
9.91310170	30.20275300	0.03310956	30.31693400	-0.11418099	29.32115400	6.52094804	0.96353863
9.91681850	30.17895700	0.03313567	30.33087700	-0.15192028	29.32303800	6.52338688	0.96317839
9.92053520	30.18602900	0.03312791	30.35020200	-0.16417209	29.32491600	6.52582566	0.96281844
9.92425200	30.21179200	0.03309966	30.37545300	-0.16366088	29.32678900	6.52826449	0.96245875
9.92796870	30.22464800	0.03308558	30.40732100	-0.18267318	29.32865500	6.53070325	0.96209934
9.93168540	30.22466800	0.03308556	30.44653100	-0.22186231	29.33051500	6.53314200	0.96174020
9.93540220	30.22039600	0.03309024	30.49409100	-0.27369521	29.33236900	6.53558082	0.96138132
9.93911890	30.24641600	0.03306177	30.55147600	-0.30505997	29.33421600	6.53801956	0.96102272
9.94283570	30.27453200	0.03303106	30.62028100	-0.34574843	29.33605800	6.54045835	0.96066437
9.94655240	30.34558100	0.03295373	30.70282000	-0.35723915	29.33789300	6.54289708	0.96030630
9.95026920	30.44723700	0.03284370	30.80280500	-0.35556772	29.33972300	6.54533587	0.95994849
9.95398590	30.60030600	0.03267941	30.92680700	-0.32650190	29.34154600	6.54777458	0.95959096
9.95770260	30.77268800	0.03249635	31.08658000	-0.31389167	29.34336300	6.55021328	0.95923370
9.96141940	31.04153600	0.03221490	31.30589100	-0.26435442	29.34517400	6.55265205	0.95887669
9.96513610	31.46926300	0.03177704	31.63468000	-0.16541717	29.34697800	6.55509074	0.95851996
9.96885290	32.11073700	0.03114223	32.16543100	-0.05469436	29.34877700	6.55752949	0.95816348
9.97256960	33.09281500	0.03021804	33.06135400	0.03146130	29.35056900	6.55996817	0.95780729
9.97628630	34.63354100	0.02887374	34.59415800	0.03938356	29.35235500	6.56240684	0.95745135
9.98000310	37.10132600	0.02695321	36.91435000	0.18697602	29.35413400	6.56484557	0.95709568
9.98371980	41.00379900	0.02438798	41.08303300	-0.07923397	29.35590800	6.56728423	0.95674027
9.98743660	46.95497100	0.02129700	47.40434300	-0.44937140	29.35767500	6.56972294	0.95638513
9.99115330	55.56465100	0.01799705	56.42507100	-0.86041946	29.35943600	6.57216158	0.95603025
9.99487000	67.40896600	0.01483482	68.33007200	-0.92110570	29.36119100	6.57460022	0.95567565
9.99858680	82.44755600	0.01212892	82.77324900	-0.32569393	29.36293900	6.57703892	0.95532129
10.00230400	99.17051700	0.01008364	98.73728800	0.43322927	29.36468200	6.57947787	0.95496716
10.00602000	115.81367000	0.00863456	114.41660000	1.39706650	29.36641700	6.58191602	0.95461341
10.00973700	129.01941000	0.00775077	127.43497000	1.58444100	29.36814700	6.58435483	0.95425983
10.01345400	136.20207000	0.00734203	135.30376000	0.89830884	29.36987000	6.58679363	0.95390651
10.01717000	136.02809000	0.00735142	136.08967000	-0.06158208	29.37158700	6.58923176	0.95355355
10.02088700	128.97144000	0.00775365	129.63339000	-0.66195385	29.37329800	6.59167055	0.95320075
10.02460400	116.77609000	0.00856340	117.53297000	-0.75688080	29.37500200	6.59410932	0.95284822
10.02832100	101.10784000	0.00989043	102.21071000	-1.10287250	29.37670000	6.59654810	0.95249594
10.03203700	84.95293400	0.01177122	86.13477100	-1.18183680	29.37839200	6.59898620	0.95214403
10.03575400	70.70428500	0.01414341	71.25403800	-0.54975338	29.38007700	6.60142496	0.95179228
10.03947100	59.06276700	0.01693114	58.74972000	0.31304748	29.38175600	6.60386371	0.95144079
10.04318800	50.12998600	0.01994814	49.12941300	1.00057310	29.38342900	6.60630245	0.95108956
10.04690400	43.50055700	0.02298821	42.26907400	1.23148340	29.38509500	6.60874053	0.95073869
10.05062100	38.87121200	0.02572598	37.68531200	1.18590040	29.38675500	6.61117926	0.95038798
10.05433800	35.77063400	0.02795589	34.80088600	0.96974780	29.38840800	6.61361799	0.95003753
10.05805500	33.73649200	0.02964149	33.22487000	0.51162167	29.39005500	6.61605670	0.94968734
10.06177100	32.48900600	0.03077964	32.21675800	0.27224811	29.39169600	6.61849475	0.94933751
10.06548800	31.71725100	0.03152858	31.62256700	0.09468408	29.39333000	6.62093345	0.94898784
10.06920500	31.19298900	0.03205849	31.25953500	-0.06654557	29.39495800	6.62337215	0.94863842
10.07292200	30.83082600	0.03243507	31.02011400	-0.18928772	29.39657900	6.62581084	0.94828927
10.07663800	30.60009800	0.03267963	30.84785500	-0.24775745	29.39819400	6.62824886	0.94794047
10.08035500	30.45466400	0.03283569	30.71499500	-0.26033048	29.39980300	6.63068753	0.94759183
10.08407200	30.34158500	0.03295807	30.60792800	-0.26634321	29.40140500	6.63312620	0.94724344
10.08778900	30.25319300	0.03305436	30.51889300	-0.26570041	29.40300000	6.63556486	0.94689532
10.09150500	30.18500300	0.03312903	30.44388600	-0.25888227	29.40459000	6.63800286	0.94654755
10.09522200	30.16482000	0.03315120	30.38041700	-0.21559704	29.40617200	6.64044150	0.94619993
10.09893900	30.14144100	0.03317691	30.32661200	-0.18517020	29.40774800	6.64288014	0.94585258
10.10265600	30.12731900	0.03319246	30.28096200	-0.15364311	29.40931800	6.64531877	0.94550548
10.10637200	30.08716600	0.03323676	30.24237200	-0.15520614	29.41088100	6.64775674	0.94515873
10.11008900	30.04979900	0.03327809	30.21006200	-0.16026322	29.41243800	6.65019536	0.94481214
10.11380600	30.02103400	0.03330998	30.18319400	-0.16215990	29.41398800	6.65263397	0.94446581
10.11752300	30.00192500	0.03333120	30.16118900	-0.15926430	29.41553100	6.65507257	0.94411973
10.12123900	30.00866500	0.03332371	30.14361800	-0.13495332	29.41706900	6.65751051	0.94377400
10.12495600	30.00868400	0.03332369	30.13011900	-0.12143450	29.41859900	6.65994910	0.94342843
10.12867300	30.00145300	0.03333172	30.12035000	-0.11889628	29.42012300	6.66238768	0.94308311
10.13238900	30.00537900	0.03332736	30.11409200	-0.10871332	29.42164100	6.66482560	0.94273814
10.13610600	30.01686700	0.03331460	30.11124500	-0.09437795	29.42315100	6.66726417	0.94239333
10.13982300	30.00208500	0.03333102	30.11164800	-0.10956336	29.42465600	6.66970273	0.94204878
10.14354000	29.98275400	0.03335251	30.11524100	-0.13248769	29.42615400	6.67214129	0.94170447
10.14725600	29.98490900	0.03335011	30.12204300	-0.13713389	29.42764500	6.67457918	0.94136052
10.15097300	29.99074400	0.03334362	30.13211700	-0.14137352	29.42912900	6.67701772	0.94101672
10.15469000	29.99229800	0.03334189	30.14551500	-0.15321659	29.43060700	6.67945625	0.94067317
10.15840700	29.98954600	0.03334495	30.16237900	-0.17283335	29.43207900	6.68189478	0.94032988
10.16212300	29.99952700	0.03333386	30.18297500	-0.18344814	29.43354400	6.68433264	0.93998693
10.16584000	30.01341600	0.03331843	30.20752100	-0.19410504	29.43500200	6.68677116	0.93964414
10.16955700	30.05547700	0.03327181	30.23633500	-0.18085745	29.43645400	6.68920966	0.93930160
10.17327400	30.09935200	0.03322331	30.26985500	-0.17050289	29.43789900	6.69164816	0.93895931
10.17699000	30.10251000	0.03321982	30.30864500	-0.20613446	29.43933700	6.69408600	0.93861736
10.18070700	30.09734200	0.03322553	30.35325500	-0.25591309	29.44076900	6.69652448	0.93827557
10.18442400	30.12301300	0.03319721	30.40443400	-0.28142147	29.44219400	6.69896296	0.93793403
10.18814100	30.16337800	0.03315279	30.46323100	-0.29985346	29.44361200	6.70140143	0.93759274
10.19185700	30.23391700	0.03307544	30.53071700	-0.29679957	29.44502400	6.70383923	0.93725179
10.19557400	30.32144400	0.03297996	30.60823700	-0.28679384	29.44642900	6.70627769	0.93691100
10.19929100	30.41358200	0.03288005	30.69758200	-0.28399987	29.44782700	6.70871614	0.93657045
10.20300800	30.48612200	0.03280181	30.80119400	-0.31507219	29.44921900	6.71115458	0.93623016
10.20672400	30.56496200	0.03271720	30.92195800	-0.35699541	29.45060400	6.71359236	0.93589020
10.21044100	30.70400000	0.03256905	31.06446300	-0.36046275	29.45198300	6.71603079	0.93555040
10.21415800	30.90816300	0.03235391	31.23703600	-0.32887255	29.45335400	6.71846921	0.93521085
10.21787500	31.15389600	0.03209871	31.45457700	-0.30068031	29.45471900	6.72090762	0.93487155
10.22159100	31.47691900	0.03176931	31.74626900	-0.26935018	29.45607800	6.72334537	0.93453258
10.22530800	31.97540100	0.03127404	32.17045300	-0.19505163	29.45742900	6.72578377	0.93419377
10.22902500	32.79538000	0.03049210	32.84393100	-0.04855107	29.45877400	6.72822216	0.93385521
10.23274100	34.05553400	0.02936380	33.96531300	0.09022171	29.46011200	6.73065989	0.93351698
10.23645800	36.02634400	0.02775746	35.76006600	0.26627858	29.46144400	6.73309827	0.93317891
10.24017500	39.12825000	0.02555698	38.95399300	0.17425719	29.46276800	6.73553664	0.93284108
10.24389200	43.99092100	0.02273196	44.11181300	-0.12089179	29.46408600	6.73797501	0.93250350
10.24760800	51.40637200	0.01945284	51.98085500	-0.57448275	29.46539800	6.74041271	0.93216626
10.25132500	62.29919100	0.01605157	63.26021900	-0.96102799	29.46670200	6.74285106	0.93182917
10.25504200	77.12800600	0.01296546	78.38440100	-1.25639500	29.46800000	6.74528940	0.93149233
10.25875900	96.21774300	0.01039309	97.01379400	-0.79605138	29.46929100	6.74772774	0.93115572
10.26247500	118.73303000	0.00842226	118.01638000	0.71665437	29.47057500	6.75016541	0.93081946
10.26619200	141.08356000	0.00708800	139.28953000	1.79402330	29.47185200	6.75260373	0.93048334
10.26990900	159.84087000	0.00625622	157.83671000	2.00415250	29.47312300	6.75504205	0.93014748
10.27362600	171.60628000	0.00582729	170.37741000	1.22887240	29.47438700	6.75748035	0.92981185
10.27734200	174.38890000	0.00573431	174.17688000	0.21202263	29.47564400	6.75991800	0.92947656
10.28105900	167.80818000	0.00595918	168.11895000	-0.31077037	29.47689400	6.76235629	0.92914142
10.28477600	152.82962000	0.00654323	153.86378000	-1.03415590	29.47813800	6.76479458	0.92880652
10.28849300	132.83380000	0.00752820	134.37723000	-1.54342890	29.47937400	6.76723286	0.92847186
10.29220900	111.36891000	0.00897917	112.92558000	-1.55667320	29.48060400	6.76967047	0.92813754
10.29592600	91.23264300	0.01096099	92.33606900	-1.10342620	29.48182700	6.77210874	0.92780337
10.29964300	74.51142900	0.01342076	74.47558900	0.03583981	29.48304300	6.77454699	0.92746944
10.30336000	61.37425200	0.01629348	60.25680900	1.11744280	29.48425300	6.77698524	0.92713575
10.30707600	51.50141100	0.01941694	50.12943100	1.37198000	29.48545500	6.77942283	0.92680239
10.31079300	44.43407400	0.02250525	42.98626800	1.44780670	29.48665100	6.78186107	0.92646919
10.31451000	39.53513300	0.02529396	38.37252400	1.16260890	29.48784000	6.78429930	0.92613622
10.31822700	36.35798300	0.02750428	35.55354800	0.80443494	29.48902200	6.78673752	0.92580349
10.32194300	34.35488500	0.02910794	33.88869200	0.46619316	29.49019700	6.78917508	0.92547110
10.32566000	33.08195900	0.03022796	32.90856100	0.17339737	29.49136500	6.79161328	0.92513885
10.32937700	32.30260500	0.03095726	32.31879800	-0.01619372	29.49252700	6.79405148	0.92480684
10.33309400	31.80309900	0.03144348	31.94534600	-0.14224700	29.49368100	6.79648968	0.92447508
10.33681000	31.48891300	0.03175721	31.68698600	-0.19807333	29.49482900	6.79892721	0.92414364
10.34052700	31.27188300	0.03197761	31.49439900	-0.22251584	29.49597000	6.80136539	0.92381235
10.34424400	31.08487100	0.03216999	31.34291300	-0.25804209	29.49710400	6.80380356	0.92348129
10.34796000	30.95688200	0.03230299	31.21973400	-0.26285133	29.49823100	6.80624107	0.92315057
10.35167700	30.85614000	0.03240846	31.11769000	-0.26154985	29.49935100	6.80867922	0.92281999
10.35539400	30.79460100	0.03247322	31.03271400	-0.23811279	29.50046500	6.81111737	0.92248965
10.35911100	30.71266700	0.03255985	30.96225900	-0.24959199	29.50157100	6.81355552	0.92215955
10.36282700	30.67595300	0.03259882	30.90404400	-0.22809069	29.50267100	6.81599300	0.92182978
10.36654400	30.66862900	0.03260661	30.85647700	-0.18784784	29.50376300	6.81843113	0.92150015
10.37026100	30.64450600	0.03263228	30.81839000	-0.17388322	29.50484900	6.82086925	0.92117076
10.37397800	30.61547900	0.03266322	30.78884400	-0.17336526	29.50592800	6.82330736	0.92084161
10.37769400	30.59978700	0.03267997	30.76695200	-0.16716482	29.50699900	6.82574481	0.92051278
10.38141100	30.59548600	0.03268456	30.75212300	-0.15663710	29.50806400	6.82818291	0.92018409
10.38512800	30.59460300	0.03268550	30.74401300	-0.14941077	29.50912200	6.83062101	0.91985565
10.38884500	30.57560000	0.03270582	30.74221200	-0.16661221	29.51017400	6.83305909	0.91952744
10.39256100	30.59550100	0.03268454	30.74648500	-0.15098392	29.51121800	6.83549652	0.91919955
10.39627800	30.61805700	0.03266046	30.75675900	-0.13870196	29.51225500	6.83793459	0.91887181
10.39999500	30.64837300	0.03262816	30.77308000	-0.12470763	29.51328500	6.84037265	0.91854430
10.40371200	30.67122500	0.03260385	30.79544500	-0.12422048	29.51430900	6.84281071	0.91821703
10.40742800	30.68201400	0.03259238	30.82403200	-0.14201785	29.51532500	6.84524810	0.91789008
10.41114500	30.70389900	0.03256915	30.85922300	-0.15532353	29.51633400	6.84768614	0.91756327
10.41486200	30.72978600	0.03254172	30.90134400	-0.17155817	29.51733700	6.85012418	0.91723670
10.41857900	30.77849400	0.03249022	30.95086000	-0.17236628	29.51833200	6.85256221	0.91691036
10.42229500	30.81899500	0.03244752	31.00843600	-0.18944125	29.51932100	6.85499957	0.91658435
10.42601200	30.84289200	0.03242238	31.07497200	-0.23208028	29.52030300	6.85743759	0.91625848
10.42972900	30.87622300	0.03238738	31.15129300	-0.27507088	29.52127700	6.85987559	0.91593284
10.43344600	30.94438700	0.03231604	31.23855700	-0.29416958	29.52224500	6.86231359	0.91560743
10.43716200	31.04203600	0.03221438	31.33836100	-0.29632511	29.52320500	6.86475093	0.91528234
10.44087900	31.14769700	0.03210510	31.45237000	-0.30467280	29.52415900	6.86718891	0.91495740
10.44459600	31.24422500	0.03200592	31.58258600	-0.33836112	29.52510600	6.86962689	0.91463269
10.44831200	31.32433900	0.03192406	31.73161800	-0.40727924	29.52604600	6.87206421	0.91430829
10.45202900	31.41795000	0.03182894	31.90301700	-0.48506744	29.52697800	6.87450217	0.91398405
10.45574600	31.52885200	0.03171698	32.10048100	-0.57162823	29.52790400	6.87694013	0.91366003
10.45946300	31.70365000	0.03154211	32.32932200	-0.62567213	29.52882300	6.87937807	0.91333624
10.46317900	31.94601100	0.03130281	32.59776100	-0.65174999	29.52973400	6.88181536	0.91301277
10.46689600	32.25836600	0.03099971	32.91824100	-0.65987584	29.53063900	6.88425329	0.91268944
10.47061300	32.67007800	0.03060905	33.31261000	-0.64253154	29.53153700	6.88669122	0.91236635
10.47433000	33.24947000	0.03007567	33.82349200	-0.57402261	29.53242800	6.88912914	0.91204348
10.47804600	34.09284600	0.02933167	34.54013800	-0.44729247	29.53331100	6.89156640	0.91172093
10.48176300	35.33266400	0.02830242	35.62462500	-0.29196026	29.53418800	6.89400430	0.91139852
10.48548000	37.23162800	0.02685888	37.37411600	-0.14248728	29.53505800	6.89644220	0.91107634
10.48919700	40.25840000	0.02483954	40.31239700	-0.05399661	29.53592000	6.89888009	0.91075439
10.49291300	45.11016500	0.02216795	45.24985900	-0.13969398	29.53677600	6.90131732	0.91043275
10.49663000	52.83449200	0.01892703	53.14246300	-0.30797167	29.53762500	6.90375519	0.91011126
10.50034700	64.70910600	0.01545377	65.64384900	-0.93474280	29.53846600	6.90619306	0.90978999
10.50406400	82.17614000	0.01216898	84.14426100	-1.96812170	29.53930100	6.90863093	0.90946895
10.50778000	107.22720000	0.00932599	109.56785000	-2.34064610	29.54012800	6.91106812	0.90914822
10.51149700	140.29384000	0.00712790	142.03061000	-1.73676820	29.54094900	6.91350597	0.90882764
10.51521400	180.78151000	0.00553154	180.28585000	0.49566092	29.54176200	6.91594381	0.90850728
10.51893100	224.77083000	0.00444898	221.18980000	3.58102810	29.54256800	6.91838164	0.90818715
10.52264700	264.59531000	0.00377936	259.90425000	4.69105850	29.54336800	6.92081881	0.90786733
10.52636400	294.34027000	0.00339743	290.46272000	3.87754850	29.54416000	6.92325663	0.90754765
10.53008100	308.32675000	0.00324331	306.49914000	1.82761250	29.54494500	6.92569444	0.90722820
10.53379800	304.06805000	0.00328874	304.48718000	-0.41912768	29.54572400	6.92813225	0.90690897
10.53751400	282.96219000	0.00353404	284.94543000	-1.98324320	29.54649500	6.93056939	0.90659006
10.54123100	248.74269000	0.00402022	252.19238000	-3.44968670	29.54725900	6.93300717	0.90627128
10.54494800	208.91165000	0.00478671	212.51327000	-3.60161430	29.54801600	6.93544496	0.90595273
10.54866500	168.80370000	0.00592404	171.83362000	-3.02992820	29.54876600	6.93788273	0.90563441
10.55238100	133.19049000	0.00750804	134.57165000	-1.38115630	29.54950900	6.94031984	0.90531639
10.55609800	104.39984000	0.00957856	103.56599000	0.83385467	29.55024500	6.94275760	0.90499851
10.55981500	82.10414900	0.01217965	79.69394200	2.41020730	29.55097300	6.94519535	0.90468086
10.56353100	65.63358300	0.01523610	62.70474000	2.92884280	29.55169500	6.94763244	0.90436352
10.56724800	53.86428500	0.01856518	51.24094200	2.62334290	29.55241000	6.95007018	0.90404631
10.57096500	45.93239600	0.02177113	43.99068800	1.94170810	29.55311700	6.95250791	0.90372933
10.57468200	40.87460300	0.02446507	39.56652600	1.30807730	29.55381800	6.95494563	0.90341257
10.57839800	37.66809100	0.02654767	36.92908600	0.73900470	29.55451100	6.95738269	0.90309612
10.58211500	35.59897200	0.02809070	35.35884000	0.24013280	29.55519800	6.95982040	0.90277981
10.58583200	34.30969600	0.02914628	34.37506200	-0.06536589	29.55587700	6.96225810	0.90246371
10.58954900	33.44706300	0.02989799	33.71367100	-0.26660760	29.55654900	6.96469580	0.90214785
10.59326500	32.88036000	0.03041329	33.23293100	-0.35257148	29.55721500	6.96713283	0.90183228
10.59698200	32.44366500	0.03082266	32.85861000	-0.41494553	29.55787300	6.96957051	0.90151686
10.60069900	32.13411000	0.03111958	32.55197400	-0.41786491	29.55852400	6.97200818	0.90120165
10.60441600	31.91375500	0.03133445	32.29375700	-0.38000166	29.55916800	6.97444584	0.90088667
10.60813200	31.75178100	0.03149430	32.07337300	-0.32159184	29.55980400	6.97688285	0.90057200
10.61184900	31.61446800	0.03163109	31.88318700	-0.26871940	29.56043400	6.97932050	0.90025746
10.61556600	31.49678400	0.03174927	31.71808200	-0.22129788	29.56105700	6.98175814	0.89994314
10.61928300	31.38463800	0.03186272	31.57435400	-0.18971633	29.56167200	6.98419577	0.89962904
10.62299900	31.29560700	0.03195337	31.44908800	-0.15348131	29.56228100	6.98663275	0.89931524
10.62671600	31.22525600	0.03202536	31.33953600	-0.11427974	29.56288200	6.98907037	0.89900158
10.63043300	31.16731300	0.03208490	31.24370800	-0.07639514	29.56347700	6.99150798	0.89868814
10.63415000	31.10248200	0.03215178	31.16012500	-0.05764301	29.56406400	6.99394558	0.89837492
10.63786600	31.02767400	0.03222929	31.08729200	-0.05961849	29.56464400	6.99638253	0.89806200
10.64158300	30.96647500	0.03229299	31.02404100	-0.05756682	29.56521700	6.99882012	0.89774922
10.64530000	30.92737600	0.03233381	30.96950000	-0.04212383	29.56578300	7.00125770	0.89743666
10.64901700	30.89590600	0.03236675	30.92301200	-0.02710548	29.56634200	7.00369528	0.89712431
10.65273300	30.87239300	0.03239140	30.88385100	-0.01145798	29.56689400	7.00613219	0.89681227
10.65645000	30.85779200	0.03240673	30.85155800	0.00623382	29.56743800	7.00856975	0.89650036
10.66016700	30.83034500	0.03243558	30.82587700	0.00446822	29.56797600	7.01100731	0.89618867
10.66388300	30.77390100	0.03249507	30.80652100	-0.03261955	29.56850700	7.01344420	0.89587728
10.66760000	30.72904000	0.03254251	30.79331300	-0.06427297	29.56903000	7.01588174	0.89556602
10.67131700	30.70531700	0.03256765	30.78623900	-0.08092288	29.56954600	7.01831927	0.89525498
10.67503400	30.68822700	0.03258579	30.78546400	-0.09723686	29.57005500	7.02075679	0.89494416
10.67875000	30.67556200	0.03259924	30.79105700	-0.11549500	29.57055800	7.02319366	0.89463364
10.68246700	30.66363000	0.03261192	30.80331400	-0.13968457	29.57105300	7.02563117	0.89432325
10.68618400	30.64162800	0.03263534	30.82275400	-0.18112611	29.57154100	7.02806867	0.89401308
10.68990100	30.60662500	0.03267266	30.84994200	-0.24331723	29.57202100	7.03050616	0.89370312
10.69361700	30.61954500	0.03265888	30.88557700	-0.26603206	29.57249500	7.03294300	0.89339346
10.69733400	30.65398600	0.03262218	30.93065200	-0.27666577	29.57296200	7.03538048	0.89308394
10.70105100	30.71690200	0.03255537	30.98664400	-0.26974204	29.57342100	7.03781795	0.89277463
10.70476800	30.77286300	0.03249616	31.05504900	-0.28218601	29.57387400	7.04025541	0.89246553
10.70848400	30.83833700	0.03242717	31.13817900	-0.29984235	29.57431900	7.04269222	0.89215674
10.71220100	30.92487000	0.03233643	31.23977300	-0.31490297	29.57475700	7.04512967	0.89184807
10.71591800	31.03895200	0.03221758	31.36593500	-0.32698272	29.57518900	7.04756711	0.89153962
10.71963500	31.19607900	0.03205531	31.52772100	-0.33164209	29.57561300	7.05000455	0.89123138
10.72335100	31.43889600	0.03180773	31.74704100	-0.30814515	29.57603000	7.05244132	0.89092344
10.72706800	31.82954800	0.03141735	32.07035600	-0.24080809	29.57644000	7.05487874	0.89061563
10.73078500	32.41397100	0.03085089	32.58098000	-0.16700856	29.57684200	7.05731615	0.89030804
10.73450200	33.36142000	0.02997474	33.42940100	-0.06798139	29.57723800	7.05975356	0.89000066
10.73821800	34.87856300	0.02867091	34.87427200	0.00429106	29.57762700	7.06219030	0.88969357
10.74193500	37.27145400	0.02683018	37.31121800	-0.03976422	29.57800800	7.06462769	0.88938661
10.74565200	41.00976900	0.02438443	41.25927100	-0.24950183	29.57838300	7.06706508	0.88907987
10.74936900	46.69654500	0.02141486	47.34217800	-0.64563351	29.57875000	7.06950245	0.88877334
10.75308500	55.16013000	0.01812904	56.23919400	-1.07906480	29.57911000	7.07193917	0.88846710
10.75680200	67.03714000	0.01491710	68.31328900	-1.27614940	29.57946400	7.07437653	0.88816100
10.76051900	82.71333300	0.01208995	83.24967300	-0.53634028	29.57981000	7.07681388	0.88785510
10.76423600	101.31275000	0.00987043	100.91098000	0.40177102	29.58014900	7.07925123	0.88754942
10.76795200	120.91876000	0.00827002	119.48544000	1.43332020	29.58048100	7.08168791	0.88724403
10.77166900	138.95070000	0.00719680	136.71117000	2.23953000	29.58080600	7.08412525	0.88693877
10.77538600	151.49919000	0.00660070	149.90351000	1.59567760	29.58112300	7.08656257	0.88663372
10.77910200	156.82291000	0.00637662	156.33324000	0.48966624	29.58143400	7.08899923	0.88632896
10.78281900	154.19612000	0.00648525	154.61651000	-0.42038616	29.58173800	7.09143654	0.88602433
10.78653600	144.13339000	0.00693802	145.18152000	-1.04812660	29.58203400	7.09387384	0.88571991
10.79025300	128.76624000	0.00776601	130.02828000	-1.26204460	29.58232400	7.09631114	0.88541570
10.79396900	110.25204000	0.00907013	111.92832000	-1.67627790	29.58260600	7.09874777	0.88511178
10.79768600	92.20721400	0.01084514	93.49744300	-1.29022890	29.58288100	7.10118505	0.88480800
10.80140300	76.38623000	0.01309137	76.67723900	-0.29100820	29.58315000	7.10362232	0.88450442
10.80512000	63.28078500	0.01580259	62.70567900	0.57510526	29.58341100	7.10605958	0.88420104
10.80883600	53.29059600	0.01876504	51.96470600	1.32589040	29.58366500	7.10849619	0.88389796
10.81255300	45.76164600	0.02185236	44.26707700	1.49456940	29.58391200	7.11093344	0.88359501
10.81627000	40.47312500	0.02470775	39.10852000	1.36460560	29.58415200	7.11337068	0.88329227
10.81998700	36.92118100	0.02708472	35.85022200	1.07095840	29.58438500	7.11580791	0.88298973
10.82370300	34.57726300	0.02892074	33.86500500	0.71225767	29.58461100	7.11824448	0.88268748
10.82742000	33.10329800	0.03020847	32.68580000	0.41749849	29.58482900	7.12068170	0.88238536
10.83113700	32.19284800	0.03106280	31.98813200	0.20471605	29.58504100	7.12311892	0.88208345
10.83485400	31.60253900	0.03164303	31.55566000	0.04687945	29.58524600	7.12555612	0.88178174
10.83857000	31.19041600	0.03206113	31.26790300	-0.07748684	29.58544400	7.12799266	0.88148033
10.84228700	30.88780000	0.03237524	31.06033800	-0.17253770	29.58563400	7.13042985	0.88117904
10.84600400	30.67595100	0.03259883	30.89935100	-0.22340011	29.58581800	7.13286703	0.88087795
10.84972100	30.53681200	0.03274736	30.76732100	-0.23050883	29.58599400	7.13530421	0.88057707
10.85343700	30.42404900	0.03286873	30.65563600	-0.23158690	29.58616400	7.13774072	0.88027648
10.85715400	30.33557100	0.03296460	30.55961800	-0.22404682	29.58632600	7.14017788	0.87997602
10.86087100	30.25161600	0.03305609	30.47602400	-0.22440856	29.58648100	7.14261503	0.87967576
10.86458800	30.17924700	0.03313535	30.40265400	-0.22340699	29.58663000	7.14505218	0.87937571
10.86830400	30.11103800	0.03321041	30.33792300	-0.22688462	29.58677100	7.14748866	0.87907594
10.87202100	30.05533600	0.03327196	30.28061200	-0.22527620	29.58690500	7.14992579	0.87877630
10.87573800	29.99119600	0.03334312	30.22953900	-0.23834309	29.58703300	7.15236291	0.87847686
10.87945400	29.93984400	0.03340031	30.18384300	-0.24399888	29.58715300	7.15479937	0.87817771
10.88317100	29.92766600	0.03341390	30.14286000	-0.21519425	29.58726600	7.15723648	0.87787868
10.88688800	29.90761400	0.03343630	30.10594200	-0.19832803	29.58737200	7.15967358	0.87757986
10.89060500	29.85895700	0.03349079	30.07255000	-0.21359255	29.58747100	7.16211067	0.87728124
10.89432100	29.80090500	0.03355603	30.04226100	-0.24135599	29.58756300	7.16454710	0.87698290
10.89803800	29.76039700	0.03360170	30.01474300	-0.25434635	29.58764900	7.16698417	0.87668469
10.90175500	29.72728200	0.03363913	29.98962800	-0.26234618	29.58772700	7.16942124	0.87638668
10.90547200	29.70106900	0.03366882	29.96664600	-0.26557664	29.58779800	7.17185831	0.87608888
10.90918800	29.69888500	0.03367130	29.94558400	-0.24669930	29.58786200	7.17429470	0.87579136
10.91290500	29.69548600	0.03367515	29.92622900	-0.23074281	29.58791900	7.17673175	0.87549396
10.91662200	29.68005800	0.03369266	29.90838800	-0.22833079	29.58796900	7.17916879	0.87519677
10.92033900	29.66043900	0.03371494	29.89191100	-0.23147231	29.58801200	7.18160582	0.87489977
10.92405500	29.64771500	0.03372941	29.87668100	-0.22896664	29.58804800	7.18404219	0.87460306
10.92777200	29.64533000	0.03373213	29.86255500	-0.21722482	29.58807800	7.18647921	0.87430648
10.93148900	29.61733400	0.03376401	29.84942900	-0.23209443	29.58810000	7.18891622	0.87401009
10.93520600	29.59343300	0.03379128	29.83721900	-0.24378529	29.58811500	7.19135322	0.87371391
10.93892200	29.56100300	0.03382835	29.82583900	-0.26483656	29.58812300	7.19378956	0.87341800
10.94263900	29.54296900	0.03384900	29.81520900	-0.27224050	29.58812500	7.19622654	0.87312222
10.94635600	29.50439600	0.03389325	29.80526400	-0.30086724	29.58811900	7.19866352	0.87282664
10.95007300	29.47612000	0.03392577	29.79595600	-0.31983628	29.58810600	7.20110049	0.87253126
10.95378900	29.45224600	0.03395327	29.78722100	-0.33497522	29.58808700	7.20353680	0.87223616
10.95750600	29.45525400	0.03394980	29.77901100	-0.32375736	29.58806000	7.20597376	0.87194119
10.96122300	29.45363800	0.03395166	29.77128900	-0.31765057	29.58802600	7.20841070	0.87164641
10.96494000	29.43739300	0.03397040	29.76401500	-0.32662216	29.58798600	7.21084765	0.87135183
10.96865600	29.42730700	0.03398204	29.75715100	-0.32984436	29.58793900	7.21328392	0.87105753
10.97237300	29.41933200	0.03399125	29.75066600	-0.33133349	29.58788400	7.21572085	0.87076336
10.97609000	29.42044600	0.03398997	29.74453700	-0.32409056	29.58782300	7.21815777	0.87046938
10.97980700	29.40327600	0.03400981	29.73873200	-0.33545527	29.58775500	7.22059468	0.87017560
10.98352300	29.39614500	0.03401807	29.73322600	-0.33708159	29.58768000	7.22303092	0.86988210
10.98724000	29.39168700	0.03402322	29.72800200	-0.33631473	29.58759700	7.22546782	0.86958872
10.99095700	29.37838400	0.03403863	29.72304000	-0.34465597	29.58750800	7.22790471	0.86929554
10.99467300	29.35038800	0.03407110	29.71831800	-0.36793009	29.58741300	7.23034093	0.86900263
10.99839000	29.32928100	0.03409562	29.58731000	-0.25802894	29.58731000	7.23277780	0.86870985
11.00210700	29.29228000	0.03413869	29.58720000	-0.29491988	29.58720000	7.23521467	0.86841726
11.00582400	29.28166200	0.03415107	29.58708300	-0.30542149	29.58708300	7.23765153	0.86812487
11.00954000	29.28319600	0.03414928	29.58696000	-0.30376448	29.58696000	7.24008772	0.86783276
11.01325700	29.30130800	0.03412817	29.58683000	-0.28552191	29.58683000	7.24252456	0.86754077
11.01697400	29.29006200	0.03414127	29.58669200	-0.29663037	29.58669200	7.24496140	0.86724897
11.02069100	29.28163900	0.03415109	29.58654800	-0.30490907	29.58654800	7.24739822	0.86695737
11.02440700	29.28723900	0.03414456	29.58639700	-0.29915808	29.58639700	7.24983439	0.86666605
11.02812400	29.27684200	0.03415669	29.58623900	-0.30939714	29.58623900	7.25227120	0.86637484
11.03184100	29.28301000	0.03414949	29.58607400	-0.30306402	29.58607400	7.25470800	0.86608383
11.03555800	29.29150400	0.03413959	29.58590300	-0.29439897	29.58590300	7.25714480	0.86579302
11.03927400	29.30888200	0.03411935	29.58572400	-0.27684266	29.58572400	7.25958093	0.86550248
11.04299100	29.29074100	0.03414048	29.58553900	-0.29479813	29.58553900	7.26201771	0.86521206
11.04670800	29.29247300	0.03413846	29.58534700	-0.29287410	29.58534700	7.26445449	0.86492184
11.05042500	29.30194500	0.03412743	29.58514800	-0.28320321	29.58514800	7.26689125	0.86463181
11.05414100	29.30541000	0.03412339	29.58494200	-0.27953172	29.58494200	7.26932735	0.86434205
11.05785800	29.29547500	0.03413497	29.58472900	-0.28925445	29.58472900	7.27176411	0.86405241
11.06157500	29.28564100	0.03414643	29.58451000	-0.29886926	29.58451000	7.27420085	0.86376297
11.06529200	29.28489300	0.03414730	29.58428400	-0.29939065	29.58428400	7.27663758	0.86347372
11.06900800	29.28463200	0.03414760	29.58405100	-0.29941886	29.58405100	7.27907365	0.86318474
11.07272500	29.28454000	0.03414771	29.64938900	-0.36484929	29.58381100	7.28151037	0.86289588
11.07644200	29.28019700	0.03415278	29.65177900	-0.37158148	29.58356400	7.28394709	0.86260721
11.08015900	29.28186200	0.03415083	29.65432400	-0.37246180	29.58331000	7.28638379	0.86231874
11.08387500	29.28794900	0.03414374	29.65703800	-0.36908949	29.58305000	7.28881983	0.86203054
11.08759200	29.29322200	0.03413759	29.65993400	-0.36671194	29.58278300	7.29125652	0.86174246
11.09130900	29.29410200	0.03413657	29.66303000	-0.36892812	29.58250900	7.29369320	0.86145457
11.09502500	29.30923100	0.03411894	29.66634600	-0.35711522	29.58222900	7.29612922	0.86116694
11.09874200	29.30378700	0.03412528	29.66989900	-0.36611224	29.58194100	7.29856589	0.86087944
11.10245900	29.33067500	0.03409400	29.67371300	-0.34303739	29.58164700	7.30100255	0.86059213
11.10617600	29.33472300	0.03408929	29.67781400	-0.34309178	29.58134600	7.30343920	0.86030501
11.10989200	29.33775100	0.03408577	29.68223200	-0.34448062	29.58103900	7.30587518	0.86001816
11.11360900	29.30467600	0.03412425	29.68699500	-0.38231888	29.58072400	7.30831182	0.85973142
11.11732600	29.28465500	0.03414758	29.69213900	-0.40748482	29.58040300	7.31074845	0.85944488
11.12104300	29.28667300	0.03414522	29.69771300	-0.41104087	29.58007500	7.31318507	0.85915853
11.12475900	29.31744800	0.03410938	29.70375500	-0.38630776	29.57974100	7.31562102	0.85887244
11.12847600	29.36425000	0.03405502	29.71031700	-0.34606672	29.57940000	7.31805763	0.85858648
11.13219300	29.39453900	0.03401992	29.71746400	-0.32292551	29.57905200	7.32049423	0.85830070
11.13591000	29.41646400	0.03399457	29.72526600	-0.30880171	29.57869700	7.32293081	0.85801511
11.13962600	29.43506800	0.03397308	29.73379300	-0.29872464	29.57833600	7.32536674	0.85772979
11.14334300	29.46127500	0.03394286	29.74313600	-0.28186087	29.57796800	7.32780331	0.85744459
11.14706000	29.47838400	0.03392316	29.75341800	-0.27503412	29.57759300	7.33023988	0.85715958
11.15077700	29.49850300	0.03390003	29.76474400	-0.26624093	29.57721200	7.33267644	0.85687475
11.15449300	29.50435600	0.03389330	29.77725300	-0.27289633	29.57682400	7.33511233	0.85659020
11.15821000	29.53302000	0.03386040	29.79112600	-0.25810572	29.57642900	7.33754888	0.85630575
11.16192700	29.54993800	0.03384102	29.80656200	-0.25662395	29.57602800	7.33998541	0.85602150
11.16564400	29.55924400	0.03383036	29.82377900	-0.26453449	29.57562000	7.34242194	0.85573743
11.16936000	29.56520100	0.03382355	29.84304900	-0.27784822	29.57520500	7.34485780	0.85545364
11.17307700	29.58909400	0.03379624	29.86475800	-0.27566337	29.57478400	7.34729432	0.85516995
11.17679400	29.61537600	0.03376624	29.88926500	-0.27388908	29.57435600	7.34973082	0.85488645
11.18051100	29.63090100	0.03374855	29.91706200	-0.28616054	29.57392200	7.35216732	0.85460314
11.18422700	29.64405400	0.03373358	29.94881800	-0.30476349	29.57348100	7.35460315	0.85432010
11.18794400	29.66581900	0.03370883	29.98541800	-0.31959920	29.57303300	7.35703963	0.85403717
11.19166100	29.69855300	0.03367167	30.02810100	-0.32954780	29.57257900	7.35947611	0.85375443
11.19537800	29.76871700	0.03359231	30.07902900	-0.31031179	29.57211800	7.36191257	0.85347187
11.19909400	29.88392600	0.03346280	30.14265200	-0.25872594	29.57165100	7.36434837	0.85318958
11.20281100	30.02506800	0.03330550	30.22737200	-0.20230324	29.57117700	7.36678482	0.85290740
11.20652800	30.18831100	0.03312540	30.35032300	-0.16201201	29.57069600	7.36922127	0.85262541
11.21024400	30.45367100	0.03283676	30.54591200	-0.09224174	29.57020900	7.37165704	0.85234368
11.21396100	30.87524800	0.03238840	30.87929200	-0.00404398	29.56971600	7.37409347	0.85206206
11.21767800	31.53716100	0.03170862	31.45863500	0.07852607	29.56921500	7.37652989	0.85178063
11.22139500	32.55244400	0.03071966	32.45501000	0.09743407	29.56870900	7.37896630	0.85149939
11.22511100	34.15186700	0.02928098	34.12975700	0.02211029	29.56819600	7.38140205	0.85121841
11.22882800	36.60179900	0.02732106	36.79100700	-0.18920845	29.56767600	7.38383845	0.85093754
11.23254500	40.31931700	0.02480201	40.76932600	-0.45000901	29.56715000	7.38627483	0.85065685
11.23626200	45.69608300	0.02188371	46.34839400	-0.65231108	29.56661700	7.38871121	0.85037635
11.23997800	52.93044700	0.01889272	53.63149000	-0.70104326	29.56607800	7.39114693	0.85009612
11.24369500	62.05453500	0.01611486	62.37341600	-0.31888091	29.56553200	7.39358330	0.84981599
11.24741200	72.38925900	0.01381420	71.96694800	0.42231127	29.56498000	7.39601965	0.84953605
11.25112900	82.35545300	0.01214249	81.39238000	0.96307378	29.56442200	7.39845600	0.84925629
11.25484500	90.37982200	0.01106442	89.32798400	1.05183800	29.56385700	7.40089169	0.84897680
11.25856200	95.16622900	0.01050793	94.43105600	0.73517308	29.56328500	7.40332802	0.84869741
11.26227900	95.85900900	0.01043199	95.65552900	0.20348013	29.56270700	7.40576435	0.84841821
11.26599600	92.46505000	0.01081490	92.69106200	-0.22601269	29.56212300	7.40820067	0.84813919
11.26971200	85.55970000	0.01168775	86.30199500	-0.74229477	29.56153200	7.41063632	0.84786043
11.27342900	76.62902100	0.01304989	77.56867200	-0.93965165	29.56093500	7.41307262	0.84758178
11.27714600	67.03588900	0.01491738	67.92156100	-0.88567219	29.56033200	7.41550892	0.84730332
11.28086300	58.05231100	0.01722584	58.58986600	-0.53755524	29.55972200	7.41794520	0.84702504
11.28457900	50.53455000	0.01978844	50.41517500	0.11937479	29.55910600	7.42038083	0.84674701
11.28829600	44.53947800	0.02245199	43.84500700	0.69447131	29.55848300	7.42281710	0.84646910
11.29201300	39.95093500	0.02503070	38.97591800	0.97501718	29.55785400	7.42525336	0.84619137
11.29573000	36.55950900	0.02735267	35.59526400	0.96424510	29.55721900	7.42768962	0.84591382
11.29944600	34.20106500	0.02923886	33.39339000	0.80767497	29.55657700	7.43012521	0.84563653
11.30316300	32.66396300	0.03061478	32.04637900	0.61758423	29.55592900	7.43256145	0.84535935
11.30688000	31.70568300	0.03154009	31.25406600	0.45161663	29.55527500	7.43499768	0.84508235
11.31059600	31.08642600	0.03216838	30.79833900	0.28808711	29.55461400	7.43743325	0.84480561
11.31431300	30.65747300	0.03261848	30.53643000	0.12104222	29.55394800	7.43986947	0.84452897
11.31803000	30.36497500	0.03293268	30.38080800	-0.01583288	29.55327400	7.44230568	0.84425252
11.32174700	30.20408100	0.03310811	30.28035100	-0.07627022	29.55259500	7.44474188	0.84397625
11.32546300	30.11141600	0.03321000	30.20973200	-0.09831660	29.55190900	7.44717742	0.84370023
11.32918000	30.04310000	0.03328551	30.15630400	-0.11320332	29.55121700	7.44961360	0.84342432
11.33289700	29.98762900	0.03334708	30.11362100	-0.12599167	29.55051900	7.45204978	0.84314860
11.33661400	29.92604800	0.03341570	30.07850400	-0.15245596	29.54981400	7.45448595	0.84287305
11.34033000	29.87297800	0.03347507	30.04929000	-0.17631209	29.54910400	7.45692145	0.84259776
11.34404700	29.84892300	0.03350205	30.02501900	-0.17609588	29.54838700	7.45935761	0.84232257
11.34776400	29.86021200	0.03348938	30.00489200	-0.14467986	29.54766400	7.46179375	0.84204757
11.35148100	29.86780900	0.03348086	29.98840100	-0.12059201	29.54693400	7.46422989	0.84177275
11.35519700	29.83667400	0.03351580	29.97518800	-0.13851423	29.54619900	7.46666537	0.84149818
11.35891400	29.82483500	0.03352910	29.96493500	-0.14009976	29.54545700	7.46910149	0.84122372
11.36263100	29.81886900	0.03353581	29.95738400	-0.13851554	29.54470900	7.47153760	0.84094943
11.36634800	29.82157700	0.03353277	29.95237100	-0.13079353	29.54395500	7.47397371	0.84067533
11.37006400	29.82608000	0.03352770	29.94982400	-0.12374336	29.54319500	7.47640915	0.84040148
11.37378100	29.82938600	0.03352399	29.94962700	-0.12024135	29.54242900	7.47884524	0.84012773
11.37749800	29.87070100	0.03347762	29.95175900	-0.08105835	29.54165700	7.48128133	0.83985417
11.38121500	29.91034300	0.03343325	29.95626600	-0.04592239	29.54087800	7.48371740	0.83958078
11.38493100	29.91452400	0.03342858	29.96321300	-0.04868933	29.54009300	7.48615282	0.83930765
11.38864800	29.90115200	0.03344353	29.97269000	-0.07153796	29.53930300	7.48858887	0.83903462
11.39236500	29.88196900	0.03346500	29.98485400	-0.10288414	29.53850600	7.49102493	0.83876177
11.39608200	29.88119100	0.03346587	29.99998300	-0.11879127	29.53770300	7.49346097	0.83848910
11.39979800	29.87183200	0.03347635	30.01830400	-0.14647246	29.53689400	7.49589635	0.83821667
11.40351500	29.88344600	0.03346334	30.04017000	-0.15672417	29.53607900	7.49833238	0.83794436
11.40723200	29.90827000	0.03343557	30.06606000	-0.15778982	29.53525800	7.50076840	0.83767222
11.41094800	29.94638400	0.03339301	30.09655600	-0.15017172	29.53443100	7.50320376	0.83740033
11.41466500	29.96162000	0.03337603	30.13231500	-0.17069510	29.53359800	7.50563976	0.83712855
11.41838200	30.00047100	0.03333281	30.17424600	-0.17377519	29.53275900	7.50807576	0.83685694
11.42209900	30.06660100	0.03325950	30.22376400	-0.15716361	29.53191400	7.51051174	0.83658551
11.42581500	30.14047600	0.03317798	30.28268300	-0.14220677	29.53106300	7.51294707	0.83631433
11.42953200	30.20470000	0.03310743	30.35417800	-0.14947766	29.53020600	7.51538304	0.83604326
11.43324900	30.29452100	0.03300927	30.44429800	-0.14977618	29.52934400	7.51781901	0.83577236
11.43696600	30.44455000	0.03284660	30.56496200	-0.12041278	29.52847500	7.52025496	0.83550163
11.44068200	30.63870800	0.03263845	30.73837500	-0.09966645	29.52760000	7.52269026	0.83523116
11.44439900	30.92572800	0.03233554	31.00620000	-0.08047251	29.52671900	7.52512620	0.83496079
11.44811600	31.41446900	0.03183247	31.44676000	-0.03229145	29.52583300	7.52756213	0.83469059
11.45183300	32.15808900	0.03109637	32.11883200	0.03925707	29.52494000	7.52999806	0.83442057
11.45554900	33.30394700	0.03002647	33.33886900	-0.03492120	29.52404200	7.53243332	0.83415080
11.45926600	35.12045300	0.02847344	35.29797600	-0.17752270	29.52313800	7.53486923	0.83388114
11.46298300	37.92226000	0.02636974	38.31413600	-0.39187608	29.52222800	7.53730513	0.83361164
11.46670000	42.05285600	0.02377960	42.67635000	-0.62349330	29.52131200	7.53974102	0.83334232
11.47041600	47.88633000	0.02088279	48.59494800	-0.70861869	29.52039000	7.54217625	0.83307325
11.47413300	55.61728300	0.01798002	56.10562500	-0.48834250	29.51946300	7.54461213	0.83280428
11.47785000	64.98967700	0.01538706	64.88247800	0.10719939	29.51853000	7.54704800	0.83253549
11.48156700	75.04477700	0.01332538	74.24673300	0.79804407	29.51759000	7.54948386	0.83226687
11.48528300	84.41014100	0.01184692	83.41436000	0.99578129	29.51664600	7.55191906	0.83199850
11.48900000	91.51151300	0.01092759	90.55507900	0.95643405	29.51569500	7.55435491	0.83173023
11.49271700	95.02832800	0.01052318	94.62389000	0.40443755	29.51473900	7.55679074	0.83146213
11.49643400	94.56305700	0.01057495	94.74803600	-0.18497897	29.51377600	7.55922657	0.83119420
11.50015000	90.27857200	0.01107683	90.84178900	-0.56321727	29.51280900	7.56166174	0.83092652
11.50386700	83.05717500	0.01203990	83.80887500	-0.75170035	29.51183500	7.56409756	0.83065895
11.50758400	74.11333500	0.01349285	74.96214400	-0.84880901	29.51085600	7.56653336	0.83039154
11.51130100	64.95443000	0.01539541	65.59716400	-0.64273469	29.50987100	7.56896916	0.83012431
11.51501700	56.62299700	0.01766067	56.79231000	-0.16931294	29.50888000	7.57140429	0.82985732
11.51873400	49.60958100	0.02015740	49.23386400	0.37571660	29.50788400	7.57384008	0.82959044
11.52245100	43.98111300	0.02273703	43.23515800	0.74595544	29.50688200	7.57627585	0.82932372
11.52616700	39.67977500	0.02520176	38.82194200	0.85783280	29.50587400	7.57871096	0.82905726
11.52988400	36.54168300	0.02736601	35.77391600	0.76776756	29.50486100	7.58114672	0.82879089
11.53360100	34.35751000	0.02910572	33.78177600	0.57573376	29.50384300	7.58358247	0.82852469
11.53731800	32.92546800	0.03037163	32.54405700	0.38141165	29.50281800	7.58601821	0.82825866
11.54103400	32.03036500	0.03122038	31.80673200	0.22363337	29.50178800	7.58845329	0.82799288
11.54475100	31.46152900	0.03178485	31.36979900	0.09172975	29.50075300	7.59088902	0.82772720
11.54846800	31.12028700	0.03213338	31.10863500	0.01165171	29.49971200	7.59332474	0.82746169
11.55218500	30.90454500	0.03235770	30.94737600	-0.04283084	29.49866500	7.59576045	0.82719635
11.55590100	30.76805700	0.03250124	30.84145200	-0.07339502	29.49761300	7.59819549	0.82693125
11.55961800	30.69576100	0.03257779	30.76754900	-0.07178859	29.49655600	7.60063119	0.82666625
11.56333500	30.66625600	0.03260913	30.71399200	-0.04773586	29.49549200	7.60306687	0.82640143
11.56705200	30.63023800	0.03264748	30.67494100	-0.04470357	29.49442400	7.60550255	0.82613677
11.57076800	30.59177600	0.03268852	30.64694700	-0.05517125	29.49335000	7.60793757	0.82587235
11.57448500	30.57338500	0.03270819	30.62824400	-0.05485865	29.49227000	7.61037323	0.82560804
11.57820200	30.56082900	0.03272162	30.61781200	-0.05698257	29.49118600	7.61280889	0.82534389
11.58191900	30.57208600	0.03270958	30.61489100	-0.04280429	29.49009500	7.61524453	0.82507991
11.58563500	30.60999100	0.03266907	30.61892700	-0.00893560	29.48899900	7.61767951	0.82481618
11.58935200	30.63511100	0.03264228	30.62962000	0.00549085	29.48789800	7.62011515	0.82455254
11.59306900	30.63419900	0.03264326	30.64694600	-0.01274666	29.48679200	7.62255077	0.82428907
11.59678600	30.65355100	0.03262265	30.67075200	-0.01720112	29.48568000	7.62498638	0.82402577
11.60050200	30.67710500	0.03259760	30.70114500	-0.02404039	29.48456300	7.62742133	0.82376272
11.60421900	30.70019500	0.03257308	30.73842200	-0.03822716	29.48344000	7.62985693	0.82349975
11.60793600	30.72633600	0.03254537	30.78295300	-0.05661737	29.48231300	7.63229252	0.82323696
11.61165300	30.80604000	0.03246117	30.83515200	-0.02911179	29.48117900	7.63472810	0.82297434
11.61536900	30.86382500	0.03240039	30.89564800	-0.03182360	29.48004100	7.63716302	0.82271195
11.61908600	30.91120100	0.03235073	30.96543300	-0.05423161	29.47889700	7.63959859	0.82244967
11.62280300	30.94740900	0.03231288	31.04534200	-0.09793360	29.47774800	7.64203415	0.82218755
11.62651900	30.99686400	0.03226133	31.13657400	-0.13970920	29.47659400	7.64446904	0.82192567
11.63023600	31.05070500	0.03220539	31.24072200	-0.19001703	29.47543500	7.64690458	0.82166388
11.63395300	31.10665500	0.03214746	31.35968400	-0.25302934	29.47427000	7.64934012	0.82140227
11.63767000	31.20282700	0.03204838	31.49551400	-0.29268655	29.47310100	7.65177564	0.82114082
11.64138600	31.34266100	0.03190540	31.65092600	-0.30826463	29.47192600	7.65421051	0.82087961
11.64510300	31.48835400	0.03175777	31.82984400	-0.34149016	29.47074600	7.65664602	0.82061849
11.64882000	31.62332000	0.03162223	32.03654800	-0.41322798	29.46956000	7.65908152	0.82035754
11.65253700	31.80113800	0.03144542	32.27743900	-0.47630148	29.46837000	7.66151701	0.82009676
11.65625300	32.06563200	0.03118604	32.56301200	-0.49737974	29.46717400	7.66395184	0.81983622
11.65997000	32.41929600	0.03084583	32.91177600	-0.49247997	29.46597400	7.66638732	0.81957577
11.66368700	32.89318500	0.03040144	33.35647000	-0.46328578	29.46476800	7.66882279	0.81931549
11.66740400	33.54472000	0.02981095	33.96021600	-0.41549668	29.46355800	7.67125825	0.81905538
11.67112000	34.49753600	0.02898758	34.84906100	-0.35152538	29.46234200	7.67369305	0.81879550
11.67483700	35.94931000	0.02781694	36.24068200	-0.29137182	29.46112100	7.67612849	0.81853571
11.67855400	38.23460000	0.02615432	38.50015700	-0.26555658	29.45989500	7.67856393	0.81827609
11.68227100	41.83162300	0.02390536	42.31998700	-0.48836392	29.45866400	7.68099936	0.81801664
11.68598700	47.53854800	0.02103556	48.33535200	-0.79680483	29.45742900	7.68343413	0.81775743
11.68970400	56.30129600	0.01776158	57.66929300	-1.36799680	29.45618800	7.68586954	0.81749830
11.69342100	69.38900000	0.01441151	71.44840100	-2.05940130	29.45494200	7.68830494	0.81723935
11.69713800	88.25814800	0.01133040	90.74481100	-2.48666280	29.45369200	7.69074034	0.81698055
11.70085400	113.96260000	0.00877481	115.95028000	-1.98768090	29.45243600	7.69317508	0.81672200
11.70457100	146.54597000	0.00682380	146.54142000	0.00455320	29.45117600	7.69561046	0.81646353
11.70828800	183.52721000	0.00544878	180.79795000	2.72926010	29.44991100	7.69804583	0.81620524
11.71200500	220.51039000	0.00453493	215.53655000	4.97384360	29.44864000	7.70048119	0.81594710
11.71572100	251.54111000	0.00397549	246.36238000	5.17872780	29.44736500	7.70291589	0.81568920
11.71943800	271.44107000	0.00368404	268.32033000	3.12073860	29.44608600	7.70535124	0.81543139
11.72315500	277.18637000	0.00360768	276.72320000	0.46317194	29.44480100	7.70778658	0.81517375
11.72687200	267.90775000	0.00373263	269.83902000	-1.93127130	29.44351200	7.71022191	0.81491627
11.73058800	245.85007000	0.00406752	249.28384000	-3.43377510	29.44221700	7.71265658	0.81465903
11.73430500	215.16737000	0.00464754	219.20817000	-4.04079860	29.44091800	7.71509190	0.81440187
11.73802200	180.94153000	0.00552665	184.64752000	-3.70599660	29.43961500	7.71752721	0.81414489
11.74173800	147.81012000	0.00676544	150.17081000	-2.36069390	29.43830600	7.71996185	0.81388813
11.74545500	118.77439000	0.00841932	119.02773000	-0.25333422	29.43699300	7.72239714	0.81363147
11.74917200	94.90225200	0.01053716	93.20992000	1.69233250	29.43567600	7.72483243	0.81337497
11.75288900	76.12511400	0.01313627	73.31518400	2.80993000	29.43435300	7.72726770	0.81311863
11.75660500	61.92520500	0.01614851	58.93477600	2.99042900	29.43302600	7.72970231	0.81286252
11.76032200	51.62327200	0.01937111	49.14999500	2.47327710	29.43169400	7.73213757	0.81260651
11.76403900	44.59071700	0.02242619	42.86332400	1.72739320	29.43035800	7.73457282	0.81235066
11.76775600	39.97676100	0.02501453	38.94261700	1.03414400	29.42901700	7.73700807	0.81209497
11.77147200	37.04663800	0.02699300	36.54982300	0.49681596	29.42767100	7.73944264	0.81183951
11.77518900	35.22992700	0.02838496	35.09137500	0.13855186	29.42632100	7.74187787	0.81158414
11.77890600	34.10171900	0.02932403	34.16709200	-0.06537358	29.42496700	7.74431309	0.81132894
11.78262300	33.40053600	0.02993964	33.54209900	-0.14156349	29.42360800	7.74674830	0.81107389
11.78633900	32.89287600	0.03040172	33.08835500	-0.19547979	29.42224400	7.74918285	0.81081908
11.79005600	32.52018400	0.03075013	32.73798700	-0.21780303	29.42087600	7.75161804	0.81056436
11.79377300	32.24696700	0.03101067	32.45300600	-0.20603867	29.41950300	7.75405323	0.81030980
11.79749000	32.05307400	0.03119826	32.21470800	-0.16163379	29.41812600	7.75648840	0.81005540
11.80120600	31.89338500	0.03135446	32.01269400	-0.11930902	29.41674500	7.75892292	0.80980123
11.80492300	31.73230200	0.03151363	31.84004800	-0.10774581	29.41535900	7.76135808	0.80954715
11.80864000	31.58865500	0.03165693	31.69184200	-0.10318692	29.41396900	7.76379323	0.80929323
11.81235700	31.50566100	0.03174033	31.56464100	-0.05898038	29.41257400	7.76622838	0.80903947
11.81607300	31.47006000	0.03177623	31.45608700	0.01397296	29.41117500	7.76866286	0.80878594
11.81979000	31.42211900	0.03182472	31.36364200	0.05847683	29.40977200	7.77109799	0.80853250
11.82350700	31.34550700	0.03190250	31.28562600	0.05988116	29.40836400	7.77353311	0.80827922
11.82722400	31.27241500	0.03197706	31.22081700	0.05159824	29.40695300	7.77596822	0.80802610
11.83094000	31.21467400	0.03203621	31.16816700	0.04650659	29.40553600	7.77840267	0.80777321
11.83465700	31.15880200	0.03209366	31.12676500	0.03203719	29.40411600	7.78083776	0.80752041
11.83837400	31.12623200	0.03212724	31.09606700	0.03016514	29.40269100	7.78327285	0.80726777
11.84209000	31.12463600	0.03212889	31.07593800	0.04869720	29.40126300	7.78570727	0.80701535
11.84580700	31.14678400	0.03210604	31.06606600	0.08071773	29.39983000	7.78814235	0.80676303
11.84952400	31.12629100	0.03212718	31.06651700	0.05977401	29.39839200	7.79057741	0.80651086
11.85324100	31.08919700	0.03216551	31.07767300	0.01152369	29.39695100	7.79301246	0.80625886
11.85695700	31.06048800	0.03219524	31.10011300	-0.03962480	29.39550500	7.79544686	0.80600707
11.86067400	31.07082700	0.03218453	31.13448700	-0.06365907	29.39405600	7.79788189	0.80575538
11.86439100	31.07661600	0.03217854	31.18187600	-0.10525927	29.39260200	7.80031692	0.80550385
11.86810800	31.10341800	0.03215081	31.24403300	-0.14061456	29.39114400	7.80275195	0.80525247
11.87182400	31.09878300	0.03215560	31.32277900	-0.22399535	29.38968200	7.80518630	0.80500132
11.87554100	31.11831900	0.03213541	31.42089900	-0.30258002	29.38821700	7.80762131	0.80475026
11.87925800	31.20066800	0.03205060	31.54284600	-0.34217719	29.38674700	7.81005631	0.80449936
11.88297500	31.34844800	0.03189951	31.69608600	-0.34763775	29.38527300	7.81249130	0.80424862
11.88669100	31.52310200	0.03172277	31.89304400	-0.36994243	29.38379500	7.81492562	0.80399809
11.89040800	31.74691200	0.03149913	32.15719100	-0.41027893	29.38231300	7.81736060	0.80374766
11.89412500	32.09583700	0.03115669	32.53492900	-0.43909251	29.38082700	7.81979556	0.80349739
11.89784200	32.65160800	0.03062636	33.10632900	-0.45472145	29.37933800	7.82223052	0.80324727
11.90155800	33.52350200	0.02982982	34.00716400	-0.48366152	29.37784400	7.82466481	0.80299738
11.90527500	34.90431200	0.02864975	35.45749300	-0.55318073	29.37634700	7.82709975	0.80274757
11.90899200	37.08540000	0.02696479	37.78956100	-0.70416103	29.37484600	7.82953468	0.80249792
11.91270900	40.45726000	0.02471744	41.41261000	-0.95534971	29.37334100	7.83196960	0.80224843
11.91642500	45.57100700	0.02194378	46.80415600	-1.23314920	29.37183200	7.83440386	0.80199916
11.92014200	53.11693200	0.01882639	54.45771800	-1.34078640	29.37031900	7.83683877	0.80174998
11.92385900	63.58092500	0.01572799	64.64089600	-1.05997130	29.36880300	7.83927367	0.80150095
11.92757600	77.10919200	0.01296862	77.28577300	-0.17658128	29.36728300	7.84170856	0.80125208
11.93129200	92.95917500	0.01075741	91.85777700	1.10139780	29.36575900	7.84414279	0.80100343
11.93500900	109.38721000	0.00914184	107.20722000	2.17998300	29.36423100	7.84657766	0.80075487
11.93872600	124.05850000	0.00806071	121.57673000	2.48177230	29.36270000	7.84901253	0.80050647
11.94244300	134.49475000	0.00743523	132.80904000	1.68570850	29.36116500	7.85144738	0.80025822
11.94615900	138.90407000	0.00719921	138.62496000	0.27911256	29.35962700	7.85388158	0.80001019
11.94987600	136.68527000	0.00731608	137.68161000	-0.99634221	29.35808500	7.85631642	0.79976225
11.95359300	128.49390000	0.00778247	130.25342000	-1.75952470	29.35653900	7.85875125	0.79951447
11.95730900	116.01159000	0.00861983	117.98106000	-1.96947010	29.35499000	7.86118542	0.79926690
11.96102600	101.43350000	0.00985868	103.11729000	-1.68378670	29.35343700	7.86362024	0.79901942
11.96474300	86.73136900	0.01152985	87.56511400	-0.83374504	29.35188100	7.86605504	0.79877210
11.96846000	73.49887100	0.01360565	73.38397700	0.11489336	29.35032100	7.86848984	0.79852493
11.97217600	62.28644200	0.01605486	61.33798500	0.94845630	29.34875800	7.87092398	0.79827798
11.97589300	53.26153600	0.01877528	51.83036300	1.43117310	29.34719100	7.87335876	0.79803112
11.97961000	46.27127500	0.02161168	44.78746400	1.48381080	29.34562100	7.87579354	0.79778441
11.98332700	41.09891900	0.02433154	39.87041700	1.22850210	29.34404700	7.87822830	0.79753786
11.98704300	37.45428100	0.02669922	36.62509100	0.82918957	29.34247000	7.88066241	0.79729152
11.99076000	35.02380400	0.02855201	34.54459800	0.47920583	29.34089000	7.88309716	0.79704527
11.99447700	33.43140000	0.02991200	33.23837000	0.19303029	29.33930600	7.88553190	0.79679917
11.99819400	32.43915900	0.03082694	32.41943900	0.01972031	29.33771900	7.88796663	0.79655323
12.00191000	31.82588600	0.03142096	31.88737900	-0.06149287	29.33612900	7.89040070	0.79630751
12.00562700	31.44322200	0.03180336	31.52028500	-0.07706310	29.33453500	7.89283542	0.79606187
12.00934400	31.19314000	0.03205833	31.24970500	-0.05656469	29.33293900	7.89527012	0.79581638
12.01306100	31.02034000	0.03223691	31.03829700	-0.01795715	29.33133900	7.89770482	0.79557105
12.01677700	30.87235300	0.03239144	30.86444900	0.00790397	29.32973600	7.90013886	0.79532593
12.02049400	30.71562600	0.03255672	30.71725500	-0.00162915	29.32812900	7.90257354	0.79508090
12.02421100	30.60443100	0.03267501	30.59051700	0.01391451	29.32652000	7.90500822	0.79483602
12.02792800	30.55307200	0.03272993	30.48007900	0.07299341	29.32490700	7.90744289	0.79459130
12.03164400	30.50363700	0.03278298	30.38295200	0.12068501	29.32329100	7.90987689	0.79434679
12.03536100	30.44032100	0.03285117	30.29702400	0.14329677	29.32167200	7.91231154	0.79410237
12.03907800	30.37336900	0.03292358	30.22077900	0.15259009	29.32005100	7.91474618	0.79385809
12.04279500	30.32993700	0.03297072	30.15264300	0.17729400	29.31842600	7.91718081	0.79361397
12.04651100	30.29670900	0.03300688	30.09149700	0.20521248	29.31679800	7.91961478	0.79337007
12.05022800	30.29262400	0.03301134	30.03645600	0.25616752	29.31516700	7.92204940	0.79312625
12.05394500	30.27204900	0.03303377	29.98672600	0.28532266	29.31353300	7.92448401	0.79288258
12.05766100	30.23122000	0.03307839	29.94158300	0.28963700	29.31189600	7.92691795	0.79263912
12.06137800	30.19191900	0.03312144	29.90046900	0.29145028	29.31025600	7.92935255	0.79239576
12.06509500	30.18286900	0.03313138	29.86296600	0.31990309	29.30861400	7.93178713	0.79215254
12.06881200	30.18331900	0.03313088	29.82859600	0.35472342	29.30696800	7.93422170	0.79190947
12.07252800	30.13989800	0.03317861	29.79700300	0.34289493	29.30532000	7.93665562	0.79166662
12.07624500	30.10560200	0.03321641	29.76790400	0.33769813	29.30366900	7.93909017	0.79142385
12.07996200	30.08345000	0.03324087	29.74103800	0.34241255	29.30201500	7.94152472	0.79118123
12.08367900	30.03472900	0.03329479	29.71614600	0.31858321	29.30035800	7.94395927	0.79093876
12.08739500	29.99074000	0.03334363	29.69302900	0.29771072	29.29869900	7.94639314	0.79069651
12.09111200	29.99689900	0.03333678	29.67153800	0.32536045	29.29703700	7.94882767	0.79045434
12.09482900	30.01434700	0.03331740	29.65149200	0.36285507	29.29537200	7.95126219	0.79021232
12.09854600	30.00588600	0.03332679	29.63275100	0.37313531	29.29370500	7.95369669	0.78997044
12.10226200	29.99399900	0.03334000	29.61520200	0.37879752	29.29203400	7.95613054	0.78972879
12.10597900	29.98776400	0.03334693	29.59874400	0.38902066	29.29036200	7.95856503	0.78948721
12.10969600	29.96876100	0.03336808	29.58326500	0.38549613	29.28868600	7.96099951	0.78924578
12.11341300	29.94368200	0.03339603	29.56868300	0.37499920	29.28700800	7.96343399	0.78900451
12.11712900	29.92958800	0.03341175	29.55493200	0.37465615	29.28532800	7.96586780	0.78876344
12.12084600	29.94465800	0.03339494	29.54193500	0.40272353	29.28364500	7.96830226	0.78852246
12.12456300	29.94305000	0.03339673	29.52962600	0.41342411	29.28196000	7.97073671	0.78828163
12.12828000	29.89631100	0.03344894	29.70016600	0.19614477	29.28027200	7.97317115	0.78804094
12.13199600	29.86474400	0.03348430	29.69446900	0.17027491	29.27858100	7.97560493	0.78780047
12.13571300	29.88098900	0.03346609	29.68955100	0.19143810	29.27688900	7.97803935	0.78756008
12.13943000	29.92298700	0.03341912	29.68538500	0.23760185	29.27519400	7.98047377	0.78731984
12.14314700	29.93316100	0.03340776	29.68196100	0.25119934	29.27349600	7.98290817	0.78707974
12.14686300	29.92523200	0.03341662	29.67925600	0.24597635	29.27179600	7.98534192	0.78683986
12.15058000	29.91007800	0.03343355	29.67725100	0.23282671	29.27009400	7.98777631	0.78660006
12.15429700	29.90195700	0.03344263	29.67594300	0.22601312	29.26839000	7.99021069	0.78636040
12.15801400	29.91645200	0.03342642	29.67533600	0.24111659	29.26668300	7.99264507	0.78612090
12.16173000	29.92706900	0.03341457	29.67541700	0.25165183	29.26497400	7.99507878	0.78588160
12.16544700	29.91713900	0.03342566	29.67619000	0.24094892	29.26326300	7.99751313	0.78564239
12.16916400	29.89938700	0.03344550	29.67767300	0.22171450	29.26155000	7.99994748	0.78540332
12.17288000	29.87434400	0.03347354	29.67987200	0.19447235	29.25983500	8.00238117	0.78516446
12.17659700	29.86061500	0.03348893	29.68279700	0.17781796	29.25811700	8.00481550	0.78492569
12.18031400	29.89044400	0.03345551	29.68647100	0.20397324	29.25639800	8.00724982	0.78468706
12.18403100	29.93960200	0.03340058	29.69092800	0.24867352	29.25467600	8.00968414	0.78444857
12.18774700	29.92585900	0.03341592	29.69618600	0.22967373	29.25295200	8.01211779	0.78421030
12.19146400	29.87398900	0.03347394	29.70227600	0.17171314	29.25122700	8.01455209	0.78397211
12.19518100	29.84391000	0.03350767	29.70924900	0.13466080	29.24949900	8.01698638	0.78373406
12.19889800	29.84639500	0.03350488	29.71714800	0.12924787	29.24776900	8.01942066	0.78349616
12.20261400	29.88616900	0.03346029	29.72601500	0.16015493	29.24603800	8.02185428	0.78325847
12.20633100	29.94772900	0.03339151	29.73591000	0.21181954	29.24430400	8.02428854	0.78302086
12.21004800	29.97982800	0.03335576	29.74691800	0.23290964	29.24256900	8.02672280	0.78278339
12.21376500	29.98767700	0.03334703	29.75909500	0.22858146	29.24083200	8.02915705	0.78254607
12.21748100	29.98239700	0.03335290	29.66538100	0.31701588	29.23909300	8.03159063	0.78230896
12.22119800	29.97013500	0.03336655	29.68304900	0.28708546	29.23735200	8.03402486	0.78207193
12.22491500	29.95559700	0.03338274	29.70207100	0.25352623	29.23560900	8.03645908	0.78183504
12.22863200	29.97461300	0.03336157	29.72256000	0.25205351	29.23386500	8.03889330	0.78159830
12.23234800	30.03486800	0.03329464	29.74465700	0.29021081	29.23211900	8.04132685	0.78136176
12.23606500	30.11993000	0.03320061	29.76856000	0.35137061	29.23037100	8.04376104	0.78112531
12.23978200	30.14974200	0.03316778	29.79441200	0.35532988	29.22862200	8.04619523	0.78088899
12.24349900	30.13233000	0.03318695	29.82241600	0.30991419	29.22687100	8.04862941	0.78065283
12.24721500	30.12746200	0.03319231	29.85282400	0.27463852	29.22511900	8.05106293	0.78041687
12.25093200	30.16517600	0.03315081	29.88590400	0.27927283	29.22336500	8.05349709	0.78018099
12.25464900	30.19789100	0.03311489	29.92192500	0.27596646	29.22160900	8.05593125	0.77994525
12.25836600	30.22121000	0.03308934	29.96122300	0.25998699	29.21985200	8.05836539	0.77970966
12.26208200	30.25600200	0.03305129	30.00426700	0.25173553	29.21809300	8.06079887	0.77947427
12.26579900	30.28074300	0.03302429	30.05143900	0.22930317	29.21633300	8.06323300	0.77923896
12.26951600	30.27745100	0.03302788	30.10325300	0.17419733	29.21457200	8.06566712	0.77900380
12.27323200	30.31606300	0.03298581	30.16035700	0.15570545	29.21280900	8.06810058	0.77876884
12.27694900	30.38261600	0.03291356	30.22348700	0.15912924	29.21104400	8.07053469	0.77853396
12.28066600	30.41004600	0.03288387	30.29339900	0.11664700	29.20927900	8.07296878	0.77829922
12.28438300	30.43679000	0.03285498	30.37105300	0.06573744	29.20751200	8.07540287	0.77806463
12.28809900	30.49136200	0.03279617	30.45777700	0.03358506	29.20574400	8.07783629	0.77783024
12.29181600	30.57541800	0.03270601	30.62016600	-0.04474709	29.20397400	8.08027036	0.77759593
12.29553300	30.65169900	0.03262462	30.73073400	-0.07903470	29.20220400	8.08270442	0.77736176
12.29925000	30.73640300	0.03253471	30.85537800	-0.11897568	29.20043200	8.08513847	0.77712773
12.30296600	30.83116300	0.03243472	30.99670500	-0.16554154	29.19865900	8.08757186	0.77689391
12.30668300	30.94415900	0.03231628	31.15768200	-0.21352297	29.19688500	8.09000590	0.77666016
12.31040000	31.06231700	0.03219335	31.34255600	-0.28023946	29.19511000	8.09243993	0.77642656
12.31411700	31.21202300	0.03203894	31.55826200	-0.34623887	29.19333300	8.09487394	0.77619310
12.31783300	31.42309200	0.03182373	31.81495800	-0.39186606	29.19155600	8.09730730	0.77595984
12.32155000	31.72030300	0.03152555	32.13093000	-0.41062728	29.18977800	8.09974130	0.77572667
12.32526700	32.09766400	0.03115491	32.54083500	-0.44317115	29.18799900	8.10217529	0.77549363
12.32898400	32.63555100	0.03064143	33.11083400	-0.47528262	29.18621800	8.10460928	0.77526073
12.33270000	33.47053900	0.02987702	33.95464000	-0.48410063	29.18443700	8.10704260	0.77502804
12.33641700	34.78368800	0.02874911	35.26713600	-0.48344879	29.18265500	8.10947657	0.77479542
12.34013400	36.82737700	0.02715371	37.37808400	-0.55070711	29.18087200	8.11191053	0.77456295
12.34385100	40.01231800	0.02499230	40.75229100	-0.73997340	29.17908900	8.11434448	0.77433061
12.34756700	44.90111500	0.02227116	46.00529400	-1.10417820	29.17730400	8.11677776	0.77409848
12.35128400	52.28038400	0.01912763	53.88718400	-1.60680040	29.17551900	8.11921170	0.77386642
12.35500100	63.18857200	0.01582565	65.18698700	-1.99841540	29.17373300	8.12164562	0.77363451
12.35871800	78.43371600	0.01274962	80.40233500	-1.96861930	29.17194600	8.12407954	0.77340273
12.36243400	98.69968400	0.01013174	99.63509400	-0.93540942	29.17015900	8.12651279	0.77317116
12.36615100	123.12550000	0.00812179	122.34554000	0.77996528	29.16837100	8.12894669	0.77293966
12.36986800	149.88333000	0.00667186	147.01611000	2.86722560	29.16658200	8.13138058	0.77270831
12.37358500	175.52472000	0.00569720	171.28261000	4.24211230	29.16479300	8.13381446	0.77247709
12.37730100	195.92932000	0.00510388	192.03914000	3.89018350	29.16300300	8.13624768	0.77224607
12.38101800	207.90819000	0.00480982	205.71891000	2.18928270	29.16121300	8.13868155	0.77201513
12.38473500	209.39041000	0.00477577	209.64564000	-0.25523216	29.15942200	8.14111540	0.77178433
12.38845100	200.72156000	0.00498203	202.94291000	-2.22135200	29.15763100	8.14354860	0.77155373
12.39216800	183.69833000	0.00544371	186.98092000	-3.28258600	29.15583900	8.14598244	0.77132321
12.39588500	161.45171000	0.00619380	164.95739000	-3.50568860	29.15404700	8.14841627	0.77109282
12.39960200	137.45645000	0.00727503	140.31318000	-2.85672570	29.15225500	8.15085009	0.77086258
12.40331800	114.61249000	0.00872505	115.96927000	-1.35678110	29.15046200	8.15328325	0.77063253
12.40703500	94.57335700	0.01057380	94.11891400	0.45444275	29.14866900	8.15571705	0.77040256
12.41075200	77.85812400	0.01284387	75.93893800	1.91918610	29.14687600	8.15815085	0.77017273
12.41446900	64.34214000	0.01554191	61.80598200	2.53615870	29.14508300	8.16058464	0.76994304
12.41818500	53.90624200	0.01855073	51.52072000	2.38552230	29.14328900	8.16301776	0.76971354
12.42190200	46.28852500	0.02160363	44.43087000	1.85765450	29.14149500	8.16545153	0.76948412
12.42561900	40.98337900	0.02440013	39.75419800	1.22918180	29.13970100	8.16788529	0.76925484
12.42933600	37.48907500	0.02667444	36.78206800	0.70700649	29.13790700	8.17031905	0.76902570
12.43305200	35.26715500	0.02835500	34.94289900	0.32425551	29.13611300	8.17275214	0.76879675
12.43676900	33.86491400	0.02952909	33.78881000	0.07610400	29.13431900	8.17518587	0.76856788
12.44048600	32.94887500	0.03035005	33.04333000	-0.09445506	29.13252500	8.17761960	0.76833915
12.44420300	32.33651400	0.03092479	32.53695400	-0.20044011	29.13073100	8.18005332	0.76811056
12.44791900	31.92593400	0.03132250	32.16860300	-0.24266907	29.12893700	8.18248637	0.76788216
12.45163600	31.65767300	0.03158792	31.88324000	-0.22556746	29.12714300	8.18492008	0.76765384
12.45535300	31.49675600	0.03174930	31.65220900	-0.15545368	29.12534900	8.18735377	0.76742565
12.45907000	31.37867200	0.03186878	31.46042800	-0.08175611	29.12355500	8.18978745	0.76719760
12.46278600	31.27280600	0.03197666	31.29812900	-0.02532325	29.12176200	8.19222048	0.76696975
12.46650300	31.15193700	0.03210073	31.15986800	-0.00793102	29.11996800	8.19465414	0.76674198
12.47022000	31.01993200	0.03223734	31.04208200	-0.02215053	29.11817500	8.19708780	0.76651434
12.47393700	30.94285600	0.03231764	30.94197100	0.00088468	29.11638300	8.19952145	0.76628683
12.47765300	30.93017400	0.03233089	30.85724600	0.07292745	29.11459000	8.20195444	0.76605952
12.48137000	30.92750400	0.03233368	30.78629000	0.14121401	29.11279900	8.20438807	0.76583229
12.48508700	30.85909300	0.03240536	30.72806500	0.13102766	29.11100700	8.20682169	0.76560519
12.48880300	30.78082100	0.03248776	30.68137200	0.09944913	29.10921600	8.20925466	0.76537829
12.49252000	30.76046800	0.03250926	30.64551400	0.11495371	29.10742500	8.21168826	0.76515147
12.49623700	30.74217000	0.03252861	30.62013000	0.12204038	29.10563500	8.21412186	0.76492477
12.49995400	30.71072600	0.03256191	30.60502400	0.10570174	29.10384500	8.21655545	0.76469822
12.50367000	30.70892700	0.03256382	30.60007300	0.10885443	29.10205600	8.21898838	0.76447186
12.50738700	30.71742600	0.03255481	30.60549800	0.11192829	29.10026800	8.22142195	0.76424557
12.51110400	30.70279500	0.03257032	30.62197400	0.08082065	29.09848000	8.22385551	0.76401942
12.51482100	30.68165000	0.03259277	30.65009600	0.03155377	29.09669300	8.22628907	0.76379340
12.51853700	30.65594900	0.03262010	30.69094400	-0.03499566	29.09490700	8.22872196	0.76356758
12.52225400	30.63207400	0.03264552	30.74622700	-0.11415296	29.09312100	8.23115550	0.76334183
12.52597100	30.62836100	0.03264948	30.81848600	-0.19012571	29.09133600	8.23358903	0.76311622
12.52968800	30.70387100	0.03256918	30.91130300	-0.20743206	29.08955200	8.23602255	0.76289074
12.53340400	30.82261500	0.03244371	31.03096300	-0.20834871	29.08776900	8.23845540	0.76266545
12.53712100	30.95933000	0.03230044	31.18943300	-0.23010317	29.08598600	8.24088891	0.76244024
12.54083800	31.11018900	0.03214381	31.40680100	-0.29661171	29.08420500	8.24332240	0.76221516
12.54455500	31.32707200	0.03192127	31.71861500	-0.39154274	29.08242500	8.24575589	0.76199022
12.54827100	31.69957500	0.03154616	32.18655900	-0.48698355	29.08064500	8.24818871	0.76176546
12.55198800	32.36483400	0.03089773	32.91278200	-0.54794828	29.07886700	8.25062218	0.76154079
12.55570500	33.45357500	0.02989217	34.04123500	-0.58765951	29.07708900	8.25305564	0.76131624
12.55942200	35.09557300	0.02849362	35.76988600	-0.67431210	29.07531300	8.25548909	0.76109183
12.56313800	37.52993400	0.02664540	38.35783600	-0.82790165	29.07353800	8.25792188	0.76086761
12.56685500	41.09680200	0.02433279	42.05694200	-0.96014024	29.07176400	8.26035531	0.76064347
12.57057200	46.24312600	0.02162484	47.07202900	-0.82890311	29.06999100	8.26278874	0.76041946
12.57428900	53.10707900	0.01882988	53.49770400	-0.39062592	29.06822000	8.26522215	0.76019558
12.57800500	61.57308200	0.01624086	61.22336600	0.34971641	29.06644900	8.26765490	0.75997189
12.58172200	70.92971000	0.01409846	69.82038200	1.10932860	29.06468000	8.27008830	0.75974827
12.58543900	80.02552000	0.01249601	78.56741100	1.45810970	29.06291300	8.27252169	0.75952479
12.58915600	87.60941300	0.01141430	86.39357400	1.21583870	29.06114700	8.27495507	0.75930144
12.59287200	92.44088000	0.01081773	92.00049600	0.44038386	29.05938200	8.27738779	0.75907828
12.59658900	93.80883000	0.01065998	94.21975600	-0.41092540	29.05761800	8.27982116	0.75885520
12.60030600	91.50554700	0.01092830	92.48901200	-0.98346523	29.05585700	8.28225451	0.75863224
12.60402200	86.11131300	0.01161288	87.19698700	-1.08567380	29.05409600	8.28468720	0.75840948
12.60773900	78.68717200	0.01270855	79.55316100	-0.86598894	29.05233800	8.28712054	0.75818679
12.61145600	70.32294500	0.01422011	70.83913100	-0.51618622	29.05058000	8.28955387	0.75796423
12.61517300	62.01930600	0.01612401	62.15157900	-0.13227257	29.04882500	8.29198719	0.75774180
12.61888900	54.57619500	0.01832301	54.27566800	0.30052725	29.04707100	8.29441985	0.75751956
12.62260600	48.31974800	0.02069547	47.64580800	0.67394007	29.04531900	8.29685315	0.75729740
12.62632300	43.26261900	0.02311464	42.41999400	0.84262473	29.04356900	8.29928645	0.75707536
12.63004000	39.29576100	0.02544804	38.55349400	0.74226685	29.04182000	8.30171973	0.75685346
12.63375600	36.30482500	0.02754455	35.81895400	0.48587066	29.04007400	8.30415235	0.75663175
12.63747300	34.16850300	0.02926672	33.96381100	0.20469220	29.03832900	8.30658562	0.75641011
12.64119000	32.74081000	0.03054292	32.74674900	-0.00593820	29.03658600	8.30901888	0.75618859
12.64490700	31.85543800	0.03139181	31.77888800	0.07655058	29.03484500	8.31145213	0.75596721
12.64862300	31.30688700	0.03194185	31.26007400	0.04681313	29.03310600	8.31388472	0.75574602
12.65234000	30.93616700	0.03232463	30.94018200	-0.00401541	29.03136900	8.31631795	0.75552490
12.65605700	30.70450200	0.03256851	30.68820000	0.01630219	29.02963400	8.31875118	0.75530391
12.65977400	30.58814800	0.03269240	30.49621500	0.09193360	29.02790100	8.32118439	0.75508305
12.66349000	30.49530200	0.03279194	30.34257100	0.15273163	29.02617000	8.32361694	0.75486238
12.66720700	30.37255700	0.03292446	30.21519700	0.15736003	29.02444200	8.32605014	0.75464178
12.67092400	30.26927600	0.03303680	30.10686700	0.16240817	29.02271500	8.32848333	0.75442131
12.67464100	30.19745600	0.03311537	30.01314500	0.18431159	29.02099100	8.33091651	0.75420097
12.67835700	30.11023500	0.03321130	29.93124400	0.17899083	29.01926900	8.33334903	0.75398082
12.68207400	30.03892100	0.03329014	29.85933100	0.17959055	29.01755000	8.33578219	0.75376073
12.68579100	30.04655500	0.03328169	29.79565400	0.25090098	29.01583300	8.33821535	0.75354078
12.68950800	30.05372400	0.03327375	29.73900600	0.31471805	29.01411800	8.34064849	0.75332096
12.69322400	30.01583100	0.03331575	29.68845200	0.32737899	29.01240600	8.34308097	0.75310132
12.69694100	29.97941000	0.03335623	29.64315800	0.33625168	29.01069600	8.34551410	0.75288176
12.70065800	29.96113400	0.03337657	29.60238300	0.35875067	29.00898900	8.34794722	0.75266232
12.70437400	29.94439100	0.03339524	29.56555700	0.37883470	29.00728400	8.35037968	0.75244307
12.70809100	29.92364900	0.03341838	29.53225400	0.39139514	29.00558200	8.35281278	0.75222389
12.71180800	29.88556900	0.03346097	29.50199500	0.38357348	29.00388300	8.35524587	0.75200484
12.71552500	29.86740300	0.03348132	29.47442900	0.39297434	29.00218600	8.35767896	0.75178591
12.71924100	29.87607800	0.03347160	29.44927300	0.42680425	29.00049200	8.36011138	0.75156718
12.72295800	29.87302400	0.03347502	29.42627300	0.44675071	28.99880000	8.36254444	0.75134851
12.72667500	29.82857300	0.03352490	29.40517800	0.42339490	28.99711200	8.36497750	0.75112997
12.73039200	29.78039000	0.03357914	29.38579700	0.39459282	28.99542600	8.36741055	0.75091156
12.73410800	29.76797500	0.03359315	29.36798700	0.39998763	28.99374300	8.36984294	0.75069334
12.73782500	29.77971100	0.03357991	29.35157700	0.42813408	28.99206300	8.37227597	0.75047518
12.74154200	29.78388800	0.03357520	29.33643500	0.44745296	28.99038600	8.37470899	0.75025715
12.74525900	29.77569600	0.03358444	29.32245800	0.45323758	28.98871300	8.37714200	0.75003925
12.74897500	29.74613600	0.03361781	29.30955300	0.43658247	28.98704200	8.37957435	0.74982154
12.75269200	29.71056400	0.03365806	29.29761900	0.41294462	28.98537400	8.38200735	0.74960389
12.75640900	29.69908700	0.03367107	29.28658000	0.41250667	28.98370900	8.38444034	0.74938637
12.76012600	29.67857400	0.03369434	29.27638400	0.40218963	28.98204800	8.38687331	0.74916898
12.76384200	29.65441700	0.03372179	29.26695900	0.38745789	28.98038900	8.38930563	0.74895177
12.76755900	29.65427200	0.03372195	29.25825200	0.39602043	28.97873400	8.39173859	0.74873463
12.77127600	29.67979400	0.03369296	29.25022000	0.42957421	28.97708200	8.39417154	0.74851762
12.77499300	29.69177800	0.03367936	29.24283000	0.44894866	28.97543400	8.39660448	0.74830073
12.77870900	29.69971700	0.03367035	29.23603600	0.46368089	28.97378900	8.39903676	0.74808403
12.78242600	29.69624100	0.03367429	29.22980900	0.46643272	28.97214700	8.40146969	0.74786740
12.78614300	29.66395400	0.03371095	29.22413100	0.43982323	28.97050800	8.40390261	0.74765090
12.78986000	29.63796600	0.03374051	29.21897300	0.41899303	28.96887400	8.40633551	0.74743451
12.79357600	29.63088400	0.03374857	29.21431500	0.41656900	28.96724200	8.40876776	0.74721832
12.79729300	29.64133800	0.03373667	29.21014400	0.43119481	28.96561500	8.41120065	0.74700219
12.80101000	29.68041400	0.03369225	29.20645100	0.47396309	28.96399100	8.41363353	0.74678619
12.80472700	29.69190400	0.03367921	29.20322100	0.48868304	28.96237000	8.41606640	0.74657031
12.80844300	29.65164000	0.03372495	29.20044700	0.45119300	28.96075300	8.41849861	0.74635462
12.81216000	29.61521500	0.03376643	29.19813200	0.41708369	28.95914000	8.42093147	0.74613899
12.81587700	29.60940400	0.03377305	29.19627100	0.41313297	28.95753100	8.42336431	0.74592349
12.81959300	29.59332800	0.03379140	29.19486300	0.39846531	28.95592600	8.42579649	0.74570817
12.82331000	29.59836400	0.03378565	29.19391500	0.40444840	28.95432400	8.42822932	0.74549292
12.82702700	29.62366100	0.03375680	29.19344200	0.43021918	28.95272600	8.43066214	0.74527780
12.83074400	29.64814400	0.03372892	29.19344500	0.45469858	28.95113300	8.43309495	0.74506280
12.83446000	29.65839400	0.03371727	29.19393900	0.46445455	28.94954300	8.43552710	0.74484798
12.83817700	29.66329600	0.03371170	29.19494800	0.46834751	28.94795700	8.43795989	0.74463323
12.84189400	29.67343300	0.03370018	29.19649100	0.47694255	28.94637600	8.44039267	0.74441860
12.84561100	29.68091400	0.03369168	29.19858800	0.48232604	28.94479800	8.44282545	0.74420410
12.84932700	29.68979500	0.03368161	29.20127000	0.48852443	28.94322500	8.44525756	0.74398978
12.85304400	29.68079600	0.03369182	29.20458200	0.47621334	28.94165600	8.44769032	0.74377553
12.85676100	29.62821800	0.03375161	29.20855300	0.41966435	28.94009100	8.45012307	0.74356140
12.86047800	29.59315700	0.03379160	29.21322900	0.37992823	28.93853000	8.45255580	0.74334739
12.86419400	29.59905800	0.03378486	29.21867000	0.38038847	28.93697400	8.45498788	0.74313357
12.86791100	29.59548600	0.03378894	29.22493600	0.37054936	28.93542200	8.45742060	0.74291981
12.87162800	29.61846700	0.03376272	29.23209100	0.38637656	28.93387500	8.45985331	0.74270618
12.87534500	29.67373300	0.03369984	29.24021300	0.43352005	28.93233200	8.46228602	0.74249267
12.87906100	29.68777800	0.03368389	29.24941500	0.43836360	28.93079300	8.46471806	0.74227934
12.88277800	29.66233600	0.03371279	29.25978300	0.40255345	28.92925900	8.46715074	0.74206607
12.88649500	29.66341000	0.03371157	29.27143700	0.39197320	28.92773000	8.46958342	0.74185293
12.89021200	29.68347400	0.03368878	29.28453200	0.39894138	28.92620500	8.47201609	0.74163992
12.89392800	29.68917100	0.03368231	29.29923400	0.38993687	28.92468500	8.47444809	0.74142708
12.89764500	29.72604900	0.03364053	29.31571500	0.41033450	28.92317000	8.47688074	0.74121431
12.90136200	29.77259400	0.03358794	29.33419200	0.43840217	28.92165900	8.47931338	0.74100166
12.90507900	29.75686100	0.03360569	29.29098100	0.46587967	28.92015400	8.48174602	0.74078914
12.90879500	29.70043400	0.03366954	29.31583300	0.38460059	28.91865300	8.48417799	0.74057679
12.91251200	29.68851500	0.03368306	29.34354700	0.34496722	28.91715700	8.48661060	0.74036451
12.91622900	29.72561300	0.03364102	29.37457900	0.35103387	28.91566600	8.48904321	0.74015235
12.91994500	29.77059900	0.03359019	29.40945200	0.36114754	28.91418000	8.49147515	0.73994038
12.92366200	29.78318600	0.03357599	29.56126000	0.22192602	28.91269900	8.49390774	0.73972846
12.92737900	29.78366700	0.03357545	29.60859000	0.17507658	28.91122300	8.49634031	0.73951667
12.93109600	29.79691900	0.03356052	29.66219800	0.13472043	28.90975200	8.49877288	0.73930500
12.93481200	29.79048000	0.03356777	29.72314200	0.06733777	28.90828700	8.50120479	0.73909351
12.93852900	29.77412800	0.03358621	29.79289800	-0.01877018	28.90682600	8.50363734	0.73888209
12.94224600	29.80542600	0.03355094	29.87362700	-0.06820165	28.90537100	8.50606989	0.73867078
12.94596300	29.85313400	0.03349732	29.96855500	-0.11542101	28.90392100	8.50850242	0.73845960
12.94967900	29.88828300	0.03345793	30.08246500	-0.19418247	28.90247700	8.51093429	0.73824860
12.95339600	30.00133700	0.03333185	30.22348100	-0.22214378	28.90103800	8.51336681	0.73803766
12.95711300	30.18921300	0.03312441	30.40633500	-0.21712229	28.89960400	8.51579931	0.73782684
12.96083000	30.36270700	0.03293514	30.65402400	-0.29131649	28.89817600	8.51823181	0.73761614
12.96454600	30.59732600	0.03268259	31.00338800	-0.40606125	28.89675400	8.52066365	0.73740563
12.96826300	31.04859200	0.03220758	31.51152500	-0.46293333	28.89533700	8.52309613	0.73719517
12.97198000	31.74017300	0.03150581	32.26084800	-0.52067472	28.89392500	8.52552860	0.73698484
12.97569700	32.72731000	0.03055552	33.35029400	-0.62298361	28.89252000	8.52796106	0.73677462
12.97941300	34.18579900	0.02925191	34.89488800	-0.70908909	28.89112000	8.53039286	0.73656459
12.98313000	36.31795100	0.02753459	37.01741900	-0.69946767	28.88972600	8.53282530	0.73635462
12.98684700	39.32401700	0.02542975	39.79248000	-0.46846338	28.88833700	8.53525774	0.73614477
12.99056400	43.16367000	0.02316763	43.22959100	-0.06592130	28.88695500	8.53769017	0.73593503
12.99428000	47.62659500	0.02099667	47.24145800	0.38513679	28.88557800	8.54012193	0.73572548
12.99799700	52.37292500	0.01909383	51.59837500	0.77454978	28.88420800	8.54255434	0.73551599
13.00171400	56.73728900	0.01762509	55.89724200	0.84004771	28.88284300	8.54498674	0.73530662
13.00543100	60.14522900	0.01662642	59.57287700	0.57235201	28.88148400	8.54741913	0.73509737
13.00914700	61.97848900	0.01613463	61.92102500	0.05746362	28.88013200	8.54985085	0.73488829
13.01286400	61.98883800	0.01613194	62.38542400	-0.39658605	28.87878600	8.55228323	0.73467928
13.01658100	60.21904000	0.01660604	60.85523500	-0.63619550	28.87744500	8.55471559	0.73447039
13.02029800	57.07527900	0.01752072	57.71510200	-0.63982289	28.87611200	8.55714794	0.73426162
13.02401400	53.15742900	0.01881205	53.62930000	-0.47187171	28.87478400	8.55957964	0.73405302
13.02773100	49.03272600	0.02039454	49.25427200	-0.22154571	28.87346300	8.56201197	0.73384449
13.03144800	45.17737600	0.02213497	45.06077600	0.11659978	28.87214800	8.56444430	0.73363608
13.03516400	41.79214900	0.02392794	41.35896000	0.43318823	28.87083900	8.56687596	0.73342784
13.03888100	38.84289200	0.02574474	38.29812600	0.54476552	28.86953700	8.56930827	0.73321966
13.04259800	36.38636800	0.02748282	35.90350900	0.48285837	28.86824200	8.57174057	0.73301160
13.04631500	34.50272800	0.02898322	34.12337700	0.37935029	28.86695300	8.57417287	0.73280367
13.05003100	33.13079100	0.03018340	32.86176900	0.26902181	28.86567100	8.57660449	0.73259590
13.05374800	32.11829000	0.03113491	31.99135300	0.12693696	28.86439500	8.57903677	0.73238820
13.05746500	31.39162600	0.03185563	31.40356200	-0.01193518	28.86312600	8.58146903	0.73218062
13.06118200	30.92199100	0.03233944	31.01073700	-0.08874530	28.86186400	8.58390129	0.73197316
13.06489800	30.64263300	0.03263427	30.74433400	-0.10170037	28.86060900	8.58633288	0.73176587
13.06861500	30.50244500	0.03278426	30.55843100	-0.05598597	28.85936000	8.58876512	0.73155864
13.07233200	30.42673700	0.03286583	30.42454000	0.00219655	28.85811900	8.59119734	0.73135153
13.07604900	30.37808800	0.03291846	30.32554200	0.05254622	28.85688400	8.59362956	0.73114454
13.07976500	30.33424900	0.03296604	30.25047800	0.08377161	28.85565600	8.59606112	0.73093772
13.08348200	30.31263400	0.03298955	30.19346200	0.11917137	28.85443600	8.59849332	0.73073096
13.08719900	30.33263000	0.03296780	30.15110900	0.18152129	28.85322300	8.60092551	0.73052433
13.09091600	30.36896500	0.03292835	30.12116400	0.24780104	28.85201600	8.60335770	0.73031780
13.09463200	30.38372800	0.03291235	30.10213200	0.28159561	28.85081700	8.60578921	0.73011146
13.09834900	30.37783200	0.03291874	30.09312800	0.28470403	28.84962500	8.60822138	0.72990517
13.10206600	30.35730600	0.03294100	30.09377300	0.26353265	28.84844100	8.61065354	0.72969900
13.10578300	30.35792400	0.03294033	30.10358500	0.25433883	28.84726400	8.61308568	0.72949295
13.10949900	30.38394900	0.03291211	30.12250800	0.26144089	28.84609400	8.61551717	0.72928707
13.11321600	30.39093000	0.03290455	30.15079800	0.24013261	28.84493200	8.61794929	0.72908126
13.11693300	30.39679000	0.03289821	30.29874700	0.09804297	28.84377700	8.62038141	0.72887556
13.12065000	30.42996200	0.03286235	30.34983700	0.08012485	28.84263000	8.62281352	0.72866997
13.12436600	30.46059000	0.03282931	30.41214700	0.04844306	28.84149000	8.62524497	0.72846456
13.12808300	30.51305200	0.03277286	30.48709800	0.02595427	28.84035800	8.62767706	0.72825921
13.13180000	30.58345800	0.03269741	30.57600900	0.00744934	28.83923400	8.63010915	0.72805398
13.13551600	30.62629100	0.03265168	30.68089800	-0.05460661	28.83811700	8.63254057	0.72784892
13.13923300	30.66149700	0.03261419	30.80475100	-0.14325356	28.83700900	8.63497263	0.72764392
13.14295000	30.73893900	0.03253203	30.95188400	-0.21294462	28.83590800	8.63740469	0.72743903
13.14666700	30.88789700	0.03237514	31.12870000	-0.24080255	28.83481500	8.63983674	0.72723426
13.15038300	31.09402300	0.03216052	31.34641500	-0.25239183	28.83373000	8.64226812	0.72702967
13.15410000	31.33904500	0.03190908	31.62658600	-0.28754154	28.83265300	8.64470015	0.72682513
13.15781700	31.69933500	0.03154640	32.00521100	-0.30587548	28.83158400	8.64713217	0.72662071
13.16153400	32.23389800	0.03102324	32.54565900	-0.31176080	28.83052300	8.64956418	0.72641640
13.16525000	32.96959700	0.03033097	33.35680900	-0.38721208	28.82947100	8.65199553	0.72621227
13.16896700	34.08122600	0.02934167	34.61417200	-0.53294516	28.82842600	8.65442752	0.72600820
13.17268400	35.81908800	0.02791808	36.56287100	-0.74378327	28.82739000	8.65685950	0.72580424
13.17640100	38.52654300	0.02595613	39.53521700	-1.00867480	28.82636200	8.65929148	0.72560039
13.18011700	42.62604100	0.02345984	43.96506000	-1.33901860	28.82534300	8.66172279	0.72539672
13.18383400	48.65345000	0.02055353	50.26273300	-1.60928350	28.82433200	8.66415474	0.72519311
13.18755100	57.22907300	0.01747364	58.76889300	-1.53982070	28.82332900	8.66658669	0.72498961
13.19126800	68.69817400	0.01455643	69.64934900	-0.95117571	28.82233500	8.66901863	0.72478623
13.19498400	83.02875500	0.01204402	82.73235100	0.29640433	28.82135000	8.67144990	0.72458301
13.19870100	99.05548900	0.01009535	97.35010000	1.70538900	28.82037300	8.67388182	0.72437986
13.20241800	115.12702000	0.00868606	112.37956000	2.74746030	28.81940500	8.67631373	0.72417682
13.20613500	129.03586000	0.00774978	126.16764000	2.86821560	28.81844500	8.67874563	0.72397390
13.20985100	138.53804000	0.00721823	136.71777000	1.82026970	28.81749500	8.68117687	0.72377114
13.21356800	142.41156000	0.00702190	142.12467000	0.28689212	28.81655300	8.68360875	0.72356845
13.21728500	139.85539000	0.00715024	141.18927000	-1.33387920	28.81562000	8.68604063	0.72336587
13.22100200	131.96271000	0.00757790	134.06815000	-2.10544490	28.81469600	8.68847249	0.72316340
13.22471800	120.05549000	0.00832948	122.34454000	-2.28905500	28.81378100	8.69090369	0.72296110
13.22843500	105.99380000	0.00943451	108.00761000	-2.01380130	28.81287500	8.69333554	0.72275886
13.23215200	91.73983800	0.01090039	92.95771400	-1.21787670	28.81197800	8.69576738	0.72255674
13.23586800	78.60457600	0.01272191	78.71415500	-0.10957858	28.81109000	8.69819855	0.72235478
13.23958500	67.18557000	0.01488415	66.24920200	0.93636820	28.81021200	8.70063037	0.72215288
13.24330200	57.66878100	0.01734040	56.06192400	1.60685720	28.80934300	8.70306218	0.72195110
13.24701900	49.99086000	0.02000366	48.25766500	1.73319490	28.80848300	8.70549398	0.72174943
13.25073500	44.05623600	0.02269826	42.57154600	1.48469000	28.80763200	8.70792512	0.72154793
13.25445200	39.73713300	0.02516538	38.62354000	1.11359350	28.80679100	8.71035690	0.72134648
13.25816900	36.72303000	0.02723087	36.00330200	0.71972828	28.80596000	8.71278867	0.72114515
13.26188600	34.74091000	0.02878451	34.30597200	0.43493753	28.80513800	8.71522044	0.72094393
13.26560200	33.42717400	0.02991578	33.21585700	0.21131612	28.80432500	8.71765154	0.72074288
13.26931900	32.59695400	0.03067771	32.51079000	0.08616409	28.80352200	8.72008328	0.72054189
13.27303600	32.10026200	0.03115239	32.04265300	0.05760912	28.80272900	8.72251502	0.72034101
13.27675300	31.82855000	0.03141833	31.71416400	0.11438616	28.80194600	8.72494675	0.72014025
13.28046900	31.65310900	0.03159247	31.47180000	0.18130902	28.80117200	8.72737781	0.71993965
13.28418600	31.45707300	0.03178935	31.28555200	0.17152097	28.80040800	8.72980952	0.71973911
13.28790300	31.27542700	0.03197398	31.13796500	0.13746185	28.79965400	8.73224122	0.71953868
13.29162000	31.18519800	0.03206650	31.01932300	0.16587469	28.79891100	8.73467291	0.71933836
13.29533600	31.15169700	0.03210098	30.92417800	0.22751947	28.79817700	8.73710394	0.71913821
13.29905300	31.10833400	0.03214573	30.93497500	0.17335880	28.79745300	8.73953561	0.71893812
13.30277000	31.05083300	0.03220526	30.87995800	0.17087438	28.79673900	8.74196727	0.71873814
13.30648700	31.04364800	0.03221271	30.84119700	0.20245059	28.79603600	8.74439893	0.71853827
13.31020300	31.06254200	0.03219312	30.81784000	0.24470232	28.79534300	8.74682992	0.71833857
13.31392000	31.04196000	0.03221446	30.80924600	0.23271352	28.79466000	8.74926155	0.71813893
13.31763700	31.00685900	0.03225093	30.81504600	0.19181303	28.79398700	8.75169318	0.71793940
13.32135400	31.00828000	0.03224945	30.83535500	0.17292511	28.79332500	8.75412480	0.71773997
13.32507000	31.04642100	0.03220983	30.87095600	0.17546510	28.79267300	8.75655575	0.71754072
13.32878700	31.08395000	0.03217094	30.92242500	0.16152520	28.79203200	8.75898735	0.71734152
13.33250400	31.10313800	0.03215110	30.99109200	0.11204630	28.79140100	8.76141894	0.71714243
13.33622100	31.12962000	0.03212375	31.07911800	0.05050181	28.79078100	8.76385052	0.71694346
13.33993700	31.18955600	0.03206201	31.18953900	0.00001688	28.79017200	8.76628143	0.71674465
13.34365400	31.30037300	0.03194850	31.32675200	-0.02637896	28.78957400	8.76871300	0.71654590
13.34737100	31.42379800	0.03182302	31.49834000	-0.07454233	28.78898600	8.77114455	0.71634725
13.35108700	31.54354700	0.03170221	31.71879300	-0.17524647	28.78840900	8.77357544	0.71614878
13.35480400	31.76411200	0.03148207	32.01162700	-0.24751492	28.78784300	8.77600697	0.71595036
13.35852100	32.11838100	0.03113482	32.41908000	-0.30069811	28.78728800	8.77843850	0.71575205
13.36223800	32.60287500	0.03067214	33.01559600	-0.41272145	28.78674400	8.78087001	0.71555385
13.36595400	33.35166900	0.02998351	33.92424600	-0.57257650	28.78621100	8.78330086	0.71535581
13.36967100	34.61155700	0.02889208	35.32526300	-0.71370617	28.78568900	8.78573236	0.71515783
13.37338800	36.56500600	0.02734855	37.44240400	-0.87739812	28.78517900	8.78816385	0.71495996
13.37710500	39.55615200	0.02528052	40.70206800	-1.14591540	28.78467900	8.79059533	0.71476221
13.38082100	43.98379500	0.02273565	45.44651000	-1.46271510	28.78419100	8.79302614	0.71456461
13.38453800	50.49660900	0.01980331	52.04901200	-1.55240370	28.78371500	8.79545760	0.71436707
13.38825500	59.51631500	0.01680211	60.80213000	-1.28581490	28.78325000	8.79788905	0.71416965
13.39197200	71.22522000	0.01403997	71.77409800	-0.54887837	28.78279600	8.80032049	0.71397233
13.39568800	85.39695000	0.01171002	84.64540800	0.75154170	28.78235400	8.80275127	0.71377517
13.39940500	100.66380000	0.00993406	98.70659600	1.95720740	28.78192300	8.80518270	0.71357807
13.40312200	115.42737000	0.00866346	112.76355000	2.66381630	28.78150400	8.80761411	0.71338108
13.40683900	127.63766000	0.00783468	125.16408000	2.47357660	28.78109700	8.81004551	0.71318421
13.41055500	135.44168000	0.00738325	134.03283000	1.40885100	28.78070200	8.81247625	0.71298749
13.41427200	137.62012000	0.00726638	137.63936000	-0.01924042	28.78031800	8.81490764	0.71279083
13.41798900	133.71919000	0.00747836	135.12288000	-1.40368580	28.77994600	8.81733902	0.71259428
13.42170600	124.98474000	0.00800098	127.13603000	-2.15128810	28.77958700	8.81977038	0.71239783
13.42542200	112.91550000	0.00885618	115.25232000	-2.33682280	28.77923900	8.82220109	0.71220155
13.42913900	99.40792100	0.01005956	101.35525000	-1.94732600	28.77890300	8.82463244	0.71200533
13.43285600	86.14344800	0.01160854	87.18939500	-1.04594760	28.77858000	8.82706378	0.71180921
13.43657300	74.16243000	0.01348392	74.02023300	0.14219702	28.77826800	8.82949511	0.71161320
13.44028900	63.90489600	0.01564825	62.65857800	1.24631790	28.77796900	8.83192577	0.71141736
13.44400600	55.28645700	0.01808761	53.49728600	1.78917090	28.77768200	8.83435709	0.71122157
13.44772300	48.33675000	0.02068819	46.50170400	1.83504630	28.77740800	8.83678839	0.71102589
13.45143900	42.92269900	0.02329770	41.42937900	1.49331960	28.77714600	8.83921903	0.71083037
13.45515600	38.89463400	0.02571049	37.93255300	0.96208121	28.77689600	8.84165031	0.71063490
13.45887300	36.09357800	0.02770576	35.59881600	0.49476225	28.77665900	8.84408159	0.71043955
13.46259000	34.31066900	0.02914545	34.12252900	0.18813999	28.77643500	8.84651285	0.71024430
13.46630600	33.20413600	0.03011673	33.13619500	0.06794112	28.77622300	8.84894345	0.71004921
13.47002300	32.48525600	0.03078320	32.49179300	-0.00653674	28.77602400	8.85137470	0.70985418
13.47374000	31.98746300	0.03126225	32.05281000	-0.06534679	28.77583800	8.85380594	0.70965925
13.47745700	31.67924100	0.03156641	31.73969800	-0.06045701	28.77566400	8.85623716	0.70946444
13.48117300	31.47954700	0.03176666	31.50592800	-0.02638084	28.77550400	8.85866773	0.70926978
13.48489000	31.34132000	0.03190676	31.32374000	0.01757992	28.77535600	8.86109894	0.70907518
13.48860700	31.26405300	0.03198562	31.17787900	0.08617421	28.77522200	8.86353014	0.70888068
13.49232400	31.18984200	0.03206172	31.05994600	0.12989666	28.77510000	8.86596133	0.70868630
13.49604000	31.07748800	0.03217763	30.96515600	0.11233205	28.77499200	8.86839186	0.70849207
13.49975700	30.97103300	0.03228823	30.88987200	0.08116077	28.77489700	8.87082303	0.70829790
13.50347400	30.92761200	0.03233357	30.83198800	0.09562451	28.77481500	8.87325419	0.70810383
13.50719100	30.93096000	0.03233007	30.67855100	0.25240887	28.77474600	8.87568534	0.70790988
13.51090700	30.92531800	0.03233597	30.65467700	0.27064092	28.77469100	8.87811583	0.70771608
13.51462400	30.90472600	0.03235751	30.64512900	0.25959744	28.77465000	8.88054697	0.70752233
13.51834100	30.88345300	0.03237980	30.64974300	0.23370995	28.77462100	8.88297809	0.70732870
13.52205800	30.88157300	0.03238177	30.66896600	0.21260634	28.77460700	8.88540921	0.70713516
13.52577400	30.91552000	0.03234621	30.70308400	0.21243544	28.77460600	8.88783966	0.70694179
13.52949100	30.96372400	0.03229586	30.75308800	0.21063649	28.77461800	8.89027076	0.70674848
13.53320800	31.01588800	0.03224154	30.82073800	0.19515052	28.77464500	8.89270185	0.70655526
13.53692500	31.05614300	0.03219975	30.90851100	0.14763158	28.77468500	8.89513293	0.70636216
13.54064100	31.10301000	0.03215123	31.02011100	0.08289903	28.77473900	8.89756334	0.70616921
13.54435800	31.21661400	0.03203422	31.16195600	0.05465822	28.77480700	8.89999440	0.70597632
13.54807500	31.34671600	0.03190127	31.34634500	0.00037142	28.77488900	8.90242545	0.70578354
13.55179200	31.45902100	0.03178739	31.59280700	-0.13378615	28.77498600	8.90485649	0.70559086
13.55550800	31.63990600	0.03160566	31.93624400	-0.29633798	28.77509600	8.90728687	0.70539833
13.55922500	32.02668400	0.03122396	32.43760500	-0.41092112	28.77522000	8.90971789	0.70520586
13.56294200	32.70412100	0.03057719	33.19562100	-0.49150070	28.77535900	8.91214891	0.70501350
13.56665800	33.75606500	0.02962431	34.35353500	-0.59747008	28.77551200	8.91457926	0.70482130
13.57037500	35.36199600	0.02827895	36.11305300	-0.75105728	28.77567900	8.91701025	0.70462914
13.57409200	37.75677500	0.02648531	38.75404400	-0.99726954	28.77586100	8.91944124	0.70443710
13.57780900	41.31722600	0.02420298	42.56164900	-1.24442290	28.77605800	8.92187221	0.70424516
13.58152500	46.44319900	0.02153168	47.81701600	-1.37381660	28.77626800	8.92430252	0.70405337
13.58524200	53.66301300	0.01863481	54.73560700	-1.07259390	28.77649400	8.92673348	0.70386164
13.58895900	62.93277700	0.01588997	63.35248900	-0.41971198	28.77673400	8.92916443	0.70367002
13.59267600	74.04821800	0.01350471	73.41022000	0.63799804	28.77698900	8.93159537	0.70347850
13.59639200	86.00441000	0.01162731	84.35201900	1.65239100	28.77725900	8.93402564	0.70328714
13.60010900	97.41117900	0.01026576	95.24523800	2.16594080	28.77754400	8.93645656	0.70309583
13.60382600	106.76379000	0.00936647	104.80135000	1.96244200	28.77784300	8.93888747	0.70290462
13.60754300	112.49771000	0.00888907	111.55283000	0.94488343	28.77815800	8.94131837	0.70271352
13.61125900	113.87643000	0.00878145	114.15123000	-0.27479225	28.77848800	8.94374861	0.70252258
13.61497600	110.65149000	0.00903738	111.97063000	-1.31914030	28.77883200	8.94617949	0.70233168
13.61869300	103.80270000	0.00963366	105.56954000	-1.76684490	28.77919200	8.94861036	0.70214090
13.62241000	94.47879000	0.01058439	96.21151800	-1.73272750	28.77956800	8.95104122	0.70195021
13.62612600	84.01749400	0.01190228	85.37009000	-1.35259540	28.77995800	8.95347142	0.70175969
13.62984300	73.77191900	0.01355529	74.38198700	-0.61006789	28.78036400	8.95590227	0.70156921
13.63356000	64.49361400	0.01550541	64.19917200	0.29444204	28.78078600	8.95833310	0.70137884
13.63727700	56.48819700	0.01770281	55.42593800	1.06225910	28.78122300	8.96076392	0.70118858
13.64099300	49.79541400	0.02008217	48.34594700	1.44946680	28.78167500	8.96319409	0.70099847
13.64471000	44.34643600	0.02254973	42.95397600	1.39245960	28.78214400	8.96562489	0.70080841
13.64842700	40.10848600	0.02493238	39.00890000	1.09958570	28.78262800	8.96805569	0.70061845
13.65214400	36.99689100	0.02702930	36.27336400	0.72352675	28.78312700	8.97048648	0.70042860
13.65586000	34.77220500	0.02875860	34.43193900	0.34026623	28.78364300	8.97291660	0.70023891
13.65957700	33.31541800	0.03001613	33.21614900	0.09926876	28.78417500	8.97534737	0.70004926
13.66329400	32.44480900	0.03082157	32.41899100	0.02581799	28.78472200	8.97777813	0.69985972
13.66701000	31.89820900	0.03134972	31.88994900	0.00825943	28.78528600	8.98020822	0.69967034
13.67072700	31.48446300	0.03176170	31.52392900	-0.03946618	28.78586500	8.98263896	0.69948100
13.67444400	31.17637800	0.03207557	31.25901000	-0.08263221	28.78646100	8.98506969	0.69929177
13.67816100	30.97572900	0.03228334	31.05869000	-0.08296145	28.78707300	8.98750042	0.69910264
13.68187700	30.87988700	0.03238354	30.90079700	-0.02090992	28.78770200	8.98993047	0.69891367
13.68559400	30.83642000	0.03242919	30.77307000	0.06334958	28.78834700	8.99236118	0.69872475
13.68931100	30.76071000	0.03250900	30.66864400	0.09206612	28.78900800	8.99479187	0.69853593
13.69302800	30.68392900	0.03259035	30.58349100	0.10043853	28.78968500	8.99722255	0.69834721
13.69674400	30.65656900	0.03261944	30.51455700	0.14201132	28.79038000	8.99965257	0.69815865
13.70046100	30.67868000	0.03259593	30.46002900	0.21865098	28.79109100	9.00208324	0.69797014
13.70417800	30.71020100	0.03256247	30.41880100	0.29140040	28.79181800	9.00451389	0.69778173
13.70789500	30.68469600	0.03258954	30.38992600	0.29476981	28.79256300	9.00694454	0.69759343
13.71161100	30.61428100	0.03266449	30.37279400	0.24148622	28.79332400	9.00937452	0.69740527
13.71532800	30.56538800	0.03271674	30.36721200	0.19817559	28.79410200	9.01180514	0.69721717
13.71904500	30.53822300	0.03274585	30.26834500	0.26987875	28.79489800	9.01423576	0.69702917
13.72276200	30.53279500	0.03275167	30.28911300	0.24368172	28.79571000	9.01666637	0.69684128
13.72647800	30.54606800	0.03273744	30.32258800	0.22347998	28.79653900	9.01909631	0.69665353
13.73019500	30.55691100	0.03272582	30.37024300	0.18666888	28.79738600	9.02152690	0.69646584
13.73391200	30.55028700	0.03273292	30.43420100	0.11608669	28.79824900	9.02395748	0.69627825
13.73762900	30.55643100	0.03272634	30.51781500	0.03861549	28.79913000	9.02638805	0.69609076
13.74134500	30.63329300	0.03264422	30.62696800	0.00632504	28.80002900	9.02881796	0.69590342
13.74506200	30.76656500	0.03250282	30.77275400	-0.00618828	28.80094500	9.03124851	0.69571614
13.74877900	30.90327800	0.03235903	30.97250600	-0.06922767	28.80187800	9.03367905	0.69552895
13.75249600	31.09424800	0.03216029	31.25598800	-0.16174021	28.80282900	9.03610958	0.69534187
13.75621200	31.41634000	0.03183057	31.67294900	-0.25660903	28.80379800	9.03853945	0.69515494
13.75992900	31.96744300	0.03128183	32.29887700	-0.33143304	28.80478400	9.04096996	0.69496805
13.76364600	32.80252100	0.03048546	33.23663400	-0.43411336	28.80578900	9.04340046	0.69478128
13.76736300	34.02378500	0.02939120	34.62109400	-0.59730959	28.80681100	9.04583096	0.69459460
13.77107900	35.79437600	0.02793735	36.62579400	-0.83141756	28.80785100	9.04826079	0.69440807
13.77479600	38.46184500	0.02599979	39.40183200	-0.93998710	28.80890900	9.05069126	0.69422159
13.77851300	42.25089600	0.02366814	43.07441400	-0.82351758	28.80998500	9.05312173	0.69403522
13.78222900	47.27829000	0.02115136	47.69936900	-0.42107939	28.81107900	9.05555153	0.69384899
13.78594600	53.40412900	0.01872514	53.19392000	0.21020938	28.81219100	9.05798197	0.69366282
13.78966300	60.15152700	0.01662468	59.29202200	0.85950515	28.81332200	9.06041241	0.69347675
13.79338000	66.80568700	0.01496879	65.54223800	1.26344930	28.81447100	9.06284284	0.69329077
13.79709600	72.38546000	0.01381493	71.25782300	1.12763730	28.81563900	9.06527260	0.69310495
13.80081300	76.12001000	0.01313715	75.59093300	0.52907744	28.81682500	9.06770301	0.69291918
13.80453000	77.55591600	0.01289392	77.71142200	-0.15550588	28.81802900	9.07013341	0.69273351
13.80824700	76.35692600	0.01309639	77.10762100	-0.75069492	28.81925200	9.07256380	0.69254793
13.81196300	72.99099000	0.01370032	73.91514500	-0.92415531	28.82049400	9.07499352	0.69236251
13.81568000	68.04868300	0.01469536	68.85935800	-0.81067494	28.82175500	9.07742389	0.69217714
13.81939700	62.24733700	0.01606494	62.80827500	-0.56093776	28.82303400	9.07985425	0.69199187
13.82311400	56.28281800	0.01776741	56.54611700	-0.26329925	28.82433200	9.08228460	0.69180670
13.82683000	50.78754000	0.01968987	50.66219800	0.12534198	28.82565000	9.08471429	0.69162167
13.83054700	46.02597400	0.02172686	45.51748600	0.50848796	28.82698600	9.08714462	0.69143670
13.83426400	42.00794200	0.02380502	41.29370800	0.71423374	28.82834200	9.08957494	0.69125183
13.83798100	38.78084900	0.02578592	38.01882100	0.76202858	28.82971600	9.09200525	0.69106706
13.84169700	36.18631000	0.02763476	35.59116900	0.59514057	28.83111000	9.09443490	0.69088243
13.84541400	34.22465100	0.02921871	33.86505600	0.35959510	28.83252300	9.09686520	0.69069786
13.84913100	32.84701900	0.03044416	32.68403300	0.16298637	28.83395600	9.09929548	0.69051338
13.85284800	31.94753100	0.03130132	31.88779000	0.05974067	28.83540800	9.10172575	0.69032901
13.85656400	31.35412600	0.03189373	31.35253400	0.00159216	28.83688000	9.10415536	0.69014478
13.86028100	30.96692500	0.03229252	30.98856400	-0.02163955	28.83837100	9.10658562	0.68996060
13.86399800	30.67151100	0.03260355	30.73371800	-0.06220717	28.83988200	9.10901586	0.68977652
13.86771500	30.47862600	0.03280988	30.54654900	-0.06792281	28.84141300	9.11144610	0.68959255
13.87143100	30.41900300	0.03287419	30.40318800	0.01581447	28.84296400	9.11387567	0.68940871
13.87514800	30.44510100	0.03284601	30.28976800	0.15533283	28.84453400	9.11630589	0.68922493
13.87886500	30.44506600	0.03284604	30.19760800	0.24745874	28.84612500	9.11873609	0.68904125
13.88258100	30.38884500	0.03290681	30.12175100	0.26709467	28.84773500	9.12116564	0.68885771
13.88629800	30.29094500	0.03301317	30.05925600	0.23168869	28.84936600	9.12359583	0.68867423
13.89001500	30.17451900	0.03314055	30.00826700	0.16625207	28.85101700	9.12602600	0.68849084
13.89373200	30.13452700	0.03318453	29.96724500	0.16728231	28.85268800	9.12845617	0.68830755
13.89744800	30.17264000	0.03314261	29.93525800	0.23738152	28.85437900	9.13088568	0.68812441
13.90116500	30.21478100	0.03309638	29.99114000	0.22364119	28.85609100	9.13331583	0.68794132
13.90488200	30.22606100	0.03308403	29.97776100	0.24829951	28.85782300	9.13574597	0.68775832
13.90859900	30.18282500	0.03313142	29.97222300	0.21060232	28.85957600	9.13817610	0.68757542
13.91231500	30.13435200	0.03318472	29.97455500	0.15979624	28.86135000	9.14060556	0.68739267
13.91603200	30.14926700	0.03316830	29.98511800	0.16414910	28.86314400	9.14303567	0.68720997
13.91974900	30.18755500	0.03312623	30.00429400	0.18326154	28.86495900	9.14546578	0.68702737
13.92346600	30.20041100	0.03311213	30.03299600	0.16741533	28.86679500	9.14789587	0.68684487
13.92718200	30.19853800	0.03311419	29.98916200	0.20937602	28.86865200	9.15032530	0.68666251
13.93089900	30.20624500	0.03310574	30.04494400	0.16130166	28.87053000	9.15275537	0.68648020
13.93461600	30.23268900	0.03307678	30.11909800	0.11359137	28.87242800	9.15518543	0.68629798
13.93833300	30.25867700	0.03304837	30.21955500	0.03912122	28.87434800	9.15761548	0.68611587
13.94204900	30.31012500	0.03299228	30.36066400	-0.05053844	28.87629000	9.16004487	0.68593390
13.94576600	30.42520900	0.03286748	30.56391700	-0.13870829	28.87825200	9.16247491	0.68575198
13.94948300	30.63949600	0.03263761	30.86300100	-0.22350498	28.88023600	9.16490493	0.68557016
13.95320000	31.02537500	0.03223168	31.30883900	-0.28346391	28.88224200	9.16733495	0.68538843
13.95691600	31.64111300	0.03160445	31.96867700	-0.32756415	28.88426800	9.16976430	0.68520685
13.96063300	32.51465200	0.03075536	32.92118800	-0.40653614	28.88631700	9.17219429	0.68502532
13.96435000	33.75577500	0.02962456	34.25261300	-0.49683710	28.88838700	9.17462428	0.68484388
13.96806700	35.56518200	0.02811739	36.05072300	-0.48554176	28.89047900	9.17705425	0.68466254
13.97178300	37.97126800	0.02633570	38.35326500	-0.38199769	28.89259300	9.17948357	0.68448135
13.97550000	41.05154000	0.02435962	41.15039000	-0.09884945	28.89472800	9.18191352	0.68430021
13.97921700	44.59870900	0.02242217	44.35662900	0.24208016	28.89688600	9.18434347	0.68411916
13.98293400	48.29439900	0.02070633	47.77785200	0.51654748	28.89906500	9.18677341	0.68393820
13.98665000	51.73285700	0.01933007	51.10837100	0.62448544	28.90126700	9.18920268	0.68375740
13.99036700	54.40562400	0.01838045	53.93925300	0.46637116	28.90349100	9.19163260	0.68357664
13.99408400	55.91305200	0.01788491	55.77210400	0.14094771	28.90573700	9.19406251	0.68339597
13.99780000	55.98189900	0.01786292	56.23249800	-0.25059871	28.90800600	9.19649175	0.68321546
14.00151700	54.77727900	0.01825574	55.21493500	-0.43765600	28.91029700	9.19892164	0.68303499
14.00523400	52.43473400	0.01907133	52.94371000	-0.50897524	28.91261000	9.20135152	0.68285461
14.00895100	49.39326100	0.02024568	49.87117400	-0.47791333	28.91494600	9.20378139	0.68267433
14.01266700	46.15498000	0.02166613	46.46915300	-0.31417373	28.91730500	9.20621060	0.68249420
14.01638400	43.10788300	0.02319761	43.10687200	0.00101133	28.91968700	9.20864045	0.68231411
14.02010100	40.36942300	0.02477122	40.05079400	0.31862847	28.92209100	9.21107029	0.68213412
14.02381800	37.89251300	0.02639044	37.44691400	0.44559917	28.92451800	9.21350012	0.68195422
14.02753400	35.78130700	0.02794755	35.34959000	0.43171696	28.92696800	9.21592929	0.68177447
14.03125100	34.14853300	0.02928384	33.74771700	0.40081560	28.92944100	9.21835910	0.68159477
14.03496800	32.94369500	0.03035482	32.58081100	0.36288443	28.93193700	9.22078890	0.68141516
14.03868500	32.00203300	0.03124802	31.75940300	0.24262977	28.93445700	9.22321869	0.68123564
14.04240100	31.28106900	0.03196822	31.19848100	0.08258794	28.93700000	9.22564782	0.68105627
14.04611800	30.78964400	0.03247845	30.82497700	-0.03533276	28.93956600	9.22807759	0.68087695
14.04983500	30.50658000	0.03277981	30.57587200	-0.06929144	28.94215500	9.23050736	0.68069772
14.05355200	30.33337000	0.03296699	30.40814700	-0.07477704	28.94476800	9.23293711	0.68051859
14.05726800	30.23675900	0.03307233	30.29331300	-0.05655399	28.94740500	9.23536620	0.68033960
14.06098500	30.17730000	0.03313749	30.21302300	-0.03572340	28.95006500	9.23779593	0.68016065
14.06470200	30.13892400	0.03317969	30.15576600	-0.01684193	28.95274900	9.24022566	0.67998180
14.06841900	30.15947700	0.03315707	30.11518700	0.04428974	28.95545700	9.24265537	0.67980305
14.07213500	30.19576100	0.03311723	30.08777700	0.10798403	28.95818800	9.24508442	0.67962444
14.07585200	30.17639200	0.03313849	30.07124400	0.10514768	28.96094400	9.24751412	0.67944587
14.07956900	30.11850200	0.03320218	30.06435100	0.05415092	28.96372400	9.24994380	0.67926740
14.08328600	30.06443800	0.03326189	30.06649000	-0.00205164	28.96652700	9.25237348	0.67908903
14.08700200	30.07186900	0.03325367	30.07745200	-0.00558275	28.96935500	9.25480249	0.67891079
14.09071900	30.13114700	0.03318825	30.09709100	0.03405681	28.97220800	9.25723214	0.67873261
14.09443600	30.16744000	0.03314832	30.12563900	0.04180173	28.97508400	9.25966179	0.67855451
14.09815200	30.16758500	0.03314816	30.16372500	0.00386023	28.97798500	9.26209077	0.67837656
14.10186900	30.15024600	0.03316723	30.21206700	-0.06182112	28.98091100	9.26452040	0.67819866
14.10558600	30.15326100	0.03316391	30.27178800	-0.11852731	28.98386100	9.26695002	0.67802085
14.10930300	30.20883800	0.03310290	30.34473200	-0.13589471	28.98683600	9.26937963	0.67784313
14.11301900	30.28370700	0.03302106	30.43403700	-0.15033025	28.98983600	9.27180857	0.67766556
14.11673600	30.34423800	0.03295518	30.54437200	-0.20013416	28.99286000	9.27423816	0.67748803
14.12045300	30.42821700	0.03286423	30.68428400	-0.25606717	28.99591000	9.27666773	0.67731059
14.12417000	30.60636700	0.03267294	30.86988000	-0.26351310	28.99898400	9.27909730	0.67713325
14.12788600	30.91573900	0.03234598	31.12888100	-0.21314230	29.00208400	9.28152621	0.67695605
14.13160300	31.31635500	0.03193220	31.50781800	-0.19146342	29.00520800	9.28395576	0.67677889
14.13532000	31.79805600	0.03144846	32.08324000	-0.28518406	29.00835800	9.28638530	0.67660183
14.13903700	32.53007100	0.03074079	32.97962300	-0.44955207	29.01153300	9.28881482	0.67642486
14.14275300	33.76899700	0.02961296	34.36167000	-0.59267235	29.01473400	9.29124369	0.67624804
14.14647000	35.62747200	0.02806823	36.44836000	-0.82088796	29.01796000	9.29367320	0.67607126
14.15018700	38.40385400	0.02603905	39.46490800	-1.06105330	29.02121200	9.29610270	0.67589457
14.15390400	42.43128200	0.02356752	43.77686800	-1.34558640	29.02448900	9.29853219	0.67571797
14.15762000	48.29785200	0.02070486	49.53907700	-1.24122580	29.02779200	9.30096102	0.67554152
14.16133700	56.01676900	0.01785180	56.84154400	-0.82477447	29.03112100	9.30339049	0.67536511
14.16505400	65.61452500	0.01524053	65.58901500	0.02551029	29.03447600	9.30581995	0.67518879
14.16877100	76.42005900	0.01308557	75.35695300	1.06310630	29.03785700	9.30824940	0.67501257
14.17248700	87.38490300	0.01144362	85.45577900	1.92912410	29.04126300	9.31067819	0.67483648
14.17620400	97.16391000	0.01029189	94.89136000	2.27254980	29.04469600	9.31310762	0.67466044
14.17992100	104.03926000	0.00961176	102.43594000	1.60331680	29.04815500	9.31553704	0.67448450
14.18363800	107.43956000	0.00930756	106.89280000	0.54675838	29.05164100	9.31796645	0.67430864
14.18735400	106.75152000	0.00936755	107.41270000	-0.66117840	29.05515300	9.32039520	0.67413293
14.19107100	102.34808000	0.00977058	103.80731000	-1.45922770	29.05869100	9.32282459	0.67395726
14.19478800	94.98084300	0.01052844	96.87516300	-1.89432000	29.06225600	9.32525397	0.67378168
14.19850500	85.93576800	0.01163660	87.77634200	-1.84057370	29.06584700	9.32768335	0.67360620
14.20222100	76.39237200	0.01309031	77.73185500	-1.33948260	29.06946500	9.33011206	0.67343085
14.20593800	67.34257500	0.01484945	67.81313400	-0.47055843	29.07311000	9.33254141	0.67325555
14.20965500	59.26047100	0.01687465	58.78497300	0.47549843	29.07678200	9.33497075	0.67308034
14.21337100	52.35138300	0.01910169	51.10568600	1.24569750	29.08048100	9.33739943	0.67290527
14.21708800	46.59686700	0.02146067	44.98718300	1.60968320	29.08420600	9.33982875	0.67273025
14.22080500	41.92122300	0.02385427	40.35424400	1.56697830	29.08795900	9.34225807	0.67255531
14.22452200	38.23266200	0.02615565	37.01383000	1.21883260	29.09174000	9.34468737	0.67238047
14.22823800	35.49366400	0.02817404	34.71469900	0.77896453	29.09554700	9.34711601	0.67220577
14.23195500	33.66593200	0.02970362	33.18767800	0.47825398	29.09938200	9.34954530	0.67203111
14.23567200	32.50143400	0.03076787	32.19088700	0.31054721	29.10324400	9.35197457	0.67185654
14.23938900	31.72899600	0.03151691	31.54475100	0.18424536	29.10713400	9.35440383	0.67168207
14.24310500	31.18567300	0.03206601	31.12252600	0.06314634	29.11105100	9.35683244	0.67150773
14.24682200	30.76844800	0.03250083	30.83400000	-0.06555177	29.11499600	9.35926168	0.67133344
14.25053900	30.48592400	0.03280202	30.62626400	-0.14034032	29.11896900	9.36169092	0.67115923
14.25425600	30.34289000	0.03295665	30.46828400	-0.12539462	29.12297000	9.36412014	0.67098512
14.25797200	30.30756200	0.03299507	30.34198400	-0.03442234	29.12699900	9.36654870	0.67081115
14.26168900	30.26115400	0.03304567	30.23688000	0.02427427	29.13105500	9.36897791	0.67063722
14.26540600	30.13445300	0.03318461	30.14727300	-0.01281998	29.13514000	9.37140710	0.67046338
14.26912300	30.01630200	0.03331523	30.06986300	-0.05356073	29.13925400	9.37383629	0.67028964
14.27283900	29.95841400	0.03337960	30.00219700	-0.04378270	29.14339500	9.37626481	0.67011603
14.27655600	29.94013600	0.03339998	29.94265200	-0.00251580	29.14756500	9.37869398	0.66994246
14.28027300	29.94357500	0.03339615	29.89005600	0.05351911	29.15176300	9.38112313	0.66976898
14.28399000	29.90786700	0.03343602	29.84347100	0.06439644	29.15599000	9.38355228	0.66959560
14.28770600	29.86595000	0.03348295	29.80201300	0.06393631	29.16024500	9.38598076	0.66942235
14.29142300	29.82627300	0.03352749	29.76502700	0.06124585	29.16453000	9.38840989	0.66924915
14.29514000	29.77309000	0.03358738	29.73201200	0.04107813	29.16884300	9.39083900	0.66907603
14.29885700	29.78112000	0.03357832	29.70244500	0.07867497	29.17318500	9.39326811	0.66890301
14.30257300	29.78054600	0.03357897	29.67590900	0.10463689	29.17755500	9.39569655	0.66873012
14.30629000	29.71921500	0.03364826	29.65207300	0.06714220	29.18195500	9.39812564	0.66855728
14.31000700	29.70936000	0.03365943	29.63066100	0.07869956	29.18638500	9.40055472	0.66838453
14.31372300	29.73023600	0.03363579	29.61137600	0.11886022	29.19084300	9.40298313	0.66821191
14.31744000	29.71488800	0.03365316	29.59399900	0.12088907	29.19533100	9.40541219	0.66803934
14.32115700	29.69914200	0.03367101	29.57835800	0.12078449	29.19984800	9.40784124	0.66786685
14.32487400	29.73168400	0.03363415	29.56426700	0.16741640	29.20439400	9.41027027	0.66769446
14.32859000	29.79240000	0.03356561	29.58179700	0.21060328	29.20897100	9.41269865	0.66752220
14.33230700	29.78540000	0.03357350	29.57136800	0.21403266	29.21357600	9.41512767	0.66734999
14.33602400	29.69415300	0.03367666	29.56215400	0.13199861	29.21821200	9.41755667	0.66717786
14.33974100	29.60933100	0.03377314	29.55403700	0.05529399	29.22287800	9.41998567	0.66700582
14.34345700	29.59812700	0.03378592	29.54693000	0.05119697	29.22757300	9.42241401	0.66683392
14.34717400	29.62703500	0.03375296	29.54076900	0.08626621	29.23229800	9.42484298	0.66666207
14.35089100	29.61088900	0.03377136	29.53547800	0.07541100	29.23705400	9.42727195	0.66649030
14.35460800	29.57536500	0.03381192	29.50452200	0.07084351	29.24184000	9.42970091	0.66631862
14.35832400	29.55591200	0.03383418	29.50133200	0.05458037	29.24665600	9.43212920	0.66614708
14.36204100	29.51418300	0.03388202	29.49884400	0.01533910	29.25150200	9.43455814	0.66597558
14.36575800	29.46996700	0.03393285	29.49700600	-0.02703925	29.25637900	9.43698707	0.66580417
14.36947500	29.49730900	0.03390140	29.49578400	0.00152483	29.26128600	9.43941599	0.66563284
14.37319100	29.56525800	0.03382348	29.49515400	0.07010427	29.26622500	9.44184424	0.66546166
14.37690800	29.60492900	0.03377816	29.49508800	0.10984135	29.27119300	9.44427314	0.66529051
14.38062500	29.61190400	0.03377020	29.49555900	0.11634485	29.27619300	9.44670203	0.66511946
14.38434200	29.56256500	0.03382656	29.49655200	0.06601327	29.28122300	9.44913091	0.66494849
14.38805800	29.49224100	0.03390722	29.49805900	-0.00581792	29.28628500	9.45155913	0.66477765
14.39177500	29.48102800	0.03392012	29.50006100	-0.01903333	29.29137800	9.45398798	0.66460686
14.39549200	29.52841400	0.03386569	29.50255100	0.02586309	29.29650100	9.45641683	0.66443616
14.39920900	29.56969300	0.03381841	29.50552900	0.06416356	29.30165600	9.45884567	0.66426555
14.40292500	29.56745500	0.03382097	29.50899500	0.05845999	29.30684300	9.46127385	0.66409507
14.40664200	29.56978000	0.03381831	29.51294800	0.05683215	29.31206000	9.46370267	0.66392463
14.41035900	29.58144000	0.03380498	29.51739500	0.06404533	29.31731000	9.46613148	0.66375428
14.41407600	29.54830900	0.03384288	29.52235500	0.02595395	29.32259100	9.46856027	0.66358402
14.41779200	29.53602400	0.03385696	29.52783600	0.00818770	29.32790300	9.47098841	0.66341389
14.42150900	29.57030300	0.03381771	29.53385700	0.03644551	29.33324800	9.47341719	0.66324381
14.42522600	29.54915600	0.03384191	29.54044900	0.00870729	29.33862400	9.47584596	0.66307381
14.42894200	29.50140400	0.03389669	29.54764400	-0.04623979	29.34403300	9.47827406	0.66290395
14.43265900	29.50321000	0.03389462	29.55547300	-0.05226323	29.34947300	9.48070281	0.66273413
14.43637600	29.53142200	0.03386224	29.56398300	-0.03256150	29.35494500	9.48313155	0.66256439
14.44009300	29.58063300	0.03380590	29.57324200	0.00739139	29.36045000	9.48556028	0.66239475
14.44380900	29.62981600	0.03374979	29.58330300	0.04651345	29.36598700	9.48798835	0.66222523
14.44752600	29.61091400	0.03377133	29.59424100	0.01667297	29.37155700	9.49041706	0.66205576
14.45124300	29.55447000	0.03383583	29.60615700	-0.05168701	29.37715900	9.49284576	0.66188638
14.45496000	29.53909900	0.03385344	29.61916600	-0.08006760	29.38279400	9.49527445	0.66171708
14.45867600	29.58354200	0.03380258	29.63338700	-0.04984524	29.38846100	9.49770247	0.66154792
14.46239300	29.64993700	0.03372688	29.64897500	0.00096149	29.39416100	9.50013114	0.66137880
14.46611000	29.68108200	0.03369149	29.66615200	0.01493018	29.39989400	9.50255980	0.66120976
14.46982700	29.65085000	0.03372585	29.68513800	-0.03428739	29.40566100	9.50498845	0.66104081
14.47354300	29.60137900	0.03378221	29.62842400	-0.02704412	29.41146000	9.50741644	0.66087200
14.47726000	29.60992400	0.03377246	29.65407600	-0.04415188	29.41729200	9.50984507	0.66070323
14.48097700	29.66029700	0.03371510	29.68297100	-0.02267394	29.42315700	9.51227369	0.66053454
14.48469400	29.65706300	0.03371878	29.71627000	-0.05920759	29.42905600	9.51470229	0.66036594
14.48841000	29.61336100	0.03376854	29.75611700	-0.14275525	29.43498900	9.51713024	0.66019747
14.49212700	29.69541900	0.03367523	29.80674200	-0.11132258	29.44095500	9.51955883	0.66002904
14.49584400	29.85635400	0.03349371	29.87559100	-0.01923716	29.44695400	9.52198741	0.65986070
14.49956100	29.94602600	0.03339341	29.97583400	-0.02980845	29.45298700	9.52441598	0.65969245
14.50327700	30.07215500	0.03325335	30.13022900	-0.05807370	29.45905400	9.52684388	0.65952433
14.50699400	30.36898800	0.03292833	30.37653200	-0.00754359	29.46515500	9.52927243	0.65935625
14.51071100	30.77590800	0.03249295	30.76818300	0.00772467	29.47129000	9.53170097	0.65918825
14.51442800	31.30294200	0.03194588	31.48014300	-0.17720070	29.47745900	9.53412950	0.65902034
14.51814400	32.11747000	0.03113570	32.41534800	-0.29787828	29.48366200	9.53655737	0.65885257
14.52186100	33.43379600	0.02990985	33.77616100	-0.34236471	29.48990000	9.53898588	0.65868483
14.52557800	35.23917800	0.02837751	35.66044100	-0.42126294	29.49617100	9.54141438	0.65851718
14.52929400	37.73962400	0.02649735	38.13910600	-0.39948178	29.50247800	9.54384221	0.65834966
14.53301100	40.92868000	0.02443274	41.22357600	-0.29489540	29.50881800	9.54627069	0.65818219
14.53672800	44.78203600	0.02233038	44.81318400	-0.03114792	29.51519400	9.54869916	0.65801479
14.54044500	49.06227100	0.02038226	48.70696000	0.35531088	29.52160400	9.55112762	0.65784749
14.54416100	53.14530200	0.01881634	52.58763000	0.55767216	29.52804900	9.55355541	0.65768031
14.54787800	56.61768700	0.01766232	56.04112100	0.57656580	29.53452900	9.55598385	0.65751318
14.55159500	58.98165900	0.01695442	58.62606100	0.35559759	29.54104400	9.55841228	0.65734613
14.55531200	59.99875300	0.01666701	59.94404000	0.05471278	29.54759400	9.56084070	0.65717916
14.55902800	59.45743600	0.01681875	59.74399900	-0.28656315	29.55417900	9.56326846	0.65701233
14.56274500	57.46148300	0.01740296	58.09012000	-0.62863659	29.56080000	9.56569686	0.65684554
14.56646200	54.50163700	0.01834807	55.26307800	-0.76144121	29.56745600	9.56812524	0.65667883
14.57017900	51.01047900	0.01960382	51.67461800	-0.66413900	29.57414800	9.57055362	0.65651221
14.57389500	47.39341000	0.02109998	47.77977100	-0.38636102	29.58087500	9.57298134	0.65634572
14.57761200	43.92076100	0.02276828	43.96575200	-0.04499110	29.58763800	9.57540970	0.65617927
14.58132900	40.83103600	0.02449117	40.51897500	0.31206026	29.59443600	9.57783804	0.65601290
14.58504600	38.26250800	0.02613524	37.62346700	0.63904096	29.60127100	9.58026638	0.65584662
14.58876200	36.10442400	0.02769744	35.33184500	0.77257833	29.60814100	9.58269406	0.65568047
14.59247900	34.36376200	0.02910042	33.61975100	0.74401107	29.61504800	9.58512238	0.65551435
14.59619600	32.98646900	0.03031546	32.41326700	0.57320215	29.62199000	9.58755068	0.65534833
14.59991300	31.98387500	0.03126575	31.60447500	0.37940044	29.62896900	9.58997898	0.65518239
14.60362900	31.30040000	0.03194847	31.08533400	0.21506594	29.63598500	9.59240662	0.65501657
14.60734600	30.85385900	0.03241086	30.76659200	0.08726647	29.64303600	9.59483489	0.65485080
14.61106300	30.58281900	0.03269810	30.58022100	0.00259776	29.65012500	9.59726316	0.65468511
14.61478000	30.42336700	0.03286947	30.47411900	-0.05075256	29.65725000	9.59969142	0.65451951
14.61849600	30.32462700	0.03297650	30.41665400	-0.09202748	29.66441100	9.60211901	0.65435403
14.62221300	30.27242700	0.03303336	30.38851700	-0.11609002	29.67161000	9.60454725	0.65418860
14.62593000	30.24618000	0.03306203	30.37823000	-0.13205059	29.67884500	9.60697548	0.65402325
14.62964700	30.29457900	0.03300921	30.37956200	-0.08498356	29.68611800	9.60940369	0.65385798
14.63336300	30.32745200	0.03297343	30.38943000	-0.06197826	29.69342700	9.61183125	0.65369284
14.63708000	30.26770400	0.03303851	30.40647700	-0.13877347	29.70077400	9.61425944	0.65352775
14.64079700	30.22085400	0.03308973	30.42997200	-0.20911856	29.70815900	9.61668763	0.65336273
14.64451300	30.21587000	0.03309519	30.45982300	-0.24395280	29.71558000	9.61911515	0.65319785
14.64823000	30.21387300	0.03309738	30.49632200	-0.28244946	29.72303900	9.62154332	0.65303300
14.65194700	30.26327500	0.03304335	30.54002300	-0.27674739	29.73053600	9.62397148	0.65286824
14.65566400	30.38974800	0.03290583	30.59172600	-0.20197871	29.73807100	9.62639962	0.65270356
14.65938000	30.52656700	0.03275835	30.65287100	-0.12630320	29.74564300	9.62882711	0.65253901
14.66309700	30.55266400	0.03273037	30.72621800	-0.17355442	29.75325300	9.63125523	0.65237450
14.66681400	30.52497300	0.03276006	30.81622000	-0.29124742	29.76090200	9.63368335	0.65221007
14.67053100	30.59958100	0.03268019	30.93134600	-0.33176498	29.76858800	9.63611145	0.65204573
14.67424700	30.80007200	0.03246746	31.08775300	-0.28768095	29.77631200	9.63853890	0.65188151
14.67796400	31.10475900	0.03214942	31.31533200	-0.21057261	29.78407500	9.64096698	0.65171733
14.68168100	31.51682500	0.03172908	31.66408000	-0.14725525	29.79187700	9.64339506	0.65155324
14.68539800	32.03094500	0.03121981	32.21690200	-0.18595765	29.79971600	9.64582312	0.65138923
14.68911400	32.84789300	0.03044335	33.11149600	-0.26360293	29.80759500	9.64825052	0.65122535
14.69283100	34.08676500	0.02933690	34.53673100	-0.44996528	29.81551200	9.65067857	0.65106150
14.69654800	35.98380300	0.02779028	36.74575800	-0.76195536	29.82346800	9.65310660	0.65089774
14.70026500	38.78168900	0.02578537	40.05760800	-1.27591920	29.83146300	9.65553463	0.65073407
14.70398100	43.20317500	0.02314645	44.82718100	-1.62400650	29.83949700	9.65796199	0.65057052
14.70769800	49.37643100	0.02025258	51.33808600	-1.96165510	29.84757000	9.66038999	0.65040700
14.71141500	58.08186700	0.01721708	59.77059600	-1.68872850	29.85568200	9.66281799	0.65024357
14.71513200	69.21331800	0.01444809	70.11907200	-0.90575365	29.86383300	9.66524597	0.65008023
14.71884800	82.47035200	0.01212557	82.01029600	0.46005599	29.87202400	9.66767329	0.64991701
14.72256500	96.80838800	0.01032968	94.74113400	2.06725390	29.88025400	9.67010126	0.64975383
14.72628200	110.38455000	0.00905924	107.27538000	3.10916840	29.88852400	9.67252921	0.64959073
14.72999900	121.72123000	0.00821549	118.27441000	3.44681790	29.89683400	9.67495715	0.64942771
14.73371500	128.90466000	0.00775767	126.36170000	2.54296380	29.90518400	9.67738443	0.64926482
14.73743200	131.43913000	0.00760808	130.34452000	1.09461370	29.91357300	9.67981236	0.64910197
14.74114900	128.78786000	0.00776471	129.48610000	-0.69824348	29.92200200	9.68224027	0.64893921
14.74486500	121.66887000	0.00821903	123.98173000	-2.31286490	29.93047200	9.68466752	0.64877656
14.74858200	111.57732000	0.00896240	114.74438000	-3.16706500	29.93898200	9.68709541	0.64861396
14.75229900	99.87501500	0.01001251	103.06341000	-3.18839650	29.94753200	9.68952329	0.64845144
14.75601600	87.95967900	0.01136885	90.33460200	-2.37492370	29.95612200	9.69195116	0.64828900
14.75973200	76.83345800	0.01301516	77.80770400	-0.97424592	29.96475300	9.69437837	0.64812668
14.76344900	66.97625700	0.01493066	66.40084700	0.57541059	29.97342500	9.69680622	0.64796441
14.76716600	58.58083000	0.01707043	56.71498900	1.86584030	29.98213700	9.69923407	0.64780221
14.77088300	51.46177300	0.01943190	48.97137100	2.49040210	29.99089000	9.70166190	0.64764010
14.77459900	45.56597100	0.02194620	43.10582800	2.46014360	29.99968400	9.70408906	0.64747812
14.77831600	40.96688100	0.02440996	38.89065700	2.07622330	30.00851900	9.70651688	0.64731617
14.78203300	37.53813600	0.02663958	36.01707400	1.52106120	30.01739600	9.70894468	0.64715430
14.78575000	35.08297000	0.02850386	34.09431500	0.98865435	30.02631300	9.71137247	0.64699252
14.78946600	33.54799300	0.02980804	32.89080800	0.65718449	30.03527200	9.71379959	0.64683086
14.79318300	32.53702900	0.03073421	32.14675000	0.39027947	30.04427200	9.71622736	0.64666923
14.79690000	31.82511300	0.03142173	31.68788600	0.13722732	30.05331400	9.71865512	0.64650769
14.80061700	31.33104300	0.03191723	31.39941200	-0.06836910	30.06239700	9.72108287	0.64634623
14.80433300	31.01004200	0.03224762	31.21106200	-0.20101949	30.07152300	9.72350996	0.64618490
14.80805000	30.79114900	0.03247687	31.08119200	-0.29004307	30.08069000	9.72593769	0.64602360
14.81176700	30.66779500	0.03260750	30.98484000	-0.31704454	30.08989900	9.72836541	0.64586239
14.81548400	30.67749400	0.03259719	30.90923100	-0.23173710	30.09915000	9.73079311	0.64570125
14.81920000	30.71850800	0.03255367	30.84750000	-0.12899192	30.10844300	9.73322016	0.64554024
14.82291700	30.58305000	0.03269785	30.79569100	-0.21264108	30.11777800	9.73564785	0.64537927
14.82663400	30.34789700	0.03295121	30.75148800	-0.40359156	30.12715600	9.73807552	0.64521838
14.83035100	30.26027500	0.03304663	30.74959700	-0.48932200	30.13657700	9.74050319	0.64505757
14.83406700	30.30461700	0.03299827	30.72012000	-0.41550259	30.14604000	9.74293020	0.64489688
14.83778400	30.30355600	0.03299943	30.69573100	-0.39217502	30.15554500	9.74535784	0.64473623
14.84150100	30.27838900	0.03302686	30.67629200	-0.39790261	30.16509400	9.74778548	0.64457566
14.84521800	30.27525300	0.03303028	30.66233900	-0.38708606	30.17468500	9.75021311	0.64441518
14.84893400	30.31279200	0.03298937	30.65559300	-0.34280161	30.18431900	9.75264007	0.64425481
14.85265100	30.39244100	0.03290292	30.65992500	-0.26748389	30.19399700	9.75506768	0.64409449
14.85636800	30.48010300	0.03280829	30.68325100	-0.20314830	30.20371700	9.75749527	0.64393424
14.86008400	30.55842400	0.03272420	30.74146800	-0.18304378	30.21348100	9.75992220	0.64377412
14.86380100	30.67884300	0.03259575	30.86072100	-0.18187884	30.22328800	9.76234978	0.64361403
14.86751800	30.88945400	0.03237351	31.08366400	-0.19420993	30.23313900	9.76477734	0.64345403
14.87123500	31.22912800	0.03202139	31.47670000	-0.24757254	30.24303400	9.76720490	0.64329410
14.87495100	31.82236700	0.03142444	32.13347200	-0.31110553	30.25297200	9.76963179	0.64313430
14.87866800	32.90060800	0.03039458	33.16687200	-0.26626370	30.26295400	9.77205932	0.64297454
14.88238500	34.39177300	0.02907672	34.70638400	-0.31461091	30.27298000	9.77448685	0.64281485
14.88610200	36.43125500	0.02744896	36.89033400	-0.45907901	30.28305000	9.77691436	0.64265525
14.88981800	39.17288600	0.02552786	39.79710800	-0.62422163	30.29316500	9.77934121	0.64249576
14.89353500	42.95650100	0.02327936	43.43539000	-0.47888859	30.30332300	9.78176870	0.64233632
14.89725200	47.60083000	0.02100804	47.70723700	-0.10640688	30.31352600	9.78419619	0.64217695
14.90096900	52.72960700	0.01896468	52.36915400	0.36045232	30.32377300	9.78662366	0.64201767
14.90468500	57.81061600	0.01729786	57.04057300	0.77004240	30.33406500	9.78905047	0.64185851
14.90840200	62.22370900	0.01607104	61.25863200	0.96507738	30.34440200	9.79147792	0.64169938
14.91211900	65.50088500	0.01526697	64.51220600	0.98867935	30.35478400	9.79390536	0.64154033
14.91583600	67.02524600	0.01491975	66.38645200	0.63879377	30.36521000	9.79633279	0.64138137
14.91955200	66.89587400	0.01494861	66.62871600	0.26715840	30.37568100	9.79875956	0.64122252
14.92326900	65.00339500	0.01538381	65.19404900	-0.19065437	30.38619800	9.80118697	0.64106371
14.92698600	61.71570600	0.01620333	62.27670000	-0.56099384	30.39676000	9.80361437	0.64090498
14.93070300	57.40927500	0.01741879	58.28632100	-0.87704569	30.40736700	9.80604176	0.64074633
14.93441900	52.84013400	0.01892501	53.69949100	-0.85935744	30.41801900	9.80846849	0.64058781
14.93813600	48.56242400	0.02059205	48.99996700	-0.43754358	30.42871800	9.81089586	0.64042931
14.94185300	44.78050600	0.02233115	44.60023600	0.18027031	30.43946100	9.81332322	0.64027090
14.94557000	41.52520800	0.02408176	40.77556300	0.74964489	30.45025100	9.81575056	0.64011257
14.94928600	38.70734800	0.02583489	37.66939300	1.03795510	30.46108600	9.81817725	0.63995436
14.95300300	36.35051300	0.02750993	35.30705900	1.04345480	30.47196800	9.82060458	0.63979618
14.95672000	34.42159700	0.02905153	33.60557700	0.81601975	30.48289500	9.82303190	0.63963808
14.96043600	32.89827300	0.03039673	32.44732000	0.45095312	30.49386900	9.82545855	0.63948011
14.96415300	31.79579200	0.03145070	31.60638400	0.18940805	30.50488900	9.82788585	0.63932217
14.96787000	31.13154600	0.03212176	31.15736100	-0.02581487	30.51595600	9.83031313	0.63916431
14.97158700	30.72622700	0.03254549	30.89830800	-0.17208071	30.52706900	9.83274041	0.63900653
14.97530300	30.40345400	0.03289100	30.75788800	-0.35443409	30.53822900	9.83516702	0.63884887
14.97902000	30.12520400	0.03319480	30.68741100	-0.56220683	30.54943500	9.83759428	0.63869124
14.98273700	29.96623800	0.03337089	30.65497200	-0.68873414	30.56068900	9.84002152	0.63853370
14.98645400	29.94263100	0.03339720	30.64282800	-0.70019711	30.57198900	9.84244876	0.63837623
14.99017000	29.92072900	0.03342165	30.64114100	-0.72041236	30.58333600	9.84487533	0.63821888
14.99388700	29.84132000	0.03351058	30.64458800	-0.80326807	30.59473100	9.84730254	0.63806157
14.99760400	29.80008700	0.03355695	30.65059900	-0.85051202	30.60617300	9.84972975	0.63790434
15.00132100	29.80000500	0.03355704	30.65797000	-0.85796525	30.61766200	9.85215694	0.63774718
