 1.000356 63.553524 0.015734769 64.491723 -0.93819915 64.491723
 1.0040727 63.509933 0.015745568 64.547741 -1.037808 64.547741
 1.0077895 63.5082 0.015745998 64.603562 -1.0953617 64.603562
 1.0115062 63.523371 0.015742238 64.659185 -1.1358141 64.659185
 1.015223 63.621737 0.015717898 64.714612 -1.0928749 64.714612
 1.0189397 63.663428 0.015707605 64.769842 -1.1064142 64.769842
 1.0226564 63.70918 0.015696325 64.824876 -1.1156962 64.824876
 1.0263732 63.751059 0.015686014 64.879715 -1.1286556 64.879715
 1.0300899 63.762853 0.015683113 64.934358 -1.1715049 64.934358
 1.0338067 63.736265 0.015689655 64.988806 -1.2525414 64.988806
 1.0375234 63.721683 0.015693245 65.04306 -1.3213761 65.04306
 1.0412401 63.746647 0.0156871 65.097119 -1.3504721 65.097119
 1.0449569 63.791231 0.015676136 65.150985 -1.3597541 65.150985
 1.0486736 63.785249 0.015677606 65.204657 -1.419408 65.204657
 1.0523904 63.77801 0.015679385 65.258136 -1.4801262 65.258136
 1.0561071 63.760146 0.015683778 65.311423 -1.5512771 65.311423
 1.0598239 63.824673 0.015667922 65.364517 -1.5398445 65.364517
 1.0635406 63.875238 0.015655519 65.41742 -1.5421819 65.41742
 1.0672573 63.890004 0.015651901 65.470131 -1.5801261 65.470131
 1.0709741 63.883498 0.015653495 65.52265 -1.6391525 65.52265
 1.0746908 63.910028 0.015646997 65.574979 -1.6649516 65.574979
 1.0784076 63.937658 0.015640235 65.627118 -1.6894606 65.627118
 1.0821243 63.979336 0.015630047 65.679067 -1.6997312 65.679067
 1.085841 64.012137 0.015622037 65.730826 -1.7186889 65.730826
 1.0895578 64.048589 0.015613146 65.782396 -1.7338068 65.782396
 1.0932745 64.04461 0.015614116 65.833777 -1.7891665 65.833777
 1.0969913 64.033857 0.015616739 65.884969 -1.8511125 65.884969
 1.100708 64.034246 0.015616644 65.935974 -1.9017278 65.935974
 1.1044248 64.039138 0.015615451 65.98679 -1.9476528 65.98679
 1.1081415 64.099018 0.015600863 66.03742 -1.9384014 66.03742
 1.1118582 64.128746 0.015593631 66.087862 -1.9591157 66.087862
 1.115575 64.134122 0.015592324 66.138117 -2.0039951 66.138117
 1.1192917 64.1031 0.01559987 66.188187 -2.0850868 66.188187
 1.1230085 64.188152 0.015579199 66.23807 -2.0499178 66.23807
 1.1267252 64.26811 0.015559817 66.287768 -2.0196584 66.287768
 1.1304419 64.350293 0.015539945 66.337281 -1.9869873 66.337281
 1.1341587 64.397118 0.015528645 66.386609 -1.9894913 66.386609
 1.1378754 64.462893 0.0155128 66.435753 -1.9728594 66.435753
 1.1415922 64.445694 0.015516941 66.484712 -2.0390182 66.484712
 1.1453089 64.46476 0.015512351 66.533488 -2.0687282 66.533488
 1.1490257 64.471616 0.015510702 66.582081 -2.1104646 66.582081
 1.1527424 64.502586 0.015503254 66.63049 -2.127904 66.63049
 1.1564591 64.507062 0.015502179 66.678718 -2.1716553 66.678718
 1.1601759 64.508792 0.015501763 66.726763 -2.217971 66.726763
 1.1638926 64.525047 0.015497858 66.774626 -2.2495785 66.774626
 1.1676094 64.568756 0.015487367 66.822307 -2.2535513 66.822307
 1.1713261 64.597145 0.01548056 66.869808 -2.2726629 66.869808
 1.1750428 64.659877 0.015465541 66.917128 -2.2572514 66.917128
 1.1787596 64.684992 0.015459536 66.964267 -2.2792749 66.964267
 1.1824763 64.736247 0.015447297 67.011227 -2.2749802 67.011227
 1.1861931 64.730626 0.015448638 67.058007 -2.3273805 67.058007
 1.1899098 64.761614 0.015441246 67.104608 -2.3429931 67.104608
 1.1936266 64.798027 0.015432569 67.151029 -2.3530022 67.151029
 1.1973433 64.817642 0.015427898 67.197272 -2.3796303 67.197272
 1.20106 64.834076 0.015423988 67.243337 -2.4092616 67.243337
 1.2047768 64.84785 0.015420712 67.289225 -2.4413752 67.289225
 1.2084935 64.829653 0.01542504 67.334934 -2.505281 67.334934
 1.2122103 64.817835 0.015427852 67.380467 -2.5626316 67.380467
 1.215927 64.845367 0.015421302 67.425823 -2.5804558 67.425823
 1.2196437 64.909688 0.015406021 67.471003 -2.5613145 67.471003
 1.2233605 64.945412 0.015397547 67.516006 -2.5705947 67.516006
 1.2270772 64.951441 0.015396117 67.560834 -2.6093928 67.560834
 1.230794 65.004239 0.015383612 67.605487 -2.6012475 67.605487
 1.2345107 65.035512 0.015376215 67.649965 -2.6144524 67.649965
 1.2382274 65.062711 0.015369787 67.694268 -2.6315567 67.694268
 1.2419442 65.07977 0.015365758 67.738397 -2.6586265 67.738397
 1.2456609 65.1573 0.015347474 67.782352 -2.6250517 67.782352
 1.2493777 65.26106 0.015323073 67.826134 -2.5650735 67.826134
 1.2530944 65.326986 0.01530761 67.869742 -2.5427564 67.869742
 1.2568112 65.350817 0.015302027 67.913178 -2.5623604 67.913178
 1.2605279 65.379705 0.015295266 67.956441 -2.5767362 67.956441
 1.2642446 65.404147 0.01528955 67.999532 -2.5953854 67.999532
 1.2679614 65.412575 0.01528758 68.042452 -2.629877 68.042452
 1.2716781 65.396243 0.015291398 68.0852 -2.6889572 68.0852
 1.2753949 65.398921 0.015290772 68.127777 -2.7288564 68.127777
 1.2791116 65.442894 0.015280498 68.170184 -2.7272896 68.170184
 1.2828283 65.485057 0.015270659 68.21242 -2.7273633 68.21242
 1.2865451 65.504265 0.015266182 68.254486 -2.7502213 68.254486
 1.2902618 65.511337 0.015264533 68.296383 -2.7850455 68.296383
 1.2939786 65.549657 0.01525561 68.33811 -2.788453 68.33811
 1.2976953 65.591342 0.015245915 68.379669 -2.7883272 68.379669
 1.301412 65.602414 0.015243341 68.421059 -2.8186445 68.421059
 1.3051288 65.629049 0.015237155 68.462281 -2.8332321 68.462281
 1.3088455 65.658457 0.01523033 68.503335 -2.8448773 68.503335
 1.3125623 65.739812 0.015211482 68.544221 -2.8044091 68.544221
 1.316279 65.802409 0.015197012 68.584941 -2.7825319 68.584941
 1.3199957 65.85288 0.015185365 68.625493 -2.7726136 68.625493
 1.3237125 65.888992 0.015177042 68.66588 -2.7768873 68.66588
 1.3274292 65.95211 0.015162517 68.7061 -2.7539896 68.7061
 1.331146 66.00796 0.015149688 68.746154 -2.7381943 68.746154
 1.3348627 66.03831 0.015142726 68.786043 -2.7477336 68.786043
 1.3385795 66.017886 0.01514741 68.825767 -2.8078815 68.825767
 1.3422962 65.995402 0.015152571 68.865327 -2.8699246 68.865327
 1.3460129 65.940155 0.015165266 68.904722 -2.9645665 68.904722
 1.3497297 65.904645 0.015173437 68.943953 -3.0393073 68.943953
 1.3534464 65.873817 0.015180538 68.98302 -3.1092025 68.98302
 1.3571632 65.884773 0.015178014 69.021924 -3.1371507 69.021924
 1.3608799 65.957308 0.015161322 69.060665 -3.1033566 69.060665
 1.3645966 66.019071 0.015147138 69.099244 -3.0801726 69.099244
 1.3683134 66.07517 0.015134278 69.13766 -3.0624898 69.13766
 1.3720301 66.100548 0.015128468 69.175914 -3.0753662 69.175914
 1.3757469 66.123845 0.015123137 69.214007 -3.0901612 69.214007
 1.3794636 66.171305 0.015112291 69.251938 -3.0806328 69.251938
 1.3831804 66.268135 0.015090209 69.289709 -3.0215737 69.289709
 1.3868971 66.359484 0.015069436 69.327319 -2.9678344 69.327319
 1.3906138 66.389796 0.015062556 69.364769 -2.9749726 69.364769
 1.3943306 66.383578 0.015063967 69.402058 -3.0184805 69.402058
 1.3980473 66.371391 0.015066733 69.439189 -3.0677976 69.439189
 1.4017641 66.36495 0.015068195 69.47616 -3.1112106 69.47616
 1.4054808 66.382703 0.015064165 69.512972 -3.1302693 69.512972
 1.4091976 66.409785 0.015058022 69.549626 -3.1398415 69.549626
 1.4129143 66.4428 0.01505054 69.586122 -3.1433222 69.586122
 1.416631 66.450951 0.015048694 69.62246 -3.1715094 69.62246
 1.4203478 66.470291 0.015044315 69.65864 -3.1883492 69.65864
 1.4240645 66.478666 0.01504242 69.694664 -3.2159979 69.694664
 1.4277813 66.518087 0.015033505 69.73053 -3.2124433 69.73053
 1.431498 66.57106 0.015021542 69.76624 -3.1951798 69.76624
 1.4352147 66.637492 0.015006567 69.801794 -3.164302 69.801794
 1.4389315 66.677442 0.014997576 69.837192 -3.15975 69.837192
 1.4426482 66.717318 0.014988612 69.872434 -3.1551162 69.872434
 1.446365 66.773499 0.014976001 69.907522 -3.1340233 69.907522
 1.4500817 66.820257 0.014965522 69.942454 -3.1221979 69.942454
 1.4537984 66.82828 0.014963725 69.977233 -3.1489525 69.977233
 1.4575152 66.803185 0.014969346 70.011857 -3.2086721 70.011857
 1.4612319 66.846194 0.014959715 70.046327 -3.2001329 70.046327
 1.4649487 66.900454 0.014947582 70.080644 -3.1801896 70.080644
 1.4686654 66.952227 0.014936023 70.114807 -3.1625802 70.114807
 1.4723822 67.023534 0.014920132 70.148818 -3.1252842 70.148818
 1.4760989 67.11514 0.014899768 70.182677 -3.0675365 70.182677
 1.4798156 67.188649 0.014883466 70.216383 -3.0277336 70.216383
 1.4835324 67.199043 0.014881164 70.249938 -3.0508943 70.249938
 1.4872491 67.218307 0.014876899 70.283341 -3.0650331 70.283341
 1.4909659 67.256266 0.014868503 70.316593 -3.0603264 70.316593
 1.4946826 67.291201 0.014860784 70.349694 -3.0584925 70.349694
 1.4983993 67.338198 0.014850412 70.382644 -3.0444461 70.382644
 1.5021161 67.380425 0.014841106 70.415445 -3.0350204 70.415445
 1.5058328 67.430489 0.014830087 70.448096 -3.0176071 70.448096
 1.5095496 67.511574 0.014812275 70.480597 -2.9690231 70.480597
 1.5132663 67.569532 0.01479957 70.512949 -2.9434172 70.512949
 1.516983 67.653936 0.014781106 70.545152 -2.8912165 70.545152
 1.5206998 67.701591 0.014770702 70.577207 -2.8756156 70.577207
 1.5244165 67.745623 0.014761101 70.609114 -2.8634904 70.609114
 1.5281333 67.820903 0.014744717 70.640872 -2.8199699 70.640872
 1.53185 67.88873 0.014729985 70.672484 -2.7837533 70.672484
 1.5355668 67.933449 0.014720289 70.703948 -2.7704989 70.703948
 1.5392835 68.010422 0.014703629 70.735265 -2.7248431 70.735265
 1.5430002 68.098961 0.014684512 70.766436 -2.6674747 70.766436
 1.546717 68.191073 0.014664676 70.79746 -2.606387 70.79746
 1.5504337 68.258672 0.014650153 70.828339 -2.5696666 70.828339
 1.5541505 68.330788 0.014634692 70.859072 -2.528284 70.859072
 1.5578672 68.357018 0.014629076 70.889659 -2.5326419 70.889659
 1.5615839 68.416387 0.014616381 70.920102 -2.5037153 70.920102
 1.5653007 68.494507 0.014599711 70.9504 -2.4558936 70.9504
 1.5690174 68.590515 0.014579275 70.980554 -2.3900393 70.980554
 1.5727342 68.685323 0.014559151 71.010565 -2.3252414 71.010565
 1.5764509 68.783707 0.014538327 71.040431 -2.2567243 71.040431
 1.5801676 68.858032 0.014522634 71.070154 -2.2121219 71.070154
 1.5838844 68.939418 0.01450549 71.099734 -2.1603167 71.099734
 1.5876011 69.038099 0.014484756 71.129172 -2.091073 71.129172
 1.5913179 69.10172 0.01447142 71.158467 -2.0567466 71.158467
 1.5950346 69.125308 0.014466482 71.18762 -2.0623122 71.18762
 1.5987513 69.189382 0.014453085 71.216631 -2.0272494 71.216631
 1.6024681 69.262667 0.014437792 71.245501 -1.9828341 71.245501
 1.6061848 69.328705 0.01442404 71.27423 -1.9455255 71.27423
 1.6099016 69.420369 0.014404994 71.302819 -1.8824491 71.302819
 1.6136183 69.530014 0.014382278 71.331266 -1.8012523 71.331266
 1.6173351 69.622569 0.014363159 71.359574 -1.7370053 71.359574
 1.6210518 69.698112 0.014347591 71.387742 -1.6896294 71.387742
 1.6247685 69.815046 0.01432356 71.41577 -1.6007247 71.41577
 1.6284853 69.932381 0.014299527 71.44366 -1.5112789 71.44366
 1.632202 70.054504 0.0142746 71.47141 -1.4169057 71.47141
 1.6359188 70.148633 0.014255445 71.499022 -1.3503886 71.499022
 1.6396355 70.237928 0.014237322 71.526496 -1.2885678 71.526496
 1.6433522 70.348066 0.014215032 71.553831 -1.2057657 71.553831
 1.647069 70.531876 0.014177987 71.58103 -1.0491539 71.58103
 1.6507857 70.687754 0.014146722 71.60809 -0.92033615 71.60809
 1.6545025 70.823962 0.014119515 71.635014 -0.81105252 71.635014
 1.6582192 70.953102 0.014093816 71.661802 -0.70869969 71.661802
 1.661936 71.114103 0.014061908 71.688453 -0.57435011 71.688453
 1.6656527 71.277657 0.014029642 71.714968 -0.43731119 71.714968
 1.6693694 71.393321 0.014006913 71.741347 -0.3480263 71.741347
 1.6730862 71.503616 0.013985307 71.767591 -0.26397456 71.767591
 1.6768029 71.634763 0.013959703 71.7937 -0.1589366 71.7937
 1.6805197 71.790548 0.01392941 71.819674 -0.029126004 71.819674
 1.6842364 71.933571 0.013901715 71.845513 0.088057609 71.845513
 1.6879532 72.035863 0.013881974 71.871219 0.16464451 71.871219
 1.6916699 72.122632 0.013865273 71.89679 0.22584205 71.89679
 1.6953866 72.184141 0.013853459 71.922228 0.26191219 71.922228
 1.6991034 72.254557 0.013839957 71.947533 0.30702415 71.947533
 1.7028201 72.35052 0.013821601 71.972705 0.37781478 71.972705
 1.7065368 72.44912 0.01380279 71.997744 0.45137524 71.997744
 1.7102536 72.528374 0.013787707 72.022651 0.50572239 72.022651
 1.7139703 72.611992 0.01377183 72.047426 0.56456548 72.047426
 1.7176871 72.704196 0.013754364 72.07207 0.63212594 72.07207
 1.7214038 72.747452 0.013746186 72.096582 0.65087011 72.096582
 1.7251206 72.792999 0.013737585 72.120963 0.67203673 72.120963
 1.7288373 72.88059 0.013721074 72.145213 0.73537715 72.145213
 1.732554 72.990499 0.013700413 72.169332 0.82116655 72.169332
 1.7362708 73.081131 0.013683423 72.193322 0.88780918 72.193322
 1.7399875 73.141739 0.013672084 72.217182 0.92455738 72.217182
 1.7437043 73.219533 0.013657558 72.240912 0.97862166 72.240912
 1.747421 73.286278 0.013645119 72.264512 1.0217653 72.264512
 1.7511378 73.356687 0.013632022 72.287984 1.0687025 72.287984
 1.7548545 73.449183 0.013614855 72.311328 1.1378555 72.311328
 1.7585712 73.568764 0.013592725 72.334543 1.2342211 72.334543
 1.762288 73.692342 0.013569931 72.35763 1.3347125 72.35763
 1.7660047 73.78216 0.013553412 72.380589 1.4015717 72.380589
 1.7697215 73.870547 0.013537195 73.132143 0.73840444 72.403421
 1.7734382 73.988726 0.013515573 73.178881 0.80984531 72.426125
 1.7771549 74.079351 0.013499038 73.226711 0.85264011 72.448703
 1.7808717 74.177462 0.013481184 73.275705 0.90175774 72.471154
 1.7845884 74.277486 0.01346303 73.325943 0.95154283 72.493479
 1.7883052 74.370013 0.01344628 73.377528 0.99248444 72.515679
 1.7920219 74.461886 0.013429689 73.430588 1.0312985 72.537752
 1.7957387 74.570635 0.013410104 73.48521 1.0854255 72.5597
 1.7994554 74.687485 0.013389124 73.541519 1.1459655 72.581524
 1.8031721 74.818235 0.013365726 73.599679 1.2185553 72.603222
 1.8068889 74.962377 0.013340025 73.659832 1.302545 72.624796
 1.8106056 75.114461 0.013313016 73.722126 1.3923353 72.646246
 1.8143224 75.263135 0.013286717 73.786748 1.4763875 72.667572
 1.8180391 75.42395 0.013258388 73.853942 1.5700084 72.688775
 1.8217558 75.566978 0.013233293 73.923883 1.6430955 72.709854
 1.8254726 75.689044 0.013211952 73.996813 1.6922306 72.73081
 1.8291893 75.811684 0.013190579 74.073044 1.7386395 72.751644
 1.8329061 75.933271 0.013169458 74.152871 1.7803994 72.772355
 1.8366228 76.072055 0.013145432 74.236598 1.8354568 72.792944
 1.8403395 76.240969 0.013116308 74.324599 1.9163706 72.813412
 1.8440563 76.443693 0.013081524 74.417386 2.026307 72.833758
 1.847773 76.633507 0.013049122 74.515338 2.1181683 72.853983
 1.8514898 76.806857 0.013019671 74.61898 2.1878769 72.874087
 1.8552065 76.950691 0.012995335 74.728974 2.2217176 72.89407
 1.8589232 77.097338 0.012970616 74.846 2.2513384 72.913933
 1.86264 77.271164 0.012941438 74.970753 2.3004112 72.933676
 1.8663567 77.468074 0.012908544 75.10409 2.3639834 72.9533
 1.8700735 77.667989 0.012875317 75.247214 2.4207754 72.972803
 1.8737902 77.886706 0.012839162 75.401074 2.4856322 72.992188
 1.8775069 78.09624 0.012804714 75.566963 2.5292767 73.011454
 1.8812237 78.302297 0.012771017 75.746519 2.5557779 73.030602
 1.8849404 78.510391 0.012737167 75.941549 2.5688427 73.049631
 1.8886572 78.750793 0.012698285 76.153922 2.5968719 73.068542
 1.8923739 78.983536 0.012660866 76.385993 2.5975432 73.087335
 1.8960907 79.222748 0.012622637 76.641025 2.5817231 73.106011
 1.8998074 79.479912 0.012581796 76.921964 2.5579482 73.12457
 1.9035241 79.762327 0.012537247 77.232673 2.5296532 73.143012
 1.9072409 80.097031 0.012484857 77.578129 2.5189015 73.161338
 1.9109576 80.409838 0.012436289 77.964252 2.4455861 73.179547
 1.9146744 80.685974 0.012393728 78.397415 2.2885588 73.197641
 1.9183911 81.027555 0.012341481 78.885868 2.1416865 73.215618
 1.9221078 81.433924 0.012279895 79.441136 1.9927884 73.233481
 1.9258246 81.927882 0.012205857 80.075108 1.8527743 73.251228
 1.9295413 82.528366 0.012117046 80.803413 1.7249533 73.26886
 1.9332581 83.261121 0.012010408 81.647079 1.6140422 73.286378
 1.9369748 84.081963 0.011893157 83.135838 0.94612472 73.303782
 1.9406916 85.142451 0.011745022 84.318107 0.82434351 73.321071
 1.9444083 86.537328 0.011555707 85.737014 0.80031369 73.338247
 1.948125 88.407616 0.011311243 87.501305 0.90631028 73.35531
 1.9518418 91.138578 0.010972302 89.81537 1.3232079 73.372259
 1.9555585 95.120906 0.010512936 93.105479 2.0154261 73.389096
 1.9592753 100.81366 0.009919291 98.255857 2.5577998 73.40582
 1.962992 109.77941 0.0091091764 107.01005 2.7693616 73.422432
 1.9667088 123.77985 0.0080788591 122.23422 1.545632 73.438932
 1.9704255 145.21299 0.0068864361 148.24728 -3.034292 73.45532
 1.9741422 179.75069 0.0055632609 190.86958 -11.118892 73.471596
 1.977859 234.33787 0.0042673427 255.4544 -21.11653 73.487762
 1.9815757 311.4921 0.0032103543 344.82789 -33.335791 73.503817
 1.9852924 412.72205 0.0024229382 456.71715 -43.995105 73.519761
 1.9890092 533.71175 0.0018736706 580.82754 -47.115785 73.535595
 1.9927259 644.56295 0.0015514389 697.73074 -53.167792 73.551318
 1.9964427 714.77639 0.0013990389 781.55269 -66.776304 73.566932
 2.0001594 727.94796 0.0013737246 806.13837 -78.190411 73.582437
 2.0038762 678.71059 0.001473382 763.05709 -84.346501 73.597832
 2.0075929 584.43007 0.0017110687 667.63683 -83.206756 73.613119
 2.0113096 465.47083 0.0021483624 546.38204 -80.911216 73.628297
 2.0150264 356.07632 0.0028083867 424.28045 -68.204127 73.643366
 2.0187431 271.00635 0.0036899505 318.08173 -47.075383 73.658328
 2.0224599 207.32599 0.004823322 235.60437 -28.278382 73.673181
 2.0261766 162.97388 0.0061359525 178.69556 -15.721677 73.687927
 2.0298934 135.70013 0.0073691895 141.51427 -5.8141369 73.702566
 2.0336101 118.66509 0.0084270781 119.08936 -0.42427033 73.717098
 2.0373268 107.8508 0.0092720683 106.18943 1.6613764 73.731523
 2.0410436 101.45429 0.0098566552 98.890653 2.5636413 73.745842
 2.0447603 97.457591 0.010260873 94.554135 2.9034562 73.760054
 2.0484771 94.829295 0.010545265 91.78121 3.0480852 73.774161
 2.0521938 93.180016 0.010731915 89.853448 3.3265673 73.788162
 2.0559105 92.126157 0.01085468 88.412761 3.713396 73.802057
 2.0596273 91.417814 0.010938787 87.289751 4.128063 73.815848
 2.063344 90.967257 0.010992966 86.400884 4.5663737 73.829534
 2.0670608 90.662315 0.011029941 85.700711 4.9616041 73.843115
 2.0707775 90.468506 0.01105357 85.154173 5.3143328 73.856592
 2.0744942 90.346354 0.011068515 84.739859 5.606495 73.869965
 2.078211 90.345876 0.011068574 84.443507 5.9023694 73.883235
 2.0819277 90.472987 0.011053023 84.254028 6.2189592 73.8964
 2.0856445 90.721647 0.011022728 84.163408 6.5582382 73.909463
 2.0893612 91.063833 0.010981308 84.168059 6.8957735 73.922423
 2.093078 91.523315 0.010926178 84.269398 7.2539176 73.93528
 2.0967947 92.113141 0.010856214 84.468228 7.6449135 73.948035
 2.1005114 92.963244 0.01075694 84.770475 8.1927689 73.960688
 2.1042282 94.088679 0.010628271 85.187083 8.9015957 73.973239
 2.1079449 95.421674 0.010479799 85.733644 9.6880297 73.985688
 2.1116617 97.051102 0.01030385 86.431488 10.619614 73.998036
 2.1153784 99.104612 0.010090348 87.316838 11.787774 74.010283
 2.1190951 101.57255 0.0098451793 88.461281 13.111272 74.022429
 2.1228119 104.63206 0.0095572999 89.994758 14.637304 74.034475
 2.1265286 108.65682 0.0092032877 92.189875 16.466948 74.046421
 2.1302454 113.86171 0.0087825839 95.612541 18.249166 74.058266
 2.1339621 121.141 0.0082548433 101.35954 19.781465 74.070012
 2.1376788 132.22208 0.0075630333 111.24515 20.976934 74.081659
 2.1413956 149.08789 0.0067074529 128.01481 21.073079 74.093206
 2.1451123 175.8627 0.0056862542 155.44681 20.415887 74.104654
 2.1488291 219.70806 0.0045514943 197.03522 22.672846 74.116004
 2.1525458 282.83394 0.0035356435 254.89488 27.939063 74.127255
 2.1562626 366.07991 0.0027316441 328.05827 38.021637 74.138408
 2.1599793 468.63057 0.002133877 410.45779 58.172789 74.149464
 2.163696 565.78687 0.00176745 490.15109 75.63578 74.160422
 2.1674128 632.03552 0.0015821896 550.57372 81.461805 74.171282
 2.1711295 650.96407 0.0015361831 573.68928 77.274789 74.182045
 2.1748463 616.42961 0.0016222452 551.85298 64.576628 74.192712
 2.178563 541.40633 0.0018470416 493.03997 48.366365 74.203282
 2.1822797 441.16261 0.0022667379 414.27955 26.883062 74.213756
 2.1859965 344.85249 0.0028997906 332.66798 12.184509 74.224133
 2.1897132 268.44458 0.0037251637 260.14715 8.2974329 74.234415
 2.19343 210.67774 0.004746586 202.79623 7.8815114 74.244602
 2.1971467 170.2717 0.0058729665 162.09565 8.1760532 74.254693
 2.2008634 145.70123 0.0068633601 135.73533 9.9658989 74.264689
 2.2045802 131.51705 0.0076035769 120.1038 11.413251 74.274591
 2.2082969 123.83386 0.008075336 111.73454 12.099322 74.284398
 2.2120137 120.85719 0.0082742284 107.9382 12.918988 74.29411
 2.2157304 121.47033 0.0082324627 106.96879 14.501549 74.303729
 2.2194472 124.84526 0.0080099158 108.13172 16.713541 74.313254
 2.2231639 130.99505 0.0076338765 111.65195 19.343094 74.322686
 2.2268806 141.41683 0.0070712939 118.74028 22.676556 74.332024
 2.2305974 157.38286 0.0063539319 131.14818 26.234682 74.34127
 2.2343141 180.96997 0.0055257788 154.42816 26.541803 74.350423
 2.2380309 219.35864 0.0045587446 193.77438 25.584258 74.359483
 2.2417476 278.19789 0.0035945636 255.22661 22.971275 74.368451
 2.2454644 362.28548 0.0027602541 343.58827 18.69721 74.377328
 2.2491811 480.43523 0.002081446 459.7019 20.733331 74.386112
 2.2528978 626.72514 0.0015955958 596.32256 30.402575 74.394806
 2.2566146 773.58081 0.0012926898 736.92548 36.655333 74.403408
 2.2603313 890.73332 0.0011226705 855.97684 34.756475 74.411919
 2.264048 950.19509 0.0010524155 922.14332 28.05177 74.420339
 2.2677648 930.66536 0.0010745001 913.04873 17.616639 74.428669
 2.2714815 836.68469 0.0011951934 832.58392 4.1007773 74.436909
 2.2751983 694.25802 0.0014403867 705.70387 -11.445851 74.445059
 2.278915 549.39209 0.0018201937 563.5701 -14.178011 74.45312
 2.2826318 421.42033 0.0023729278 430.03055 -8.6102224 74.461091
 2.2863485 316.87564 0.0031558122 319.14315 -2.2675114 74.468973
 2.2900652 241.27078 0.0041447208 236.59822 4.6725548 74.476766
 2.293782 191.54848 0.0052206104 180.04877 11.499714 74.48447
 2.2974987 158.45767 0.0063108338 144.10433 14.35334 74.492086
 2.3012155 136.41397 0.0073306275 122.61974 13.794231 74.499614
 2.3049322 122.84011 0.0081406636 110.10525 12.734853 74.507054
 2.3086489 113.70752 0.0087944929 102.67626 11.031261 74.514406
 2.3123657 107.37151 0.0093134573 98.016427 9.355086 74.521671
 2.3160824 103.12413 0.0096970517 94.851494 8.2726337 74.528848
 2.3197992 100.03014 0.0099969873 92.494538 7.5355981 74.535939
 2.3235159 97.692909 0.010236157 90.631826 7.0610828 74.542943
 2.3272327 96.015747 0.010414958 89.108066 6.9076815 74.549861
 2.3309494 94.676058 0.010562332 87.836312 6.8397464 74.556693
 2.3346661 93.60997 0.010682623 86.760772 6.8491984 74.563438
 2.3383829 92.790723 0.010776939 85.84508 6.9456427 74.570098
 2.3420996 92.097847 0.010858017 85.063983 7.0338641 74.576672
 2.3458164 91.544439 0.010923656 84.393708 7.1507307 74.583162
 2.3495331 91.105441 0.010976293 83.817384 7.288057 74.589566
 2.3532499 90.741557 0.011020309 83.322211 7.4193457 74.595886
 2.3569666 90.44779 0.011056102 82.89753 7.55026 74.602121
 2.3606833 90.235761 0.011082081 82.533715 7.7020461 74.608272
 2.3644001 90.085492 0.011100567 82.223807 7.8616855 74.614339
 2.3681168 90.000074 0.011111102 81.962928 8.037146 74.620322
 2.3718335 89.953473 0.011116858 81.745785 8.2076889 74.626222
 2.3755503 89.95754 0.011116356 81.568674 8.3888658 74.632038
 2.379267 90.023794 0.011108174 81.42906 8.5947338 74.637772
 2.3829838 90.181605 0.011088736 81.325096 8.8565089 74.643423
 2.3867005 90.406359 0.011061169 81.254842 9.1515177 74.648991
 2.3904173 90.668508 0.011029188 81.217454 9.4510538 74.654477
 2.394134 90.93042 0.01099742 81.213169 9.7172512 74.659881
 2.3978507 91.256058 0.010958177 81.241879 10.014179 74.665203
 2.4015675 91.679888 0.010907518 81.304275 10.375613 74.670443
 2.4052842 92.166667 0.01084991 81.401979 10.764688 74.675602
 2.409001 92.723595 0.010784742 81.051074 11.672521 74.680681
 2.4127177 93.332222 0.010714413 81.241546 12.090676 74.685678
 2.4164345 94.00249 0.010638016 81.475184 12.527306 74.690595
 2.4201512 94.746579 0.010554471 81.757518 12.989061 74.695431
 2.4238679 95.522636 0.010468723 82.094244 13.428392 74.700187
 2.4275847 96.27386 0.010387036 82.492567 13.781293 74.704863
 2.4313014 96.974803 0.010311957 82.962121 14.012682 74.70946
 2.4350182 97.703288 0.01023507 83.51595 14.187338 74.713977
 2.4387349 98.447406 0.010157708 84.167672 14.279734 74.718415
 2.4424516 99.234647 0.010077126 84.936052 14.298595 74.722774
 2.4461684 100.13571 0.0099864477 85.847812 14.287895 74.727054
 2.4498851 101.184 0.0098829859 86.936495 14.2475 74.731256
 2.4536019 102.48923 0.0097571223 88.2512 14.238035 74.73538
 2.4573186 104.37844 0.0095805227 89.876379 14.502059 74.739425
 2.4610353 106.97668 0.0093478317 91.98074 14.99594 74.743393
 2.4647521 110.73801 0.0090303227 94.880012 15.858002 74.747283
 2.4684688 116.72291 0.0085672985 99.209788 17.51312 74.751096
 2.4721856 125.8612 0.0079452606 106.22126 19.639938 74.754832
 2.4759023 139.77665 0.0071542709 118.06941 21.707235 74.758491
 2.4796191 162.76449 0.0061438462 138.00091 24.763576 74.762073
 2.4833358 197.85505 0.0050542052 170.38294 27.472111 74.765579
 2.4870525 249.30184 0.0040112018 220.36988 28.931963 74.769009
 2.4907693 326.73885 0.0030605482 291.26855 35.470298 74.772363
 2.494486 428.07187 0.0023360563 383.28045 44.791421 74.775641
 2.4982028 544.67588 0.0018359542 491.19311 53.482768 74.778844
 2.5019195 667.63466 0.0014978252 602.15158 65.483085 74.781971
 2.5056362 768.59629 0.0013010731 696.28155 72.314743 74.785024
 2.509353 820.06852 0.0012194103 749.08204 70.986481 74.788001
 2.5130697 806.41781 0.001240052 743.3877 63.030108 74.790905
 2.5167865 735.06093 0.0013604314 681.5133 53.547635 74.793733
 2.5205032 628.08535 0.0015921403 582.90787 45.177473 74.796488
 2.5242199 503.21098 0.001987238 471.14953 32.061444 74.799169
 2.5279367 386.24233 0.0025890482 365.32497 20.917361 74.801776
 2.5316534 293.36823 0.0034086854 276.60967 16.758551 74.80431
 2.5353702 224.21975 0.0044599105 209.2993 14.920449 74.806771
 2.5390869 175.44191 0.0056998922 162.83686 12.605056 74.809159
 2.5428037 143.03351 0.0069913685 132.82636 10.207156 74.811474
 2.5465204 122.94652 0.0081336177 114.48885 8.4576749 74.813716
 2.5502371 110.1198 0.0090810189 103.65863 6.4611707 74.815886
 2.5539539 101.88249 0.0098152293 97.206247 4.6762423 74.817985
 2.5576706 96.820811 0.010328358 93.137525 3.6832857 74.820011
 2.5613874 93.40554 0.010706003 90.364132 3.0414089 74.821966
 2.5651041 91.088666 0.010978314 88.320689 2.7679775 74.823849
 2.5688208 89.532672 0.011169107 86.708242 2.8244294 74.825661
 2.5725376 88.365712 0.011316607 85.385213 2.9804994 74.827403
 2.5762543 87.443225 0.011435992 84.276181 3.1670435 74.829073
 2.5799711 86.716838 0.011531786 83.334162 3.382676 74.830673
 2.5836878 86.111145 0.011612899 82.524706 3.5864394 74.832203
 2.5874046 85.61555 0.011680121 81.824129 3.7914205 74.833663
 2.5911213 85.222839 0.011733944 81.215243 4.007596 74.835053
 2.594838 84.85055 0.011785427 80.681867 4.1686836 74.836374
 2.5985548 84.49496 0.011835025 80.211976 4.282983 74.837625
 2.6022715 84.209251 0.01187518 79.796309 4.4129425 74.838807
 2.6059883 83.960266 0.011910396 79.427214 4.5330518 74.83992
 2.609705 83.773087 0.011937008 79.097502 4.6755847 74.840964
 2.6134217 83.560997 0.011967306 78.80183 4.7591668 74.84194
 2.6171385 83.348185 0.011997862 78.536125 4.8120605 74.842847
 2.6208552 83.154167 0.012025856 78.296204 4.8579632 74.843687
 2.624572 83.000315 0.012048147 78.078761 4.921554 74.844458
 2.6282887 82.882197 0.012065317 77.881183 5.0010143 74.845162
 2.6320054 82.744873 0.012085341 77.701293 5.0435805 74.845799
 2.6357222 82.614057 0.012104478 77.536809 5.0772476 74.846368
 2.6394389 82.478381 0.012124389 77.386032 5.0923484 74.846871
 2.6431557 82.381083 0.012138709 77.247645 5.1334382 74.847306
 2.6468724 82.296817 0.012151138 77.120226 5.1765901 74.847676
 2.6505892 82.247533 0.012158419 77.002589 5.2449438 74.847978
 2.6543059 82.193527 0.012166408 76.893786 5.2997414 74.848215
 2.6580226 82.138392 0.012174575 76.793043 5.3453489 74.848386
 2.6617394 82.083832 0.012182667 76.699457 5.3843744 74.848491
 2.6654561 82.00234 0.012194774 76.612362 5.3899778 74.848531
 2.6691729 81.864723 0.012215274 76.531236 5.3334868 74.848506
 2.6728896 81.690219 0.012241368 76.455504 5.2347147 74.848415
 2.6766063 81.52317 0.012266451 76.384654 5.1385167 74.84826
 2.6803231 81.38063 0.012287936 76.318278 5.0623529 74.84804
 2.6840398 81.246773 0.012308181 76.256057 4.9907157 74.847756
 2.6877566 81.159988 0.012321342 76.583666 4.5763227 74.847408
 2.6914733 81.056157 0.012337126 76.539678 4.5164798 74.846995
 2.69519 80.958656 0.012351984 76.499373 4.4592837 74.846519
 2.6989068 80.840675 0.01237001 76.462512 4.378163 74.84598
 2.7026235 80.755191 0.012383105 76.428873 4.3263179 74.845377
 2.7063403 80.697093 0.01239202 76.398287 4.2988058 74.844711
 2.710057 80.651853 0.012398971 76.370657 4.2811962 74.843982
 2.7137738 80.614237 0.012404757 76.345792 4.2684454 74.84319
 2.7174905 80.569977 0.012411571 76.323581 4.2463958 74.842336
 2.7212072 80.528392 0.012417981 76.303955 4.2244364 74.84142
 2.724924 80.472491 0.012426607 76.286829 4.1856622 74.840441
 2.7286407 80.413722 0.012435689 76.272111 4.1416109 74.839401
 2.7323575 80.338933 0.012447265 76.25975 4.0791835 74.838299
 2.7360742 80.275897 0.012457039 76.249755 4.0261415 74.837136
 2.739791 80.211395 0.012467057 76.242053 3.9693422 74.835911
 2.7435077 80.162951 0.012474591 76.236631 3.9263204 74.834626
 2.7472244 80.109032 0.012482987 76.233512 3.8755201 74.83328
 2.7509412 80.077726 0.012487867 76.232713 3.8450125 74.831873
 2.7546579 80.057426 0.012491034 76.234237 3.8231895 74.830405
 2.7583746 80.043905 0.012493144 76.238124 3.805781 74.828878
 2.7620914 80.037577 0.012494131 75.572671 4.4649063 74.827291
 2.7658081 80.011063 0.012498272 75.600896 4.4101666 74.825643
 2.7695249 79.989357 0.012501663 75.630878 4.3584791 74.823937
 2.7732416 79.94696 0.012508293 75.662783 4.284177 74.822171
 2.7769584 79.905436 0.012514793 75.696791 4.2086447 74.820345
 2.7806751 79.896197 0.01251624 75.733061 4.1631363 74.818461
 2.7843918 79.917048 0.012512975 75.771794 4.145254 74.816518
 2.7881086 79.955297 0.012506989 75.813271 4.1420255 74.814517
 2.7918253 79.999644 0.012500056 75.857708 4.1419358 74.812457
 2.7955421 80.051491 0.01249196 75.905379 4.1461118 74.810339
 2.7992588 80.122027 0.012480962 75.956627 4.1654003 74.808163
 2.8029756 80.169472 0.012473576 76.011842 4.1576293 74.80593
 2.8066923 80.201243 0.012468635 76.071377 4.1298657 74.803639
 2.810409 80.208295 0.012467538 76.135683 4.0726125 74.80129
 2.8141258 80.252686 0.012460642 76.205368 4.0473175 74.798885
 2.8178425 80.310359 0.012451694 76.280962 4.029397 74.796422
 2.8215593 80.391563 0.012439116 76.363107 4.0284565 74.793903
 2.825276 80.489212 0.012424025 76.452609 4.036603 74.791328
 2.8289927 80.649503 0.012399332 76.550439 4.0990636 74.788696
 2.8327095 80.837639 0.012370475 76.657498 4.1801411 74.786008
 2.8364262 81.058866 0.012336713 76.774948 4.283918 74.783264
 2.840143 81.269259 0.012304776 76.904348 4.3649108 74.780464
 2.8438597 81.471825 0.012274182 77.047202 4.4246222 74.777609
 2.8475765 81.640147 0.012248876 77.205309 4.4348377 74.774699
 2.8512932 81.811188 0.012223267 77.380945 4.4302424 74.771733
 2.8550099 82.017626 0.012192501 77.57701 4.4406167 74.768713
 2.8587267 82.276131 0.012154193 77.796332 4.4797983 74.765637
 2.8624434 82.546832 0.012114335 78.04263 4.5042014 74.762508
 2.8661601 82.836349 0.012071995 78.320908 4.5154414 74.759324
 2.8698769 83.214541 0.01201713 78.636542 4.5779996 74.756085
 2.8735936 83.677968 0.011950577 78.996043 4.6819256 74.752793
 2.8773104 84.260058 0.011868019 79.407886 4.8521726 74.749448
 2.8810271 84.943207 0.011772572 79.883585 5.0596214 74.746048
 2.8847439 85.703697 0.011668108 80.435577 5.2681198 74.742596
 2.8884606 86.566963 0.011551751 81.081451 5.4855125 74.73909
 2.8921773 87.633191 0.011411201 81.848003 5.7851883 74.735531
 2.8958941 88.957664 0.011241302 82.775105 6.1825598 74.73192
 2.8996108 90.653618 0.011030999 83.931579 6.7220386 74.728256
 2.9033276 92.925708 0.010761285 85.450445 7.4752621 74.724539
 2.9070443 95.920761 0.010425272 87.607841 8.3129199 74.720771
 2.9107611 100.03024 0.0099969769 90.897562 9.1326788 74.71695
 2.9144778 106.20333 0.009415901 96.196524 10.006802 74.713078
 2.9181945 115.28556 0.0086741134 104.96649 10.319064 74.709154
 2.9219113 128.98871 0.0077526164 119.25607 9.7326394 74.705178
 2.925628 151.28051 0.0066102369 141.43797 9.8425349 74.701152
 2.9293447 184.70275 0.0054141044 173.77398 10.928777 74.697074
 2.9330615 232.28792 0.0043050022 217.67237 14.615553 74.692946
 2.9367782 298.15243 0.0033539892 271.82515 26.327278 74.688767
 2.940495 373.646 0.00267633 331.98392 41.662081 74.684538
 2.9442117 445.08403 0.0022467668 390.06631 55.017718 74.680258
 2.9479285 497.79656 0.0020088528 434.198 63.598562 74.675928
 2.9516452 515.31123 0.0019405748 452.2344 63.076827 74.671549
 2.9553619 492.85277 0.0020290035 438.05762 54.795157 74.66712
 2.9590787 435.08653 0.0022983934 396.07575 39.010777 74.662641
 2.9627954 362.72538 0.0027569066 338.97088 23.754503 74.658113
 2.9665122 292.70141 0.003416451 278.54206 14.159349 74.653536
 2.9702289 230.74009 0.0043338806 223.37752 7.3625754 74.64891
 2.9739457 182.32706 0.0054846495 178.30104 4.0260214 74.644235
 2.9776624 148.38453 0.0067392469 144.57247 3.8120622 74.639512
 2.9813791 125.40515 0.0079741539 121.23424 4.170918 74.63474
 2.9850959 109.97708 0.0090928034 106.22559 3.7514932 74.62992
 2.9888126 100.02746 0.0099972549 96.930728 3.0967302 74.625053
 2.9925294 93.785545 0.010662624 91.282581 2.5029641 74.620137
 2.9962461 89.590889 0.011161849 87.807556 1.7833335 74.615174
 2.9999628 86.708298 0.011532922 85.551253 1.1570446 74.610163
 3.0036796 84.726161 0.01180273 83.963061 0.7630992 74.605105
 3.0073963 83.226026 0.012015472 82.762086 0.46394028 74.6
 3.0111131 82.074598 0.012184038 81.806001 0.26859653 74.594849
 3.0148298 81.190852 0.012316659 81.015038 0.17581423 74.58965
 3.0185465 80.491796 0.012423626 80.347055 0.14474047 74.584405
 3.0222633 79.929034 0.012511098 79.776316 0.15271746 74.579114
 3.02598 79.443433 0.012587573 79.284584 0.1588495 74.573777
 3.0296968 78.999326 0.012658336 78.856928 0.14239763 74.568393
 3.0334135 78.647191 0.012715012 78.482691 0.16450044 74.562964
 3.0371303 78.352104 0.012762899 78.153953 0.19815146 74.55749
 3.040847 78.088285 0.012806018 77.863123 0.22516169 74.55197
 3.0445637 77.821932 0.012849848 77.604438 0.21749469 74.546404
 3.0482805 77.560242 0.012893204 77.373426 0.18681603 74.540794
 3.0519972 77.315186 0.01293407 77.166407 0.14877862 74.535139
 3.055714 77.113475 0.012967902 76.979813 0.13366135 74.529439
 3.0594307 76.945946 0.012996136 76.810996 0.13494998 74.523695
 3.0631474 76.770078 0.013025908 76.657921 0.11215733 74.517907
 3.0668642 76.581251 0.013058027 76.518492 0.062758268 74.512074
 3.0705809 76.406998 0.013087806 76.391018 0.015979194 74.506197
 3.0742977 76.25902 0.013113203 76.274161 -0.015140048 74.500277
 3.0780144 76.122912 0.013136649 76.166815 -0.043903335 74.494313
 3.0817311 75.989871 0.013159649 76.06779 -0.077919242 74.488305
 3.0854479 75.860174 0.013182148 75.976199 -0.11602506 74.482255
 3.0891646 75.738444 0.013203334 75.891352 -0.152908 74.476161
 3.0928814 75.622589 0.013223562 75.812509 -0.18991962 74.470025
 3.0965981 75.485624 0.013247556 75.739035 -0.25341132 74.463845
 3.1003149 75.384974 0.013265243 75.670425 -0.28545132 74.457624
 3.1040316 75.306206 0.013279118 75.606275 -0.30006967 74.45136
 3.1077483 75.221977 0.013293987 75.546095 -0.32411762 74.445053
 3.1114651 75.132599 0.013309802 75.489525 -0.35692616 74.438705
 3.1151818 75.053001 0.013323918 75.436284 -0.38328309 74.432315
 3.1188986 74.987902 0.013335484 75.386064 -0.39816147 74.425884
 3.1226153 74.947708 0.013342636 75.338582 -0.39087416 74.41941
 3.126332 74.912827 0.013348849 75.293616 -0.38078905 74.412896
 3.1300488 74.903231 0.013350559 75.250994 -0.34776266 74.406341
 3.1337655 74.874596 0.013355665 75.210485 -0.33588918 74.399744
 3.1374823 74.847506 0.013360499 75.171922 -0.3244155 74.393107
 3.141199 74.808797 0.013367412 75.135173 -0.32637594 74.386429
 3.1449158 74.774386 0.013373563 75.100094 -0.32570811 74.379711
 3.1486325 74.708733 0.013385316 75.066544 -0.35781181 74.372953
 3.1523492 74.632055 0.013399068 75.034412 -0.40235711 74.366154
 3.156066 74.531258 0.013417189 75.003618 -0.47236045 74.359316
 3.1597827 74.428457 0.013435721 74.974041 -0.54558395 74.352438
 3.1634995 74.310186 0.013457105 74.945594 -0.63540807 74.345521
 3.1672162 74.209524 0.013475359 74.91821 -0.70868634 74.338564
 3.1709329 74.114568 0.013492624 74.891815 -0.77724682 74.331568
 3.1746497 74.015793 0.01351063 75.111506 -1.0957128 74.324532
 3.1783664 73.902664 0.013531312 75.093404 -1.19074 74.317458
 3.1820832 73.832799 0.013544116 75.076382 -1.2435823 74.310346
 3.1857999 73.791036 0.013551782 75.060379 -1.2693431 74.303195
 3.1895166 73.73203 0.013562627 75.045364 -1.3133334 74.296005
 3.1932334 73.651591 0.013577439 75.031316 -1.3797253 74.288777
 3.1969501 73.601896 0.013586607 75.018216 -1.4163203 74.281512
 3.2006669 73.607333 0.013585603 75.006032 -1.3986993 74.274208
 3.2043836 73.627797 0.013581827 74.99475 -1.3669526 74.266867
 3.2081004 73.623749 0.013582574 74.984376 -1.3606271 74.259488
 3.2118171 73.591832 0.013588464 74.974887 -1.3830547 74.252072
 3.2155338 73.573186 0.013591908 74.966279 -1.3930929 74.244619
 3.2192506 73.556193 0.013595048 74.958559 -1.4023664 74.237129
 3.2229673 73.562917 0.013593806 74.585272 -1.0223547 74.229602
 3.2266841 73.579295 0.01359078 74.589159 -1.0098643 74.222039
 3.2304008 73.637856 0.013579972 74.593568 -0.95571202 74.214439
 3.2341175 73.714498 0.013565852 74.598545 -0.8840469 74.206802
 3.2378343 73.841278 0.013542561 74.604123 -0.76284516 74.19913
 3.241551 74.017115 0.013510389 74.610344 -0.59322887 74.191421
 3.2452678 74.227743 0.013472052 74.617259 -0.38951684 74.183677
 3.2489845 74.459483 0.013430123 74.624927 -0.1654446 74.175897
 3.2527012 74.722249 0.013382895 74.633394 0.088855536 74.168081
 3.256418 74.975133 0.013337756 74.642719 0.33241406 74.16023
 3.2601347 75.206355 0.013296749 74.652987 0.55336824 74.152344
 3.2638515 75.332708 0.013274447 74.664259 0.66844834 74.144423
 3.2675682 75.384183 0.013265382 74.676613 0.70757015 74.136467
 3.271285 75.328056 0.013275266 74.690142 0.63791442 74.128477
 3.2750017 75.156685 0.013305536 74.704958 0.45172658 74.120452
 3.2787184 74.885539 0.013353713 74.72115 0.16438854 74.112393
 3.2824352 74.567594 0.013410651 74.738835 -0.17124115 74.104299
 3.2861519 74.261058 0.013466008 74.758169 -0.49711193 74.096172
 3.2898687 73.970378 0.013518925 74.779287 -0.80890929 74.08801
 3.2935854 73.72802 0.013563364 74.802338 -1.0743185 74.079815
 3.2973022 73.527311 0.013600389 74.827511 -1.3002005 74.071587
 3.3010189 73.352618 0.013632779 74.855041 -1.5024229 74.063325
 3.3047356 73.21685 0.013658058 74.885115 -1.6682652 74.055029
 3.3084524 73.118645 0.013676402 74.917986 -1.7993415 74.046701
 3.3121691 73.066783 0.01368611 74.953982 -1.8871993 74.03834
 3.3158858 73.033056 0.01369243 74.993411 -1.960355 74.029946
 3.3196026 73.009282 0.013696888 75.036612 -2.0273299 74.02152
 3.3233193 72.978968 0.013702578 75.084009 -2.1050407 74.013061
 3.3270361 72.958168 0.013706485 75.136152 -2.1779835 74.00457
 3.3307528 72.997528 0.013699094 75.193501 -2.1959726 73.996047
 3.3344696 73.056404 0.013688054 75.25667 -2.2002655 73.987492
 3.3381863 73.141149 0.013672194 75.326454 -2.1853054 73.978905
 3.341903 73.235827 0.013654519 75.40367 -2.167843 73.970287
 3.3456198 73.366982 0.01363011 75.489213 -2.1222319 73.961637
 3.3493365 73.510053 0.013603582 75.584203 -2.0741503 73.952956
 3.3530533 73.730492 0.01356291 75.690158 -1.9596664 73.944243
 3.35677 73.957593 0.013521262 75.808429 -1.850836 73.9355
 3.3604868 74.223646 0.013472796 75.940824 -1.717179 73.926726
 3.3642035 74.498657 0.013423061 76.089699 -1.5910413 73.917921
 3.3679202 74.83638 0.013362485 76.257686 -1.4213057 73.909086
 3.371637 75.228592 0.013292818 76.447743 -1.2191515 73.90022
 3.3753537 75.614126 0.013225042 76.663639 -1.0495139 73.891324
 3.3790705 75.982201 0.013160977 76.910698 -0.92849702 73.882398
 3.3827872 76.396446 0.013089614 77.194108 -0.79766156 73.873443
 3.3865039 76.803418 0.013020254 77.520978 -0.71755968 73.864457
 3.3902207 77.183647 0.012956112 77.900967 -0.71731985 73.855442
 3.3939374 77.534063 0.012897557 78.346536 -0.81247342 73.846397
 3.3976542 77.913391 0.012834764 78.874198 -0.96080711 73.837324
 3.4013709 78.376017 0.012759005 79.51032 -1.1343032 73.828221
 3.4050877 79.04656 0.012650772 80.304468 -1.2579087 73.819089
 3.4088044 79.977198 0.012503564 81.341003 -1.3638044 73.809928
 3.4125211 81.303335 0.012299619 82.781668 -1.4783334 73.800739
 3.4162379 83.374278 0.011994107 84.932184 -1.5579063 73.791521
 3.4199546 86.554838 0.011553369 88.329046 -1.7742082 73.782274
 3.4236713 91.46815 0.010932767 93.784473 -2.3163232 73.773
 3.4273881 99.664769 0.010033636 102.47731 -2.8125379 73.763697
 3.4311048 112.7923 0.0088658536 115.82852 -3.0362223 73.754367
 3.4348216 133.07055 0.0075148107 135.1571 -2.0865453 73.745009
 3.4385383 164.75655 0.0060695614 161.22677 3.5297831 73.735623
 3.4422551 208.27024 0.0048014541 193.71457 14.555664 73.72621
 3.4459718 260.06281 0.0038452249 230.48407 29.578738 73.716769
 3.4496885 314.32102 0.0031814607 267.1746 47.146427 73.707302
 3.4534053 358.28437 0.002791079 297.34383 60.940542 73.697807
 3.457122 378.76893 0.0026401321 313.07762 65.691308 73.688285
 3.4608388 370.07956 0.0027021217 309.40557 60.673992 73.678737
 3.4645555 336.57715 0.002971087 287.7984 48.778748 73.669162
 3.4682723 289.54571 0.0034536862 254.43782 35.107886 73.659561
 3.471989 238.57242 0.0041915993 217.04736 21.525065 73.649934
 3.4757057 192.13935 0.0052045559 181.44378 10.695578 73.64028
 3.4794225 155.4896 0.0064312981 151.05831 4.4312918 73.630601
 3.4831392 128.77877 0.0077652552 127.45069 1.3280729 73.620895
 3.486856 109.8526 0.0091031072 110.43074 -0.57814136 73.611164
 3.4905727 96.965017 0.010312998 98.913931 -1.9489148 73.601408
 3.4942894 88.898237 0.011248817 91.521049 -2.6228129 73.591626
 3.4980062 83.649974 0.011954576 86.92819 -3.2782162 73.581819
 3.5017229 80.166105 0.0124741 84.047706 -3.8816011 73.571987
 3.5054397 77.969411 0.012825543 82.180338 -4.2109265 73.562129
 3.5091564 76.486961 0.013074124 80.899343 -4.4123815 73.552247
 3.5128731 75.434878 0.013256467 79.952709 -4.5178307 73.542341
 3.5165899 74.693919 0.013387971 79.484091 -4.7901723 73.53241
 3.5203066 74.131119 0.013489612 78.884557 -4.7534384 73.522454
 3.5240234 73.680939 0.013572031 78.38477 -4.7038316 73.512475
 3.5277401 73.27272 0.013647644 77.960464 -4.6877438 73.502471
 3.5314569 72.896818 0.01371802 77.596848 -4.7000301 73.492443
 3.5351736 72.563459 0.013781041 77.283668 -4.7202089 73.482392
 3.5388903 72.317668 0.01382788 77.012145 -4.6944774 73.472317
 3.5426071 72.107501 0.013868183 76.775437 -4.6679362 73.462218
 3.5463238 71.942284 0.013900031 76.568377 -4.6260935 73.452096
 3.5500406 71.79083 0.013929356 76.387028 -4.5961984 73.441951
 3.5537573 71.665209 0.013953772 76.227406 -4.5621964 73.431782
 3.557474 71.59257 0.01396793 76.086669 -4.4940988 73.421591
 3.5611908 71.548019 0.013976627 75.962633 -4.4146138 73.411377
 3.5649075 71.5019 0.013985642 75.853228 -4.3513287 73.401141
 3.5686243 71.456701 0.013994489 75.75669 -4.2999892 73.390881
 3.572341 71.453735 0.01399507 75.671669 -4.2179332 73.3806
 3.5760577 71.469208 0.01399204 75.59719 -4.127982 73.370296
 3.5797745 71.455007 0.013994821 75.532079 -4.0770725 73.35997
 3.5834912 71.410955 0.014003454 75.475542 -4.0645875 73.349623
 3.587208 71.383835 0.014008774 75.426992 -4.0431576 73.339253
 3.5909247 71.388852 0.014007789 75.385856 -3.9970035 73.328862
 3.5946415 71.405444 0.014004534 75.351607 -3.9461634 73.318449
 3.5983582 71.428731 0.013999969 75.323885 -3.8951541 73.308015
 3.6020749 71.488538 0.013988256 75.302529 -3.8139911 73.297559
 3.6057917 71.584345 0.013969535 75.287196 -3.7028506 73.287083
 3.6095084 71.724459 0.013942245 75.27774 -3.553281 73.276585
 3.6132252 71.891243 0.0139099 75.274133 -3.3828903 73.266067
 3.6169419 72.055865 0.013878121 75.27636 -3.2204953 73.255528
 3.6206586 72.198901 0.013850626 75.284393 -3.0854925 73.244968
 3.6243754 72.331001 0.013825331 75.298328 -2.9673263 73.234388
 3.6280921 72.427462 0.013806918 75.318438 -2.8909759 73.223787
 3.6318089 72.492869 0.01379446 75.499169 -3.0063002 73.213167
 3.6355256 72.503115 0.013792511 75.536 -3.0328843 73.202526
 3.6392423 72.505864 0.013791988 75.579973 -3.0741081 73.191866
 3.6429591 72.511233 0.013790967 75.631586 -3.1203526 73.181186
 3.6466758 72.527641 0.013787847 75.691299 -3.163658 73.170486
 3.6503926 72.547541 0.013784065 75.759766 -3.2122248 73.159766
 3.6541093 72.560257 0.013781649 75.837948 -3.277691 73.149028
 3.6578261 72.576775 0.013778513 75.926643 -3.349868 73.13827
 3.6615428 72.59285 0.013775461 76.146624 -3.5537739 73.127493
 3.6652595 72.621307 0.013770063 76.262823 -3.6415155 73.116697
 3.6689763 72.652384 0.013764173 76.393775 -3.7413902 73.105882
 3.672693 72.682248 0.013758518 76.597303 -3.9150546 73.095049
 3.6764098 72.740779 0.013747447 76.764673 -4.0238944 73.084197
 3.6801265 72.850703 0.013726704 76.953738 -4.1030346 73.073326
 3.6838432 73.00371 0.013697934 77.167504 -4.1637935 73.062437
 3.68756 73.16113 0.01366846 77.409788 -4.2486582 73.051531
 3.6912767 73.353065 0.013632695 77.685606 -4.3325401 73.040606
 3.6949935 73.574832 0.013591604 78.055534 -4.4807024 73.029663
 3.6987102 73.874265 0.013536514 78.420324 -4.5460591 73.018702
 3.7024269 74.281298 0.013462339 78.843596 -4.5622979 73.007724
 3.7061437 74.788373 0.013371062 79.343261 -4.5548879 72.996729
 3.7098604 75.423302 0.013258502 79.94695 -4.5236482 72.985715
 3.7135772 76.302068 0.013105805 80.704058 -4.4019902 72.974685
 3.7172939 77.486046 0.012905549 81.706866 -4.2208206 72.963638
 3.7210107 79.101949 0.012641914 83.128296 -4.0263465 72.952573
 3.7247274 81.497876 0.012270258 85.244879 -3.7470027 72.941492
 3.7284441 84.793371 0.011793375 88.48821 -3.6948399 72.930394
 3.7321609 89.313583 0.011196505 93.490412 -4.1768289 72.91928
 3.7358776 95.721141 0.010447013 100.97772 -5.2565767 72.908149
 3.7395944 104.10781 0.0096054272 111.63239 -7.5245833 72.897001
 3.7433111 114.41639 0.0087400064 125.8966 -11.480208 72.885838
 3.7470278 126.99738 0.0078741785 143.43654 -16.439168 72.874658
 3.7507446 140.534 0.0071157159 163.64447 -23.110476 72.863463
 3.7544613 153.20182 0.0065273377 184.18837 -30.98655 72.852251
 3.7581781 163.79651 0.0061051362 201.73761 -37.941098 72.841024
 3.7618948 170.34674 0.0058703796 212.24676 -41.90002 72.829781
 3.7656116 171.49807 0.0058309693 212.88975 -41.391679 72.818523
 3.7693283 167.16338 0.0059821716 204.00536 -36.84198 72.80725
 3.773045 158.79714 0.0062973427 189.07969 -30.282547 72.795961
 3.7767618 148.72935 0.0067236223 172.80721 -24.077852 72.784657
 3.7804785 138.86777 0.0072010948 159.16581 -20.298036 72.773339
 3.7841953 131.7802 0.0075883936 151.41044 -19.630244 72.762005
 3.787912 129.76049 0.0077065059 151.94762 -22.187131 72.750657
 3.7916288 134.7882 0.0074190469 162.24092 -27.452722 72.739294
 3.7953455 148.38301 0.0067393162 182.84062 -34.457616 72.727917
 3.7990622 170.72155 0.0058574914 213.15023 -42.428687 72.716525
 3.802779 201.3832 0.0049656575 250.47531 -49.092112 72.705119
 3.8064957 235.86032 0.0042397976 290.32106 -54.460748 72.693699
 3.8102124 265.25522 0.0037699541 325.82342 -60.568198 72.682266
 3.8139292 281.74724 0.0035492805 348.28712 -66.539875 72.670818
 3.8176459 281.03985 0.0035582143 350.73834 -69.698489 72.659357
 3.8213627 263.43501 0.0037960027 332.08895 -68.65394 72.647882
 3.8250794 233.83199 0.0042765748 297.84823 -64.016242 72.636393
 3.8287962 199.28386 0.0050179677 256.73364 -57.449777 72.624891
 3.8325129 167.60347 0.0059664634 215.68039 -48.076911 72.613376
 3.8362296 141.65051 0.0070596288 179.31527 -37.664766 72.601848
 3.8399464 121.35402 0.0082403535 149.98769 -28.633672 72.590307
 3.8436631 106.5448 0.0093857232 128.05904 -21.514243 72.578753
 3.8473799 96.786756 0.010331992 112.74831 -15.96155 72.567187
 3.8510966 90.318103 0.011071978 102.73953 -12.421429 72.555607
 3.8548134 86.025714 0.011624431 96.431367 -10.405653 72.544015
 3.8585301 83.424199 0.01198693 92.565429 -9.1412297 72.532411
 3.8622468 81.810186 0.012223417 90.234547 -8.4243613 72.520795
 3.8659636 80.834063 0.012371022 88.837544 -8.0034812 72.509166
 3.8696803 80.341616 0.012446849 88.017542 -7.6759257 72.497525
 3.8733971 80.200478 0.012468754 87.594282 -7.3938039 72.485873
 3.8771138 80.388021 0.012439664 87.489865 -7.1018444 72.474208
 3.8808305 80.912366 0.01235905 87.682832 -6.7704653 72.462532
 3.8845473 81.854657 0.012216776 88.211279 -6.3566214 72.450845
 3.888264 83.254761 0.012011325 89.184721 -5.9299598 72.439146
 3.8919808 85.317479 0.011720928 90.821513 -5.504034 72.427435
 3.8956975 88.541875 0.011294091 93.474181 -4.9323054 72.415714
 3.8994142 93.286189 0.0107197 97.68667 -4.4004816 72.403981
 3.903131 100.09758 0.009990251 104.24894 -4.1513501 72.392238
 3.9068477 110.30333 0.0090659097 114.02816 -3.7248328 72.380483
 3.9105645 124.57935 0.0080270126 127.84129 -3.2619427 72.368718
 3.9142812 143.33471 0.0069766771 146.21943 -2.8847167 72.356942
 3.917998 167.86775 0.0059570703 169.04516 -1.1774069 72.345156
 3.9217147 196.02638 0.0051013542 195.12064 0.90574196 72.333359
 3.9254314 224.14964 0.0044613053 222.14447 2.0051735 72.321552
 3.9291482 249.2674 0.004011756 246.45885 2.8085551 72.309735
 3.9328649 266.90213 0.0037466917 263.83343 3.0686954 72.297908
 3.9365817 274.6476 0.0036410294 271.66869 2.9789088 72.28607
 3.9402984 273.53133 0.0036558883 270.90927 2.6220612 72.274224
 3.9440151 268.11927 0.0037296834 265.62285 2.4964218 72.262367
 3.9477319 263.94261 0.0037887025 260.51897 3.4236337 72.250501
 3.9514486 264.685 0.0037780759 258.54654 6.1384541 72.238625
 3.9551654 271.15404 0.0036879406 260.99748 10.15656 72.22674
 3.9588821 280.92507 0.0035596681 267.21083 13.714236 72.214845
 3.9625989 289.23654 0.0034573778 274.45554 14.780997 72.202942
 3.9663156 290.95171 0.0034369965 278.80868 12.143032 72.191029
 3.9700323 283.48498 0.0035275238 276.98572 6.4992552 72.179108
 3.9737491 267.16177 0.0037430505 268.02837 -0.86659993 72.167177
 3.9774658 245.53544 0.0040727319 253.37715 -7.8417099 72.155238
 3.9811826 223.9761 0.0044647621 235.41451 -11.438411 72.143291
 3.9848993 205.2136 0.0048729713 217.19439 -11.980783 72.131334
 3.988616 190.28289 0.0052553333 200.43427 -10.151387 72.11937
 3.9923328 178.95484 0.005588002 186.4338 -7.4789574 72.107397
 3.9960495 169.26517 0.0059078899 174.62656 -5.3613881 72.095416
 3.9997663 158.77529 0.0062982091 163.53074 -4.7554417 72.083428
 4.003483 146.46449 0.0068275934 151.93418 -5.4696855 72.071431
 4.0071997 132.76726 0.0075319772 139.69037 -6.9231059 72.059426
 4.0109165 118.58602 0.0084326975 127.58298 -8.9969595 72.047414
 4.0146332 106.15988 0.0094197543 116.44693 -10.287045 72.035394
 4.01835 96.223882 0.01039243 106.82501 -10.601127 72.023366
 4.0220667 88.487928 0.011300977 99.005899 -10.517971 72.011331
 4.0257834 82.880442 0.012065573 93.130457 -10.250015 71.999289
 4.0295002 79.126185 0.012638041 88.673044 -9.5468591 71.98724
 4.0332169 76.620369 0.01305136 85.504452 -8.884083 71.975184
 4.0369337 74.923912 0.013346874 83.289894 -8.3659824 71.96312
 4.0406504 73.8566 0.013539751 81.728611 -7.8720109 71.95105
 4.0443672 73.138685 0.013672655 80.598012 -7.459327 71.938973
 4.0480839 72.642896 0.013765971 79.745818 -7.102922 71.92689
 4.0518006 72.296661 0.013831897 79.068122 -6.7714609 71.9148
 4.0555174 72.048943 0.013879454 78.507148 -6.4582057 71.902703
 4.0592341 71.82902 0.01392195 78.029418 -6.2003973 71.8906
 4.0629509 71.629692 0.013960691 77.483929 -5.8542374 71.878491
 4.0666676 71.460813 0.013993684 77.121427 -5.6606139 71.866376
 4.0703844 71.339747 0.014017431 76.799936 -5.4601889 71.854255
 4.0741011 71.257512 0.014033608 76.51335 -5.2558377 71.842128
 4.0778178 71.184962 0.014047911 76.256251 -5.0712892 71.829995
 4.0815346 71.132197 0.014058331 76.024689 -4.8924922 71.817856
 4.0852513 71.074354 0.014069773 75.81559 -4.7412361 71.805712
 4.0889681 71.009033 0.014082715 75.626095 -4.617062 71.793563
 4.0926848 70.95109 0.014094216 75.453761 -4.5026706 71.781408
 4.0964015 70.920214 0.014100352 75.296742 -4.3765279 71.769247
 4.1001183 70.874435 0.01410946 75.153461 -4.2790258 71.757082
 4.103835 70.843712 0.014115579 75.022348 -4.178636 71.744911
 4.1075518 70.807465 0.014122805 74.902197 -4.0947321 71.732736
 4.1112685 70.782669 0.014127752 74.792043 -4.0093742 71.720556
 4.1149852 70.761668 0.014131945 74.690955 -3.9292875 71.70837
 4.118702 70.742353 0.014135804 74.328875 -3.5865225 71.696181
 4.1224187 70.745425 0.01413519 74.250056 -3.504631 71.683986
 4.1261355 70.764201 0.014131439 74.178028 -3.4138271 71.671787
 4.1298522 70.787112 0.014126865 74.112225 -3.3251127 71.659584
 4.1335689 70.821587 0.014119989 74.052214 -3.2306278 71.647377
 4.1372857 70.871841 0.014109976 73.997644 -3.1258028 71.635165
 4.1410024 70.926275 0.014099147 73.948197 -3.0219222 71.622949
 4.1447192 70.978167 0.014088839 73.903547 -2.9253801 71.61073
 4.1484359 71.064682 0.014071688 73.86347 -2.7987877 71.598506
 4.1521527 71.176201 0.01404964 73.827801 -2.6516004 71.586279
 4.1558694 71.307978 0.014023676 73.796334 -2.4883557 71.574048
 4.1595861 71.458071 0.01399422 73.768934 -2.3108628 71.561814
 4.1633029 71.620122 0.013962556 73.745507 -2.1253848 71.549576
 4.1670196 71.794904 0.013928565 73.726 -1.931096 71.537334
 4.1707364 71.9608 0.013896455 73.710327 -1.7495268 71.52509
 4.1744531 72.12399 0.013865012 73.698469 -1.5744784 71.512842
 4.1781698 72.315417 0.01382831 73.690475 -1.375058 71.500591
 4.1818866 72.509801 0.013791239 73.68635 -1.1765485 71.488337
 4.1856033 72.672648 0.013760335 73.686145 -1.0134973 71.476081
 4.1893201 72.788816 0.013738374 73.689971 -0.90115564 71.463821
 4.1930368 72.878774 0.013721416 73.697985 -0.81921124 71.451559
 4.1967536 72.941065 0.013709698 73.710301 -0.76923512 71.439294
 4.2004703 72.976105 0.013703116 73.727112 -0.75100757 71.427027
 4.204187 73.009727 0.013696805 74.042509 -1.0327814 71.414757
 4.2079038 73.037837 0.013691534 74.075972 -1.0381353 71.402485
 4.2116205 73.081052 0.013683437 74.115035 -1.0339827 71.390211
 4.2153373 73.147064 0.013671089 74.16014 -1.0130759 71.377935
 4.219054 73.253993 0.013651133 74.211825 -0.95783205 71.365657
 4.2227707 73.350309 0.013633208 74.270571 -0.92026203 71.353376
 4.2264875 73.456014 0.013613589 74.421226 -0.96521155 71.341094
 4.2302042 73.548411 0.013596487 74.498236 -0.94982465 71.32881
 4.233921 73.630185 0.013581386 74.584749 -0.9545639 71.316525
 4.2376377 73.712084 0.013566297 74.681772 -0.96968737 71.304238
 4.2413545 73.786379 0.013552637 74.641061 -0.85468155 71.29195
 4.2450712 73.862958 0.013538586 74.766878 -0.90392004 71.27966
 4.2487879 73.932587 0.013525835 74.907582 -0.97499533 71.267369
 4.2525047 73.997012 0.013514059 75.065252 -1.0682402 71.255077
 4.2562214 74.081095 0.01349872 75.242708 -1.1616124 71.242783
 4.2599382 74.195081 0.013477982 75.442843 -1.2477621 71.230489
 4.2636549 74.354696 0.01344905 75.669227 -1.3145313 71.218194
 4.2673716 74.538816 0.013415829 75.92657 -1.3877544 71.205898
 4.2710884 74.756866 0.013376698 76.220907 -1.464041 71.193601
 4.2748051 75.027578 0.013328432 76.441204 -1.4136261 71.181304
 4.2785219 75.337191 0.013273657 76.8353 -1.4981085 71.169006
 4.2822386 75.722102 0.013206184 77.297108 -1.5750059 71.156707
 4.2859553 76.231667 0.013117908 77.792384 -1.5607179 71.144409
 4.2896721 76.909859 0.013002234 78.466513 -1.5566539 71.13211
 4.2933888 77.886088 0.012839263 79.326185 -1.4400966 71.119811
 4.2971056 79.236903 0.012620382 80.878637 -1.641734 71.107512
 4.3008223 81.106829 0.012329418 82.545932 -1.4391025 71.095212
 4.304539 83.920954 0.011915975 85.031725 -1.1107707 71.082913
 4.3082558 88.100009 0.011350737 88.799299 -0.69928994 71.070614
 4.3119725 94.16718 0.010619411 94.635322 -0.46814115 71.058316
 4.3156893 103.31165 0.0096794502 103.28077 0.030882821 71.046018
 4.319406 116.67554 0.0085707764 115.54796 1.1275844 71.03372
 4.3231228 134.79708 0.0074185584 132.00711 2.7899695 71.021423
 4.3268395 158.49045 0.0063095285 152.5453 5.9451462 71.009126
 4.3305562 186.55967 0.0053602153 176.19822 10.361452 70.99683
 4.334273 214.81082 0.0046552591 200.82018 13.990638 70.984535
 4.3379897 238.61925 0.0041907767 222.78069 15.838564 70.972241
 4.3417065 253.69758 0.003941701 237.49338 16.204201 70.959947
 4.3454232 255.82183 0.0039089705 240.80065 15.021185 70.947655
 4.3491399 244.64795 0.0040875061 231.54923 13.098723 70.935364
 4.3528567 222.96632 0.0044849822 212.78983 10.176498 70.923074
 4.3565734 196.65022 0.0050851711 189.17577 7.4744431 70.910786
 4.3602902 170.07266 0.0058798399 164.89761 5.1750506 70.898499
 4.3640069 145.3185 0.0068814362 142.86097 2.4575358 70.886213
 4.3677237 125.19537 0.0079875158 124.56022 0.6351473 70.87393
 4.3714404 110.25315 0.0090700356 110.48735 -0.23419629 70.861647
 4.3751571 99.221909 0.010078419 100.39483 -1.1729174 70.849367
 4.3788739 91.443914 0.010935665 93.531812 -2.0878982 70.837088
 4.3825906 86.402288 0.011573768 89.071338 -2.6690498 70.824811
 4.3863074 83.062576 0.012039116 86.277643 -3.2150666 70.812536
 4.3900241 80.845088 0.012369335 84.543829 -3.6987414 70.800264
 4.3937408 79.449196 0.01258666 83.460551 -4.011355 70.787993
 4.3974576 78.520795 0.01273548 82.777949 -4.2571536 70.775725
 4.4011743 77.859261 0.012843687 82.348862 -4.4896015 70.763459
 4.4048911 77.435438 0.012913984 82.088964 -4.653527 70.751195
 4.4086078 77.156197 0.012960722 81.954278 -4.7980812 70.738934
 4.4123246 76.982361 0.012989989 81.921691 -4.9393306 70.726676
 4.4160413 76.885078 0.013006425 81.977611 -5.0925323 70.71442
 4.419758 76.861565 0.013010404 82.11344 -5.2518751 70.702167
 4.4234748 76.899554 0.013003977 82.325143 -5.4255895 70.689917
 4.4271915 76.975967 0.012991068 82.611635 -5.6356672 70.67767
 4.4309083 77.128265 0.012965415 82.972893 -5.8446272 70.665426
 4.434625 77.3498 0.012928282 83.410556 -6.0607555 70.653184
 4.4383417 77.631699 0.012881336 83.928769 -6.2970704 70.640946
 4.4420585 77.986298 0.012822765 84.534374 -6.5480767 70.628712
 4.4457752 78.418859 0.012752035 85.355248 -6.9363892 70.61648
 4.449492 78.932119 0.012669114 86.161555 -7.2294361 70.604252
 4.4532087 79.581144 0.012565791 87.085662 -7.5045188 70.592028
 4.4569254 80.386345 0.012439924 88.144132 -7.7577874 70.579807
 4.4606422 81.385841 0.012287149 89.356289 -7.9704474 70.567589
 4.4643589 82.640689 0.012100577 90.748903 -8.1082143 70.555376
 4.4680757 84.206296 0.011875597 92.362959 -8.1566629 70.543166
 4.4717924 86.192782 0.0116019 94.250491 -8.0577089 70.53096
 4.4755091 88.840726 0.011256099 96.463446 -7.6227201 70.518758
 4.4792259 92.350286 0.010828337 99.220955 -6.8706688 70.50656
 4.4829426 97.002841 0.010308976 102.74733 -5.7444847 70.494366
 4.4866594 103.31849 0.0096788093 107.45678 -4.1382846 70.482176
 4.4903761 111.91284 0.0089355252 114.01218 -2.0993449 70.469991
 4.4940929 123.39111 0.0081043114 123.45664 -0.065526843 70.45781
 4.4978096 139.45822 0.0071706065 137.09353 2.3646845 70.445633
 4.5015263 161.45829 0.0061935499 156.4574 5.0008949 70.433461
 4.5052431 190.43443 0.0052511512 183.11788 7.3165539 70.421293
 4.5089598 228.66117 0.004373283 218.25071 10.410459 70.40913
 4.5126766 276.57329 0.0036156781 261.88978 14.683518 70.396972
 4.5163933 331.01312 0.0030210283 312.73922 18.273906 70.384819
 4.5201101 388.79051 0.0025720793 367.55381 21.2367 70.37267
 4.5238268 445.70704 0.0022436262 420.65451 25.052536 70.360527
 4.5275435 493.36418 0.0020269003 464.9046 28.459573 70.348388
 4.5312603 527.52669 0.0018956387 494.26595 33.260745 70.336255
 4.534977 548.41044 0.0018234518 507.803 40.607443 70.324127
 4.5386938 557.30497 0.0017943497 510.61039 46.694587 70.312004
 4.5424105 556.49373 0.0017969654 508.77682 47.71691 70.299886
 4.5461272 548.08327 0.0018245403 506.15504 41.928237 70.287774
 4.549844 533.81812 0.0018732972 502.93292 30.885191 70.275667
 4.5535607 513.31801 0.0019481101 496.63244 16.685573 70.263566
 4.5572775 486.18396 0.0020568346 484.32725 1.8567136 70.25147
 4.5609942 454.57758 0.0021998445 463.85775 -9.2801785 70.23938
 4.564711 420.74936 0.0023767119 435.02525 -14.275888 70.227296
 4.5684277 384.234 0.0026025807 399.77181 -15.537807 70.215218
 4.5721444 347.15751 0.0028805368 361.38872 -14.231213 70.203146
 4.5758612 310.76973 0.0032178166 323.58708 -12.81735 70.19108
 4.5795779 275.08785 0.0036352024 289.21564 -14.127788 70.179019
 4.5832947 243.57247 0.0041055543 260.2791 -16.706632 70.166965
 4.5870114 218.62355 0.0045740726 238.36902 -19.745467 70.154917
 4.5907281 201.51189 0.0049624864 224.74843 -23.236547 70.142876
 4.5944449 194.78801 0.0051337861 220.76003 -25.972015 70.13084
 4.5981616 201.10523 0.004972521 227.9418 -26.83657 70.118812
 4.6018784 225.18456 0.0044408019 247.26767 -22.083118 70.106789
 4.6055951 268.98106 0.0037177339 278.7639 -9.7828443 70.094773
 4.6093118 332.46993 0.0030077908 321.01715 11.452776 70.082764
 4.6130286 414.19016 0.00241435 370.37547 43.814685 70.070762
 4.6167453 497.12998 0.0020115463 420.13892 76.991065 70.058766
 4.6204621 561.39675 0.0017812714 460.85594 100.54081 70.046777
 4.6241788 591.18258 0.0016915248 481.223 109.95958 70.034796
 4.6278955 578.05353 0.0017299436 473.78301 104.27052 70.022821
 4.6316123 527.83789 0.0018945211 440.20006 87.637833 70.010853
 4.635329 451.12348 0.002216688 389.33222 61.791269 69.998892
 4.6390458 368.17673 0.0027160869 331.78166 36.395071 69.986939
 4.6427625 294.45337 0.0033961235 275.94063 18.512743 69.974992
 4.6464793 232.50626 0.0043009595 226.95079 5.5554667 69.963053
 4.650196 184.23451 0.0054278647 187.11426 -2.8797441 69.951122
 4.6539127 149.36521 0.0066949995 156.85944 -7.4942299 69.939198
 4.6576295 125.45715 0.0079708493 135.05582 -9.5986711 69.927281
 4.6613462 109.28623 0.0091502834 120.00483 -10.718602 69.915372
 4.665063 98.589127 0.010143106 109.88499 -11.29586 69.903471
 4.6687797 91.837433 0.010888806 103.02094 -11.18351 69.891578
 4.6724964 87.42866 0.011437897 98.383217 -10.954557 69.879692
 4.6762132 84.493162 0.011835277 95.075053 -10.581892 69.867814
 4.6799299 82.593933 0.012107427 92.682638 -10.088705 69.855944
 4.6836467 81.307617 0.012298971 90.716694 -9.4090766 69.844082
 4.6873634 80.434153 0.01243253 89.10813 -8.6739772 69.832228
 4.6910802 79.872007 0.012520031 87.767425 -7.8954179 69.820383
 4.6947969 79.491778 0.012579917 86.633586 -7.1418081 69.808545
 4.6985136 79.255038 0.012617494 85.671995 -6.4169567 69.796716
 4.7022304 79.149513 0.012634316 84.921648 -5.7721344 69.784895
 4.7059471 79.130834 0.012637299 84.245125 -5.114291 69.773082
 4.7096639 79.182666 0.012629027 83.689684 -4.5070188 69.761278
 4.7133806 79.295237 0.012611098 83.24874 -3.9535031 69.749483
 4.7170973 79.467845 0.012583706 82.922357 -3.4545124 69.737696
 4.7208141 79.666367 0.012552349 82.712607 -3.0462408 69.725918
 4.7245308 79.874517 0.012519638 82.632271 -2.7577545 69.714148
 4.7282476 80.096799 0.012484893 82.711245 -2.6144463 69.702387
 4.7319643 80.405451 0.012436968 83.008395 -2.602944 69.690635
 4.7356811 80.856501 0.012367589 83.625444 -2.7689424 69.678892
 4.7393978 81.584119 0.012257287 84.737733 -3.1536137 69.667158
 4.7431145 82.714261 0.012089814 86.640619 -3.9263575 69.655433
 4.7468313 84.520691 0.011831422 89.730438 -5.2097471 69.643717
 4.750548 87.539594 0.011423402 94.511503 -6.9719091 69.632011
 4.7542647 92.341009 0.010829425 101.55402 -9.213014 69.620313
 4.7579815 99.673991 0.010032708 111.36039 -11.686396 69.608625
 4.7616982 110.76123 0.0090284303 124.09369 -13.332465 69.596946
 4.765415 125.22252 0.0079857841 139.47701 -14.254487 69.585276
 4.7691317 141.89884 0.0070472737 156.56529 -14.666447 69.573616
 4.7728485 159.17958 0.006282213 173.46129 -14.281713 69.561966
 4.7765652 172.81227 0.0057866263 187.37464 -14.562377 69.550325
 4.7802819 179.34873 0.0055757293 194.9642 -15.615468 69.538694
 4.7839987 177.267 0.005641208 193.76876 -16.501762 69.527072
 4.7877154 167.59031 0.0059669322 184.25744 -16.667135 69.51546
 4.7914322 153.12921 0.0065304329 169.12339 -15.994179 69.503858
 4.7951489 136.37899 0.0073325076 151.64668 -15.267683 69.492266
 4.7988656 120.6717 0.0082869472 134.49484 -13.823143 69.480684
 4.8025824 107.74161 0.0092814654 119.29059 -11.548986 69.469112
 4.8062991 97.428276 0.010263961 106.84507 -9.4167904 69.45755
 4.8100159 89.66303 0.011152869 97.353795 -7.6907646 69.445998
 4.8137326 84.224932 0.011872969 90.483949 -6.2590171 69.434456
 4.8174494 80.550865 0.012414516 85.732271 -5.1814057 69.422925
 4.8211661 78.056714 0.012811198 82.559638 -4.5029236 69.411404
 4.8248828 76.442457 0.013081736 80.535181 -4.0927248 69.399893
 4.8285996 75.385455 0.013265158 79.113047 -3.7275924 69.388393
 4.8323163 74.656624 0.013394659 78.117834 -3.4612103 69.376903
 4.8360331 74.148867 0.013486383 77.387769 -3.2389019 69.365423
 4.8397498 73.810041 0.013548292 76.821538 -3.0114972 69.353955
 4.8434665 73.597417 0.013587433 76.365181 -2.767764 69.342496
 4.8471833 73.448702 0.013614944 75.988551 -2.539849 69.331049
 4.8509 73.326942 0.013637552 75.672767 -2.3458247 69.319612
 4.8546168 73.230855 0.013655446 75.40602 -2.1751651 69.308186
 4.8583335 73.17509 0.013665853 74.977628 -1.8025381 69.296772
 4.8620503 73.13649 0.013673065 74.709419 -1.5729287 69.285367
 4.865767 73.104889 0.013678976 74.558093 -1.4532041 69.273974
 4.8694837 73.088938 0.013681961 74.434931 -1.3459923 69.262592
 4.8732005 73.094953 0.013680835 74.337814 -1.242861 69.251222
 4.8769172 73.122114 0.013675753 74.264933 -1.142819 69.239862
 4.880634 73.150291 0.013670486 74.132756 -0.98246474 69.228513
 4.8843507 73.202075 0.013660815 74.106814 -0.90473924 69.217176
 4.8880674 73.237867 0.013654139 74.10318 -0.86531369 69.20585
 4.8917842 73.267522 0.013648612 74.121688 -0.85416619 69.194536
 4.8955009 73.30083 0.01364241 74.163049 -0.86221946 69.183232
 4.8992177 73.35775 0.013631825 74.228549 -0.87079891 69.171941
 4.9029344 73.423686 0.013619583 74.319864 -0.8961786 69.160661
 4.9066512 73.496808 0.013606033 74.439029 -0.94222039 69.149392
 4.9103679 73.556384 0.013595013 74.588936 -1.0325518 69.138135
 4.9140846 73.622482 0.013582807 74.773875 -1.1513926 69.12689
 4.9178014 73.716512 0.013565482 74.998142 -1.2816299 69.115657
 4.9215181 73.851107 0.013540758 75.268022 -1.4169146 69.104435
 4.9252349 74.020477 0.013509775 75.592217 -1.5717401 69.093225
 4.9289516 74.208506 0.013475544 75.983028 -1.7745221 69.082027
 4.9326683 74.466921 0.013428781 76.458151 -1.9912297 69.070841
 4.9363851 74.763105 0.013375581 77.047348 -2.2842436 69.059667
 4.9401018 75.143272 0.013307911 77.804753 -2.6614806 69.048506
 4.9438186 75.689916 0.0132118 78.817314 -3.1273985 69.037356
 4.9475353 76.463328 0.013078165 80.230984 -3.7676556 69.026218
 4.951252 77.563983 0.012892582 82.281495 -4.7175123 69.015093
 4.9549688 79.221502 0.012622836 85.318951 -6.0974496 69.00398
 4.9586855 81.686335 0.01224195 89.399678 -7.7133425 68.992879
 4.9624023 85.291789 0.011724458 95.802124 -10.510335 68.981791
 4.966119 90.840324 0.011008327 104.67594 -13.83562 68.970715
 4.9698357 98.768379 0.010124698 116.31775 -17.549368 68.959651
 4.9735525 109.39894 0.0091408563 130.70236 -21.303418 68.9486
 4.9772692 123.15171 0.008120066 147.32571 -24.174 68.937562
 4.980986 138.28961 0.0072312012 164.96879 -26.67918 68.926536
 4.9847027 152.46957 0.0065586856 181.6165 -29.146927 68.915523
 4.9884195 163.73988 0.0061072477 194.67111 -30.931227 68.904523
 4.9921362 170.21327 0.0058749825 201.67272 -31.459445 68.893535
 4.9958529 171.82103 0.0058200094 202.31003 -30.489002 68.882561
 4.9995697 170.24328 0.0058739469 198.74477 -28.501491 68.871599
 5.0032864 168.55641 0.0059327321 194.18022 -25.623811 68.86065
 5.0070032 168.86146 0.0059220146 191.20389 -22.34243 68.849714
 5.0107199 171.94591 0.0058157825 191.06745 -19.121543 68.838791
 5.0144367 177.0257 0.0056488973 193.55587 -16.530173 68.827881
 5.0181534 182.13637 0.0054903915 197.09982 -14.963442 68.816984
 5.0218701 185.58323 0.005388418 199.31517 -13.731945 68.8061
 5.0255869 186.11604 0.0053729919 198.34322 -12.227177 68.79523
 5.0293036 183.42633 0.0054517802 194.06811 -10.641781 68.784372
 5.0330204 177.95641 0.0056193536 188.00001 -10.043602 68.773528
 5.0367371 170.79453 0.0058549884 181.59848 -10.803952 68.762698
 5.0404538 162.77474 0.0061434592 175.4153 -12.640553 68.751881
 5.0441706 153.87899 0.0064986131 168.94625 -15.067265 68.741077
 5.0478873 144.03682 0.0069426693 161.06574 -17.028919 68.730286
 5.0516041 133.44443 0.0074937559 151.14449 -17.700056 68.71951
 5.0553208 122.29099 0.0081772176 139.61338 -17.322392 68.708746
 5.0590375 111.36091 0.0089798114 127.61101 -16.250101 68.697997
 5.0627543 101.70416 0.0098324392 116.24967 -14.545511 68.687261
 5.066471 93.75559 0.010666031 106.23005 -12.474463 68.676539
 5.0701878 87.497704 0.011428871 97.919673 -10.421969 68.66583
 5.0739045 82.850891 0.012069876 91.378841 -8.52795 68.655136
 5.0776212 79.58813 0.012564688 86.457623 -6.8694932 68.644455
 5.081338 77.304118 0.012935921 82.90341 -5.599292 68.633788
 5.0850547 75.73777 0.013203452 80.428128 -4.6903582 68.623135
 5.0887715 74.759384 0.013376247 78.719762 -3.9603778 68.612496
 5.0924882 74.148384 0.013486471 77.542965 -3.3945806 68.601871
 5.096205 73.737503 0.01356162 76.725869 -2.9883661 68.59126
 5.0999217 73.50191 0.013605089 76.148304 -2.6463942 68.580663
 5.1036384 73.375041 0.013628613 75.735496 -2.3604549 68.570081
 5.1073552 73.32073 0.013638708 75.446199 -2.1254698 68.559512
 5.1110719 73.314969 0.013639779 75.260695 -1.9457257 68.548958
 5.1147887 73.376244 0.013628389 75.16931 -1.7930665 68.538418
 5.1185054 73.491241 0.013607064 75.05479 -1.5635482 68.527892
 5.1222221 73.675415 0.013573049 75.178885 -1.5034699 68.517381
 5.1259389 73.938278 0.013524794 75.455978 -1.5176996 68.506884
 5.1296556 74.325679 0.0134543 75.95263 -1.6269517 68.496402
 5.1333724 74.893303 0.013352329 76.85514 -1.9618371 68.485934
 5.1370891 75.81266 0.013190409 78.212105 -2.3994452 68.47548
 5.1408058 77.254219 0.012944277 80.072731 -2.8185121 68.465042
 5.1445226 79.513631 0.01257646 83.305174 -3.7915431 68.454617
 5.1482393 83.176404 0.01202264 88.000259 -4.8238546 68.444208
 5.1519561 88.791542 0.011262334 94.478011 -5.6864686 68.433813
 5.1556728 96.978427 0.010311572 102.86397 -5.8855445 68.423433
 5.1593896 108.52906 0.0092141222 113.01982 -4.4907626 68.413067
 5.1631063 122.40445 0.0081696377 124.40523 -2.0007817 68.402717
 5.166823 136.62057 0.0073195417 135.87998 0.74059986 68.392381
 5.1705398 148.94017 0.0067141056 145.72317 3.2169951 68.382061
 5.1742565 156.00904 0.0064098848 151.74792 4.2611208 68.371755
 5.1779733 156.14652 0.0064042414 152.14173 4.0047929 68.361464
 5.18169 149.24729 0.006700289 146.82865 2.4186453 68.351188
 5.1854068 137.89581 0.0072518521 137.34325 0.55255293 68.340927
 5.1891235 124.99179 0.0080005253 125.84195 -0.85015438 68.330681
 5.1928402 112.09496 0.0089210076 114.20732 -2.1123599 68.320451
 5.196557 101.03448 0.0098976107 103.63145 -2.5969655 68.310235
 5.2002737 92.361483 0.010827024 94.764152 -2.4026692 68.300035
 5.2039905 85.806821 0.011654085 87.826631 -2.0198096 68.28985
 5.2077072 81.071925 0.012334726 82.678796 -1.6068707 68.279681
 5.2114239 77.81898 0.012850336 79.032682 -1.2137019 68.269526
 5.2151407 75.693204 0.013211226 76.549226 -0.85602215 68.259387
 5.2188574 74.249944 0.013468024 74.87533 -0.62538638 68.249264
 5.2225742 73.26975 0.013648197 73.73796 -0.46820986 68.239156
 5.2262909 72.606791 0.013772816 72.944203 -0.3374121 68.229063
 5.2300077 72.150436 0.01385993 72.365512 -0.21507534 68.218986
 5.2337244 71.819946 0.013923709 71.919261 -0.099314368 68.208924
 5.2374411 71.595866 0.013967287 71.559654 0.036212112 68.198878
 5.2411579 71.413078 0.014003037 71.260622 0.15245665 68.188848
 5.2448746 71.257975 0.014033517 71.005677 0.25229803 68.178833
 5.2485913 71.134758 0.014057825 70.784847 0.34991142 68.168834
 5.2523081 71.039482 0.014076679 70.591685 0.44779725 68.15885
 5.2560248 70.966527 0.01409115 70.421672 0.54485573 68.148883
 5.2597416 70.918322 0.014100728 70.270774 0.64754808 68.138931
 5.2634583 70.859362 0.014112461 70.136152 0.72320996 68.128995
 5.2671751 70.8075 0.014122798 70.015651 0.79184953 68.119075
 5.2708918 70.762375 0.014131804 69.907254 0.85512125 68.109171
 5.2746085 70.73111 0.014138051 69.809314 0.9217953 68.099282
 5.2783253 70.697695 0.014144733 69.720555 0.97714068 68.08941
 5.282042 70.652552 0.01415377 69.639994 1.0125583 68.079554
 5.2857588 70.608228 0.014162655 69.566566 1.0416623 68.069714
 5.2894755 70.579681 0.014168384 69.49951 1.0801715 68.059889
 5.2931922 70.587306 0.014166853 69.438234 1.1490716 68.050081
 5.296909 70.597287 0.01416485 69.382156 1.2151316 68.040289
 5.3006257 70.584829 0.01416735 69.330765 1.2540635 68.030514
 5.3043425 70.551636 0.014174016 69.283671 1.2679651 68.020754
 5.3080592 70.534889 0.014177381 69.240599 1.2942905 68.011011
 5.311776 70.524028 0.014179565 69.201187 1.3228409 68.001284
 5.3154927 70.517693 0.014180838 69.221046 1.296647 67.991573
 5.3192094 70.503405 0.014183712 69.189456 1.3139497 67.981878
 5.3229262 70.489891 0.014186431 69.160987 1.3289045 67.9722
 5.3266429 70.490524 0.014186304 69.13548 1.3550447 67.962539
 5.3303597 70.489609 0.014186488 69.112837 1.3767715 67.952894
 5.3340764 70.504534 0.014183485 69.093039 1.4114953 67.943265
 5.3377931 70.516446 0.014181089 68.963488 1.5529587 67.933653
 5.3415099 70.533717 0.014177617 68.951532 1.5821851 67.924057
 5.3452266 70.548218 0.014174703 68.997867 1.550351 67.914478
 5.3489434 70.563769 0.014171579 68.99245 1.571319 67.904915
 5.3526601 70.595985 0.014165111 68.989826 1.6061593 67.895369
 5.3563769 70.637797 0.014156727 68.990089 1.6477083 67.88584
 5.3600936 70.699849 0.014144302 68.993416 1.7064335 67.876327
 5.3638103 70.766111 0.014131058 68.999916 1.7661945 67.866832
 5.3675271 70.835396 0.014117236 69.009779 1.8256166 67.857352
 5.3712438 70.884308 0.014107495 68.929786 1.9545223 67.84789
 5.3749606 70.933932 0.014097625 68.949168 1.9847637 67.838444
 5.3786773 70.984823 0.014087518 69.027361 1.9574611 67.829016
 5.382394 71.02213 0.014080118 69.056598 1.9655326 67.819604
 5.3861108 71.031736 0.014078214 69.091017 1.9407184 67.810209
 5.3898275 71.041494 0.014076281 69.13113 1.9103642 67.800831
 5.3935443 71.066419 0.014071344 69.1776 1.8888187 67.79147
 5.397261 71.107651 0.014063184 69.171404 1.9362465 67.782126
 5.4009778 71.148921 0.014055027 69.234611 1.91431 67.772798
 5.4046945 71.218664 0.014041263 69.307111 1.9115524 67.763488
 5.4084112 71.298126 0.014025614 69.390302 1.9078238 67.754195
 5.412128 71.395846 0.014006417 69.541947 1.8538995 67.744919
 5.4158447 71.508822 0.013984289 69.653494 1.8553284 67.735661
 5.4195614 71.622447 0.013962103 69.782215 1.8402312 67.726419
 5.4232782 71.748449 0.013937584 69.931521 1.8169274 67.717194
 5.4269949 71.871923 0.013913639 70.106094 1.7658292 67.707987
 5.4307117 72.016434 0.01388572 70.311727 1.7047066 67.698797
 5.4344284 72.205035 0.01384945 70.557512 1.6475224 67.689624
 5.4381452 72.47241 0.013798355 70.859155 1.613255 67.680469
 5.4418619 72.815847 0.013733274 71.2416 1.5742469 67.671331
 5.4455786 73.232765 0.01365509 71.747103 1.4856619 67.66221
 5.4492954 73.776334 0.013554482 72.44746 1.3288746 67.653106
 5.4530121 74.573044 0.013409671 73.462229 1.1108144 67.64402
 5.4567289 75.764977 0.013198711 74.957536 0.80744023 67.634951
 5.4604456 77.550446 0.012894832 77.161676 0.38876986 67.6259
 5.4641623 80.28583 0.012455498 80.369292 -0.083461459 67.616866
 5.4678791 84.436264 0.011843253 84.868242 -0.43197749 67.60785
 5.4715958 90.465101 0.011053986 90.879927 -0.4148267 67.598851
 5.4753126 98.903142 0.010110902 98.488956 0.41418663 67.58987
 5.4790293 110.24742 0.0090705067 107.5362 2.7112232 67.580906
 5.4827461 123.27816 0.0081117371 117.45149 5.8266649 67.57196
 5.4864628 136.18352 0.0073430323 127.23821 8.945309 67.563032
 5.4901795 146.86915 0.006808782 135.34235 11.526796 67.554121
 5.4938963 152.55143 0.0065551665 139.90946 12.64197 67.545228
 5.497613 152.09786 0.0065747145 139.64998 12.44788 67.536353
 5.5013298 145.73641 0.0068617033 134.63372 11.102686 67.527495
 5.5050465 135.53108 0.0073783816 126.25339 9.2776889 67.518655
 5.5087633 123.61565 0.0080895905 116.43358 7.1820675 67.509833
 5.51248 111.69613 0.0089528613 106.67493 5.0212007 67.501028
 5.5161967 101.46877 0.0098552493 97.793195 3.675573 67.492241
 5.5199135 93.393906 0.010707337 90.376431 3.0174748 67.483473
 5.5236302 87.159368 0.011473236 84.554192 2.6051762 67.474722
 5.527347 82.584752 0.012108773 80.354851 2.2299013 67.465989
 5.5310637 79.467631 0.01258374 77.227914 2.2397171 67.457273
 5.5347804 77.353973 0.012927584 75.141055 2.2129186 67.448576
 5.5384972 75.940814 0.01316815 73.739038 2.2017762 67.439897
 5.5422139 75.038076 0.013326568 72.802302 2.2357742 67.431236
 5.5459307 74.427457 0.013435902 72.164226 2.263231 67.422592
 5.5496474 74.010857 0.013511531 71.713508 2.2973485 67.413967
 5.5533641 73.738841 0.013561374 71.383241 2.3555997 67.40536
 5.5570809 73.566579 0.013593129 71.134463 2.4321157 67.39677
 5.5607976 73.451828 0.013614365 70.942188 2.5096397 67.388199
 5.5645144 73.38338 0.013627064 70.792979 2.590401 67.379646
 5.5682311 73.343763 0.013634425 70.678872 2.6648907 67.371111
 5.5719478 73.343839 0.01363441 70.594519 2.7493204 67.362594
 5.5756646 73.379995 0.013627692 70.535995 2.8439994 67.354096
 5.5793813 73.441638 0.013616254 70.500849 2.940789 67.345615
 5.5830981 73.501879 0.013605094 70.487786 3.0140937 67.337153
 5.5868148 73.564262 0.013593557 70.495379 3.0688831 67.328709
 5.5905316 73.646406 0.013578395 70.523101 3.1233042 67.320283
 5.5942483 73.748934 0.013559518 70.571126 3.177808 67.311875
 5.597965 73.847666 0.013541389 70.640038 3.2076288 67.303486
 5.6016818 73.968964 0.013519184 70.730605 3.2383591 67.295115
 5.6053985 74.119336 0.013491756 70.912826 3.2065105 67.286762
 5.6091153 74.299291 0.013459079 71.053909 3.2453818 67.278428
 5.612832 74.495127 0.013423697 71.223751 3.2713767 67.270112
 5.6165487 74.735982 0.013380436 71.426616 3.3093667 67.261814
 5.6202655 75.030006 0.013328001 71.702069 3.3279374 67.253535
 5.6239822 75.375112 0.013266979 71.995058 3.3800542 67.245274
 5.627699 75.815849 0.013189854 72.353078 3.4627718 67.237032
 5.6314157 76.409589 0.013087363 72.802075 3.607514 67.228808
 5.6351325 77.249331 0.012945096 73.387696 3.8616354 67.220603
 5.6388492 78.389595 0.012756795 74.25318 4.1364153 67.212416
 5.6425659 79.913078 0.012513596 75.358355 4.5547237 67.204247
 5.6462827 82.0109 0.012193501 76.928952 5.081948 67.196097
 5.6499994 84.798653 0.01179264 79.170163 5.6284901 67.187966
 5.6537162 88.383746 0.011314298 82.297809 6.0859371 67.179853
 5.6574329 93.008321 0.010751726 86.527089 6.4812318 67.171759
 5.6611496 98.671196 0.01013467 92.03056 6.6406355 67.163683
 5.6648664 105.16938 0.0095084707 98.81903 6.3503528 67.155626
 5.6685831 112.46697 0.0088914994 106.7103 5.7566676 67.147588
 5.6722999 120.05467 0.0083295387 115.27148 4.7831917 67.139568
 5.6760166 127.23505 0.0078594695 123.70079 3.5342664 67.131567
 5.6797334 133.52816 0.0074890571 130.89131 2.6368464 67.123584
 5.6834501 138.55316 0.0072174463 135.80031 2.7528495 67.11562
 5.6871668 142.07665 0.0070384542 137.84475 4.2319043 67.107675
 5.6908836 144.43053 0.006923744 137.77882 6.6517088 67.099749
 5.6946003 146.23858 0.006838141 136.99487 9.243708 67.091841
 5.6983171 148.25339 0.0067452082 136.7087 11.544692 67.083952
 5.7020338 150.87582 0.0066279671 137.57341 13.302417 67.076082
 5.7057505 153.87916 0.006498606 139.66588 14.213276 67.068231
 5.7094673 156.2271 0.0064009381 141.99714 14.22996 67.060398
 5.713184 156.77861 0.0063784211 143.57616 13.202454 67.052585
 5.7169008 154.88396 0.0064564464 143.45254 11.431425 67.04479
 5.7206175 150.6636 0.0066373033 141.52171 9.1418904 67.037014
 5.7243342 145.11395 0.0068911364 138.78298 6.330972 67.029256
 5.728051 139.72536 0.0071568971 136.49341 3.2319507 67.021518
 5.7317677 136.18794 0.0073427939 135.47876 0.70918129 67.013799
 5.7354845 135.08603 0.00740269 136.04143 -0.95539771 67.006098
 5.7392012 135.82786 0.0073622598 137.82618 -1.9983145 66.998416
 5.7429179 137.03756 0.0072972696 139.88194 -2.8443787 66.990754
 5.7466347 137.42823 0.0072765255 141.017 -3.5887687 66.98311
 5.7503514 136.16627 0.0073439626 140.3074 -4.1411287 66.975485
 5.7540682 133.54984 0.0074878412 137.79866 -4.2488197 66.967879
 5.7577849 130.7479 0.0076483061 134.63301 -3.8851068 66.960292
 5.7615017 129.25217 0.0077368139 132.01498 -2.76281 66.952724
 5.7652184 130.50989 0.0076622547 130.7709 -0.26101142 66.945175
 5.7689351 134.6848 0.0074247428 131.18288 3.501917 66.937645
 5.7726519 140.84026 0.0071002427 132.87899 7.9612661 66.930134
 5.7763686 146.65703 0.0068186299 134.88707 11.769957 66.922642
 5.7800854 149.95211 0.0066687957 135.83086 14.121254 66.91517
 5.7838021 149.18271 0.0067031897 134.28305 14.899655 66.907716
 5.7875188 144.12866 0.0069382452 129.82431 14.304355 66.900281
 5.7912356 135.73717 0.0073671789 123.09379 12.643374 66.892866
 5.7949523 125.29893 0.007980914 115.23612 10.062813 66.885469
 5.7986691 115.07842 0.0086897265 107.34256 7.7358579 66.878092
 5.8023858 106.1621 0.0094195571 100.14883 6.0132761 66.870733
 5.8061026 98.7254 0.010129106 94.067606 4.6577943 66.863394
 5.8098193 92.967522 0.010756445 89.276493 3.6910283 66.856074
 5.813536 88.787064 0.011262902 85.72279 3.0642736 66.848773
 5.8172528 85.917633 0.011639054 83.261268 2.6563648 66.841492
 5.8209695 84.034734 0.011899841 81.704838 2.3298965 66.834229
 5.8246863 82.930957 0.012058223 80.842991 2.0879659 66.826986
 5.828403 82.420728 0.01213287 80.512984 1.9077437 66.819762
 5.8321197 82.339401 0.012144854 80.615251 1.7241507 66.812557
 5.8358365 82.601451 0.012106325 81.106285 1.4951656 66.805371
 5.8395532 83.263964 0.012009997 82.011596 1.2523685 66.798204
 5.84327 84.40475 0.011847675 83.441057 0.96369285 66.791057
 5.8469867 86.144969 0.011608339 85.596672 0.54829694 66.783929
 5.8507035 88.884654 0.011250536 88.770028 0.11462606 66.77682
 5.8544202 93.072383 0.010744326 93.363619 -0.29123635 66.769731
 5.8581369 99.349396 0.010065486 99.91212 -0.56272454 66.76266
 5.8618537 108.97019 0.0091768217 108.86471 0.10547936 66.755609
 5.8655704 122.78609 0.008144245 120.87235 1.91374 66.748577
 5.8692872 141.16389 0.0070839646 136.26103 4.9028602 66.741565
 5.8730039 164.58301 0.0060759612 155.05692 9.5260934 66.734572
 5.8767206 191.08595 0.0052332472 176.77736 14.308587 66.727598
 5.8804374 217.50948 0.0045975009 200.27355 17.235923 66.720643
 5.8841541 241.47124 0.0041412799 223.52729 17.943947 66.713708
 5.8878709 260.29106 0.0038418531 244.15621 16.134849 66.706792
 5.8915876 272.25803 0.0036729863 259.89611 12.361919 66.699896
 5.8953043 276.75117 0.0036133542 269.41255 7.3386182 66.693019
 5.8990211 274.11867 0.003648055 272.2458 1.872869 66.686161
 5.9027378 264.96399 0.0037740978 267.93236 -2.9683725 66.679322
 5.9064546 249.06485 0.0040150185 255.75483 -6.6899712 66.672503
 5.9101713 227.74676 0.0043908418 236.5712 -8.8244405 66.665703
 5.913888 203.85105 0.0049055426 212.94281 -9.0917638 66.658923
 5.9176048 179.46024 0.0055722649 188.10131 -8.6410648 66.652162
 5.9213215 156.65475 0.0063834643 164.70996 -8.0552152 66.64542
 5.9250383 137.5286 0.0072712149 144.34576 -6.8171584 66.638698
 5.928755 122.50515 0.008162922 127.68356 -5.1784043 66.631995
 5.9324718 111.14937 0.008996902 114.83091 -3.6815348 66.625312
 5.9361885 103.12828 0.009696661 105.48605 -2.3577665 66.618648
 5.9399052 98.155568 0.010187909 99.166445 -1.0108769 66.612003
 5.943622 95.506414 0.010470501 95.384395 0.12201842 66.605378
 5.9473387 94.730629 0.010556248 93.745117 0.98551246 66.598773
 5.9510555 95.67205 0.010452373 94.021809 1.650242 66.592186
 5.9547722 98.149562 0.010188533 96.200015 1.9495469 66.58562
 5.9584889 101.86504 0.0098169108 100.21503 1.650008 66.579072
 5.9622057 106.74878 0.0093677882 106.23538 0.51340312 66.572544
 5.9659224 112.74459 0.0088696049 114.3061 -1.5615083 66.566036
 5.9696392 119.384 0.008376332 124.282 -4.898007 66.559547
 5.9733559 126.38949 0.0079120502 135.76188 -9.3723902 66.553077
 5.9770727 133.69845 0.0074795185 147.92933 -14.230887 66.546627
 5.9807894 140.78023 0.0071032702 159.50345 -18.723221 66.540197
 5.9845061 147.30752 0.0067885199 169.00663 -21.699116 66.533786
 5.9882229 153.31302 0.0065226033 175.48379 -22.17077 66.527394
 5.9919396 158.39563 0.0063133053 179.00906 -20.613423 66.521022
 5.9956564 162.39597 0.0061577884 180.60713 -18.211159 66.514669
 5.9993731 165.60803 0.0060383545 181.1645 -15.556467 66.508336
 6.0030899 168.43614 0.0059369681 181.13495 -12.698811 66.502022
 6.0068066 170.9264 0.0058504713 180.74635 -9.8199518 66.495728
 6.0105233 172.73625 0.0057891729 180.04855 -7.3123039 66.489454
 6.0142401 172.90027 0.0057836808 178.45661 -5.5563398 66.483198
 6.0179568 170.279 0.0058727147 174.86305 -4.5840453 66.476963
 6.0216736 164.02044 0.0060968012 168.27393 -4.2534978 66.470747
 6.0253903 154.71642 0.0064634383 158.70533 -3.988914 66.46455
 6.029107 143.84313 0.0069520178 147.5308 -3.687666 66.458373
 6.0328238 132.77584 0.0075314908 136.3931 -3.6172601 66.452215
 6.0365405 123.39653 0.0081039556 126.62756 -3.2310335 66.446077
 6.0402573 116.71579 0.0085678207 119.1174 -2.4016052 66.439959
 6.043974 112.79329 0.0088657759 114.25081 -1.4575222 66.43386
 6.0476907 111.32136 0.008983002 111.99514 -0.67378111 66.42778
 6.0514075 111.80703 0.008943981 112.01523 -0.20819739 66.42172
 6.0551242 113.5806 0.0088043201 113.52183 0.058777773 66.41568
 6.058841 115.55765 0.0086536895 115.60261 -0.044963441 66.409659
 6.0625577 116.83858 0.0085588168 117.11044 -0.27185785 66.403657
 6.0662744 116.77821 0.0085632411 116.68073 0.097483735 66.397675
 6.0699912 115.06305 0.0086908874 113.91942 1.1436268 66.391713
 6.0737079 111.79349 0.0089450645 109.24704 2.5464487 66.38577
 6.0774247 107.21146 0.0093273614 103.50903 3.7024233 66.379847
 6.0811414 102.08839 0.0097954328 97.539454 4.54894 66.373943
 6.0848581 97.106483 0.010297974 91.946265 5.1602188 66.368059
 6.0885749 92.583351 0.010801078 87.016762 5.5665894 66.362194
 6.0922916 88.799614 0.01126131 83.132216 5.667398 66.356349
 6.0960084 85.83697 0.011649992 80.013183 5.8237869 66.350523
 6.0997251 83.598086 0.011961996 77.669744 5.9283419 66.344717
 6.1034419 81.964633 0.012200384 75.96111 6.0035231 66.338931
 6.1071586 80.808932 0.01237487 74.74097 6.0679622 66.333164
 6.1108753 80.04409 0.012493115 73.867 6.1770898 66.327416
 6.1145921 79.535962 0.012572929 73.230068 6.3058944 66.321688
 6.1183088 79.216868 0.012623574 72.803541 6.4133267 66.31598
 6.1220256 79.011424 0.012656398 72.382577 6.6288471 66.310291
 6.1257423 78.90359 0.012673695 72.089614 6.8139759 66.304621
 6.1294591 78.867134 0.012679553 71.850069 7.0170647 66.298971
 6.1331758 78.886251 0.01267648 71.651846 7.2344044 66.293341
 6.1368925 78.922 0.012670738 71.486843 7.4351571 66.28773
 6.1406093 78.987686 0.012660201 71.34978 7.6379065 66.282139
 6.144326 79.074565 0.012646292 71.237077 7.837488 66.276567
 6.1480428 79.163048 0.012632156 71.146331 8.0167164 66.271015
 6.1517595 79.244677 0.012619144 71.075354 8.1693235 66.265482
 6.1554762 79.316516 0.012607715 71.022617 8.2938984 66.259969
 6.159193 79.360687 0.012600697 70.933021 8.4276661 66.254475
 6.1629097 79.387505 0.012596441 70.915091 8.4724134 66.249001
 6.1666265 79.411565 0.012592624 70.975426 8.4361394 66.243546
 6.1703432 79.415232 0.012592043 70.990205 8.4250274 66.238111
 6.17406 79.405474 0.01259359 71.020897 8.3845778 66.232695
 6.1777767 79.371061 0.01259905 71.06765 8.303411 66.227299
 6.1814934 79.334109 0.012604919 71.130995 8.2031138 66.221922
 6.1852102 79.284548 0.012612798 71.21187 8.072678 66.216564
 6.1889269 79.249934 0.012618307 71.311471 7.9384632 66.211227
 6.1926436 79.21553 0.012623787 71.431263 7.7842676 66.205908
 6.1963604 79.193021 0.012627375 71.573114 7.6199074 66.200609
 6.2000771 79.183161 0.012628948 71.739854 7.4433074 66.19533
 6.2037939 79.196757 0.01262678 71.934533 7.2622243 66.19007
 6.2075106 79.250898 0.012618154 72.1613 7.0895981 66.18483
 6.2112274 79.349765 0.012602432 72.426124 6.9236406 66.179609
 6.2149441 79.501961 0.012578306 72.768889 6.7330722 66.174407
 6.2186608 79.710757 0.012545358 73.140277 6.5704797 66.169225
 6.2223776 80.005035 0.012499213 73.590657 6.4143788 66.164062
 6.2260943 80.434547 0.012432469 74.154038 6.2805095 66.158919
 6.2298111 81.05453 0.012337373 74.881009 6.1735209 66.153795
 6.2335278 81.899719 0.012210054 75.848418 6.0513009 66.148691
 6.2372445 83.118118 0.012031071 77.170596 5.9475224 66.143606
 6.2409613 84.804459 0.011791833 79.00482 5.7996383 66.138541
 6.244678 87.153058 0.011474067 81.538752 5.6143062 66.133495
 6.2483948 90.540385 0.011044795 84.985118 5.555267 66.128468
 6.2521115 95.154823 0.010509189 89.572083 5.5827406 66.123461
 6.2558283 101.29948 0.0098717188 95.516726 5.7827553 66.118473
 6.259545 109.42191 0.0091389375 102.78788 6.6340262 66.113504
 6.2632617 119.19032 0.0083899432 111.31393 7.8763925 66.108555
 6.2669785 129.94629 0.007695487 120.77376 9.1725306 66.103625
 6.2706952 141.10421 0.0070869606 130.34257 10.761638 66.098715
 6.274412 150.97555 0.006623589 139.16628 11.80927 66.093824
 6.2781287 158.38436 0.0063137548 146.10688 12.277476 66.088953
 6.2818454 162.83322 0.0061412531 150.61585 12.217362 66.0841
 6.2855622 164.06952 0.0060949773 152.38495 11.684566 66.079267
 6.2892789 162.27764 0.0061622783 151.50091 10.776734 66.074454
 6.2929957 157.71728 0.0063404595 147.63898 10.078296 66.06966
 6.2967124 151.25189 0.0066114878 141.08699 10.1649 66.064885
 6.3004292 143.53492 0.0069669459 132.89782 10.637093 66.060129
 6.3041459 134.99669 0.0074075888 124.43047 10.566219 66.055393
 6.3078626 126.73517 0.0078904695 116.86096 9.8742097 66.050676
 6.3115794 119.71718 0.0083530199 111.01571 8.7014727 66.045978
 6.3152961 114.50118 0.0087335342 107.39275 7.1084312 66.0413
 6.3190129 111.75387 0.0089482359 106.27147 5.4823958 66.036641
 6.3227296 111.92618 0.0089344606 107.71083 4.215347 66.032001
 6.3264463 115.37511 0.0086673803 111.4282 3.94691 66.02738
 6.3301631 121.64836 0.0082204147 117.1073 4.5410659 66.022779
 6.3338798 129.83384 0.0077021524 124.10234 5.7314952 66.018197
 6.3375966 138.70608 0.0072094893 131.46554 7.2405445 66.013634
 6.3413133 146.10417 0.0068444318 137.95496 8.1492049 66.009091
 6.3450301 150.24008 0.0066560136 142.15123 8.0888479 66.004566
 6.3487468 150.31221 0.0066528197 143.2178 7.0944007 66.000061
 6.3524635 146.89153 0.0068077445 141.3751 5.5164274 65.995575
 6.3561803 141.57391 0.0070634482 137.79434 3.7795754 65.991108
 6.359897 136.03232 0.0073511943 133.92387 2.1084505 65.986661
 6.3636138 131.97642 0.0075771111 130.8497 1.1267209 65.982232
 6.3673305 130.37961 0.0076699111 129.07955 1.3000534 65.977823
 6.3710472 131.1317 0.0076259209 128.83119 2.3005151 65.973433
 6.374764 133.07616 0.0075144941 129.6078 3.4683575 65.969062
 6.3784807 134.75663 0.007420785 130.60513 4.1514982 65.964711
 6.3821975 135.01637 0.0074065094 130.86963 4.1467409 65.960378
 6.3859142 133.21818 0.0075064829 129.80745 3.4107268 65.956064
 6.3896309 129.59409 0.0077164015 127.63645 1.9576355 65.95177
 6.3933477 124.88926 0.0080070935 124.88294 0.0063253359 65.947495
 6.3970644 120.31237 0.0083116976 122.43082 -2.118455 65.943238
 6.4007812 116.99049 0.0085477032 120.9055 -3.9150061 65.939001
 6.4044979 115.35021 0.0086692519 120.70418 -5.3539753 65.934783
 6.4082146 115.66428 0.0086457113 122.34939 -6.6851035 65.930584
 6.4119314 118.00483 0.0084742296 125.8923 -7.8874747 65.926404
 6.4156481 122.55131 0.0081598473 131.53826 -8.9869448 65.922243
 6.4193649 129.47985 0.0077232092 139.44865 -9.9687948 65.918101
 6.4230816 138.69141 0.0072102521 149.83047 -11.13906 65.913979
 6.4267984 150.45779 0.0066463824 162.84551 -12.387719 65.909875
 6.4305151 165.22457 0.0060523687 178.6516 -13.427033 65.90579
 6.4342318 182.80391 0.0054703424 197.28739 -14.483473 65.901724
 6.4379486 203.44634 0.004915301 218.48581 -15.039471 65.897677
 6.4416653 227.36056 0.0043983002 241.52883 -14.168266 65.893649
 6.4453821 253.08267 0.003951278 265.22193 -12.139255 65.88964
 6.4490988 279.28566 0.0035805633 287.8312 -8.5455301 65.88565
 6.4528156 304.39907 0.0032851612 307.29808 -2.8990114 65.881679
 6.4565323 325.10234 0.0030759545 321.5962 3.5061308 65.877726
 6.460249 339.42122 0.0029461917 328.80319 10.618032 65.873793
 6.4639658 346.7982 0.0028835213 328.40374 18.394462 65.869878
 6.4676825 347.91532 0.0028742626 322.19516 25.720162 65.865983
 6.4713993 344.60706 0.0029018558 313.15419 31.452866 65.862106
 6.475116 339.10134 0.002948971 303.91486 35.186481 65.858248
 6.4788327 333.27488 0.0030005262 295.94066 37.334226 65.854409
 6.4825495 326.4517 0.0030632403 288.82451 37.627188 65.850589
 6.4862662 316.95362 0.0031550357 280.9307 36.022924 65.846787
 6.489983 303.80229 0.0032916145 270.41785 33.384439 65.843004
 6.4936997 286.78402 0.0034869447 256.54124 30.242775 65.839241
 6.4974164 266.80175 0.0037481014 240.48282 26.318923 65.835495
 6.5011332 247.46071 0.0040410456 224.35229 23.108416 65.831769
 6.5048499 230.90203 0.004330841 209.61584 21.286197 65.828061
 6.5085667 216.83923 0.0046117116 196.73978 20.099458 65.824372
 6.5122834 204.63916 0.0048866502 185.37195 19.267207 65.820702
 6.5160001 192.9303 0.0051832191 174.53952 18.390777 65.817051
 6.5197169 180.11953 0.0055518687 163.54735 16.572184 65.813418
 6.5234336 166.2653 0.0060144841 152.44758 13.817721 65.809804
 6.5271504 152.24303 0.0065684453 141.82442 10.41861 65.806208
 6.5308671 138.8505 0.0072019904 132.49317 6.357337 65.802631
 6.5345839 127.55909 0.0078395039 125.06867 2.4904206 65.799073
 6.5383006 119.23008 0.0083871455 119.95666 -0.72657847 65.795533
 6.5420173 114.29976 0.0087489248 117.40559 -3.1058326 65.792012
 6.5457341 113.03801 0.0088465814 117.42638 -4.3883638 65.78851
 6.5494508 115.59777 0.0086506861 119.86389 -4.2661181 65.785026
 6.5531676 122.03843 0.00819414 124.35037 -2.3119429 65.781561
 6.5568843 130.97931 0.0076347934 130.19162 0.78769556 65.778114
 6.560601 140.48856 0.0071180172 136.37816 4.1104032 65.774686
 6.5643178 148.61429 0.0067288281 141.56046 7.0538248 65.771276
 6.5680345 153.02609 0.0065348335 144.17573 8.8503619 65.767885
 6.5717513 152.65851 0.0065505682 143.24873 9.4097787 65.764512
 6.575468 147.47835 0.0067806564 138.89003 8.5883228 65.761158
 6.5791847 139.12917 0.0071875656 132.20797 6.9211948 65.757822
 6.5829015 129.76109 0.0077064705 124.71186 5.0492303 65.754504
 6.5866182 120.64964 0.0082884625 117.6467 3.0029367 65.751205
 6.590335 113.26158 0.0088291196 111.84912 1.4124544 65.747924
 6.5940517 108.41386 0.009223913 107.81152 0.60233615 65.744662
 6.5977685 106.3529 0.0094026587 105.67096 0.68193421 65.741418
 6.6014852 106.89922 0.0093546056 105.32194 1.577277 65.738193
 6.6052019 109.50665 0.0091318657 106.45316 3.0534833 65.734985
 6.6089187 113.37938 0.008819946 108.41766 4.9617161 65.731797
 6.6126354 117.05157 0.0085432426 110.49451 6.5570659 65.728626
 6.6163522 119.21627 0.0083881172 111.83648 7.3797884 65.725474
 6.6200689 119.16839 0.0083914872 111.91067 7.257718 65.722339
 6.6237857 116.97455 0.008548868 110.73312 6.2414312 65.719224
 6.6275024 113.44803 0.0088146091 108.92959 4.5184388 65.716126
 6.6312191 109.58123 0.0091256509 107.26346 2.3177624 65.713047
 6.6349359 106.58871 0.0093818569 106.4785 0.11021082 65.709985
 6.6386526 105.38719 0.0094888193 106.99947 -1.6122779 65.706942
 6.6423694 106.37532 0.009400677 108.98779 -2.6124699 65.703918
 6.6460861 109.38349 0.0091421474 112.30545 -2.9219624 65.700911
 6.6498028 113.62679 0.0088007418 116.45052 -2.8237338 65.697922
 6.6535196 118.10066 0.0084673532 120.59767 -2.497011 65.694952
 6.6572363 121.44651 0.0082340779 123.61215 -2.1656382 65.691999
 6.6609531 122.50374 0.0081630162 124.34455 -1.8408139 65.689065
 6.6646698 120.7877 0.0082789887 122.3037 -1.5159975 65.686149
 6.6683866 116.74249 0.0085658613 117.82639 -1.0838925 65.68325
 6.6721033 111.40232 0.0089764741 111.95293 -0.55061592 65.68037
 6.67582 105.6726 0.0094631906 105.69912 -0.026518657 65.677508
 6.6795368 100.37215 0.0099629233 99.834954 0.53719261 65.674664
 6.6832535 96.053327 0.010410884 94.879153 1.1741742 65.671837
 6.6869702 92.876979 0.010766931 91.107426 1.7695525 65.669029
 6.690687 90.829791 0.011009604 88.77795 2.0518404 65.666239
 6.6944037 89.913211 0.011121836 87.925337 1.9878739 65.663466
 6.6981205 90.171064 0.011090032 88.605601 1.565463 65.660711
 6.7018372 91.521901 0.010926346 90.783585 0.7383165 65.657975
 6.705554 93.782059 0.01066302 94.384089 -0.60203036 65.655256
 6.7092707 96.87129 0.010322976 99.256945 -2.3856554 65.652555
 6.7129874 100.59662 0.0099406917 105.10619 -4.5095668 65.649871
 6.7167042 104.48394 0.0095708489 111.42541 -6.9414691 65.647206
 6.7204209 108.11875 0.0092490898 117.41082 -9.2920765 65.644558
 6.7241377 111.12009 0.0089992726 121.98204 -10.861946 65.641928
 6.7278544 112.96501 0.0088522985 124.02461 -11.059595 65.639316
 6.7315711 113.34653 0.0088225019 122.95052 -9.6039846 65.636721
 6.7352879 112.0941 0.0089210759 119.05234 -6.9582352 65.634144
 6.7390046 109.46666 0.0091352018 113.33267 -3.8660088 65.631585
 6.7427214 105.79598 0.009452155 106.88572 -1.0897421 65.629043
 6.7464381 101.50188 0.0098520341 100.69192 0.80996232 65.626519
 6.7501549 97.289279 0.010278625 95.276733 2.0125456 65.624013
 6.7538716 93.572543 0.010686896 90.972138 2.6004044 65.621524
 6.7575883 90.566709 0.011041585 87.940398 2.6263107 65.619053
 6.7613051 88.501101 0.011299294 86.258605 2.2424966 65.6166
 6.7650218 87.485715 0.011430437 85.972913 1.5128023 65.614163
 6.7687386 87.608831 0.011414374 87.083859 0.5249714 65.611745
 6.7724553 88.92778 0.01124508 89.627127 -0.69934734 65.609344
 6.776172 91.566691 0.010921002 93.664668 -2.0979774 65.60696
 6.7798888 95.689067 0.010450515 99.15791 -3.4688431 65.604594
 6.7836055 101.01861 0.009899166 106.09775 -5.0791375 65.602245
 6.7873223 107.36112 0.0093143589 114.22379 -6.8626742 65.599913
 6.791039 114.58675 0.0087270122 123.0398 -8.4530437 65.597599
 6.7947558 121.85916 0.0082061947 131.70921 -9.8500531 65.595303
 6.7984725 128.54753 0.007779224 139.1928 -10.645276 65.593023
 6.8021892 134.2774 0.0074472693 144.5666 -10.289193 65.590761
 6.805906 138.3514 0.0072279717 147.46927 -9.1178701 65.588517
 6.8096227 140.24703 0.0071302758 148.00767 -7.7606403 65.586289
 6.8133395 139.57311 0.0071647039 146.20144 -6.6283331 65.584079
 6.8170562 136.45374 0.0073284912 141.92054 -5.4668035 65.581886
 6.8207729 131.16229 0.0076241427 135.31546 -4.1531726 65.57971
 6.8244897 124.11634 0.008056957 127.06436 -2.948026 65.577551
 6.8282064 116.52292 0.0085820029 118.2133 -1.6903788 65.57541
 6.8319232 109.32374 0.0091471442 109.76934 -0.44560601 65.573285
 6.8356399 102.89239 0.0097188915 102.37126 0.521136 65.571178
 6.8393567 97.776416 0.010227415 96.393879 1.3825369 65.569088
 6.8430734 94.170102 0.010619082 92.019563 2.1505398 65.567015
 6.8467901 92.046644 0.010864057 89.267753 2.7788901 65.564959
 6.8505069 91.244726 0.010959538 88.113164 3.1315615 65.56292
 6.8542236 91.617195 0.010914982 88.500516 3.116679 65.560898
 6.8579403 93.077901 0.010743689 90.306934 2.7709671 65.558893
 6.8616571 95.311913 0.010491868 93.248875 2.0630375 65.556905
 6.8653738 98.051974 0.010198673 97.330167 0.72180737 65.554933
 6.8690906 101.12222 0.0098890236 102.08019 -0.95796787 65.552979
 6.8728073 104.14934 0.0096015968 106.96108 -2.8117341 65.551042
 6.8765241 106.86857 0.0093572878 111.25808 -4.3895081 65.549121
 6.8802408 109.11061 0.0091650117 114.14471 -5.0341017 65.547218
 6.8839575 110.68944 0.0090342854 115.05417 -4.3647297 65.545331
 6.8876743 111.63305 0.0089579209 114.14487 -2.5118278 65.54346
 6.891391 112.06521 0.0089233757 112.02954 0.035670005 65.541607
 6.8951078 112.3959 0.0088971213 109.86852 2.5273836 65.53977
 6.8988245 113.07496 0.008843691 108.31276 4.7622024 65.537951
 6.9025412 114.59181 0.0087266268 107.77953 6.8122857 65.536147
 6.906258 116.99957 0.0085470398 108.23585 8.76372 65.534361
 6.9099747 119.76477 0.0083497008 109.41629 10.348483 65.532591
 6.9136915 122.0725 0.0081918529 110.64607 11.426436 65.530838
 6.9174082 122.90612 0.0081362912 111.01785 11.88827 65.529101
 6.921125 121.53297 0.0082282198 109.89599 11.636984 65.527381
 6.9248417 117.76175 0.0084917217 106.95532 10.806431 65.525677
 6.9285584 112.18196 0.0089140891 102.64725 9.5347135 65.52399
 6.9322752 105.85782 0.0094466336 97.658249 8.199567 65.522319
 6.9359919 99.464094 0.010053879 92.614401 6.8496927 65.520665
 6.9397087 93.627848 0.010680583 87.95563 5.6722185 65.519028
 6.9434254 88.802373 0.01126096 83.924217 4.8781565 65.517406
 6.9471422 84.992999 0.011765675 80.626678 4.3663206 65.515801
 6.9508589 82.06943 0.012184805 78.072212 3.9972176 65.514213
 6.9545756 79.91674 0.012513023 76.180459 3.7362814 65.512641
 6.9582924 78.435229 0.012749373 74.850429 3.5847999 65.511085
 6.9620091 77.442734 0.012912767 73.980176 3.4625581 65.509545
 6.9657259 76.815534 0.0130182 73.468615 3.346919 65.508022
 6.9694426 76.505864 0.013070893 73.250651 3.2552136 65.506515
 6.9731593 76.430473 0.013083787 73.238112 3.1923613 65.505024
 6.9768761 76.560819 0.013061511 73.565139 2.9956803 65.503549
 6.9805928 76.916799 0.013001061 74.241548 2.6752507 65.502091
 6.9843096 77.586965 0.012888763 75.294442 2.2925234 65.500648
 6.9880263 78.669159 0.012711462 76.866816 1.8023427 65.499222
 6.991743 80.364316 0.012443334 79.093946 1.2703702 65.497812
 6.9954598 82.861435 0.01206834 82.036476 0.82495847 65.496418
 6.9991765 86.293383 0.011588374 85.796821 0.49656221 65.49504
 7.0028933 90.715958 0.011023419 90.369727 0.34623064 65.493678
 7.00661 96.082621 0.010407709 95.647439 0.43518268 65.492332
 7.0103267 101.81154 0.0098220689 101.37773 0.43380883 65.491001
 7.0140435 107.36733 0.0093138201 107.08144 0.28588672 65.489687
 7.0177602 112.29533 0.0089050895 112.11025 0.18508761 65.488389
 7.021477 116.07949 0.0086147864 115.87413 0.20536203 65.487106
 7.0251937 118.71502 0.0084235342 117.98778 0.72724013 65.48584
 7.0289105 120.68341 0.0082861432 118.8408 1.8426037 65.484589
 7.0326272 122.32894 0.0081746802 118.97001 3.3589309 65.483354
 7.0363439 123.67949 0.0080854147 118.72954 4.9499523 65.482135
 7.0400607 124.39614 0.0080388347 118.09303 6.3031068 65.480931
 7.0437774 123.79248 0.0080780354 116.64223 7.1502492 65.479743
 7.0474942 121.30986 0.008243353 113.84857 7.4612874 65.478571
 7.0512109 116.7648 0.0085642246 109.61945 7.1453579 65.477415
 7.0549276 110.72531 0.0090313591 104.28095 6.4443528 65.476274
 7.0586444 104.04768 0.0096109785 98.471442 5.5762369 65.475148
 7.0623611 97.356857 0.01027149 92.798659 4.5581986 65.474039
 7.0660779 91.514104 0.010927277 87.647961 3.8661432 65.472945
 7.0697946 86.741417 0.011528518 83.169255 3.5721617 65.471866
 7.0735114 82.931127 0.012058199 79.531631 3.3994964 65.470803
 7.0772281 80.019132 0.012497011 76.653859 3.3652725 65.469755
 7.0809448 77.909027 0.012835483 74.451555 3.4574721 65.468723
 7.0846616 76.412506 0.013086863 72.818315 3.5941915 65.467706
 7.0883783 75.355637 0.013270407 71.619293 3.7363432 65.466704
 7.0920951 74.637115 0.01339816 70.772938 3.8641774 65.465718
 7.0958118 74.149612 0.013486247 70.14095 4.0086623 65.464747
 7.0995285 73.831581 0.013544339 69.680109 4.1514721 65.463792
 7.1032453 73.612384 0.013584671 69.303401 4.3089825 65.462851
 7.106962 73.448738 0.013614938 69.001337 4.4474012 65.461926
 7.1106788 73.304921 0.013641649 68.752362 4.5525594 65.461016
 7.1143955 73.191622 0.013662766 68.541792 4.6498303 65.460122
 7.1181123 73.092921 0.013681215 68.36093 4.7319914 65.459242
 7.121829 73.016543 0.013695526 68.203976 4.8125667 65.458378
 7.1255457 72.960709 0.013706007 68.066575 4.8941332 65.457528
 7.1292625 72.90714 0.013716078 67.956914 4.9502259 65.456694
 7.1329792 72.859802 0.013724989 67.85039 5.0094126 65.455875
 7.136696 72.823369 0.013731856 67.756198 5.0671716 65.455071
 7.1404127 72.805468 0.013735232 67.622457 5.1830109 65.454281
 7.1441294 72.792089 0.013737757 67.54933 5.2427591 65.453507
 7.1478462 72.774821 0.013741016 67.484663 5.2901583 65.452747
 7.1515629 72.731219 0.013749254 67.427485 5.3037343 65.452003
 7.1552797 72.6999 0.013755177 67.377066 5.3228345 65.451273
 7.1589964 72.685847 0.013757837 67.332843 5.3530037 65.450558
 7.1627131 72.695951 0.013755924 67.294267 5.4016842 65.449858
 7.1664299 72.687121 0.013757595 67.260867 5.4262538 65.449173
 7.1701466 72.669329 0.013760964 67.260945 5.4083844 65.448502
 7.1738634 72.654933 0.01376369 67.23747 5.4174625 65.447846
 7.1775801 72.65919 0.013762884 67.218293 5.4408972 65.447205
 7.1812968 72.664904 0.013761802 67.203233 5.4616714 65.446578
 7.1850136 72.670334 0.013760773 67.192194 5.47814 65.445966
 7.1887303 72.668826 0.013761059 67.185036 5.4837893 65.445369
 7.1924471 72.691905 0.01375669 67.181687 5.5102178 65.444786
 7.1961638 72.724411 0.013750541 67.207007 5.5174037 65.444218
 7.1998806 72.758909 0.013744021 67.211754 5.5471541 65.443664
 7.2035973 72.775363 0.013740914 67.101144 5.6742186 65.443124
 7.207314 72.784777 0.013739137 67.139307 5.6454706 65.442599
 7.2110308 72.787796 0.013738567 67.157691 5.6301047 65.442089
 7.2147475 72.803586 0.013735587 67.135964 5.6676219 65.441593
 7.2184643 72.818792 0.013732719 67.164033 5.6547583 65.441111
 7.222181 72.831858 0.013730255 67.197017 5.6348413 65.440643
 7.2258977 72.843582 0.013728045 67.25793 5.585652 65.44019
 7.2296145 72.86218 0.013724541 67.256854 5.605326 65.439751
 7.2333312 72.886454 0.01371997 67.308313 5.5781417 65.439326
 7.237048 72.895154 0.013718333 67.366821 5.5283331 65.438915
 7.2407647 72.91377 0.013714831 67.433082 5.4806881 65.438519
 7.2444815 72.952881 0.013707478 67.508059 5.4448221 65.438136
 7.2481982 73.000356 0.013698563 67.614748 5.3856084 65.437768
 7.2519149 73.053914 0.01368852 67.711605 5.3423095 65.437414
 7.2556317 73.111768 0.013677689 67.821717 5.2900512 65.437074
 7.2593484 73.168856 0.013667017 67.947462 5.2213947 65.436747
 7.2630652 73.224515 0.013656628 68.092503 5.1320123 65.436435
 7.2667819 73.303899 0.013641839 68.261248 5.0426511 65.436137
 7.2704986 73.402219 0.013623566 68.460741 4.9414784 65.435852
 7.2742154 73.532206 0.013599483 68.702518 4.8296885 65.435582
 7.2779321 73.701566 0.013568233 69.004644 4.6969223 65.435325
 7.2816489 73.938464 0.01352476 69.394156 4.5443077 65.435082
 7.2853656 74.266273 0.013465062 69.91214 4.3541332 65.434853
 7.2890824 74.718002 0.013383655 70.622518 4.0954843 65.434638
 7.2927991 75.321335 0.013276451 71.602607 3.7187278 65.434436
 7.2965158 76.167519 0.013128956 72.909879 3.2576392 65.434248
 7.3002326 77.346196 0.012928884 74.736531 2.6096658 65.434073
 7.3039493 78.953987 0.012665605 77.147791 1.8061965 65.433913
 7.3076661 81.116386 0.012327965 80.208293 0.9080932 65.433765
 7.3113828 83.976501 0.011908093 83.929545 0.046956779 65.433632
 7.3150995 87.466654 0.011432928 88.239429 -0.77277437 65.433511
 7.3188163 91.454056 0.010934452 92.909184 -1.4551279 65.433405
 7.322533 95.616491 0.010458447 97.545155 -1.9286646 65.433311
 7.3262498 99.288521 0.010071658 101.53721 -2.2486886 65.433232
 7.3299665 101.86262 0.0098171439 104.11145 -2.2488251 65.433165
 7.3336832 102.90681 0.0097175297 104.66693 -1.760119 65.433112
 7.3374 102.2425 0.0097806685 103.05169 -0.80919252 65.433072
 7.3411167 100.00357 0.0099996432 99.809784 0.19378408 65.433046
 7.3448335 96.587662 0.010353289 95.638334 0.94932744 65.433033
 7.3485502 92.745018 0.01078225 91.27482 1.4701978 65.433032
 7.3522669 88.963409 0.011240576 87.154973 1.8084369 65.433046
 7.3559837 85.535439 0.011691061 83.608806 1.926633 65.433072
 7.3597004 82.764219 0.012082516 80.781688 1.9825309 65.433111
 7.3634172 80.665431 0.012396884 78.757882 1.9075487 65.433164
 7.3671339 79.207219 0.012625112 77.496832 1.710387 65.433229
 7.3708507 78.326836 0.012767016 76.996402 1.3304333 65.433308
 7.3745674 78.036954 0.012814442 77.237901 0.79905339 65.433399
 7.3782841 78.369848 0.012760009 78.230012 0.139836 65.433504
 7.3820009 79.336322 0.012604567 80.008368 -0.67204661 65.433621
 7.3857176 81.06459 0.012335842 82.599395 -1.5348049 65.433752
 7.3894344 83.774737 0.011936773 86.040914 -2.2661772 65.433895
 7.3931511 87.509954 0.011427271 90.27672 -2.7667667 65.434051
 7.3968678 92.260768 0.010838843 95.198423 -2.9376549 65.434219
 7.4005846 97.920581 0.010212358 100.52638 -2.6057966 65.434401
 7.4043013 103.79304 0.0096345571 105.79646 -2.0034189 65.434595
 7.4080181 109.2838 0.0091504868 110.36749 -1.0836857 65.434802
 7.4117348 113.92805 0.0087774699 113.68086 0.24718472 65.435021
 7.4154516 117.04493 0.0085437278 115.35242 1.6925105 65.435253
 7.4191683 118.26966 0.0084552536 115.35499 2.9146731 65.435498
 7.422885 117.48108 0.0085120092 113.77345 3.7076285 65.435755
 7.4266018 114.92221 0.0087015381 110.69978 4.2224287 65.436025
 7.4303185 110.94263 0.0090136675 106.46711 4.4755186 65.436307
 7.4340353 105.90838 0.0094421236 101.55973 4.3486535 65.436602
 7.437752 100.69097 0.009931377 96.615974 4.0749977 65.436909
 7.4414687 95.828506 0.010435308 92.081008 3.7474987 65.437228
 7.4451855 91.58962 0.010918268 88.341509 3.248111 65.43756
 7.4489022 88.27685 0.011327998 85.521004 2.7558463 65.437904
 7.452619 85.941788 0.011635783 83.665668 2.2761194 65.43826
 7.4563357 84.474431 0.011837902 82.764458 1.7099734 65.438629
 7.4600525 83.741824 0.011941464 82.773749 0.96807486 65.43901
 7.4637692 83.637072 0.01195642 83.58099 0.056082298 65.439403
 7.4674859 84.044502 0.011898458 85.020559 -0.97605628 65.439808
 7.4712027 84.778084 0.011795501 86.998002 -2.2199183 65.440225
 7.4749194 85.730588 0.011664448 89.248253 -3.517665 65.440654
 7.4786362 86.848089 0.011514358 91.47773 -4.6296413 65.441095
 7.4823529 88.00499 0.011362992 93.36497 -5.35998 65.441548
 7.4860696 89.146779 0.011217455 94.743153 -5.5963737 65.442013
 7.4897864 90.330289 0.011070484 95.503611 -5.1733223 65.44249
 7.4935031 91.632421 0.010913168 96.074078 -4.4416569 65.442979
 7.4972199 93.210012 0.010728461 96.965139 -3.7551277 65.44348
 7.5009366 95.352849 0.010487364 98.687125 -3.3342759 65.443993
 7.5046533 98.32606 0.010170244 101.59203 -3.2659676 65.444517
 7.5083701 102.40577 0.0097650743 105.89391 -3.4881326 65.445053
 7.5120868 107.81011 0.0092755675 111.54437 -3.7342514 65.445601
 7.5158036 114.14747 0.0087605973 118.29615 -4.1486835 65.44616
 7.5195203 120.77646 0.0082797589 125.58623 -4.8097635 65.446731
 7.523237 127.06849 0.0078697716 132.55901 -5.4905233 65.447314
 7.5269538 132.08157 0.0075710788 138.1286 -6.0470248 65.447908
 7.5306705 135.26132 0.0073930965 141.39564 -6.1343167 65.448514
 7.5343873 136.47643 0.0073272725 141.96904 -5.492606 65.449131
 7.538104 136.06698 0.0073493216 139.9902 -3.9232232 65.44976
 7.5418208 134.54363 0.0074325332 136.12717 -1.5835443 65.4504
 7.5455375 132.21201 0.0075636096 131.30023 0.91177469 65.451052
 7.5492542 129.6476 0.0077132162 126.37085 3.2767532 65.451714
 7.552971 127.10977 0.0078672159 121.98276 5.1270129 65.452388
 7.5566877 124.68996 0.008019892 118.36522 6.3247391 65.453074
 7.5604045 122.53265 0.0081610899 115.45392 7.0787367 65.453771
 7.5641212 120.68716 0.0082858855 113.03791 7.6492472 65.454478
 7.567838 119.08816 0.0083971407 110.85432 8.2338339 65.455197
 7.5715547 117.63036 0.0085012068 108.76661 8.8637463 65.455927
 7.5752714 116.24694 0.0086023767 106.8686 9.3783405 65.456669
 7.5789882 114.96213 0.0086985164 105.40052 9.5616097 65.457421
 7.5827049 113.85604 0.0087830212 104.58686 9.2691804 65.458184
 7.5864217 113.11256 0.0088407515 104.59179 8.5207688 65.458958
 7.5901384 112.8964 0.0088576785 105.48711 7.4092839 65.459744
 7.5938551 113.21815 0.0088325057 107.2055 6.0126525 65.46054
 7.5975719 113.94617 0.0087760741 109.54516 4.4010052 65.461347
 7.6012886 114.81393 0.0087097442 112.14537 2.6685623 65.462165
 7.6050054 115.4531 0.0086615254 114.51454 0.93856713 65.462993
 7.6087221 115.61481 0.0086494108 116.25693 -0.64211398 65.463833
 7.6124389 115.31898 0.0086715992 117.30472 -1.9857415 65.464683
 7.6161556 114.9715 0.0086978074 118.01113 -3.0396297 65.465543
 7.6198723 115.15995 0.0086835742 118.91125 -3.7513015 65.466415
 7.6235891 116.31904 0.0085970449 120.44755 -4.1285122 65.467297
 7.6273058 118.61674 0.0084305131 122.75748 -4.1407347 65.468189
 7.6310225 121.74625 0.0082138051 125.66105 -3.9147928 65.469093
 7.6347393 125.20555 0.0079868666 128.66263 -3.4570822 65.470006
 7.638456 128.30145 0.007794144 131.22978 -2.9283295 65.47093
 7.6421728 130.40521 0.0076684054 132.96774 -2.5625361 65.471865
 7.6458895 131.31841 0.0076150785 133.65803 -2.3396165 65.47281
 7.6496063 131.0718 0.0076294063 133.26433 -2.1925351 65.473765
 7.653323 129.84331 0.0077015903 131.94419 -2.1008765 65.474731
 7.6570397 127.81432 0.0078238496 129.95541 -2.1410939 65.475706
 7.6607565 125.23742 0.0079848338 127.51199 -2.2745672 65.476693
 7.6644732 122.44198 0.0081671338 124.71596 -2.2739883 65.477689
 7.66819 119.6419 0.0083582757 121.61159 -1.9696886 65.478695
 7.6719067 117.11097 0.0085389099 118.40942 -1.2984494 65.479712
 7.6756234 115.05446 0.0086915365 115.38004 -0.32557891 65.480739
 7.6793402 113.26921 0.0088285249 112.62358 0.64562126 65.481775
 7.6830569 111.4356 0.0089737927 110.0092 1.4264006 65.482822
 7.6867737 109.20128 0.0091574015 107.22432 1.9769634 65.483879
 7.6904904 106.25763 0.0094110889 103.95519 2.3024414 65.484945
 7.6942072 102.53927 0.0097523616 100.19986 2.3394017 65.486022
 7.6979239 98.346565 0.010168123 96.196413 2.1501521 65.487108
 7.7016406 94.062772 0.010631198 92.258172 1.8046 65.488205
 7.7053574 90.032145 0.011107144 88.645531 1.3866141 65.489311
 7.7090741 86.631569 0.011543136 85.51161 1.119959 65.490426
 7.7127909 83.910731 0.011917427 82.912399 0.99833197 65.491552
 7.7165076 81.791954 0.012226141 80.859899 0.93205537 65.492687
 7.7202243 80.204501 0.012468128 79.326847 0.87765355 65.493832
 7.7239411 79.132881 0.012636972 78.230244 0.90263724 65.494986
 7.7276578 78.476232 0.012742712 77.52573 0.95050219 65.49615
 7.7313746 78.140198 0.01279751 77.155962 0.98423556 65.497323
 7.7350913 78.106102 0.012803097 77.082853 1.0232494 65.498506
 7.7388081 78.347364 0.012763671 77.293884 1.0534798 65.499699
 7.7425248 78.813922 0.012688114 77.808626 1.0052953 65.5009
 7.7462415 79.563192 0.012568626 78.706365 0.856827 65.502112
 7.7499583 80.697774 0.012391916 80.025722 0.67205267 65.503332
 7.753675 82.299644 0.012150721 81.914765 0.38487986 65.504562
 7.7573918 84.493538 0.011835225 84.513798 -0.020259904 65.505801
 7.7611085 87.531499 0.011424459 87.978912 -0.44741247 65.507049
 7.7648252 91.504855 0.010928382 92.396464 -0.89160894 65.508306
 7.768542 96.533925 0.010359052 97.912235 -1.3783101 65.509573
 7.7722587 102.71303 0.0097358633 104.46041 -1.7473814 65.510848
 7.7759755 109.61341 0.0091229711 111.86661 -2.2531988 65.512133
 7.7796922 116.80671 0.0085611521 119.73407 -2.9273612 65.513427
 7.783409 123.87709 0.0080725178 127.43584 -3.5587534 65.514729
 7.7871257 130.07332 0.0076879718 134.07947 -4.006151 65.516041
 7.7908424 135.04571 0.0074049001 138.94567 -3.8999628 65.517361
 7.7945592 138.7731 0.0072060074 141.59073 -2.8176266 65.518691
 7.7982759 141.23435 0.0070804305 142.15834 -0.92399248 65.520029
 7.8019927 142.33714 0.0070255733 141.10504 1.2320984 65.521376
 7.8057094 142.00574 0.007041969 138.90204 3.1036967 65.522732
 7.8094261 140.22651 0.0071313191 135.86665 4.3598594 65.524096
 7.8131429 136.99175 0.0072997096 132.20877 4.7829838 65.525469
 7.8168596 132.50614 0.0075468199 128.33875 4.1673924 65.526851
 7.8205764 127.53063 0.0078412534 124.84899 2.6816378 65.528241
 7.8242931 122.82102 0.008141929 122.2314 0.58961991 65.52964
 7.8280098 118.93167 0.0084081893 120.84239 -1.9107219 65.531047
 7.8317266 116.38159 0.0085924242 120.74904 -4.3674436 65.532463
 7.8354433 115.41211 0.0086646021 121.7498 -6.3376912 65.533887
 7.8391601 116.04701 0.0086171975 123.59216 -7.5451478 65.53532
 7.8428768 118.10062 0.0084673559 126.1303 -8.0296789 65.536761
 7.8465935 121.42025 0.0082358587 129.32968 -7.9094311 65.53821
 7.8503103 125.86108 0.0079452678 133.26034 -7.3992555 65.539668
 7.854027 130.86307 0.0076415754 137.68553 -6.8224588 65.541134
 7.8577438 135.9815 0.0073539415 142.13567 -6.154172 65.542608
 7.8614605 140.9337 0.0070955352 146.0185 -5.0848025 65.54409
 7.8651773 145.18013 0.0068879949 148.91392 -3.7337883 65.54558
 7.868894 148.30477 0.0067428713 150.5253 -2.2205287 65.547078
 7.8726107 149.87678 0.0066721476 150.71118 -0.83440419 65.548585
 7.8763275 149.6135 0.0066838888 149.32397 0.28953429 65.550099
 7.8800442 147.46104 0.006781452 146.54484 0.91620928 65.551621
 7.883761 143.63138 0.0069622667 142.84138 0.79000699 65.553152
 7.8874777 138.94329 0.0071971808 138.88222 0.061068939 65.55469
 7.8911945 134.13888 0.0074549601 135.35801 -1.2191249 65.556236
 7.8949112 129.81304 0.0077033861 132.68588 -2.872838 65.55779
 7.8986279 126.72754 0.0078909448 131.16092 -4.4333868 65.559351
 7.9023447 125.27736 0.007982288 130.94715 -5.6697858 65.56092
 7.9060614 125.83386 0.0079469863 132.15136 -6.317497 65.562497
 7.9097782 128.59894 0.0077761138 134.90059 -6.3016508 65.564082
 7.9134949 133.85354 0.0074708523 139.25664 -5.4031065 65.565674
 7.9172116 141.99712 0.0070423963 145.20567 -3.2085535 65.567274
 7.9209284 152.64144 0.0065513007 152.55256 0.08888413 65.568881
 7.9246451 165.01745 0.0060599653 160.79525 4.2221949 65.570496
 7.9283619 177.93361 0.0056200736 169.0508 8.8828179 65.572118
 7.9320786 188.85391 0.0052950983 175.95915 12.894762 65.573747
 7.9357953 195.63837 0.0051114718 180.08225 15.556115 65.575384
 7.9395121 196.96916 0.0050769369 180.48145 16.487715 65.577029
 7.9432288 192.87045 0.0051848274 177.24613 15.624323 65.57868
 7.9469456 184.30108 0.0054259043 171.35624 12.944837 65.580339
 7.9506623 172.62363 0.0057929498 163.99176 8.6318676 65.582005
 7.9543791 160.29965 0.0062383169 156.00444 4.2952066 65.583678
 7.9580958 148.7349 0.0067233714 147.77457 0.96033146 65.585358
 7.9618125 138.23242 0.0072341931 139.45602 -1.2236035 65.587046
 7.9655293 129.11882 0.0077448042 131.35643 -2.2376062 65.58874
 7.969246 121.44857 0.0082339378 124.05952 -2.610949 65.590441
 7.9729628 115.27792 0.0086746882 118.09953 -2.8216146 65.59215
 7.9766795 110.74045 0.0090301242 113.82995 -3.0894987 65.593865
 7.9803962 108.08795 0.0092517252 111.46881 -3.3808594 65.595587
 7.984113 107.67606 0.0092871151 110.99625 -3.3201849 65.597316
 7.9878297 109.46232 0.0091355639 112.24191 -2.7795894 65.599051
 7.9915465 113.15037 0.0088377972 114.86262 -1.7122494 65.600794
 7.9952632 118.17349 0.008462135 118.30485 -0.13136685 65.602543
 7.9989799 123.30352 0.0081100689 121.78909 1.5144226 65.604299
 8.0026967 127.29765 0.0078556047 124.38498 2.9126727 65.606061
 8.0064134 129.24573 0.0077371997 125.19915 4.046573 65.607831
 8.0101302 128.57916 0.00777731 123.7558 4.823365 65.609606
 8.0138469 125.44924 0.0079713513 120.17603 5.2732121 65.611388
 8.0175636 120.20451 0.0083191553 115.02811 5.1763979 65.613177
 8.0212804 113.80089 0.0087872773 109.12927 4.6716227 65.614972
 8.0249971 107.18955 0.0093292679 103.23048 3.9590671 65.616773
 8.0287139 100.85991 0.0099147417 97.821569 3.0383449 65.618581
 8.0324306 95.349258 0.010487759 93.252282 2.0969763 65.620395
 8.0361474 90.952568 0.010994742 89.703586 1.2489821 65.622216
 8.0398641 87.797407 0.011389858 87.229829 0.56757748 65.624042
 8.0435808 85.883916 0.011643624 85.818506 0.065409878 65.625875
 8.0472976 85.106438 0.011749992 85.396159 -0.28972129 65.627714
 8.0510143 85.48245 0.011698308 85.832712 -0.35026165 65.629559
 8.0547311 86.803874 0.011520223 87.038761 -0.23488763 65.63141
 8.0584478 88.74573 0.011268148 88.806581 -0.060851309 65.633267
 8.0621646 91.040194 0.010984159 90.888002 0.15219267 65.63513
 8.0658813 93.192749 0.010730449 92.956757 0.23599187 65.636999
 8.069598 94.730372 0.010556276 94.656788 0.073584348 65.638874
 8.0733148 95.374257 0.01048501 95.688403 -0.31414537 65.640755
 8.0770315 95.053327 0.01052041 95.932858 -0.87953106 65.642642
 8.0807483 93.916537 0.010647752 95.442513 -1.5259765 65.644534
 8.084465 92.144 0.010852579 94.349115 -2.2051156 65.646432
 8.0881817 90.09877 0.011098931 92.676822 -2.5780514 65.648336
 8.0918985 88.088155 0.011352264 90.464784 -2.3766289 65.650245
 8.0956152 86.188077 0.011602533 87.904097 -1.7160199 65.65216
 8.099332 84.453962 0.011840771 85.222822 -0.7688603 65.654081
 8.1030487 82.916893 0.012060269 82.65158 0.26531281 65.656007
 8.1067654 81.560471 0.012260841 80.356915 1.203556 65.657939
 8.1104822 80.369382 0.012442549 78.369418 1.9999645 65.659876
 8.1141989 79.329819 0.0126056 76.771974 2.5578444 65.661818
 8.1179157 78.461189 0.012745155 75.52883 2.9323595 65.663766
 8.1216324 77.731845 0.01286474 74.610726 3.1211189 65.665719
 8.1253491 77.169055 0.012958562 73.975219 3.1938354 65.667678
 8.1290659 76.753176 0.013028777 73.587849 3.1653277 65.669642
 8.1327826 76.50811 0.01307051 73.408403 3.0997075 65.671611
 8.1364994 76.422152 0.013085211 73.446853 2.9752994 65.673585
 8.1402161 76.505427 0.013070968 73.692941 2.8124861 65.675564
 8.1439329 76.782733 0.013023762 74.165129 2.6176039 65.677548
 8.1476496 77.259982 0.012943311 74.89184 2.3681414 65.679537
 8.1513663 77.970673 0.012825335 75.909793 2.0608795 65.681532
 8.1550831 78.877551 0.012677878 77.264996 1.6125544 65.683531
 8.1587998 79.954231 0.012507155 78.984237 0.96999383 65.685535
 8.1625166 81.20623 0.012314326 81.082816 0.12341432 65.687544
 8.1662333 82.644221 0.01210006 83.551275 -0.90705405 65.689558
 8.1699501 84.234823 0.011871575 86.325859 -2.0910369 65.691577
 8.1736668 85.967262 0.011632335 89.271869 -3.3046072 65.6936
 8.1773835 87.880493 0.01137909 92.195461 -4.3149679 65.695628
 8.1811003 89.985316 0.011112924 94.913651 -4.9283352 65.697661
 8.184817 92.327309 0.010831032 97.29544 -4.968131 65.699698
 8.1885337 94.940564 0.010532906 99.428122 -4.4875576 65.70174
 8.1922505 97.687312 0.010236744 101.42824 -3.7409301 65.703787
 8.1959672 100.31545 0.0099685542 103.31191 -2.996461 65.705838
 8.199684 102.52586 0.0097536369 104.91372 -2.3878651 65.707893
 8.2034007 103.911 0.0096236206 105.91919 -2.0081973 65.709953
 8.2071175 104.18421 0.0095983831 106.05876 -1.8745469 65.712017
 8.2108342 103.38884 0.0096722234 105.38785 -1.9990093 65.714086
 8.2145509 101.85989 0.0098174072 104.30493 -2.4450463 65.716159
 8.2182677 100.08985 0.0099910232 103.36889 -3.2790448 65.718236
 8.2219844 98.640185 0.010137856 103.07239 -4.4322013 65.720317
 8.2257012 98.090139 0.010194705 103.72643 -5.6362931 65.722403
 8.2294179 98.700005 0.010131712 105.4562 -6.7561945 65.724492
 8.2331347 100.45191 0.0099550126 108.18187 -7.7299602 65.726586
 8.2368514 102.8925 0.0097188809 111.54705 -8.6545414 65.728684
 8.2405681 105.5381 0.0094752515 115.07068 -9.53258 65.730785
 8.2442849 107.86172 0.00927113 117.99762 -10.135905 65.732891
 8.2480016 109.27822 0.009150954 119.70778 -10.429559 65.735001
 8.2517184 109.64024 0.009120739 119.86289 -10.222653 65.737114
 8.2554351 109.0718 0.0091682728 118.71166 -9.6398655 65.739231
 8.2591518 107.99658 0.0092595523 116.89878 -8.9021956 65.741352
 8.2628686 106.91735 0.0093530187 115.15988 -8.2425303 65.743477
 8.2665853 106.3366 0.0094040999 114.17233 -7.8357291 65.745606
 8.2703021 106.68794 0.0093731304 114.24376 -7.5558136 65.747738
 8.2740188 108.15344 0.0092461229 115.43147 -7.2780285 65.749874
 8.2777355 110.70534 0.0090329879 117.46502 -6.7596825 65.752013
 8.2814523 113.84261 0.008784057 119.81789 -5.9752757 65.754156
 8.285169 116.98043 0.0085484385 121.84564 -4.8652128 65.756303
 8.2888858 119.38062 0.0083765688 122.88242 -3.5017948 65.758453
 8.2926025 120.25512 0.0083156545 122.48492 -2.2298004 65.760606
 8.2963192 119.18248 0.008390495 120.42817 -1.2456913 65.762763
 8.300036 116.11775 0.0086119476 116.75502 -0.63726428 65.764923
 8.3037527 111.57794 0.0089623449 111.85842 -0.28047417 65.767086
 8.3074695 106.12825 0.0094225619 106.37781 -0.24955929 65.769252
 8.3111862 100.36032 0.0099640975 100.90219 -0.54187403 65.771422
 8.314903 95.120059 0.01051303 95.999752 -0.87969379 65.773595
 8.3186197 90.761701 0.011017863 91.924653 -1.1629517 65.775771
 8.3223364 87.371925 0.011445324 88.858535 -1.4866096 65.77795
 8.3260532 85.094106 0.011751695 86.863344 -1.7692375 65.780133
 8.3297699 83.96917 0.011909133 85.952005 -1.9828353 65.782318
 8.3334867 84.012858 0.01190294 86.068771 -2.0559133 65.784506
 8.3372034 85.046387 0.011758289 87.093864 -2.0474772 65.786697
 8.3409202 86.967448 0.011498555 88.866578 -1.8991303 65.788891
 8.3446369 89.555547 0.011166254 91.161991 -1.6064435 65.791088
 8.3483536 92.272845 0.010837425 93.668807 -1.3959624 65.793287
 8.3520704 94.64227 0.010566103 95.975547 -1.3332764 65.795489
 8.3557871 96.372864 0.010376365 97.653324 -1.2804602 65.797694
 8.3595039 97.138878 0.010294539 98.434424 -1.2955461 65.799902
 8.3632206 96.928052 0.010316931 98.283818 -1.3557657 65.802112
 8.3669373 95.849604 0.010433011 97.377356 -1.5277516 65.804325
 8.3706541 94.259753 0.010608982 95.88881 -1.6290573 65.80654
 8.3743708 92.418327 0.010820365 93.888939 -1.4706113 65.808758
 8.3780876 90.451574 0.01105564 91.443044 -0.99147013 65.810979
 8.3818043 88.564588 0.011291195 88.624348 -0.059759946 65.813201
 8.385521 86.784559 0.011522787 85.655704 1.1288546 65.815427
 8.3892378 85.06588 0.011755595 82.750587 2.3152928 65.817654
 8.3929545 83.43322 0.011985634 80.083267 3.3499531 65.819884
 8.3966713 81.893588 0.012210968 77.809011 4.0845767 65.822116
 8.400388 80.461344 0.012428328 75.909235 4.552109 65.82435
 8.4041048 79.148974 0.012634403 74.37291 4.7760638 65.826586
 8.4078215 77.985319 0.012822926 73.163181 4.8221379 65.828825
 8.4115382 76.953702 0.012994826 72.234549 4.7191532 65.831065
 8.415255 76.075483 0.013144839 71.506885 4.5685974 65.833308
 8.4189717 75.367152 0.01326838 71.009313 4.3578385 65.835552
 8.4226885 74.824165 0.013364666 70.622004 4.2021615 65.837799
 8.4264052 74.419301 0.013437374 70.358732 4.0605697 65.840047
 8.4301219 74.104774 0.013494407 70.181651 3.9231237 65.842298
 8.4338387 73.886861 0.013534206 70.089092 3.7977693 65.84455
 8.4375554 73.749601 0.013559395 70.048806 3.7007943 65.846804
 8.4412722 73.684156 0.013571439 70.075404 3.6087521 65.849059
 8.4449889 73.660835 0.013575735 70.180023 3.4808119 65.851317
 8.4487057 73.686752 0.01357096 70.3811 3.3056526 65.853576
 8.4524224 73.779872 0.013553832 70.705954 3.0739176 65.855836
 8.4561391 73.967804 0.013519396 71.192973 2.7748307 65.858098
 8.4598559 74.276001 0.013463299 71.853144 2.4228574 65.860362
 8.4635726 74.738467 0.013379991 72.784655 1.9538119 65.862627
 8.4672894 75.409711 0.013260892 73.971765 1.4379466 65.864894
 8.4710061 76.349266 0.013097703 75.474655 0.87461146 65.867162
 8.4747228 77.643918 0.012879309 77.253829 0.39008928 65.869432
 8.4784396 79.325328 0.012606314 79.252624 0.072703174 65.871702
 8.4821563 81.23971 0.012309251 81.353898 -0.11418796 65.873974
 8.4858731 83.14461 0.012027238 83.36689 -0.22227945 65.876248
 8.4895898 84.793493 0.011793358 84.980071 -0.18657858 65.878522
 8.4933065 85.844594 0.011648957 85.887095 -0.042500646 65.880798
 8.4970233 86.136864 0.011609431 85.853679 0.28318444 65.883075
 8.50074 85.641986 0.011676516 84.911227 0.73075811 65.885353
 8.5044568 84.500188 0.011834293 83.295443 1.2047449 65.887631
 8.5081735 82.954478 0.012054804 81.324958 1.6295204 65.889911
 8.5118903 81.238078 0.012309499 79.28725 1.9508277 65.892192
 8.515607 79.637444 0.012556907 77.375136 2.262308 65.894474
 8.5193237 78.257352 0.012778352 75.704025 2.5533269 65.896756
 8.5230405 77.092682 0.0129714 74.338483 2.7541984 65.89904
 8.5267572 76.194771 0.01312426 73.293723 2.9010474 65.901324
 8.530474 75.553406 0.013235671 72.550789 3.002617 65.903609
 8.5341907 75.129125 0.013310417 72.132145 2.9969798 65.905895
 8.5379074 74.914576 0.013348537 72.005495 2.9090816 65.908181
 8.5416242 74.888585 0.01335317 72.159488 2.7290971 65.910468
 8.5453409 75.098173 0.013315903 72.593176 2.5049968 65.912755
 8.5490577 75.55794 0.013234876 73.303919 2.2540216 65.915043
 8.5527744 76.320951 0.013102562 74.31224 2.0087108 65.917332
 8.5564911 77.456731 0.012910434 75.597719 1.8590118 65.919621
 8.5602079 78.979622 0.012661494 77.132157 1.8474653 65.92191
 8.5639246 80.869286 0.012365634 78.846647 2.0226386 65.9242
 8.5676414 83.010783 0.012046628 80.618739 2.3920442 65.92649
 8.5713581 85.080795 0.011753534 82.276625 2.8041699 65.92878
 8.5750749 86.707751 0.011532994 83.523372 3.1843789 65.931071
 8.5787916 87.623207 0.011412502 84.137317 3.4858904 65.933362
 8.5825083 87.704508 0.011401922 83.962542 3.7419668 65.935653
 8.5862251 87.004517 0.011493656 83.076544 3.9279721 65.937944
 8.5899418 85.662313 0.011673745 81.717005 3.9453081 65.940235
 8.5936586 83.976947 0.01190803 80.159637 3.8173096 65.942526
 8.5973753 82.275813 0.01215424 78.622848 3.6529647 65.944817
 8.601092 80.697896 0.012391897 77.262453 3.4354436 65.947108
 8.6048088 79.393651 0.012595466 76.171613 3.2220383 65.949399
 8.6085255 78.414492 0.012752745 75.407061 3.0074315 65.95169
 8.6122423 77.786621 0.012855681 75.007217 2.7794038 65.953981
 8.615959 77.510946 0.012901404 75.010814 2.5001316 65.956271
 8.6196758 77.54128 0.012896357 75.409107 2.1321735 65.958562
 8.6233925 77.9241 0.012833 76.234944 1.6891566 65.960852
 8.6271092 78.66261 0.01271252 77.515129 1.1474813 65.963141
 8.630826 79.734128 0.012541681 79.254889 0.4792389 65.96543
 8.6345427 81.169642 0.012319877 81.447046 -0.27740395 65.967719
 8.6382595 82.895887 0.012063325 84.058691 -1.1628045 65.970007
 8.6419762 84.849106 0.011785628 87.031197 -2.1820915 65.972295
 8.6456929 86.94057 0.01150211 90.142352 -3.2017822 65.974582
 8.6494097 89.014058 0.011234181 93.20704 -4.1929816 65.976869
 8.6531264 90.946294 0.0109955 95.885565 -4.939271 65.979155
 8.6568432 92.680402 0.010789768 97.903466 -5.2230643 65.981441
 8.6605599 94.199989 0.010615712 99.197508 -4.9975187 65.983725
 8.6642766 95.52802 0.010468133 100.0025 -4.4744772 65.986009
 8.6679934 96.83918 0.010326399 100.75566 -3.9164793 65.988292
 8.6717101 98.34757 0.010168019 101.88038 -3.5328067 65.990575
 8.6754269 100.27279 0.0099727956 103.71975 -3.4469624 65.992856
 8.6791436 102.74122 0.0097331915 106.36094 -3.6197151 65.995136
 8.6828604 105.64339 0.0094658074 109.69148 -4.0480895 65.997416
 8.6865771 108.77956 0.0091929038 113.39059 -4.6110321 65.999694
 8.6902938 111.89724 0.0089367705 116.91163 -5.0143877 66.001972
 8.6940106 114.68341 0.008719657 119.65277 -4.96936 66.004248
 8.6977273 116.79323 0.0085621399 121.14104 -4.3478044 66.006524
 8.7014441 118.06752 0.0084697302 121.31143 -3.2439186 66.008798
 8.7051608 118.51313 0.0084378834 120.49195 -1.9788159 66.011071
 8.7088775 118.26539 0.0084555594 119.25544 -0.99005114 66.013342
 8.7125943 117.47748 0.0085122697 118.10372 -0.62623682 66.015613
 8.716311 116.38264 0.0085923468 117.38513 -1.0024859 66.017882
 8.7200278 115.14045 0.0086850449 117.1119 -1.9714476 66.020149
 8.7237445 113.72457 0.0087931749 116.99472 -3.270156 66.022415
 8.7274612 112.07682 0.008922452 116.60996 -4.53314 66.02468
 8.731178 110.08874 0.0090835811 115.55267 -5.4639252 66.026943
 8.7348947 107.65829 0.0092886482 113.62448 -5.9661838 66.029205
 8.7386115 104.80395 0.0095416249 110.80667 -6.0027151 66.031465
 8.7423282 101.66095 0.0098366185 107.18206 -5.5211116 66.033724
 8.746045 98.34831 0.010167943 103.04022 -4.6919135 66.035981
 8.7497617 95.074628 0.010518053 98.754891 -3.6802628 66.038236
 8.7534784 92.020437 0.010867151 94.684372 -2.663935 66.04049
 8.7571952 89.28435 0.011200171 91.180715 -1.8963647 66.042741
 8.7609119 86.968231 0.011498452 88.426169 -1.4579379 66.044991
 8.7646287 85.172368 0.011740897 86.506109 -1.3337411 66.047239
 8.7683454 84.014905 0.01190265 85.463134 -1.4482289 66.049485
 8.7720622 83.547404 0.011969253 85.31998 -1.7725759 66.051729
 8.7757789 83.800496 0.011933104 86.005716 -2.2052193 66.053971
 8.7794956 84.912249 0.011776864 87.433647 -2.5213979 66.056212
 8.7832124 86.821274 0.011517914 89.466203 -2.6449293 66.05845
 8.7869291 89.398801 0.011185832 91.903577 -2.5047759 66.060686
 8.7906459 92.478264 0.010813352 94.400431 -1.9221676 66.062919
 8.7943626 95.657951 0.010453914 96.653769 -0.99581789 66.065151
 8.7980793 98.51344 0.010150899 98.246195 0.26724508 66.06738
 8.8017961 100.73783 0.0099267578 98.976521 1.7613053 66.069607
 8.8055128 102.1483 0.0097896881 98.865183 3.2831169 66.071832
 8.8092296 102.74067 0.0097332437 98.096752 4.64392 66.074055
 8.8129463 102.63602 0.0097431682 96.904934 5.7310858 66.076275
 8.816663 102.08517 0.0097957419 95.502989 6.5821831 66.078492
 8.8203798 101.27943 0.0098736733 94.117232 7.1621968 66.080708
 8.8240965 100.27766 0.009972311 92.912597 7.3650619 66.08292
 8.8278133 99.154373 0.010085284 91.98061 7.1737634 66.08513
 8.83153 97.921969 0.010212213 91.394479 6.5274901 66.087338
 8.8352467 96.58891 0.010353155 91.135914 5.4529965 66.089543
 8.8389635 95.285065 0.010494824 91.237906 4.0471584 66.091745
 8.8426802 94.17863 0.01061812 91.773623 2.4050061 66.093944
 8.846397 93.454259 0.010700422 92.780905 0.67335388 66.096141
 8.8501137 93.228617 0.01072632 94.262754 -1.0341371 66.098335
 8.8538305 93.477058 0.010697812 96.065028 -2.5879696 66.100526
 8.8575472 93.992963 0.010639094 97.921761 -3.9287981 66.102714
 8.8612639 94.477592 0.01058452 99.488564 -5.0109715 66.1049
 8.8649807 94.626183 0.0105679 100.42482 -5.7986414 66.107082
 8.8686974 94.313454 0.010602941 100.60331 -6.2898538 66.109261
 8.8724142 93.554123 0.010689 100.08649 -6.5323637 66.111438
 8.8761309 92.531052 0.010807183 99.118615 -6.587563 66.113611
 8.8798476 91.451182 0.010934796 98.064737 -6.6135553 66.115781
 8.8835644 90.588064 0.011038982 97.275101 -6.6870371 66.117948
 8.8872811 90.173129 0.011089778 96.982554 -6.809425 66.120112
 8.8909979 90.312014 0.011072724 97.283222 -6.9712082 66.122272
 8.8947146 90.983271 0.010991031 98.096594 -7.1133232 66.124429
 8.8984313 92.05379 0.010863214 99.176412 -7.122622 66.126583
 8.9021481 93.353233 0.010712002 100.17419 -6.820958 66.128734
 8.9058648 94.642174 0.010566114 100.73057 -6.0883973 66.130881
 8.9095816 95.659261 0.010453771 100.60403 -4.9447674 66.133025
 8.9132983 96.172943 0.010397935 99.767053 -3.5941096 66.135165
 8.9170151 96.028798 0.010413543 98.255281 -2.226483 66.137302
 8.9207318 95.228511 0.010501057 96.135115 -0.90660452 66.139435
 8.9244485 93.788549 0.010662282 93.533569 0.25498013 66.141565
 8.9281653 91.856211 0.01088658 90.665358 1.1908529 66.143691
 8.931882 89.654096 0.01115398 87.827825 1.8262706 66.145813
 8.9355988 87.363492 0.011446429 85.249881 2.113611 66.147931
 8.9393155 85.218257 0.011734575 83.115208 2.1030483 66.150046
 8.9430322 83.426414 0.011986611 81.526958 1.8994567 66.152157
 8.946749 82.122462 0.012176936 80.532185 1.5902771 66.154264
 8.9504657 81.358353 0.012291301 80.101465 1.2568874 66.156368
 8.9541825 81.173175 0.012319341 80.204989 0.96818585 66.158467
 8.9578992 81.602425 0.012254538 80.761235 0.84118928 66.160563
 8.961616 82.55644 0.012112925 81.649803 0.90663702 66.162654
 8.9653327 83.792297 0.011934271 82.705836 1.0864618 66.164742
 8.9690494 85.077268 0.011754021 83.694086 1.3831824 66.166825
 8.9727662 86.100881 0.011614283 84.368278 1.7326031 66.168904
 8.9764829 86.591136 0.011548526 84.4917 2.0994353 66.170979
 8.9801997 86.411985 0.011572469 83.97462 2.4373647 66.17305
 8.9839164 85.59744 0.011682592 82.89671 2.7007302 66.175117
 8.9876331 84.361069 0.011853809 81.459789 2.9012799 66.177179
 8.9913499 82.899974 0.01206273 79.896799 3.0031745 66.179237
 8.9950666 81.426882 0.012280956 78.38217 3.0447125 66.181291
 8.9987834 80.135717 0.01247883 77.027466 3.1082507 66.18334
 9.0025001 79.079193 0.012645551 75.895226 3.1839675 66.185385
 9.0062168 78.271461 0.012776049 75.018833 3.2526285 66.187426
 9.0099336 77.705289 0.012869137 74.409507 3.2957824 66.189462
 9.0136503 77.383331 0.01292268 74.065711 3.3176205 66.191493
 9.0173671 77.307345 0.012935381 73.987654 3.3196912 66.19352
 9.0210838 77.459455 0.01290998 74.186833 3.2726214 66.195543
 9.0248006 77.862305 0.012843185 74.679081 3.1832241 66.19756
 9.0285173 78.480131 0.012742079 75.49514 2.9849901 66.199573
 9.032234 79.320824 0.01260703 76.678457 2.6423663 66.201581
 9.0359508 80.407791 0.012436606 78.275878 2.1319131 66.203585
 9.0396675 81.78507 0.012227171 80.33172 1.4533497 66.205583
 9.0433843 83.413096 0.011988525 82.831435 0.58166066 66.207577
 9.047101 85.299466 0.011723403 85.762876 -0.46340924 66.209566
 9.0508178 87.423449 0.011438579 89.036658 -1.6132092 66.21155
 9.0545345 89.659747 0.011153277 92.463062 -2.8033155 66.213529
 9.0582512 91.92142 0.010878857 95.741611 -3.8201917 66.215503
 9.061968 94.067251 0.010630692 98.508531 -4.4412801 66.217472
 9.0656847 95.908231 0.010426634 100.34689 -4.4386549 66.219435
 9.0694015 97.285922 0.01027898 101.01894 -3.7330194 66.221394
 9.0731182 98.077362 0.010196033 100.54996 -2.4726028 66.223348
 9.0768349 98.283592 0.010174638 99.257908 -0.97431562 66.225296
 9.0805517 97.952087 0.010209073 97.615135 0.33695269 66.227239
 9.0842684 97.293783 0.010278149 96.057615 1.2361679 66.229177
 9.0879852 96.600787 0.010351883 94.920354 1.6804326 66.23111
 9.0917019 96.115089 0.010404194 94.408077 1.7070121 66.233037
 9.0954186 96.035085 0.010412861 94.603744 1.4313414 66.234959
 9.0991354 96.43443 0.01036974 95.488087 0.94634354 66.236875
 9.1028521 97.26033 0.010281684 96.944946 0.31538418 66.238786
 9.1065689 98.330905 0.010169743 98.738756 -0.407851 66.240691
 9.1102856 99.414683 0.010058876 100.67482 -1.2601358 66.242591
 9.1140023 100.4433 0.0099558656 102.53232 -2.0890184 66.244485
 9.1177191 101.44541 0.009857518 104.29185 -2.8464319 66.246374
 9.1214358 102.42702 0.0097630489 105.94899 -3.5219682 66.248257
 9.1251526 103.38096 0.0096729614 107.45755 -4.0765909 66.250135
 9.1288693 104.2347 0.0095937339 108.6277 -4.3929937 66.252006
 9.1325861 104.8125 0.009540847 109.14723 -4.3347351 66.253872
 9.1363028 104.90154 0.0095327487 108.69683 -3.7952965 66.255732
 9.1400195 104.31714 0.0095861527 107.08803 -2.7708928 66.257586
 9.1437363 103.02548 0.0097063365 104.49242 -1.4669342 66.259435
 9.147453 101.08089 0.0098930669 101.27442 -0.19353037 66.261277
 9.1511698 98.682983 0.010133459 97.867801 0.81518216 66.263113
 9.1548865 96.174103 0.01039781 94.639264 1.5348385 66.264944
 9.1586033 93.744911 0.010667246 91.84647 1.898441 66.266768
 9.16232 91.513011 0.010927408 89.59536 1.9176511 66.268587
 9.1660367 89.609922 0.011159479 87.930637 1.6792847 66.270399
 9.1697535 88.05482 0.011356562 86.818969 1.2358506 66.272205
 9.1734702 86.81248 0.011519081 86.114149 0.69833041 66.274005
 9.1771869 85.844147 0.011649018 85.67116 0.17298628 66.275799
 9.1809037 85.103612 0.011750383 85.239273 -0.13566082 66.277586
 9.1846204 84.471827 0.011838266 84.640037 -0.16820937 66.279367
 9.1883372 83.880913 0.011921663 83.763684 0.11722856 66.281142
 9.1920539 83.291435 0.012006036 82.628188 0.66324699 66.282911
 9.1957707 82.668238 0.012096544 81.349341 1.3188973 66.284673
 9.1994874 81.99249 0.012196239 80.074789 1.917701 66.286428
 9.2032041 81.274656 0.012303959 78.927494 2.3471621 66.288178
 9.2069209 80.557167 0.012413545 78.006371 2.5507965 66.28992
 9.2106376 79.927259 0.012511376 77.339816 2.5874424 66.291656
 9.2143544 79.42111 0.012591111 77.03211 2.3889999 66.293386
 9.2180711 79.141179 0.012635647 77.112314 2.0288655 66.295109
 9.2217879 79.166997 0.012631526 77.621875 1.5451223 66.296825
 9.2255046 79.636734 0.012557019 78.579368 1.0573665 66.298535
 9.2292213 80.688942 0.012393272 80.051641 0.63730089 66.300238
 9.2329381 82.449847 0.012128585 82.035275 0.41457237 66.301934
 9.2366548 85.07444 0.011754412 84.509145 0.56529523 66.303623
 9.2403716 88.66247 0.011278729 87.413744 1.2487267 66.305305
 9.2440883 92.965047 0.010756731 90.632481 2.3325664 66.306981
 9.247805 97.645795 0.010241096 93.921294 3.7245013 66.30865
 9.2515218 102.16828 0.0097877738 96.955713 5.2125661 66.310311
 9.2552385 105.73944 0.0094572093 99.309657 6.4297818 66.311966
 9.2589553 107.93419 0.0092649052 100.61061 7.3235775 66.313614
 9.262672 108.60138 0.0092079857 100.76695 7.8344353 66.315254
 9.2663887 107.97175 0.0092616816 99.987466 7.9842877 66.316888
 9.2701055 106.40774 0.0093978128 98.65796 7.7497776 66.318514
 9.2738222 104.40975 0.0095776499 97.171793 7.2379537 66.320133
 9.277539 102.53071 0.0097531753 95.753512 6.7771986 66.321745
 9.2812557 100.83724 0.0099169714 94.464088 6.3731491 66.32335
 9.2849724 99.245476 0.010076026 93.238647 6.0068291 66.324948
 9.2886892 97.635765 0.010242148 91.974751 5.6610143 66.326538
 9.2924059 95.875338 0.010430211 90.639807 5.235531 66.328121
 9.2961227 93.965062 0.010642253 89.332279 4.6327831 66.329696
 9.2998394 92.033785 0.010865575 88.178196 3.8555891 66.331264
 9.3035562 90.20238 0.011086182 87.313185 2.889195 66.332825
 9.3072729 88.573481 0.011290061 86.784208 1.7892733 66.334378
 9.3109896 87.270808 0.011458585 86.55715 0.71365766 66.335924
 9.3147064 86.327782 0.011583756 86.523536 -0.19575408 66.337462
 9.3184231 85.675273 0.011671979 86.514242 -0.83896914 66.338992
 9.3221399 85.231308 0.011732778 86.375461 -1.1441531 66.340515
 9.3258566 84.948003 0.011771907 86.033805 -1.0858021 66.34203
 9.3295734 84.820808 0.01178956 85.561252 -0.74044369 66.343538
 9.3332901 84.798444 0.011792669 85.130902 -0.33245768 66.345037
 9.3370068 84.912201 0.011776871 84.945698 -0.033497094 66.346529
 9.3407236 85.171346 0.011741038 85.169409 0.0019365904 66.348014
 9.3444403 85.595683 0.011682832 85.898146 -0.302463 66.34949
 9.348157 86.256157 0.011593375 87.178147 -0.92198976 66.350958
 9.3518738 87.175985 0.011471049 88.925298 -1.7493131 66.352419
 9.3555905 88.309736 0.01132378 91.047049 -2.7373129 66.353871
 9.3593073 89.553693 0.011166485 93.291162 -3.7374688 66.355316
 9.363024 90.750587 0.011019212 95.33608 -4.5854926 66.356753
 9.3667408 91.658908 0.010910014 96.808529 -5.1496219 66.358181
 9.3704575 92.078265 0.010860326 97.404582 -5.3263174 66.359602
 9.3741742 91.913684 0.010879773 96.974183 -5.0604994 66.361014
 9.377891 91.183177 0.010966935 95.565659 -4.3824826 66.362418
 9.3816077 90.00961 0.011109925 93.424656 -3.4150452 66.363814
 9.3853245 88.54671 0.011293474 90.876188 -2.3294785 66.365202
 9.3890412 87.012136 0.01149265 88.261738 -1.2496023 66.366582
 9.392758 85.489408 0.011697356 85.841154 -0.35174638 66.367953
 9.3964747 84.073987 0.011894285 83.802911 0.27107668 66.369316
 9.4001914 82.873611 0.012066567 82.286071 0.58754068 66.37067
 9.4039082 81.940684 0.01220395 81.347141 0.59354253 66.372016
 9.4076249 81.336843 0.012294551 81.017215 0.31962807 66.373354
 9.4113417 81.119756 0.012327453 81.254042 -0.13428592 66.374684
 9.4150584 81.353363 0.012292055 82.074982 -0.72161936 66.376004
 9.4187751 82.094798 0.01218104 83.407446 -1.312648 66.377317
 9.4224919 83.287305 0.012006632 85.169468 -1.8821627 66.37862
 9.4262086 84.874807 0.011782059 87.24119 -2.3663832 66.379915
 9.4299254 86.736977 0.011529108 89.446964 -2.7099872 66.381202
 9.4336421 88.633458 0.011282421 91.586206 -2.9527479 66.38248
 9.4373589 90.428535 0.011058456 93.499237 -3.0707011 66.383749
 9.4410756 92.045957 0.010864138 95.13125 -3.0852936 66.385009
 9.4447923 93.420972 0.010704235 96.525189 -3.1042168 66.386261
 9.4485091 94.574061 0.010573724 97.774614 -3.2005532 66.387504
 9.4522258 95.552521 0.010465449 98.922876 -3.3703552 66.388738
 9.4559425 96.394847 0.010373999 99.968203 -3.5733569 66.389963
 9.4596593 97.156784 0.010292642 100.95154 -3.7947525 66.391179
 9.463376 97.887062 0.010215855 101.98969 -4.1026254 66.392387
 9.4670928 98.61083 0.010140874 103.1731 -4.5622684 66.393585
 9.4708095 99.291196 0.010071386 104.50531 -5.2141126 66.394774
 9.4745263 99.870842 0.010012933 105.85758 -5.9867387 66.395955
 9.478243 100.22674 0.009977377 107.01496 -6.7882171 66.397126
 9.4819597 100.21414 0.0099786318 107.74732 -7.5331763 66.398288
 9.4856765 99.728025 0.010027272 107.77525 -8.0472244 66.399441
 9.4893932 98.748942 0.010126691 106.81345 -8.0645125 66.400585
 9.49311 97.304189 0.01027705 104.76229 -7.4581038 66.40172
 9.4968267 95.491173 0.010472172 101.78593 -6.2947551 66.402846
 9.5005435 93.475774 0.010697959 98.253583 -4.7778087 66.403962
 9.5042602 91.390271 0.010942084 94.620564 -3.230292 66.405069
 9.5079769 89.32977 0.011194476 91.228893 -1.8991231 66.406167
 9.5116937 87.468018 0.01143275 88.338101 -0.87008311 66.407255
 9.5154104 85.886248 0.011643308 86.07131 -0.18506187 66.408334
 9.5191272 84.705363 0.011805628 84.509041 0.19632178 66.409403
 9.5228439 84.027425 0.011900876 83.653328 0.37409665 66.410463
 9.5265606 83.917651 0.011916444 83.485838 0.4318126 66.411514
 9.5302774 84.39461 0.011849098 83.899005 0.49560547 66.412555
 9.5339941 85.424985 0.011706177 84.790077 0.63490824 66.413586
 9.5377109 86.956973 0.01149994 85.990964 0.96600913 66.414608
 9.5414276 88.878049 0.011251372 87.286978 1.5910713 66.415621
 9.5451443 90.951889 0.010994824 88.418755 2.5331341 66.416623
 9.5488611 92.992765 0.010753525 89.168486 3.8242789 66.417616
 9.5525778 94.809166 0.010547503 89.429788 5.3793778 66.4186
 9.5562946 96.196187 0.010395422 89.219318 6.9768698 66.419573
 9.5600113 97.009379 0.010308282 88.615912 8.3934673 66.420537
 9.563728 97.147906 0.010293583 87.756343 9.3915628 66.421491
 9.5674448 96.595248 0.010352476 86.696923 9.8983247 66.422435
 9.5711615 95.416822 0.010480332 85.565089 9.8517328 66.42337
 9.5748783 93.754784 0.010666122 84.460053 9.2947302 66.424294
 9.578595 91.841779 0.010888291 83.510486 8.3312935 66.425209
 9.5823118 89.882306 0.01112566 82.86395 7.0183565 66.426113
 9.5860285 88.126465 0.011347329 82.642022 5.4844426 66.427008
 9.5897452 86.797663 0.011521047 82.917187 3.8804762 66.427892
 9.593462 86.019526 0.011625267 83.720847 2.2986789 66.428767
 9.5971787 85.829661 0.011650984 85.036737 0.79292373 66.429631
 9.6008955 86.241938 0.011595287 86.784164 -0.54222542 66.430485
 9.6046122 87.20251 0.01146756 88.805094 -1.6025843 66.43133
 9.608329 88.577779 0.011289513 90.861918 -2.2841387 66.432164
 9.6120457 90.053932 0.011104457 92.664968 -2.6110354 66.432987
 9.6157624 91.347 0.010947267 93.875925 -2.5289247 66.433801
 9.6194792 92.165082 0.010850096 94.235009 -2.0699271 66.434604
 9.6231959 92.295682 0.010834743 93.633378 -1.3376957 66.435397
 9.6269126 91.695503 0.01090566 92.221393 -0.52589002 66.43618
 9.6306294 90.463084 0.011054233 90.318675 0.14440853 66.436953
 9.6343461 88.84184 0.011255958 88.223605 0.61823463 66.437714
 9.6380629 87.060725 0.011486236 86.272242 0.78848267 66.438466
 9.6417796 85.384857 0.011711679 84.694758 0.6900996 66.439207
 9.6454964 84.091993 0.011891739 83.6054 0.48659296 66.439938
 9.6492131 83.267822 0.012009441 83.07227 0.19555186 66.440658
 9.6529298 82.934385 0.012057725 83.094037 -0.15965197 66.441368
 9.6566466 83.05722 0.012039892 83.618823 -0.56160301 66.442067
 9.6603633 83.569377 0.011966106 84.540233 -0.97085636 66.442755
 9.6640801 84.325584 0.011858797 85.707237 -1.3816529 66.443433
 9.6677968 85.074763 0.011754367 86.865994 -1.7912315 66.4441
 9.6715136 85.683932 0.0116708 87.830867 -2.1469355 66.444757
 9.6752303 86.038617 0.011622688 88.410093 -2.3714757 66.445403
 9.678947 86.116613 0.011612161 88.551685 -2.4350725 66.446038
 9.6826638 85.943634 0.011635533 88.259276 -2.3156415 66.446662
 9.6863805 85.601802 0.011681997 87.566203 -1.9644014 66.447276
 9.6900973 85.21653 0.011734813 86.581295 -1.3647647 66.447878
 9.693814 84.86086 0.011783996 85.433495 -0.57263447 66.44847
 9.6975307 84.580149 0.011823105 84.302642 0.2775072 66.449051
 9.7012475 84.379779 0.011851181 83.344402 1.0353763 66.449621
 9.7049642 84.248304 0.011869675 82.65176 1.5965436 66.45018
 9.708681 84.166336 0.011881235 82.255524 1.9108121 66.450728
 9.7123977 84.117622 0.011888115 82.095238 2.0223847 66.451266
 9.7161144 84.082324 0.011893106 82.076247 2.0060769 66.451792
 9.7198312 84.034149 0.011899924 82.057019 1.9771301 66.452307
 9.7235479 83.950981 0.011911713 81.903765 2.0472159 66.452811
 9.7272647 83.818827 0.011930494 81.551457 2.2673704 66.453304
 9.7309814 83.642598 0.01195563 81.042155 2.6004439 66.453786
 9.7346981 83.439006 0.011984802 80.491065 2.9479404 66.454256
 9.7384149 83.223869 0.012015784 80.015497 3.2083727 66.454716
 9.7421316 83.036776 0.012042857 79.705041 3.331735 66.455164
 9.7458484 82.907946 0.01206157 79.601381 3.3065649 66.455601
 9.7495651 82.849996 0.012070007 79.698544 3.151452 66.456026
 9.7532819 82.842885 0.012071043 79.949602 2.8932831 66.456441
 9.7569986 82.878354 0.012065877 80.281117 2.5972377 66.456844
 9.7607153 82.917887 0.012060124 80.534443 2.3834447 66.457235
 9.7644321 82.91776 0.012060142 80.666562 2.2511984 66.457616
 9.7681488 82.841601 0.01207123 80.64761 2.1939909 66.457985
 9.7718656 82.682945 0.012094393 80.556076 2.1268697 66.458342
 9.7755823 82.490667 0.012122584 80.512498 1.978169 66.458688
 9.7792991 82.393021 0.01213695 80.643574 1.7494461 66.459022
 9.7830158 82.518163 0.012118544 81.013409 1.5047541 66.459345
 9.7867325 82.94854 0.012055667 81.632364 1.3161759 66.459657
 9.7904493 83.725164 0.01194384 82.471021 1.2541429 66.459956
 9.794166 84.788376 0.01179407 83.433515 1.3548605 66.460245
 9.7978828 85.958003 0.011633588 84.362684 1.5953185 66.460521
 9.8015995 86.944979 0.011501527 85.032809 1.9121702 66.460786
 9.8053162 87.522608 0.011425619 85.252127 2.2704811 66.461039
 9.809033 87.520185 0.011425936 84.89798 2.6222046 66.461281
 9.8127497 86.924182 0.011504279 84.048517 2.8756646 66.461511
 9.8164665 85.818858 0.011652451 82.884899 2.9339586 66.461729
 9.8201832 84.443225 0.011842276 81.620309 2.822916 66.461935
 9.8238999 83.033948 0.012043267 80.446788 2.58716 66.462129
 9.8276167 81.745008 0.012233163 79.472456 2.2725514 66.462312
 9.8313334 80.698499 0.012391804 78.817146 1.8813527 66.462483
 9.8350502 79.966817 0.012505187 78.536203 1.4306145 66.462642
 9.8387669 79.545794 0.012571375 78.672176 0.87361798 66.462788
 9.8424837 79.411049 0.012592706 79.223878 0.18717049 66.462923
 9.8462004 79.530418 0.012573805 80.224816 -0.69439793 66.463046
 9.8499171 79.926376 0.012511514 81.611271 -1.6848945 66.463157
 9.8536339 80.55619 0.012413695 83.359826 -2.8036357 66.463256
 9.8573506 81.370809 0.012289419 85.37007 -3.9992607 66.463343
 9.8610674 82.355614 0.012142463 87.509497 -5.1538833 66.463418
 9.8647841 83.464572 0.011981131 89.590865 -6.1262933 66.463481
 9.8685008 84.637403 0.011815107 91.414675 -6.7772721 66.463532
 9.8722176 85.807632 0.011653975 92.810163 -7.002531 66.46357
 9.8759343 86.901034 0.011507343 93.727329 -6.8262949 66.463596
 9.8796511 87.861036 0.01138161 94.24301 -6.3819745 66.463611
 9.8833678 88.697108 0.011274325 94.453208 -5.7561003 66.463612
 9.8870846 89.472877 0.011176571 94.566658 -5.0937802 66.463602
 9.8908013 90.298787 0.011074346 94.790316 -4.4915285 66.463579
 9.894518 91.296473 0.010953326 95.321241 -4.0247676 66.463545
 9.8982348 92.571203 0.010802496 96.289438 -3.7182357 66.463497
 9.9019515 94.144503 0.010621969 97.695087 -3.5505833 66.463438
 9.9056683 95.989647 0.01041779 99.440216 -3.4505691 66.463366
 9.909385 97.945025 0.010209809 101.32457 -3.3795472 66.463281
 9.9131017 99.7942 0.010020622 103.11087 -3.3166659 66.463185
 9.9168185 101.33053 0.0098686942 104.57862 -3.2480885 66.463076
 9.9205352 102.37426 0.0097680806 105.56133 -3.1870726 66.462954
 9.924252 102.83929 0.0097239096 105.96289 -3.123591 66.46282
 9.9279687 102.74235 0.0097330847 105.76495 -3.0226041 66.462673
 9.9316854 102.20368 0.0097843838 105.05572 -2.8520395 66.462514
 9.9354022 101.38659 0.0098632374 104.0168 -2.6302066 66.462342
 9.9391189 100.47031 0.0099531888 102.94616 -2.4758439 66.462158
 9.9428357 99.681913 0.01003191 102.14501 -2.4631022 66.461961
 9.9465524 99.208389 0.010079793 101.85581 -2.6474172 66.461751
 9.9502692 99.167981 0.0100839 102.22656 -3.0585763 66.461529
 9.9539859 99.630005 0.010037137 103.2843 -3.6542963 66.461294
 9.9577026 100.58562 0.0099417787 104.95827 -4.3726431 66.461046
 9.9614194 102.00314 0.0098036199 107.07339 -5.0702552 66.460786
 9.9651361 103.7171 0.0096416117 109.39535 -5.6782549 66.460513
 9.9688529 105.55045 0.0094741424 111.73392 -6.1834687 66.460227
 9.9725696 107.38726 0.0093120915 113.86123 -6.4739679 66.459929
 9.9762863 109.05875 0.0091693694 115.6017 -6.5429439 66.459617
 9.9800031 110.39302 0.0090585441 116.78846 -6.3954486 66.459293
 9.9837198 111.27498 0.0089867459 117.33296 -6.0579788 66.458956
 9.9874366 111.6726 0.0089547481 117.26149 -5.588888 66.458606
 9.9911533 111.5792 0.0089622438 116.73885 -5.1596496 66.458243
 9.99487 111.0042 0.009008668 115.973 -4.9687977 66.457867
 9.9985868 110.05325 0.0090865105 115.13954 -5.0862923 66.457478
 10.002304 108.89677 0.0091830085 114.4202 -5.5234243 66.457076
 10.00602 107.63706 0.0092904807 113.87078 -6.2337212 66.456661
 10.009737 106.45003 0.0093940793 113.38631 -6.9362833 66.456234
 10.013454 105.48103 0.0094803776 112.86831 -7.3872794 66.455793
 10.017171 104.81451 0.0095406641 112.26901 -7.4545069 66.455339
 10.020887 104.46302 0.0095727653 111.68767 -7.2246489 66.454872
 10.024604 104.38124 0.0095802653 111.19986 -6.8186138 66.454392
 10.028321 104.51488 0.0095680154 110.85391 -6.3390319 66.453899
 10.032037 104.72821 0.0095485258 110.56911 -5.8408977 66.453393
 10.035754 104.87195 0.0095354384 110.21937 -5.3474186 66.452873
 10.039471 104.80385 0.0095416346 109.66754 -4.8636906 66.45234
 10.043188 104.43729 0.0095751241 108.81922 -4.3819295 66.451795
 10.046904 103.68838 0.009644282 107.61758 -3.9292014 66.451236
 10.050621 102.5536 0.0097509988 106.01416 -3.4605649 66.450663
 10.054338 101.06605 0.0098945195 103.96042 -2.8943725 66.450078
 10.058055 99.266673 0.010073874 101.42633 -2.1596531 66.449479
 10.061771 97.154246 0.010292911 98.488443 -1.3341968 66.448867
 10.065488 94.864171 0.010541388 95.380445 -0.51627347 66.448241
 10.069205 92.516157 0.010808923 92.330372 0.18578465 66.447602
 10.072922 90.212054 0.011084993 89.545704 0.66634968 66.44695
 10.076638 88.092964 0.011351644 87.159545 0.93341927 66.446284
 10.080355 86.280528 0.011590101 85.239257 1.0412709 66.445605
 10.084072 84.799146 0.011792572 83.79572 1.0034262 66.444913
 10.087789 83.69986 0.011947451 82.811299 0.88856105 66.444207
 10.091505 82.943825 0.012056353 82.231187 0.712638 66.443487
 10.095222 82.526922 0.012117258 81.984282 0.54263947 66.442755
 10.098939 82.351301 0.012143099 81.981508 0.36979247 66.442008
 10.102656 82.360181 0.01214179 82.126532 0.23364883 66.441248
 10.106372 82.542798 0.012114927 82.340755 0.20204325 66.440475
 10.110089 82.864047 0.01206796 82.590575 0.27347151 66.439688
 10.113806 83.286677 0.012006722 82.898805 0.38787219 66.438887
 10.117523 83.822296 0.01193 83.315112 0.5071841 66.438073
 10.121239 84.49689 0.011834755 83.890117 0.60677278 66.437245
 10.124956 85.292539 0.011724355 84.654579 0.6379595 66.436404
 10.128673 86.158511 0.011606514 85.600599 0.55791169 66.435549
 10.132389 87.067513 0.01148534 86.736135 0.33137778 66.43468
 10.136106 88.002439 0.011363321 88.078557 -0.076118392 66.433797
 10.139823 88.959231 0.011241104 89.68325 -0.72401872 66.432901
 10.14354 89.935941 0.011119025 91.583197 -1.6472563 66.431991
 10.147256 90.98629 0.010990667 93.799462 -2.8131717 66.431068
 10.150973 92.146617 0.01085227 96.285882 -4.1392652 66.43013
 10.15469 93.423999 0.010703888 98.916977 -5.4929786 66.429179
 10.158407 94.844376 0.010543588 101.50927 -6.6648895 66.428214
 10.162123 96.440694 0.010369067 103.81724 -7.3765436 66.427235
 10.16584 98.20049 0.010183249 105.73888 -7.5383882 66.426242
 10.169557 100.08799 0.0099912088 107.34538 -7.2573875 66.425236
 10.173274 102.14974 0.0097895504 108.86773 -6.7179899 66.424215
 10.17699 104.36811 0.0095814712 110.58103 -6.2129256 66.423181
 10.180707 106.73293 0.0093691796 112.68968 -5.9567473 66.422133
 10.184424 109.24449 0.0091537794 115.24016 -5.9956627 66.42107
 10.188141 111.84387 0.008941035 118.10192 -6.2580475 66.419994
 10.191857 114.43536 0.0087385576 120.99798 -6.5626203 66.418904
 10.195574 116.8712 0.0085564279 123.46345 -6.5922472 66.4178
 10.199291 118.94374 0.0084073364 124.9999 -6.0561683 66.416682
 10.203008 120.39701 0.0083058542 125.24528 -4.8482755 66.41555
 10.206724 121.04007 0.0082617266 124.10833 -3.0682564 66.414404
 10.210441 120.80207 0.0082780038 121.78675 -0.98467643 66.413244
 10.214158 119.76989 0.0083493439 118.68993 1.0799578 66.412069
 10.217875 118.05595 0.00847056 115.24404 2.8119082 66.410881
 10.221591 115.94443 0.0086248216 111.81318 4.131251 66.409679
 10.225308 113.6913 0.0087957476 108.65148 5.0398206 66.408462
 10.229025 111.46804 0.0089711811 105.89692 5.5711201 66.407232
 10.232741 109.38965 0.009141633 103.59935 5.7902957 66.405987
 10.236458 107.43451 0.0093079964 101.70718 5.7273232 66.404728
 10.240175 105.4959 0.0094790418 100.10962 5.386271 66.403455
 10.243892 103.45608 0.0096659372 98.676224 4.7798583 66.402168
 10.247608 101.29964 0.0098717037 97.365581 3.934056 66.400866
 10.251325 99.04203 0.010096724 96.199793 2.8422372 66.39955
 10.255042 96.840645 0.010326243 95.301507 1.5391374 66.398221
 10.258759 94.875575 0.010540121 94.829037 0.046537915 66.396876
 10.262475 93.366486 0.010710481 94.927141 -1.5606552 66.395518
 10.266192 92.543958 0.010805676 95.718397 -3.1744388 66.394145
 10.269909 92.554385 0.010804458 97.294974 -4.7405893 66.392758
 10.273626 93.536802 0.010690979 99.682712 -6.1459105 66.391357
 10.277342 95.504211 0.010470742 102.89207 -7.3878559 66.389941
 10.281059 98.424014 0.010160122 106.85922 -8.4352018 66.388511
 10.284776 102.19888 0.0097848435 111.4094 -9.2105232 66.387067
 10.288493 106.46782 0.0093925095 116.29574 -9.8279178 66.385608
 10.292209 110.94886 0.0090131613 121.15478 -10.205919 66.384135
 10.295926 115.48727 0.0086589629 125.67277 -10.185499 66.382648
 10.299643 119.82235 0.0083456886 129.68123 -9.8588827 66.381146
 10.30336 123.9561 0.0080673724 133.19243 -9.2363363 66.379629
 10.307076 127.96514 0.0078146282 136.31261 -8.3474647 66.378099
 10.310793 131.77989 0.0075884111 139.10256 -7.3226722 66.376554
 10.31451 135.26259 0.0073930272 141.41001 -6.1474181 66.374994
 10.318227 138.17691 0.0072370994 142.92474 -4.7478348 66.37342
 10.321943 140.06477 0.0071395539 143.29326 -3.2284872 66.371831
 10.32566 140.54343 0.0071152385 142.30506 -1.7616304 66.370228
 10.329377 139.30009 0.0071787463 139.93705 -0.6369603 66.36861
 10.333094 136.47836 0.0073271688 136.4267 0.051658525 66.366978
 10.33681 132.37216 0.0075544585 132.14205 0.23011443 66.365332
 10.340527 127.35959 0.007851784 127.52499 -0.16539704 66.36367
 10.344244 122.17805 0.0081847764 123.01065 -0.83259875 66.361995
 10.34796 117.29808 0.0085252887 118.96821 -1.6701274 66.360304
 10.351677 112.99041 0.0088503082 115.70266 -2.712242 66.358599
 10.355394 109.54641 0.0091285509 113.39699 -3.8505755 66.35688
 10.359111 107.02412 0.0093436882 112.08756 -5.0634427 66.355145
 10.362827 105.40399 0.0094873072 111.70309 -6.2991017 66.353397
 10.366544 104.62239 0.0095581836 112.09817 -7.4757849 66.351633
 10.370261 104.57019 0.0095629545 113.08097 -8.5107761 66.349855
 10.373978 105.15641 0.009509644 114.39223 -9.2358236 66.348062
 10.377694 106.07165 0.0094275897 115.671 -9.5993523 66.346255
 10.381411 107.02525 0.0093435899 116.48822 -9.4629762 66.344433
 10.385128 107.70315 0.0092847799 116.42102 -8.7178713 66.342596
 10.388845 107.77177 0.0092788674 115.20418 -7.4324094 66.340744
 10.392561 107.01517 0.0093444698 112.79408 -5.7789121 66.338878
 10.396278 105.39992 0.0094876735 109.41654 -4.0166271 66.336997
 10.399995 103.11014 0.0096983672 105.44973 -2.3395901 66.335101
 10.403712 100.33061 0.0099670477 101.30647 -0.97586212 66.333191
 10.407428 97.319308 0.010275453 97.3371 -0.017791961 66.331266
 10.411145 94.406316 0.010592512 93.812031 0.59428528 66.329326
 10.414862 91.766721 0.010897197 90.861087 0.90563453 66.327371
 10.418579 89.496585 0.011173611 88.537136 0.95944869 66.325401
 10.422295 87.730698 0.011398519 86.835371 0.89532699 66.323417
 10.426012 86.453687 0.011566887 85.693856 0.75983137 66.321418
 10.429729 85.627754 0.011678456 85.009518 0.61823604 66.319404
 10.433446 85.116536 0.011748598 84.652214 0.46432277 66.317375
 10.437162 84.800016 0.011792451 84.470313 0.32970317 66.315331
 10.440879 84.55501 0.01182662 84.382555 0.1724556 66.313273
 10.444596 84.289993 0.011863804 84.322428 -0.032434322 66.311199
 10.448312 83.964813 0.011909751 84.326429 -0.36161566 66.309111
 10.452029 83.633939 0.011956868 84.500337 -0.86639761 66.307008
 10.455746 83.36851 0.011994937 84.90602 -1.5375104 66.30489
 10.459463 83.224815 0.012015647 85.557572 -2.3327562 66.302757
 10.463179 83.2677 0.012009459 86.483648 -3.2159479 66.300609
 10.466896 83.527707 0.011972075 87.576554 -4.0488468 66.298446
 10.470613 83.985364 0.011906836 88.707043 -4.7216788 66.296269
 10.47433 84.597844 0.011820632 89.711668 -5.1138241 66.294076
 10.478046 85.305626 0.011722556 90.446165 -5.1405395 66.291869
 10.481763 86.029566 0.011623911 90.820959 -4.7913924 66.289646
 10.48548 86.695351 0.011534644 90.834615 -4.1392647 66.287409
 10.489197 87.196986 0.011468286 90.515792 -3.318806 66.285156
 10.492913 87.554522 0.011421455 89.897383 -2.342861 66.282889
 10.49663 87.759646 0.011394759 89.093875 -1.3342289 66.280606
 10.500347 87.866302 0.011380927 88.212972 -0.34666969 66.278309
 10.504064 87.910688 0.011375181 87.348254 0.56243394 66.275997
 10.50778 87.90357 0.011376102 86.530876 1.3726932 66.273669
 10.511497 87.781517 0.01139192 85.74528 2.0362367 66.271327
 10.515214 87.464447 0.011433217 84.970748 2.4936988 66.26897
 10.518931 86.942568 0.011501846 84.198784 2.7437841 66.266597
 10.522647 86.276281 0.011590671 83.490286 2.7859951 66.26421
 10.526364 85.554703 0.011688428 82.970875 2.5838273 66.261807
 10.530081 84.880285 0.011781299 82.755841 2.1244432 66.25939
 10.533798 84.432434 0.01184379 82.928471 1.5039633 66.256957
 10.537514 84.344068 0.011856198 83.537861 0.80620657 66.25451
 10.541231 84.696805 0.011806821 84.576388 0.12041758 66.252047
 10.544948 85.481107 0.011698491 85.994759 -0.51365172 66.249569
 10.548665 86.630948 0.011543219 87.703076 -1.0721278 66.247076
 10.552381 88.01402 0.011361826 89.509308 -1.4952873 66.244568
 10.556098 89.395513 0.011186244 91.17251 -1.776997 66.242045
 10.559815 90.599556 0.011037582 92.422371 -1.8228151 66.239507
 10.563531 91.432681 0.010937008 93.014074 -1.5813931 66.236954
 10.567248 91.772105 0.010896557 92.808396 -1.0362914 66.234386
 10.570965 91.552472 0.010922698 91.763875 -0.21140256 66.231802
 10.574682 90.819374 0.011010866 89.971596 0.84777809 66.229204
 10.578398 89.704781 0.011147678 87.682691 2.0220897 66.22659
 10.582115 88.287987 0.011326569 85.160201 3.1277857 66.223962
 10.585832 86.68692 0.011535766 82.633311 4.053609 66.221318
 10.589549 85.036936 0.011759596 80.24896 4.7879768 66.218659
 10.593265 83.385946 0.011992429 78.132981 5.2529642 66.215985
 10.596982 81.843763 0.012218402 76.310803 5.53296 66.213295
 10.600699 80.448583 0.0124303 74.795914 5.6526688 66.210591
 10.604416 79.219226 0.012623198 73.568357 5.650869 66.207871
 10.608132 78.169055 0.012792786 72.582141 5.586914 66.205136
 10.611849 77.311513 0.012934684 71.80785 5.5036636 66.202386
 10.615566 76.611224 0.013052918 71.209337 5.4018872 66.199621
 10.619283 76.065923 0.013146491 70.748592 5.3173312 66.196841
 10.622999 75.624379 0.013223249 70.394906 5.2294737 66.194046
 10.626716 75.281604 0.013283458 70.123522 5.1580813 66.191235
 10.630433 75.009755 0.013331599 69.91478 5.0949753 66.188409
 10.63415 74.820076 0.013365397 69.754811 5.0652649 66.185568
 10.637866 74.678271 0.013390776 69.630107 5.0481635 66.182712
 10.641583 74.579676 0.013408479 69.543768 5.0359087 66.179841
 10.6453 74.509773 0.013421058 69.488835 5.0209378 66.176955
 10.649017 74.464147 0.013429282 69.466072 4.9980748 66.174053
 10.652733 74.425804 0.0134362 69.486834 4.9389698 66.171136
 10.65645 74.406324 0.013439718 69.540257 4.8660665 66.168204
 10.660167 74.416522 0.013437876 69.644034 4.7724878 66.165257
 10.663883 74.457314 0.013430514 69.816781 4.6405327 66.162294
 10.6676 74.508174 0.013421346 70.054243 4.4539302 66.159316
 10.671317 74.608429 0.013403311 70.386817 4.221612 66.156324
 10.675034 74.772115 0.01337397 70.827286 3.944829 66.153316
 10.67875 75.000801 0.013333191 71.386443 3.6143581 66.150292
 10.682467 75.295919 0.013280932 72.079182 3.2167368 66.147254
 10.686184 75.702105 0.013209672 72.888684 2.8134217 66.1442
 10.689901 76.251681 0.013114465 73.813284 2.4383973 66.141131
 10.693617 76.946869 0.01299598 74.81072 2.1361491 66.138047
 10.697334 77.729543 0.012865121 75.806278 1.9232647 66.134948
 10.701051 78.526057 0.012734626 76.688367 1.83769 66.131833
 10.704768 79.241503 0.01261965 77.366858 1.8746457 66.128703
 10.708484 79.755402 0.012538336 77.707679 2.0477224 66.125558
 10.712201 79.981923 0.012502825 77.618188 2.3637351 66.122398
 10.715918 79.893745 0.012516624 77.134881 2.7588648 66.119223
 10.719635 79.534434 0.012573171 76.368298 3.1661359 66.116032
 10.723351 78.995288 0.012658983 75.452036 3.5432516 66.112826
 10.727068 78.345439 0.012763985 74.505206 3.8402329 66.109605
 10.730785 77.686696 0.012872217 73.613987 4.0727091 66.106369
 10.734502 77.091454 0.012971606 72.816013 4.2754403 66.103117
 10.738218 76.5839 0.013057575 72.188283 4.3956177 66.099851
 10.741935 76.188431 0.013125352 71.691144 4.4972864 66.096569
 10.745652 75.895124 0.013176077 71.370352 4.5247715 66.093272
 10.749369 75.709216 0.013208432 71.211071 4.4981451 66.089959
 10.753085 75.643125 0.013219972 71.211598 4.4315267 66.086632
 10.756802 75.690259 0.01321174 71.361768 4.3284912 66.083289
 10.760519 75.837461 0.013186095 71.65207 4.1853907 66.079931
 10.764236 76.052391 0.013148831 72.071498 3.9808927 66.076558
 10.767952 76.336431 0.013099905 72.603984 3.7324469 66.073169
 10.771669 76.69116 0.013039313 73.230379 3.4607805 66.069766
 10.775386 77.073934 0.012974555 73.903855 3.1700786 66.066347
 10.779102 77.464495 0.01290914 74.578656 2.8858391 66.062913
 10.782819 77.851023 0.012845046 75.182287 2.6687365 66.059464
 10.786536 78.222677 0.012784017 75.688607 2.5340695 66.056
 10.790253 78.561981 0.012728803 76.036178 2.525803 66.05252
 10.793969 78.850677 0.012682199 76.268736 2.5819414 66.049025
 10.797686 79.069664 0.012647075 76.459606 2.6100584 66.045515
 10.801403 79.22064 0.012622973 76.689113 2.5315261 66.04199
 10.80512 79.30321 0.01260983 77.026448 2.276762 66.03845
 10.808836 79.337324 0.012604408 77.488864 1.8484592 66.034895
 10.812553 79.338511 0.012604219 78.078794 1.2597173 66.031324
 10.81627 79.325338 0.012606313 78.737382 0.58795544 66.027738
 10.819987 79.314738 0.012607997 79.372989 -0.058251043 66.024137
 10.823703 79.326345 0.012606153 79.873466 -0.54712133 66.020521
 10.82742 79.366725 0.012599739 80.137665 -0.7709399 66.01689
 10.831137 79.433047 0.012589219 80.121585 -0.6885385 66.013243
 10.834854 79.518094 0.012575754 79.880343 -0.36224885 66.009582
 10.83857 79.637886 0.012556838 79.548962 0.088924369 66.005905
 10.842287 79.795822 0.012531984 79.274557 0.5212647 66.002213
 10.846004 80.017672 0.012497239 79.180216 0.83745618 65.998506
 10.849721 80.308022 0.012452056 79.336439 0.97158298 65.994784
 10.853437 80.720851 0.012388373 79.806007 0.91484315 65.991046
 10.857154 81.273804 0.012304088 80.601236 0.67256768 65.987294
 10.860871 81.977168 0.012198519 81.720368 0.25679996 65.983527
 10.864588 82.821276 0.012074192 83.138271 -0.31699499 65.979744
 10.868304 83.78673 0.011935064 84.753739 -0.96700886 65.975946
 10.872021 84.832163 0.011787982 86.469261 -1.6370979 65.972133
 10.875738 85.934479 0.011636773 88.220271 -2.2857919 65.968305
 10.879454 87.097463 0.011481391 89.892772 -2.7953095 65.964462
 10.883171 88.304316 0.011324475 91.401852 -3.0975357 65.960604
 10.886888 89.470665 0.011176848 92.685915 -3.21525 65.956731
 10.890605 90.578761 0.011040116 93.699939 -3.1211779 65.952843
 10.894321 91.569522 0.010920664 94.464813 -2.8952912 65.948939
 10.898038 92.387032 0.01082403 95.011544 -2.6245124 65.945021
 10.901755 92.98496 0.010754427 95.343529 -2.3585687 65.941088
 10.905472 93.32355 0.010715409 95.420373 -2.0968229 65.937139
 10.909188 93.417231 0.010704663 95.241112 -1.8238809 65.933176
 10.912905 93.316149 0.010716259 94.81937 -1.5032203 65.929197
 10.916622 93.07682 0.010743814 94.179002 -1.1021817 65.925204
 10.920339 92.766754 0.010779724 93.354772 -0.58801828 65.921195
 10.924055 92.439751 0.010817857 92.380811 0.058940115 65.917171
 10.927772 92.034943 0.010865438 91.307497 0.7274453 65.913133
 10.931489 91.49438 0.010929633 90.080613 1.4137666 65.909079
 10.935206 90.710035 0.011024139 88.692154 2.0178806 65.905011
 10.938922 89.643084 0.01115535 87.087439 2.555645 65.900927
 10.942639 88.297312 0.011325373 85.34991 2.9474028 65.896829
 10.946356 86.699849 0.011534045 83.588569 3.1112806 65.892715
 10.950073 84.959813 0.011770271 81.933485 3.0263285 65.888587
 10.953789 83.26755 0.01200948 80.492334 2.775216 65.884443
 10.957506 81.691157 0.012241227 79.332908 2.3582486 65.880285
 10.961223 80.336032 0.012447715 78.506878 1.8291537 65.876112
 10.96494 79.258624 0.012616924 78.044025 1.2145989 65.871924
 10.968656 78.483894 0.012741468 77.963747 0.52014766 65.867721
 10.972373 78.022687 0.012816785 78.284773 -0.26208568 65.863503
 10.97609 77.892092 0.012838274 79.029237 -1.1371445 65.85927
 10.979807 78.119601 0.012800885 80.194928 -2.0753267 65.855022
 10.983523 78.722458 0.012702855 81.778986 -3.0565284 65.85076
 10.98724 79.68763 0.012548999 83.781961 -4.0943313 65.846482
 10.990957 81.026555 0.012341633 86.145894 -5.119339 65.84219
 10.994673 82.69812 0.012092173 88.781692 -6.0835718 65.837883
 10.99839 84.60849 0.011819145 91.563242 -6.9547519 65.833561
 11.002107 86.716693 0.011531805 94.28887 -7.572177 65.829224
 11.005824 88.876928 0.011251514 96.797287 -7.9203591 65.824873
 11.00954 90.913925 0.010999415 98.91919 -8.0052652 65.820506
 11.013257 92.708344 0.010786516 100.52665 -7.8183034 65.816125
 11.016974 94.072276 0.010630124 101.52102 -7.4487404 65.811729
 11.020691 94.927821 0.01053432 101.8604 -6.9325818 65.807319
 11.024407 95.229368 0.010500962 101.55911 -6.3297421 65.802893
 11.028124 95.013041 0.010524871 100.76664 -5.7536034 65.798453
 11.031841 94.379918 0.010595474 99.648595 -5.2686761 65.793999
 11.035558 93.405942 0.010705957 98.410874 -5.0049319 65.789529
 11.039274 92.296865 0.010834604 97.241705 -4.9448401 65.785045
 11.042991 91.196528 0.01096533 96.250897 -5.0543691 65.780546
 11.046708 90.150251 0.011092593 95.432189 -5.2819387 65.776032
 11.050425 89.225772 0.011207524 94.683038 -5.4572667 65.771504
 11.054141 88.412432 0.011310626 93.837886 -5.4254534 65.766961
 11.057858 87.685 0.011404459 92.77518 -5.09018 65.762404
 11.061575 87.012182 0.011492644 91.480419 -4.4682373 65.757831
 11.065292 86.372724 0.011577729 90.036867 -3.664143 65.753245
 11.069008 85.786942 0.011656786 88.612349 -2.8254074 65.748643
 11.072725 85.251577 0.011729988 87.330647 -2.0790703 65.744027
 11.076442 84.764544 0.011797385 86.258947 -1.4944026 65.739397
 11.080159 84.3225 0.011859231 85.403808 -1.0813083 65.734752
 11.083875 83.946922 0.011912289 84.715648 -0.76872569 65.730092
 11.087592 83.617991 0.011959149 84.103835 -0.48584406 65.725418
 11.091309 83.326426 0.012000995 83.509873 -0.18344678 65.720729
 11.095025 83.046707 0.012041417 82.913254 0.13345311 65.716026
 11.098742 82.787303 0.012079147 82.347769 0.43953328 65.711309
 11.102459 82.556572 0.012112906 81.879768 0.67680362 65.706577
 11.106176 82.380274 0.012138828 81.563808 0.81646628 65.70183
 11.109892 82.292091 0.012151836 81.414771 0.87732036 65.697069
 11.113609 82.316803 0.012148188 81.442937 0.87386629 65.692294
 11.117326 82.440959 0.012129893 81.601567 0.83939214 65.687504
 11.121043 82.638713 0.012100866 81.816359 0.82235346 65.6827
 11.124759 82.918503 0.012060034 82.067392 0.85111077 65.677881
 11.128476 83.26605 0.012009697 82.328273 0.93777643 65.673048
 11.132193 83.663345 0.011952666 82.640915 1.02243 65.668201
 11.13591 84.135445 0.011885597 83.093079 1.0423654 65.663339
 11.139626 84.690496 0.0118077 83.760305 0.93019062 65.658463
 11.143343 85.381302 0.011712166 84.719882 0.66142035 65.653573
 11.14706 86.265416 0.011592131 86.005773 0.25964316 65.648669
 11.150777 87.355019 0.011447539 87.613442 -0.25842378 65.64375
 11.154493 88.618121 0.011284374 89.498435 -0.88031466 65.638817
 11.15821 90.054642 0.011104369 91.559613 -1.5049712 65.63387
 11.161927 91.569288 0.010920692 93.631004 -2.0617161 65.628908
 11.165644 93.080167 0.010743427 95.483022 -2.4028547 65.623933
 11.16936 94.54762 0.010576681 96.849947 -2.3023268 65.618943
 11.173077 95.851873 0.010432764 97.550356 -1.6984828 65.613939
 11.176794 96.897138 0.010320222 97.525936 -0.62879758 65.608921
 11.180511 97.651769 0.01024047 96.892588 0.75918069 65.603889
 11.184227 98.064239 0.010197397 95.882949 2.1812906 65.598843
 11.187944 98.169009 0.010186514 94.730393 3.4386157 65.593782
 11.191661 97.990659 0.010205054 93.634505 4.3561538 65.588708
 11.195377 97.616038 0.010244218 92.731868 4.8841703 65.58362
 11.199094 97.121938 0.010296335 92.119957 5.0019809 65.578517
 11.202811 96.589444 0.010353098 91.861124 4.7283203 65.573401
 11.206528 96.09579 0.010406283 91.993549 4.1022409 65.56827
 11.210244 95.647263 0.010455082 92.472562 3.1747009 65.563126
 11.213961 95.244184 0.010499329 93.243913 2.0002709 65.557967
 11.217678 94.906344 0.010536703 94.208359 0.69798554 65.552795
 11.221395 94.638639 0.010566509 95.25084 -0.61220094 65.547609
 11.225111 94.457441 0.010586778 96.27348 -1.8160396 65.542409
 11.228828 94.370974 0.010596479 97.251158 -2.8801836 65.537195
 11.232545 94.427816 0.0105901 98.186363 -3.7585474 65.531967
 11.236262 94.685493 0.01056128 99.100269 -4.414776 65.526725
 11.239978 95.211665 0.010502915 100.06067 -4.84901 65.52147
 11.243695 96.078445 0.010408162 101.11655 -5.0381041 65.516201
 11.247412 97.314575 0.010275953 102.27979 -4.9652191 65.510918
 11.251129 98.886462 0.010112608 103.50095 -4.6144927 65.505621
 11.254845 100.75029 0.0099255295 104.63906 -3.8887691 65.50031
 11.258562 102.72317 0.0097349023 105.53265 -2.8094858 65.494986
 11.262279 104.55883 0.0095639935 106.02706 -1.4682256 65.489648
 11.265996 106.08652 0.0094262685 106.02417 0.062349602 65.484297
 11.269712 107.10357 0.0093367568 105.55555 1.5480195 65.478932
 11.273429 107.52162 0.0093004552 104.71316 2.8084585 65.473553
 11.277146 107.29523 0.0093200784 103.62868 3.6665508 65.468161
 11.280863 106.4707 0.0093922555 102.43323 4.0374667 65.462755
 11.284579 105.15167 0.009510072 101.22397 3.9277002 65.457336
 11.288296 103.47515 0.0096641562 100.09083 3.3843191 65.451903
 11.292013 101.60574 0.0098419636 99.123487 2.4822537 65.446456
 11.29573 99.722069 0.010027871 98.41045 1.3116191 65.440996
 11.299446 97.945602 0.010209749 97.955633 -0.010030825 65.435523
 11.303163 96.375331 0.010376099 97.684273 -1.3089423 65.430036
 11.30688 95.046509 0.010521165 97.439544 -2.3930348 65.424536
 11.310596 93.948313 0.010644151 97.043816 -3.0955027 65.419022
 11.314313 93.05511 0.01074632 96.381366 -3.3262563 65.413495
 11.31803 92.28712 0.010835748 95.504599 -3.2174799 65.407955
 11.321747 91.597265 0.010917357 94.525995 -2.9287302 65.402402
 11.325463 90.973391 0.010992225 93.642912 -2.6695203 65.396835
 11.32918 90.467354 0.011053711 93.015051 -2.5476971 65.391255
 11.332897 90.134338 0.011094551 92.748669 -2.6143307 65.385661
 11.336614 90.068675 0.011102639 92.874325 -2.8056499 65.380055
 11.34033 90.310908 0.01107286 93.345794 -3.0348856 65.374435
 11.344047 90.905235 0.011000467 94.072246 -3.1670103 65.368802
 11.347764 91.792267 0.010894164 94.946947 -3.1546803 65.363156
 11.351481 92.843984 0.010770757 95.865866 -3.0218819 65.357497
 11.355197 93.852498 0.010655017 96.721556 -2.8690573 65.351825
 11.358914 94.612297 0.010569451 97.39893 -2.7866327 65.34614
 11.362631 94.960083 0.010530741 97.831553 -2.87147 65.340442
 11.366348 94.839406 0.01054414 98.048363 -3.2089563 65.33473
 11.370064 94.259389 0.010609023 98.153978 -3.8945885 65.329006
 11.373781 93.338921 0.010713644 98.258542 -4.9196216 65.323269
 11.377498 92.268354 0.010837952 98.426982 -6.1586285 65.317519
 11.381215 91.242851 0.010959763 98.654157 -7.4113056 65.311756
 11.384931 90.37606 0.011064877 98.878891 -8.5028303 65.30598
 11.388648 89.730265 0.011144512 99.03678 -9.3065151 65.300191
 11.392365 89.365125 0.011190048 99.118652 -9.7535272 65.29439
 11.396082 89.296796 0.01119861 99.128221 -9.8314247 65.288576
 11.399798 89.470072 0.011176922 99.141777 -9.6717042 65.282749
 11.403515 89.869054 0.011127301 99.2099 -9.340846 65.276909
 11.407232 90.422221 0.011059228 99.297969 -8.8757485 65.271057
 11.410948 91.055906 0.010982264 99.30641 -8.2505041 65.265191
 11.414665 91.634697 0.010912897 99.093845 -7.4591479 65.259314
 11.418382 92.05161 0.010863471 98.533449 -6.4818388 65.253423
 11.422099 92.191867 0.010846944 97.590277 -5.39841 65.247521
 11.425815 91.984543 0.010871392 96.330332 -4.3457896 65.241605
 11.429532 91.42452 0.010937985 94.882949 -3.4584287 65.235677
 11.433249 90.562383 0.011042112 93.413511 -2.8511284 65.229737
 11.436966 89.521797 0.011170464 92.03279 -2.5109927 65.223784
 11.440682 88.446487 0.011306271 90.812854 -2.3663663 65.217818
 11.444399 87.487356 0.011430223 89.769832 -2.282476 65.21184
 11.448116 86.733498 0.011529571 88.900028 -2.16653 65.20585
 11.451833 86.200859 0.011600812 88.225184 -2.0243254 65.199848
 11.455549 85.894071 0.011642247 87.755613 -1.8615417 65.193833
 11.459266 85.768097 0.011659347 87.470552 -1.702455 65.187806
 11.462983 85.802877 0.011654621 87.334002 -1.5311255 65.181767
 11.4667 85.921911 0.011638475 87.288522 -1.3666118 65.175715
 11.470416 86.085856 0.01161631 87.313883 -1.228027 65.169651
 11.474133 86.241247 0.01159538 87.390604 -1.1493571 65.163575
 11.47785 86.367615 0.011578414 87.522781 -1.1551662 65.157487
 11.481567 86.452222 0.011567083 87.745036 -1.2928136 65.151387
 11.485283 86.5553 0.011553307 88.088108 -1.5328079 65.145275
 11.489 86.715429 0.011531973 88.600002 -1.8845738 65.139151
 11.492717 86.96651 0.011498679 89.312791 -2.3462816 65.133015
 11.496434 87.330978 0.01145069 90.212996 -2.8820175 65.126867
 11.50015 87.816945 0.011387324 91.202629 -3.3856838 65.120707
 11.503867 88.357628 0.011317642 92.13695 -3.7793224 65.114535
 11.507584 88.868251 0.011252613 92.788737 -3.9204867 65.108351
 11.511301 89.265971 0.011202477 92.956851 -3.6908797 65.102155
 11.515017 89.46228 0.011177895 92.540923 -3.0786431 65.095948
 11.518734 89.396576 0.011186111 91.578339 -2.1817634 65.089728
 11.522451 89.071724 0.011226907 90.216982 -1.1452585 65.083497
 11.526167 88.528969 0.011295738 88.664241 -0.13527217 65.077255
 11.529884 87.822873 0.011386555 87.108586 0.71428765 65.071001
 11.533601 86.982279 0.011496595 85.684317 1.2979625 65.064735
 11.537318 86.034383 0.01162326 84.484147 1.5502365 65.058457
 11.541034 85.054199 0.011757209 83.576972 1.4772275 65.052168
 11.544751 84.119606 0.011887835 83.017175 1.1024307 65.045867
 11.548468 83.283277 0.012007212 82.81984 0.46343667 65.039555
 11.552185 82.627752 0.012102471 82.98456 -0.35680814 65.033232
 11.555901 82.243182 0.012159063 83.475434 -1.2322525 65.026897
 11.559618 82.185811 0.01216755 84.241266 -2.0554548 65.020551
 11.563335 82.457349 0.012127482 85.247031 -2.7896821 65.014193
 11.567052 83.024989 0.012044567 86.412458 -3.3874691 65.007824
 11.570768 83.825584 0.011929532 87.664967 -3.8393823 65.001444
 11.574485 84.77094 0.011796495 88.901416 -4.1304761 64.995052
 11.578202 85.693647 0.011669477 89.948153 -4.2545063 64.98865
 11.581919 86.436185 0.011569229 90.63046 -4.1942748 64.982236
 11.585635 86.855036 0.011513437 90.831112 -3.976076 64.975811
 11.589352 86.914192 0.011505601 90.510717 -3.5965249 64.969375
 11.593069 86.613436 0.011545553 89.708361 -3.0949243 64.962928
 11.596786 86.03039 0.011623799 88.525337 -2.4949467 64.95647
 11.600502 85.246714 0.011730657 87.121324 -1.8746102 64.950001
 11.604219 84.345329 0.011856021 85.623551 -1.2782217 64.943521
 11.607936 83.422895 0.011987117 84.150899 -0.72800386 64.93703
 11.611653 82.561646 0.012112162 82.780442 -0.2187962 64.930528
 11.615369 81.78349 0.012227407 81.537065 0.24642597 64.924015
 11.619086 81.083402 0.01233298 80.411954 0.6714484 64.917492
 11.622803 80.43233 0.012432812 79.356019 1.0763104 64.910958
 11.62652 79.821144 0.012528009 78.351339 1.469805 64.904413
 11.630236 79.221624 0.012622816 77.399553 1.8220704 64.897858
 11.633953 78.616348 0.012720001 76.531674 2.084674 64.891291
 11.63767 78.038073 0.012814258 75.787324 2.2507495 64.884715
 11.641386 77.546801 0.012895438 75.202951 2.3438498 64.878127
 11.645103 77.152918 0.012961272 74.797791 2.355127 64.87153
 11.64882 76.84611 0.01301302 74.570559 2.2755515 64.864922
 11.652537 76.624079 0.013050728 74.506074 2.1180053 64.858303
 11.656253 76.503797 0.013071247 74.573063 1.9307336 64.851674
 11.65997 76.457199 0.013079213 74.715126 1.7420733 64.845035
 11.663687 76.457212 0.013079211 74.880085 1.5771265 64.838385
 11.667404 76.474042 0.013076332 74.9897 1.4843422 64.831725
 11.67112 76.498828 0.013072096 74.96998 1.5288476 64.825055
 11.674837 76.529818 0.013066802 74.804241 1.7255774 64.818374
 11.678554 76.555422 0.013062432 74.519665 2.035757 64.811684
 11.682271 76.544851 0.013064236 74.177359 2.3674916 64.804983
 11.685987 76.484164 0.013074602 73.849539 2.6346253 64.798273
 11.689704 76.384636 0.013091638 73.596538 2.7880978 64.791552
 11.693421 76.281222 0.013109386 73.459759 2.8214635 64.784822
 11.697138 76.191404 0.01312484 73.464858 2.7265456 64.778081
 11.700854 76.140226 0.013133662 73.622973 2.5172528 64.771331
 11.704571 76.138687 0.013133928 73.927088 2.2115995 64.76457
 11.708288 76.224642 0.013119117 74.358032 1.8666106 64.7578
 11.712005 76.386528 0.013091314 74.878039 1.5084888 64.751021
 11.715721 76.574092 0.013059247 75.42898 1.1451113 64.744231
 11.719438 76.779671 0.013024281 75.942625 0.83704528 64.737432
 11.723155 76.981842 0.012990076 76.355489 0.62635276 64.730623
 11.726872 77.136477 0.012964035 76.642438 0.49403879 64.723805
 11.730588 77.22286 0.012949533 76.833162 0.38969779 64.716977
 11.734305 77.266001 0.012942303 76.999562 0.26643981 64.710139
 11.738022 77.309596 0.012935005 77.230084 0.079511353 64.703292
 11.741738 77.416189 0.012917195 77.61171 -0.19552172 64.696436
 11.745455 77.646344 0.012878906 78.157762 -0.51141741 64.689571
 11.749172 78.005557 0.0128196 78.940622 -0.93506508 64.682696
 11.752889 78.499626 0.012738914 79.934664 -1.4350375 64.675812
 11.756605 79.100327 0.012642173 81.106539 -2.0062126 64.668918
 11.760322 79.79524 0.012532076 82.409624 -2.6143844 64.662016
 11.764039 80.566165 0.012412158 83.797222 -3.2310574 64.655104
 11.767756 81.397662 0.012285365 85.254661 -3.8569989 64.648183
 11.771472 82.274239 0.012154473 86.764782 -4.4905434 64.641253
 11.775189 83.190343 0.012020626 88.3133 -5.1229565 64.634314
 11.778906 84.125903 0.011886945 89.845438 -5.7195349 64.627367
 11.782623 85.034986 0.011759866 91.279835 -6.2448494 64.62041
 11.786339 85.881551 0.011643944 92.523414 -6.6418633 64.613445
 11.790056 86.625842 0.011543899 93.500343 -6.8745014 64.60647
 11.793773 87.245532 0.011461905 94.175787 -6.9302553 64.599487
 11.79749 87.743785 0.011396819 94.503942 -6.7601577 64.592496
 11.801206 88.110156 0.011349429 94.528386 -6.4182301 64.585495
 11.804923 88.365771 0.011316599 94.332041 -5.9662699 64.578486
 11.80864 88.537824 0.011294608 93.991334 -5.4535098 64.571469
 11.812357 88.69223 0.011274945 93.586979 -4.8947483 64.564443
 11.816073 88.815974 0.011259236 93.093483 -4.2775095 64.557408
 11.81979 88.875666 0.011251674 92.409172 -3.5335053 64.550365
 11.823507 88.80378 0.011260782 91.426822 -2.6230423 64.543314
 11.827224 88.532956 0.011295229 90.082308 -1.5493511 64.536254
 11.83094 88.030924 0.011359644 88.384823 -0.3538982 64.529186
 11.834657 87.287059 0.011456452 86.471303 0.81575544 64.52211
 11.838374 86.339002 0.011582251 84.490054 1.8489475 64.515026
 11.84209 85.2456 0.011730811 82.59251 2.6530903 64.507934
 11.845807 84.102002 0.011890323 80.901642 3.2003608 64.500833
 11.849524 83.008403 0.012046973 79.464326 3.5440763 64.493725
 11.853241 82.027453 0.01219104 78.314761 3.712692 64.486608
 11.856957 81.198207 0.012315543 77.460967 3.7372392 64.479484
 11.860674 80.557236 0.012413534 76.881112 3.6761237 64.472352
 11.864391 80.115496 0.01248198 76.571975 3.543521 64.465212
 11.868108 79.862055 0.012521591 76.495612 3.3664435 64.458064
 11.871824 79.775322 0.012535205 76.613772 3.16155 64.450909
 11.875541 79.830556 0.012526532 76.880178 2.9503787 64.443746
 11.879258 79.998431 0.012500245 77.242853 2.7555777 64.436575
 11.882975 80.224261 0.012465057 77.650236 2.5740249 64.429397
 11.886691 80.466754 0.012427493 78.083684 2.3830692 64.422211
 11.890408 80.685977 0.012393727 78.531002 2.154975 64.415018
 11.894125 80.887093 0.012362912 79.047844 1.8392487 64.407817
 11.897842 81.090823 0.012331852 79.661359 1.429464 64.400609
 11.901558 81.326963 0.012296045 80.391157 0.93580618 64.393394
 11.905275 81.606471 0.01225393 81.22428 0.38219036 64.386172
 11.908992 81.941966 0.012203759 82.106141 -0.16417492 64.378942
 11.912709 82.325562 0.012146896 82.939616 -0.61405409 64.371706
 11.916425 82.69236 0.012093016 83.609765 -0.91740486 64.364462
 11.920142 82.935402 0.012057577 84.040966 -1.1055642 64.357211
 11.923859 83.021222 0.012045113 84.198265 -1.1770428 64.349953
 11.927576 82.961828 0.012053736 84.171184 -1.2093567 64.342689
 11.931292 82.803388 0.012076801 84.080074 -1.2766862 64.335417
 11.935009 82.626175 0.012102702 84.03373 -1.4075551 64.328139
 11.938726 82.492139 0.012122367 84.096186 -1.6040467 64.320854
 11.942443 82.444211 0.012129414 84.31775 -1.8735383 64.313562
 11.946159 82.495577 0.012121862 84.659504 -2.1639265 64.306264
 11.949876 82.625397 0.012102816 85.057595 -2.4321982 64.298959
 11.953593 82.794006 0.012078169 85.464367 -2.6703611 64.291647
 11.957309 82.948461 0.012055679 85.877797 -2.9293357 64.28433
 11.961026 83.025589 0.012044479 86.354489 -3.3289001 64.277005
 11.964743 83.042511 0.012042025 87.014336 -3.9718252 64.269675
 11.96846 83.069794 0.01203807 87.954568 -4.8847742 64.262338
 11.972176 83.211108 0.012017626 89.232386 -6.0212784 64.254995
 11.975893 83.543961 0.011969746 90.88719 -7.343229 64.247645
 11.97961 84.106695 0.01188966 92.851719 -8.7450249 64.24029
 11.983327 84.902417 0.011778228 95.026312 -10.123895 64.232929
 11.987043 85.907448 0.011640434 97.255197 -11.347749 64.225561
 11.99076 87.105522 0.011480328 99.400507 -12.294984 64.218188
 11.994477 88.455465 0.011305124 101.36139 -12.905921 64.210808
 11.998194 89.917437 0.011121313 103.14885 -13.231415 64.203423
 12.00191 91.454409 0.01093441 104.83169 -13.377281 64.196033
 12.005627 93.035332 0.010748605 106.47352 -13.438193 64.188636
 12.009344 94.628034 0.010567693 108.13126 -13.503228 64.181234
 12.013061 96.183192 0.010396827 109.74984 -13.566649 64.173826
 12.016777 97.627988 0.010242964 111.19644 -13.56845 64.166413
 12.020494 98.847132 0.010116631 112.26186 -13.41473 64.158994
 12.024211 99.723724 0.010027704 112.72171 -12.997982 64.15157
 12.027928 100.13804 0.0099862149 112.3963 -12.258263 64.14414
 12.031644 100.05239 0.0099947634 111.24071 -11.188314 64.136705
 12.035361 99.490776 0.010051183 109.31807 -9.8272902 64.129265
 12.039078 98.515355 0.010150702 106.80314 -8.2877837 64.12182
 12.042795 97.195638 0.010288528 103.92044 -6.7247991 64.11437
 12.046511 95.604418 0.010459768 100.86478 -5.2603586 64.106915
 12.050228 93.826927 0.010657921 97.769041 -3.942114 64.099454
 12.053945 91.947762 0.010875741 94.72042 -2.7726581 64.091989
 12.057661 90.002818 0.011110763 91.771121 -1.7683031 64.084519
 12.061378 88.05618 0.011356386 88.994747 -0.93856649 64.077044
 12.065095 86.179573 0.011603678 86.477282 -0.29770941 64.069565
 12.068812 84.401886 0.011848076 84.307593 0.094293308 64.06208
 12.072528 82.777321 0.012080604 82.548584 0.22873731 64.054591
 12.076245 81.391947 0.012286228 81.239899 0.1520487 64.047098
 12.079962 80.294172 0.012454204 80.403152 -0.10898061 64.0396
 12.083679 79.507861 0.012577373 80.044709 -0.53684846 64.032098
 12.087395 79.02361 0.012654446 80.167302 -1.1436918 64.024591
 12.091112 78.83786 0.012684261 80.756384 -1.9185237 64.01708
 12.094829 78.94709 0.012666711 81.78593 -2.83884 64.009565
 12.098546 79.371114 0.012599042 83.220035 -3.848921 64.002046
 12.102262 80.064578 0.012489918 85.018202 -4.9536241 63.994523
 12.105979 81.012082 0.012343838 87.072696 -6.060614 63.986995
 12.109696 82.181221 0.01216823 89.2406 -7.0593789 63.979464
 12.113413 83.495847 0.011976644 91.325582 -7.8297345 63.971929
 12.117129 84.8274 0.011788644 93.095163 -8.2677628 63.96439
 12.120846 86.069537 0.011618513 94.333373 -8.2638365 63.956847
 12.124563 87.138448 0.01147599 94.912624 -7.7741759 63.9493
 12.12828 87.930712 0.011372591 94.839561 -6.9088484 63.94175
 12.131996 88.385757 0.01131404 94.26131 -5.8755529 63.934196
 12.135713 88.500137 0.011299417 93.400196 -4.9000592 63.926639
 12.13943 88.350573 0.011318546 92.464839 -4.1142658 63.919079
 12.143147 88.05408 0.011356657 91.615842 -3.5617627 63.911515
 12.146863 87.745054 0.011396654 90.928256 -3.1832027 63.903947
 12.15058 87.525302 0.011425268 90.432217 -2.9069151 63.896377
 12.154297 87.49276 0.011429517 90.107543 -2.6147828 63.888803
 12.158014 87.633802 0.011411122 89.904587 -2.2707847 63.881226
 12.16173 87.871714 0.011380226 89.728631 -1.8569166 63.873646
 12.165447 88.067767 0.011354892 89.442831 -1.3750645 63.866064
 12.169164 88.105675 0.011350007 88.93673 -0.83105517 63.858478
 12.17288 87.896347 0.011377037 88.185875 -0.2895282 63.850889
 12.176597 87.398244 0.011441877 87.229293 0.16895103 63.843298
 12.180314 86.63711 0.011542398 86.195821 0.44128928 63.835704
 12.184031 85.693853 0.011669448 85.205464 0.48838869 63.828108
 12.187747 84.70389 0.011805833 84.351569 0.35232131 63.820509
 12.191464 83.804398 0.011932548 83.691996 0.1124013 63.812907
 12.195181 83.093328 0.012034661 83.230982 -0.13765407 63.805303
 12.198898 82.621234 0.012103426 82.953087 -0.3318531 63.797697
 12.202614 82.381854 0.012138596 82.837275 -0.45542115 63.790088
 12.206331 82.365059 0.012141071 82.822623 -0.45756437 63.782478
 12.210048 82.509453 0.012119823 82.861504 -0.35205167 63.774865
 12.213765 82.701881 0.012091623 82.873667 -0.17178513 63.76725
 12.217481 82.831785 0.01207266 82.785312 0.046472369 63.759633
 12.221198 82.832898 0.012072498 82.529841 0.30305699 63.752014
 12.224915 82.672185 0.012095967 82.083605 0.58858032 63.744394
 12.228632 82.353165 0.012142824 81.450049 0.90311559 63.736771
 12.232348 81.885544 0.012212168 80.644747 1.2407966 63.729147
 12.236065 81.302358 0.012299766 79.697151 1.6052071 63.721522
 12.239782 80.667631 0.012396546 78.655954 2.0116765 63.713894
 12.243499 80.04425 0.01249309 77.600234 2.4440163 63.706266
 12.247215 79.445803 0.012587197 76.611572 2.8342312 63.698636
 12.250932 78.874807 0.012678319 75.755603 3.1192037 63.691004
 12.254649 78.342923 0.012764395 75.07388 3.269044 63.683372
 12.258366 77.875712 0.012840974 74.583605 3.2921073 63.675738
 12.262082 77.487027 0.012905386 74.275031 3.2119968 63.668103
 12.265799 77.193354 0.012954483 74.131698 3.0616559 63.660467
 12.269516 76.982076 0.012990037 74.103585 2.8784912 63.65283
 12.273232 76.84299 0.013013549 74.134534 2.7084554 63.645192
 12.276949 76.762355 0.013027219 74.17142 2.590935 63.637554
 12.280666 76.73601 0.013031691 74.180013 2.5559975 63.629914
 12.284383 76.754054 0.013028628 74.152212 2.6018417 63.622274
 12.288099 76.810682 0.013019023 74.110203 2.7004782 63.614634
 12.291816 76.879468 0.013007374 74.082143 2.7973252 63.606993
 12.295533 76.944585 0.012996366 74.080223 2.8643627 63.599351
 12.29925 77.000074 0.012987001 74.09693 2.9031441 63.591709
 12.302966 77.031972 0.012981623 74.1114 2.9205722 63.584067
 12.306683 77.024475 0.012982886 74.100985 2.9234902 63.576425
 12.3104 76.988403 0.012988969 74.067128 2.9212749 63.568782
 12.314117 76.923121 0.012999993 74.031737 2.8913845 63.56114
 12.317833 76.846858 0.013012894 74.045232 2.8016257 63.553498
 12.32155 76.791751 0.013022232 74.175907 2.6158434 63.545855
 12.325267 76.777362 0.013024673 74.466943 2.3104189 63.538213
 12.328984 76.824099 0.013016749 74.947285 1.8768141 63.530571
 12.3327 76.982964 0.012989887 75.623617 1.3593462 63.52293
 12.336417 77.305545 0.012935683 76.482676 0.82286805 63.515289
 12.340134 77.798421 0.012853731 77.481777 0.31664456 63.507648
 12.343851 78.432472 0.012749821 78.544737 -0.11226454 63.500008
 12.347567 79.129593 0.012637497 79.566639 -0.43704641 63.492369
 12.351284 79.783292 0.012533953 80.426878 -0.64358591 63.48473
 12.355001 80.314486 0.012451054 81.030429 -0.71594271 63.477093
 12.358718 80.715998 0.012389118 81.360077 -0.64407891 63.469456
 12.362434 80.961383 0.012351568 81.459876 -0.49849379 63.46182
 12.366151 81.040143 0.012339564 81.416826 -0.37668266 63.454185
 12.369868 80.997609 0.012346043 81.328324 -0.33071412 63.446552
 12.373585 80.915657 0.012358548 81.25261 -0.33695258 63.438919
 12.377301 80.821246 0.012372984 81.192584 -0.37133859 63.431288
 12.381018 80.728216 0.012387243 81.169112 -0.44089628 63.423658
 12.384735 80.666384 0.012396738 81.192953 -0.52656845 63.41603
 12.388451 80.659808 0.012397748 81.321468 -0.6616597 63.408403
 12.392168 80.704308 0.012390912 81.587821 -0.88351362 63.400778
 12.395885 80.833455 0.012371115 82.030328 -1.196873 63.393155
 12.399602 81.081548 0.012333262 82.637304 -1.5557562 63.385533
 12.403318 81.453659 0.012276919 83.345345 -1.8916864 63.377914
 12.407035 81.881973 0.0122127 84.064327 -2.1823532 63.370296
 12.410752 82.329976 0.012146244 84.704283 -2.3743068 63.36268
 12.414469 82.765607 0.012082313 85.187433 -2.4218256 63.355067
 12.418185 83.15566 0.01202564 85.434654 -2.2789944 63.347456
 12.421902 83.425095 0.011986801 85.390366 -1.9652716 63.339847
 12.425619 83.539797 0.011970343 85.012457 -1.472659 63.33224
 12.429336 83.462166 0.011981477 84.29383 -0.83166424 63.324636
 12.433052 83.178352 0.012022359 83.280332 -0.10198 63.317034
 12.436769 82.708814 0.01209061 82.064764 0.64405002 63.309435
 12.440486 82.101992 0.012179972 80.769076 1.3329165 63.301839
 12.444203 81.397392 0.012285406 79.500885 1.8965068 63.294246
 12.447919 80.673828 0.012395594 78.337344 2.3364841 63.286655
 12.451636 80.006152 0.012499039 77.313193 2.6929589 63.279067
 12.455353 79.420766 0.012591165 76.421575 2.9991917 63.271483
 12.45907 78.901474 0.012674034 75.623915 3.2775592 63.263902
 12.462786 78.423487 0.012751282 74.871336 3.5521512 63.256324
 12.466503 77.958158 0.012827394 74.123206 3.8349523 63.248749
 12.47022 77.497945 0.012903568 73.368328 4.1296174 63.241177
 12.473937 77.04348 0.012979684 72.627276 4.4162038 63.233609
 12.477653 76.593651 0.013055912 71.938319 4.655332 63.226045
 12.48137 76.164103 0.013129545 71.321181 4.8429222 63.218485
 12.485087 75.770554 0.013197739 70.819358 4.9511959 63.210928
 12.488803 75.443286 0.01325499 70.437768 5.0055174 63.203375
 12.49252 75.197217 0.013298364 70.195293 5.0019239 63.195826
 12.496237 75.016769 0.013330353 70.095506 4.9212632 63.188281
 12.499954 74.907506 0.013349797 70.151051 4.7564549 63.18074
 12.50367 74.894656 0.013352088 70.368416 4.5262403 63.173203
 12.507387 74.986727 0.013335693 70.756829 4.2298979 63.165671
 12.511104 75.175326 0.013302237 71.320289 3.8550365 63.158143
 12.514821 75.462184 0.013251671 72.062822 3.3993612 63.150619
 12.518537 75.855209 0.01318301 72.975566 2.8796431 63.1431
 12.522254 76.377581 0.013092847 74.065159 2.3124226 63.135586
 12.525971 77.026792 0.012982496 75.294409 1.7323833 63.128076
 12.529688 77.785784 0.012855819 76.623667 1.1621177 63.120571
 12.533404 78.617393 0.012719832 77.993087 0.62430662 63.113071
 12.537121 79.456032 0.012585577 79.335101 0.1209306 63.105577
 12.540838 80.273656 0.012457387 80.605553 -0.33189675 63.098087
 12.544555 81.063444 0.012336017 81.786815 -0.72337165 63.090602
 12.548271 81.784462 0.012227261 82.884814 -1.1003523 63.083123
 12.551988 82.423566 0.012132452 83.920913 -1.4973466 63.075649
 12.555705 82.976496 0.012051605 84.901718 -1.9252211 63.068181
 12.559422 83.432045 0.011985802 85.825648 -2.3936027 63.060718
 12.563138 83.808627 0.011931946 86.642531 -2.8339045 63.053261
 12.566855 84.166967 0.011881146 87.248861 -3.0818943 63.04581
 12.570572 84.515902 0.011832093 87.554933 -3.0390308 63.038364
 12.574289 84.818446 0.011789888 87.522347 -2.7039007 63.030925
 12.578005 85.045476 0.011758415 87.177074 -2.1315977 63.023491
 12.581722 85.208051 0.01173598 86.585898 -1.3778468 63.016064
 12.585439 85.298846 0.011723488 85.861543 -0.56269727 63.008642
 12.589156 85.305072 0.011722632 85.078577 0.22649412 63.001228
 12.592872 85.193576 0.011737974 84.272948 0.92062795 62.993819
 12.596589 84.970105 0.011768845 83.405115 1.56499 62.986417
 12.600306 84.657224 0.011812341 82.44158 2.2156439 62.979022
 12.604022 84.255862 0.01186861 81.319726 2.9361363 62.971633
 12.607739 83.740328 0.011941678 80.070877 3.6694519 62.964251
 12.611456 83.114428 0.012031605 78.751985 4.3624435 62.956876
 12.615173 82.403114 0.012135464 77.442103 4.9610112 62.949508
 12.618889 81.643143 0.012248426 76.219352 5.4237909 62.942148
 12.622606 80.847822 0.012368917 75.143418 5.7044039 62.934794
 12.626323 80.04391 0.012493143 74.235589 5.8083205 62.927448
 12.63004 79.287509 0.012612327 73.483038 5.8044708 62.920108
 12.633756 78.58669 0.012724801 72.872801 5.7138892 62.912777
 12.637473 77.930099 0.012832012 72.355734 5.5743651 62.905453
 12.64119 77.349747 0.012928291 71.911215 5.4385321 62.898137
 12.644907 76.861992 0.013010332 71.511242 5.3507498 62.890828
 12.648623 76.462296 0.013078341 71.154993 5.3073029 62.883527
 12.65234 76.143588 0.013133082 70.858812 5.2847761 62.876235
 12.656057 75.897853 0.013175603 70.646561 5.2512914 62.86895
 12.659774 75.733836 0.013204138 70.551537 5.1822987 62.861674
 12.66349 75.645671 0.013219527 70.581364 5.0643068 62.854405
 12.667207 75.637296 0.013220991 70.762743 4.8745533 62.847145
 12.670924 75.703784 0.013209379 71.099187 4.6045969 62.839894
 12.674641 75.846731 0.013184484 71.593478 4.2532523 62.832651
 12.678357 76.076792 0.013144613 72.241349 3.8354437 62.825417
 12.682074 76.387853 0.013091087 73.028079 3.3597742 62.818192
 12.685791 76.781751 0.013023928 73.919431 2.8623203 62.810975
 12.689508 77.241969 0.01294633 74.88932 2.3526483 62.803768
 12.693224 77.737172 0.012863859 75.915443 1.8217299 62.796569
 12.696941 78.253276 0.012779018 76.963466 1.2898096 62.78938
 12.700658 78.793358 0.012691425 78.014142 0.77921573 62.7822
 12.704374 79.322637 0.012606742 79.022584 0.30005269 62.775029
 12.708091 79.814168 0.012529104 79.909376 -0.095207792 62.767868
 12.711808 80.245862 0.012461702 80.573937 -0.32807442 62.760716
 12.715525 80.57223 0.012411224 80.914764 -0.3425343 62.753574
 12.719241 80.748161 0.012384183 80.865741 -0.1175794 62.746442
 12.722958 80.751239 0.012383711 80.442914 0.30832494 62.73932
 12.726675 80.587364 0.012408893 79.720067 0.86729742 62.732208
 12.730392 80.282834 0.012455963 78.819798 1.4630368 62.725105
 12.734108 79.847903 0.01252381 77.906175 1.941728 62.718013
 12.737825 79.328359 0.012605832 77.098946 2.2294127 62.710932
 12.741542 78.802183 0.012690004 76.477999 2.3241839 62.70386
 12.745259 78.333875 0.012765869 76.106875 2.2269999 62.6968
 12.748975 77.94222 0.012830017 76.012967 1.9292526 62.68975
 12.752692 77.634521 0.012880868 76.201346 1.4331758 62.68271
 12.756409 77.468399 0.012908489 76.653915 0.81448439 62.675682
 12.760126 77.489838 0.012904918 77.352074 0.1377632 62.668664
 12.763842 77.74364 0.012862789 78.245258 -0.50161862 62.661657
 12.767559 78.218119 0.012784761 79.306166 -1.0880466 62.654662
 12.771276 78.924019 0.012670414 80.493326 -1.569307 62.647678
 12.774993 79.838893 0.012525224 81.743697 -1.9048042 62.640705
 12.778709 80.871318 0.012365323 82.948192 -2.0768744 62.633744
 12.782426 81.878062 0.012213284 83.995179 -2.117117 62.626794
 12.786143 82.760101 0.012083117 84.718039 -1.9579376 62.619856
 12.78986 83.43144 0.011985889 85.019353 -1.5879131 62.612929
 12.793576 83.78228 0.011935698 84.87749 -1.0952104 62.606015
 12.797293 83.782806 0.011935623 84.358904 -0.57609779 62.599113
 12.80101 83.467763 0.011980673 83.598918 -0.13115499 62.592222
 12.804726 82.93573 0.012057529 82.734714 0.20101581 62.585344
 12.808443 82.287697 0.012152485 81.880186 0.40751131 62.578479
 12.81216 81.632446 0.012250031 81.127096 0.50534982 62.571626
 12.815877 81.022313 0.012342279 80.515387 0.50692664 62.564785
 12.819593 80.484431 0.012424763 80.04811 0.43632139 62.557957
 12.82331 80.040362 0.012493697 79.671801 0.36856059 62.551142
 12.827027 79.694542 0.012547911 79.3007 0.39384176 62.544339
 12.830744 79.405306 0.012593617 78.816366 0.58894065 62.53755
 12.83446 79.132428 0.012637044 78.149567 0.98286135 62.530774
 12.838177 78.839541 0.012683991 77.264956 1.5745852 62.524011
 12.841894 78.505524 0.012737957 76.202279 2.3032446 62.517261
 12.845611 78.146192 0.012796529 75.041128 3.1050635 62.510525
 12.849327 77.759514 0.012860163 73.882494 3.8770194 62.503802
 12.853044 77.349866 0.012928271 72.79046 4.5594064 62.497093
 12.856761 76.934308 0.012998102 71.815196 5.1191124 62.490398
 12.860478 76.529343 0.013066883 70.981282 5.5480607 62.483717
 12.864194 76.155182 0.013131083 70.298083 5.8570988 62.477049
 12.867911 75.836166 0.013186321 69.776451 6.0597152 62.470396
 12.871628 75.58198 0.013230667 69.417053 6.1649269 62.463757
 12.875345 75.393631 0.01326372 69.202551 6.1910795 62.457133
 12.879061 75.276042 0.013284439 69.134427 6.1416149 62.450522
 12.882778 75.235761 0.013291552 69.202915 6.0328461 62.443927
 12.886495 75.274401 0.013284729 69.397977 5.876424 62.437346
 12.890212 75.420141 0.013259058 69.704721 5.7154192 62.43078
 12.893928 75.676715 0.013214104 70.119978 5.5567365 62.424229
 12.897645 76.013741 0.013155516 70.614066 5.3996746 62.417693
 12.901362 76.426796 0.013084416 71.162657 5.2641387 62.411172
 12.905079 76.898656 0.013004128 71.72954 5.1691163 62.404666
 12.908795 77.381536 0.012922979 72.276456 5.1050795 62.398176
 12.912512 77.841362 0.012846641 72.76401 5.0773518 62.391701
 12.916229 78.260117 0.012777901 73.1791 5.0810162 62.385242
 12.919945 78.6225 0.012719005 73.527042 5.0954583 62.378799
 12.923662 78.927968 0.01266978 73.84135 5.0866186 62.372371
 12.927379 79.186236 0.012628457 74.139848 5.0463882 62.365959
 12.931096 79.413709 0.012592284 74.429875 4.9838338 62.359564
 12.934812 79.60966 0.01256129 74.688208 4.9214516 62.353185
 12.938529 79.786359 0.012533471 74.88151 4.9048496 62.346822
 12.942246 79.963153 0.01250576 74.974224 4.9889284 62.340475
 12.945963 80.14167 0.012477903 74.946942 5.1947282 62.334145
 12.949679 80.291934 0.012454551 74.832908 5.4590253 62.327832
 12.953396 80.383591 0.01244035 74.693277 5.6903134 62.321535
 12.957113 80.43294 0.012432717 74.613518 5.8194222 62.315256
 12.96083 80.462453 0.012428157 74.661855 5.8005985 62.308993
 12.964546 80.477989 0.012425758 74.898782 5.579207 62.302748
 12.968263 80.513234 0.012420318 75.341288 5.1719464 62.29652
 12.97198 80.608831 0.012405589 76.006069 4.6027619 62.290309
 12.975697 80.801102 0.012376069 76.875194 3.9259074 62.284116
 12.979413 81.134745 0.012325176 77.89387 3.2408751 62.277941
 12.98313 81.576352 0.012258454 78.981801 2.5945512 62.271783
 12.986847 82.076625 0.012183737 80.018752 2.057873 62.265643
 12.990564 82.591845 0.012107733 80.884904 1.7069409 62.259521
 12.99428 83.075058 0.012037307 81.451431 1.6236272 62.253418
 12.997997 83.458603 0.011981988 81.636191 1.8224118 62.247332
 13.001714 83.650876 0.011954447 81.423975 2.2269011 62.241265
 13.005431 83.580671 0.011964489 80.851345 2.7293257 62.235217
 13.009147 83.221649 0.012016104 79.98442 3.2372287 62.229187
 13.012864 82.664726 0.012097058 78.927817 3.7369094 62.223176
 13.016581 82.005033 0.012194374 77.782362 4.2226711 62.217183
 13.020297 81.293175 0.012301156 76.644468 4.6487065 62.21121
 13.024014 80.572294 0.012411214 75.608306 4.9639874 62.205256
 13.027731 79.888682 0.012517418 74.713746 5.1749365 62.199321
 13.031448 79.304848 0.01260957 74.025139 5.2797089 62.193405
 13.035164 78.861168 0.012680512 73.546533 5.3146348 62.187509
 13.038881 78.564827 0.012728342 73.266673 5.2981541 62.181633
 13.042598 78.383904 0.012757721 73.16705 5.2168534 62.175776
 13.046315 78.277774 0.012775018 73.190716 5.0870575 62.169939
 13.050031 78.229902 0.012782836 73.282435 4.9474665 62.164122
 13.053748 78.208265 0.012786372 73.35829 4.8499744 62.158326
 13.057465 78.172513 0.01279222 73.357369 4.8151439 62.152549
 13.061182 78.121025 0.012800651 73.235963 4.8850626 62.146793
 13.064898 78.060567 0.012810565 72.985813 5.0747539 62.141058
 13.068615 77.957359 0.012827525 72.643248 5.3141115 62.135343
 13.072332 77.79999 0.012853472 72.274613 5.5253771 62.129649
 13.076049 77.612877 0.01288446 71.945637 5.6672403 62.123975
 13.079765 77.408623 0.012918457 71.708053 5.7005697 62.118323
 13.083482 77.216156 0.012950658 71.605367 5.6107887 62.112692
 13.087199 77.068459 0.012975477 71.677946 5.3905127 62.107082
 13.090916 76.96095 0.012993603 71.9416 5.0193497 62.101494
 13.094632 76.868718 0.013009193 72.404284 4.464434 62.095927
 13.098349 76.79981 0.013020866 73.070611 3.7291988 62.090382
 13.102066 76.791178 0.013022329 73.914987 2.8761912 62.084858
 13.105783 76.858841 0.013010865 74.907523 1.9513176 62.079357
 13.109499 76.988589 0.012988938 75.99054 0.9980485 62.073877
 13.113216 77.177785 0.012957096 77.09509 0.082695196 62.06842
 13.116933 77.429064 0.012915047 78.139048 -0.70998398 62.062985
 13.12065 77.722005 0.012866369 79.052597 -1.3305916 62.057573
 13.124366 78.052129 0.01281195 79.782964 -1.7308347 62.052183
 13.128083 78.425779 0.012750909 80.309414 -1.8836355 62.046816
 13.1318 78.83036 0.012685468 80.650875 -1.8205144 62.041472
 13.135516 79.262904 0.012616242 80.846373 -1.5834689 62.03615
 13.139233 79.698858 0.012547231 80.940681 -1.2418233 62.030852
 13.14295 80.120481 0.012481203 80.979649 -0.85916856 62.025577
 13.146667 80.511431 0.012420596 81.000241 -0.48880979 62.020325
 13.150383 80.880501 0.012363919 81.018266 -0.13776525 62.015097
 13.1541 81.193103 0.012316317 81.033535 0.15956711 62.009893
 13.157817 81.402618 0.012284617 81.035247 0.36737125 62.004712
 13.161534 81.492605 0.012271052 81.004498 0.48810619 61.999556
 13.16525 81.453748 0.012276906 80.970912 0.48283612 61.994423
 13.168967 81.306094 0.012299201 80.976452 0.32964163 61.989314
 13.172684 81.109833 0.012328961 81.086382 0.02345122 61.98423
 13.176401 80.916799 0.012358373 81.387742 -0.47094295 61.979171
 13.180117 80.763936 0.012381764 81.923875 -1.159939 61.974135
 13.183834 80.72261 0.012388103 82.723028 -2.000418 61.969125
 13.187551 80.870748 0.012365411 83.772011 -2.9012632 61.96414
 13.191268 81.231865 0.01231044 85.007784 -3.7759193 61.959179
 13.194984 81.804319 0.012224293 86.371125 -4.5668061 61.954244
 13.198701 82.546417 0.012114396 87.764062 -5.2176443 61.949334
 13.202418 83.394849 0.011991148 89.087323 -5.6924737 61.944449
 13.206135 84.248731 0.011869615 90.237614 -5.9888831 61.93959
 13.209851 85.021166 0.011761777 91.123875 -6.1027084 61.934756
 13.213568 85.660561 0.011673984 91.713575 -6.0530144 61.929949
 13.217285 86.100983 0.011614269 92.031018 -5.930035 61.925167
 13.221002 86.334056 0.011582915 92.142472 -5.8084165 61.920412
 13.224718 86.413116 0.011572317 92.137543 -5.7244267 61.915682
 13.228435 86.390284 0.011575376 92.105333 -5.7150489 61.910979
 13.232152 86.292564 0.011588484 92.097352 -5.8047879 61.906303
 13.235869 86.179499 0.011603688 92.12388 -5.9443812 61.901653
 13.239585 86.102646 0.011614045 92.151167 -6.0485211 61.89703
 13.243302 86.049352 0.011621238 92.137485 -6.0881333 61.892434
 13.247019 85.987714 0.011629568 92.055699 -6.0679846 61.887865
 13.250735 85.906741 0.01164053 91.896485 -5.9897439 61.883324
 13.254452 85.834821 0.011650284 91.668353 -5.8335323 61.87881
 13.258169 85.797798 0.011655311 91.385882 -5.5880838 61.874323
 13.261886 85.756803 0.011660882 91.05896 -5.3021574 61.869864
 13.265602 85.673373 0.011672238 90.676498 -5.0031252 61.865432
 13.269319 85.540538 0.011690364 90.20637 -4.6658326 61.861029
 13.273036 85.328776 0.011719376 89.606808 -4.2780319 61.856654
 13.276753 85.002187 0.011764403 88.824965 -3.8227777 61.852307
 13.280469 84.533422 0.011829641 87.84162 -3.3081982 61.847988
 13.284186 83.913625 0.011917016 86.67915 -2.7655253 61.843698
 13.287903 83.169411 0.012023651 85.40182 -2.2324093 61.839436
 13.29162 82.348658 0.012143489 84.097653 -1.7489945 61.835203
 13.295336 81.486155 0.012272023 82.860787 -1.3746323 61.831
 13.299053 80.637779 0.012401135 81.77204 -1.1342605 61.826825
 13.30277 79.862645 0.012521499 80.878442 -1.0157963 61.822679
 13.306487 79.213893 0.012624048 80.2016 -0.98770732 61.818563
 13.310203 78.744527 0.012699295 79.743269 -0.99874215 61.814477
 13.31392 78.47155 0.012743472 79.493219 -1.0216689 61.81042
 13.317637 78.42601 0.012750872 79.429187 -1.0031765 61.806393
 13.321354 78.60391 0.012722013 79.523514 -0.91960401 61.802396
 13.32507 78.978465 0.012661679 79.716224 -0.73775961 61.798429
 13.328787 79.458018 0.012585262 79.9453 -0.48728216 61.794492
 13.332504 79.968506 0.012504923 80.127651 -0.1591452 61.790586
 13.336221 80.483513 0.012424905 80.196197 0.28731541 61.78671
 13.339937 80.951897 0.012353015 80.101027 0.85086946 61.782865
 13.343654 81.288432 0.012301873 79.821775 1.4666569 61.77905
 13.347371 81.431068 0.012280325 79.394966 2.0361026 61.775267
 13.351087 81.405177 0.012284231 78.883419 2.5217573 61.771515
 13.354804 81.229212 0.012310842 78.36889 2.8603227 61.767794
 13.358521 80.949771 0.01235334 77.914594 3.0351764 61.764105
 13.362238 80.632604 0.012401931 77.55241 3.080194 61.760447
 13.365954 80.322576 0.0124498 77.296754 3.0258221 61.756821
 13.369671 80.036667 0.012494273 77.138255 2.8984123 61.753227
 13.373388 79.778211 0.012534751 77.052882 2.7253288 61.749665
 13.377105 79.552373 0.012570335 77.00107 2.5513036 61.746135
 13.380821 79.356801 0.012601314 76.952738 2.4040637 61.742638
 13.384538 79.154172 0.012633573 76.882255 2.2719169 61.739172
 13.388255 78.924624 0.012670317 76.783526 2.1410977 61.73574
 13.391972 78.698766 0.01270668 76.673202 2.0255642 61.732341
 13.395688 78.521258 0.012735405 76.581358 1.9399001 61.728974
 13.399405 78.396868 0.012755612 76.525924 1.8709443 61.72564
 13.403122 78.286697 0.012773562 76.51311 1.7735875 61.72234
 13.406839 78.187505 0.012789767 76.519689 1.6678163 61.719073
 13.410555 78.110448 0.012802385 76.507018 1.6034305 61.71584
 13.414272 78.023593 0.012816636 76.441214 1.5823791 61.712641
 13.417989 77.918546 0.012833915 76.304431 1.6141154 61.709475
 13.421706 77.794927 0.012854309 76.115854 1.6790733 61.706343
 13.425422 77.640317 0.012879906 75.938368 1.7019493 61.703246
 13.429139 77.479724 0.012906603 75.805415 1.6743082 61.700183
 13.432856 77.347221 0.012928713 75.74726 1.5999612 61.697154
 13.436573 77.251111 0.012944798 75.780087 1.4710239 61.69416
 13.440289 77.204608 0.012952595 75.920043 1.2845645 61.691201
 13.444006 77.232938 0.012947844 76.179268 1.0536704 61.688277
 13.447723 77.321592 0.012932998 76.572381 0.749211 61.685388
 13.451439 77.443868 0.012912578 77.123221 0.32064721 61.682534
 13.455156 77.618942 0.012883453 77.854142 -0.23520016 61.679715
 13.458873 77.866959 0.012842418 78.780948 -0.91398978 61.676933
 13.46259 78.177856 0.012791346 79.893831 -1.7159741 61.674186
 13.466306 78.5588 0.012729319 81.149766 -2.5909658 61.671474
 13.470023 79.030838 0.012653289 82.502928 -3.4720905 61.668799
 13.47374 79.590472 0.012564318 83.844543 -4.254071 61.66616
 13.477457 80.235586 0.012463298 85.070809 -4.8352232 61.663558
 13.481173 80.942444 0.012354458 86.089543 -5.1470996 61.660992
 13.48489 81.649467 0.012247477 86.857587 -5.2081196 61.658463
 13.488607 82.334534 0.012145572 87.375015 -5.040481 61.65597
 13.492324 83.012459 0.012046385 87.697093 -4.6846343 61.653515
 13.49604 83.67365 0.011951194 87.889158 -4.2155076 61.651097
 13.499757 84.26122 0.011867856 88.032372 -3.7711515 61.648716
 13.503474 84.776978 0.011795655 88.177499 -3.4005213 61.646373
 13.507191 85.268219 0.011727699 88.33153 -3.0633107 61.644067
 13.510907 85.717036 0.011666292 88.447359 -2.7303232 61.641799
 13.514624 86.051982 0.011620883 88.444881 -2.3928994 61.639569
 13.518341 86.25266 0.011593845 88.245513 -1.9928527 61.637377
 13.522058 86.335014 0.011582786 87.783448 -1.4484336 61.635224
 13.525774 86.309321 0.011586234 87.039773 -0.73045202 61.633109
 13.529491 86.152746 0.011607291 86.048691 0.10405448 61.631033
 13.533208 85.830744 0.011650837 84.890009 0.94073579 61.628995
 13.536925 85.34638 0.011716959 83.663462 1.6829173 61.626997
 13.540641 84.761607 0.011797794 82.46466 2.2969472 61.625037
 13.544358 84.138758 0.011885129 81.348559 2.7901989 61.623117
 13.548075 83.474693 0.011979679 80.34237 3.1323228 61.621236
 13.551792 82.787127 0.012079173 79.465935 3.3211925 61.619395
 13.555508 82.117968 0.012177603 78.711109 3.4068592 61.617594
 13.559225 81.487211 0.012271864 78.081928 3.4052823 61.615832
 13.562942 80.924355 0.012357219 77.574039 3.3503151 61.614111
 13.566658 80.45326 0.012429577 77.19121 3.26205 61.61243
 13.570375 80.043577 0.012493195 76.940413 3.103164 61.61079
 13.574092 79.664561 0.012552633 76.836779 2.8277817 61.60919
 13.577809 79.358518 0.012601042 76.88956 2.4689578 61.607631
 13.581525 79.15775 0.012633002 77.091131 2.0666198 61.606112
 13.585242 79.062429 0.012648233 77.438653 1.6237761 61.604635
 13.588959 79.04129 0.012651615 77.896343 1.1449474 61.603199
 13.592676 79.083745 0.012644823 78.423492 0.66025379 61.601805
 13.596392 79.178635 0.01262967 78.993442 0.18519295 61.600452
 13.600109 79.272476 0.012614719 79.575031 -0.30255499 61.599141
 13.603826 79.348058 0.012602703 80.15728 -0.80922204 61.597872
 13.607543 79.43352 0.012589144 80.726961 -1.2934412 61.596645
 13.611259 79.522316 0.012575086 81.281088 -1.7587716 61.595461
 13.614976 79.603638 0.01256224 81.805 -2.2013627 61.594319
 13.618693 79.718524 0.012544136 82.2884 -2.5698761 61.593219
 13.62241 79.895518 0.012516347 82.722674 -2.8271555 61.592162
 13.626126 80.129908 0.012479735 83.115364 -2.9854553 61.591149
 13.629843 80.435755 0.012432282 83.491994 -3.0562383 61.590178
 13.63356 80.826335 0.012372205 83.897617 -3.0712826 61.589251
 13.637277 81.254471 0.012307015 84.346235 -3.0917641 61.588367
 13.640993 81.681112 0.012242732 84.867192 -3.1860807 61.587527
 13.64471 82.084981 0.012182497 85.443201 -3.3582199 61.58673
 13.648427 82.443148 0.012129571 86.031329 -3.5881811 61.585978
 13.652144 82.760986 0.012082988 86.603307 -3.8423203 61.58527
 13.65586 83.03258 0.012043465 87.12452 -4.0919402 61.584606
 13.659577 83.219905 0.012016356 87.56569 -4.3457849 61.583987
 13.663294 83.329582 0.01200054 87.905651 -4.5760685 61.583412
 13.66701 83.434278 0.011985482 88.148664 -4.7143862 61.582883
 13.670727 83.573435 0.011965525 88.303929 -4.7304935 61.582398
 13.674444 83.745705 0.011940911 88.372601 -4.6268959 61.581958
 13.678161 83.927602 0.011915031 88.333925 -4.4063226 61.581564
 13.681877 84.059868 0.011896283 88.13894 -4.0790717 61.581216
 13.685594 84.101181 0.011890439 87.728379 -3.627198 61.580913
 13.689311 84.05422 0.011897083 87.085002 -3.0307822 61.580656
 13.693028 83.904648 0.011918291 86.235252 -2.3306044 61.580446
 13.696744 83.660161 0.011953121 85.254881 -1.5947194 61.580281
 13.700461 83.32608 0.012001045 84.262828 -0.93674815 61.580163
 13.704178 82.965246 0.01205324 83.358405 -0.39315907 61.580092
 13.707895 82.631559 0.012101914 82.631525 3.3612322e-05 61.580067
 13.711611 82.367686 0.012140683 82.128607 0.23907857 61.58009
 13.715328 82.237384 0.01215992 81.875146 0.36223755 61.580159
 13.719045 82.271729 0.012154844 81.855676 0.41605231 61.580276
 13.722762 82.470723 0.012125515 82.050652 0.42007104 61.58044
 13.726478 82.813871 0.012075272 82.427636 0.38623516 61.580652
 13.730195 83.295479 0.012005454 82.941616 0.35386331 61.580912
 13.733912 83.878736 0.011921973 83.545772 0.33296375 61.58122
 13.737629 84.52534 0.011830772 84.199651 0.32568905 61.581577
 13.741345 85.197576 0.011737423 84.875897 0.3216786 61.581981
 13.745062 85.873886 0.011644984 85.56205 0.31183564 61.582435
 13.748779 86.518044 0.011558283 86.264222 0.25382129 61.582937
 13.752496 87.076853 0.011484108 86.95784 0.11901378 61.583488
 13.756212 87.545504 0.011422631 87.586455 -0.040950719 61.584088
 13.759929 87.92927 0.011372777 88.052546 -0.12327527 61.584737
 13.763646 88.161476 0.011342823 88.238283 -0.07680723 61.585436
 13.767363 88.146741 0.011344719 88.064224 0.082517218 61.586185
 13.771079 87.867462 0.011380777 87.517617 0.34984561 61.586983
 13.774796 87.331612 0.011450607 86.662167 0.66944442 61.587832
 13.778513 86.590907 0.011548557 85.59062 1.0002871 61.588731
 13.782229 85.680481 0.01167127 84.387746 1.2927345 61.58968
 13.785946 84.625834 0.011816723 83.133564 1.4922697 61.59068
 13.789663 83.51855 0.011973388 81.880796 1.6377538 61.59173
 13.79338 82.454137 0.012127954 80.68228 1.7718568 61.592832
 13.797096 81.510979 0.012268286 79.601164 1.9098148 61.593984
 13.800813 80.747187 0.012384332 78.705982 2.0412048 61.595188
 13.80453 80.181547 0.012471698 78.045824 2.1357228 61.596444
 13.808247 79.829709 0.012526665 77.647833 2.181876 61.597751
 13.811963 79.689331 0.012548731 77.5216 2.1677307 61.59911
 13.81568 79.740059 0.012540748 77.651903 2.0881554 61.600522
 13.819397 79.942263 0.012509028 78.001293 1.9409702 61.601985
 13.823114 80.27388 0.012457352 78.519271 1.7546087 61.603501
 13.82683 80.684736 0.012393918 79.156245 1.5284904 61.60507
 13.830547 81.138196 0.012324652 79.859581 1.2786154 61.606691
 13.834264 81.597008 0.012255351 80.578314 1.0186935 61.608366
 13.837981 82.011169 0.012193461 81.240981 0.77018827 61.610093
 13.841697 82.325737 0.01214687 81.774322 0.55141546 61.611874
 13.845414 82.51916 0.012118398 82.127418 0.39174173 61.613709
 13.849131 82.599531 0.012106606 82.255392 0.34413856 61.615597
 13.852848 82.544904 0.012114618 82.137287 0.40761679 61.61754
 13.856564 82.346466 0.012143812 81.764474 0.58199187 61.619536
 13.860281 81.991859 0.012196333 81.169001 0.82285808 61.621587
 13.863998 81.511884 0.01226815 80.392882 1.1190023 61.623692
 13.867715 80.926593 0.012356878 79.495638 1.4309542 61.625852
 13.871431 80.267756 0.012458303 78.556171 1.7115847 61.628067
 13.875148 79.599963 0.01256282 77.663027 1.9369363 61.630338
 13.878865 78.966136 0.012663656 76.876881 2.0892543 61.632663
 13.882581 78.411748 0.012753191 76.238679 2.1730688 61.635044
 13.886298 77.996933 0.012821017 75.751668 2.2452647 61.637481
 13.890015 77.730199 0.012865013 75.405142 2.3250574 61.639973
 13.893732 77.569265 0.012891704 75.145686 2.4235786 61.642522
 13.897448 77.505636 0.012902288 74.915978 2.5896575 61.645126
 13.901165 77.504807 0.012902426 74.657656 2.8471504 61.647788
 13.904882 77.472061 0.012907879 74.322189 3.1498724 61.650505
 13.908599 77.372416 0.012924503 73.893812 3.4786041 61.65328
 13.912315 77.228645 0.012948563 73.402357 3.8262884 61.656112
 13.916032 77.007655 0.012985722 72.889655 4.1179996 61.659001
 13.919749 76.668154 0.013043225 72.406365 4.2617897 61.661947
 13.923466 76.285001 0.013108737 71.997202 4.2877992 61.664951
 13.927182 75.94769 0.013166957 71.702488 4.2452019 61.668013
 13.930899 75.678291 0.013213829 71.546684 4.1316069 61.671133
 13.934616 75.434931 0.013256458 71.533809 3.9011228 61.674311
 13.938333 75.222733 0.013293854 71.652601 3.5701311 61.677548
 13.942049 75.103536 0.013314952 71.889184 3.214352 61.680843
 13.945766 75.07899 0.013319306 72.209355 2.8696349 61.684197
 13.949483 75.101896 0.013315243 72.579836 2.5220594 61.68761
 13.9532 75.17689 0.01330196 72.976926 2.1999636 61.691082
 13.956916 75.30348 0.013279599 73.370845 1.9326347 61.694613
 13.960633 75.453275 0.013253235 73.751538 1.7017375 61.698204
 13.96435 75.596975 0.013228043 74.10481 1.4921648 61.701855
 13.968067 75.720886 0.013206396 74.397672 1.3232147 61.705566
 13.971783 75.825745 0.013188133 74.597613 1.2281315 61.709337
 13.9755 75.920586 0.013171658 74.680297 1.2402883 61.713169
 13.979217 75.967875 0.013163459 74.649412 1.318463 61.717061
 13.982934 75.941696 0.013167997 74.532158 1.409538 61.721014
 13.98665 75.872691 0.013179973 74.37079 1.5019004 61.725028
 13.990367 75.74703 0.013201838 74.192891 1.5541383 61.729103
 13.994084 75.571854 0.01323244 74.000569 1.5712844 61.733239
 13.9978 75.403923 0.013261909 73.802411 1.6015116 61.737437
 14.001517 75.267843 0.013285886 73.585807 1.6820357 61.741697
 14.005234 75.131554 0.013309987 73.354566 1.7769879 61.746019
 14.008951 74.972987 0.013338137 73.121963 1.8510239 61.750403
 14.012667 74.811864 0.013366864 72.914451 1.8974135 61.754849
 14.016384 74.672994 0.013391722 72.756574 1.9164199 61.759358
 14.020101 74.53744 0.013416077 72.66583 1.8716103 61.76393
 14.023818 74.405294 0.013439904 72.639843 1.7654509 61.768565
 14.027534 74.315997 0.013456053 72.662692 1.653305 61.773263
 14.031251 74.266797 0.013464967 72.703163 1.5636348 61.778025
 14.034968 74.251556 0.013467731 72.746745 1.5048118 61.78285
 14.038685 74.270866 0.01346423 72.77643 1.494436 61.787739
 14.042401 74.309814 0.013457173 72.78407 1.5257447 61.792693
 14.046118 74.373037 0.013445733 72.775139 1.5978972 61.79771
 14.049835 74.454277 0.013431062 72.743429 1.7108483 61.802792
 14.053552 74.512652 0.01342054 72.686181 1.8264707 61.807938
 14.057268 74.543312 0.01341502 72.599566 1.9437465 61.81315
 14.060985 74.564204 0.013411261 72.476685 2.087519 61.818426
 14.064702 74.579419 0.013408525 72.303007 2.2764123 61.823768
 14.068419 74.574697 0.013409374 72.055789 2.5189077 61.829175
 14.072135 74.511754 0.013420701 71.73665 2.7751045 61.834648
 14.075852 74.403885 0.013440158 71.353532 3.0503525 61.840187
 14.079569 74.303324 0.013458348 70.939737 3.3635876 61.845792
 14.083286 74.201213 0.013476869 70.538497 3.6627152 61.851463
 14.087002 74.078153 0.013499257 70.192031 3.8861225 61.857201
 14.090719 73.956942 0.013521381 69.933217 4.0237255 61.863006
 14.094436 73.868985 0.013537481 69.785486 4.0834993 61.868878
 14.098152 73.825027 0.013545542 69.758916 4.0661113 61.874816
 14.101869 73.814992 0.013547383 69.857835 3.957157 61.880823
 14.105586 73.843987 0.013542064 70.076413 3.7675732 61.886896
 14.109303 73.925791 0.013527079 70.406791 3.5190004 61.893038
 14.113019 74.058436 0.013502851 70.828476 3.2299597 61.899248
 14.116736 74.213435 0.013474649 71.318911 2.8945242 61.905526
 14.120453 74.399236 0.013440998 71.8592 2.5400358 61.911872
 14.12417 74.629868 0.013399461 72.440212 2.1896556 61.918287
 14.127886 74.898005 0.01335149 73.057627 1.8403778 61.924771
 14.131603 75.171664 0.013302885 73.716862 1.4548017 61.931324
 14.13532 75.430372 0.013257259 74.428961 1.0014104 61.937946
 14.139037 75.697194 0.013210529 75.182922 0.51427221 61.944638
 14.142753 76.014303 0.013155419 75.974971 0.039331803 61.951399
 14.14647 76.369169 0.013094289 76.791117 -0.42194793 61.958231
 14.150187 76.720441 0.013034336 77.619548 -0.89910634 61.965132
 14.153904 77.033976 0.012981285 78.431149 -1.3971729 61.972104
 14.15762 77.312731 0.01293448 79.201182 -1.8884507 61.979147
 14.161337 77.580002 0.01288992 79.870677 -2.2906751 61.98626
 14.165054 77.838679 0.012847083 80.381468 -2.5427888 61.993445
 14.168771 78.059128 0.012810802 80.665451 -2.6063235 62.0007
 14.172487 78.21034 0.012786033 80.67553 -2.4651902 62.008027
 14.176204 78.299706 0.01277144 80.424502 -2.1247968 62.015426
 14.179921 78.330971 0.012766342 79.959824 -1.6288527 62.022897
 14.183638 78.318553 0.012768367 79.369859 -1.0513064 62.03044
 14.187354 78.264025 0.012777263 78.752988 -0.48896222 62.038055
 14.191071 78.171939 0.012792314 78.188125 -0.016186781 62.045743
 14.194788 78.041405 0.012813711 77.711601 0.32980396 62.053503
 14.198505 77.871208 0.012841717 77.328136 0.54307218 62.061337
 14.202221 77.669001 0.012875149 77.02845 0.64055102 62.069243
 14.205938 77.472013 0.012907887 76.792772 0.67924128 62.077223
 14.209655 77.303258 0.012936065 76.599621 0.703637 62.085277
 14.213371 77.148008 0.012962098 76.439931 0.70807663 62.093405
 14.217088 77.008153 0.012985638 76.295919 0.71223383 62.101607
 14.220805 76.901454 0.013003655 76.149894 0.75155958 62.109883
 14.224522 76.809705 0.013019188 75.978746 0.83095942 62.118233
 14.228238 76.725021 0.013033558 75.77002 0.95500122 62.126659
 14.231955 76.657369 0.01304506 75.502551 1.1548179 62.135159
 14.235672 76.557513 0.013062075 75.169915 1.3875976 62.143735
 14.239389 76.397074 0.013089506 74.773851 1.623223 62.152386
 14.243105 76.21641 0.013120534 74.332008 1.8844027 62.161112
 14.246822 76.015691 0.013155179 73.884903 2.1307878 62.169915
 14.250539 75.801181 0.013192407 73.471219 2.3299615 62.178794
 14.254256 75.601008 0.013227337 73.145527 2.4554807 62.187749
 14.257972 75.413284 0.013260263 72.934197 2.4790878 62.19678
 14.261689 75.26092 0.013287108 72.856224 2.4046967 62.205889
 14.265406 75.137711 0.013308896 72.909227 2.2284839 62.215074
 14.269123 75.000885 0.013333176 73.085716 1.9151693 62.224336
 14.272839 74.896764 0.013351712 73.353306 1.5434577 62.233677
 14.276556 74.888471 0.01335319 73.666177 1.2222936 62.243094
 14.280273 74.943784 0.013343335 73.987769 0.95601534 62.25259
 14.28399 75.003367 0.013332735 74.278561 0.724806 62.262164
 14.287706 75.058413 0.013322957 74.503342 0.55507169 62.271816
 14.291423 75.10791 0.013314177 74.675287 0.43262357 62.281547
 14.29514 75.185143 0.0133005 74.803089 0.38205323 62.291356
 14.298857 75.299024 0.013280385 74.919475 0.3795488 62.301245
 14.302573 75.39107 0.01326417 75.069887 0.32118294 62.311213
 14.30629 75.471008 0.013250121 75.291974 0.17903381 62.32126
 14.310007 75.611186 0.013225556 75.62257 -0.011384661 62.331388
 14.313723 75.806839 0.013191422 76.081492 -0.27465341 62.341595
 14.31744 76.051529 0.01314898 76.650556 -0.59902751 62.351882
 14.321157 76.343831 0.013098635 77.311803 -0.96797187 62.36225
 14.324874 76.666247 0.01304355 78.001711 -1.3354635 62.372698
 14.32859 77.01462 0.012984548 78.662134 -1.6475139 62.383228
 14.332307 77.357839 0.012926938 79.22986 -1.8720206 62.393838
 14.336024 77.644394 0.01287923 79.678233 -2.0338387 62.40453
 14.339741 77.862981 0.012843074 80.008813 -2.1458318 62.415304
 14.343457 78.008959 0.01281904 80.244419 -2.23546 62.426159
 14.347174 78.093486 0.012805165 80.424668 -2.3311824 62.437096
 14.350891 78.147247 0.012796356 80.587108 -2.439861 62.448116
 14.354608 78.144427 0.012796818 80.762379 -2.617952 62.459218
 14.358324 78.090963 0.012805579 80.951444 -2.8604808 62.470403
 14.362041 78.049451 0.01281239 81.129954 -3.0805032 62.481671
 14.365758 78.05777 0.012811024 81.248917 -3.1911473 62.493022
 14.369475 78.085607 0.012806457 81.259157 -3.1735502 62.504457
 14.373191 78.068985 0.012809184 81.129919 -3.0609342 62.515975
 14.376908 77.959747 0.012827132 80.847749 -2.8880019 62.527578
 14.380625 77.833153 0.012847996 80.433636 -2.6004829 62.539264
 14.384342 77.763311 0.012859535 79.927133 -2.1638227 62.551035
 14.388058 77.693713 0.012871054 79.382677 -1.6889637 62.562891
 14.391775 77.569031 0.012891743 78.85332 -1.2842893 62.574831
 14.395492 77.413221 0.01291769 78.363837 -0.95061582 62.586857
 14.399209 77.271044 0.012941458 77.923545 -0.65250026 62.598968
 14.402925 77.149434 0.012961858 77.518335 -0.36890055 62.611164
 14.406642 77.056735 0.012977451 77.116454 -0.059719641 62.623447
 14.410359 77.006406 0.012985933 76.72149 0.2849164 62.635815
 14.414075 76.960149 0.012993738 76.333453 0.62669608 62.64827
 14.417792 76.87768 0.013007677 75.97141 0.90627031 62.660812
 14.421509 76.797129 0.01302132 75.66399 1.1331397 62.67344
 14.425226 76.763802 0.013026973 75.424191 1.339611 62.686155
 14.428942 76.74587 0.013030017 75.262323 1.483547 62.698958
 14.432659 76.731262 0.013032498 75.144591 1.5866714 62.711848
 14.436376 76.709119 0.01303626 75.070585 1.6385341 62.724825
 14.440093 76.662689 0.013044155 75.005682 1.6570072 62.737891
 14.443809 76.623522 0.013050823 74.939348 1.6841743 62.751045
 14.447526 76.582932 0.01305774 74.86657 1.7163615 62.764288
 14.451243 76.526006 0.013067453 74.789794 1.7362121 62.777619
 14.45496 76.463348 0.013078161 74.709383 1.7539655 62.79104
 14.458676 76.424075 0.013084882 74.622542 1.8015333 62.804549
 14.462393 76.44399 0.013081473 74.513514 1.9304764 62.818148
 14.46611 76.474302 0.013076288 74.365374 2.1089277 62.831837
 14.469827 76.46329 0.013078171 74.168493 2.2947972 62.845616
 14.473543 76.427076 0.013084368 73.927174 2.499902 62.859485
 14.47726 76.368167 0.013094461 73.653759 2.7144077 62.873444
 14.480977 76.284121 0.013108888 73.36128 2.9228409 62.887494
 14.484694 76.164609 0.013129457 73.074818 3.0897911 62.901635
 14.48841 75.983287 0.013160789 72.824671 3.1586152 62.915867
 14.492127 75.772802 0.013197348 72.62732 3.1454821 62.930191
 14.495844 75.587761 0.013229655 72.503004 3.0847574 62.944606
 14.499561 75.391683 0.013264063 72.46816 2.9235234 62.959113
 14.503277 75.198166 0.013298197 72.505183 2.6929832 62.973713
 14.506994 75.047623 0.013324872 72.596955 2.4506673 62.988404
 14.510711 74.925191 0.013346646 72.714062 2.2111289 63.003189
 14.514428 74.807198 0.013367698 72.813005 1.9941926 63.018066
 14.518144 74.656255 0.013394725 72.873668 1.7825867 63.033037
 14.521861 74.489835 0.01342465 72.870015 1.6198203 63.048101
 14.525578 74.353984 0.013449179 72.783573 1.5704105 63.063259
 14.529294 74.212603 0.0134748 72.627323 1.5852801 63.078511
 14.533011 74.036883 0.013506781 72.415145 1.6217383 63.093856
 14.536728 73.850169 0.01354093 72.178257 1.671912 63.109297
 14.540445 73.670016 0.013574043 71.958589 1.7114272 63.124832
 14.544161 73.50798 0.013603965 71.783239 1.7247416 63.140461
 14.547878 73.361857 0.013631062 71.674204 1.6876535 63.156186
 14.551595 73.253166 0.013651287 71.637364 1.6158024 63.172007
 14.555312 73.199809 0.013661238 71.665699 1.5341102 63.187923
 14.559028 73.171349 0.013666551 71.737641 1.4337071 63.203935
 14.562745 73.171153 0.013666588 71.822834 1.3483185 63.220044
 14.566462 73.216906 0.013658048 71.892199 1.324707 63.236248
 14.570179 73.254987 0.013650948 71.923885 1.3311021 63.25255
 14.573895 73.271703 0.013647833 71.917447 1.3542562 63.268948
 14.577612 73.292366 0.013643986 71.903027 1.3893394 63.285444
 14.581329 73.315559 0.01363967 71.909331 1.4062287 63.302037
 14.585046 73.353139 0.013632682 71.984247 1.3688927 63.318728
 14.588762 73.429082 0.013618582 72.146645 1.2824374 63.335517
 14.592479 73.574366 0.01359169 72.416829 1.1575375 63.352404
 14.596196 73.784955 0.013552898 72.799547 0.98540868 63.369389
 14.599913 74.031845 0.013507701 73.28712 0.74472549 63.386474
 14.603629 74.351583 0.013449613 73.850907 0.50067554 63.403657
 14.607346 74.795161 0.013369849 74.455416 0.33974519 63.42094
 14.611063 75.325063 0.013275794 75.051234 0.27382934 63.438322
 14.61478 75.87336 0.013179857 75.586132 0.28722801 63.455804
 14.618496 76.348241 0.013097879 76.02463 0.32361161 63.473386
 14.622213 76.704684 0.013037013 76.356348 0.34833599 63.491068
 14.62593 76.995422 0.012987785 76.588487 0.40693497 63.508851
 14.629646 77.250097 0.012944968 76.749419 0.50067752 63.526735
 14.633363 77.456525 0.012910468 76.866088 0.59043695 63.544719
 14.63708 77.582176 0.012889559 76.962749 0.61942727 63.562805
 14.640797 77.624392 0.012882549 77.053765 0.5706273 63.580993
 14.644513 77.594721 0.012887475 77.120637 0.47408456 63.599283
 14.64823 77.510933 0.012901406 77.148642 0.36229065 63.617674
 14.651947 77.370318 0.012924853 77.12145 0.24886809 63.636169
 14.655664 77.197606 0.01295377 77.043377 0.1542292 63.654765
 14.65938 77.00972 0.012985374 76.939612 0.070107582 63.673465
 14.663097 76.817184 0.01301792 76.847625 -0.030440154 63.692268
 14.666814 76.589511 0.013056618 76.804719 -0.21520821 63.711174
 14.670531 76.360942 0.0130957 76.842437 -0.48149521 63.730184
 14.674247 76.236242 0.013117121 76.964473 -0.72823174 63.749298
 14.677964 76.221191 0.013119711 77.163053 -0.94186195 63.768517
 14.681681 76.2898 0.013107912 77.401259 -1.1114586 63.787839
 14.685398 76.418152 0.013085896 77.63177 -1.2136186 63.807267
 14.689114 76.59213 0.013056172 77.773669 -1.1815393 63.826799
 14.692831 76.760302 0.013027567 77.763209 -1.0029067 63.846437
 14.696548 76.841415 0.013013815 77.55367 -0.71225489 63.866181
 14.700265 76.812294 0.013018749 77.135564 -0.32327013 63.88603
 14.703981 76.67276 0.013042442 76.538092 0.13466768 63.905985
 14.707698 76.43264 0.013083416 75.818863 0.61377678 63.926047
 14.711415 76.061025 0.013147338 75.038991 1.0220344 63.946216
 14.715132 75.568176 0.013233084 74.258551 1.3096251 63.966491
 14.718848 75.03037 0.013327936 73.509906 1.5204645 63.986873
 14.722565 74.51577 0.013419978 72.808753 1.7070166 64.007363
 14.726282 73.984151 0.013516408 72.157993 1.8261582 64.027961
 14.729999 73.462799 0.013612332 71.555691 1.9071078 64.048667
 14.733715 73.043884 0.0136904 71.007903 2.0359811 64.06948
 14.737432 72.678579 0.013759212 70.517538 2.1610406 64.090403
 14.741149 72.314796 0.013828429 70.094644 2.2201521 64.111434
 14.744865 72.005821 0.013887766 69.746556 2.2592649 64.132574
 14.748582 71.780365 0.013931386 69.475938 2.3044271 64.153824
 14.752299 71.589475 0.013968534 69.288656 2.3008185 64.175183
 14.756016 71.402044 0.014005201 69.18645 2.2155939 64.196653
 14.759732 71.254562 0.014034189 69.167997 2.0865656 64.218232
 14.763449 71.162188 0.014052407 69.231509 1.9306797 64.239922
 14.767166 71.093389 0.014066006 69.371737 1.7216515 64.261722
 14.770883 71.082548 0.014068151 69.585402 1.4971455 64.283633
 14.774599 71.142115 0.014056371 69.868894 1.2732208 64.305656
 14.778316 71.241341 0.014036794 70.214786 1.0265541 64.32779
 14.782033 71.358243 0.014013798 70.610846 0.74739687 64.350036
 14.78575 71.484693 0.013989009 71.038704 0.44598913 64.372395
 14.789466 71.648529 0.013957021 71.474272 0.17425672 64.394865
 14.793183 71.850189 0.013917848 71.889293 -0.039104212 64.417448
 14.7969 72.042175 0.013880758 72.257242 -0.21506652 64.440144
 14.800617 72.18898 0.01385253 72.564186 -0.37520592 64.462953
 14.804333 72.326205 0.013826247 72.823423 -0.49721825 64.485876
 14.80805 72.461606 0.013800412 73.055955 -0.59434913 64.508913
 14.811767 72.544945 0.013784558 73.294802 -0.74985762 64.532063
 14.815484 72.587003 0.013776571 73.570302 -0.98329921 64.555328
 14.8192 72.618889 0.013770522 73.8997 -1.2808116 64.578707
 14.822917 72.663012 0.01376216 74.294784 -1.6317715 64.602201
 14.826634 72.726997 0.013750052 74.75362 -2.0266229 64.62581
 14.830351 72.836016 0.013729471 75.273915 -2.4378989 64.649535
 14.834067 73.029696 0.01369306 75.856536 -2.8268394 64.673376
 14.837784 73.276301 0.013646977 76.513204 -3.2369028 64.697332
 14.841501 73.57314 0.013591917 77.243325 -3.6701843 64.721405
 14.845218 73.91949 0.013528232 78.037983 -4.118493 64.745594
 14.848934 74.250013 0.013468011 78.868704 -4.6186908 64.7699
 14.852651 74.55956 0.013412096 79.697572 -5.1380123 64.794323
 14.856368 74.94295 0.013343483 80.463852 -5.5209017 64.818864
 14.860084 75.337329 0.013273632 81.133467 -5.7961384 64.843522
 14.863801 75.626623 0.013222857 81.670286 -6.0436636 64.868298
 14.867518 75.851171 0.013183712 82.057894 -6.2067235 64.893192
 14.871235 76.045207 0.013150073 82.293335 -6.2481279 64.918205
 14.874951 76.185964 0.013125777 82.37881 -6.1928465 64.943337
 14.878668 76.232135 0.013117828 82.315512 -6.0833777 64.968588
 14.882385 76.209742 0.013121682 82.104873 -5.8951312 64.993958
 14.886102 76.138766 0.013133914 81.753685 -5.6149193 65.019448
 14.889818 76.03612 0.013151644 81.284554 -5.2484342 65.045058
 14.893535 75.92244 0.013171337 80.721603 -4.799163 65.070788
 14.897252 75.799266 0.01319274 80.098739 -4.2994735 65.096638
 14.900969 75.593849 0.01322859 79.444116 -3.8502673 65.12261
 14.904685 75.342763 0.013272675 78.786628 -3.443865 65.148702
 14.908402 75.113996 0.013313098 78.149928 -3.0359321 65.174916
 14.912119 74.851911 0.013359712 77.565358 -2.7134475 65.201251
 14.915836 74.504377 0.01342203 77.052905 -2.5485284 65.227709
 14.919552 74.16408 0.013483616 76.629026 -2.4649455 65.254289
 14.923269 73.943464 0.013523846 76.309483 -2.366019 65.280991
 14.926986 73.794431 0.013551158 76.094075 -2.2996439 65.307816
 14.930703 73.648949 0.013577926 75.984815 -2.3358659 65.334764
 14.934419 73.521456 0.013601472 75.968251 -2.4467943 65.361836
 14.938136 73.434489 0.01361758 76.034645 -2.6001565 65.389031
 14.941853 73.390462 0.013625749 76.173657 -2.7831947 65.416351
 14.94557 73.383647 0.013627014 76.376426 -2.992779 65.443794
 14.949286 73.403999 0.013623236 76.629746 -3.225747 65.471362
 14.953003 73.461484 0.013612575 76.914562 -3.4530776 65.499055
 14.95672 73.544815 0.013597152 77.208528 -3.6637126 65.526874
 14.960436 73.65672 0.013576494 77.496687 -3.8399662 65.554817
 14.964153 73.795423 0.013550976 77.77802 -3.9825969 65.582887
 14.96787 73.90844 0.013530255 78.06539 -4.1569504 65.611082
 14.971587 73.998642 0.013513762 78.388375 -4.3897329 65.639404
 14.975303 74.157982 0.013484725 78.768452 -4.61047 65.667852
 14.97902 74.34756 0.013450341 79.229416 -4.8818561 65.696428
 14.982737 74.473058 0.013427675 79.77382 -5.3007617 65.72513
 14.986454 74.57373 0.013409548 80.40038 -5.8266496 65.75396
 14.99017 74.730148 0.01338148 81.105249 -6.3751011 65.782918
 14.993887 74.955785 0.013341198 81.870008 -6.9142229 65.812004
 14.997604 75.24113 0.013290603 82.677424 -7.4362944 65.841218
 15.001321 75.551188 0.013236059 83.504427 -7.9532391 65.870562
