 1.000356 29.900703 0.033444029 6.0495331 23.85117 6
 1.0040727 29.894781 0.033450655 6.0500655 23.844716 6.0005315
 1.0077895 29.9051 0.033439113 6.050599 23.854501 6.0010641
 1.0115062 29.900402 0.033444366 6.0511337 23.849268 6.0015979
 1.015223 29.903696 0.033440682 6.0516694 23.852027 6.0021327
 1.0189397 29.848705 0.033502291 6.0522063 23.796499 6.0026687
 1.0226564 29.813204 0.033542185 6.0527443 23.760459 6.0032059
 1.0263732 29.841221 0.033510693 6.0532835 23.787937 6.0037441
 1.0300899 29.917837 0.033424876 6.0538237 23.864013 6.0042835
 1.0338067 29.97472 0.033361446 6.0543651 23.920355 6.004824
 1.0375234 29.985958 0.033348943 6.0549076 23.931051 6.0053656
 1.0412402 29.951809 0.033386965 6.0554512 23.896358 6.0059084
 1.0449569 29.942644 0.033397184 6.0559959 23.886648 6.0064523
 1.0486736 29.930628 0.033410592 6.0565418 23.874086 6.0069973
 1.0523904 29.887976 0.033458271 6.0570888 23.830887 6.0075435
 1.0561071 29.840593 0.033511398 6.0576369 23.782956 6.0080907
 1.0598239 29.862766 0.033486516 6.0581861 23.80458 6.0086391
 1.0635406 29.953613 0.033384954 6.0587364 23.894877 6.0091887
 1.0672573 29.943705 0.033396001 6.0592879 23.884417 6.0097393
 1.0709741 29.931072 0.033410096 6.0598405 23.871232 6.0102911
 1.0746908 29.934134 0.033406679 6.0603942 23.873739 6.010844
 1.0784076 29.99234 0.033341847 6.060949 23.931391 6.0113981
 1.0821243 30.01148 0.033320582 6.0615049 23.949975 6.0119532
 1.085841 29.979609 0.033356006 6.062062 23.917547 6.0125095
 1.0895578 29.937565 0.03340285 6.0626202 23.874945 6.013067
 1.0932745 29.894978 0.033450435 6.0631795 23.831798 6.0136255
 1.0969913 29.890488 0.03345546 6.0637399 23.826748 6.0141852
 1.100708 29.941393 0.03339858 6.0643014 23.877091 6.014746
 1.1044248 29.97699 0.03335892 6.0648641 23.912126 6.0153079
 1.1081415 29.965366 0.03337186 6.0654279 23.899938 6.015871
 1.1118582 29.917744 0.033424981 6.0659928 23.851751 6.0164352
 1.115575 29.885752 0.033460761 6.0665588 23.819193 6.0170005
 1.1192917 29.87775 0.033469722 6.067126 23.810624 6.0175669
 1.1230085 29.984245 0.033350848 6.0676942 23.916551 6.0181345
 1.1267252 29.992807 0.033341327 6.0682636 23.924544 6.0187032
 1.1304419 29.981983 0.033353364 6.0688341 23.913149 6.019273
 1.1341587 29.894968 0.033450446 6.0694058 23.825562 6.019844
 1.1378754 29.904297 0.03344001 6.0699785 23.834318 6.0204161
 1.1415922 29.97267 0.033363728 6.0705524 23.902117 6.0209893
 1.1453089 30.041515 0.033287269 6.0711274 23.970388 6.0215636
 1.1490257 30.103016 0.033219263 6.0717035 24.031312 6.0221391
 1.1527424 30.128912 0.033190711 6.0722807 24.056631 6.0227157
 1.1564591 30.075277 0.033249901 6.0728591 24.002418 6.0232934
 1.1601759 30.022717 0.033308112 6.0734386 23.949278 6.0238722
 1.1638926 30.051767 0.033275913 6.0740192 23.977748 6.0244522
 1.1676094 30.101019 0.033221467 6.0746009 24.026418 6.0250333
 1.1713261 30.163509 0.033152641 6.0751837 24.088326 6.0256155
 1.1750428 30.14127 0.033177103 6.0757677 24.065502 6.0261989
 1.1787596 30.120108 0.033200413 6.0763528 24.043755 6.0267834
 1.1824763 30.032406 0.033297366 6.076939 23.955467 6.027369
 1.1861931 29.993652 0.033340388 6.0775263 23.916126 6.0279557
 1.1899098 30.0144 0.03331734 6.0781147 23.936286 6.0285436
 1.1936265 30.056831 0.033270307 6.0787043 23.978127 6.0291326
 1.1973433 30.058653 0.033268291 6.079295 23.979358 6.0297227
 1.20106 30.037165 0.03329209 6.0798868 23.957278 6.030314
 1.2047768 30.009495 0.033322787 6.0804797 23.929015 6.0309063
 1.2084935 30.052122 0.03327552 6.0810737 23.971048 6.0314999
 1.2122103 30.13282 0.033186406 6.0816689 24.051151 6.0320945
 1.215927 30.225595 0.033084543 6.0822652 24.14333 6.0326902
 1.2196437 30.282536 0.033022334 6.0828626 24.199673 6.0332871
 1.2233605 30.368769 0.032928566 6.0834611 24.285308 6.0338851
 1.2270772 30.342215 0.032957383 6.0840608 24.258154 6.0344843
 1.230794 30.294149 0.033009674 6.0846615 24.209488 6.0350846
 1.2345107 30.254354 0.033053093 6.0852634 24.169091 6.035686
 1.2382274 30.246702 0.033061456 6.0858664 24.160836 6.0362885
 1.2419442 30.240679 0.033068041 6.0864706 24.154208 6.0368921
 1.2456609 30.162413 0.033153847 6.0870758 24.075337 6.0374969
 1.2493777 30.13308 0.03318612 6.0876822 24.045397 6.0381028
 1.2530944 30.133347 0.033185826 6.0882897 24.045057 6.0387099
 1.2568112 30.144007 0.03317409 6.0888983 24.055108 6.039318
 1.2605279 30.165823 0.033150098 6.089508 24.076315 6.0399273
 1.2642446 30.181108 0.033133309 6.0901189 24.09099 6.0405377
 1.2679614 30.191465 0.033121943 6.0907309 24.100735 6.0411493
 1.2716781 30.214277 0.033096936 6.091344 24.122933 6.0417619
 1.2753949 30.170212 0.033145276 6.0919582 24.078254 6.0423757
 1.2791116 30.193598 0.033119604 6.0925735 24.101024 6.0429907
 1.2828283 30.138082 0.033180611 6.09319 24.044893 6.0436067
 1.2865451 30.177553 0.033137213 6.0938076 24.083746 6.0442239
 1.2902618 30.1996 0.033113021 6.0944263 24.105174 6.0448422
 1.2939786 30.265738 0.033040662 6.0950461 24.170691 6.0454617
 1.2976953 30.284151 0.033020572 6.095667 24.188484 6.0460822
 1.301412 30.258465 0.033048603 6.0962891 24.162176 6.0467039
 1.3051288 30.209316 0.033102371 6.0969123 24.112404 6.0473267
 1.3088455 30.137217 0.033181565 6.0975366 24.03968 6.0479507
 1.3125623 30.151075 0.033166313 6.098162 24.052913 6.0485758
 1.316279 30.173847 0.033141283 6.0987885 24.075059 6.049202
 1.3199958 30.130688 0.033188755 6.0994162 24.031271 6.0498293
 1.3237125 30.107424 0.033214399 6.100045 24.007379 6.0504577
 1.3274292 30.124468 0.033195607 6.1006749 24.023793 6.0510873
 1.331146 30.190039 0.033123508 6.1013059 24.088733 6.051718
 1.3348627 30.199921 0.03311267 6.1019381 24.097983 6.0523499
 1.3385795 30.147011 0.033170785 6.1025714 24.044439 6.0529829
 1.3422962 30.117493 0.033203295 6.1032057 24.014287 6.0536169
 1.3460129 30.157804 0.033158912 6.1038413 24.053963 6.0542522
 1.3497297 30.237059 0.033072 6.1044779 24.132581 6.0548885
 1.3534464 30.246365 0.033061825 6.1051156 24.141249 6.055526
 1.3571632 30.220491 0.03309013 6.1057545 24.114737 6.0561646
 1.3608799 30.212189 0.033099224 6.1063945 24.105794 6.0568043
 1.3645966 30.246515 0.03306166 6.1070356 24.13948 6.0574452
 1.3683134 30.295055 0.033008687 6.1076778 24.187378 6.0580872
 1.3720301 30.228624 0.033081228 6.1083212 24.120303 6.0587303
 1.3757469 30.180807 0.03313364 6.1089657 24.071841 6.0593745
 1.3794636 30.110126 0.033211418 6.1096113 24.000515 6.0600199
 1.3831804 30.1635 0.033152652 6.110258 24.053242 6.0606664
 1.3868971 30.188559 0.033125132 6.1109058 24.077653 6.061314
 1.3906138 30.245548 0.033062717 6.1115548 24.133993 6.0619628
 1.3943306 30.333284 0.032967086 6.1122049 24.22108 6.0626127
 1.3980473 30.419146 0.032874033 6.1128561 24.30629 6.0632637
 1.4017641 30.414892 0.03287863 6.1135084 24.301384 6.0639158
 1.4054808 30.333158 0.032967223 6.1141618 24.218997 6.0645691
 1.4091975 30.314844 0.03298714 6.1148164 24.200028 6.0652235
 1.4129143 30.301243 0.033001947 6.1154721 24.185771 6.065879
 1.416631 30.300339 0.033002931 6.1161289 24.18421 6.0665356
 1.4203478 30.3323 0.032968156 6.1167868 24.215513 6.0671934
 1.4240645 30.367271 0.032930189 6.1174458 24.249826 6.0678523
 1.4277813 30.383837 0.032912236 6.118106 24.265731 6.0685123
 1.431498 30.340834 0.032958883 6.1187673 24.222066 6.0691735
 1.4352147 30.279659 0.033025471 6.1194297 24.16023 6.0698358
 1.4389315 30.249294 0.033058622 6.1200932 24.129201 6.0704992
 1.4426482 30.28425 0.033020464 6.1207579 24.163492 6.0711637
 1.446365 30.383244 0.032912878 6.1214236 24.26182 6.0718294
 1.4500817 30.407255 0.032886888 6.1220905 24.285165 6.0724962
 1.4537984 30.392023 0.032903371 6.1227585 24.269265 6.0731641
 1.4575152 30.349651 0.032949308 6.1234277 24.226224 6.0738332
 1.4612319 30.322403 0.032978917 6.1240979 24.198305 6.0745033
 1.4649487 30.316618 0.03298521 6.1247693 24.191849 6.0751746
 1.4686654 30.308075 0.032994507 6.1254418 24.182633 6.0758471
 1.4723821 30.28091 0.033024106 6.1261154 24.154795 6.0765206
 1.4760989 30.239643 0.033069173 6.1267901 24.112853 6.0771953
 1.4798156 30.276531 0.033028883 6.127466 24.149065 6.0778711
 1.4835324 30.30134 0.033001841 6.128143 24.173197 6.0785481
 1.4872491 30.339472 0.032960363 6.1288211 24.210651 6.0792262
 1.4909659 30.376232 0.032920475 6.1295003 24.246732 6.0799053
 1.4946826 30.400631 0.032894054 6.1301806 24.27045 6.0805857
 1.4983993 30.36932 0.032927968 6.1308621 24.238458 6.0812671
 1.5021161 30.346642 0.032952576 6.1315447 24.215097 6.0819497
 1.5058328 30.374685 0.032922152 6.1322284 24.242457 6.0826334
 1.5095496 30.439257 0.032852313 6.1329132 24.306343 6.0833182
 1.5132663 30.500765 0.032786063 6.1335991 24.367166 6.0840042
 1.516983 30.515184 0.03277057 6.1342862 24.380898 6.0846913
 1.5206998 30.511694 0.032774319 6.1349744 24.37672 6.0853795
 1.5244165 30.49522 0.032792024 6.1356637 24.359557 6.0860689
 1.5281333 30.482441 0.032805772 6.1363541 24.346087 6.0867593
 1.53185 30.460262 0.032829658 6.1370456 24.323217 6.0874509
 1.5355668 30.479891 0.032808516 6.1377383 24.342153 6.0881437
 1.5392835 30.609632 0.032669455 6.1384321 24.4712 6.0888375
 1.5430002 30.661934 0.032613729 6.139127 24.522807 6.0895325
 1.546717 30.659958 0.032615831 6.139823 24.520135 6.0902286
 1.5504337 30.692537 0.03258121 6.1405202 24.552017 6.0909258
 1.5541505 30.708216 0.032564575 6.1412184 24.566997 6.0916242
 1.5578672 30.735214 0.03253597 6.1419178 24.593296 6.0923237
 1.5615839 30.739256 0.032531692 6.1426183 24.596638 6.0930243
 1.5653007 30.761881 0.032507765 6.14332 24.618561 6.0937261
 1.5690174 30.762335 0.032507285 6.1440227 24.618312 6.0944289
 1.5727342 30.788532 0.032479626 6.1447266 24.643806 6.0951329
 1.5764509 30.862251 0.032402043 6.1454316 24.71682 6.0958381
 1.5801676 30.897879 0.032364681 6.1461377 24.751741 6.0965443
 1.5838844 30.821146 0.032445257 6.1468449 24.674301 6.0972517
 1.5876011 30.706667 0.032566218 6.1475533 24.559114 6.0979602
 1.5913179 30.727991 0.032543618 6.1482628 24.579728 6.0986699
 1.5950346 30.792459 0.032475483 6.1489734 24.643486 6.0993806
 1.5987514 30.887892 0.032375146 6.1496851 24.738207 6.1000925
 1.6024681 30.915308 0.032346435 6.1503979 24.76491 6.1008056
 1.6061848 30.957603 0.032302242 6.1511119 24.806492 6.1015197
 1.6099016 30.959274 0.032300499 6.1518269 24.807447 6.102235
 1.6136183 30.942694 0.032317807 6.1525431 24.790151 6.1029514
 1.6173351 30.949728 0.032310462 6.1532605 24.796468 6.1036689
 1.6210518 30.960672 0.03229904 6.1539789 24.806693 6.1043876
 1.6247685 31.000969 0.032257056 6.1546985 24.84627 6.1051074
 1.6284853 30.965929 0.032293557 6.1554192 24.81051 6.1058283
 1.632202 30.931021 0.032330003 6.156141 24.77488 6.1065503
 1.6359188 30.912634 0.032349233 6.1568639 24.75577 6.1072735
 1.6396355 30.974644 0.032284471 6.1575879 24.817056 6.1079978
 1.6433523 31.010717 0.032246916 6.1583131 24.852404 6.1087232
 1.647069 31.055391 0.032200528 6.1590394 24.896352 6.1094498
 1.6507857 31.045649 0.032210633 6.1597668 24.885882 6.1101775
 1.6545025 31.054098 0.032201869 6.1604953 24.893603 6.1109063
 1.6582192 31.070911 0.032184444 6.161225 24.909686 6.1116362
 1.661936 31.114441 0.032139417 6.1619557 24.952485 6.1123673
 1.6656527 31.205153 0.03204599 6.1626876 25.042465 6.1130995
 1.6693694 31.192028 0.032059474 6.1634206 25.028607 6.1138328
 1.6730862 31.151188 0.032101505 6.1641548 24.987033 6.1145672
 1.6768029 31.166918 0.032085303 6.16489 25.002028 6.1153028
 1.6805197 31.260073 0.031989689 6.1656264 25.094446 6.1160395
 1.6842364 31.323118 0.031925302 6.1663639 25.156754 6.1167773
 1.6879531 31.338976 0.031909147 6.1671025 25.171873 6.1175163
 1.6916699 31.33032 0.031917963 6.1678422 25.162478 6.1182564
 1.6953866 31.265364 0.031984275 6.1685831 25.096781 6.1189976
 1.6991034 31.325178 0.031923202 6.169325 25.155853 6.1197399
 1.7028201 31.398392 0.031848765 6.1700681 25.228324 6.1204834
 1.7065369 31.452795 0.031793677 6.1708124 25.281983 6.121228
 1.7102536 31.429737 0.031817002 6.1715577 25.258179 6.1219737
 1.7139703 31.408373 0.031838644 6.1723042 25.236069 6.1227205
 1.7176871 31.431929 0.031814783 6.1730517 25.258877 6.1234685
 1.7214038 31.449957 0.031796546 6.1738004 25.276156 6.1242176
 1.7251206 31.4627 0.031783668 6.1745502 25.28815 6.1249679
 1.7288373 31.444435 0.03180213 6.1753012 25.269134 6.1257192
 1.732554 31.44348 0.031803096 6.1760533 25.267426 6.1264717
 1.7362708 31.442686 0.031803899 6.1768064 25.26588 6.1272253
 1.7399875 31.498276 0.03174777 6.1775607 25.320715 6.1279801
 1.7437043 31.571674 0.031673962 6.1783162 25.393358 6.1287359
 1.747421 31.599695 0.031645875 6.1790727 25.420623 6.1294929
 1.7511377 31.561655 0.031684017 6.1798304 25.381825 6.130251
 1.7548545 31.555731 0.031689965 6.1805892 25.375142 6.1310103
 1.7585712 31.58346 0.031662142 6.1813491 25.402111 6.1317707
 1.762288 31.652124 0.031593456 6.1821101 25.470014 6.1325322
 1.7660047 31.659678 0.031585919 6.1828722 25.476805 6.1332948
 1.7697215 31.660835 0.031584764 6.1836355 25.4772 6.1340586
 1.7734382 31.708292 0.031537492 6.1843999 25.523892 6.1348235
 1.7771549 31.779381 0.031466944 6.1851654 25.594215 6.1355895
 1.7808717 31.817629 0.031429118 6.185932 25.631697 6.1363566
 1.7845884 31.786043 0.031460349 6.1866998 25.599343 6.1371249
 1.7883052 31.741734 0.031504265 6.1874687 25.554265 6.1378943
 1.7920219 31.718777 0.031527067 6.1882386 25.530538 6.1386648
 1.7957386 31.730635 0.031515285 6.1890098 25.541625 6.1394365
 1.7994554 31.748709 0.031497344 6.189782 25.558927 6.1402093
 1.8031721 31.796635 0.031449869 6.1905553 25.606079 6.1409832
 1.8068889 31.783171 0.031463192 6.1913298 25.591841 6.1417582
 1.8106056 31.814152 0.031432553 6.1921054 25.622046 6.1425344
 1.8143224 31.854351 0.031392886 6.1928821 25.661469 6.1433117
 1.8180391 31.857672 0.031389613 6.19366 25.664012 6.1440901
 1.8217558 31.8563 0.031390965 6.1944389 25.661861 6.1448696
 1.8254726 31.8606 0.031386729 6.195219 25.665381 6.1456503
 1.8291893 31.905296 0.031342759 6.1960002 25.709296 6.1464321
 1.8329061 31.895948 0.031351944 6.1967825 25.699166 6.147215
 1.8366228 31.935631 0.031312987 6.197566 25.738065 6.1479991
 1.8403395 31.993149 0.031256692 6.1983505 25.794798 6.1487843
 1.8440563 32.070713 0.031181097 6.1991362 25.871577 6.1495706
 1.847773 32.111259 0.031141725 6.199923 25.911336 6.150358
 1.8514898 32.123375 0.031129979 6.2007109 25.922664 6.1511466
 1.8552065 32.193233 0.031062428 6.2015 25.991734 6.1519363
 1.8589232 32.221741 0.031034947 6.2022901 26.019451 6.1527271
 1.86264 32.221897 0.031034796 6.2030814 26.018816 6.1535191
 1.8663567 32.192806 0.03106284 6.2038738 25.988932 6.1543121
 1.8700735 32.214592 0.031041833 6.2046674 26.009925 6.1551064
 1.8737902 32.291855 0.030967561 6.205462 26.086393 6.1559017
 1.877507 32.313709 0.030946617 6.2062578 26.107451 6.1566981
 1.8812237 32.327587 0.030933332 6.2070547 26.120532 6.1574957
 1.8849404 32.33791 0.030923458 6.2078527 26.130057 6.1582945
 1.8886572 32.335999 0.030925286 6.2086518 26.127347 6.1590943
 1.8923739 32.391491 0.030872305 6.2094521 26.182039 6.1598953
 1.8960907 32.444706 0.030821669 6.2102534 26.234453 6.1606974
 1.8998074 32.485287 0.030783167 6.2110559 26.274231 6.1615006
 1.9035241 32.528244 0.030742514 6.2118595 26.316384 6.1623049
 1.9072409 32.58897 0.030685229 6.2126643 26.376306 6.1631104
 1.9109576 32.642319 0.030635079 6.2134701 26.428849 6.163917
 1.9146744 32.606789 0.03066846 6.2142771 26.392512 6.1647248
 1.9183911 32.577572 0.030695965 6.2150852 26.362487 6.1655336
 1.9221079 32.572674 0.030700581 6.2158944 26.356779 6.1663436
 1.9258246 32.643852 0.030633639 6.2167047 26.427147 6.1671547
 1.9295413 32.72213 0.030560358 6.2175162 26.504614 6.167967
 1.9332581 32.715107 0.030566918 6.2183288 26.496778 6.1687804
 1.9369748 32.690071 0.030590328 6.2191425 26.470929 6.1695949
 1.9406916 32.701977 0.030579191 6.2199573 26.482019 6.1704105
 1.9444083 32.728577 0.030554338 6.2207732 26.507803 6.1712272
 1.948125 32.758152 0.030526753 6.2215903 26.536562 6.1720451
 1.9518418 32.760071 0.030524965 6.2224085 26.537662 6.1728641
 1.9555585 32.788925 0.030498102 6.2232278 26.565697 6.1736843
 1.9592753 32.834633 0.030455647 6.2240482 26.610585 6.1745055
 1.962992 32.926617 0.030370566 6.2248698 26.701747 6.1753279
 1.9667087 33.05077 0.030256481 6.2256924 26.825077 6.1761515
 1.9704255 33.096783 0.030214417 6.2265162 26.870266 6.1769761
 1.9741422 33.031097 0.030274501 6.2273411 26.803756 6.1778019
 1.977859 33.000225 0.030302824 6.2281671 26.772058 6.1786288
 1.9815757 32.992657 0.030309775 6.2289943 26.763662 6.1794568
 1.9852925 32.994873 0.030307739 6.2298226 26.76505 6.180286
 1.9890092 32.979847 0.030321548 6.230652 26.749195 6.1811163
 1.9927259 33.031002 0.030274589 6.2314825 26.79952 6.1819477
 1.9964427 33.059288 0.030248685 6.2323141 26.826974 6.1827802
 2.0001594 33.024273 0.030280757 6.2331468 26.791126 6.1836139
 2.0038762 32.986874 0.030315089 6.2339807 26.752893 6.1844487
 2.0075929 33.003548 0.030299773 6.2348157 26.768732 6.1852846
 2.0113096 33.062572 0.03024568 6.2356518 26.826921 6.1861216
 2.0150264 33.121773 0.030191621 6.2364891 26.885284 6.1869598
 2.0187431 33.161926 0.030155064 6.2373274 26.924599 6.1877991
 2.0224599 33.213074 0.030108626 6.2381669 26.974907 6.1886396
 2.0261766 33.222431 0.030100145 6.2390075 26.983424 6.1894811
 2.0298933 33.223743 0.030098956 6.2398492 26.983894 6.1903238
 2.0336101 33.236641 0.030087276 6.240692 26.995949 6.1911676
 2.0373268 33.267879 0.030059024 6.241536 27.026343 6.1920126
 2.0410436 33.328335 0.030004499 6.2423811 27.085954 6.1928587
 2.0447603 33.366562 0.029970124 6.2432273 27.123335 6.1937059
 2.0484771 33.46748 0.029879752 6.2440746 27.223405 6.1945542
 2.0521938 33.500114 0.029850644 6.244923 27.255191 6.1954036
 2.0559105 33.466019 0.029881057 6.2457726 27.220246 6.1962542
 2.0596273 33.434715 0.029909033 6.2466233 27.188092 6.1971059
 2.063344 33.478558 0.029869865 6.2474751 27.231083 6.1979588
 2.0670608 33.55558 0.029801303 6.248328 27.307252 6.1988127
 2.0707775 33.653084 0.029714959 6.2491821 27.403902 6.1996678
 2.0744942 33.726814 0.029649999 6.2500372 27.476777 6.200524
 2.078211 33.757072 0.029623422 6.2508935 27.506179 6.2013814
 2.0819277 33.767254 0.02961449 6.2517509 27.515503 6.2022399
 2.0856445 33.787636 0.029596625 6.2526094 27.535026 6.2030995
 2.0893612 33.78611 0.029597962 6.2534691 27.532641 6.2039602
 2.093078 33.817074 0.029570861 6.2543299 27.562744 6.204822
 2.0967947 33.878914 0.029516885 6.2551917 27.623722 6.205685
 2.1005114 33.951572 0.029453717 6.2560548 27.695518 6.2065491
 2.1042282 33.969543 0.029438135 6.2569189 27.712625 6.2074144
 2.1079449 33.926983 0.029475064 6.2577841 27.669199 6.2082807
 2.1116617 33.905216 0.029493987 6.2586505 27.646566 6.2091482
 2.1153784 33.956875 0.029449118 6.259518 27.697357 6.2100169
 2.1190951 34.015034 0.029398766 6.2603866 27.754647 6.2108866
 2.1228119 34.119507 0.029308747 6.2612564 27.85825 6.2117575
 2.1265286 34.272957 0.029177523 6.2621272 28.01083 6.2126295
 2.1302454 34.381897 0.029085073 6.2629992 28.118898 6.2135026
 2.1339621 34.431778 0.029042938 6.2638723 28.167906 6.2143769
 2.1376788 34.46682 0.029013411 6.2647465 28.202073 6.2152523
 2.1413956 34.585999 0.028913434 6.2656218 28.320377 6.2161288
 2.1451123 34.72694 0.028796087 6.2664983 28.460442 6.2170064
 2.1488291 34.833946 0.028707629 6.2673759 28.56657 6.2178852
 2.1525458 34.962193 0.028602325 6.2682546 28.693938 6.2187651
 2.1562626 35.097359 0.028492173 6.9813115 28.116047 6.2196461
 2.1599793 35.232224 0.028383108 7.0215328 28.210691 6.2205283
 2.163696 35.326424 0.028307423 7.065075 28.261349 6.2214116
 2.1674128 35.45528 0.028204544 7.1123178 28.342963 6.222296
 2.1711295 35.657108 0.028044899 7.1637735 28.493335 6.2231815
 2.1748463 35.832287 0.027907792 7.2199081 28.612379 6.2240682
 2.178563 35.92313 0.027837218 7.281288 28.641842 6.224956
 2.1822797 36.048542 0.027740373 7.3486272 28.699915 6.2258449
 2.1859965 36.196514 0.02762697 7.4228037 28.77371 6.2267349
 2.1897132 36.363693 0.027499957 7.5046612 28.859032 6.2276261
 2.19343 36.568558 0.027345897 7.595296 28.973262 6.2285184
 2.1971467 36.884922 0.027111349 7.6961829 29.188739 6.2294118
 2.2008635 37.334663 0.02678476 7.8088194 29.525844 6.2303064
 2.2045802 37.686802 0.026534488 7.9350189 29.751783 6.2312021
 2.2082969 37.990002 0.026322715 8.0771099 29.912892 6.2320989
 2.2120137 38.32687 0.026091356 8.2381328 30.088737 6.2329968
 2.2157304 38.839111 0.025747242 8.4212111 30.4179 6.2338959
 2.2194472 39.446903 0.025350532 8.6305074 30.816396 6.2347961
 2.2231639 40.154488 0.024903817 8.8717272 31.28276 6.2356974
 2.2268806 41.081345 0.024341949 9.1513931 31.929951 6.2365998
 2.2305974 42.269531 0.023657703 9.4776937 32.791838 6.2375034
 2.2343141 43.727547 0.02286888 9.8618063 33.86574 6.2384081
 2.2380309 45.782639 0.021842341 10.32045 35.462189 6.2393139
 2.2417476 48.739189 0.02051737 10.877041 37.862148 6.2402209
 2.2454643 52.90522 0.018901727 11.578636 41.326584 6.241129
 2.2491811 59.051281 0.016934434 12.540196 46.511085 6.2420382
 2.2528978 68.565125 0.014584674 14.051616 54.513509 6.2429485
 2.2566146 83.405655 0.011989595 16.813253 66.592402 6.24386
 2.2603313 107.05293 0.009341174 22.390026 84.662899 6.2447726
 2.2640481 146.81354 0.006811361 34.047219 112.76632 6.2456863
 2.2677648 212.51651 0.0047055168 57.011678 155.50483 6.2466012
 2.2714815 318.08176 0.0031438458 98.510775 219.57098 6.2475172
 2.2751983 482.75891 0.0020714273 166.38967 316.36924 6.2484343
 2.278915 711.83026 0.0014048293 264.53528 447.29498 6.2493525
 2.2826318 990.05005 0.0010100499 387.8794 602.17064 6.2502719
 2.2863485 1285.0073 0.00077820568 519.91066 765.09666 6.2511923
 2.2900652 1511.0734 0.00066178124 632.24845 878.82491 6.252114
 2.293782 1601.6464 0.00062435755 693.55613 908.09023 6.2530367
 2.2974987 1531.0985 0.00065312584 683.32022 847.77829 6.2539606
 2.3012155 1320.9279 0.00075704362 604.49989 716.42797 6.2548856
 2.3049322 1037.5471 0.00096381165 483.1687 554.37841 6.2558117
 2.308649 740.9671 0.0013495876 351.27801 389.68909 6.256739
 2.3123657 500.52219 0.0019979134 233.67134 266.85084 6.2576673
 2.3160824 332.96967 0.0030032766 144.33209 188.63758 6.2585968
 2.3197992 220.77335 0.0045295323 84.555637 136.21771 6.2595275
 2.3235159 150.6813 0.0066365234 48.94164 101.73967 6.2604592
 2.3272327 109.6797 0.0091174572 29.881641 79.798062 6.2613921
 2.3309494 84.474442 0.0118379 20.434542 64.0399 6.2623262
 2.3346661 68.720482 0.014551702 15.857381 52.863101 6.2632613
 2.3383829 59.114449 0.016916338 13.554986 45.559462 6.2641976
 2.3420996 52.694096 0.018977458 12.255519 40.438576 6.265135
 2.3458164 48.330765 0.020690755 11.387449 36.943316 6.2660735
 2.3495331 45.382256 0.022035044 10.734619 34.647637 6.2670132
 2.3532498 43.250347 0.023121202 10.211073 33.039274 6.267954
 2.3569666 41.693592 0.023984501 9.7779139 31.915678 6.2688959
 2.3606833 40.508514 0.024686168 9.4129136 31.095601 6.2698389
 2.3644001 39.545879 0.025287085 9.102277 30.443602 6.2707831
 2.3681168 38.760242 0.025799632 8.8364263 29.923816 6.2717284
 2.3718336 38.141682 0.026218036 8.6067391 29.534943 6.2726748
 2.3755503 37.600006 0.02659574 8.4069566 29.19305 6.2736223
 2.379267 37.108059 0.026948324 8.232327 28.875732 6.274571
 2.3829838 36.688599 0.027256424 8.078977 28.609622 6.2755208
 2.3867005 36.301331 0.0275472 7.9433913 28.357939 6.2764717
 2.3904173 35.957993 0.027810229 7.8229769 28.135016 6.2774238
 2.394134 35.6008 0.028089257 7.7157702 27.885029 6.278377
 2.3978507 35.320862 0.02831188 7.6198025 27.701059 6.2793313
 2.4015675 35.028477 0.028548201 7.5335426 27.494934 6.2802868
 2.4052842 34.820541 0.02871868 7.4557881 27.364753 6.2812433
 2.409001 34.581741 0.028916994 7.3855381 27.196203 6.282201
 2.4127177 34.357994 0.029105308 7.3217771 27.036217 6.2831598
 2.4164344 34.13401 0.029296294 7.2637481 26.870262 6.2841198
 2.4201512 33.99287 0.029417934 7.2108665 26.782004 6.2850809
 2.4238679 33.845634 0.029545908 7.1625108 26.683124 6.2860431
 2.4275847 33.710453 0.029664389 7.1181695 26.592284 6.2870064
 2.4313014 33.507996 0.029843623 7.0774353 26.43056 6.2879709
 2.4350182 33.36771 0.029969093 7.0399734 26.327737 6.2889365
 2.4387349 33.232876 0.030090685 6.3392801 26.893596 6.2899032
 2.4424516 33.149506 0.030166362 6.3402462 26.809259 6.290871
 2.4461684 33.051487 0.030255825 6.3412135 26.710274 6.29184
 2.4498851 32.927029 0.030370186 6.3421818 26.584847 6.2928101
 2.4536019 32.791866 0.030495367 6.3431513 26.448715 6.2937813
 2.4573186 32.637981 0.03063915 6.3441219 26.29386 6.2947537
 2.4610353 32.531414 0.030739518 6.3450936 26.18632 6.2957272
 2.4647521 32.427727 0.030837808 6.3460665 26.08166 6.2967018
 2.4684688 32.328342 0.03093261 6.3470404 25.981302 6.2976775
 2.4721856 32.239437 0.031017911 6.3480155 25.891422 6.2986544
 2.4759023 32.154255 0.031100083 6.3489917 25.805263 6.2996324
 2.4796191 32.033268 0.031217545 6.3499691 25.683299 6.3006115
 2.4833358 31.935236 0.031313374 6.3509475 25.584288 6.3015917
 2.4870525 31.851326 0.031395867 6.3519271 25.499399 6.3025731
 2.4907693 31.747183 0.031498858 6.3529078 25.394275 6.3035556
 2.494486 31.627468 0.031618086 6.3538896 25.273579 6.3045393
 2.4982028 31.569803 0.031675839 6.3548725 25.214931 6.305524
 2.5019195 31.575327 0.031670298 6.3558565 25.21947 6.3065099
 2.5056362 31.568132 0.031677515 6.3568417 25.211291 6.3074969
 2.509353 31.526005 0.031719845 6.357828 25.168177 6.308485
 2.5130697 31.49173 0.031754369 6.3588154 25.132914 6.3094743
 2.5167865 31.409086 0.031837921 6.359804 25.049282 6.3104647
 2.5205032 31.369045 0.03187856 6.3607936 25.008252 6.3114562
 2.5242199 31.28783 0.031961309 6.3617844 24.926046 6.3124489
 2.5279367 31.273529 0.031975924 6.3627763 24.910753 6.3134427
 2.5316534 31.222565 0.032028118 6.3637693 24.858795 6.3144376
 2.5353702 31.199533 0.032051761 6.3647634 24.83477 6.3154336
 2.5390869 31.114157 0.032139711 6.3657587 24.748398 6.3164308
 2.5428037 31.047773 0.032208429 6.3667551 24.681018 6.3174291
 2.5465204 30.959736 0.032300017 6.3677526 24.591983 6.3184285
 2.5502371 30.891302 0.032371572 6.3687512 24.522551 6.319429
 2.5539539 30.903734 0.032358549 6.3697509 24.533983 6.3204307
 2.5576706 30.891546 0.032371316 6.3707518 24.520794 6.3214335
 2.5613874 30.909231 0.032352794 6.3717538 24.537477 6.3224374
 2.5651041 30.89798 0.032364576 6.3727569 24.525223 6.3234425
 2.5688208 30.890491 0.032372421 6.3737611 24.51673 6.3244486
 2.5725376 30.812321 0.03245455 6.3747665 24.437554 6.325456
 2.5762543 30.759676 0.032510095 6.3757729 24.383903 6.3264644
 2.5799711 30.727625 0.032544006 6.3767805 24.350844 6.327474
 2.5836878 30.676004 0.03259877 6.3777892 24.298215 6.3284846
 2.5874046 30.628252 0.032649594 6.3787991 24.249453 6.3294965
 2.5911213 30.661943 0.032613719 6.37981 24.282133 6.3305094
 2.594838 30.679741 0.032594799 6.3808221 24.298919 6.3315235
 2.5985548 30.614038 0.032664753 6.3818353 24.232203 6.3325387
 2.6022715 30.541815 0.032741997 6.3828496 24.158965 6.333555
 2.6059883 30.538275 0.032745792 6.383865 24.15441 6.3345725
 2.609705 30.577475 0.032703813 6.3848816 24.192593 6.3355911
 2.6134217 30.580969 0.032700076 6.3858993 24.19507 6.3366108
 2.6171385 30.567045 0.032714971 6.3869181 24.180127 6.3376316
 2.6208552 30.564028 0.032718201 6.387938 24.17609 6.3386536
 2.624572 30.507319 0.03277902 6.388959 24.118359 6.3396767
 2.6282887 30.400232 0.032894485 6.3899812 24.010251 6.3407009
 2.6320054 30.329323 0.032971392 6.3910044 23.938318 6.3417262
 2.6357222 30.335802 0.03296435 6.3920288 23.943773 6.3427527
 2.6394389 30.337763 0.03296222 6.3930544 23.944708 6.3437803
 2.6431557 30.346067 0.032953199 6.394081 23.951986 6.344809
 2.6468724 30.368605 0.032928744 6.3951088 23.973496 6.3458389
 2.6505892 30.376381 0.032920314 6.3961377 23.980243 6.3468699
 2.6543059 30.328108 0.032972713 6.3971677 23.93094 6.347902
 2.6580226 30.284788 0.033019878 6.3981988 23.886589 6.3489352
 2.6617394 30.272602 0.03303317 6.399231 23.873371 6.3499696
 2.6654561 30.251949 0.033055721 6.4002644 23.851685 6.3510051
 2.6691729 30.252934 0.033054646 6.4012989 23.851635 6.3520417
 2.6728896 30.272324 0.033033474 6.4023345 23.869989 6.3530795
 2.6766063 30.266979 0.033039306 6.4033712 23.863608 6.3541184
 2.6803231 30.261559 0.033045225 6.4044091 23.857149 6.3551584
 2.6840398 30.240746 0.033067968 6.405448 23.835298 6.3561995
 2.6877566 30.196587 0.033116326 6.4064881 23.790098 6.3572418
 2.6914733 30.156105 0.033160781 6.4075293 23.748576 6.3582852
 2.6951901 30.112215 0.033209115 6.4085717 23.703643 6.3593297
 2.6989068 30.122169 0.03319814 6.4096151 23.712554 6.3603753
 2.7026235 30.137262 0.033181514 6.4106597 23.726603 6.3614221
 2.7063403 30.158682 0.033157948 6.4117054 23.746976 6.36247
 2.710057 30.155729 0.033161194 6.4127522 23.742977 6.363519
 2.7137738 30.125391 0.03319459 6.4138002 23.711591 6.3645692
 2.7174905 30.121943 0.03319839 6.4148492 23.707093 6.3656205
 2.7212072 30.15708 0.033159709 6.4158994 23.74118 6.3666729
 2.724924 30.191439 0.033121972 6.4169507 23.774488 6.3677264
 2.7286407 30.222109 0.033088359 6.4180031 23.804106 6.3687811
 2.7323575 30.256382 0.033050878 6.4190566 23.837325 6.3698369
 2.7360742 30.276215 0.033029228 6.4201113 23.856103 6.3708938
 2.7397909 30.255527 0.033051812 6.4211671 23.83436 6.3719518
 2.7435077 30.223228 0.033087134 6.422224 23.801004 6.373011
 2.7472244 30.202616 0.033109715 6.423282 23.779334 6.3740713
 2.7509412 30.198225 0.033114529 6.4243412 23.773884 6.3751327
 2.7546579 30.200424 0.033112118 6.4254014 23.775023 6.3761953
 2.7583747 30.203825 0.033108389 6.4264628 23.777362 6.377259
 2.7620914 30.176535 0.033138331 6.4275253 23.749009 6.3783238
 2.7658081 30.154907 0.033162098 6.428589 23.726318 6.3793897
 2.7695249 30.115946 0.033205001 6.4296537 23.686292 6.3804568
 2.7732416 30.151581 0.033165757 6.4307196 23.720861 6.381525
 2.7769584 30.163551 0.033152595 6.4317866 23.731765 6.3825943
 2.7806751 30.208658 0.033103092 6.4328547 23.775804 6.3836648
 2.7843918 30.202177 0.033110196 6.4339239 23.768253 6.3847364
 2.7881086 30.199184 0.033113477 6.4349943 23.76419 6.3858091
 2.7918253 30.134027 0.033185076 6.4360657 23.697962 6.3868829
 2.7955421 30.081652 0.033242855 6.4371383 23.644513 6.3879578
 2.7992588 30.09774 0.033225086 6.4382121 23.659528 6.3890339
 2.8029755 30.163624 0.033152515 6.4392869 23.724337 6.3901112
 2.8066923 30.217253 0.033093677 6.4403629 23.77689 6.3911895
 2.810409 30.177542 0.033137225 6.4414399 23.736102 6.392269
 2.8141258 30.115549 0.033205438 6.4425181 23.673031 6.3933496
 2.8178425 30.103519 0.033218707 6.4435975 23.659922 6.3944313
 2.8215593 30.142015 0.033176282 6.4446779 23.697338 6.3955141
 2.825276 30.232592 0.033076886 6.4457595 23.786832 6.3965981
 2.8289927 30.250704 0.033057082 6.4468421 23.803862 6.3976832
 2.8327095 30.271936 0.033033896 6.4479259 23.82401 6.3987695
 2.8364262 30.26156 0.033045223 6.4490109 23.81255 6.3998568
 2.840143 30.268555 0.033037587 6.4500969 23.818458 6.4009453
 2.8438597 30.264217 0.033042321 6.4511841 23.813033 6.4020349
 2.8475764 30.281095 0.033023904 6.4522724 23.828823 6.4031257
 2.8512932 30.312016 0.032990218 6.4533618 23.858654 6.4042176
 2.8550099 30.307444 0.032995195 6.4544523 23.852991 6.4053106
 2.8587267 30.290001 0.033014195 6.455544 23.834457 6.4064047
 2.8624434 30.254795 0.033052612 6.4566367 23.798158 6.4074999
 2.8661602 30.265299 0.033041141 6.4577306 23.807568 6.4085963
 2.8698769 30.319902 0.032981636 6.4588256 23.861077 6.4096938
 2.8735936 30.366446 0.032931085 6.4599218 23.906524 6.4107925
 2.8773104 30.353733 0.032944877 6.461019 23.892714 6.4118922
 2.8810271 30.330542 0.032970067 6.4621174 23.868424 6.4129931
 2.8847439 30.308994 0.032993506 6.4632169 23.845777 6.4140952
 2.8884606 30.309818 0.03299261 6.4643175 23.845501 6.4151983
 2.8921773 30.327324 0.032973565 6.4654192 23.861905 6.4163026
 2.8958941 30.389183 0.032906446 6.4665221 23.922661 6.417408
 2.8996108 30.399712 0.032895049 6.4676261 23.932086 6.4185145
 2.9033276 30.395012 0.032900135 6.4687312 23.926281 6.4196222
 2.9070443 30.383345 0.032912769 6.4698374 23.913507 6.420731
 2.910761 30.402239 0.032892314 6.4709448 23.931294 6.4218409
 2.9144778 30.382881 0.032913271 6.4720532 23.910828 6.4229519
 2.9181945 30.375763 0.032920984 6.4731628 23.9026 6.4240641
 2.9219113 30.390045 0.032905512 6.4742735 23.915772 6.4251774
 2.925628 30.40519 0.032889122 6.4753853 23.929804 6.4262918
 2.9293448 30.433632 0.032858385 6.4764983 23.957134 6.4274074
 2.9330615 30.50392 0.032782672 6.4776123 24.026307 6.428524
 2.9367782 30.518829 0.032766657 6.4787275 24.040102 6.4296418
 2.940495 30.475437 0.032813311 6.4798438 23.995593 6.4307608
 2.9442117 30.425652 0.032867004 6.4809613 23.94469 6.4318808
 2.9479285 30.472157 0.032816844 6.4820798 23.990077 6.433002
 2.9516452 30.539968 0.032743976 6.4831995 24.056769 6.4341244
 2.9553619 30.573351 0.032708224 6.4843203 24.089031 6.4352478
 2.9590787 30.598114 0.032681753 6.4854422 24.112672 6.4363724
 2.9627954 30.663404 0.032612165 6.4865652 24.176839 6.4374981
 2.9665122 30.694313 0.032579325 6.4876894 24.206624 6.4386249
 2.9702289 30.747559 0.032522907 6.4888147 24.258744 6.4397528
 2.9739457 30.802444 0.032464956 6.4899411 24.312503 6.4408819
 2.9776624 30.856138 0.032408463 6.4910686 24.36507 6.4420121
 2.9813791 30.837215 0.03242835 6.4921972 24.345018 6.4431435
 2.9850959 30.826332 0.032439798 6.493327 24.333005 6.4442759
 2.9888126 30.850082 0.032414824 6.4944579 24.355625 6.4454095
 2.9925294 30.894897 0.032367804 6.4955899 24.399308 6.4465443
 2.9962461 30.965515 0.032293989 6.496723 24.468792 6.4476801
 2.9999628 31.066591 0.032188919 6.4978572 24.568734 6.4488171
 3.0036796 31.174545 0.032077453 6.4989926 24.675553 6.4499552
 3.0073963 31.236656 0.03201367 6.5001291 24.736527 6.4510944
 3.0111131 31.290855 0.031958219 6.5012667 24.789589 6.4522348
 3.0148298 31.308458 0.03194025 6.5024054 24.806053 6.4533762
 3.0185465 31.320473 0.031927998 6.5035453 24.816927 6.4545189
 3.0222633 31.378744 0.031868707 6.5046862 24.874058 6.4556626
 3.02598 31.484106 0.031762058 6.5058283 24.978278 6.4568075
 3.0296968 31.59173 0.031653854 6.5069715 25.084759 6.4579535
 3.0334135 31.689034 0.031556658 6.5081159 25.180918 6.4591006
 3.0371303 31.776937 0.031469364 6.5092613 25.267676 6.4602488
 3.040847 31.914999 0.03133323 6.5104079 25.404591 6.4613982
 3.0445637 32.050491 0.03120077 6.5115556 25.538936 6.4625487
 3.0482805 32.166824 0.031087931 6.5127044 25.65412 6.4637004
 3.0519972 32.233059 0.031024049 6.5138544 25.719205 6.4648531
 3.055714 32.302593 0.030957267 6.5150054 25.787588 6.466007
 3.0594307 32.42112 0.030844092 6.5161576 25.904962 6.467162
 3.0631474 32.545956 0.030725784 6.5173109 26.028645 6.4683182
 3.0668642 32.676243 0.030603274 6.5184653 26.157778 6.4694754
 3.0705809 32.767971 0.030517605 6.5196209 26.24835 6.4706338
 3.0742977 32.911263 0.030384735 6.5207775 26.390485 6.4717934
 3.0780144 33.076401 0.030233036 6.5219353 26.554465 6.472954
 3.0817311 33.285866 0.030042782 6.5230942 26.762772 6.4741158
 3.0854479 33.453297 0.02989242 6.5242542 26.929042 6.4752787
 3.0891646 33.594181 0.02976706 6.5254154 27.068766 6.4764427
 3.0928814 33.774681 0.029607978 6.5265776 27.248103 6.4776079
 3.0965981 33.98341 0.029426123 6.527741 27.455669 6.4787742
 3.1003149 34.185646 0.029252043 6.5289055 27.656741 6.4799416
 3.1040316 34.425579 0.029048168 7.6863101 26.739269 6.4811101
 3.1077483 34.69632 0.028821501 7.7498861 26.946433 6.4822798
 3.1114651 34.972858 0.028593602 7.8186047 27.154254 6.4834506
 3.1151818 35.22654 0.028387688 7.8931209 27.333419 6.4846225
 3.1188986 35.568451 0.028114803 7.9740873 27.594364 6.4857956
 3.1226153 35.899837 0.027855279 8.0622169 27.837621 6.4869698
 3.126332 36.182377 0.027637764 8.1583983 28.023979 6.4881451
 3.1300488 36.501381 0.027396224 8.2638234 28.237558 6.4893215
 3.1337655 36.859005 0.027130412 8.3795236 28.479481 6.4904991
 3.1374823 37.245625 0.026848791 8.5068766 28.738748 6.4916778
 3.141199 37.64399 0.026564666 8.6476701 28.99632 6.4928576
 3.1449158 38.095749 0.026249648 8.8038466 29.291902 6.4940386
 3.1486325 38.606586 0.025902316 8.9775583 29.629028 6.4952206
 3.1523492 39.157722 0.025537747 9.1715224 29.9862 6.4964038
 3.156066 39.794544 0.025129073 9.3895303 30.405014 6.4975882
 3.1597827 40.517735 0.024680551 9.6351371 30.882597 6.4987736
 3.1634995 41.327015 0.024197247 9.9131489 31.413866 6.4999602
 3.1672162 42.282612 0.023650384 10.22991 32.052702 6.5011479
 3.1709329 43.409473 0.023036446 10.592982 32.816491 6.5023368
 3.1746497 44.822048 0.022310449 11.011131 33.810918 6.5035267
 3.1783664 46.636547 0.021442411 11.495874 35.140673 6.5047178
 3.1820832 48.889404 0.02045433 12.063945 36.82546 6.5059101
 3.1857999 51.873833 0.019277542 12.733856 39.139976 6.5071034
 3.1895166 56.037727 0.017845121 13.533455 42.504272 6.5082979
 3.1932334 61.802425 0.016180595 14.510571 47.291854 6.5094935
 3.1969501 69.979195 0.014289962 15.763067 54.216128 6.5106902
 3.2006669 82.511131 0.012119577 17.519078 64.992053 6.5118881
 3.2043836 101.9565 0.009808104 20.352278 81.604226 6.5130871
 3.2081004 132.32507 0.0075571468 25.72627 106.5988 6.5142872
 3.2118171 182.85443 0.0054688311 36.730431 146.124 6.5154884
 3.2155338 266.02917 0.0037589862 59.205073 206.8241 6.5166908
 3.2192506 399.14447 0.0025053585 102.81697 296.3275 6.5178943
 3.2229673 616.36835 0.0016224065 180.55128 435.81707 6.5190989
 3.2266841 937.86566 0.0010662508 303.92841 633.93726 6.5203047
 3.2304008 1360.7385 0.00073489505 477.29551 883.44302 6.5215116
 3.2341175 1874.4618 0.00053348647 690.00408 1184.4577 6.5227196
 3.2378343 2366.8982 0.00042249388 909.44085 1457.4573 6.5239287
 3.241551 2714.7578 0.00036835698 1087.5213 1627.2365 6.525139
 3.2452678 2819.8091 0.00035463394 1172.6219 1647.1872 6.5263504
 3.2489845 2631.7146 0.00037998041 1134.2527 1497.4619 6.5275629
 3.2527013 2221.3921 0.00045016816 987.71383 1233.6783 6.5287765
 3.256418 1692.0693 0.00059099233 778.32743 913.74191 6.5299913
 3.2601347 1187.6729 0.0008419827 558.06466 629.60819 6.5312072
 3.2638515 798.37878 0.0012525383 366.76296 431.61582 6.5324243
 3.2675682 520.81451 0.0019200694 223.18831 297.62621 6.5336424
 3.271285 338.36337 0.0029554026 128.61254 209.75084 6.5348617
 3.2750017 226.88989 0.0044074242 73.362366 153.52753 6.5360821
 3.2787184 159.56857 0.0062668982 43.814747 115.75383 6.5373036
 3.2824352 118.25475 0.0084563197 29.12976 89.124993 6.5385263
 3.2861519 92.735672 0.010783337 22.083239 70.652433 6.5397501
 3.2898687 76.654449 0.013045557 18.490621 58.163829 6.540975
 3.2935854 66.054962 0.015138908 16.404613 49.650349 6.5422011
 3.2973021 58.951523 0.01696309 14.996113 43.95541 6.5434283
 3.3010189 53.965332 0.018530415 13.931 40.034332 6.5446566
 3.3047356 50.3307 0.019868589 13.070411 37.260289 6.545886
 3.3084524 47.629398 0.020995436 12.355041 35.274358 6.5471166
 3.3121691 45.601875 0.021928923 11.752645 33.84923 6.5483482
 3.3158859 43.950359 0.022752943 11.239583 32.710776 6.5495811
 3.3196026 42.650776 0.023446232 10.798686 31.852089 6.550815
 3.3233193 41.536072 0.024075459 10.417366 31.118706 6.5520501
 3.3270361 40.58535 0.024639433 10.086107 30.499243 6.5532863
 3.3307528 39.779427 0.025138623 9.7959138 29.983513 6.5545236
 3.3344696 39.12196 0.025561092 9.5403801 29.58158 6.555762
 3.3381863 38.511715 0.025966125 9.314592 29.197123 6.5570016
 3.341903 37.949459 0.026350837 9.1140394 28.83542 6.5582423
 3.3456198 37.393951 0.026742293 8.934981 28.45897 6.5594842
 3.3493365 36.922062 0.027084078 8.7745256 28.147536 6.5607271
 3.3530533 36.520718 0.027381718 8.6304679 27.89025 6.5619712
 3.35677 36.101543 0.027699647 8.5004153 27.601128 6.5632164
 3.3604868 35.706356 0.028006218 8.3826428 27.323713 6.5644628
 3.3642035 35.313129 0.028318079 8.2757854 27.037344 6.5657103
 3.3679202 35.000427 0.02857108 8.1785327 26.821895 6.5669589
 3.371637 34.654568 0.028856225 8.0897102 26.564857 6.5682086
 3.3753537 34.287453 0.029165188 8.008393 26.27906 6.5694594
 3.3790705 33.945282 0.029459175 7.9338972 26.011385 6.5707114
 3.3827872 33.679279 0.029691847 7.8653752 25.813904 6.5719645
 3.3865039 33.451801 0.029893756 7.802221 25.64958 6.5732188
 3.3902207 33.186867 0.030132402 6.623191 26.563676 6.5744741
 3.3939374 32.910782 0.030385179 6.624444 26.286338 6.5757306
 3.3976542 32.696926 0.030583915 6.6256982 26.071228 6.5769882
 3.4013709 32.559467 0.030713033 6.6269535 25.932514 6.578247
 3.4050876 32.395088 0.030868877 6.62821 25.766878 6.5795069
 3.4088044 32.203236 0.03105278 6.6294675 25.573768 6.5807679
 3.4125211 32.014889 0.031235467 6.6307262 25.384163 6.58203
 3.4162379 31.804661 0.031441933 6.631986 25.172675 6.5832933
 3.4199546 31.626629 0.031618925 6.6332469 24.993382 6.5845577
 3.4236714 31.448164 0.031798359 6.6345089 24.813655 6.5858232
 3.4273881 31.312244 0.031936388 6.6357721 24.676472 6.5870898
 3.4311048 31.157963 0.032094524 6.6370364 24.520926 6.5883576
 3.4348216 31.018848 0.032238463 6.6383018 24.380547 6.5896265
 3.4385383 30.902525 0.032359815 6.6395683 24.262957 6.5908965
 3.4422551 30.778889 0.032489802 6.6408359 24.138053 6.5921676
 3.4459718 30.636805 0.03264048 6.6421047 23.9947 6.5934399
 3.4496885 30.492115 0.032795364 6.6433746 23.84874 6.5947133
 3.4534053 30.132847 0.033186377 6.6446456 23.488201 6.5959879
 3.457122 29.921688 0.033420574 6.6459177 23.27577 6.5972635
 3.4608388 29.800276 0.033556736 6.6471909 23.153085 6.5985403
 3.4645555 29.979221 0.033356437 6.6484653 23.330756 6.5998182
 3.4682722 30.027502 0.033302803 6.6497408 23.377761 6.6010973
 3.471989 29.979918 0.033355662 6.6510174 23.3289 6.6023774
 3.4757057 29.868517 0.033480069 6.6522951 23.216222 6.6036587
 3.4794225 29.724127 0.033642704 6.653574 23.070553 6.6049412
 3.4831392 29.62142 0.033759354 6.654854 22.966566 6.6062247
 3.486856 29.518681 0.033876853 6.6561351 22.862546 6.6075094
 3.4905727 29.490522 0.033909199 6.6574173 22.833105 6.6087952
 3.4942894 29.466787 0.033936513 6.6587006 22.808087 6.6100821
 3.4980062 29.448009 0.033958153 6.6599851 22.788024 6.6113702
 3.5017229 29.398247 0.034015634 6.6612706 22.736976 6.6126594
 3.5054397 29.370064 0.034048275 6.6625573 22.707506 6.6139497
 3.5091564 29.342937 0.034079751 6.6638452 22.679092 6.6152412
 3.5128731 29.278517 0.034154736 6.6651341 22.613383 6.6165337
 3.5165899 29.226141 0.034215944 6.6664242 22.559717 6.6178274
 3.5203066 29.19109 0.034257029 6.6677153 22.523374 6.6191223
 3.5240234 29.153448 0.03430126 6.6690077 22.48444 6.6204182
 3.5277401 29.058561 0.034413266 6.6703011 22.38826 6.6217153
 3.5314569 28.959742 0.034530695 6.6715956 22.288146 6.6230135
 3.5351736 28.919876 0.034578295 6.6728913 22.246985 6.6243129
 3.5388903 28.905502 0.034595489 6.6741881 22.231314 6.6256133
 3.5426071 28.836927 0.034677758 6.675486 22.161441 6.6269149
 3.5463238 28.785276 0.034739983 6.676785 22.108491 6.6282176
 3.5500406 28.763025 0.034766857 6.6780852 22.08494 6.6295215
 3.5537573 28.77673 0.0347503 6.6793864 22.097343 6.6308265
 3.557474 28.739872 0.034794866 6.6806888 22.059183 6.6321326
 3.5611908 28.677515 0.034870525 6.6819924 21.995523 6.6334398
 3.5649075 28.654734 0.034898248 6.683297 21.971437 6.6347482
 3.5686243 28.617825 0.034943257 6.6846028 21.933222 6.6360577
 3.572341 28.532982 0.035047161 6.6859096 21.847072 6.6373683
 3.5760577 28.468348 0.035126731 6.6872176 21.78113 6.63868
 3.5797745 28.472052 0.035122162 6.6885268 21.783525 6.6399929
 3.5834912 28.517235 0.035066514 6.689837 21.827398 6.6413069
 3.587208 28.486288 0.035104609 6.6911484 21.79514 6.642622
 3.5909247 28.420576 0.035185775 6.6924608 21.728115 6.6439383
 3.5946415 28.375113 0.035242151 6.6937744 21.681338 6.6452556
 3.5983582 28.375395 0.0352418 6.6950892 21.680306 6.6465741
 3.6020749 28.396971 0.035215024 6.696405 21.700566 6.6478938
 3.6057917 28.400867 0.035210192 6.697722 21.703145 6.6492145
 3.6095084 28.386854 0.035227574 6.6990401 21.687814 6.6505364
 3.6132252 28.395788 0.03521649 6.7003593 21.695429 6.6518595
 3.6169419 28.392845 0.035220141 6.7016796 21.691166 6.6531836
 3.6206586 28.395403 0.035216968 6.7030011 21.692402 6.6545089
 3.6243754 28.360735 0.035260017 6.7043237 21.656411 6.6558353
 3.6280921 28.343719 0.035281185 6.7056474 21.638072 6.6571628
 3.6318089 28.319288 0.035311622 6.7069722 21.612316 6.6584915
 3.6355256 28.29635 0.035340246 6.7082981 21.588052 6.6598212
 3.6392424 28.241417 0.035408988 6.7096252 21.531792 6.6611521
 3.6429591 28.213568 0.03544394 6.7109533 21.502614 6.6624842
 3.6466758 28.233862 0.035418463 6.7122826 21.521579 6.6638173
 3.6503926 28.255209 0.035391704 6.7136131 21.541596 6.6651516
 3.6541093 28.213495 0.035444031 6.7149446 21.498551 6.6664871
 3.6578261 28.212746 0.035444973 6.7162773 21.496468 6.6678236
 3.6615428 28.215359 0.03544169 6.7176111 21.497748 6.6691613
 3.6652595 28.271763 0.035370981 6.718946 21.552817 6.6705001
 3.6689763 28.266882 0.035377089 6.720282 21.5466 6.67184
 3.672693 28.256931 0.035389547 6.7216192 21.535312 6.6731811
 3.6764098 28.246763 0.035402286 6.7229574 21.523806 6.6745233
 3.6801265 28.258741 0.03538728 6.7242968 21.534445 6.6758666
 3.6838432 28.260351 0.035385264 6.7256373 21.534714 6.677211
 3.68756 28.254047 0.035393159 6.726979 21.527068 6.6785566
 3.6912767 28.250376 0.035397759 6.7283217 21.522054 6.6799033
 3.6949935 28.270779 0.035372213 6.7296656 21.541113 6.6812511
 3.6987102 28.313704 0.035318587 6.7310106 21.582693 6.6826001
 3.702427 28.338423 0.035287779 6.7323567 21.606066 6.6839501
 3.7061437 28.393684 0.0352191 6.7337039 21.65998 6.6853013
 3.7098604 28.443064 0.035157957 6.7350523 21.708011 6.6866537
 3.7135772 28.509346 0.035076217 6.7364018 21.772944 6.6880071
 3.7172939 28.538893 0.035039902 6.7377524 21.80114 6.6893617
 3.7210107 28.558605 0.035015716 6.7391041 21.819501 6.6907174
 3.7247274 28.564096 0.035008984 6.740457 21.823639 6.6920743
 3.7284441 28.561176 0.035012564 6.7418109 21.819365 6.6934322
 3.7321609 28.565275 0.03500754 6.743166 21.822109 6.6947913
 3.7358776 28.555603 0.035019397 6.7445222 21.811081 6.6961516
 3.7395944 28.512691 0.035072101 6.7458796 21.766812 6.6975129
 3.7433111 28.508585 0.035077153 6.747238 21.761347 6.6988754
 3.7470279 28.552715 0.035022939 6.7485976 21.804118 6.700239
 3.7507446 28.561012 0.035012765 6.7499583 21.811054 6.7016038
 3.7544613 28.587175 0.034980721 6.7513201 21.835855 6.7029696
 3.7581781 28.610598 0.034952084 6.752683 21.857915 6.7043366
 3.7618948 28.654232 0.034898859 6.7540471 21.900185 6.7057047
 3.7656116 28.666027 0.034884499 6.7554123 21.910615 6.707074
 3.7693283 28.702309 0.034840403 6.7567786 21.94553 6.7084443
 3.773045 28.778196 0.034748529 6.758146 22.02005 6.7098158
 3.7767618 28.81465 0.034704569 6.7595145 22.055135 6.7111885
 3.7804785 28.838085 0.034676366 6.7608842 22.077201 6.7125622
 3.7841953 28.8284 0.034688016 6.762255 22.066145 6.7139371
 3.787912 28.847141 0.03466548 6.7636269 22.083514 6.7153131
 3.7916287 28.872065 0.034635556 6.7649999 22.107065 6.7166903
 3.7953455 28.890553 0.034613391 6.7663741 22.124178 6.7180685
 3.7990622 28.925705 0.034571327 6.7677493 22.157956 6.7194479
 3.802779 29.014305 0.034465757 6.7691257 22.245179 6.7208284
 3.8064957 29.121603 0.034338769 6.7705032 22.3511 6.7222101
 3.8102125 29.208149 0.034237021 6.7718819 22.436267 6.7235929
 3.8139292 29.282902 0.034149621 6.7732616 22.50964 6.7249768
 3.8176459 29.338509 0.034084896 6.7746425 22.563866 6.7263618
 3.8213627 29.450687 0.033955065 6.7760245 22.674663 6.727748
 3.8250794 29.546659 0.033844774 6.7774076 22.769252 6.7291353
 3.8287962 29.670511 0.033703497 6.7787919 22.891719 6.7305237
 3.8325129 29.784269 0.03357477 6.7801772 23.004092 6.7319132
 3.8362296 29.89452 0.033450947 7.2961915 22.598328 6.7333039
 3.8399464 29.988588 0.033346018 7.3258531 22.662735 6.7346957
 3.8436631 30.110281 0.033211248 7.3578883 22.752393 6.7360886
 3.8473799 30.270468 0.033035499 7.3925668 22.877901 6.7374827
 3.8510966 30.430855 0.032861384 7.4302608 23.000594 6.7388778
 3.8548133 30.591972 0.032688314 7.4712853 23.120687 6.7402741
 3.8585301 30.704487 0.03256853 7.516049 23.188438 6.7416716
 3.8622468 30.83877 0.032426715 7.5650689 23.273701 6.7430701
 3.8659636 31.000412 0.032257636 7.6189453 23.381467 6.7444698
 3.8696803 31.179487 0.032072368 7.6782836 23.501204 6.7458706
 3.8733971 31.429926 0.031816811 7.7438577 23.686068 6.7472726
 3.8771138 31.672317 0.031573313 7.8167281 23.855589 6.7486757
 3.8808305 31.92827 0.031320206 7.8979121 24.030358 6.7500799
 3.8845473 32.197617 0.0310582 7.9887014 24.208915 6.7514852
 3.888264 32.516407 0.030753705 8.0907628 24.425644 6.7528916
 3.8919808 32.863289 0.030429091 8.2061721 24.657117 6.7542992
 3.8956975 33.300911 0.030029209 8.3371396 24.963771 6.7557079
 3.8994142 33.795414 0.029589814 8.4865727 25.308841 6.7571178
 3.903131 34.381317 0.029085564 8.6585166 25.722801 6.7585287
 3.9068477 35.154552 0.028445818 8.8573922 26.29716 6.7599408
 3.9105645 36.1605 0.027654485 9.0889319 27.071568 6.761354
 3.9142812 37.375668 0.026755375 9.3609899 28.014678 6.7627684
 3.917998 39.031559 0.025620294 9.6848785 29.346681 6.7641839
 3.9217147 41.413807 0.024146536 10.076637 31.33717 6.7656005
 3.9254314 44.797508 0.02232267 10.567869 34.22964 6.7670182
 3.9291482 49.907898 0.020036909 11.235571 38.672327 6.7684371
 3.9328649 57.887447 0.017274902 12.269378 45.61807 6.769857
 3.9365817 70.108635 0.014263578 14.128499 55.980136 6.7712782
 3.9402984 89.992264 0.011112066 17.849364 72.142899 6.7727004
 3.9440151 123.50124 0.0080970845 25.582209 97.919035 6.7741238
 3.9477319 176.86781 0.00565394 40.83452 136.03329 6.7755483
 3.9514486 261.48062 0.0038243752 68.559218 192.9214 6.7769739
 3.9551654 390.95483 0.0025578402 114.421 276.53383 6.7784006
 3.9588821 565.47766 0.0017684165 181.61111 383.86655 6.7798285
 3.9625988 778.45941 0.0012845885 267.68429 510.77512 6.7812575
 3.9663156 1001.502 0.0009985003 362.34876 639.15319 6.7826877
 3.9700323 1173.1226 0.00085242585 446.76036 726.3622 6.7841189
 3.9737491 1247.1348 0.00080183796 498.7282 748.40657 6.7855513
 3.9774658 1200.9766 0.00083265572 501.60471 699.37185 6.7869848
 3.9811826 1050.5759 0.00095185886 453.74226 596.83367 6.7884195
 3.9848993 837.37854 0.001194203 371.3667 466.01184 6.7898552
 3.988616 611.52747 0.0016352495 276.85991 334.66756 6.7912921
 3.9923328 422.97498 0.0023642061 189.17678 233.7982 6.7927302
 3.9960495 286.7988 0.003486765 120.10998 166.68882 6.7941693
 3.9997663 192.30113 0.0052001774 72.299949 120.00118 6.7956096
 4.003483 131.90625 0.0075811419 42.877589 89.028661 6.797051
 4.0071997 96.177856 0.010397404 26.673319 69.504537 6.7984935
 4.0109165 73.975304 0.013518025 18.439576 55.535728 6.7999372
 4.0146332 60.087158 0.016642491 14.418868 45.66829 6.801382
 4.01835 51.660179 0.019357269 12.429519 39.23066 6.8028279
 4.0220667 46.040447 0.021720032 11.352292 34.688155 6.804275
 4.0257835 42.215324 0.02368808 10.663248 31.552077 6.8057231
 4.0295002 39.660797 0.025213815 10.160631 29.500166 6.8071724
 4.0332169 37.79055 0.026461642 9.7638469 28.026703 6.8086229
 4.0369337 36.443432 0.027439787 9.4376103 27.005822 6.8100744
 4.0406504 35.432983 0.028222292 9.1636425 26.269341 6.8115271
 4.0443672 34.605644 0.02889702 8.9310106 25.674634 6.8129809
 4.0480839 33.871857 0.029523035 8.7323694 25.139487 6.8144358
 4.0518006 33.306431 0.030024232 8.5609918 24.745439 6.8158919
 4.0555174 32.860565 0.030431613 8.4121901 24.448375 6.8173491
 4.0592341 32.545097 0.030726594 8.2823885 24.262709 6.8188074
 4.0629509 32.239014 0.031018319 8.1685654 24.070448 6.8202669
 4.0666676 31.949366 0.031299526 8.0681038 23.881262 6.8217275
 4.0703843 31.647186 0.031598386 7.9790408 23.668145 6.8231892
 4.0741011 31.395084 0.03185212 7.8999111 23.495173 6.824652
 4.0778178 31.144382 0.032108519 7.8291862 23.315196 6.8261159
 4.0815346 30.936218 0.032324572 7.7657349 23.170483 6.827581
 4.0852513 30.740988 0.032529859 7.7086642 23.032324 6.8290472
 4.0889681 30.592325 0.032687937 7.6571922 22.935133 6.8305146
 4.0926848 30.42968 0.032862653 7.610571 22.819109 6.8319831
 4.0964015 30.22934 0.033080445 7.5682316 22.661108 6.8334527
 4.1001183 30.051014 0.033276747 7.5297429 22.521271 6.8349234
 4.103835 29.926472 0.033415232 7.4946218 22.43185 6.8363952
 4.1075518 29.829407 0.033523965 7.4624942 22.366913 6.8378682
 4.1112685 29.692316 0.033678747 7.4330605 22.259256 6.8393423
 4.1149852 29.583702 0.033802396 7.4060578 22.177644 6.8408175
 4.118702 29.469904 0.033932924 6.8902172 22.579687 6.8422939
 4.1224187 29.317841 0.034108924 6.89169 22.426151 6.8437714
 4.1261355 29.17218 0.034279234 6.8931639 22.279016 6.84525
 4.1298522 29.097752 0.034366916 6.894639 22.203113 6.8467298
 4.133569 29.047493 0.034426379 6.8961152 22.151378 6.8482106
 4.1372857 28.947235 0.034545614 6.8975925 22.049643 6.8496926
 4.1410024 28.850105 0.034661919 6.8990709 21.951034 6.8511758
 4.1447192 28.788567 0.034736012 6.9005505 21.888016 6.85266
 4.1484359 28.727947 0.034809309 6.9020312 21.825916 6.8541454
 4.1521527 28.651506 0.034902179 6.9035129 21.747993 6.8556319
 4.1558694 28.602697 0.034961738 6.9049959 21.697702 6.8571195
 4.1595861 28.564337 0.03500869 6.9064799 21.657857 6.8586083
 4.1633029 28.527163 0.03505431 6.9079651 21.619197 6.8600982
 4.1670196 28.476334 0.03511688 6.9094513 21.566882 6.8615892
 4.1707364 28.413109 0.035195022 6.9109387 21.50217 6.8630814
 4.1744531 28.348717 0.035274965 6.9124273 21.436289 6.8645746
 4.1781698 28.311644 0.035321157 6.9139169 21.397727 6.866069
 4.1818866 28.303801 0.035330944 6.9154077 21.388393 6.8675646
 4.1856033 28.276712 0.03536479 6.9168995 21.359813 6.8690612
 4.1893201 28.207901 0.03545106 6.9183925 21.289508 6.870559
 4.1930368 28.155117 0.035517522 6.9198867 21.23523 6.8720579
 4.1967536 28.133488 0.035544829 6.9213819 21.212106 6.873558
 4.2004703 28.123026 0.035558051 6.9228783 21.200148 6.8750591
 4.204187 28.108959 0.035575846 6.9243758 21.184583 6.8765614
 4.2079038 28.086369 0.035604461 6.9258744 21.160494 6.8780649
 4.2116205 28.051157 0.035649153 6.9273741 21.123783 6.8795694
 4.2153373 28.003405 0.035709944 6.928875 21.07453 6.8810751
 4.219054 27.993578 0.035722479 6.930377 21.063201 6.8825819
 4.2227707 28.018389 0.035690846 6.9318801 21.086509 6.8840898
 4.2264875 27.980223 0.03573953 6.9333843 21.046838 6.8855989
 4.2302042 27.916742 0.035820798 6.9348896 20.981853 6.8871091
 4.233921 27.876696 0.035872257 6.9363961 20.9403 6.8886204
 4.2376377 27.863106 0.035889754 6.9379037 20.925202 6.8901328
 4.2413544 27.833014 0.035928557 6.9394124 20.893601 6.8916464
 4.2450712 27.82427 0.035939846 6.9409222 20.883348 6.8931611
 4.2487879 27.837605 0.035922631 6.9424332 20.895171 6.8946769
 4.2525047 27.834663 0.035926427 6.9439452 20.890718 6.8961939
 4.2562214 27.79109 0.035982756 6.9454584 20.845632 6.8977119
 4.2599382 27.749371 0.036036853 6.9469727 20.802398 6.8992312
 4.2636549 27.742762 0.036045438 6.9484882 20.794273 6.9007515
 4.2673716 27.73455 0.03605611 6.9500047 20.784546 6.902273
 4.2710884 27.736885 0.036053075 6.9515224 20.785363 6.9037955
 4.2748051 27.727652 0.036065081 6.9530412 20.77461 6.9053193
 4.2785219 27.726818 0.036066165 6.9545611 20.772257 6.9068441
 4.2822386 27.710241 0.036087741 6.9560822 20.754159 6.9083701
 4.2859553 27.6924 0.036110991 6.9576043 20.734796 6.9098972
 4.2896721 27.667538 0.03614344 6.9591276 20.70841 6.9114254
 4.2933888 27.660584 0.036152527 6.960652 20.699931 6.9129548
 4.2971056 27.685213 0.036120365 6.9621776 20.723036 6.9144853
 4.3008223 27.723307 0.036070733 6.9637042 20.759602 6.9160169
 4.3045391 27.708462 0.036090058 6.965232 20.74323 6.9175496
 4.3082558 27.67197 0.036137651 6.9667609 20.705209 6.9190835
 4.3119725 27.612259 0.036215798 6.9682909 20.643968 6.9206185
 4.3156893 27.609495 0.036219424 6.969822 20.639673 6.9221546
 4.319406 27.635483 0.036185364 6.9713543 20.664129 6.9236918
 4.3231228 27.626446 0.036197201 6.9728877 20.653558 6.9252302
 4.3268395 27.614677 0.036212627 6.9744222 20.640255 6.9267697
 4.3305562 27.606771 0.036222997 6.9759578 20.630814 6.9283103
 4.334273 27.611721 0.036216504 6.9774945 20.634227 6.9298521
 4.3379897 27.596008 0.036237125 6.9790324 20.616976 6.931395
 4.3417065 27.619865 0.036205825 6.9805714 20.639294 6.932939
 4.3454232 27.678635 0.03612895 6.9821115 20.696523 6.9344841
 4.3491399 27.705393 0.036094056 6.9836527 20.72174 6.9360304
 4.3528567 27.673096 0.036136181 6.9851951 20.687901 6.9375778
 4.3565734 27.661865 0.036150852 6.9867385 20.675127 6.9391263
 4.3602902 27.700171 0.036100861 6.9882831 20.711887 6.940676
 4.3640069 27.685022 0.036120614 6.9898288 20.695194 6.9422268
 4.3677237 27.67141 0.036138383 6.9913757 20.680034 6.9437787
 4.3714404 27.678164 0.036129565 6.9929236 20.68524 6.9453317
 4.3751571 27.74378 0.036044115 6.9944727 20.749307 6.9468859
 4.3788739 27.780628 0.035996306 6.9960229 20.784605 6.9484411
 4.3825906 27.796381 0.035975906 6.9975742 20.798807 6.9499976
 4.3863074 27.858694 0.035895437 6.9991267 20.859567 6.9515551
 4.3900241 27.930058 0.035803721 7.0006802 20.929377 6.9531138
 4.3937408 27.949343 0.035779017 7.0022349 20.947108 6.9546736
 4.3974576 27.93177 0.035801526 7.0037907 20.92798 6.9562345
 4.4011743 27.942686 0.03578754 7.0053477 20.937338 6.9577966
 4.4048911 27.963545 0.035760845 7.0069057 20.956639 6.9593597
 4.4086078 27.984686 0.03573383 7.0084649 20.976221 6.9609241
 4.4123246 28.010126 0.035701374 7.0100252 21.000101 6.9624895
 4.4160413 28.048094 0.035653047 7.0115866 21.036507 6.9640561
 4.419758 28.079481 0.035613194 7.0131491 21.066332 6.9656237
 4.4234748 28.102713 0.035583754 7.0147128 21.088 6.9671926
 4.4271915 28.154394 0.035518434 7.0162776 21.138117 6.9687625
 4.4309083 28.21475 0.035442454 7.0178435 21.196907 6.9703336
 4.434625 28.296501 0.035340058 7.0194105 21.277091 6.9719058
 4.4383417 28.3794 0.035236826 7.0209787 21.358422 6.9734791
 4.4420585 28.494806 0.035094115 7.0225479 21.472258 6.9750536
 4.4457752 28.581676 0.034987451 7.0241183 21.557558 6.9766292
 4.449492 28.63961 0.034916676 7.288167 21.351443 6.9782059
 4.4532087 28.712326 0.034828248 7.3039353 21.408391 6.9797837
 4.4569254 28.774448 0.034753055 7.3208896 21.453559 6.9813627
 4.4606422 28.837893 0.034676598 7.3391511 21.498741 6.9829428
 4.4643589 28.894529 0.034608627 7.35887 21.535659 6.984524
 4.4680757 29.007086 0.034474335 7.3802566 21.626829 6.9861063
 4.4717924 29.111998 0.034350099 7.4034822 21.708515 6.9876898
 4.4755092 29.184391 0.034264892 7.4287781 21.755613 6.9892744
 4.4792259 29.228975 0.034212626 7.4564383 21.772537 6.9908602
 4.4829426 29.249561 0.034188547 7.4867925 21.762769 6.992447
 4.4866594 29.330572 0.034094118 7.520186 21.810386 6.994035
 4.4903761 29.440254 0.033967098 7.5570558 21.883198 6.9956241
 4.4940929 29.585434 0.033800417 7.5980084 21.987426 6.9972144
 4.4978096 29.718931 0.033648586 7.643609 22.075322 6.9988057
 4.5015263 29.8421 0.033509706 7.6945989 22.147501 7.0003982
 4.5052431 30.051687 0.033276002 7.7519401 22.299747 7.0019919
 4.5089598 30.269886 0.033036134 7.8167998 22.453086 7.0035866
 4.5126766 30.533381 0.032751041 7.890459 22.642922 7.0051825
 4.5163933 30.822901 0.03244341 7.9745935 22.848307 7.0067795
 4.52011 31.183573 0.032068166 8.0715664 23.112006 7.0083776
 4.5238268 31.680513 0.031565145 8.1839097 23.496604 7.0099769
 4.5275435 32.268887 0.030989603 8.3150141 23.953872 7.0115773
 4.5312603 33.0457 0.030261123 8.4696329 24.576067 7.0131788
 4.534977 34.08532 0.029338144 8.6548161 25.430503 7.0147814
 4.5386938 35.627644 0.028068093 8.8818074 26.745836 7.0163852
 4.5424105 37.854839 0.026416702 9.1748593 28.67998 7.0179901
 4.5461272 41.319649 0.024201561 9.5964872 31.723162 7.0195961
 4.549844 46.71352 0.021407079 10.299275 36.414245 7.0212033
 4.5535607 55.135052 0.018137282 11.63886 43.496192 7.0228116
 4.5572775 69.128937 0.014465722 14.376487 54.75245 7.024421
 4.5609942 92.085114 0.010859519 19.970959 72.114154 7.0260315
 4.5647109 128.16354 0.0078025308 30.606393 97.557151 7.0276432
 4.5684277 184.92543 0.0054075851 49.046561 135.87887 7.029256
 4.5721444 263.98724 0.0037880618 77.950765 186.03648 7.0308699
 4.5758612 363.86002 0.0027483097 117.81358 246.04644 7.032485
 4.5795779 480.34329 0.0020818444 165.58431 314.75898 7.0341011
 4.5832947 583.27698 0.0017144513 213.95211 369.32486 7.0357184
 4.5870114 646.38806 0.0015470583 251.82197 394.56609 7.0373369
 4.5907281 653.60071 0.0015299861 268.34296 385.25774 7.0389564
 4.5944449 601.8587 0.0016615195 257.96232 343.89638 7.0405771
 4.5981616 507.89386 0.0019689153 223.95831 283.93555 7.0421989
 4.6018784 391.38062 0.0025550576 176.96965 214.41096 7.0438219
 4.6055951 282.97665 0.0035338604 128.25238 154.72427 7.0454459
 4.6093118 199.48198 0.0050129841 86.114755 113.36722 7.0470711
 4.6130286 138.84023 0.0072025236 54.756932 84.083293 7.0486975
 4.6167453 98.308495 0.010172061 34.069399 64.239095 7.0503249
 4.6204621 73.244408 0.013652919 21.862319 51.382088 7.0519535
 4.6241788 57.86615 0.01728126 15.372975 42.493175 7.0535832
 4.6278955 48.341938 0.020685972 12.141582 36.200356 7.055214
 4.6316123 42.495098 0.023532126 10.5643 31.930798 7.056846
 4.635329 38.793377 0.025777596 9.7605532 29.032824 7.0584791
 4.6390458 36.333355 0.027522919 9.2989948 27.03436 7.0601133
 4.6427625 34.730141 0.028793434 8.986722 25.743419 7.0617486
 4.6464793 33.60717 0.029755555 8.750389 24.856781 7.0633851
 4.650196 32.752907 0.030531641 8.5603858 24.192521 7.0650227
 4.6539127 32.119499 0.031133736 8.4027927 23.716706 7.0666614
 4.6576295 31.636822 0.031608738 8.2698769 23.366945 7.0683013
 4.6613462 31.251642 0.031998318 8.1567147 23.094928 7.0699423
 4.665063 30.987242 0.032271346 8.0598878 22.927354 7.0715844
 4.6687797 30.784456 0.032483926 7.9762135 22.808243 7.0732276
 4.6724964 30.606325 0.032672985 7.903482 22.702843 7.074872
 4.6762132 30.525488 0.032759509 7.8400031 22.685485 7.0765175
 4.6799299 30.445063 0.032846048 7.7843067 22.660756 7.0781641
 4.6836467 30.346203 0.032953052 7.7351489 22.611054 7.0798118
 4.6873634 30.174601 0.033140455 7.6915842 22.483016 7.0814607
 4.6910802 30.103683 0.033218526 7.6529118 22.450772 7.0831107
 4.6947969 30.021452 0.033309515 7.6183766 22.403075 7.0847618
 4.6985136 29.875368 0.033472391 7.5874359 22.287932 7.0864141
 4.7022304 29.664049 0.03371084 7.5596589 22.10439 7.0880675
 4.7059471 29.499958 0.033898353 7.534655 21.965303 7.089722
 4.7096639 29.360699 0.034059135 7.5120623 21.848636 7.0913776
 4.7133806 29.262634 0.034173273 7.4916016 21.771033 7.0930344
 4.7170973 29.188322 0.034260277 7.4730639 21.715258 7.0946923
 4.7208141 29.105082 0.034358261 7.4562055 21.648876 7.0963513
 4.7245308 28.999451 0.034483412 7.4408445 21.558606 7.0980115
 4.7282476 28.92222 0.034575492 7.4268349 21.495385 7.0996727
 4.7319643 28.857161 0.034653444 7.4140425 21.443118 7.1013351
 4.735681 28.783226 0.034742457 7.1500642 21.633162 7.1029987
 4.7393978 28.708162 0.034833299 7.1517232 21.556439 7.1046633
 4.7431145 28.667982 0.03488212 7.1533833 21.514599 7.1063291
 4.7468313 28.623236 0.034936651 7.1550446 21.468191 7.107996
 4.750548 28.571224 0.03500025 7.1567069 21.414517 7.1096641
 4.7542648 28.525503 0.035056349 7.1583704 21.367133 7.1113333
 4.7579815 28.483227 0.035108382 7.160035 21.323192 7.1130035
 4.7616982 28.470272 0.035124357 7.1617007 21.308571 7.114675
 4.765415 28.463852 0.035132279 7.1633676 21.300484 7.1163475
 4.7691317 28.446383 0.035153855 7.1650356 21.281347 7.1180212
 4.7728485 28.440437 0.035161203 7.1667047 21.273733 7.119696
 4.7765652 28.44001 0.035161732 7.1683749 21.271635 7.1213719
 4.7802819 28.472393 0.035121741 7.1700462 21.302347 7.123049
 4.7839987 28.449263 0.035150296 7.1717187 21.277544 7.1247272
 4.7877154 28.400898 0.035210154 7.1733922 21.227506 7.1264065
 4.7914322 28.351715 0.035271235 7.1750669 21.176648 7.128087
 4.7951489 28.354698 0.035267524 7.1767428 21.177955 7.1297685
 4.7988657 28.372829 0.035244987 7.1784197 21.19441 7.1314512
 4.8025824 28.381617 0.035234075 7.1800978 21.201519 7.1331351
 4.8062991 28.364653 0.035255147 7.181777 21.182876 7.13482
 4.8100159 28.357641 0.035263864 7.1834573 21.174184 7.1365061
 4.8137326 28.331211 0.035296761 7.1851387 21.146072 7.1381933
 4.8174494 28.32617 0.035303043 7.1868213 21.139349 7.1398816
 4.8211661 28.319725 0.035311077 7.1885049 21.13122 7.1415711
 4.8248828 28.346596 0.035277605 7.1901897 21.156406 7.1432617
 4.8285996 28.341478 0.035283975 7.1918756 21.149603 7.1449534
 4.8323163 28.35034 0.035272946 7.1935627 21.156777 7.1466463
 4.8360331 28.316374 0.035315256 7.1952508 21.121123 7.1483402
 4.8397498 28.26885 0.035374626 7.1969401 21.07191 7.1500354
 4.8434665 28.248934 0.035399566 7.1986305 21.050303 7.1517316
 4.8471833 28.267103 0.035376812 7.2003221 21.066781 7.1534289
 4.8509 28.286951 0.03535199 7.2020147 21.084936 7.1551274
 4.8546168 28.290134 0.035348012 7.2037085 21.086426 7.156827
 4.8583335 28.29052 0.03534753 7.2054034 21.085116 7.1585278
 4.8620503 28.29406 0.035343108 7.2070994 21.08696 7.1602296
 4.865767 28.325756 0.035303559 7.2087965 21.11696 7.1619326
 4.8694837 28.354931 0.035267235 7.2104948 21.144436 7.1636368
 4.8732005 28.410957 0.035197688 7.2121942 21.198763 7.165342
 4.8769172 28.451056 0.035148081 7.2138947 21.237161 7.1670484
 4.880634 28.479849 0.035112546 7.2155963 21.264253 7.1687559
 4.8843507 28.519056 0.035064274 7.217299 21.301757 7.1704645
 4.8880674 28.541245 0.035037015 7.2190029 21.322242 7.1721743
 4.8917842 28.541391 0.035036834 7.2207079 21.320683 7.1738852
 4.8955009 28.515781 0.035068301 7.222414 21.293367 7.1755972
 4.8992177 28.537317 0.035041836 7.2241212 21.313196 7.1773103
 4.9029344 28.617233 0.034943979 7.2258296 21.391404 7.1790246
 4.9066511 28.701963 0.034840822 7.2275391 21.474424 7.18074
 4.9103679 28.741299 0.034793139 7.2292497 21.512049 7.1824565
 4.9140846 28.776369 0.034750736 7.2309614 21.545408 7.1841742
 4.9178014 28.823303 0.03469415 7.2326742 21.590629 7.185893
 4.9215181 28.862846 0.034646618 7.2343882 21.628458 7.1876129
 4.9252349 28.858143 0.034652265 7.2361033 21.62204 7.1893339
 4.9289516 28.867647 0.034640856 7.2378195 21.629828 7.1910561
 4.9326683 28.916361 0.034582498 7.2395368 21.676824 7.1927794
 4.9363851 29.026787 0.034450937 7.2412552 21.785532 7.1945038
 4.9401018 29.102331 0.034361509 7.2429748 21.859356 7.1962293
 4.9438186 29.104008 0.034359529 7.2446955 21.859312 7.197956
 4.9475353 29.122757 0.034337408 7.2464173 21.87634 7.1996838
 4.951252 29.194098 0.034253499 7.2481403 21.945957 7.2014127
 4.9549688 29.338913 0.034084426 7.2498643 22.089049 7.2031428
 4.9586855 29.432981 0.033975491 7.2515895 22.181392 7.204874
 4.9624023 29.526939 0.033867377 7.2533158 22.273624 7.2066063
 4.966119 29.587664 0.03379787 7.2550432 22.33262 7.2083397
 4.9698358 29.667885 0.033706481 7.2567718 22.411113 7.2100743
 4.9735525 29.784428 0.033574592 7.2585015 22.525926 7.21181
 4.9772692 29.953962 0.033384565 7.2602322 22.69373 7.2135468
 4.980986 30.084043 0.033240213 7.2619642 22.822079 7.2152848
 4.9847027 30.187756 0.033126014 7.2636972 22.924058 7.2170238
 4.9884195 30.306568 0.032996148 7.2654313 23.041137 7.218764
 4.9921362 30.446987 0.032843972 7.8821673 22.56482 7.2205054
 4.9958529 30.603416 0.03267609 7.9172635 22.686153 7.2222478
 4.9995697 30.744987 0.032525627 7.9551232 22.789864 7.2239914
 5.0032864 30.917917 0.032343705 7.9960736 22.921844 7.2257361
 5.0070032 31.085527 0.032169311 8.0405165 23.045011 7.227482
 5.0107199 31.262747 0.031986953 8.0888146 23.173932 7.2292289
 5.0144366 31.439011 0.031807617 8.1414402 23.29757 7.230977
 5.0181534 31.589434 0.031656155 8.199021 23.390413 7.2327263
 5.0218701 31.802725 0.031443847 8.2621701 23.540555 7.2344766
 5.0255869 32.049526 0.031201709 8.3316063 23.71792 7.2362281
 5.0293036 32.29874 0.03096096 8.4082365 23.890504 7.2379807
 5.0330204 32.535225 0.030735918 8.4932316 24.041993 7.2397344
 5.0367371 32.825878 0.03046377 8.5877087 24.238169 7.2414893
 5.0404538 33.174702 0.030143451 8.6931412 24.48156 7.2432453
 5.0441706 33.554577 0.029802194 8.8114971 24.74308 7.2450024
 5.0478873 34.013344 0.029400226 8.9449079 25.068436 7.2467607
 5.0516041 34.517128 0.028971124 9.095909 25.421219 7.24852
 5.0553208 35.105072 0.028485912 9.2677794 25.837293 7.2502805
 5.0590375 35.885689 0.027866262 9.4649982 26.420691 7.2520422
 5.0627543 36.809563 0.027166854 9.6922237 27.117339 7.2538049
 5.066471 37.912956 0.026376207 9.9557957 27.957161 7.2555688
 5.0701878 39.346397 0.025415287 10.264548 29.08185 7.2573338
 5.0739045 41.280746 0.024224368 10.62971 30.651036 7.2590999
 5.0776213 43.854305 0.022802778 11.067439 32.786866 7.2608672
 5.081338 47.590824 0.021012454 11.607004 35.98382 7.2626356
 5.0850547 53.108711 0.018829303 12.316746 40.791965 7.2644051
 5.0887715 61.546165 0.016247966 13.355692 48.190474 7.2661758
 5.0924882 74.952499 0.013341783 15.118648 59.833851 7.2679475
 5.096205 96.537628 0.010358655 18.545841 77.991787 7.2697204
 5.0999217 131.13255 0.0076258715 25.603413 105.52914 7.2714945
 5.1036384 188.39767 0.0053079211 39.747164 148.65051 7.2732696
 5.1073552 279.06308 0.0035834192 66.227784 212.8353 7.2750459
 5.1110719 413.8334 0.0024164313 111.97061 301.86279 7.2768233
 5.1147887 608.37549 0.0016437217 181.9921 426.38338 7.2786019
 5.1185054 847.9635 0.001179296 276.78509 571.17841 7.2803815
 5.1222221 1105.3021 0.00090473001 388.51613 716.786 7.2821623
 5.1259389 1337.139 0.00074786538 498.72571 838.41333 7.2839443
 5.1296556 1470.2977 0.00068013436 582.0907 888.20702 7.2857273
 5.1333724 1470.7762 0.00067991308 614.36577 856.41048 7.2875115
 5.1370891 1334.9358 0.0007490997 583.33605 751.59974 7.2892968
 5.1408059 1109.0967 0.00090163465 500.75699 608.33969 7.2910832
 5.1445226 851.70258 0.0011741188 390.83371 460.86887 7.2928708
 5.1482393 607.23962 0.0016467964 278.90804 328.33158 7.2946595
 5.1519561 415.60657 0.0024061217 183.67644 231.93012 7.2964493
 5.1556728 280.82449 0.003560943 113.15722 167.66727 7.2982402
 5.1593896 190.32419 0.0052541929 66.980321 123.34387 7.3000323
 5.1631063 132.46938 0.0075489146 40.160094 92.309281 7.3018255
 5.166823 97.178207 0.010290373 25.835977 71.34223 7.3036198
 5.1705398 75.585991 0.013229965 18.681059 56.904932 7.3054153
 5.1742565 62.044899 0.01611736 15.204285 46.840614 7.3072119
 5.1779733 53.514645 0.018686474 13.424574 40.090071 7.3090096
 5.18169 47.911751 0.020871706 12.379896 35.531855 7.3108084
 5.1854068 44.136791 0.022656835 11.669188 32.467603 7.3126084
 5.1891235 41.533279 0.024077078 11.130412 30.402867 7.3144095
 5.1928402 39.584564 0.025262372 10.694602 28.889962 7.3162117
 5.196557 38.112476 0.026238127 10.331755 27.780721 7.318015
 5.2002737 37.028324 0.027006353 10.02547 27.002854 7.3198195
 5.2039905 36.181442 0.027638478 9.7646757 26.416767 7.3216251
 5.2077072 35.451447 0.028207594 9.5403626 25.911084 7.3234318
 5.2114239 34.818153 0.02872065 9.346163 25.47199 7.3252397
 5.2151407 34.271049 0.029179147 9.1773505 25.093699 7.3270487
 5.2188574 33.815842 0.029571939 9.0295339 24.786308 7.3288588
 5.2225742 33.402092 0.029938245 8.8993624 24.50273 7.33067
 5.2262909 33.009212 0.030294573 8.7842611 24.224951 7.3324824
 5.2300076 32.671631 0.030607594 8.6821562 23.989475 7.3342959
 5.2337244 32.413681 0.030851171 8.591037 23.822644 7.3361105
 5.2374411 32.174339 0.031080669 8.5094254 23.664914 7.3379262
 5.2411579 31.948845 0.031300036 8.4361838 23.512661 7.3397431
 5.2448746 31.711748 0.031534055 8.3701738 23.341574 7.3415611
 5.2485914 31.514139 0.031731789 8.3104662 23.203673 7.3433803
 5.2523081 31.299364 0.031949531 8.2563284 23.043036 7.3452005
 5.2560248 31.097628 0.032156794 8.2071705 22.890457 7.3470219
 5.2597416 30.881166 0.032382196 8.1623496 22.718817 7.3488444
 5.2634583 30.681839 0.03259257 8.1213922 22.560447 7.3506681
 5.2671751 30.508961 0.032777255 8.0839274 22.425033 7.3524928
 5.2708918 30.372337 0.032924697 8.0495679 22.322769 7.3543187
 5.2746085 30.265112 0.033041345 8.0179774 22.247135 7.3561457
 5.2783253 30.134647 0.033184394 7.4041522 22.730495 7.3579739
 5.282042 29.987242 0.033347515 7.405975 22.581267 7.3598032
 5.2857588 29.787201 0.033571466 7.4077989 22.379402 7.3616336
 5.2894755 29.618658 0.033762502 7.409624 22.209034 7.3634651
 5.2931922 29.526657 0.033867701 7.4114501 22.115207 7.3652978
 5.296909 29.503815 0.033893922 7.4132774 22.090537 7.3671316
 5.3006257 29.452293 0.033953213 7.4151058 22.037188 7.3689665
 5.3043425 29.335499 0.034088393 7.4169353 21.918563 7.3708025
 5.3080592 29.239973 0.034199758 7.418766 21.821207 7.3726397
 5.311776 29.200003 0.034246572 7.4205977 21.779405 7.374478
 5.3154927 29.149113 0.034306362 7.4224306 21.726682 7.3763174
 5.3192094 29.047304 0.034426603 7.4242646 21.62304 7.378158
 5.3229262 28.977222 0.034509864 7.4260998 21.551123 7.3799997
 5.3266429 28.946678 0.034546278 7.427936 21.518742 7.3818425
 5.3303597 28.884029 0.034621208 7.4297734 21.454256 7.3836864
 5.3340764 28.788824 0.034735702 7.4316119 21.357212 7.3855315
 5.3377931 28.7216 0.034817002 7.4334515 21.288148 7.3873777
 5.3415099 28.709089 0.034832174 7.4352923 21.273797 7.389225
 5.3452266 28.709251 0.034831978 7.4371341 21.272117 7.3910734
 5.3489434 28.673565 0.034875329 7.4389771 21.234588 7.392923
 5.3526601 28.58338 0.034985366 7.4408212 21.142559 7.3947737
 5.3563769 28.532686 0.035047524 7.4426665 21.09002 7.3966255
 5.3600936 28.528326 0.03505288 7.4445128 21.083813 7.3984785
 5.3638103 28.530268 0.035050495 7.4463603 21.083907 7.4003326
 5.3675271 28.501673 0.03508566 7.4482089 21.053464 7.4021878
 5.3712438 28.485699 0.035105335 7.4500586 21.03564 7.4040441
 5.3749606 28.47864 0.035114037 7.4519095 21.02673 7.4059016
 5.3786773 28.466436 0.03512909 7.4537614 21.012675 7.4077602
 5.382394 28.441265 0.03516018 7.4556145 20.985651 7.4096199
 5.3861108 28.409342 0.035199689 7.4574687 20.951873 7.4114808
 5.3898275 28.364656 0.035255142 7.4593241 20.905332 7.4133427
 5.3935443 28.342876 0.035282234 7.4611805 20.881696 7.4152058
 5.397261 28.374948 0.035242355 7.4630381 20.91191 7.4170701
 5.4009777 28.41094 0.035197709 7.4648968 20.946043 7.4189354
 5.4046945 28.451149 0.035147965 7.4667566 20.984392 7.4208019
 5.4084112 28.454603 0.035143699 7.4686176 20.985986 7.4226695
 5.412128 28.458794 0.035138524 7.4704796 20.988314 7.4245383
 5.4158447 28.46677 0.035128678 7.4723428 20.994427 7.4264082
 5.4195615 28.453949 0.035144507 7.4742071 20.979742 7.4282792
 5.4232782 28.440086 0.035161637 7.4760726 20.964014 7.4301513
 5.4269949 28.433592 0.035169669 7.4779391 20.955653 7.4320245
 5.4307117 28.433849 0.03516935 7.4798068 20.954043 7.4338989
 5.4344284 28.437309 0.035165071 7.4816756 20.955634 7.4357744
 5.4381452 28.423599 0.035182033 7.4835455 20.940054 7.4376511
 5.4418619 28.455978 0.035142 7.4854166 20.970562 7.4395288
 5.4455786 28.502295 0.035084895 7.4872887 21.015006 7.4414077
 5.4492954 28.53788 0.035041145 7.489162 21.048718 7.4432877
 5.4530121 28.562954 0.035010384 7.4910364 21.071918 7.4451689
 5.4567289 28.587881 0.034979857 7.4929119 21.094969 7.4470511
 5.4604456 28.610712 0.034951944 7.4947886 21.115923 7.4489345
 5.4641624 28.668215 0.034881837 7.4966664 21.171548 7.4508191
 5.4678791 28.721695 0.034816887 7.4985453 21.22315 7.4527047
 5.4715958 28.758835 0.034771923 7.5004253 21.25841 7.4545915
 5.4753126 28.796801 0.03472608 7.5023064 21.294494 7.4564794
 5.4790293 28.865189 0.034643806 7.5041887 21.361 7.4583685
 5.4827461 28.92425 0.034573066 7.8421478 21.082102 7.4602586
 5.4864628 28.988274 0.034496708 7.862285 21.125989 7.4621499
 5.4901795 29.069183 0.034400691 7.8839574 21.185226 7.4640423
 5.4938963 29.123981 0.034335965 7.9073333 21.216648 7.4659359
 5.497613 29.186581 0.034262321 7.9325967 21.253984 7.4678306
 5.5013298 29.262295 0.03417367 7.959977 21.302318 7.4697264
 5.5050465 29.392988 0.03402172 7.9897801 21.403208 7.4716233
 5.5087632 29.518238 0.033877361 8.0222691 21.495969 7.4735214
 5.51248 29.611355 0.033770829 8.0577951 21.55356 7.4754205
 5.5161967 29.69356 0.033677337 8.0968135 21.596746 7.4773209
 5.5199135 29.810762 0.033544932 8.1398143 21.670948 7.4792223
 5.5236302 29.977024 0.033358882 8.1873388 21.789685 7.4811249
 5.527347 30.178434 0.033136245 8.2400692 21.938365 7.4830286
 5.5310637 30.351587 0.032947206 8.2989523 22.052635 7.4849334
 5.5347804 30.555725 0.032727091 8.3648673 22.190858 7.4868393
 5.5384972 30.77899 0.032489695 8.4389998 22.33999 7.4887464
 5.5422139 31.019962 0.032237305 8.5229103 22.497052 7.4906546
 5.5459307 31.343555 0.031904485 8.6184375 22.725118 7.492564
 5.5496474 31.750441 0.031495626 8.7276976 23.022743 7.4944744
 5.5533641 32.2673 0.030991128 8.8534553 23.413844 7.496386
 5.5570809 32.912449 0.03038364 8.9996946 23.912754 7.4982987
 5.5607976 33.732391 0.029645097 9.1706884 24.561703 7.5002126
 5.5645144 34.771332 0.028759324 9.3726275 25.398704 7.5021275
 5.5682311 36.290886 0.027555128 9.6153269 26.675559 7.5040436
 5.5719478 38.421139 0.026027339 9.9166638 28.504475 7.5059609
 5.5756646 41.541119 0.024072534 10.31497 31.226149 7.5078792
 5.5793813 46.340141 0.021579563 10.904873 35.435269 7.5097987
 5.5830981 54.041248 0.018504384 11.933244 42.108004 7.5117193
 5.5868148 66.229919 0.015098916 13.945973 52.283946 7.5136411
 5.5905316 86.3041 0.011586935 18.047012 68.257088 7.5155639
 5.5942483 119.11005 0.0083955969 26.231212 92.878842 7.5174879
 5.597965 169.3549 0.0059047596 41.534843 127.82006 7.519413
 5.6016818 245.59978 0.0040716649 67.353367 178.24641 7.5213393
 5.6053985 350.07626 0.0028565204 106.37934 243.69693 7.5232667
 5.6091153 476.07037 0.0021005298 158.78255 317.28783 7.5251952
 5.612832 612.98035 0.0016313737 219.48227 393.49807 7.5271248
 5.6165487 727.98712 0.0013736507 278.38503 449.60209 7.5290555
 5.6202655 791.11957 0.0012640314 321.7197 469.39986 7.5309874
 5.6239822 785.88916 0.0012724441 336.25095 449.63821 7.5329204
 5.627699 713.53058 0.0014014816 317.42367 396.10691 7.5348546
 5.6314157 596.00427 0.0016778403 271.49971 324.50457 7.5367898
 5.6351325 458.13943 0.0021827416 211.58862 246.55082 7.5387262
 5.6388492 331.98285 0.0030122038 151.52156 180.46129 7.5406638
 5.6425659 233.57826 0.0042812203 100.6933 132.88496 7.5426024
 5.6462827 162.24336 0.0061635803 63.308063 98.9353 7.5445422
 5.6499994 114.12566 0.008762271 39.097574 75.02809 7.5464831
 5.6537162 83.348175 0.011997863 24.92705 58.421125 7.5484251
 5.6574329 64.595299 0.015481003 17.370541 47.224757 7.5503683
 5.6611496 52.890491 0.01890699 13.636613 39.253878 7.5523126
 5.6648664 45.542671 0.02195743 11.808106 33.734565 7.554258
 5.6685831 40.988758 0.024396933 10.860891 30.127867 7.5562045
 5.6722999 37.986809 0.026324928 10.305621 27.681188 7.5581522
 5.6760166 35.959305 0.027809214 9.9281512 26.031154 7.560101
 5.6797333 34.572659 0.028924591 9.6398975 24.932761 7.5620509
 5.6834501 33.548923 0.029807216 9.4066503 24.142273 7.564002
 5.6871668 32.751152 0.030533277 9.2129451 23.538207 7.5659542
 5.6908836 32.131493 0.031122115 9.0494266 23.082066 7.5679075
 5.6946003 31.644026 0.031601542 8.909932 22.734094 7.5698619
 5.6983171 31.247309 0.032002756 8.7901023 22.457206 7.5718175
 5.7020338 30.924179 0.032337156 8.6866873 22.237492 7.5737741
 5.7057505 30.619858 0.032658545 8.5966634 22.023194 7.575732
 5.7094673 30.39677 0.032898232 8.5178854 21.878885 7.5776909
 5.713184 30.203539 0.033108703 8.448715 21.754824 7.579651
 5.7169008 30.014469 0.033317264 8.387657 21.626812 7.5816122
 5.7206175 29.791613 0.033566494 8.3334821 21.45813 7.5835745
 5.7243342 29.628683 0.033751078 8.285243 21.34344 7.585538
 5.728051 29.476015 0.033925888 8.2422156 21.2338 7.5875026
 5.7317677 29.323418 0.034102437 8.2036253 21.119792 7.5894683
 5.7354845 29.197592 0.0342494 8.1689138 21.028678 7.5914351
 5.7392012 29.094805 0.034370397 8.1376403 20.957164 7.5934031
 5.742918 28.981464 0.034504813 8.1093827 20.872082 7.5953722
 5.7466347 28.85586 0.034655006 8.0837659 20.772094 7.5973424
 5.7503514 28.716724 0.034822913 8.0604947 20.65623 7.5993137
 5.7540682 28.595211 0.034970891 8.0393499 20.555861 7.6012862
 5.7577849 28.500357 0.03508728 8.0200634 20.480293 7.6032598
 5.7615017 28.457867 0.035139668 8.0024432 20.455423 7.6052345
 5.7652184 28.402765 0.035207839 7.9863349 20.41643 7.6072104
 5.7689351 28.315229 0.035316684 7.6544631 20.660766 7.6091874
 5.7726519 28.183512 0.035481739 7.656434 20.527078 7.6111655
 5.7763686 28.113937 0.035569546 7.658406 20.455531 7.6131447
 5.7800854 28.062502 0.035634741 7.6603792 20.402123 7.6151251
 5.7838021 28.047663 0.035653595 7.6623535 20.385309 7.6171066
 5.7875188 28.002886 0.035710605 7.6643289 20.338557 7.6190892
 5.7912356 27.954742 0.035772106 7.6663055 20.288437 7.621073
 5.7949523 27.902044 0.035839668 7.6682831 20.233761 7.6230579
 5.7986691 27.849674 0.035907063 7.6702619 20.179412 7.6250439
 5.8023858 27.801577 0.035969183 7.6722418 20.129335 7.627031
 5.8061026 27.744184 0.03604359 7.6742228 20.069962 7.6290193
 5.8098193 27.73596 0.036054278 7.676205 20.059755 7.6310086
 5.813536 27.705595 0.036093793 7.6781883 20.027407 7.6329992
 5.8172528 27.660423 0.036152737 7.6801727 19.980251 7.6349908
 5.8209695 27.586924 0.036249058 7.6821582 19.904765 7.6369836
 5.8246863 27.517893 0.036339992 7.6841448 19.833748 7.6389775
 5.828403 27.491816 0.036374462 7.6861326 19.805683 7.6409725
 5.8321197 27.511568 0.036348346 7.6881215 19.823447 7.6429687
 5.8358365 27.522846 0.036333452 7.6901115 19.832735 7.6449659
 5.8395532 27.525799 0.036329554 7.6921026 19.833696 7.6469643
 5.84327 27.496521 0.036368237 7.6940949 19.802426 7.6489639
 5.8469867 27.46607 0.036408558 7.6960882 19.769982 7.6509645
 5.8507035 27.426058 0.036461675 7.6980827 19.727975 7.6529663
 5.8544202 27.395039 0.03650296 7.7000784 19.69496 7.6549693
 5.8581369 27.370825 0.036535253 7.7020751 19.66875 7.6569733
 5.8618537 27.354847 0.036556593 7.704073 19.650774 7.6589785
 5.8655704 27.335112 0.036582986 7.706072 19.62904 7.6609848
 5.8692872 27.327568 0.036593084 7.7080721 19.619496 7.6629922
 5.8730039 27.308123 0.036619141 7.7100733 19.598049 7.6650008
 5.8767206 27.297346 0.036633598 7.7120757 19.58527 7.6670104
 5.8804374 27.282578 0.036653428 7.7140791 19.568498 7.6690213
 5.8841541 27.263035 0.036679702 7.7160837 19.546951 7.6710332
 5.8878709 27.218014 0.036740374 7.7180895 19.499924 7.6730463
 5.8915876 27.170715 0.036804331 7.7200963 19.450619 7.6750605
 5.8953043 27.114557 0.036880558 7.7221043 19.392453 7.6770758
 5.8990211 27.089659 0.036914455 7.7241134 19.365545 7.6790922
 5.9027378 27.101326 0.036898564 7.7261236 19.375202 7.6811098
 5.9064546 27.097641 0.036903581 7.7281349 19.369506 7.6831285
 5.9101713 27.109972 0.036886796 7.7301474 19.379825 7.6851483
 5.9138881 27.086803 0.036918347 7.732161 19.354642 7.6871693
 5.9176048 27.079792 0.036927905 7.7341757 19.345616 7.6891914
 5.9213215 27.058428 0.036957062 7.7361915 19.322236 7.6912146
 5.9250383 27.041981 0.03697954 7.7382084 19.303772 7.6932389
 5.928755 27.029819 0.036996178 7.7402265 19.289593 7.6952644
 5.9324718 27.023964 0.037004194 7.7422457 19.281718 7.697291
 5.9361885 27.046143 0.036973849 7.744266 19.301877 7.6993187
 5.9399052 27.059738 0.036955273 7.7462875 19.313451 7.7013476
 5.943622 27.025595 0.037001961 7.74831 19.277285 7.7033776
 5.9473387 26.974873 0.037071537 7.7503337 19.224539 7.7054087
 5.9510555 26.945404 0.03711208 7.7523585 19.193046 7.7074409
 5.9547722 26.981323 0.037062674 7.7543844 19.226939 7.7094743
 5.9584889 26.98625 0.037055908 7.7564115 19.229838 7.7115088
 5.9622057 26.97373 0.037073108 7.7584397 19.21529 7.7135444
 5.9659224 26.971216 0.037076563 7.760469 19.210747 7.7155811
 5.9696392 26.970573 0.037077447 7.7624994 19.208074 7.717619
 5.9733559 26.975641 0.037070481 7.7645309 19.21111 7.719658
 5.9770727 26.965105 0.037084966 7.7665636 19.198541 7.7216981
 5.9807894 26.968397 0.037080439 7.7685974 19.1998 7.7237394
 5.9845061 26.971136 0.037076673 7.7706323 19.200504 7.7257818
 5.9882229 26.99914 0.037038217 7.7726683 19.226471 7.7278253
 5.9919396 26.990788 0.037049679 7.7747055 19.216082 7.7298699
 5.9956564 26.953768 0.037100565 7.7767437 19.177024 7.7319157
 5.9993731 26.946321 0.037110817 7.7787832 19.167538 7.7339626
 6.0030898 26.979746 0.037064841 7.7808237 19.198922 7.7360106
 6.0068066 27.001936 0.037034382 7.7828653 19.219071 7.7380597
 6.0105233 26.992996 0.037046647 7.7849081 19.208088 7.74011
 6.0142401 26.955147 0.037098666 7.786952 19.168195 7.7421614
 6.0179568 26.944439 0.03711341 7.788997 19.155442 7.7442139
 6.0216736 26.934372 0.037127281 7.7910431 19.143329 7.7462676
 6.0253903 26.913504 0.037156069 7.7930904 19.120413 7.7483224
 6.029107 26.908148 0.037163465 7.7951388 19.113009 7.7503783
 6.0328238 26.929413 0.037134118 7.7971883 19.132225 7.7524353
 6.0365405 26.940678 0.037118591 7.7992389 19.141439 7.7544935
 6.0402573 26.93269 0.0371296 7.8012906 19.131399 7.7565528
 6.043974 26.904575 0.037168399 7.8033435 19.101232 7.7586132
 6.0476907 26.898514 0.037176775 7.8053975 19.093116 7.7606748
 6.0514075 26.907644 0.03716416 7.8074526 19.100192 7.7627375
 6.0551242 26.937096 0.037123527 7.8095089 19.127587 7.7648013
 6.058841 26.970381 0.037077712 7.8115662 19.158815 7.7668662
 6.0625577 26.960976 0.037090646 7.8136247 19.147351 7.7689323
 6.0662744 26.935423 0.037125833 7.8156843 19.119739 7.7709994
 6.0699912 26.933107 0.037129024 7.817745 19.115362 7.7730678
 6.0737079 26.952085 0.03710288 7.8198069 19.132279 7.7751372
 6.0774247 26.970087 0.037078115 7.8218699 19.148217 7.7772078
 6.0811414 26.949129 0.037106951 7.823934 19.125195 7.7792795
 6.0848582 26.927114 0.037137288 7.8259992 19.101115 7.7813523
 6.0885749 26.958406 0.037094181 7.8280655 19.130341 7.7834263
 6.0922916 26.999334 0.03703795 7.830133 19.169201 7.7855013
 6.0960084 27.023062 0.037005429 7.8322016 19.19086 7.7875775
 6.0997251 27.03686 0.036986544 7.8342713 19.202588 7.7896549
 6.1034419 27.021698 0.037007297 7.8363421 19.185356 7.7917333
 6.1071586 27.011276 0.037021575 7.8384141 19.172862 7.7938129
 6.1108753 27.008379 0.037025547 7.8404872 19.167892 7.7958937
 6.1145921 27.008419 0.037025492 7.8425614 19.165858 7.7979755
 6.1183088 27.010752 0.037022294 7.8446367 19.166115 7.8000585
 6.1220256 27.002539 0.037033555 7.8467131 19.155826 7.8021426
 6.1257423 27.015903 0.037015234 7.8487907 19.167113 7.8042278
 6.1294591 26.990099 0.037050624 7.8508694 19.13923 7.8063142
 6.1331758 26.976095 0.037069857 7.8529492 19.123146 7.8084016
 6.1368925 26.975475 0.037070709 7.8550302 19.120445 7.8104903
 6.1406093 26.994846 0.037044108 7.8571122 19.137734 7.81258
 6.144326 27.016386 0.037014573 7.8591954 19.157191 7.8146709
 6.1480428 27.033312 0.036991398 7.8612797 19.172032 7.8167629
 6.1517595 27.031963 0.036993243 7.8633651 19.168598 7.818856
 6.1554762 27.027073 0.036999937 7.8654517 19.161621 7.8209502
 6.159193 26.991623 0.037048532 7.8675394 19.124084 7.8230456
 6.1629097 26.996216 0.037042229 7.8696282 19.126588 7.8251421
 6.1666265 27.029333 0.036996843 7.8717181 19.157615 7.8272397
 6.1703432 27.074474 0.036935158 7.8738091 19.200665 7.8293385
 6.1740599 27.082241 0.036924566 7.8759013 19.20634 7.8314384
 6.1777767 27.067545 0.036944614 7.8779946 19.18955 7.8335394
 6.1814934 27.05308 0.036964368 7.880089 19.172991 7.8356415
 6.1852102 27.073238 0.036936845 7.8821845 19.191054 7.8377448
 6.1889269 27.092428 0.036910682 7.8842812 19.208147 7.8398492
 6.1926437 27.129614 0.03686009 7.8863789 19.243235 7.8419547
 6.1963604 27.131268 0.036857843 7.8884778 19.24279 7.8440614
 6.2000771 27.117441 0.036876636 7.8905779 19.226863 7.8461692
 6.2037939 27.089691 0.036914411 7.892679 19.197012 7.8482781
 6.2075106 27.096411 0.036905257 7.8947813 19.201629 7.8503881
 6.2112274 27.149921 0.036832519 7.8968847 19.253037 7.8524993
 6.2149441 27.178543 0.036793731 7.8989892 19.279554 7.8546116
 6.2186608 27.18206 0.03678897 7.9010948 19.280965 7.856725
 6.2223776 27.154245 0.036826654 7.9032016 19.251044 7.8588395
 6.2260943 27.161238 0.036817173 7.9053095 19.255928 7.8609552
 6.2298111 27.190018 0.036778203 7.9074185 19.282599 7.863072
 6.2335278 27.234234 0.036718492 7.9095286 19.324705 7.8651899
 6.2372446 27.267811 0.036673278 7.9116399 19.356171 7.867309
 6.2409613 27.276243 0.03666194 7.9137522 19.362491 7.8694292
 6.244678 27.273655 0.03666542 7.9158657 19.357789 7.8715505
 6.2483948 27.282312 0.036653785 7.9179804 19.364332 7.8736729
 6.2521115 27.294127 0.036637919 7.9200961 19.37403 7.8757965
 6.2558283 27.273762 0.036665276 7.922213 19.351549 7.8779212
 6.259545 27.222536 0.03673427 7.924331 19.298205 7.880047
 6.2632617 27.233667 0.036719256 7.9264501 19.307217 7.8821739
 6.2669785 27.279387 0.036657716 7.9285703 19.350816 7.884302
 6.2706952 27.305397 0.036622797 7.9306917 19.374705 7.8864312
 6.274412 27.321053 0.036601811 7.9328141 19.388238 7.8885615
 6.2781287 27.333612 0.036584992 7.9349377 19.398675 7.890693
 6.2818454 27.351564 0.03656098 7.9370625 19.414502 7.8928256
 6.2855622 27.337919 0.036579229 7.9391883 19.398731 7.8949593
 6.2892789 27.352844 0.036559269 7.9413153 19.411529 7.8970941
 6.2929957 27.370041 0.036536299 7.9434434 19.426598 7.8992301
 6.2967124 27.405109 0.036489546 7.9455726 19.459537 7.9013672
 6.3004292 27.442503 0.036439825 7.9477029 19.4948 7.9035054
 6.3041459 27.48251 0.036386779 7.9498344 19.532675 7.9056448
 6.3078626 27.492214 0.036373935 7.951967 19.540247 7.9077852
 6.3115794 27.492996 0.0363729 7.9541007 19.538896 7.9099269
 6.3152961 27.50458 0.036357582 7.9562355 19.548344 7.9120696
 6.3190129 27.531548 0.036321968 7.9583715 19.573176 7.9142134
 6.3227296 27.552382 0.036294503 7.9605086 19.591873 7.9163584
 6.3264463 27.560686 0.036283567 7.9626467 19.598039 7.9185045
 6.3301631 27.593124 0.036240912 7.9647861 19.628338 7.9206518
 6.3338798 27.683878 0.036122107 7.9669265 19.716951 7.9228002
 6.3375966 27.746374 0.036040745 7.9690681 19.777306 7.9249497
 6.3413133 27.76701 0.036013961 7.9712108 19.795799 7.9271003
 6.34503 27.743927 0.036043924 7.9733546 19.770572 7.929252
 6.3487468 27.746655 0.036040381 7.9754995 19.771155 7.9314049
 6.3524635 27.807552 0.035961453 8.1038228 19.70373 7.9335589
 6.3561803 27.884941 0.03586165 8.112769 19.772172 7.9357141
 6.359897 27.966606 0.035756931 8.1222804 19.844326 7.9378703
 6.3636138 28.008593 0.035703329 8.1324155 19.876177 7.9400277
 6.3673305 28.004284 0.035708822 8.1432471 19.861037 7.9421862
 6.3710472 28.026997 0.035679884 8.1548726 19.872124 7.9443459
 6.374764 28.073162 0.03562121 8.1673738 19.905788 7.9465067
 6.3784807 28.152567 0.03552074 8.1808606 19.971706 7.9486686
 6.3821975 28.174879 0.03549261 8.1954749 19.979404 7.9508316
 6.3859142 28.199909 0.035461107 8.2113677 19.988542 7.9529957
 6.3896309 28.267733 0.035376024 8.2287043 20.039028 7.955161
 6.3933477 28.370672 0.035247667 8.2476924 20.12298 7.9573274
 6.3970644 28.457069 0.035140653 8.2686193 20.18845 7.959495
 6.4007812 28.523546 0.035058754 8.2917463 20.2318 7.9616636
 6.4044979 28.612801 0.034949393 8.317425 20.295376 7.9638334
 6.4082147 28.751356 0.034780968 8.3461152 20.405241 7.9660044
 6.4119314 28.88035 0.034625619 8.378352 20.501998 7.9681764
 6.4156481 29.021084 0.034457707 8.4147419 20.606342 7.9703496
 6.4193649 29.153353 0.034301372 8.4560694 20.697283 7.9725239
 6.4230816 29.333759 0.034090414 8.5034554 20.830304 7.9746993
 6.4267984 29.575506 0.033811763 8.5580547 21.017451 7.9768759
 6.4305151 29.895954 0.033449342 8.6214633 21.274491 7.9790536
 6.4342318 30.299322 0.033004039 8.6959398 21.603382 7.9812324
 6.4379486 30.860836 0.032403529 8.7847832 22.076053 7.9834123
 6.4416653 31.671371 0.031574256 8.893457 22.777914 7.9855934
 6.4453821 32.914898 0.030381379 9.0338024 23.881095 7.9877756
 6.4490988 34.731133 0.028792611 9.2364699 25.494663 7.9899589
 6.4528155 37.604286 0.026592713 9.5743534 28.029933 7.9921434
 6.4565323 42.242146 0.02367304 10.215243 32.026903 7.9943289
 6.460249 49.638752 0.020145551 11.515312 38.12344 7.9965156
 6.4639658 61.492897 0.016262041 14.14082 47.352077 7.9987035
 6.4676825 80.289551 0.012454921 19.086485 61.203066 8.0008924
 6.4713993 107.98927 0.009260179 27.608581 80.380692 8.0030825
 6.475116 146.98238 0.0068035368 40.943311 106.03907 8.0052737
 6.4788327 195.39438 0.0051178545 59.349642 136.04474 8.0074661
 6.4825495 247.63109 0.0040382652 81.563024 166.06806 8.0096596
 6.4862662 296.02139 0.0033781342 104.3948 191.62659 8.0118542
 6.489983 326.94229 0.0030586438 122.90701 204.03528 8.0140499
 6.4936997 332.65817 0.0030060888 132.06511 200.59307 8.0162467
 6.4974164 312.07849 0.0032043221 128.91634 183.16215 8.0184447
 6.5011332 271.05896 0.0036892343 114.35437 156.70459 8.0206438
 6.5048499 220.67593 0.0045315317 92.967498 127.70844 8.0228441
 6.5085667 168.92148 0.0059199103 69.937055 98.984423 8.0250454
 6.5122834 125.6795 0.0079567473 49.367768 76.311728 8.0272479
 6.5160002 93.545181 0.010690022 33.554138 59.991043 8.0294515
 6.5197169 70.764252 0.014131429 22.781945 47.982306 8.0316563
 6.5234336 55.62701 0.017976878 16.217566 39.409444 8.0338622
 6.5271504 46.080303 0.021701246 12.622391 33.457912 8.0360692
 6.5308671 40.167305 0.02489587 10.785556 29.381749 8.0382773
 6.5345839 36.500336 0.027397008 9.8810751 26.619261 8.0404866
 6.5383006 34.169609 0.029265772 9.4282213 24.741388 8.0426969
 6.5420173 32.725758 0.03055697 9.1786362 23.547121 8.0449085
 6.5457341 31.770462 0.031475778 9.0175397 22.752922 8.0471211
 6.5494508 31.125128 0.032128382 8.8995825 22.225545 8.0493349
 6.5531676 30.603298 0.032676217 8.8064586 21.79684 8.0515498
 6.5568843 30.217838 0.033093036 8.729888 21.48795 8.0537658
 6.560601 29.936895 0.033403597 8.6656886 21.271207 8.0559829
 6.5643178 29.743208 0.033621121 8.611325 21.131883 8.0582012
 6.5680345 29.594185 0.033790422 8.5650358 21.029149 8.0604206
 6.5717513 29.486105 0.033914279 8.5252556 20.960849 8.0626411
 6.575468 29.423553 0.033986378 8.4908856 20.932668 8.0648628
 6.5791848 29.351629 0.034069659 8.4610945 20.890535 8.0670856
 6.5829015 29.255564 0.034181532 8.4351366 20.820427 8.0693095
 6.5866182 29.194151 0.034253437 8.4124052 20.781746 8.0715346
 6.590335 29.135765 0.034322078 8.3924355 20.74333 8.0737607
 6.5940517 29.097513 0.034367198 8.374874 20.722639 8.075988
 6.5977685 29.049551 0.03442394 8.3593494 20.690202 8.0782164
 6.6014852 29.00993 0.034470956 8.3455948 20.664335 8.080446
 6.6052019 28.936556 0.034558363 8.3334001 20.603156 8.0826767
 6.6089187 28.715683 0.034824176 8.3225665 20.393117 8.0849085
 6.6126354 28.637964 0.034918683 8.3129188 20.325045 8.0871414
 6.6163522 28.693712 0.034850841 8.3043195 20.389393 8.0893755
 6.6200689 28.885021 0.03462002 8.2966665 20.588355 8.0916107
 6.6237856 28.928886 0.034567525 8.2898369 20.639049 8.093847
 6.6275024 28.914946 0.034584191 8.2837429 20.631203 8.0960844
 6.6312191 28.878887 0.034627373 8.2783137 20.600573 8.098323
 6.6349359 28.852205 0.034659396 8.2734808 20.578724 8.1005627
 6.6386526 28.833057 0.034682413 8.1462644 20.686793 8.1028035
 6.6423694 28.839472 0.034674699 8.148498 20.690974 8.1050455
 6.6460861 28.856028 0.034654805 8.1507328 20.705295 8.1072886
 6.6498028 28.874348 0.034632817 8.1529687 20.721379 8.1095328
 6.6535196 28.885735 0.034619165 8.1552057 20.730529 8.1117781
 6.6572363 28.901501 0.034600279 8.1574439 20.744057 8.1140246
 6.6609531 28.89703 0.034605633 8.1596832 20.737347 8.1162722
 6.6646698 28.871155 0.034636647 8.1619235 20.709231 8.1185209
 6.6683865 28.874979 0.03463206 8.1641651 20.710814 8.1207708
 6.6721033 28.890102 0.034613931 8.1664077 20.723695 8.1230217
 6.67582 28.946077 0.034546995 8.1686515 20.777426 8.1252738
 6.6795368 28.946594 0.034546378 8.1708963 20.775698 8.1275271
 6.6832535 28.93693 0.034557916 8.1731424 20.763787 8.1297814
 6.6869703 28.948774 0.034543777 8.1753895 20.773385 8.1320369
 6.690687 28.969919 0.034518564 8.1776377 20.792281 8.1342935
 6.6944037 28.996773 0.034486596 8.1798871 20.816886 8.1365513
 6.6981205 29.020565 0.034458323 8.1821376 20.838427 8.1388101
 6.7018372 29.098537 0.034365988 8.1843892 20.914148 8.1410701
 6.705554 29.181007 0.034268865 8.186642 20.994365 8.1433313
 6.7092707 29.227179 0.034214729 8.1888959 21.038283 8.1455935
 6.7129874 29.242115 0.034197253 8.1911508 21.050964 8.1478569
 6.7167042 29.24745 0.034191015 8.193407 21.054043 8.1501214
 6.7204209 29.287643 0.034144092 8.1956642 21.091979 8.152387
 6.7241377 29.32752 0.034097666 8.1979226 21.129598 8.1546538
 6.7278544 29.388706 0.034026677 8.200182 21.188524 8.1569217
 6.7315711 29.479805 0.033921527 8.2024427 21.277362 8.1591907
 6.7352879 29.567806 0.033820568 8.2047044 21.363102 8.1614608
 6.7390046 29.627089 0.033752895 8.2069672 21.420121 8.1637321
 6.7427214 29.671309 0.033702592 8.2092312 21.462077 8.1660045
 6.7464381 29.769953 0.033590917 8.577403 21.19255 8.168278
 6.7501549 29.871105 0.033477168 8.5993231 21.271782 8.1705527
 6.7538716 29.965876 0.033371292 8.6228662 21.343009 8.1728285
 6.7575883 30.083324 0.033241007 8.648203 21.435121 8.1751054
 6.7613051 30.207428 0.03310444 8.6755465 21.531881 8.1773834
 6.7650218 30.343485 0.032956004 8.705168 21.638317 8.1796626
 6.7687386 30.461283 0.032828558 8.7373061 21.723977 8.1819429
 6.7724553 30.584267 0.03269655 8.7722751 21.811992 8.1842243
 6.776172 30.707167 0.032565688 8.8104878 21.896679 8.1865068
 6.7798888 30.880026 0.032383393 8.8523642 22.027662 8.1887905
 6.7836055 31.062355 0.032193309 8.8983827 22.163972 8.1910753
 6.7873223 31.228466 0.032022066 8.9491461 22.27932 8.1933612
 6.791039 31.380165 0.031867264 9.0054571 22.374708 8.1956483
 6.7947558 31.581234 0.031664374 9.0680689 22.513165 8.1979365
 6.7984725 31.848822 0.031398336 9.1379839 22.710838 8.2002258
 6.8021892 32.1646 0.03109008 9.2165304 22.94807 8.2025162
 6.805906 32.481476 0.030786778 9.3051968 23.176279 8.2048078
 6.8096227 32.834602 0.030455676 9.4057216 23.428881 8.2071005
 6.8133395 33.243359 0.030081196 9.5203523 23.723006 8.2093943
 6.8170562 33.751301 0.029628488 9.6522458 24.099055 8.2116893
 6.8207729 34.388912 0.02907914 9.8046616 24.584251 8.2139854
 6.8244897 35.262665 0.028358606 9.9821173 25.280547 8.2162826
 6.8282064 36.416321 0.027460215 10.191041 26.22528 8.2185809
 6.8319232 37.971912 0.026335255 10.440505 27.531407 8.2208803
 6.8356399 40.18708 0.024883619 10.745561 29.441519 8.2231809
 6.8393566 43.452461 0.023013656 11.138259 32.314203 8.2254827
 6.8430734 48.4016 0.020660474 11.701625 36.699975 8.2277855
 6.8467901 56.272865 0.017770554 12.630709 43.642156 8.2300895
 6.8505069 68.932861 0.014506869 14.378119 54.554742 8.2323946
 6.8542236 89.134277 0.011219029 17.917408 71.216869 8.2347008
 6.8579404 121.96722 0.008198924 25.069227 96.897997 8.2370081
 6.8616571 173.17648 0.0057744561 38.606779 134.5697 8.2393166
 6.8653738 248.58014 0.0040228475 62.105199 186.47494 8.2416262
 6.8690906 355.58301 0.0028122829 99.258993 256.32401 8.243937
 6.8728073 491.47385 0.0020346963 151.10708 340.36676 8.2462488
 6.8765241 639.78748 0.001563019 214.59436 425.19311 8.2485618
 6.8802408 778.68896 0.0012842098 281.14722 497.54175 8.2508759
 6.8839575 874.32605 0.0011437381 336.9728 537.35325 8.2531912
 6.8876743 901.34094 0.0011094581 367.36307 533.97787 8.2555076
 6.891391 852.76819 0.0011726516 362.71751 490.05068 8.2578251
 6.8951078 741.50513 0.0013486083 324.03323 417.4719 8.2601437
 6.8988245 599.79413 0.0016672387 263.79871 335.99542 8.2624634
 6.9025413 453.56619 0.0022047499 196.93415 256.63205 8.2647843
 6.906258 327.60876 0.0030524214 135.87614 191.73263 8.2671063
 6.9099747 231.09612 0.0043272039 87.979933 143.11618 8.2694295
 6.9136915 162.58841 0.0061504999 54.753126 107.83528 8.2717537
 6.9174082 116.10065 0.0086132159 34.154721 81.945933 8.2740791
 6.921125 85.521645 0.011692946 22.704828 62.816817 8.2764056
 6.9248417 66.803467 0.014969283 16.774645 50.028822 8.2787333
 6.9285584 55.16713 0.018126736 13.838683 41.328447 8.2810621
 6.9322752 47.833572 0.020905819 12.378155 35.455417 8.283392
 6.9359919 43.233921 0.023129986 11.586122 31.647799 8.285723
 6.9397087 40.225979 0.024859557 11.085659 29.14032 8.2880552
 6.9434254 38.141514 0.026218152 10.724609 27.416905 8.2903884
 6.9471421 36.702953 0.027245764 10.441491 26.261462 8.2927229
 6.9508589 35.630543 0.028065809 10.208844 25.421698 8.2950584
 6.9545756 34.817341 0.02872132 10.013502 24.803839 8.2973951
 6.9582924 34.20388 0.029236449 9.8476831 24.356197 8.2997329
 6.9620091 33.720413 0.029655627 9.7059502 24.014463 8.3020718
 6.9657259 33.306587 0.030024091 9.5836464 23.722941 8.3044118
 6.9694426 32.993298 0.030309186 9.4774774 23.51582 8.306753
 6.9731593 32.714977 0.030567039 9.3849707 23.330007 8.3090953
 6.9768761 32.499897 0.030769328 9.3038501 23.196047 8.3114388
 6.9805928 32.280029 0.030978906 9.2323267 23.047703 8.3137833
 6.9843096 32.039318 0.031211651 9.169025 22.870293 8.316129
 6.9880263 31.787765 0.031458644 9.1128613 22.674904 8.3184758
 6.991743 31.611769 0.031633788 9.0627438 22.549025 8.3208238
 6.9954598 31.473307 0.031772956 9.0178768 22.45543 8.3231728
 6.9991765 31.341518 0.031906559 8.9776415 22.363877 8.325523
 7.0028933 31.219467 0.032031296 8.941431 22.278036 8.3278744
 7.00661 31.114262 0.032139602 8.9087324 22.205529 8.3302268
 7.0103267 31.00441 0.032253476 8.8791419 22.125268 8.3325804
 7.0140435 30.895613 0.032367055 8.8523449 22.043268 8.3349351
 7.0177602 30.777651 0.032491109 8.8279828 21.949668 8.3372909
 7.021477 30.67218 0.032602834 8.8057944 21.866386 8.3396479
 7.0251937 30.578915 0.032702273 8.7855731 21.793342 8.342006
 7.0289105 30.500134 0.032786742 8.7671088 21.733025 8.3443652
 7.0326272 30.460625 0.032829268 8.7502118 21.710413 8.3467256
 7.0363439 30.397364 0.03289759 8.3916351 22.005729 8.349087
 7.0400607 30.341705 0.032957937 8.3939889 21.947716 8.3514496
 7.0437774 30.279495 0.03302565 8.3963439 21.883151 8.3538134
 7.0474942 30.218767 0.033092018 8.3987 21.820067 8.3561782
 7.0512109 30.129641 0.033189908 8.4010572 21.728583 8.3585442
 7.0549276 30.083817 0.033240463 8.4034155 21.680401 8.3609113
 7.0586444 30.039511 0.03328949 8.405775 21.633736 8.3632796
 7.0623611 30.029938 0.033300102 8.4081356 21.621802 8.3656489
 7.0660779 29.998564 0.033334929 8.4104973 21.588066 8.3680194
 7.0697946 29.984348 0.033350733 8.4128601 21.571488 8.370391
 7.0735114 29.954773 0.033383661 8.4152241 21.539549 8.3727638
 7.0772281 29.966902 0.03337015 8.4175892 21.549313 8.3751377
 7.0809448 29.987913 0.033346769 8.4199554 21.567958 8.3775127
 7.0846616 29.972775 0.033363611 8.4223227 21.550452 8.3798888
 7.0883783 29.940895 0.033399135 8.4246911 21.516204 8.3822661
 7.0920951 29.906387 0.033437673 8.4270607 21.479327 8.3846445
 7.0958118 29.912775 0.033430533 8.4294314 21.483344 8.387024
 7.0995285 29.931931 0.033409138 8.4318032 21.500127 8.3894046
 7.1032453 29.970547 0.033366091 8.4341762 21.536371 8.3917864
 7.106962 30.015348 0.033316288 8.4365502 21.578798 8.3941693
 7.1106788 30.03474 0.033294777 8.4389254 21.595815 8.3965533
 7.1143955 30.066294 0.033259836 8.4413017 21.624992 8.3989385
 7.1181122 30.099693 0.03322293 8.6988487 21.400845 8.4013247
 7.121829 30.183907 0.033130238 8.7147902 21.469116 8.4037121
 7.1255457 30.236584 0.033072519 8.7318326 21.504751 8.4061007
 7.1292625 30.29034 0.033013825 8.750106 21.540234 8.4084903
 7.1329792 30.364859 0.032932806 8.7697624 21.595096 8.4108811
 7.136696 30.437933 0.032853742 8.790944 21.646989 8.413273
 7.1404127 30.52146 0.032763833 8.8138331 21.707626 8.4156661
 7.1441294 30.562471 0.032719867 8.8386759 21.723795 8.4180603
 7.1478462 30.633627 0.032643866 8.8657002 21.767927 8.4204556
 7.1515629 30.703096 0.032570005 8.8951836 21.807913 8.422852
 7.1552797 30.804325 0.032462974 8.9274775 21.876848 8.4252495
 7.1589964 30.912685 0.032349179 8.9630165 21.949669 8.4276482
 7.1627131 31.03887 0.032217668 9.0022257 22.036644 8.430048
 7.1664299 31.163925 0.032088384 9.0456588 22.118266 8.432449
 7.1701466 31.297604 0.031951328 9.0940632 22.20354 8.434851
 7.1738634 31.467636 0.031778682 9.1482123 22.319424 8.4372542
 7.1775801 31.670197 0.031575428 9.2090505 22.461146 8.4396586
 7.1812969 31.912664 0.031335522 9.2777992 22.634865 8.442064
 7.1850136 32.198208 0.031057629 9.3560681 22.84214 8.4444706
 7.1887303 32.54652 0.030725251 9.4455506 23.10097 8.4468783
 7.1924471 32.950245 0.030348788 9.5485213 23.401724 8.4492871
 7.1961638 33.474873 0.029873153 9.6681501 23.806722 8.4516971
 7.1998806 34.184143 0.029253329 9.8082408 24.375902 8.4541082
 7.2035973 35.169933 0.028433378 9.9740628 25.19587 8.4565204
 7.207314 36.556763 0.02735472 10.17438 26.382382 8.4589337
 7.2110308 38.56279 0.025931734 10.427526 28.135264 8.4613482
 7.2147475 41.595203 0.024041234 10.773692 30.821511 8.4637638
 7.2184643 46.344635 0.021577471 11.312374 35.032261 8.4661805
 7.222181 53.927273 0.018543493 12.288862 41.638411 8.4685983
 7.2258977 66.168747 0.015112875 14.237441 51.931306 8.4710173
 7.2296145 85.942207 0.011635726 18.169033 67.773174 8.4734374
 7.2333312 116.93684 0.0085516252 25.775277 91.16156 8.4758587
 7.237048 163.50067 0.0061161828 39.567323 123.93335 8.478281
 7.2407647 230.53438 0.0043377478 62.017994 168.51638 8.4807045
 7.2444815 318.81015 0.003136663 94.737664 224.07249 8.4831291
 7.2481982 420.70645 0.0023769543 137.01125 283.6952 8.4855549
 7.2519149 523.55908 0.0019100041 184.16266 339.39642 8.4879817
 7.2556317 604.41455 0.0016544936 227.79795 376.6166 8.4904097
 7.2593484 643.33191 0.0015544076 257.55085 385.78106 8.4928389
 7.2630652 629.99188 0.001587322 264.0413 365.95058 8.4952691
 7.2667819 569.64838 0.0017554689 245.52206 324.12631 8.4977005
 7.2704986 478.64728 0.0020892211 207.90581 270.74147 8.500133
 7.2742154 375.17075 0.002665453 161.30469 213.86605 8.5025666
 7.2779321 279.38635 0.0035792729 115.7091 163.67725 8.5050014
 7.2816489 202.36633 0.0049415334 77.698898 124.66743 8.5074373
 7.2853656 145.24785 0.0068847836 49.925843 95.322005 8.5098743
 7.2890824 105.47565 0.0094808615 32.043986 73.431661 8.5123125
 7.2927991 78.633545 0.012717219 21.577699 57.055846 8.5147517
 7.2965158 61.73756 0.016197595 15.971837 45.765723 8.5171921
 7.3002326 51.256119 0.019509866 13.172197 38.083922 8.5196337
 7.3039493 44.65176 0.022395534 11.796646 32.855114 8.5220763
 7.3076661 40.593987 0.024634191 11.077916 29.51607 8.5245201
 7.3113828 37.974438 0.026333504 10.654133 27.320304 8.526965
 7.3150995 36.170811 0.027646602 10.366372 25.804439 8.5294111
 7.3188163 34.939743 0.028620703 10.146787 24.792956 8.5318582
 7.322533 34.074154 0.029347757 9.9690838 24.10507 8.5343065
 7.3262498 33.438881 0.029905307 9.8213111 23.61757 8.5367559
 7.3299665 32.944233 0.030354326 9.6966521 23.247581 8.5392065
 7.3336832 32.526733 0.030743942 9.590271 22.936462 8.5416582
 7.3374 32.19244 0.031063194 9.4988438 22.693596 8.544111
 7.3411167 31.945147 0.03130366 9.4199615 22.525185 8.5465649
 7.3448335 31.798338 0.031448185 9.3513601 22.446978 8.54902
 7.3485502 31.623825 0.031621728 9.2913737 22.332451 8.5514762
 7.352267 31.410465 0.031836523 9.2387219 22.171743 8.5539335
 7.3559837 31.185581 0.032066101 9.192346 21.993235 8.5563919
 7.3597004 31.011803 0.032245788 9.1512643 21.860538 8.5588515
 7.3634172 30.922422 0.032338993 9.1147474 21.807675 8.5613122
 7.3671339 30.842333 0.032422969 9.0822407 21.760092 8.563774
 7.3708507 30.760036 0.032509714 9.0531755 21.706861 8.566237
 7.3745674 30.65275 0.0326235 9.0271062 21.625644 8.568701
 7.3782841 30.540442 0.032743469 9.0036809 21.536761 8.5711662
 7.3820009 30.425892 0.032866744 8.982605 21.443287 8.5736326
 7.3857176 30.335291 0.032964906 8.9635737 21.371717 8.5761
 7.3894344 30.261486 0.033045304 8.9463595 21.315127 8.5785686
 7.3931511 30.174358 0.033140721 8.9307865 21.243572 8.5810383
 7.3968678 30.107626 0.033214176 8.9166647 21.190961 8.5835092
 7.4005846 30.054266 0.033273147 8.9038367 21.150429 8.5859812
 7.4043013 30.018137 0.033313193 8.8921768 21.12596 8.5884543
 7.4080181 29.98303 0.033352199 8.6325812 21.350449 8.5909285
 7.4117348 29.947559 0.033391703 8.6350474 21.312512 8.5934038
 7.4154516 29.907249 0.033436709 8.6375147 21.269735 8.5958803
 7.4191683 29.829161 0.033524242 8.6399832 21.189178 8.5983579
 7.422885 29.766382 0.033594946 8.6424527 21.123929 8.6008367
 7.4266018 29.73975 0.033625031 8.6449234 21.094826 8.6033165
 7.4303185 29.712984 0.03365532 8.6473953 21.065589 8.6057975
 7.4340353 29.681005 0.033691581 8.6498682 21.031137 8.6082796
 7.437752 29.632021 0.033747276 8.6523423 20.979679 8.6107629
 7.4414687 29.628576 0.0337512 8.6548175 20.973759 8.6132473
 7.4451855 29.629955 0.033749629 8.6572938 20.972661 8.6157328
 7.4489022 29.61245 0.03376958 8.6597713 20.952678 8.6182194
 7.452619 29.599783 0.033784032 8.6622498 20.937533 8.6207072
 7.4563357 29.572542 0.033815152 8.6647295 20.907813 8.623196
 7.4600525 29.584381 0.03380162 8.6672103 20.917171 8.6256861
 7.4637692 29.600105 0.033783664 8.6696923 20.930413 8.6281772
 7.4674859 29.623844 0.033756591 8.6721753 20.951669 8.6306695
 7.4712027 29.632006 0.033747294 8.6746595 20.957346 8.6331629
 7.4749194 29.624119 0.033756278 8.8410275 20.783091 8.6356574
 7.4786362 29.614445 0.033767305 8.8523361 20.762109 8.638153
 7.4823529 29.627113 0.033752866 8.8643705 20.762743 8.6406498
 7.4860696 29.681162 0.033691403 8.8772297 20.803932 8.6431477
 7.4897864 29.761709 0.033600221 8.8909918 20.870717 8.6456468
 7.4935031 29.826862 0.033526825 8.9057632 20.921099 8.6481469
 7.4972199 29.843357 0.033508295 8.9216789 20.921678 8.6506482
 7.5009366 29.843845 0.033507746 8.9388868 20.904959 8.6531506
 7.5046533 29.866032 0.033482855 8.9575402 20.908491 8.6556542
 7.5083701 29.919214 0.033423338 8.9778319 20.941382 8.6581588
 7.5120868 29.983341 0.033351853 9.0000296 20.983312 8.6606646
 7.5158036 30.054905 0.033272439 9.0243724 21.030533 8.6631716
 7.5195203 30.144402 0.033173656 9.0511758 21.093226 8.6656796
 7.5232371 30.224693 0.03308553 9.0808457 21.143848 8.6681888
 7.5269538 30.319067 0.032982545 9.1138619 21.205205 8.6706991
 7.5306705 30.418461 0.032874773 9.1507417 21.267719 8.6732105
 7.5343873 30.544306 0.032739326 9.1921529 21.352153 8.6757231
 7.538104 30.715845 0.032556487 9.2390296 21.476815 8.6782368
 7.5418208 30.931011 0.032330013 9.2923259 21.638685 8.6807516
 7.5455375 31.180338 0.032071493 9.3532991 21.827039 8.6832676
 7.5492542 31.460136 0.031786258 9.4236281 22.036508 8.6857846
 7.552971 31.857855 0.031389433 9.50551 22.352345 8.6883028
 7.5566877 32.401814 0.03086247 9.6016373 22.800176 8.6908222
 7.5604045 33.146027 0.030169529 9.7162084 23.429818 8.6933426
 7.5641212 34.224033 0.029219233 9.8573618 24.366672 8.6958642
 7.567838 35.84642 0.027896788 10.041829 25.804592 8.6983869
 7.5715547 38.349129 0.026076212 10.310265 28.038864 8.7009107
 7.5752714 42.252907 0.023667011 10.762835 31.490072 8.7034357
 7.5789882 48.51582 0.020611834 11.635365 36.880454 8.7059618
 7.5827049 58.723099 0.017029074 13.394338 45.328761 8.708489
 7.5864217 74.900963 0.013350963 16.872119 58.028844 8.7110174
 7.5901384 99.612953 0.010038855 23.408293 76.20466 8.7135468
 7.5938551 135.88939 0.0073589263 34.586349 101.30304 8.7160775
 7.5975719 185.07784 0.0054031321 51.768129 133.30971 8.7186092
 7.6012886 246.89842 0.0040502486 75.334577 171.56385 8.721142
 7.6050054 313.6702 0.0031880619 103.68484 209.98535 8.723676
 7.6087221 371.88712 0.002688988 132.65344 239.23368 8.7262111
 7.6124388 410.44476 0.0024363814 156.28702 254.15774 8.7287474
 7.6161556 419.85043 0.0023818006 168.0597 251.79073 8.7312848
 7.6198723 397.74789 0.0025141554 164.26195 233.48594 8.7338233
 7.6235891 348.76407 0.0028672678 146.25043 202.51364 8.7363629
 7.6273058 285.78711 0.0034991081 119.31041 166.4767 8.7389036
 7.6310226 223.01871 0.0044839288 89.976858 133.04185 8.7414455
 7.6347393 167.40099 0.0059736805 63.538744 103.86224 8.7439885
 7.638456 123.71074 0.0080833726 42.867649 80.84309 8.7465326
 7.6421728 91.993492 0.010870334 28.663621 63.329871 8.7490779
 7.6458895 70.187065 0.014247639 19.9099 50.277165 8.7516243
 7.6496063 55.929287 0.01787972 14.995654 40.933632 8.7541718
 7.653323 46.684952 0.021420178 12.452064 34.232887 8.7567205
 7.6570397 41.058414 0.024355544 11.205105 29.853309 8.7592702
 7.6607565 37.576706 0.026612232 10.576914 26.999792 8.7618211
 7.6644732 35.320881 0.028311865 10.232947 25.087933 8.7643732
 7.66819 33.886913 0.029509917 10.017102 23.869811 8.7669263
 7.6719067 32.924271 0.030372731 9.8615357 23.062735 8.7694806
 7.6756234 32.257233 0.031000799 9.7392158 22.518017 8.772036
 7.6793402 31.73241 0.031513522 9.6388803 22.09353 8.7745925
 7.6830569 31.340897 0.031907192 9.5550821 21.785814 8.7771502
 7.6867737 31.05092 0.032205164 9.4840301 21.56689 8.779709
 7.6904904 30.808735 0.032458327 9.4233226 21.385412 8.7822689
 7.6942072 30.580893 0.032700157 9.3712019 21.209691 8.78483
 7.6979239 30.396029 0.032899035 9.3261809 21.069848 8.7873921
 7.7016406 30.267467 0.033038773 9.2870409 20.980427 8.7899554
 7.7053574 30.153086 0.033164102 9.2528642 20.900221 8.7925199
 7.7090741 30.052595 0.033274997 9.2229758 20.829619 8.7950854
 7.7127909 29.95644 0.033381804 9.1966676 20.759772 8.7976521
 7.7165076 29.865665 0.033483265 9.1734381 20.692227 8.8002199
 7.7202243 29.764662 0.033596888 9.1528916 20.61177 8.8027889
 7.7239411 29.678074 0.033694909 9.134672 20.543402 8.8053589
 7.7276578 29.597906 0.033786174 9.1184586 20.479448 8.8079301
 7.7313746 29.525362 0.033869187 9.1040041 20.421358 8.8105024
 7.7350913 29.445341 0.03396123 9.0911238 20.354217 8.8130759
 7.7388081 29.373732 0.034044023 9.0796068 20.294125 8.8156505
 7.7425248 29.337591 0.034085961 9.0692973 20.268294 8.8182262
 7.7462415 29.295187 0.0341353 9.0600706 20.235116 8.820803
 7.7499583 29.240166 0.034199533 9.0518124 20.188353 8.823381
 7.753675 29.174898 0.034276041 9.0444099 20.130488 8.8259601
 7.7573918 29.104872 0.034358509 9.0377764 20.067095 8.8285403
 7.7611085 29.080021 0.034387871 9.0318469 20.048174 8.8311216
 7.7648252 29.070442 0.034399202 8.874462 20.19598 8.8337041
 7.768542 29.029358 0.034447886 8.8770361 20.152322 8.8362877
 7.7722587 28.955334 0.034535951 8.8796113 20.075722 8.8388724
 7.7759755 28.893734 0.03460958 8.8821877 20.011546 8.8414583
 7.7796922 28.882729 0.034622768 8.8847651 19.997963 8.8440452
 7.7834089 28.893669 0.034609658 8.8873437 20.006325 8.8466334
 7.7871257 28.870495 0.034637439 8.8899235 19.980571 8.8492226
 7.7908424 28.807999 0.034712581 8.8925043 19.915494 8.851813
 7.7945592 28.729389 0.034807562 8.8950863 19.834303 8.8544044
 7.7982759 28.694019 0.034850468 8.8976694 19.79635 8.8569971
 7.8019927 28.694063 0.034850415 8.9002536 19.79381 8.8595908
 7.8057094 28.686913 0.034859102 8.902839 19.784074 8.8621857
 7.8094261 28.698221 0.034845365 8.9054254 19.792796 8.8647817
 7.8131429 28.703148 0.034839384 8.9357941 19.767354 8.8673788
 7.8168596 28.719339 0.034819742 8.939868 19.779471 8.8699771
 7.8205764 28.694859 0.034849449 8.9440642 19.750794 8.8725764
 7.8242931 28.674786 0.034873844 8.9483967 19.726389 8.875177
 7.8280098 28.656136 0.034896541 8.952883 19.703253 8.8777786
 7.8317266 28.664951 0.034885808 8.9575386 19.707413 8.8803814
 7.8354433 28.656576 0.034896004 8.9623838 19.694192 8.8829853
 7.8391601 28.646904 0.034907786 8.9674453 19.679459 8.8855903
 7.8428768 28.631166 0.034926974 8.9727496 19.658417 8.8881964
 7.8465936 28.621508 0.03493876 8.9783271 19.643181 8.8908037
 7.8503103 28.630468 0.034927825 8.9842161 19.646252 8.8934121
 7.854027 28.633762 0.034923807 8.9904666 19.643296 8.8960216
 7.8577438 28.629263 0.034929296 8.9971254 19.632138 8.8986323
 7.8614605 28.62904 0.034929568 9.0042545 19.624785 8.9012441
 7.8651773 28.62818 0.034930618 9.0119362 19.616243 8.903857
 7.868894 28.65609 0.034896596 9.0202598 19.63583 8.906471
 7.8726107 28.66301 0.034888172 9.0293302 19.633679 8.9090862
 7.8763275 28.699984 0.034843225 9.0392825 19.660701 8.9117025
 7.8800442 28.713198 0.03482719 9.0503021 19.662896 8.9143199
 7.883761 28.739136 0.034795758 9.0625786 19.676557 8.9169385
 7.8874777 28.75272 0.034779318 9.0763697 19.67635 8.9195582
 7.8911944 28.811356 0.034708537 9.0920313 19.719324 8.922179
 7.8949112 28.915699 0.03458329 9.1100133 19.805686 8.9248009
 7.8986279 29.097469 0.03436725 9.1309464 19.966523 8.927424
 7.9023447 29.290226 0.034141082 9.1559367 20.134289 8.9300481
 7.9060614 29.510597 0.033886132 9.1874838 20.323113 8.9326735
 7.9097782 29.855326 0.033494862 9.2312005 20.624125 8.9352999
 7.9134949 30.401287 0.032893344 9.3008588 21.100428 8.9379275
 7.9172116 31.369381 0.031878219 9.4291823 21.940199 8.9405562
 7.9209284 32.976761 0.030324385 9.6855583 23.291203 8.943186
 7.9246451 35.450096 0.028208668 10.194871 25.255225 8.945817
 7.9283619 39.278633 0.025459134 11.154828 28.123806 8.948449
 7.9320786 44.975574 0.022234291 12.844818 32.130756 8.9510823
 7.9357953 52.745453 0.01895898 15.509795 37.235658 8.9537166
 7.9395121 62.792965 0.015925351 19.265908 43.527057 8.9563521
 7.9432288 74.022438 0.013509417 23.945085 50.077353 8.9589886
 7.9469456 84.474777 0.011837853 28.954058 55.520719 8.9616264
 7.9506623 92.343994 0.010829075 33.335594 59.0084 8.9642652
 7.9543791 95.303932 0.010492746 36.002515 59.301418 8.9669052
 7.9580958 93.018425 0.010750558 36.089997 56.928428 8.9695463
 7.9618125 85.869987 0.011645512 33.611059 52.258929 8.9721885
 7.9655293 75.783051 0.013195563 29.330644 46.452406 8.9748319
 7.969246 65.087769 0.01536387 24.334011 40.753757 8.9774764
 7.9729628 55.004826 0.018180223 19.614151 35.390674 8.980122
 7.9766795 46.931732 0.021307545 15.779425 31.152307 8.9827687
 7.9803962 40.961945 0.024412903 13.034697 27.927247 8.9854166
 7.984113 36.666111 0.027273141 11.295892 25.370219 8.9880656
 7.9878297 33.755867 0.02962448 10.293207 23.46266 8.9907157
 7.9915465 31.878719 0.031368889 9.7616346 22.117085 8.9933669
 7.9952632 30.763018 0.032506564 9.4975718 21.265446 8.9960193
 7.9989799 30.081991 0.03324248 9.3683813 20.71361 8.9986728
 8.0026967 29.634586 0.033744355 9.3008059 20.33378 9.0013275
 8.0064134 29.35293 0.034068149 9.2609955 20.091935 9.0039832
 8.0101302 29.133633 0.03432459 9.2341693 19.899463 9.0066401
 8.0138469 28.992937 0.034491159 9.2140359 19.778901 9.0092981
 8.0175637 28.901623 0.034600133 9.1980927 19.70353 9.0119573
 8.0212804 28.888679 0.034615636 9.1851828 19.703497 9.0146175
 8.0249971 28.864424 0.034644724 9.1746432 19.689781 9.0172789
 8.0287139 28.832476 0.034683113 9.1659803 19.666495 9.0199415
 8.0324306 28.789133 0.034735329 9.1588571 19.630276 9.0226051
 8.0361474 28.774523 0.034752966 9.1530263 19.621496 9.0252699
 8.0398641 28.759432 0.034771202 9.1482614 19.61117 9.0279358
 8.0435808 28.731832 0.034804602 9.1443891 19.587443 9.0306028
 8.0472976 28.703415 0.03483906 9.1412766 19.562138 9.033271
 8.0510143 28.679792 0.034867756 9.1388184 19.540974 9.0359403
 8.0547311 28.681107 0.034866158 9.1369115 19.544195 9.0386107
 8.0584478 28.69718 0.03484663 9.1354807 19.561699 9.0412822
 8.0621645 28.70295 0.034839625 9.1344681 19.568481 9.0439549
 8.0658813 28.69805 0.034845574 9.1338164 19.564233 9.0466287
 8.069598 28.704842 0.034837329 9.1334786 19.571363 9.0493036
 8.0733148 28.692797 0.034851953 9.1334177 19.559379 9.0519797
 8.0770315 28.669874 0.034879818 9.1336042 19.53627 9.0546569
 8.0807483 28.641813 0.034913991 9.1340059 19.507807 9.0573352
 8.084465 28.651213 0.034902537 9.134599 19.516614 9.0600146
 8.0881817 28.665363 0.034885307 9.1353649 19.529998 9.0626952
 8.0918985 28.671196 0.03487821 9.1362845 19.534911 9.0653769
 8.0956152 28.691639 0.034853359 9.137341 19.554298 9.0680597
 8.099332 28.714148 0.034826038 9.138521 19.575627 9.0707437
 8.1030487 28.754055 0.034777703 9.1133093 19.640746 9.0734287
 8.1067654 28.765581 0.034763768 9.1159857 19.649595 9.0761149
 8.1104822 28.775873 0.034751335 9.1186632 19.65721 9.0788023
 8.1141989 28.76664 0.034762489 9.1213419 19.645298 9.0814907
 8.1179157 28.770111 0.034758295 9.1240217 19.646089 9.0841803
 8.1216324 28.766928 0.034762141 9.1267026 19.640225 9.086871
 8.1253492 28.756861 0.03477431 9.1293846 19.627476 9.0895629
 8.1290659 28.786634 0.034738344 9.1320678 19.654567 9.0922558
 8.1327826 28.838785 0.034675524 9.1347521 19.704033 9.0949499
 8.1364994 28.872925 0.034634524 9.2377021 19.635223 9.0976452
 8.1402161 28.888229 0.034616175 9.2456687 19.642561 9.1003415
 8.1439329 28.904728 0.034596416 9.2540655 19.650662 9.103039
 8.1476496 28.962696 0.034527172 9.2629347 19.699761 9.1057376
 8.1513663 29.00239 0.034479917 9.2723291 19.730061 9.1084373
 8.1550831 29.031197 0.034445704 9.282322 19.748875 9.1111382
 8.1587998 29.048887 0.034424727 9.2929733 19.755914 9.1138402
 8.1625166 29.076555 0.034391969 9.3043629 19.772192 9.1165433
 8.1662333 29.126043 0.034333534 9.3165918 19.809452 9.1192475
 8.16995 29.165606 0.034286962 9.3297741 19.835831 9.1219529
 8.1736668 29.203833 0.034242081 9.3440269 19.859806 9.1246594
 8.1773835 29.225029 0.034217246 9.3594986 19.86553 9.127367
 8.1811003 29.274103 0.034159885 9.3763938 19.897709 9.1300758
 8.184817 29.326319 0.034099063 9.3949028 19.931416 9.1327857
 8.1885338 29.415735 0.033995411 9.4152719 20.000463 9.1354967
 8.1922505 29.501194 0.033896933 9.4378184 20.063376 9.1382088
 8.1959672 29.577377 0.033809624 9.4629286 20.114449 9.1409221
 8.199684 29.674477 0.033698994 9.4910169 20.18346 9.1436365
 8.2034007 29.795389 0.03356224 9.5226243 20.272765 9.146352
 8.2071175 29.947531 0.033391735 9.558506 20.389025 9.1490686
 8.2108342 30.108276 0.033213459 9.5994639 20.508812 9.1517864
 8.2145509 30.302412 0.033000673 9.6465501 20.655862 9.1545053
 8.2182677 30.54405 0.0327396 9.701205 20.842845 9.1572253
 8.2219844 30.897219 0.032365373 9.7654726 21.131746 9.1599465
 8.2257012 31.421736 0.031825104 9.8422746 21.579461 9.1626688
 8.2294179 32.13908 0.031114767 9.937307 22.201773 9.1653922
 8.2331347 33.254971 0.030070693 10.064204 23.190766 9.1681167
 8.2368514 35.010963 0.028562482 10.255348 24.755615 9.1708424
 8.2405681 37.70863 0.026519129 10.587423 27.121206 9.1735692
 8.2442849 42.081203 0.023763579 11.231415 30.849788 9.1762971
 8.2480016 49.172298 0.020336654 12.538725 36.633573 9.1790262
 8.2517184 59.978191 0.016672727 15.090097 44.888094 9.1817563
 8.2554351 76.463837 0.013078078 19.732641 56.731195 9.1844876
 8.2591518 100.28271 0.0099718082 27.514088 72.768627 9.1872201
 8.2628686 131.78677 0.0075880149 39.196376 92.590398 9.1899536
 8.2665853 169.98683 0.0058828086 54.755358 115.23147 9.1926883
 8.2703021 209.30827 0.004777642 72.914167 136.39411 9.1954241
 8.2740188 243.12158 0.0041131684 90.833186 152.2884 9.1981611
 8.2777355 263.99207 0.0037879926 104.61497 159.3771 9.2008992
 8.2814523 266.79645 0.0037481758 110.51113 156.28532 9.2036383
 8.285169 251.9837 0.0039685106 106.50377 145.47993 9.2063787
 8.2888858 222.24672 0.004499504 93.975288 128.27143 9.2091201
 8.2926025 184.92462 0.0054076087 76.548333 108.37629 9.2118627
 8.2963193 147.40482 0.0067840389 58.16401 89.240806 9.2146064
 8.300036 114.09008 0.0087650039 41.962676 72.127404 9.2173512
 8.3037527 87.920021 0.011373974 29.508601 58.41142 9.2200972
 8.3074695 68.702087 0.014555598 21.010556 47.691532 9.2228443
 8.3111862 55.284508 0.01808825 15.836787 39.44772 9.2255925
 8.314903 46.166569 0.021660696 12.963916 33.202653 9.2283419
 8.3186197 40.316032 0.024804028 11.47601 28.840022 9.2310923
 8.3223364 36.729824 0.027225831 10.738483 25.991341 9.2338439
 8.3260532 34.509293 0.028977702 10.370161 24.139131 9.2365967
 8.3297699 33.087723 0.03022269 10.165391 22.922332 9.2393505
 8.3334867 32.160366 0.031094173 10.034827 22.12554 9.2421055
 8.3372034 31.5585 0.031687184 9.9403994 21.618101 9.2448616
 8.3409202 31.1581 0.032094383 9.866142 21.291958 9.2476188
 8.3446369 30.868198 0.032395801 9.8052098 21.062989 9.2503772
 8.3483536 30.628412 0.032649423 9.7542501 20.874162 9.2531367
 8.3520704 30.467468 0.032821894 9.7113076 20.756161 9.2558973
 8.3557871 30.331846 0.032968649 9.674725 20.657121 9.2586591
 8.3595039 30.245079 0.03306323 9.643387 20.601692 9.2614219
 8.3632206 30.177662 0.033137093 9.6164494 20.561213 9.264186
 8.3669373 30.140617 0.033177821 9.5931924 20.547425 9.2669511
 8.3706541 30.082596 0.033241812 9.5730072 20.509589 9.2697173
 8.3743708 29.996523 0.033337197 9.555435 20.441088 9.2724847
 8.3780876 29.944254 0.033395389 9.5401354 20.404118 9.2752532
 8.3818043 29.917376 0.033425392 9.5267503 20.390625 9.2780229
 8.385521 29.908138 0.033435715 9.5150198 20.393118 9.2807936
 8.3892378 29.866371 0.033482474 9.5047389 20.361632 9.2835655
 8.3929545 29.836893 0.033515554 9.4957247 20.341168 9.2863386
 8.3966713 29.812859 0.033542573 9.4878072 20.325051 9.2891127
 8.400388 29.805748 0.033550576 9.4808559 20.324892 9.291888
 8.4041048 29.793945 0.033563866 9.4747728 20.319172 9.2946644
 8.4078215 29.750547 0.033612827 9.4694464 20.281101 9.2974419
 8.4115382 29.707266 0.033661799 9.4647922 20.242474 9.3002206
 8.415255 29.702461 0.033667244 9.4607427 20.241719 9.3030004
 8.4189717 29.732449 0.033633288 9.4572371 20.275212 9.3057813
 8.4226885 29.741989 0.033622499 9.4542133 20.287776 9.3085633
 8.4264052 29.746599 0.033617288 9.451624 20.294975 9.3113465
 8.4301219 29.744202 0.033619998 9.3531384 20.391063 9.3141308
 8.4338387 29.757397 0.03360509 9.3559138 20.401483 9.3169162
 8.4375554 29.786901 0.033571803 9.3586903 20.428211 9.3197028
 8.4412722 29.837658 0.033514695 9.3614679 20.47619 9.3224905
 8.4449889 29.86035 0.033489226 9.3642467 20.496103 9.3252793
 8.4487056 29.901772 0.033442835 9.3670265 20.534745 9.3280692
 8.4524224 29.936298 0.033404264 9.577525 20.358773 9.3308603
 8.4561391 29.986479 0.033348364 9.591461 20.395018 9.3336525
 8.4598559 30.032425 0.033297345 9.6063171 20.426108 9.3364458
 8.4635726 30.096115 0.03322688 9.6221909 20.473924 9.3392402
 8.4672894 30.163256 0.03315292 9.6392046 20.524051 9.3420358
 8.4710061 30.195961 0.033117012 9.6575093 20.538452 9.3448325
 8.4747228 30.233398 0.033076004 9.6772413 20.556157 9.3476303
 8.4784396 30.277822 0.033027474 9.6985787 20.579244 9.3504293
 8.4821563 30.325075 0.032976011 9.7217578 20.603317 9.3532294
 8.4858731 30.390373 0.032905157 9.747012 20.643361 9.3560306
 8.4895898 30.478436 0.032810083 9.7746141 20.703821 9.3588329
 8.4933065 30.574795 0.032706679 9.804909 20.769886 9.3616364
 8.4970233 30.696205 0.032577317 9.8383446 20.857861 9.364441
 8.50074 30.85215 0.032412652 9.87535 20.9768 9.3672467
 8.5044568 31.006628 0.032251169 9.9164922 21.090136 9.3700536
 8.5081735 31.151966 0.032100703 9.962529 21.189437 9.3728615
 8.5118903 31.303236 0.031945579 10.01429 21.288946 9.3756706
 8.515607 31.524872 0.031720985 10.072763 21.452109 9.3784809
 8.5193237 31.768965 0.031477261 10.139228 21.629737 9.3812922
 8.5230405 32.071995 0.03117985 10.21545 21.856544 9.3841047
 8.5267572 32.430416 0.03083525 10.303281 22.127135 9.3869183
 8.530474 32.937572 0.030360465 10.405288 22.532284 9.3897331
 8.5341907 33.61388 0.029749615 10.525207 23.088673 9.3925489
 8.5379074 34.558403 0.028936522 10.668426 23.889977 9.3953659
 8.5416242 35.893196 0.027860433 10.844464 25.048733 9.3981841
 8.5453409 37.90733 0.026380123 11.074319 26.83301 9.4010033
 8.5490577 41.013065 0.024382474 11.412112 29.600953 9.4038237
 8.5527744 45.93663 0.02176912 11.982738 33.953892 9.4066452
 8.5564911 53.852356 0.01856929 13.066801 40.785555 9.4094678
 8.5602079 66.562775 0.015023412 15.250143 51.312632 9.4122916
 8.5639246 86.481842 0.011563121 19.582885 66.898957 9.4151165
 8.5676414 116.81479 0.0085605599 27.612688 89.202101 9.4179425
 8.5713581 160.83722 0.0062174664 41.261428 119.57579 9.4207697
 8.5750749 220.13652 0.0045426356 62.431022 157.7055 9.4235979
 8.5787916 294.63861 0.0033939883 91.467761 203.17085 9.4264273
 8.5825083 375.19699 0.0026652666 126.53287 248.66412 9.4292579
 8.5862251 447.59872 0.002234144 162.87942 284.71931 9.4320895
 8.5899418 498.73831 0.0020050595 193.11427 305.62404 9.4349223
 8.5936586 516.33051 0.001936744 209.49146 306.83905 9.4377562
 8.5973753 496.84778 0.0020126889 206.9986 289.84918 9.4405912
 8.601092 444.47226 0.0022498592 186.12416 258.3481 9.4434274
 8.6048088 372.06055 0.0026877346 153.44157 218.61898 9.4462647
 8.6085255 295.1452 0.0033881628 116.82705 178.31815 9.4491031
 8.6122423 224.01486 0.0044639895 82.997572 141.01729 9.4519427
 8.615959 166.31808 0.0060125753 56.056655 110.26143 9.4547833
 8.6196758 122.86905 0.0081387461 37.037293 85.831756 9.4576251
 8.6233925 91.789299 0.010894516 25.010456 66.778843 9.4604681
 8.6271092 70.579132 0.014168494 18.184085 52.395048 9.4633121
 8.630826 56.417057 0.017725136 14.57422 41.842837 9.4661573
 8.6345427 47.630577 0.020994917 12.761494 34.869083 9.4690036
 8.6382595 42.149643 0.023724993 11.859268 30.290374 9.4718511
 8.6419762 38.665527 0.025862831 11.378249 27.287279 9.4746996
 8.6456929 36.4645 0.027423933 11.083184 25.381317 9.4775493
 8.6494097 35.013771 0.028560191 10.875826 24.137945 9.4804002
 8.6531264 33.969738 0.029437966 10.715812 23.253926 9.4832521
 8.6568432 33.238621 0.030085484 10.585294 22.653326 9.4861052
 8.6605599 32.693729 0.030586905 10.476147 22.217582 9.4889594
 8.6642766 32.280781 0.030978185 10.383776 21.897005 9.4918147
 8.6679934 31.922047 0.031326312 10.30502 21.617027 9.4946712
 8.6717101 31.653141 0.031592441 10.237256 21.415885 9.4975288
 8.6754269 31.452875 0.031793596 10.178622 21.274254 9.5003875
 8.6791436 31.284477 0.031964734 10.127727 21.15675 9.5032473
 8.6828604 31.11091 0.032143065 10.083271 21.02764 9.5061083
 8.6865771 30.954596 0.032305381 10.04425 20.910346 9.5089704
 8.6902938 30.807344 0.032459792 10.00989 20.797455 9.5118336
 8.6940106 30.693399 0.032580295 9.979569 20.71383 9.514698
 8.6977273 30.607521 0.032671708 9.9526746 20.654846 9.5175635
 8.7014441 30.536776 0.0327474 9.9287561 20.608019 9.5204301
 8.7051608 30.436829 0.032854934 9.9074658 20.529363 9.5232978
 8.7088775 30.350075 0.032948848 9.8884544 20.46162 9.5261667
 8.7125943 30.273598 0.033032083 9.8714345 20.402163 9.5290367
 8.716311 30.189947 0.033123609 9.8561791 20.333768 9.5319078
 8.7200278 30.096634 0.033226307 9.8425061 20.254128 9.53478
 8.7237445 30.014704 0.033317004 9.8302144 20.184489 9.5376534
 8.7274613 29.93788 0.033402499 9.8191561 20.118723 9.5405279
 8.731178 29.86569 0.033483238 9.8092149 20.056475 9.5434035
 8.7348947 29.80271 0.033553996 9.8002696 20.00244 9.5462803
 8.7386115 29.745293 0.033618765 9.7922138 19.953079 9.5491582
 8.7423282 29.698357 0.033671897 9.5901912 20.108165 9.5520372
 8.746045 29.637123 0.033741467 9.5930611 20.044062 9.5549173
 8.7497617 29.576002 0.033811196 9.5959321 19.98007 9.5577986
 8.7534784 29.503422 0.033894374 9.5988042 19.904618 9.560681
 8.7571952 29.437172 0.033970655 9.6016775 19.835494 9.5635645
 8.7609119 29.3876 0.034027957 9.6045518 19.783048 9.5664491
 8.7646287 29.365488 0.03405358 9.6074273 19.758061 9.5693349
 8.7683454 29.333038 0.034091252 9.6103039 19.722734 9.5722218
 8.7720621 29.313122 0.034114415 9.6131817 19.69994 9.5751099
 8.7757789 29.277491 0.034155933 9.6160606 19.66143 9.577999
 8.7794956 29.251497 0.034186284 9.6189405 19.632557 9.5808893
 8.7832124 29.235279 0.034205249 9.6218217 19.613457 9.5837807
 8.7869291 29.258507 0.034178094 9.6247039 19.633803 9.5866733
 8.7906459 29.265854 0.034169514 9.6275873 19.638267 9.5895669
 8.7943626 29.238453 0.034201536 9.6304718 19.607981 9.5924617
 8.7980793 29.181326 0.034268491 9.6333574 19.547969 9.5953576
 8.8017961 29.135694 0.034322161 9.6362441 19.49945 9.5982547
 8.8055128 29.09483 0.034370368 9.639132 19.455698 9.6011529
 8.8092296 29.059923 0.034411653 9.642021 19.417902 9.6040522
 8.8129463 29.049913 0.034423511 9.6449111 19.405002 9.6069526
 8.816663 29.035511 0.034440586 9.6478023 19.387709 9.6098542
 8.8203798 29.028326 0.03444911 9.6506947 19.377631 9.6127569
 8.8240965 29.010845 0.034469868 9.6535882 19.357257 9.6156607
 8.8278133 29.003422 0.03447869 9.6564828 19.346939 9.6185656
 8.83153 28.986628 0.034498667 9.6593786 19.327249 9.6214717
 8.8352467 28.97805 0.034508878 9.6622754 19.315775 9.6243789
 8.8389635 28.962986 0.034526827 9.6651734 19.297813 9.6272872
 8.8426802 28.950195 0.034542081 9.6680726 19.282123 9.6301967
 8.846397 28.925358 0.034571742 9.6709728 19.254385 9.6331073
 8.8501137 28.913422 0.034586014 9.6738742 19.239547 9.636019
 8.8538305 28.906023 0.034594866 9.6767767 19.229246 9.6389318
 8.8575472 28.90716 0.034593506 9.6796803 19.22748 9.6418458
 8.8612639 28.884729 0.034620369 9.682585 19.202144 9.6447609
 8.8649807 28.864643 0.034644461 9.6854909 19.179152 9.6476771
 8.8686974 28.856915 0.03465374 9.6883979 19.168517 9.6505944
 8.8724142 28.858551 0.034651774 9.691306 19.167245 9.6535129
 8.8761309 28.85747 0.034653073 9.6942153 19.163254 9.6564325
 8.8798476 28.834923 0.034680169 9.6971256 19.137797 9.6593532
 8.8835644 28.828537 0.034687851 9.7000371 19.1285 9.6622751
 8.8872811 28.83367 0.034681676 9.7029497 19.13072 9.6651981
 8.8909979 28.843668 0.034669654 9.7058635 19.137804 9.6681222
 8.8947146 28.862877 0.034646581 9.7087784 19.154099 9.6710474
 8.8984314 28.84322 0.034670193 9.7116944 19.131525 9.6739738
 8.9021481 28.807724 0.034712912 9.7146115 19.093113 9.6769013
 8.9058648 28.762909 0.034766998 9.7175297 19.045379 9.6798299
 8.9095816 28.784279 0.034741186 9.7204491 19.06383 9.6827597
 8.9132983 28.81432 0.034704967 9.7233696 19.09095 9.6856905
 8.9170151 28.829386 0.03468683 9.7262912 19.103095 9.6886226
 8.9207318 28.800116 0.034722083 9.729214 19.070902 9.6915557
 8.9244485 28.784229 0.034741246 9.7321378 19.052091 9.6944899
 8.9281653 28.779167 0.034747357 9.7350628 19.044104 9.6974253
 8.931882 28.769123 0.034759488 9.737989 19.031134 9.7003618
 8.9355988 28.739246 0.034795624 9.7409162 18.99833 9.7032995
 8.9393155 28.746296 0.034787091 9.7438446 19.002451 9.7062383
 8.9430322 28.76902 0.034759613 9.7467741 19.022246 9.7091782
 8.946749 28.794348 0.034729038 9.7497047 19.044643 9.7121192
 8.9504657 28.795515 0.03472763 9.7526364 19.042879 9.7150613
 8.9541825 28.804222 0.034717133 9.7555693 19.048653 9.7180046
 8.9578992 28.8286 0.034687775 9.7585033 19.070097 9.720949
 8.961616 28.835896 0.034678999 9.7614384 19.074457 9.7238946
 8.9653327 28.842476 0.034671087 9.7643747 19.078101 9.7268412
 8.9690494 28.843493 0.034669865 9.7673121 19.07618 9.729789
 8.9727662 28.85281 0.034658669 9.7702506 19.082559 9.7327379
 8.9764829 28.842806 0.034670691 9.7731902 19.069616 9.735688
 8.9801997 28.831804 0.03468392 9.7761309 19.055673 9.7386391
 8.9839164 28.829155 0.034687108 9.7790728 19.050082 9.7415915
 8.9876331 28.829781 0.034686355 9.7820158 19.047765 9.7445449
 8.9913499 28.827585 0.034688996 9.78496 19.042625 9.7474994
 8.9950666 28.808275 0.034712248 9.7879052 19.02037 9.7504551
 8.9987834 28.826269 0.03469058 9.7908516 19.035418 9.7534119
 9.0025001 28.850698 0.034661206 9.7937991 19.056899 9.7563699
 9.0062169 28.892105 0.034611531 9.7967477 19.095357 9.7593289
 9.0099336 28.909418 0.034590803 9.7996975 19.109721 9.7622891
 9.0136503 28.921196 0.034576717 9.8026483 19.118548 9.7652504
 9.0173671 28.909603 0.034590582 9.8056003 19.104003 9.7682129
 9.0210838 28.926725 0.034570107 9.8085535 19.118172 9.7711765
 9.0248006 28.921354 0.034576527 9.8115077 19.109847 9.7741412
 9.0285173 28.907412 0.034593204 9.8144631 19.092948 9.777107
 9.032234 28.891693 0.034612025 9.8174196 19.074274 9.780074
 9.0359508 28.885067 0.034619965 9.8203772 19.06469 9.7830421
 9.0396675 28.908979 0.034591328 9.823336 19.085643 9.7860113
 9.0433843 28.915422 0.034583621 9.8576835 19.057739 9.7889816
 9.047101 28.935518 0.034559602 9.8622864 19.073232 9.7919531
 9.0508177 28.919327 0.034578952 9.8670217 19.052305 9.7949257
 9.0545345 28.937038 0.034557787 9.8719033 19.065135 9.7978994
 9.0582512 28.965641 0.034523662 9.8769488 19.088692 9.8008742
 9.061968 29.004435 0.034477486 9.8821782 19.122256 9.8038502
 9.0656847 29.028727 0.034448635 9.8876105 19.141116 9.8068273
 9.0694015 29.038836 0.034436643 9.8932703 19.145565 9.8098056
 9.0731182 29.063894 0.034406951 9.8991907 19.164704 9.8127849
 9.0768349 29.072762 0.034396457 9.9054019 19.16736 9.8157654
 9.0805517 29.104155 0.034359356 9.9119416 19.192213 9.818747
 9.0842684 29.119781 0.034340917 9.9188573 19.200924 9.8217298
 9.0879852 29.121866 0.034338459 9.926207 19.195659 9.8247136
 9.0917019 29.134024 0.034324129 9.9340487 19.199975 9.8276986
 9.0954186 29.149881 0.034305457 9.9424574 19.207424 9.8306848
 9.0991354 29.172203 0.034279207 9.9515351 19.220668 9.833672
 9.1028521 29.222151 0.034220616 9.961386 19.260765 9.8366604
 9.1065689 29.270655 0.03416391 9.9721396 19.298515 9.8396499
 9.1102856 29.336136 0.034087652 9.983964 19.352172 9.8426406
 9.1140023 29.377726 0.034039395 9.997078 19.380648 9.8456323
 9.1177191 29.446337 0.033960082 10.011716 19.434621 9.8486252
 9.1214358 29.495073 0.033903967 10.028193 19.46688 9.8516192
 9.1251526 29.567291 0.033821157 10.046958 19.520333 9.8546144
 9.1288693 29.67786 0.033695152 10.068566 19.609294 9.8576107
 9.1325861 29.852627 0.03349789 10.093868 19.758759 9.8606081
 9.1363028 30.081005 0.03324357 10.124475 19.95653 9.8636066
 9.1400195 30.40406 0.032890344 10.164129 20.239932 9.8666062
 9.1437363 30.945505 0.032314871 10.221454 20.724051 9.869607
 9.147453 31.783159 0.031463203 10.317043 21.466117 9.8726089
 9.1511698 33.110065 0.030202296 10.498506 22.61156 9.875612
 9.1548865 35.19862 0.028410205 10.860545 24.338075 9.8786161
 9.1586032 38.468178 0.025995513 11.566222 26.901955 9.8816214
 9.16232 43.40099 0.023040949 12.861956 30.539034 9.8846279
 9.1660367 50.441513 0.019824941 15.067711 35.373802 9.8876354
 9.1697535 59.892776 0.016696504 18.431997 41.46078 9.8906441
 9.1734702 71.638512 0.013958972 23.019816 48.618696 9.8936539
 9.177187 84.051414 0.01189748 28.544585 55.506829 9.8966648
 9.1809037 95.411797 0.010480884 34.235277 61.176519 9.8996769
 9.1846204 103.75815 0.0096377973 38.966968 64.791181 9.9026901
 9.1883372 106.71353 0.0093708828 41.538873 65.174659 9.9057044
 9.1920539 103.98152 0.0096170933 41.110081 62.871441 9.9087198
 9.1957707 96.204979 0.010394472 37.874577 58.330402 9.9117364
 9.1994874 85.470772 0.011699906 32.774943 52.695829 9.9147541
 9.2032041 73.45314 0.013614122 27.03205 46.421091 9.9177729
 9.2069209 62.003086 0.016128229 21.713008 40.290078 9.9207929
 9.2106376 52.67593 0.018984003 17.441432 35.234498 9.923814
 9.2143544 45.575424 0.02194165 14.405369 31.170055 9.9268362
 9.2180711 40.268726 0.024833167 12.490351 27.778375 9.9298595
 9.2217878 36.557243 0.02735436 11.383649 25.173594 9.932884
 9.2255046 34.096573 0.029328461 10.794964 23.301609 9.9359096
 9.2292213 32.550671 0.030721333 10.501195 22.049476 9.9389363
 9.2329381 31.569803 0.031675839 10.35592 21.213883 9.9419641
 9.2366548 30.976973 0.032282044 10.279409 20.697564 9.9449931
 9.2403716 30.588312 0.032692226 10.234137 20.354176 9.9480232
 9.2440883 30.326252 0.032974731 10.203594 20.122658 9.9510544
 9.247805 30.1558 0.033161117 10.180625 19.975175 9.9540868
 9.2515218 30.050322 0.033277514 10.162416 19.887906 9.9571203
 9.2552385 29.959595 0.033378289 10.147655 19.81194 9.9601549
 9.2589553 29.889595 0.033456459 10.135572 19.754023 9.9631906
 9.262672 29.857046 0.033492931 10.125621 19.731425 9.9662275
 9.2663887 29.85775 0.033492142 10.117422 19.740328 9.9692655
 9.2701055 29.860197 0.033489397 10.110697 19.7495 9.9723046
 9.2738222 29.835342 0.033517296 10.105185 19.730157 9.9753448
 9.277539 29.815586 0.033539505 10.100692 19.714894 9.9783862
 9.2812557 29.811775 0.033543792 10.097071 19.714704 9.9814287
 9.2849725 29.842009 0.033509809 10.094196 19.747812 9.9844723
 9.2886892 29.872322 0.033475804 10.091954 19.780368 9.9875171
 9.2924059 29.879417 0.033467855 10.090258 19.78916 9.990563
 9.2961227 29.88376 0.033462991 10.089043 19.794717 9.99361
 9.2998394 29.905848 0.033438277 10.088242 19.817605 9.9966581
 9.3035562 29.941637 0.033398307 10.087802 19.853835 9.9997074
 9.3072729 29.979404 0.033356233 10.087682 19.891722 10.002758
 9.3109896 29.96562 0.033371577 10.087846 19.877774 10.005809
 9.3147064 29.965691 0.033371499 10.088258 19.877433 10.008862
 9.3184231 29.990772 0.03334359 10.088891 19.901882 10.011916
 9.3221399 30.057331 0.033269754 10.089723 19.967608 10.014971
 9.3258566 30.081198 0.033243357 10.090733 19.990465 10.018027
 9.3295733 30.079063 0.033245716 10.24323 19.835833 10.021084
 9.3332901 30.06365 0.033262761 10.252603 19.811047 10.024142
 9.3370068 30.09963 0.033222999 10.231803 19.867827 10.027202
 9.3407236 30.183479 0.033130707 10.244312 19.939168 10.030262
 9.3444403 30.254469 0.033052968 10.257634 19.996835 10.033324
 9.3481571 30.307835 0.032994769 10.271879 20.035956 10.036387
 9.3518738 30.339848 0.032959955 10.287152 20.052695 10.039451
 9.3555905 30.392811 0.032902518 10.303574 20.089237 10.042516
 9.3593073 30.44503 0.032846083 10.321296 20.123734 10.045582
 9.363024 30.520189 0.032765197 10.340514 20.179676 10.048649
 9.3667408 30.591825 0.032688471 10.361406 20.23042 10.051717
 9.3704575 30.661592 0.032614092 10.384208 20.277384 10.054787
 9.3741742 30.734108 0.032537141 10.409233 20.324875 10.057858
 9.377891 30.852837 0.032411931 10.43681 20.416027 10.06093
 9.3816077 30.983383 0.032275365 10.467321 20.516063 10.064003
 9.3853245 31.065804 0.032189736 10.501254 20.564549 10.067077
 9.3890412 31.173132 0.032078907 10.53927 20.633862 10.070152
 9.392758 31.3437 0.031904338 10.582023 20.761678 10.073228
 9.3964747 31.57259 0.031673043 10.630388 20.942202 10.076306
 9.4001914 31.802036 0.031444527 10.685552 21.116485 10.079384
 9.4039082 32.060955 0.031190587 10.748908 21.312047 10.082464
 9.4076249 32.419201 0.030845918 10.822171 21.59703 10.085545
 9.4113417 32.898499 0.030396524 10.907729 21.990769 10.088627
 9.4150584 33.578243 0.029781189 11.009496 22.568747 10.09171
 9.4187751 34.540489 0.02895153 11.133593 23.406896 10.094794
 9.4224919 35.943821 0.027821194 11.293513 24.650308 10.097879
 9.4262086 38.06316 0.026272122 11.522429 26.540731 10.100966
 9.4299254 41.449856 0.024125536 11.900843 29.549013 10.104053
 9.4336421 46.866627 0.021337145 12.606937 34.25969 10.107142
 9.4373588 55.501457 0.018017545 14.003541 41.497916 10.110232
 9.4410756 69.090004 0.014473874 16.793732 52.296272 10.113323
 9.4447923 89.621567 0.011158029 22.009828 67.611739 10.116415
 9.4485091 119.40183 0.0083750814 30.989542 88.412283 10.119508
 9.4522258 160.50565 0.0062303104 45.088807 115.41684 10.122603
 9.4559426 211.45279 0.004729188 64.932076 146.52071 10.125698
 9.4596593 268.7951 0.0037203058 89.550469 179.24464 10.128795
 9.463376 324.65652 0.0030801784 116.06143 208.59509 10.131893
 9.4670928 366.59973 0.0027277707 139.56604 227.03369 10.134991
 9.4708095 387.06668 0.0025835342 154.42041 232.64627 10.138091
 9.4745263 382.5329 0.0026141542 156.34809 226.18481 10.141193
 9.478243 354.92316 0.0028175113 144.61856 210.30459 10.144295
 9.4819597 309.05396 0.003235681 122.80789 186.24607 10.147398
 9.4856765 253.54958 0.0039440019 96.586585 156.96299 10.150503
 9.4893932 200.14476 0.0049963836 71.0695 129.07526 10.153608
 9.49311 154.06685 0.006490689 49.839731 104.22712 10.156715
 9.4968267 117.09933 0.0085397587 34.250093 82.849234 10.159823
 9.5005434 89.505905 0.011172447 23.999149 65.506756 10.162932
 9.5042602 69.88327 0.014309576 17.927434 51.955837 10.166042
 9.5079769 56.488819 0.017702618 14.640346 41.848473 10.169154
 9.5116937 47.622372 0.020998534 12.954667 34.667705 10.172266
 9.5154104 41.999142 0.02381001 12.112801 29.88634 10.17538
 9.5191272 38.561493 0.025932606 11.67981 26.881683 10.178494
 9.5228439 36.37867 0.027488636 11.42839 24.95028 10.18161
 9.5265606 34.981571 0.02858648 11.26037 23.721201 10.184727
 9.5302774 34.055382 0.029363935 11.134707 22.920675 10.187845
 9.5339941 33.403755 0.029936754 11.034232 22.369524 10.190964
 9.5377109 32.906612 0.030389029 10.950925 21.955687 10.194084
 9.5414276 32.508839 0.030760865 10.880748 21.62809 10.197206
 9.5451443 32.224854 0.031031949 10.821204 21.403649 10.200328
 9.5488611 32.025848 0.031224778 10.770235 21.255613 10.203452
 9.5525778 31.880829 0.031366813 10.726326 21.154503 10.206577
 9.5562946 31.729681 0.031516232 10.688338 21.041343 10.209703
 9.5600113 31.591818 0.031653766 10.655375 20.936443 10.21283
 9.5637281 31.493288 0.031752798 10.626593 20.866695 10.215958
 9.5674448 31.430269 0.031816463 10.601378 20.828891 10.219087
 9.5711615 31.36578 0.031881879 10.579262 20.786518 10.222218
 9.5748783 31.289127 0.031959984 10.559791 20.729336 10.225349
 9.578595 31.223242 0.032027424 10.542597 20.680644 10.228482
 9.5823118 31.178446 0.03207344 10.527394 20.651051 10.231616
 9.5860285 31.14814 0.032104646 10.513953 20.634187 10.234751
 9.5897452 31.106421 0.032147704 10.502032 20.604389 10.237887
 9.593462 31.089043 0.032165674 10.491451 20.597591 10.241024
 9.5971787 31.074757 0.032180461 10.482073 20.592684 10.244163
 9.6008955 31.036449 0.03222018 10.473754 20.562695 10.247302
 9.6046122 30.987608 0.032270965 10.585358 20.40225 10.250443
 9.6083289 30.959002 0.032300783 10.585145 20.373857 10.253584
 9.6120457 30.948881 0.032311346 10.58622 20.362662 10.256727
 9.6157624 30.92733 0.032333861 10.588541 20.338789 10.259871
 9.6194792 30.900864 0.032361555 10.446324 20.45454 10.263016
 9.6231959 30.890331 0.032372589 10.458236 20.432095 10.266163
 9.6269127 30.917912 0.032343711 10.470955 20.446956 10.26931
 9.6306294 30.95232 0.032307756 10.484573 20.467747 10.272458
 9.6343461 30.931431 0.032329575 10.499206 20.432225 10.275608
 9.6380629 30.925426 0.032335852 10.515011 20.410415 10.278759
 9.6417796 30.954834 0.032305132 10.532126 20.422708 10.281911
 9.6454964 31.010853 0.032246775 10.550734 20.460119 10.285064
 9.6492131 31.061981 0.032193697 10.571073 20.490908 10.288218
 9.6529298 31.109922 0.032144085 10.59341 20.516512 10.291373
 9.6566466 31.149342 0.032103407 10.618039 20.531303 10.294529
 9.6603633 31.173876 0.032078142 10.645332 20.528544 10.297687
 9.6640801 31.246075 0.03200402 10.675813 20.570261 10.300846
 9.6677968 31.377861 0.031869604 10.70999 20.667871 10.304005
 9.6715136 31.511751 0.031734193 10.748541 20.763211 10.307166
 9.6752303 31.668509 0.031577111 10.792369 20.87614 10.310328
 9.678947 31.89114 0.031356671 10.842588 21.048552 10.313491
 9.6826638 32.178257 0.031076885 10.900513 21.277744 10.316656
 9.6863805 32.534771 0.030736347 10.967981 21.56679 10.319821
 9.6900973 33.023232 0.030281712 11.048006 21.975225 10.322988
 9.693814 33.727852 0.029649087 11.145334 22.582518 10.326155
 9.6975307 34.796787 0.028738285 11.270279 23.526508 10.329324
 9.7012475 36.420578 0.027457005 11.447883 24.972695 10.332494
 9.7049642 38.962105 0.025665965 11.739768 27.222337 10.335665
 9.708681 43.077469 0.023213992 12.281546 30.795923 10.338837
 9.7123977 49.721916 0.020111856 13.350095 36.371821 10.342011
 9.7161144 60.057358 0.016650749 15.477736 44.579622 10.345185
 9.7198312 75.828896 0.013187585 19.465281 56.363615 10.34836
 9.7235479 98.731461 0.010128484 26.346117 72.385344 10.351537
 9.7272647 130.00574 0.0076919682 37.173505 92.832232 10.354715
 9.7309814 169.75816 0.0058907329 52.501399 117.25676 10.357894
 9.7346982 213.85432 0.0046760803 71.635756 142.21857 10.361074
 9.7384149 256.79074 0.0038942214 92.416769 164.37397 10.364255
 9.7421316 290.37161 0.0034438628 111.12315 179.24846 10.367437
 9.7458484 307.77707 0.003249105 123.32998 184.44709 10.370621
 9.7495651 306.08578 0.003267058 125.58772 180.49806 10.373805
 9.7532819 286.26221 0.0034933008 117.12078 169.14142 10.376991
 9.7569986 252.75574 0.0039563889 100.46246 152.29327 10.380178
 9.7607153 211.16521 0.0047356286 80.024795 131.14041 10.383366
 9.7644321 169.14688 0.0059120215 59.858761 109.28812 10.386555
 9.7681488 132.56273 0.0075435985 42.864043 89.698686 10.389745
 9.7718656 103.07439 0.0097017306 30.253389 72.821005 10.392937
 9.7755823 80.486694 0.012424414 21.871522 58.615173 10.396129
 9.7792991 63.876625 0.015655179 16.847957 47.028668 10.399323
 9.7830158 52.467297 0.019059492 14.108435 38.358861 10.402517
 9.7867325 44.979172 0.022232513 12.694078 32.285093 10.405713
 9.7904493 40.056263 0.024964885 11.986513 28.06975 10.40891
 9.794166 37.038376 0.026999024 11.624676 25.4137 10.412108
 9.7978828 35.134163 0.028462326 11.418095 23.716068 10.415308
 9.8015995 33.900909 0.029497734 11.282237 22.618672 10.418508
 9.8053162 33.096943 0.030214271 11.181786 21.915157 10.421709
 9.809033 32.548248 0.03072362 11.102104 21.446145 10.424912
 9.8127497 32.148991 0.031105176 11.036311 21.112679 10.428116
 9.8164665 31.848089 0.031399058 10.981062 20.867027 10.431321
 9.8201832 31.610924 0.031634634 10.934304 20.67662 10.434527
 9.8238999 31.421972 0.031824864 10.894421 20.527551 10.437734
 9.8276167 31.286449 0.031962719 10.860176 20.426273 10.440942
 9.8313334 31.163694 0.032088622 10.830646 20.333048 10.444151
 9.8350502 31.062582 0.032193074 10.805139 20.257443 10.447362
 9.8387669 30.986382 0.032272242 10.782965 20.203416 10.450573
 9.8424837 30.88439 0.032378817 10.763636 20.120754 10.453786
 9.8462004 30.797663 0.032469996 10.74677 20.050892 10.457
 9.8499171 30.72831 0.032543281 10.732019 19.996291 10.460215
 9.8536339 30.690998 0.032582844 10.719081 19.971917 10.463431
 9.8573506 30.618774 0.0326597 10.707724 19.91105 10.466649
 9.8610674 30.542934 0.032740796 10.697775 19.84516 10.469867
 9.8647841 30.508041 0.032778243 10.689034 19.819007 10.473086
 9.8685008 30.483603 0.032804522 10.681361 19.802241 10.476307
 9.8722176 30.445505 0.032845571 10.7213 19.724205 10.479529
 9.8759343 30.371449 0.03292566 10.717905 19.653543 10.482752
 9.8796511 30.312552 0.032989635 10.715458 19.597094 10.485976
 9.8833678 30.310846 0.032991491 10.7139 19.596946 10.489201
 9.8870845 30.311674 0.03299059 10.713206 19.598468 10.492427
 9.8908013 30.302288 0.033000808 10.713328 19.588961 10.495655
 9.894518 30.289116 0.03301516 10.714245 19.574871 10.498883
 9.8982348 30.270868 0.033035062 10.606129 19.664739 10.502113
 9.9019515 30.249157 0.033058773 10.613851 19.635306 10.505344
 9.9056683 30.231501 0.03307808 10.622022 19.609479 10.508576
 9.909385 30.220798 0.033089794 10.630704 19.590095 10.511809
 9.9131017 30.202753 0.033109564 10.63998 19.562773 10.515043
 9.9168185 30.178957 0.033135671 10.649928 19.529029 10.518278
 9.9205352 30.186029 0.033127908 10.660647 19.525382 10.521515
 9.924252 30.211792 0.033099659 10.672266 19.539526 10.524752
 9.9279687 30.224648 0.03308558 10.68494 19.539708 10.527991
 9.9316854 30.224668 0.033085557 10.698834 19.525835 10.531231
 9.9354022 30.220396 0.033090235 10.714162 19.506234 10.534472
 9.9391189 30.246416 0.033061768 10.731224 19.515192 10.537714
 9.9428357 30.274532 0.033031064 10.750334 19.524198 10.540957
 9.9465524 30.345581 0.032953727 10.771899 19.573682 10.544201
 9.9502692 30.447237 0.032843703 10.796473 19.650764 10.547447
 9.9539859 30.600306 0.032679412 10.824819 19.775487 10.550693
 9.9577026 30.772688 0.032496349 10.857961 19.914727 10.553941
 9.9614194 31.041536 0.0322149 10.897762 20.143774 10.55719
 9.9651361 31.469263 0.031777039 10.948416 20.520847 10.56044
 9.9688529 32.110737 0.031142231 11.019551 21.091186 10.563691
 9.9725696 33.092815 0.030218039 11.134036 21.958779 10.566943
 9.9762863 34.633541 0.028873744 11.344032 23.289509 10.570197
 9.9800031 37.101326 0.026953215 11.760983 25.340343 10.573451
 9.9837198 41.003799 0.024387984 12.579606 28.424193 10.576707
 9.9874366 46.954971 0.021296999 14.105688 32.849284 10.579963
 9.9911533 55.564651 0.017997053 16.76173 38.802921 10.583221
 9.99487 67.408966 0.014834822 20.94705 46.461916 10.58648
 9.9985868 82.447556 0.012128922 26.859359 55.588196 10.58974
 10.002304 99.170517 0.010083642 34.287485 64.883032 10.593002
 10.00602 115.81367 0.0086345595 42.405866 73.407802 10.596264
 10.009737 129.01941 0.0077507718 49.786923 79.232486 10.599527
 10.013454 136.20207 0.0073420322 54.74941 81.452662 10.602792
 10.01717 136.02809 0.0073514227 55.836609 80.191483 10.606058
 10.020887 128.97144 0.0077536549 52.725392 76.246044 10.609325
 10.024604 116.77609 0.0085633967 46.388167 70.387925 10.612593
 10.028321 101.10784 0.0098904297 38.445205 62.662636 10.615862
 10.032037 84.952934 0.011771224 30.529252 54.423682 10.619132
 10.035754 70.704285 0.014143414 23.784538 46.919746 10.622404
 10.039471 59.062767 0.01693114 18.720469 40.342298 10.625676
 10.043188 50.129986 0.01994814 15.341758 34.788227 10.62895
 10.046904 43.500557 0.022988211 13.302626 30.197931 10.632224
 10.050621 38.871212 0.025725979 12.171045 26.700167 10.6355
 10.054338 35.770634 0.027955893 11.586449 24.184185 10.638777
 10.058055 33.736492 0.029641493 11.297884 22.438608 10.642056
 10.061771 32.489006 0.030779643 11.14998 21.339026 10.645335
 10.065488 31.717251 0.031528584 11.067277 20.649973 10.648615
 10.069205 31.192989 0.032058486 11.014599 20.17839 10.651897
 10.072922 30.830826 0.03243507 10.97654 19.854286 10.655179
 10.076638 30.600098 0.032679634 10.946792 19.653305 10.658463
 10.080355 30.454664 0.032835693 10.92266 19.532005 10.661748
 10.084072 30.341585 0.032958067 10.902814 19.438771 10.665034
 10.087789 30.253193 0.033054362 10.886294 19.366899 10.668321
 10.091505 30.185003 0.033129034 10.872488 19.312515 10.67161
 10.095222 30.16482 0.033151201 10.860945 19.303874 10.674899
 10.098939 30.141441 0.033176914 10.851287 19.290155 10.67819
 10.102656 30.127319 0.033192465 10.843193 19.284126 10.681481
 10.106372 30.087166 0.033236763 10.836426 19.250739 10.684774
 10.110089 30.049799 0.033278093 10.830809 19.21899 10.688068
 10.113806 30.021034 0.033309978 10.826156 19.194878 10.691363
 10.117523 30.001925 0.033331195 10.822335 19.17959 10.694659
 10.121239 30.008665 0.033323708 10.81924 19.189425 10.697957
 10.124956 30.008684 0.033323687 10.816777 19.191907 10.701255
 10.128673 30.001453 0.033331719 10.814862 19.186592 10.704555
 10.132389 30.005379 0.033327358 10.87425 19.131129 10.707855
 10.136106 30.016867 0.033314603 10.87646 19.140406 10.711157
 10.139823 30.002085 0.033331017 10.879305 19.12278 10.71446
 10.14354 29.982754 0.033352507 10.88277 19.099984 10.717764
 10.147256 29.984909 0.033350109 10.886856 19.098053 10.72107
 10.150973 29.990744 0.033343621 10.891572 19.099172 10.724376
 10.15469 29.992298 0.033341893 10.896927 19.095371 10.727683
 10.158407 29.989546 0.033344953 10.902945 19.086601 10.730992
 10.162123 29.999527 0.033333859 10.909676 19.089851 10.734302
 10.16584 30.013416 0.033318433 10.87386 19.139556 10.737613
 10.169557 30.055477 0.033271806 10.884213 19.171264 10.740925
 10.173274 30.099352 0.033223307 10.895317 19.204035 10.744238
 10.17699 30.10251 0.033219821 10.907292 19.195219 10.747552
 10.180707 30.097342 0.033225526 10.920254 19.177087 10.750867
 10.184424 30.123013 0.033197211 10.934358 19.188655 10.754184
 10.188141 30.163378 0.033152786 10.94981 19.213568 10.757501
 10.191857 30.233917 0.033075436 10.966826 19.267091 10.76082
 10.195574 30.321444 0.03297996 10.985672 19.335772 10.76414
 10.199291 30.413582 0.032880047 11.006693 19.406889 10.767461
 10.203008 30.486122 0.03280181 11.030344 19.455778 10.770783
 10.206724 30.564962 0.0327172 11.057112 19.50785 10.774106
 10.210441 30.704 0.032569046 11.087662 19.616338 10.777431
 10.214158 30.908163 0.032353912 11.122958 19.785206 10.780756
 10.217875 31.153896 0.032098714 11.164286 19.98961 10.784083
 10.221591 31.476919 0.03176931 11.213836 20.263083 10.787411
 10.225308 31.975401 0.031274041 11.276214 20.699187 10.79074
 10.229025 32.79538 0.0304921 11.36276 21.43262 10.79407
 10.232741 34.055534 0.029363803 11.499587 22.555948 10.797401
 10.236458 36.026344 0.027757465 11.746138 24.280206 10.800733
 10.240175 39.12825 0.025556982 12.231059 26.897191 10.804066
 10.243892 43.990921 0.022731963 13.191311 30.79961 10.807401
 10.247608 51.406372 0.019452841 15.000021 36.406351 10.810737
 10.251325 62.299191 0.016051573 18.165986 44.133205 10.814073
 10.255042 77.128006 0.012965459 23.265648 53.862358 10.817411
 10.258759 96.217743 0.010393094 30.603331 65.614412 10.82075
 10.262475 118.73303 0.0084222561 40.011925 78.721107 10.824091
 10.266192 141.08356 0.0070879982 50.586199 90.497358 10.827432
 10.269909 159.84087 0.0062562224 60.583495 99.257371 10.830774
 10.273626 171.60628 0.0058272927 67.828966 103.77731 10.834118
 10.277342 174.3889 0.0057343099 70.363683 104.02522 10.837463
 10.281059 167.80818 0.005959185 67.299629 100.50855 10.840808
 10.284776 152.82962 0.0065432342 59.689069 93.140552 10.844155
 10.288493 132.8338 0.0075282044 49.546536 83.287265 10.847503
 10.292209 111.36891 0.0089791665 39.029212 72.3397 10.850853
 10.295926 91.232643 0.010960989 29.806263 61.42638 10.854203
 10.299643 74.511429 0.01342076 22.700871 51.810558 10.857554
 10.30336 61.374252 0.016293478 17.818178 43.556075 10.860907
 10.307076 51.501411 0.019416944 14.822141 36.67927 10.864261
 10.310793 44.434074 0.022505251 13.12542 31.308655 10.867615
 10.31451 39.535133 0.025293958 12.23333 27.301804 10.870971
 10.318227 36.357983 0.027504276 11.787559 24.570424 10.874328
 10.321943 34.354885 0.029107942 11.562759 22.792127 10.877687
 10.32566 33.081959 0.030227956 11.439532 21.642427 10.881046
 10.329377 32.302605 0.030957256 11.362863 20.939742 10.884407
 10.333094 31.803099 0.031443477 11.308796 20.494303 10.887768
 10.33681 31.488913 0.03175721 11.266879 20.222034 10.891131
 10.340527 31.271883 0.031977607 11.232894 20.038989 10.894495
 10.344244 31.084871 0.03216999 11.204793 19.880079 10.89786
 10.34796 30.956882 0.032302994 11.181322 19.77556 10.901226
 10.351677 30.85614 0.032408461 11.161559 19.694581 10.904593
 10.355394 30.794601 0.032473224 11.144857 19.649745 10.907961
 10.359111 30.712667 0.032559855 11.130742 19.581926 10.911331
 10.362827 30.675953 0.032598824 11.11876 19.557193 10.914701
 10.366544 30.668629 0.03260661 11.108579 19.56005 10.918073
 10.370261 30.644506 0.032632276 11.099939 19.544567 10.921446
 10.373978 30.615479 0.032663216 11.092625 19.522853 10.92482
 10.377694 30.599787 0.032679966 11.086436 19.513351 10.928195
 10.381411 30.595486 0.03268456 11.081221 19.514265 10.931571
 10.385128 30.594603 0.032685504 11.189264 19.405339 10.934949
 10.388845 30.5756 0.032705818 11.191516 19.384084 10.938327
 10.392561 30.595501 0.032684544 11.194882 19.400618 10.941707
 10.396278 30.618057 0.032660465 11.199343 19.418714 10.945088
 10.399995 30.648373 0.03262816 11.2049 19.443472 10.94847
 10.403712 30.671225 0.03260385 11.211547 19.459678 10.951853
 10.407428 30.682014 0.032592384 11.21931 19.462704 10.955237
 10.411145 30.703899 0.032569153 11.228254 19.475646 10.958622
 10.414862 30.729786 0.032541717 11.238431 19.491355 10.962008
 10.418579 30.778494 0.032490219 11.249921 19.528573 10.965396
 10.422295 30.818995 0.032447522 11.262839 19.556155 10.968785
 10.426012 30.842892 0.032422381 11.219781 19.623111 10.972174
 10.429729 30.876223 0.032387381 11.238759 19.637463 10.975565
 10.433446 30.944387 0.032316038 11.259482 19.684906 10.978957
 10.437162 31.042036 0.032214382 11.282245 19.759791 10.982351
 10.440879 31.147697 0.032105102 11.307363 19.840334 10.985745
 10.444596 31.244225 0.032005915 11.335208 19.909016 10.98914
 10.448312 31.324339 0.031924058 11.366258 19.95808 10.992537
 10.452029 31.41795 0.031828939 11.401155 20.016794 10.995934
 10.455746 31.528852 0.031716981 11.440553 20.088299 10.999333
 10.459463 31.70365 0.03154211 11.485333 20.218316 11.002733
 10.463179 31.946011 0.031302813 11.536708 20.409303 11.006134
 10.466896 32.258366 0.030999711 11.596141 20.662224 11.009536
 10.470613 32.670078 0.030609048 11.66561 21.004468 11.01294
 10.47433 33.24947 0.030075668 11.74833 21.501139 11.016344
 10.478046 34.092846 0.029331667 11.850889 22.241957 11.01975
 10.481763 35.332664 0.028302423 11.98706 23.345604 11.023156
 10.48548 37.231628 0.026858884 12.190109 25.041519 11.026564
 10.489197 40.2584 0.024839537 12.540439 27.717961 11.029973
 10.492913 45.110165 0.022167953 13.213632 31.896533 11.033383
 10.49663 52.834492 0.01892703 14.544777 38.289715 11.036795
 10.500347 64.709106 0.015453775 17.107993 47.601114 11.040207
 10.504064 82.17614 0.012168982 21.807344 60.368796 11.04362
 10.50778 107.2272 0.0093259916 29.633743 77.593461 11.047035
 10.511497 140.29384 0.0071278968 41.444724 98.849115 11.050451
 10.515214 180.78151 0.0055315392 57.478813 123.3027 11.053867
 10.518931 224.77083 0.0044489759 76.674986 148.09584 11.057285
 10.522647 264.59531 0.0037793565 96.455557 168.13975 11.060705
 10.526364 294.34027 0.0033974284 113.08713 181.25315 11.064125
 10.530081 308.32675 0.0032433125 122.30217 186.02458 11.067546
 10.533798 304.06805 0.0032887375 121.50275 182.5653 11.070969
 10.537514 282.96219 0.0035340411 110.95378 172.00841 11.074392
 10.541231 248.74269 0.0040202186 93.622625 155.12007 11.077817
 10.544948 208.91165 0.0047867124 73.710329 135.20132 11.081243
 10.548665 168.8037 0.0059240409 54.878573 113.92512 11.08467
 10.552381 133.19049 0.0075080435 39.422734 93.767757 11.088098
 10.556098 104.39984 0.0095785586 28.261841 76.138 11.091527
 10.559815 82.104149 0.012179652 20.988474 61.115675 11.094958
 10.563531 65.633583 0.015236103 16.680745 48.952838 11.098389
 10.567248 53.864285 0.018565177 14.344712 39.519572 11.101822
 10.570965 45.932396 0.021771126 13.153787 32.778609 11.105255
 10.574682 40.874603 0.024465069 12.553166 28.321438 11.10869
 10.578398 37.668091 0.026547669 12.238484 25.429606 11.112126
 10.582115 35.598972 0.028090699 12.056061 23.542911 11.115563
 10.585832 34.309696 0.02914628 11.933381 22.376315 11.119002
 10.589549 33.447063 0.029897991 11.841242 21.605821 11.122441
 10.593265 32.88036 0.030413293 11.767495 21.112865 11.125882
 10.596982 32.443665 0.030822659 11.70657 20.737095 11.129323
 10.600699 32.13411 0.03111958 11.655302 20.478808 11.132766
 10.604416 31.913755 0.031334451 11.611783 20.301972 11.13621
 10.608132 31.751781 0.031494296 11.574699 20.177082 11.139655
 10.611849 31.614468 0.031631088 11.54287 20.071598 11.143101
 10.615566 31.496784 0.031749273 11.515419 19.981365 11.146548
 10.619283 31.384638 0.031862722 11.491677 19.892961 11.149997
 10.622999 31.295607 0.031953367 11.471104 19.824502 11.153446
 10.626716 31.225256 0.032025358 11.453192 19.772064 11.156897
 10.630433 31.167313 0.032084897 11.437567 19.729746 11.160349
 10.63415 31.102482 0.032151775 11.475219 19.627263 11.163802
 10.637866 31.027674 0.032229293 11.465996 19.561678 11.167256
 10.641583 30.966475 0.032292988 11.458475 19.508 11.170711
 10.6453 30.927376 0.032333813 11.452502 19.474874 11.174167
 10.649017 30.895906 0.032366747 11.44796 19.447946 11.177625
 10.652733 30.872393 0.032391399 11.444723 19.42767 11.181083
 10.65645 30.857792 0.032406726 11.44271 19.415082 11.184543
 10.660167 30.830345 0.032435576 11.441879 19.388466 11.188004
 10.663883 30.773901 0.032495068 11.442181 19.33172 11.191466
 10.6676 30.72904 0.032542507 11.44359 19.285451 11.194929
 10.671317 30.705317 0.03256765 11.446106 19.259211 11.198393
 10.675034 30.688227 0.032585786 11.449764 19.238463 11.201858
 10.67875 30.675562 0.03259924 11.454584 19.220978 11.205325
 10.682467 30.66363 0.032611925 11.354448 19.309181 11.208792
 10.686184 30.641628 0.032635341 11.366813 19.274815 11.212261
 10.689901 30.606625 0.032672665 11.380267 19.226357 11.215731
 10.693617 30.619545 0.032658879 11.394982 19.224563 11.219202
 10.697334 30.653986 0.032622185 11.411177 19.242809 11.222674
 10.701051 30.716902 0.032555367 11.429156 19.287746 11.226147
 10.704768 30.772863 0.032496164 11.449219 19.323644 11.229622
 10.708484 30.838337 0.03242717 11.47178 19.366557 11.233097
 10.712201 30.92487 0.032336434 11.497397 19.427473 11.236574
 10.715918 31.038952 0.032217583 11.526771 19.512181 11.240051
 10.719635 31.196079 0.03205531 11.560847 19.635233 11.24353
 10.723351 31.438896 0.031807733 11.601197 19.837699 11.24701
 10.727068 31.829548 0.031417349 11.65119 20.178358 11.250491
 10.730785 32.413971 0.030850895 11.717969 20.696002 11.253974
 10.734502 33.36142 0.029974744 11.81877 21.542649 11.257457
 10.738218 34.878563 0.028670906 11.99451 22.884053 11.260941
 10.741935 37.271454 0.026830185 12.333713 24.937741 11.264427
 10.745652 41.009769 0.024384434 13.001197 28.008572 11.267914
 10.749369 46.696545 0.021414861 14.272359 32.424185 11.271402
 10.753085 55.16013 0.018129036 16.56965 38.59048 11.274891
 10.756802 67.03714 0.014917104 20.33879 46.69835 11.278381
 10.760519 82.713333 0.012089949 25.934967 56.778366 11.281872
 10.764236 101.31275 0.0098704258 33.398107 67.914645 11.285365
 10.767952 120.91876 0.0082700152 42.166382 78.75238 11.288858
 10.771669 138.9507 0.0071967972 50.994663 87.956036 11.292353
 10.775386 151.49919 0.0066006953 58.162045 93.337146 11.295848
 10.779102 156.82291 0.0063766195 61.793073 95.029834 11.299345
 10.782819 154.19612 0.0064852474 60.854344 93.341777 11.302843
 10.786536 144.13339 0.0069380175 55.648996 88.484396 11.306343
 10.790253 128.76624 0.007766011 47.612948 81.153288 11.309843
 10.793969 110.25204 0.0090701266 38.626163 71.625881 11.313344
 10.797686 92.207214 0.010845138 30.275575 61.93164 11.316847
 10.801403 76.38623 0.013091365 23.514043 52.872187 11.32035
 10.80512 63.280785 0.015802585 18.683468 44.597317 11.323855
 10.808836 53.290596 0.018765037 15.566822 37.723774 11.327361
 10.812553 45.761646 0.021852361 13.735226 32.02642 11.330868
 10.81627 40.473125 0.024707753 12.74722 27.725906 11.334376
 10.819987 36.921181 0.027084724 12.246161 24.67502 11.337886
 10.823703 34.577263 0.028920739 11.993695 22.583568 11.341396
 10.82742 33.103298 0.03020847 11.86119 21.242108 11.344908
 10.831137 32.192848 0.0310628 11.784167 20.408681 11.34842
 10.834854 31.602539 0.031643027 11.732446 19.870093 11.351934
 10.83857 31.190416 0.03206113 11.693788 19.496628 11.355449
 10.842287 30.8878 0.032375242 11.6631 19.2247 11.358965
 10.846004 30.675951 0.032598826 11.638042 19.037909 11.362482
 10.849721 30.536812 0.032747361 11.617238 18.919574 11.366001
 10.853437 30.424049 0.032868734 11.599857 18.824193 11.36952
 10.857154 30.335571 0.032964601 11.585319 18.750252 11.373041
 10.860871 30.251616 0.033056086 11.573114 18.678502 11.376562
 10.864588 30.179247 0.033135353 11.56285 18.616397 11.380085
 10.868304 30.111038 0.033210413 11.554231 18.556808 11.383609
 10.872021 30.055336 0.033271962 11.547022 18.508314 11.387134
 10.875738 29.991196 0.033343119 11.540997 18.450199 11.39066
 10.879454 29.939844 0.033400307 11.535989 18.403855 11.394188
 10.883171 29.927666 0.033413899 11.531871 18.395794 11.397716
 10.886888 29.907614 0.033436302 11.52852 18.379094 11.401246
 10.890605 29.858957 0.033490788 11.525833 18.333125 11.404777
 10.894321 29.800905 0.033556028 11.523729 18.277177 11.408308
 10.898038 29.760397 0.033601702 11.522145 18.238252 11.411841
 10.901755 29.727282 0.033639134 11.521012 18.20627 11.415376
 10.905472 29.701069 0.033668822 11.520279 18.18079 11.418911
 10.909188 29.698885 0.033671298 11.519906 18.178979 11.422447
 10.912905 29.695486 0.033675152 11.519852 18.175634 11.425985
 10.916622 29.680058 0.033692657 11.520083 18.159975 11.429523
 10.920339 29.660439 0.033714943 11.520568 18.13987 11.433063
 10.924055 29.647715 0.033729413 11.521288 18.126427 11.436604
 10.927772 29.64533 0.033732125 11.522214 18.123117 11.440146
 10.931489 29.617334 0.033764011 11.475478 18.141856 11.443689
 10.935206 29.593433 0.03379128 11.479011 18.114422 11.447233
 10.938922 29.561003 0.033828352 11.482545 18.078457 11.450779
 10.942639 29.542969 0.033849002 11.486081 18.056888 11.454325
 10.946356 29.504396 0.033893254 11.489617 18.014779 11.457873
 10.950073 29.47612 0.033925768 11.493155 17.982965 11.461422
 10.953789 29.452246 0.033953268 11.496694 17.955552 11.464971
 10.957506 29.455254 0.033949801 11.500234 17.95502 11.468522
 10.961223 29.453638 0.033951663 11.503775 17.949864 11.472075
 10.96494 29.437393 0.033970399 11.507317 17.930077 11.475628
 10.968656 29.427307 0.033982042 11.51086 17.916447 11.479182
 10.972373 29.419332 0.033991254 11.514404 17.904928 11.482738
 10.97609 29.420446 0.033989967 11.51795 17.902497 11.486294
 10.979807 29.403276 0.034009815 11.521496 17.88178 11.489852
 10.983523 29.396145 0.034018066 11.525044 17.871101 11.493411
 10.98724 29.391687 0.034023225 11.528593 17.863094 11.496971
 10.990957 29.378384 0.034038632 11.532143 17.846241 11.500532
 10.994673 29.350388 0.0340711 11.535694 17.814693 11.504095
 10.99839 29.329281 0.034095619 11.539247 17.790034 11.507658
 11.002107 29.29228 0.034138688 11.5428 17.74948 11.511223
 11.005824 29.281662 0.034151067 11.546354 17.735308 11.514788
 11.00954 29.283196 0.034149279 11.54991 17.733285 11.518355
 11.013257 29.301308 0.03412817 11.553467 17.747841 11.521923
 11.016974 29.290062 0.034141273 11.557025 17.733037 11.525492
 11.020691 29.281639 0.034151094 11.560584 17.721055 11.529062
 11.024407 29.287239 0.034144564 11.564144 17.723095 11.532634
 11.028124 29.276842 0.034156689 11.567705 17.709137 11.536206
 11.031841 29.28301 0.034149494 11.571268 17.711743 11.53978
 11.035558 29.291504 0.034139592 11.574831 17.716673 11.543354
 11.039274 29.308882 0.03411935 11.578396 17.730486 11.54693
 11.042991 29.290741 0.034140482 11.581962 17.708779 11.550507
 11.046708 29.292473 0.034138463 11.585529 17.706944 11.554085
 11.050425 29.301945 0.034127428 11.589097 17.712848 11.557664
 11.054141 29.30541 0.034123392 11.592666 17.712745 11.561245
 11.057858 29.295475 0.034134965 11.596236 17.699239 11.564826
 11.061575 29.285641 0.034146427 11.599808 17.685833 11.568409
 11.065292 29.284893 0.034147299 11.60338 17.681513 11.571993
 11.069008 29.284632 0.034147604 11.606954 17.677678 11.575577
 11.072725 29.28454 0.034147711 11.610529 17.674012 11.579163
 11.076442 29.280197 0.034152776 11.614105 17.666093 11.58275
 11.080159 29.281862 0.034150833 11.617682 17.664181 11.586339
 11.083875 29.287949 0.034143737 11.62126 17.666689 11.589928
 11.087592 29.293222 0.034137589 11.624839 17.668383 11.593518
 11.091309 29.294102 0.034136565 11.62842 17.665682 11.59711
 11.095025 29.309231 0.034118944 11.632001 17.67723 11.600703
 11.098742 29.303787 0.034125282 11.635584 17.668203 11.604297
 11.102459 29.330675 0.034093999 11.639168 17.691507 11.607892
 11.106176 29.334723 0.034089295 11.642753 17.69197 11.611488
 11.109892 29.337751 0.034085775 11.646339 17.691413 11.615085
 11.113609 29.304676 0.034124247 11.6773 17.627376 11.618683
 11.117326 29.284655 0.034147577 11.682306 17.602348 11.622283
 11.121043 29.286673 0.034145224 11.687429 17.599244 11.625884
 11.124759 29.317448 0.034109381 11.692676 17.624771 11.629485
 11.128476 29.36425 0.034055016 11.698063 17.666187 11.633088
 11.132193 29.394539 0.034019925 11.703607 17.690932 11.636692
 11.13591 29.416464 0.033994569 11.709326 17.707138 11.640297
 11.139626 29.435068 0.033973083 11.715239 17.719829 11.643904
 11.143343 29.461275 0.033942862 11.72137 17.739905 11.647511
 11.14706 29.478384 0.033923162 11.727753 17.750631 11.65112
 11.150777 29.498503 0.033900026 11.734415 17.764088 11.654729
 11.154493 29.504356 0.0338933 11.741394 17.762962 11.65834
 11.15821 29.53302 0.033860404 11.74874 17.78428 11.661952
 11.161927 29.549938 0.033841018 11.756505 17.793433 11.665565
 11.165644 29.559244 0.033830364 11.764749 17.794495 11.669179
 11.16936 29.565201 0.033823548 11.773548 17.791653 11.672794
 11.173077 29.589094 0.033796236 11.783006 17.806088 11.676411
 11.176794 29.615376 0.033766244 11.793222 17.822154 11.680028
 11.180511 29.630901 0.033748552 11.80433 17.826571 11.683647
 11.184227 29.644054 0.033733577 11.816506 17.827549 11.687267
 11.187944 29.665819 0.033708828 11.829963 17.835856 11.690888
 11.191661 29.698553 0.033671674 11.84495 17.853603 11.69451
 11.195378 29.768717 0.033592311 11.861799 17.906918 11.698133
 11.199094 29.883926 0.033462805 11.881024 18.002903 11.701757
 11.202811 30.025068 0.033305503 11.903318 18.12175 11.705383
 11.206528 30.188311 0.033125404 11.930021 18.258289 11.709009
 11.210244 30.453671 0.032836764 11.964156 18.489515 11.712637
 11.213961 30.875248 0.032388404 12.013054 18.862194 11.716266
 11.217678 31.537161 0.031708625 12.093404 19.443757 11.719896
 11.221395 32.552444 0.030719659 12.241455 20.310989 11.723527
 11.225111 34.151867 0.029280976 12.532961 21.618906 11.727159
 11.228828 36.601799 0.027321061 13.095471 23.506328 11.730792
 11.232545 40.319317 0.024802008 14.119565 26.199751 11.734427
 11.236262 45.696083 0.021883714 15.848914 29.847169 11.738062
 11.239978 52.930447 0.018892718 18.515882 34.414565 11.741699
 11.243695 62.054535 0.016114858 22.195475 39.85906 11.745337
 11.247412 72.389259 0.013814204 26.71306 45.676199 11.748976
 11.251129 82.355453 0.012142487 31.545737 50.809716 11.752616
 11.254845 90.379822 0.011064417 35.83127 54.548552 11.756257
 11.258562 95.166229 0.010507929 38.59661 56.569619 11.7599
 11.262279 95.859009 0.010431988 39.063052 56.795957 11.763543
 11.265996 92.46505 0.010814897 37.065376 55.399674 11.767188
 11.269712 85.5597 0.011687746 33.225973 52.333727 11.770833
 11.273429 76.629021 0.013049886 28.488417 48.140604 11.77448
 11.277146 67.035889 0.014917383 23.782488 43.253401 11.778128
 11.280863 58.052311 0.017225843 19.770542 38.281769 11.781777
 11.284579 50.53455 0.019788442 16.74394 33.79061 11.785428
 11.288296 44.539478 0.022451992 14.701478 29.838 11.789079
 11.292013 39.950935 0.025030703 13.460956 26.489979 11.792731
 11.29573 36.559509 0.027352665 12.764251 23.795258 11.796385
 11.299446 34.201065 0.029238856 12.399864 21.801201 11.80004
 11.303163 32.663963 0.030614778 12.218517 20.445446 11.803696
 11.30688 31.705683 0.031540087 12.126626 19.579057 11.807353
 11.310596 31.086426 0.032168381 12.07632 19.010106 11.811011
 11.314313 30.657473 0.032618475 12.045262 18.612211 11.81467
 11.31803 30.364975 0.03293268 12.023654 18.341321 11.818331
 11.321747 30.204081 0.033108109 12.00724 18.196841 11.821992
 11.325463 30.111416 0.033209996 11.994273 18.117142 11.825655
 11.32918 30.0431 0.033285513 11.983895 18.059206 11.829318
 11.332897 29.987629 0.033347085 11.975544 18.012085 11.832983
 11.336614 29.926048 0.033415705 11.968833 17.957215 11.836649
 11.34033 29.872978 0.033475069 11.96348 17.909498 11.840317
 11.344047 29.848923 0.033502047 11.959277 17.889646 11.843985
 11.347764 29.860212 0.03348938 11.98344 17.876772 11.847654
 11.351481 29.867809 0.033480862 11.982419 17.88539 11.851325
 11.355197 29.836674 0.0335158 11.982206 17.854468 11.854996
 11.358914 29.824835 0.033529104 11.982712 17.842123 11.858669
 11.362631 29.818869 0.033535813 11.983863 17.835006 11.862343
 11.366348 29.821577 0.033532767 11.985609 17.835968 11.866018
 11.370064 29.82608 0.033527704 11.987923 17.838157 11.869694
 11.373781 29.829386 0.033523989 11.990767 17.838618 11.873372
 11.377498 29.870701 0.033477621 11.994126 17.876575 11.87705
 11.381215 29.910343 0.033433251 11.997999 17.912344 11.88073
 11.384931 29.914524 0.033428578 12.002391 17.912133 11.88441
 11.388648 29.901152 0.033443528 12.00731 17.893842 11.888092
 11.392365 29.881969 0.033464996 12.012781 17.869189 11.891775
 11.396082 29.881191 0.033465868 12.018852 17.862339 11.895459
 11.399798 29.871832 0.033476353 12.025562 17.84627 11.899144
 11.403515 29.883446 0.033463343 12.032974 17.850472 11.902831
 11.407232 29.90827 0.033435568 12.041178 17.867092 11.906518
 11.410948 29.946384 0.033393013 12.023761 17.922623 11.910207
 11.414665 29.96162 0.033376032 12.035147 17.926474 11.913896
 11.418382 30.000471 0.03333281 12.047634 17.952838 11.917587
 11.422099 30.066601 0.033259496 12.061467 18.005134 11.921279
 11.425815 30.140476 0.033177976 12.076907 18.063569 11.924972
 11.429532 30.2047 0.03310743 12.094313 18.110387 11.928667
 11.433249 30.294521 0.033009269 12.114226 18.180296 11.932362
 11.436966 30.44455 0.032846602 12.13754 18.307009 11.936058
 11.440682 30.638708 0.032638452 12.165953 18.472755 11.939756
 11.444399 30.925728 0.032335536 12.203363 18.722365 11.943455
 11.448116 31.414469 0.031832466 12.259583 19.154885 11.947155
 11.451833 32.158089 0.031096375 12.356481 19.801608 11.950856
 11.455549 33.303947 0.030026471 12.539797 20.764151 11.954558
 11.459266 35.120453 0.028473437 12.89753 22.222923 11.958261
 11.462983 37.92226 0.026369736 13.580567 24.341694 11.961965
 11.4667 42.052856 0.023779598 14.792688 27.260169 11.965671
 11.470416 47.88633 0.020882787 16.768969 31.117361 11.969377
 11.474133 55.617283 0.017980023 19.713541 35.903742 11.973085
 11.47785 64.989677 0.015387059 23.628354 41.361324 11.976794
 11.481567 75.044777 0.013325378 28.229257 46.81552 11.980504
 11.485283 84.410141 0.011846918 32.898023 51.512118 11.984215
 11.489 91.511513 0.010927587 36.718709 54.792804 11.987927
 11.492717 95.028328 0.010523178 38.765837 56.262491 11.991641
 11.496434 94.563057 0.010574954 38.454895 56.108162 11.995355
 11.50015 90.278572 0.011076826 35.848666 54.429906 11.999071
 11.503867 83.057175 0.012039899 31.706393 51.350781 12.002788
 11.507584 74.113335 0.013492849 26.987418 47.125916 12.006506
 11.511301 64.95443 0.015395409 22.524928 42.429502 12.010225
 11.515017 56.622997 0.017660669 18.871482 37.751515 12.013945
 11.518734 49.609581 0.020157397 16.20602 33.403561 12.017666
 11.522451 43.981113 0.022737032 14.455716 29.525397 12.021388
 11.526167 39.679775 0.025201756 13.418632 26.261143 12.025112
 11.529884 36.541683 0.027366008 12.850466 23.691217 12.028837
 11.533601 34.35751 0.029105718 12.556972 21.800538 12.032562
 11.537318 32.925468 0.030371626 12.410224 20.515244 12.036289
 11.541034 32.030365 0.031220375 12.335447 19.694918 12.040017
 11.544751 31.461529 0.031784851 12.293141 19.168388 12.043747
 11.548468 31.120287 0.03213338 12.266037 18.85425 12.047477
 11.552185 30.904545 0.0323577 12.246679 18.657866 12.051208
 11.555901 30.768057 0.03250124 12.231826 18.536231 12.054941
 11.559618 30.695761 0.032577788 12.220042 18.475719 12.058674
 11.563335 30.666256 0.032609132 12.210594 18.455662 12.062409
 11.567052 30.630238 0.032647478 12.20304 18.427198 12.066145
 11.570768 30.591776 0.032688524 12.197002 18.394774 12.069882
 11.574485 30.573385 0.032708187 12.292255 18.281131 12.07362
 11.578202 30.560829 0.032721625 12.293707 18.267122 12.07736
 11.581919 30.572086 0.032709577 12.296465 18.275622 12.0811
 11.585635 30.609991 0.032669072 12.300424 18.309567 12.084842
 11.589352 30.635111 0.032642284 12.305527 18.329584 12.088585
 11.593069 30.634199 0.032643256 12.311761 18.322438 12.092328
 11.596786 30.653551 0.032622648 12.319094 18.334457 12.096073
 11.600502 30.677105 0.0325976 12.327538 18.349567 12.099819
 11.604219 30.700195 0.032573083 12.337138 18.363057 12.103567
 11.607936 30.726336 0.032545371 12.347953 18.378383 12.107315
 11.611653 30.80604 0.032461167 12.360049 18.445991 12.111064
 11.615369 30.863825 0.032400391 12.37353 18.490295 12.114815
 11.619086 30.911201 0.032350732 12.388561 18.522641 12.118567
 11.622803 30.947409 0.032312883 12.405282 18.542127 12.12232
 11.626519 30.996864 0.032261328 12.423896 18.572968 12.126074
 11.630236 31.050705 0.032205388 12.444674 18.606031 12.129829
 11.633953 31.106655 0.032147462 12.467941 18.638714 12.133585
 11.63767 31.202827 0.032048378 12.494051 18.708776 12.137342
 11.641386 31.342661 0.031905396 12.523468 18.819193 12.141101
 11.645103 31.488354 0.031757773 12.5311 18.957254 12.14486
 11.64882 31.62332 0.031622234 12.570335 19.052985 12.148621
 11.652537 31.801138 0.031445416 12.61503 19.186108 12.152383
 11.656253 32.065632 0.031186038 12.666428 19.399204 12.156146
 11.65997 32.419296 0.030845827 12.726249 19.693047 12.15991
 11.663687 32.893185 0.030401435 12.796935 20.09625 12.163675
 11.667404 33.54472 0.029810951 12.883108 20.661612 12.167442
 11.67112 34.497536 0.028987578 12.995503 21.502032 12.171209
 11.674837 35.94931 0.027816945 13.158541 22.79077 12.174978
 11.678554 38.2346 0.026154321 13.42895 24.80565 12.178748
 11.682271 41.831623 0.02390536 13.932465 27.899158 12.182518
 11.685987 47.538548 0.021035561 14.927068 32.611479 12.18629
 11.689704 56.301296 0.01776158 16.849265 39.452031 12.190064
 11.693421 69.389 0.014411506 20.363768 49.025232 12.193838
 11.697138 88.258148 0.011330399 26.367036 61.891112 12.197613
 11.700854 113.9626 0.0087748085 35.663742 78.298859 12.20139
 11.704571 146.54597 0.0068237971 48.623539 97.922436 12.205167
 11.708288 183.52721 0.0054487834 64.760126 118.76708 12.208946
 11.712005 220.51039 0.0045349337 82.320427 138.18996 12.212726
 11.715721 251.54111 0.0039754934 98.343637 153.19747 12.216507
 11.719438 271.44107 0.0036840409 109.34611 162.09496 12.220289
 11.723155 277.18637 0.003607681 112.2413 164.94507 12.224073
 11.726872 267.90775 0.0037326282 106.21296 161.69478 12.227857
 11.730588 245.85007 0.0040675197 93.077894 152.77217 12.231643
 11.734305 215.16737 0.0046475448 76.119053 139.04832 12.235429
 11.738022 180.94153 0.0055266472 58.792921 122.14861 12.239217
 11.741738 147.81012 0.0067654366 43.655438 104.15468 12.243006
 11.745455 118.77439 0.0084193233 31.977635 86.796756 12.246796
 11.749172 94.902252 0.010537158 23.954031 70.948221 12.250587
 11.752889 76.125114 0.013136269 18.953994 57.17112 12.25438
 11.756605 61.925205 0.016148513 16.090203 45.835002 12.258173
 11.760322 51.623272 0.019371108 14.568019 37.055253 12.261968
 11.764039 44.590717 0.022426192 13.800685 30.790032 12.265763
 11.767756 39.976761 0.025014533 13.406923 26.569838 12.26956
 11.771472 37.046638 0.026993002 13.191343 23.855295 12.273358
 11.775189 35.229927 0.028384958 13.058534 22.171393 12.277157
 11.778906 34.101719 0.029324035 12.964909 21.13681 12.280957
 11.782623 33.400536 0.02993964 12.89242 20.508116 12.284759
 11.786339 32.892876 0.03040172 12.833475 20.059401 12.288561
 11.790056 32.520184 0.030750134 12.784508 19.735675 12.292365
 11.793773 32.246967 0.031010668 12.74318 19.503787 12.296169
 11.79749 32.053074 0.031198256 12.750475 19.302599 12.299975
 11.801206 31.893385 0.031354464 12.722689 19.170696 12.303782
 11.804923 31.732302 0.03151363 12.699363 19.032938 12.30759
 11.80864 31.588655 0.031656935 12.679794 18.908861 12.3114
 11.812357 31.505661 0.031740328 12.663456 18.842205 12.31521
 11.816073 31.47006 0.031776234 12.649975 18.820085 12.319021
 11.81979 31.422119 0.031824715 12.638949 18.78317 12.322834
 11.823507 31.345507 0.031902499 12.630107 18.7154 12.326648
 11.827224 31.272415 0.031977063 12.623249 18.649166 12.330463
 11.83094 31.214674 0.032036215 12.618202 18.596472 12.334279
 11.834657 31.158802 0.03209366 12.614814 18.543988 12.338096
 11.838374 31.126232 0.032127242 12.612992 18.51324 12.341914
 11.84209 31.124636 0.03212889 12.612699 18.511937 12.345733
 11.845807 31.146784 0.032106044 12.613874 18.53291 12.349554
 11.849524 31.126291 0.032127181 12.616514 18.509777 12.353375
 11.853241 31.089197 0.032165514 12.620659 18.468538 12.357198
 11.856957 31.060488 0.032195245 12.626377 18.43411 12.361022
 11.860674 31.070827 0.032184531 12.633748 18.437079 12.364847
 11.864391 31.076616 0.032178535 12.642911 18.433706 12.368673
 11.868108 31.103418 0.032150807 12.654095 18.449324 12.372501
 11.871824 31.098783 0.032155599 12.569237 18.529546 12.376329
 11.875541 31.118319 0.032135412 12.58992 18.528399 12.380158
 11.879258 31.200668 0.032050595 12.613316 18.587353 12.383989
 11.882975 31.348448 0.031899506 12.640098 18.70835 12.387821
 11.886691 31.523102 0.031722767 12.67118 18.851922 12.391654
 11.890408 31.746912 0.031499127 12.708216 19.038696 12.395488
 11.894125 32.095837 0.031156689 12.754914 19.340923 12.399323
 11.897842 32.651608 0.030626363 12.819585 19.832023 12.403159
 11.901558 33.523502 0.029829819 12.921676 20.601826 12.406997
 11.905275 34.904312 0.028649755 13.105057 21.799255 12.410835
 11.908992 37.0854 0.02696479 13.462286 23.623113 12.414675
 11.912709 40.45726 0.024717442 14.15519 26.30207 12.418516
 11.916425 45.571007 0.021943777 15.440127 30.13088 12.422358
 11.920142 53.116932 0.018826389 17.680876 35.436056 12.426201
 11.923859 63.580925 0.015727988 21.239706 42.341219 12.430045
 11.927576 77.109192 0.012968622 26.344663 50.764529 12.43389
 11.931292 92.959175 0.01075741 32.914747 60.044428 12.437737
 11.935009 109.38721 0.0091418369 40.365439 69.021768 12.441584
 11.938726 124.0585 0.0080607132 47.561908 76.496594 12.445433
 11.942443 134.49475 0.0074352344 53.05711 81.437641 12.449283
 11.946159 138.90407 0.0071992132 55.407537 83.496531 12.453134
 11.949876 136.68527 0.0073160772 53.938543 82.746729 12.456986
 11.953593 128.4939 0.0077824708 49.11283 79.381066 12.460839
 11.957309 116.01159 0.0086198285 42.195096 73.816493 12.464693
 11.961026 101.4335 0.0098586757 34.693266 66.740237 12.468549
 11.964743 86.731369 0.011529854 27.845084 58.886285 12.472405
 11.96846 73.498871 0.013605651 22.358249 51.140621 12.476263
 11.972176 62.286442 0.016054858 18.454254 43.832188 12.480122
 11.975893 53.261536 0.018775275 15.943944 37.317592 12.483982
 11.97961 46.271275 0.02161168 14.465895 31.805379 12.487843
 11.983327 41.098919 0.02433154 13.663081 27.435838 12.491705
 11.987043 37.454281 0.026699218 13.25467 24.199611 12.495568
 11.99076 35.023804 0.02855201 13.047466 21.976337 12.499433
 11.994477 33.4314 0.029911999 12.9383 20.4931 12.503298
 11.998194 32.439159 0.030826939 12.874901 19.564258 12.507165
 12.00191 31.825886 0.031420964 12.832714 18.993172 12.511033
 12.005627 31.443222 0.031803356 12.801421 18.641801 12.514902
 12.009344 31.19314 0.032058331 12.776744 18.416396 12.518772
 12.013061 31.02034 0.032236913 12.756761 18.263579 12.522643
 12.016777 30.872353 0.032391441 12.740301 18.132052 12.526516
 12.020494 30.715626 0.032556719 12.726676 17.98895 12.530389
 12.024211 30.604431 0.032675007 12.715402 17.88903 12.534264
 12.027928 30.553072 0.032729933 12.706075 17.846997 12.53814
 12.031644 30.503637 0.032782976 12.698365 17.805273 12.542016
 12.035361 30.440321 0.032851165 12.69202 17.748301 12.545894
 12.039078 30.373369 0.032923578 12.686858 17.686511 12.549774
 12.042795 30.329937 0.032970725 12.682686 17.647251 12.553654
 12.046511 30.296709 0.033006885 12.679365 17.617344 12.557535
 12.050228 30.292624 0.033011337 12.676788 17.615836 12.561418
 12.053945 30.272049 0.033033773 12.674856 17.597193 12.565301
 12.057661 30.23122 0.033078387 12.673482 17.557739 12.569186
 12.061378 30.191919 0.033121445 12.672596 17.519323 12.573072
 12.065095 30.182869 0.033131377 12.672149 17.51072 12.576959
 12.068812 30.183319 0.033130883 12.672083 17.511236 12.580847
 12.072528 30.139898 0.033178612 12.672353 17.467545 12.584737
 12.076245 30.105602 0.033216409 12.672926 17.432677 12.588627
 12.079962 30.08345 0.033240868 12.673769 17.409681 12.592518
 12.083679 30.034729 0.03329479 12.674852 17.359877 12.596411
 12.087395 29.99074 0.033343626 12.676151 17.314589 12.600305
 12.091112 29.996899 0.03333678 12.677647 17.319251 12.6042
 12.094829 30.014347 0.0333174 12.679319 17.335028 12.608096
 12.098546 30.005886 0.033326795 12.640276 17.365611 12.611993
 12.102262 29.993999 0.033340002 12.644163 17.349837 12.615891
 12.105979 29.987764 0.033346934 12.648051 17.339713 12.619791
 12.109696 29.968761 0.033368079 12.65194 17.316821 12.623691
 12.113413 29.943682 0.033396027 12.655831 17.287851 12.627593
 12.117129 29.929588 0.033411753 12.659723 17.269866 12.631496
 12.120846 29.944658 0.033394938 12.663615 17.281043 12.6354
 12.124563 29.94305 0.033396731 12.667509 17.275541 12.639305
 12.12828 29.896311 0.033448943 12.671404 17.224906 12.643211
 12.131996 29.864744 0.033484298 12.675301 17.189444 12.647118
 12.135713 29.880989 0.033466094 12.679198 17.201791 12.651027
 12.13943 29.922987 0.033419124 12.683096 17.239891 12.654936
 12.143147 29.933161 0.033407765 12.686996 17.246165 12.658847
 12.146863 29.925232 0.033416617 12.690897 17.234335 12.662759
 12.15058 29.910078 0.033433547 12.694798 17.21528 12.666672
 12.154297 29.901957 0.033442628 12.698701 17.203255 12.670586
 12.158014 29.916452 0.033426423 12.702605 17.213847 12.674501
 12.16173 29.927069 0.033414566 12.706511 17.220558 12.678417
 12.165447 29.917139 0.033425656 12.710417 17.206722 12.682335
 12.169164 29.899387 0.033445501 12.714324 17.185063 12.686254
 12.17288 29.874344 0.033473539 12.718233 17.156111 12.690173
 12.176597 29.860615 0.033488929 12.722143 17.138472 12.694094
 12.180314 29.890444 0.033455509 12.726054 17.16439 12.698016
 12.184031 29.939602 0.033400578 12.729966 17.209636 12.701939
 12.187747 29.925859 0.033415916 12.733879 17.191981 12.705863
 12.191464 29.873989 0.033473936 12.737793 17.136196 12.709789
 12.195181 29.84391 0.033507674 12.741708 17.102202 12.713715
 12.198898 29.846395 0.033504883 12.745625 17.100771 12.717643
 12.202614 29.886169 0.033460293 12.749542 17.136627 12.721572
 12.206331 29.947729 0.033391513 12.753461 17.194268 12.725502
 12.210048 29.979828 0.033355762 12.757381 17.222447 12.729433
 12.213765 29.987677 0.033347032 12.761302 17.226375 12.733365
 12.217481 29.982397 0.033352904 12.765224 17.217173 12.737298
 12.221198 29.970135 0.03336655 12.769147 17.200987 12.741232
 12.224915 29.955597 0.033382743 12.773072 17.182525 12.745168
 12.228632 29.974613 0.033361565 12.776997 17.197616 12.749104
 12.232348 30.034868 0.033294636 12.780924 17.253944 12.753042
 12.236065 30.11993 0.033200608 12.858463 17.261467 12.756981
 12.239782 30.149742 0.03316778 12.866226 17.283516 12.760921
 12.243499 30.13233 0.033186946 12.874294 17.258036 12.764862
 12.247215 30.127462 0.033192308 12.882704 17.244758 12.768804
 12.250932 30.165176 0.033150809 12.891495 17.273681 12.772748
 12.254649 30.197891 0.033114895 12.900706 17.297185 12.776692
 12.258366 30.22121 0.033089343 12.910386 17.310824 12.780638
 12.262082 30.256002 0.033051293 12.920603 17.3354 12.784585
 12.265799 30.280743 0.033024289 12.931413 17.34933 12.788533
 12.269516 30.277451 0.03302788 12.942892 17.334558 12.792482
 12.273232 30.316063 0.032985814 12.955136 17.360927 12.796432
 12.276949 30.382616 0.032913558 12.968254 17.414362 12.800383
 12.280666 30.410046 0.03288387 12.98236 17.427685 12.804336
 12.284383 30.43679 0.032854975 12.997598 17.439193 12.808289
 12.288099 30.491362 0.032796174 13.014167 17.477195 12.812244
 12.291816 30.575418 0.032706012 13.032256 17.543162 12.8162
 12.295533 30.651699 0.032624619 13.052113 17.599586 12.820157
 12.29925 30.736403 0.032534712 13.074056 17.662347 12.824115
 12.302966 30.831163 0.032434715 13.098478 17.732686 12.828074
 12.306683 30.944159 0.032316277 13.125809 17.81835 12.832034
 12.3104 31.062317 0.032193349 13.156616 17.905701 12.835996
 12.314117 31.212023 0.032038936 13.191705 18.020318 12.839958
 12.317833 31.423092 0.03182373 13.231994 18.191098 12.843922
 12.32155 31.720303 0.03152555 13.278839 18.441464 12.847887
 12.325267 32.097664 0.031154915 13.334588 18.763076 12.851853
 12.328984 32.635551 0.030641431 13.404072 19.231479 12.85582
 12.3327 33.470539 0.029877021 13.497819 19.97272 12.859788
 12.336417 34.783688 0.028749108 13.640648 21.14304 12.863757
 12.340134 36.827377 0.027153712 13.891635 22.935742 12.867728
 12.343851 40.012318 0.024992304 14.371697 25.640621 12.871699
 12.347567 44.901115 0.022271162 15.305068 29.596047 12.875672
 12.351284 52.280384 0.019127633 17.067734 35.21265 12.879646
 12.355001 63.188572 0.015825646 20.213664 42.974908 12.883621
 12.358718 78.433716 0.012749619 25.337232 53.096484 12.887597
 12.362434 98.699684 0.010131745 32.926816 65.772868 12.891574
 12.366151 123.1255 0.0081217942 43.091388 80.034116 12.895553
 12.369868 149.88333 0.006671856 55.128552 94.754779 12.899532
 12.373585 175.52472 0.0056972032 67.489301 108.03542 12.903513
 12.377301 195.92932 0.0051038813 77.927779 118.00154 12.907494
 12.381018 207.90819 0.0048098154 83.917507 123.99068 12.911477
 12.384735 209.39041 0.0047757679 83.853193 125.53722 12.915461
 12.388451 200.72156 0.0049820259 77.756763 122.96479 12.919446
 12.392168 183.69833 0.0054437075 67.268119 116.43022 12.923433
 12.395885 161.45171 0.0061938026 54.899362 106.55234 12.92742
 12.399602 137.45645 0.0072750314 42.897721 94.558731 12.931409
 12.403318 114.61249 0.0087250527 32.784651 81.827837 12.935398
 12.407035 94.573357 0.010573803 25.258924 69.314432 12.939389
 12.410752 77.858124 0.012843875 20.191833 57.666291 12.943381
 12.414469 64.34214 0.015541914 17.089002 47.253138 12.947374
 12.418185 53.906242 0.018550727 15.35391 38.552332 12.951368
 12.421902 46.288525 0.021603627 14.441778 31.846747 12.955363
 12.425619 40.983379 0.024400135 13.976384 27.006996 12.95936
 12.429336 37.489075 0.026674438 13.736172 23.752903 12.963357
 12.433052 35.267155 0.028354995 13.602848 21.664307 12.967356
 12.436769 33.864914 0.029529087 13.51776 20.347154 12.971356
 12.440486 32.948875 0.030350049 13.456585 19.49229 12.975356
 12.444203 32.336514 0.030924793 13.408976 18.927537 12.979358
 12.447919 31.925934 0.031322498 13.397372 18.528561 12.983362
 12.451636 31.657673 0.031587919 13.366559 18.291114 12.987366
 12.455353 31.496756 0.031749302 13.341019 18.155737 12.991371
 12.45907 31.378672 0.031868781 13.319883 18.058788 12.995378
 12.462786 31.272806 0.031976664 13.302346 17.97046 12.999386
 12.466503 31.151937 0.032100732 13.287859 17.864078 13.003394
 12.47022 31.019932 0.032237337 13.276008 17.743924 13.007404
 12.473937 30.942856 0.032317638 13.266436 17.676419 13.011415
 12.477653 30.930174 0.032330888 13.258841 17.671333 13.015428
 12.48137 30.927504 0.03233368 13.253001 17.674503 13.019441
 12.485087 30.859093 0.03240536 13.248771 17.610322 13.023455
 12.488803 30.780821 0.032487763 13.245984 17.534837 13.027471
 12.49252 30.760468 0.032509259 13.244539 17.515929 13.031488
 12.496237 30.74217 0.032528608 13.244377 17.497794 13.035505
 12.499954 30.710726 0.032561914 13.245459 17.465267 13.039524
 12.50367 30.708927 0.032563821 13.247756 17.461171 13.043544
 12.507387 30.717426 0.032554811 13.251283 17.466143 13.047566
 12.511104 30.702795 0.032570325 13.256106 17.446689 13.051588
 12.514821 30.68165 0.032592771 13.262282 17.419369 13.055611
 12.518537 30.655949 0.032620096 13.269922 17.386026 13.059636
 12.522254 30.632074 0.03264552 13.2792 17.352874 13.063662
 12.525971 30.628361 0.032649478 13.290352 17.338009 13.067688
 12.529688 30.703871 0.032569183 13.303659 17.400211 13.071716
 12.533404 30.822615 0.032443711 13.249586 17.573029 13.075746
 12.537121 30.95933 0.032300441 13.272214 17.687116 13.079776
 12.540838 31.110189 0.032143809 13.299528 17.810662 13.083807
 12.544555 31.327072 0.031921272 13.334961 17.992111 13.08784
 12.548271 31.699575 0.031546164 13.386711 18.312865 13.091873
 12.551988 32.364834 0.030897733 13.474128 18.890706 13.095908
 12.555705 33.453575 0.029892171 13.636781 19.816794 13.099944
 12.559422 35.095573 0.028493622 13.949853 21.145721 13.103981
 12.563138 37.529934 0.026645397 14.546852 22.983082 13.108019
 12.566855 41.096802 0.024332794 15.615067 25.481735 13.112058
 12.570572 46.243126 0.021624836 17.37505 28.868076 13.116098
 12.574289 53.107079 0.018829882 20.026031 33.081047 13.12014
 12.578005 61.573082 0.016240863 23.63902 37.934062 13.124183
 12.581722 70.92971 0.014098464 28.003442 42.926268 13.128226
 12.585439 80.02552 0.012496014 32.612416 47.413104 13.132271
 12.589156 87.609413 0.011414299 36.661788 50.947625 13.136317
 12.592872 92.44088 0.010817725 39.236329 53.204551 13.140364
 12.596589 93.80883 0.010659977 39.654796 54.154034 13.144413
 12.600306 91.505547 0.010928299 37.785555 53.719992 13.148462
 12.604022 86.111313 0.011612876 34.142467 51.968846 13.152513
 12.607739 78.687172 0.012708552 29.636949 49.050223 13.156564
 12.611456 70.322945 0.01422011 25.118488 45.204457 13.160617
 12.615173 62.019306 0.016124011 21.219227 40.800079 13.164671
 12.618889 54.576195 0.018323007 18.241563 36.334632 13.168726
 12.622606 48.319748 0.020695472 16.193548 32.1262 13.172782
 12.626323 43.262619 0.023114643 14.916932 28.345687 13.176839
 12.63004 39.295761 0.025448037 14.193303 25.102459 13.180898
 12.633756 36.304825 0.027544548 13.806827 22.497998 13.184957
 12.637473 34.168503 0.02926672 13.610072 20.558431 13.189018
 12.64119 32.74081 0.030542921 13.511102 19.229708 13.19308
 12.644907 31.855438 0.031391814 13.45811 18.397329 13.197143
 12.648623 31.306887 0.031941854 13.426295 17.880592 13.201207
 12.65234 30.936167 0.032324625 13.404762 17.531405 13.205272
 12.656057 30.704502 0.032568514 13.388873 17.315629 13.209338
 12.659774 30.588148 0.032692401 13.376496 17.211652 13.213406
 12.66349 30.495302 0.032791936 13.366676 17.128626 13.217474
 12.667207 30.372557 0.032924459 13.358877 17.01368 13.221544
 12.670924 30.269276 0.0330368 13.352709 16.916566 13.225615
 12.674641 30.197456 0.033115372 13.347876 16.84958 13.229687
 12.678357 30.110235 0.033211298 13.344157 16.766078 13.23376
 12.682074 30.038921 0.033290143 13.341394 16.697528 13.237834
 12.685791 30.046555 0.033281686 13.339421 16.707134 13.241909
 12.689508 30.053724 0.033273746 13.338123 16.715601 13.245986
 12.693224 30.015831 0.033315753 13.33741 16.678421 13.250063
 12.696941 29.97941 0.033356227 13.3372 16.64221 13.254142
 12.700658 29.961134 0.033376574 13.337423 16.623711 13.258222
 12.704374 29.944391 0.033395236 13.338021 16.60637 13.262303
 12.708091 29.923649 0.033418384 13.338955 16.584694 13.266385
 12.711808 29.885569 0.033460966 13.340178 16.545391 13.270468
 12.715525 29.867403 0.033481317 13.341655 16.525748 13.274552
 12.719241 29.876078 0.033471596 13.34336 16.532718 13.278638
 12.722958 29.873024 0.033475017 13.345268 16.527756 13.282724
 12.726675 29.828573 0.033524902 13.347354 16.48122 13.286812
 12.730392 29.78039 0.033579144 13.349599 16.43079 13.290901
 12.734108 29.767975 0.033593149 13.351991 16.415984 13.294991
 12.737825 29.779711 0.03357991 13.354512 16.425199 13.299082
 12.741542 29.783888 0.0335752 13.357149 16.426739 13.303174
 12.745259 29.775696 0.033584438 13.359892 16.415804 13.307268
 12.748975 29.746136 0.033617812 13.337705 16.408431 13.311362
 12.752692 29.710564 0.033658062 13.341789 16.368774 13.315458
 12.756409 29.699087 0.033671069 13.345875 16.353212 13.319555
 12.760126 29.678574 0.033694342 13.349962 16.328612 13.323652
 12.763842 29.654417 0.033721789 13.35405 16.300367 13.327751
 12.767559 29.654272 0.033721954 13.358139 16.296133 13.331852
 12.771276 29.679794 0.033692956 13.362229 16.317565 13.335953
 12.774993 29.691778 0.033679357 13.366321 16.325457 13.340055
 12.778709 29.699717 0.033670355 13.370413 16.329303 13.344159
 12.782426 29.696241 0.033674295 13.374507 16.321734 13.348263
 12.786143 29.663954 0.033710948 13.378602 16.285352 13.352369
 12.78986 29.637966 0.033740507 13.382698 16.255269 13.356476
 12.793576 29.630884 0.033748571 13.386795 16.24409 13.360584
 12.797293 29.641338 0.033736668 13.390893 16.250446 13.364693
 12.80101 29.680414 0.033692252 13.394992 16.285422 13.368803
 12.804727 29.691904 0.033679214 13.399092 16.292812 13.372915
 12.808443 29.65164 0.033724947 13.403194 16.248446 13.377027
 12.81216 29.615215 0.033766427 13.407297 16.207919 13.381141
 12.815877 29.609404 0.033773054 13.4114 16.198003 13.385256
 12.819593 29.593328 0.0337914 13.415505 16.177823 13.389372
 12.82331 29.598364 0.033785651 13.419611 16.178752 13.393489
 12.827027 29.623661 0.0337568 13.423719 16.199942 13.397607
 12.830744 29.648144 0.033728924 13.427827 16.220317 13.401726
 12.83446 29.658394 0.033717268 13.431936 16.226458 13.405847
 12.838177 29.663296 0.033711696 13.436047 16.227249 13.409968
 12.841894 29.673433 0.033700179 13.440159 16.233275 13.414091
 12.845611 29.680914 0.033691685 13.444271 16.236643 13.418215
 12.849327 29.689795 0.033681607 13.448385 16.241409 13.42234
 12.853044 29.680796 0.033691819 13.4525 16.228295 13.426466
 12.856761 29.628218 0.033751608 13.456617 16.171601 13.430593
 12.860478 29.593157 0.033791596 13.47355 16.119607 13.434721
 12.864194 29.599058 0.033784859 13.478323 16.120735 13.438851
 12.867911 29.595486 0.033788937 13.483148 16.112338 13.442981
 12.871628 29.618467 0.033762719 13.48803 16.130437 13.447113
 12.875345 29.673733 0.033699838 13.492976 16.180757 13.451246
 12.879061 29.687778 0.033683895 13.497994 16.189785 13.45538
 12.882778 29.662336 0.033712786 13.50309 16.159246 13.459515
 12.886495 29.66341 0.033711566 13.508275 16.155135 13.463651
 12.890212 29.683474 0.03368878 13.513559 16.169915 13.467788
 12.893928 29.689171 0.033682315 13.518955 16.170216 13.471927
 12.897645 29.726049 0.033640528 13.524476 16.201573 13.476066
 12.901362 29.772594 0.033587936 13.530139 16.242456 13.480207
 12.905079 29.756861 0.033605695 13.535967 16.220894 13.484349
 12.908795 29.700434 0.033669542 13.541979 16.158455 13.488492
 12.912512 29.688515 0.033683059 13.548203 16.140311 13.492636
 12.916229 29.725613 0.033641022 13.554674 16.170938 13.496781
 12.919945 29.770599 0.033590187 13.561433 16.209167 13.500928
 12.923662 29.783186 0.033575992 13.568522 16.214664 13.505075
 12.927379 29.783667 0.03357545 13.576 16.207667 13.509224
 12.931096 29.796919 0.033560517 13.583945 16.212974 13.513373
 12.934812 29.79048 0.033567771 13.592437 16.198042 13.517524
 12.938529 29.774128 0.033586206 13.601584 16.172544 13.521676
 12.942246 29.805426 0.033550938 13.611531 16.193894 13.525829
 12.945963 29.853134 0.03349732 13.622474 16.23066 13.529984
 12.949679 29.888283 0.033457928 13.634685 16.253598 13.534139
 12.953396 30.001337 0.033331848 13.64866 16.352677 13.538296
 12.957113 30.189213 0.033124415 13.665515 16.523698 13.542453
 12.96083 30.362707 0.03293514 13.687724 16.674983 13.546612
 12.964546 30.597326 0.032682594 13.721018 16.876308 13.550772
 12.968263 31.048592 0.03220758 13.778205 17.270386 13.554933
 12.97198 31.740173 0.031505814 13.885891 17.854282 13.559095
 12.975697 32.72731 0.030555521 14.090307 18.637003 13.563258
 12.979413 34.185799 0.029251913 14.464414 19.721384 13.567423
 12.98313 36.317951 0.027534593 15.112343 21.205608 13.571588
 12.986847 39.324017 0.025429752 16.138287 23.18573 13.575755
 12.990564 43.16367 0.023167632 17.612288 25.551382 13.579923
 12.99428 47.626595 0.020996672 19.521138 28.105457 13.584091
 12.997997 52.372925 0.019093835 21.711411 30.661514 13.588262
 13.001714 56.737289 0.017625093 23.872363 32.864927 13.592433
 13.005431 60.145229 0.016626423 25.595788 34.549441 13.596605
 13.009147 61.978489 0.01613463 26.454058 35.524431 13.600778
 13.012864 61.988838 0.016131936 26.211886 35.776953 13.604953
 13.016581 60.21904 0.016606044 24.947326 35.271714 13.609129
 13.020298 57.075279 0.01752072 22.991793 34.083487 13.613305
 13.024014 53.157429 0.018812046 20.779241 32.378187 13.617483
 13.027731 49.032726 0.020394542 18.690732 30.341994 13.621662
 13.031448 45.177376 0.022134973 16.964419 28.212957 13.625843
 13.035164 41.792149 0.023927939 15.697764 26.094385 13.630024
 13.038881 38.842892 0.025744736 14.857895 23.984997 13.634206
 13.042598 36.386368 0.02748282 14.349042 22.037325 13.63839
 13.046315 34.502728 0.028983216 14.066031 20.436697 13.642575
 13.050031 33.130791 0.030183403 13.920139 19.210652 13.64676
 13.053748 32.11829 0.031134908 13.84702 18.27127 13.650947
 13.057465 31.391626 0.031855629 13.810496 17.58113 13.655135
 13.061182 30.921991 0.032339444 13.7914 17.130591 13.659325
 13.064898 30.642633 0.032634271 13.825026 16.817607 13.663515
 13.068615 30.502445 0.032784257 13.820236 16.682209 13.667706
 13.072332 30.426737 0.032865831 13.817908 16.608829 13.671899
 13.076049 30.378088 0.032918464 13.817324 16.560764 13.676093
 13.079765 30.334249 0.032966037 13.818089 16.516161 13.680288
 13.083482 30.312634 0.032989545 13.819997 16.492637 13.684484
 13.087199 30.33263 0.032967797 13.822925 16.509705 13.688681
 13.090916 30.368965 0.032928353 13.826778 16.542187 13.692879
 13.094632 30.383728 0.032912354 13.831488 16.55224 13.697078
 13.098349 30.377832 0.032918741 13.837022 16.54081 13.701279
 13.102066 30.357306 0.032941 13.843383 16.513922 13.70548
 13.105783 30.357924 0.032940329 13.850564 16.507359 13.709683
 13.109499 30.383949 0.032912114 13.858593 16.525356 13.713887
 13.113216 30.39093 0.032904554 13.867529 16.523401 13.718092
 13.116933 30.39679 0.032898211 13.877444 16.519346 13.722298
 13.12065 30.429962 0.032862348 13.888424 16.541539 13.726505
 13.124366 30.46059 0.032829305 13.900591 16.559999 13.730714
 13.128083 30.513052 0.032772861 13.914133 16.598919 13.734923
 13.1318 30.583458 0.032697414 13.929225 16.654233 13.739134
 13.135516 30.626291 0.032651684 13.946115 16.680176 13.743345
 13.139233 30.661497 0.032614193 13.965139 16.696358 13.747558
 13.14295 30.738939 0.032532027 13.986719 16.752221 13.751772
 13.146667 30.887897 0.03237514 14.011362 16.876535 13.755987
 13.150383 31.094023 0.032160522 14.039825 17.054197 13.760204
 13.1541 31.339045 0.031909077 14.073465 17.265579 13.764421
 13.157817 31.699335 0.031546403 14.114708 17.584627 13.76864
 13.161534 32.233898 0.031023241 14.15651 18.077388 13.772859
 13.16525 32.969597 0.030330974 14.237694 18.731903 13.77708
 13.168967 34.081226 0.029341667 14.375655 19.705572 13.781302
 13.172684 35.819088 0.027918075 14.632822 21.186266 13.785525
 13.176401 38.526543 0.025956131 15.127464 23.399078 13.789749
 13.180117 42.626041 0.023459837 16.070861 26.55518 13.793974
 13.183834 48.65345 0.020553527 17.757283 30.896167 13.798201
 13.187551 57.229073 0.017473636 20.53951 36.689562 13.802428
 13.191268 68.698174 0.014556428 24.746512 43.951662 13.806657
 13.194984 83.028755 0.01204402 30.509683 52.519072 13.810887
 13.198701 99.055489 0.010095352 37.531957 61.523531 13.815118
 13.202418 115.12702 0.0086860581 45.046798 70.080223 13.81935
 13.206135 129.03586 0.0077497838 51.800358 77.2355 13.823583
 13.209851 138.53804 0.0072182341 56.329557 82.208483 13.827817
 13.213568 142.41156 0.0070219019 57.472191 84.939369 13.832053
 13.217285 139.85539 0.0071502427 54.879447 84.975945 13.836289
 13.221002 131.96271 0.0075778985 49.263445 82.699262 13.840527
 13.224718 120.05549 0.0083294817 42.041036 78.014452 13.844766
 13.228435 105.9938 0.0094345137 34.604268 71.389537 13.849006
 13.232152 91.739838 0.01090039 28.040412 63.699425 13.853247
 13.235868 78.604576 0.012721906 22.916913 55.687663 13.857489
 13.239585 67.18557 0.014884149 19.316927 47.868643 13.861732
 13.243302 57.668781 0.017340405 17.025743 40.643038 13.865977
 13.247019 49.99086 0.020003657 15.697926 34.292934 13.870222
 13.250735 44.056236 0.022698262 14.975258 29.080978 13.874469
 13.254452 39.737133 0.025165379 14.601897 25.135236 13.878717
 13.258169 36.72303 0.027230868 14.412945 22.310085 13.882966
 13.261886 34.74091 0.028784508 14.353381 20.387529 13.887216
 13.265602 33.427174 0.029915781 14.295519 19.131655 13.891467
 13.269319 32.596954 0.030677713 14.257475 18.339479 13.89572
 13.273036 32.100262 0.031152394 14.230025 17.870237 13.899973
 13.276753 31.82855 0.031418333 14.209022 17.619528 13.904228
 13.280469 31.653109 0.031592474 14.192672 17.460437 13.908483
 13.284186 31.457073 0.031789353 14.180026 17.277047 13.91274
 13.287903 31.275427 0.031973984 14.170424 17.105003 13.916998
 13.29162 31.185198 0.032066495 14.16339 17.021808 13.921257
 13.295336 31.151697 0.03210098 14.158593 16.993104 13.925518
 13.299053 31.108334 0.032145727 14.155807 16.952527 13.929779
 13.30277 31.050833 0.032205255 14.154803 16.89603 13.934041
 13.306487 31.043648 0.032212709 14.155446 16.888202 13.938305
 13.310203 31.062542 0.032193115 14.157661 16.904881 13.94257
 13.31392 31.04196 0.032214461 14.161397 16.880563 13.946836
 13.317637 31.006859 0.032250929 14.166628 16.84023 13.951103
 13.321354 31.00828 0.032249451 14.173383 16.834897 13.955371
 13.32507 31.046421 0.032209832 14.181762 16.864659 13.95964
 13.328787 31.08395 0.032170943 14.191844 16.892106 13.96391
 13.332504 31.103138 0.032151097 14.203791 16.899347 13.968182
 13.336221 31.12962 0.032123746 14.217843 16.911777 13.972455
 13.339937 31.189556 0.032062014 14.234302 16.955255 13.976728
 13.343654 31.300373 0.031948501 14.253536 17.046837 13.981003
 13.347371 31.423798 0.031823016 14.276083 17.147715 13.985279
 13.351087 31.543547 0.031702206 14.302849 17.240698 13.989556
 13.354804 31.764112 0.03148207 14.33523 17.428882 13.993835
 13.358521 32.118381 0.031134819 14.376226 17.742155 13.998114
 13.362238 32.602875 0.030672142 14.43291 18.169965 14.002395
 13.365954 33.351669 0.029983507 14.480346 18.871323 14.006676
 13.369671 34.611557 0.028892084 14.640148 19.971409 14.010959
 13.373388 36.565006 0.027348553 14.941876 21.62313 14.015243
 13.377105 39.556152 0.025280517 15.528039 24.028113 14.019528
 13.380821 43.983795 0.022735646 16.618133 27.365662 14.023814
 13.384538 50.496609 0.01980331 18.513679 31.982929 14.028101
 13.388255 59.516315 0.016802115 21.563193 37.953122 14.03239
 13.391972 71.22522 0.014039971 26.042072 45.183148 14.036679
 13.395688 85.39695 0.01171002 31.943287 53.453663 14.04097
 13.399405 100.6638 0.0099340574 38.873151 61.790652 14.045262
 13.403122 115.42737 0.0086634566 45.949155 69.478213 14.049555
 13.406839 127.63766 0.0078346784 51.883585 75.754072 14.053849
 13.410555 135.44168 0.0073832515 55.337449 80.104232 14.058144
 13.414272 137.62012 0.0072663795 55.359505 82.260612 14.06244
 13.417989 133.71919 0.007478358 51.917172 81.802021 14.066738
 13.421706 124.98474 0.0080009767 45.995149 78.989592 14.071036
 13.425422 112.9155 0.0088561803 38.932056 73.983441 14.075336
 13.429139 99.407921 0.010059561 32.005598 67.402322 14.079637
 13.432856 86.143448 0.011608544 26.110526 60.032922 14.083939
 13.436573 74.16243 0.013483916 21.637763 52.524667 14.088242
 13.440289 63.904896 0.015648253 18.583839 45.321057 14.092546
 13.444006 55.286457 0.018087612 16.696099 38.590358 14.096852
 13.447723 48.33675 0.020688193 15.613404 32.723346 14.101158
 13.451439 42.922699 0.023297696 15.033894 27.888805 14.105466
 13.455156 38.894634 0.025710487 14.739274 24.15536 14.109774
 13.458873 36.093578 0.027705759 14.620867 21.472711 14.114084
 13.46259 34.310669 0.029145453 14.53973 19.770939 14.118395
 13.466306 33.204136 0.03011673 14.490962 18.713174 14.122707
 13.470023 32.485256 0.030783196 14.458068 18.027188 14.127021
 13.47374 31.987463 0.031262248 14.433744 17.553719 14.131335
 13.477457 31.679241 0.031566413 14.414993 17.264248 14.13565
 13.481173 31.479547 0.031766657 14.400403 17.079145 14.139967
 13.48489 31.34132 0.031906761 14.389107 16.952214 14.144285
 13.488607 31.264053 0.031985616 14.380535 16.883518 14.148604
 13.492324 31.189842 0.03206172 14.374298 16.815544 14.152924
 13.49604 31.077488 0.032177633 14.370121 16.707367 14.157245
 13.499757 30.971033 0.032288235 14.367739 16.603294 14.161567
 13.503474 30.927612 0.032333566 14.366983 16.56063 14.16589
 13.507191 30.93096 0.032330067 14.36775 16.56321 14.170215
 13.510907 30.925318 0.032335965 14.369955 16.555362 14.17454
 13.514624 30.904726 0.032357511 14.373546 16.53118 14.178867
 13.518341 30.883453 0.032379799 14.37852 16.504934 14.183195
 13.522058 30.881573 0.03238177 14.384935 16.496638 14.187524
 13.525774 30.91552 0.032346213 14.392836 16.522683 14.191854
 13.529491 30.963724 0.032295857 14.402337 16.561387 14.196186
 13.533208 31.015888 0.03224154 14.413621 16.602267 14.200518
 13.536925 31.056143 0.032199749 14.426916 16.629226 14.204852
 13.540641 31.10301 0.032151229 14.442513 16.660497 14.209186
 13.544358 31.216614 0.032034224 14.460841 16.755773 14.213522
 13.548075 31.346716 0.031901268 14.482647 16.864069 14.217859
 13.551792 31.459021 0.031787385 14.509101 16.94992 14.222197
 13.555508 31.639906 0.031605657 14.542773 17.097133 14.226536
 13.559225 32.026684 0.031223963 14.589769 17.436915 14.230876
 13.562942 32.704121 0.030577187 14.66445 18.039671 14.235218
 13.566658 33.756065 0.029624306 14.758141 18.997925 14.23956
 13.570375 35.361996 0.028278947 15.01296 20.349036 14.243904
 13.574092 37.756775 0.026485313 15.50588 22.250895 14.248249
 13.577809 41.317226 0.02420298 16.415136 24.90209 14.252595
 13.581525 46.443199 0.021531678 17.982304 28.460895 14.256942
 13.585242 53.663013 0.018634809 20.481009 33.182004 14.26129
 13.588959 62.932777 0.015889971 24.113724 38.819053 14.265639
 13.592676 74.048218 0.013504714 28.852496 45.195722 14.26999
 13.596392 86.00441 0.011627311 34.358481 51.645929 14.274341
 13.600109 97.411179 0.010265762 39.908425 57.502754 14.278694
 13.603826 106.76379 0.0093664712 44.478273 62.28552 14.283048
 13.607543 112.49771 0.0088890697 47.027534 65.470177 14.287403
 13.611259 113.87643 0.0087814481 46.848022 67.028412 14.291759
 13.614976 110.65149 0.009037384 43.976857 66.674633 14.296116
 13.618693 103.8027 0.0096336611 39.218928 64.583768 14.300474
 13.62241 94.47879 0.010584386 33.629831 60.848959 14.304834
 13.626126 84.017494 0.011902283 28.200342 55.817152 14.309194
 13.629843 73.771919 0.013555293 23.609169 50.16275 14.313556
 13.63356 64.493614 0.015505411 20.143296 44.350318 14.317919
 13.637277 56.488197 0.017702813 17.78738 38.700817 14.322283
 13.640993 49.795414 0.020082171 16.335133 33.460281 14.326648
 13.64471 44.346436 0.022549727 15.504273 28.842163 14.331014
 13.648427 40.108486 0.02493238 15.06041 25.048076 14.335382
 13.652144 36.996891 0.027029298 14.853831 22.14306 14.33975
 13.65586 34.772205 0.028758602 14.739192 20.033013 14.34412
 13.659577 33.315418 0.030016132 14.67713 18.638288 14.34849
 13.663294 32.444809 0.030821572 14.639911 17.804898 14.352862
 13.66701 31.898209 0.031349723 14.614888 17.283321 14.357235
 13.670727 31.484463 0.031761698 14.596482 16.887981 14.361609
 13.674444 31.176378 0.032075567 14.582385 16.593993 14.365985
 13.678161 30.975729 0.03228334 14.571507 16.404222 14.370361
 13.681877 30.879887 0.032383539 14.563166 16.316721 14.374739
 13.685594 30.83642 0.032429186 14.556919 16.279501 14.379117
 13.689311 30.76071 0.032509003 14.552459 16.208251 14.383497
 13.693028 30.683929 0.03259035 14.549563 16.134367 14.387878
 13.696744 30.656569 0.032619437 14.54802 16.108549 14.39226
 13.700461 30.67868 0.032595926 14.547693 16.130988 14.396643
 13.704178 30.710201 0.03256247 14.548493 16.161708 14.401027
 13.707895 30.684696 0.032589536 14.550345 16.134351 14.405413
 13.711611 30.614281 0.032664494 14.553197 16.061083 14.409799
 13.715328 30.565388 0.032716745 14.557038 16.00835 14.414187
 13.719045 30.538223 0.032745847 14.561896 15.976327 14.418576
 13.722762 30.532795 0.032751669 14.567792 15.965003 14.422965
 13.726478 30.546068 0.032737438 14.574797 15.971271 14.427356
 13.730195 30.556911 0.032725821 14.583032 15.973879 14.431749
 13.733912 30.550287 0.032732916 14.592651 15.957636 14.436142
 13.737629 30.556431 0.032726335 14.603863 15.952568 14.440536
 13.741345 30.633293 0.032644221 14.617009 16.016284 14.444932
 13.745062 30.766565 0.032502816 14.632762 16.133803 14.449329
 13.748779 30.903278 0.032359026 14.652383 16.250895 14.453726
 13.752496 31.094248 0.032160289 14.678834 16.415414 14.458125
 13.756212 31.41634 0.03183057 14.719202 16.697137 14.462525
 13.759929 31.967443 0.031281826 14.789365 17.178079 14.466927
 13.763646 32.802521 0.030485462 14.889763 17.912758 14.471329
 13.767363 34.023785 0.029391204 15.14188 18.881905 14.475732
 13.771079 35.794376 0.027937349 15.613429 20.180947 14.480137
 13.774796 38.461845 0.025999793 16.434825 22.02702 14.484542
 13.778513 42.250896 0.023668137 17.75589 24.495007 14.488949
 13.782229 47.27829 0.021151357 19.704321 27.573969 14.493357
 13.785946 53.404129 0.018725144 22.300794 31.103335 14.497766
 13.789663 60.151527 0.016624682 25.379068 34.77246 14.502177
 13.79338 66.805687 0.014968786 28.573733 38.231954 14.506588
 13.797096 72.38546 0.013814929 31.323932 41.061528 14.511
 13.800813 76.12001 0.01313715 33.024217 43.095793 14.515414
 13.80453 77.555916 0.012893923 33.234063 44.321853 14.519829
 13.808247 76.356926 0.013096389 31.881962 44.474964 14.524244
 13.811963 72.99099 0.013700321 29.337973 43.653017 14.528661
 13.81568 68.048683 0.014695362 26.208393 41.84029 14.533079
 13.819397 62.247337 0.016064944 23.064589 39.182749 14.537499
 13.823114 56.282818 0.017767412 20.338651 35.944167 14.541919
 13.82683 50.78754 0.019689869 18.236289 32.551251 14.546341
 13.830547 46.025974 0.021726862 16.773307 29.252668 14.550763
 13.834264 42.007942 0.023805022 15.850456 26.157486 14.555187
 13.837981 38.780849 0.025785923 15.317997 23.462853 14.559612
 13.841697 36.18631 0.02763476 15.029803 21.156507 14.564038
 13.845414 34.224651 0.029218705 14.892699 19.331953 14.568465
 13.849131 32.847019 0.030444163 14.819373 18.027646 14.572893
 13.852848 31.947531 0.031301324 14.781268 17.166263 14.577322
 13.856564 31.354126 0.031893729 14.759733 16.594393 14.581753
 13.860281 30.966925 0.032292519 14.746253 16.220672 14.586185
 13.863998 30.671511 0.032603546 14.737093 15.934417 14.590617
 13.867715 30.478626 0.032809878 14.730592 15.748034 14.595051
 13.871431 30.419003 0.032874188 14.726012 15.69299 14.599486
 13.875148 30.445101 0.032846007 14.722966 15.722135 14.603922
 13.878865 30.445066 0.032846044 14.721169 15.723897 14.60836
 13.882581 30.388845 0.032906811 14.720428 15.668418 14.612798
 13.886298 30.290945 0.033013166 14.720603 15.570343 14.617237
 13.890015 30.174519 0.033140545 14.721593 15.452925 14.621678
 13.893732 30.134527 0.033184526 14.723304 15.411223 14.62612
 13.897448 30.17264 0.033142609 14.725677 15.446963 14.630563
 13.901165 30.214781 0.033096384 14.728678 15.486103 14.635007
 13.904882 30.226061 0.033084033 14.732281 15.49378 14.639452
 13.908599 30.182825 0.033131425 14.736474 15.446351 14.643898
 13.912315 30.134352 0.033184719 14.741269 15.393082 14.648346
 13.916032 30.149267 0.033168302 14.746703 15.402564 14.652794
 13.919749 30.187555 0.033126233 14.752811 15.434744 14.657244
 13.923466 30.200411 0.033112132 14.759663 15.440748 14.661695
 13.927182 30.198538 0.033114186 14.767371 15.431167 14.666147
 13.930899 30.206245 0.033105736 14.776089 15.430157 14.6706
 13.934616 30.232689 0.03307678 14.786067 15.446622 14.675054
 13.938333 30.258677 0.033048372 14.797814 15.460863 14.679509
 13.942049 30.310125 0.032992275 14.812533 15.497593 14.683965
 13.945766 30.425209 0.032867482 14.832885 15.592325 14.688423
 13.949483 30.639496 0.032637613 14.864927 15.774569 14.692882
 13.9532 31.025375 0.032231681 14.921909 16.103466 14.697342
 13.956916 31.641113 0.031604451 15.011492 16.629622 14.701802
 13.960633 32.514652 0.030755365 15.21335 17.301302 14.706265
 13.96435 33.755775 0.02962456 15.572893 18.182883 14.710728
 13.968067 35.565182 0.028117388 16.177751 19.387431 14.715192
 13.971783 37.971268 0.026335702 17.103699 20.867569 14.719658
 13.9755 41.05154 0.024359622 18.392671 22.65887 14.724124
 13.979217 44.598709 0.022422174 20.010799 24.58791 14.728592
 13.982934 48.294399 0.020706335 21.804369 26.490031 14.733061
 13.98665 51.732857 0.019330075 23.507119 28.225738 14.737531
 13.990367 54.405624 0.018380453 24.788868 29.616756 14.742002
 13.994084 55.913052 0.017884912 25.322665 30.590386 14.746474
 13.9978 55.981899 0.017862917 24.973379 31.00852 14.750947
 14.001517 54.777279 0.018255744 23.841148 30.936131 14.755422
 14.005234 52.434734 0.019071328 22.207194 30.227541 14.759897
 14.008951 49.393261 0.020245677 20.416266 28.976995 14.764374
 14.012667 46.15498 0.021666135 18.753954 27.401026 14.768852
 14.016384 43.107883 0.023197613 17.394356 25.713527 14.773331
 14.020101 40.369423 0.024771224 16.404788 23.964634 14.777811
 14.023818 37.892513 0.026390437 15.749395 22.143119 14.782292
 14.027534 35.781307 0.027947554 15.352543 20.428764 14.786775
 14.031251 34.148533 0.029283835 15.13211 19.016423 14.791258
 14.034968 32.943695 0.030354822 15.049404 17.894291 14.795743
 14.038685 32.002033 0.031248015 14.993956 17.008077 14.800228
 14.042401 31.281069 0.031968217 14.967554 16.313515 14.804715
 14.046118 30.789644 0.032478453 14.955206 15.834439 14.809203
 14.049835 30.50658 0.032779813 14.949415 15.557166 14.813692
 14.053552 30.33337 0.032966993 14.947011 15.386359 14.818183
 14.057268 30.236759 0.033072327 14.946651 15.290108 14.822674
 14.060985 30.1773 0.033137491 14.947743 15.229557 14.827167
 14.064702 30.138924 0.033179685 14.949983 15.188941 14.83166
 14.068419 30.159477 0.033157073 14.953218 15.20626 14.836155
 14.072135 30.195761 0.033117232 14.957366 15.238395 14.840651
 14.075852 30.176392 0.033138488 14.96236 15.214032 14.845148
 14.079569 30.118502 0.033202183 14.968167 15.150334 14.849646
 14.083286 30.064438 0.033261889 14.974788 15.08965 14.854145
 14.087002 30.071869 0.03325367 14.98225 15.089619 14.858646
 14.090719 30.131147 0.033188248 14.990582 15.140566 14.863147
 14.094436 30.16744 0.033148321 14.999848 15.167592 14.86765
 14.098152 30.167585 0.033148162 15.010159 15.157427 14.872154
 14.101869 30.150246 0.033167226 15.02163 15.128616 14.876659
 14.105586 30.153261 0.033163909 15.034416 15.118845 14.881165
 14.109303 30.208838 0.033102896 15.048731 15.160106 14.885672
 14.113019 30.283707 0.033021057 15.064875 15.218832 14.89018
 14.116736 30.344238 0.032955185 15.083186 15.261052 14.894689
 14.120453 30.428217 0.032864233 15.104191 15.324026 14.8992
 14.12417 30.606367 0.03267294 15.128835 15.477532 14.903712
 14.127886 30.915739 0.032345984 15.158922 15.756817 14.908224
 14.131603 31.316355 0.031932197 15.198455 16.117899 14.912738
 14.13532 31.798056 0.031448464 15.256746 16.54131 14.917253
 14.139037 32.530071 0.030740787 15.355738 17.174333 14.92177
 14.142753 33.768997 0.029612961 15.539057 18.22994 14.926287
 14.14647 35.627472 0.028068228 15.878003 19.749469 14.930805
 14.150187 38.403854 0.026039053 16.535208 21.868646 14.935325
 14.153904 42.431282 0.023567518 17.701994 24.729288 14.939846
 14.15762 48.297852 0.020704855 19.613388 28.684463 14.944368
 14.161337 56.016769 0.017851797 22.484426 33.532343 14.94889
 14.165054 65.614525 0.015240528 26.417879 39.196646 14.953415
 14.168771 76.420059 0.01308557 31.219022 45.201037 14.95794
 14.172487 87.384903 0.011443624 36.388948 50.995955 14.962466
 14.176204 97.16391 0.010291887 41.111647 56.052263 14.966994
 14.179921 104.03926 0.0096117561 44.399492 59.639769 14.971522
 14.183638 107.43956 0.0093075586 45.445809 61.993751 14.976052
 14.187354 106.75152 0.0093675483 43.959326 62.792192 14.980583
 14.191071 102.34808 0.0097705787 40.314888 62.033196 14.985115
 14.194788 94.980843 0.010528439 35.44639 59.534453 14.989648
 14.198505 85.935768 0.011636598 30.300223 55.635545 14.994182
 14.202221 76.392372 0.013090312 25.643274 50.749098 14.998717
 14.205938 67.342575 0.014849447 21.924767 45.417808 15.003254
 14.209655 59.260471 0.016874655 19.248677 40.011794 15.007791
 14.213371 52.351383 0.019101692 17.499741 34.851643 15.01233
 14.217088 46.596867 0.02146067 16.462637 30.13423 15.01687
 14.220805 41.921223 0.023854266 15.88613 26.035093 15.021411
 14.224522 38.232662 0.026155647 15.58359 22.649072 15.025953
 14.228238 35.493664 0.028174043 15.429925 20.063739 15.030496
 14.231955 33.665932 0.029703619 15.349985 18.315947 15.035041
 14.235672 32.501434 0.030767873 15.304523 17.196911 15.039586
 14.239389 31.728996 0.031516913 15.275522 16.453474 15.044133
 14.243105 31.185673 0.032066007 15.255004 15.930669 15.048681
 14.246822 30.768448 0.032500827 15.239341 15.529106 15.05323
 14.250539 30.485924 0.032802024 15.226985 15.258939 15.05778
 14.254256 30.34289 0.03295665 15.217141 15.125748 15.062331
 14.257972 30.307562 0.032995066 15.20931 15.098251 15.066883
 14.261689 30.261154 0.033045666 15.203107 15.058047 15.071436
 14.265406 30.134453 0.033184608 15.198261 14.936192 15.075991
 14.269123 30.016302 0.03331523 15.194572 14.82173 15.080547
 14.272839 29.958414 0.033379604 15.191846 14.766568 15.085103
 14.276556 29.940136 0.033399982 15.189939 14.750197 15.089661
 14.280273 29.943575 0.033396146 15.188737 14.754838 15.09422
 14.28399 29.907867 0.033436018 15.188148 14.71972 15.09878
 14.287706 29.86595 0.033482947 15.18808 14.67787 15.103342
 14.291423 29.826273 0.033527488 15.188466 14.637807 15.107904
 14.29514 29.77309 0.033587377 15.189256 14.583835 15.112468
 14.298857 29.78112 0.03357832 15.190395 14.590725 15.117032
 14.302573 29.780546 0.033578968 15.191841 14.588705 15.121598
 14.30629 29.719215 0.033648264 15.19356 14.525655 15.126165
 14.310007 29.70936 0.033659426 15.195524 14.513837 15.130733
 14.313723 29.730236 0.033635791 15.197702 14.532535 15.135302
 14.31744 29.714888 0.033653164 15.200071 14.514816 15.139873
 14.321157 29.699142 0.033671006 15.202616 14.496527 15.144444
 14.324874 29.731684 0.033634153 15.205316 14.526368 15.149017
 14.32859 29.7924 0.033565607 15.208155 14.584246 15.15359
 14.332307 29.7854 0.033573495 15.21112 14.57428 15.158165
 14.336024 29.694153 0.033676664 15.184501 14.509652 15.162741
 14.339741 29.609331 0.033773137 15.189068 14.420263 15.167318
 14.343457 29.598127 0.033785921 15.193636 14.404492 15.171896
 14.347174 29.627035 0.033752956 15.198205 14.428831 15.176476
 14.350891 29.610889 0.03377136 15.202775 14.408115 15.181056
 14.354608 29.575365 0.033811924 15.207346 14.368019 15.185638
 14.358324 29.555912 0.033834178 15.211918 14.343994 15.19022
 14.362041 29.514183 0.033882015 15.216492 14.297691 15.194804
 14.365758 29.469967 0.033932851 15.221066 14.248901 15.199389
 14.369475 29.497309 0.033901398 15.225642 14.271667 15.203975
 14.373191 29.565258 0.033823483 15.230219 14.335039 15.208563
 14.376908 29.604929 0.033778159 15.234797 14.370132 15.213151
 14.380625 29.611904 0.033770203 15.239376 14.372528 15.21774
 14.384342 29.562565 0.033826564 15.243956 14.318609 15.222331
 14.388058 29.492241 0.033907223 15.248538 14.243703 15.226923
 14.391775 29.481028 0.03392012 15.25312 14.227908 15.231516
 14.395492 29.528414 0.033865686 15.257704 14.27071 15.23611
 14.399209 29.569693 0.03381841 15.262288 14.307404 15.240705
 14.402925 29.567455 0.033820969 15.278401 14.289054 15.245301
 14.406642 29.56978 0.03381831 15.283571 14.286209 15.249898
 14.410359 29.58144 0.03380498 15.288788 14.292652 15.254497
 14.414076 29.548309 0.033842884 15.294057 14.254253 15.259096
 14.417792 29.536024 0.03385696 15.299382 14.236642 15.263697
 14.421509 29.570303 0.033817712 15.304769 14.265534 15.268299
 14.425226 29.549156 0.033841914 15.310227 14.238929 15.272902
 14.428942 29.501404 0.033896692 15.315763 14.185641 15.277506
 14.432659 29.50321 0.033894617 15.321386 14.181824 15.282111
 14.436376 29.531422 0.033862237 15.327107 14.204315 15.286718
 14.440093 29.580633 0.033805902 15.33294 14.247693 15.291325
 14.443809 29.629816 0.033749788 15.338897 14.290919 15.295934
 14.447526 29.610914 0.033771331 15.344997 14.265917 15.300544
 14.451243 29.55447 0.033835829 15.351259 14.203211 15.305155
 14.45496 29.539099 0.033853436 15.357709 14.18139 15.309767
 14.458676 29.583542 0.033802579 15.364372 14.21917 15.31438
 14.462393 29.649937 0.033726885 15.371283 14.278654 15.318994
 14.46611 29.681082 0.033691494 15.378486 14.302596 15.32361
 14.469827 29.65085 0.033725846 15.386028 14.264823 15.328226
 14.473543 29.601379 0.033782209 15.393967 14.207413 15.332844
 14.47726 29.609924 0.033772461 15.40238 14.207545 15.337463
 14.480977 29.660297 0.033715104 15.411365 14.248933 15.342082
 14.484694 29.657063 0.033718781 15.421033 14.236029 15.346704
 14.48841 29.613361 0.033768541 15.431545 14.181816 15.351326
 14.492127 29.695419 0.033675227 15.443163 14.252256 15.355949
 14.495844 29.856354 0.033493708 15.456321 14.400033 15.360573
 14.499561 29.946026 0.033393413 15.471936 14.474089 15.365199
 14.503277 30.072155 0.033253353 15.492139 14.580016 15.369826
 14.506994 30.368988 0.032928328 15.52198 14.847009 15.374453
 14.510711 30.775908 0.032492949 15.572023 15.203885 15.379082
 14.514428 31.302942 0.031945879 15.663193 15.639749 15.383712
 14.518144 32.11747 0.031135703 15.834783 16.282687 15.388344
 14.521861 33.433796 0.029909855 16.147058 17.286738 15.392976
 14.525578 35.239178 0.028377507 16.680192 18.558986 15.397609
 14.529294 37.739624 0.026497349 17.524165 20.215459 15.402244
 14.533011 40.92868 0.024432745 18.75114 22.177541 15.40688
 14.536728 44.782036 0.022330383 20.355331 24.426705 15.411517
 14.540445 49.062271 0.020382261 22.231479 26.830792 15.416155
 14.544161 53.145302 0.018816339 24.149397 28.995905 15.420794
 14.547878 56.617687 0.017662325 25.77269 30.844997 15.425434
 14.551595 58.981659 0.016954423 26.749959 32.2317 15.430075
 14.555312 59.998753 0.016667013 26.826653 33.1721 15.434718
 14.559028 59.457436 0.016818754 25.969944 33.487491 15.439361
 14.562745 57.461483 0.017402962 24.424624 33.036859 15.444006
 14.566462 54.501637 0.018348073 22.536544 31.965092 15.448652
 14.570179 51.010479 0.019603815 20.646045 30.364434 15.453299
 14.573895 47.39341 0.02109998 19.004809 28.388601 15.457947
 14.577612 43.920761 0.022768276 17.733409 26.187352 15.462596
 14.581329 40.831036 0.024491174 16.845024 23.986012 15.467247
 14.585046 38.262508 0.026135244 16.324557 21.937951 15.471898
 14.588762 36.104424 0.027697437 15.998451 20.105973 15.476551
 14.592479 34.363762 0.029100423 15.822529 18.541233 15.481204
 14.596196 32.986469 0.03031546 15.734375 17.252094 15.485859
 14.599913 31.983875 0.031265755 15.692113 16.291762 15.490515
 14.603629 31.3004 0.031948474 15.672343 15.628057 15.495172
 14.607346 30.853859 0.032410857 15.663421 15.190438 15.499831
 14.611063 30.582819 0.032698098 15.659926 14.922893 15.50449
 14.61478 30.423367 0.032869472 15.659375 14.763991 15.509151
 14.618496 30.324627 0.032976498 15.660786 14.663841 15.513812
 14.622213 30.272427 0.033033361 15.663733 14.608694 15.518475
 14.62593 30.24618 0.033062027 15.667999 14.578181 15.523139
 14.629647 30.294579 0.033009207 15.673462 14.621117 15.527804
 14.633363 30.327452 0.032973427 15.68007 14.647382 15.53247
 14.63708 30.267704 0.033038515 15.687832 14.579872 15.537137
 14.640797 30.220854 0.033089734 15.696751 14.524103 15.541806
 14.644513 30.21587 0.033095191 15.706882 14.508988 15.546475
 14.64823 30.213873 0.033097379 15.71833 14.495543 15.551146
 14.651947 30.263275 0.03304335 15.731234 14.532041 15.555818
 14.655664 30.389748 0.032905834 15.745755 14.643992 15.560491
 14.65938 30.526567 0.032758351 15.762125 14.764442 15.565165
 14.663097 30.552664 0.03273037 15.780692 14.771972 15.56984
 14.666814 30.524973 0.032760062 15.801827 14.723146 15.574516
 14.670531 30.599581 0.032680186 15.826086 14.773494 15.579193
 14.674247 30.800072 0.032467457 15.854382 14.94569 15.583872
 14.677964 31.104759 0.032149421 15.888415 15.216344 15.588552
 14.681681 31.516825 0.031729085 15.931671 15.585154 15.593233
 14.685398 32.030945 0.03121981 15.992173 16.038772 15.597914
 14.689114 32.847893 0.030443353 16.089214 16.758679 15.602598
 14.692831 34.086765 0.029336899 16.262926 17.823839 15.607282
 14.696548 35.983803 0.027790281 16.591354 19.392448 15.611967
 14.700265 38.781689 0.025785365 17.214384 21.567305 15.616653
 14.703981 43.203175 0.023146447 18.355432 24.847742 15.621341
 14.707698 49.376431 0.020252578 20.283866 29.092565 15.62603
 14.711415 58.081867 0.017217077 23.323838 34.758029 15.63072
 14.715132 69.213318 0.014448086 27.700307 41.513011 15.635411
 14.718848 82.470352 0.01212557 33.366213 49.104139 15.640103
 14.722565 96.808388 0.010329683 39.907683 56.900705 15.644796
 14.726282 110.38455 0.0090592387 46.497649 63.886903 15.64949
 14.729999 121.72123 0.0082154938 51.946989 69.774241 15.654186
 14.733715 128.90466 0.0077576713 55.05691 73.847753 15.658882
 14.737432 131.43913 0.0076080843 55.023042 76.416091 15.66358
 14.741149 128.78786 0.0077647072 51.809708 76.978149 15.668279
 14.744865 121.66887 0.0082190293 46.296963 75.371906 15.672979
 14.748582 111.57732 0.0089623952 39.70773 71.869586 15.67768
 14.752299 99.875015 0.010012514 33.187098 66.687917 15.682382
 14.756016 87.959679 0.011368846 27.58004 60.379639 15.687085
 14.759732 76.833458 0.013015163 23.266512 53.566946 15.69179
 14.763449 66.976257 0.014930664 20.279593 46.696664 15.696496
 14.767166 58.58083 0.017070431 18.38638 40.19445 15.701202
 14.770883 51.461773 0.0194319 17.282473 34.1793 15.70591
 14.774599 45.565971 0.021946202 16.679595 28.886376 15.710619
 14.778316 40.966881 0.024409962 16.366824 24.600056 15.715329
 14.782033 37.538136 0.026639576 16.207717 21.330418 15.720041
 14.78575 35.08297 0.028503858 16.122251 18.960719 15.724753
 14.789466 33.547993 0.029808043 16.071993 17.476 15.729466
 14.793183 32.537029 0.030734213 16.038964 16.498065 15.734181
 14.7969 31.825113 0.031421726 16.015027 15.810087 15.738897
 14.800617 31.331043 0.031917226 15.996706 15.334337 15.743614
 14.804333 31.010042 0.032247618 15.982422 15.02762 15.748332
 14.80805 30.791149 0.032476865 15.971354 14.819795 15.753051
 14.811767 30.667795 0.032607496 15.96289 14.704906 15.757771
 14.815484 30.677494 0.032597187 15.956643 14.720851 15.762493
 14.8192 30.718508 0.032553665 15.952345 14.766163 15.767215
 14.822917 30.58305 0.032697851 15.949769 14.63328 15.771939
 14.826634 30.347897 0.032951213 15.948741 14.399155 15.776663
 14.830351 30.260275 0.033046626 15.949151 14.311124 15.781389
 14.834067 30.304617 0.032998272 15.95096 14.353657 15.786116
 14.837784 30.303556 0.032999427 15.954113 14.349443 15.790845
 14.841501 30.278389 0.033026856 15.95863 14.319759 15.795574
 14.845218 30.275253 0.033030277 15.96459 14.310663 15.800304
 14.848934 30.312792 0.032989373 15.972125 14.340667 15.805036
 14.852651 30.392441 0.032902918 15.981456 14.410985 15.809768
 14.856368 30.480103 0.032808289 15.993041 14.487061 15.814502
 14.860084 30.558424 0.032724201 16.007973 14.550451 15.819237
 14.863801 30.678843 0.032595754 16.028608 14.650235 15.823973
 14.867518 30.889454 0.032373509 16.060423 14.829031 15.82871
 14.871235 31.229128 0.032021387 16.115691 15.113437 15.833449
 14.874951 31.822367 0.031424438 16.21963 15.602737 15.838188
 14.878668 32.900608 0.030394575 16.416718 16.48389 15.842929
 14.882385 34.391773 0.029076721 16.778578 17.613195 15.84767
 14.886102 36.431255 0.027448958 17.412206 19.019049 15.852413
 14.889818 39.172886 0.025527861 18.392936 20.779949 15.857157
 14.893535 42.956501 0.023279363 19.894368 23.062133 15.861902
 14.897252 47.60083 0.021008037 21.904404 25.696426 15.866649
 14.900969 52.729607 0.018964678 24.31789 28.411717 15.871396
 14.904685 57.810616 0.017297861 26.862526 30.94809 15.876144
 14.908402 62.223709 0.016071045 29.135983 33.087726 15.880894
 14.912119 65.500885 0.015266969 30.654815 34.84607 15.885645
 14.915836 67.025246 0.014919751 31.046731 35.978514 15.890396
 14.919552 66.895874 0.014948605 30.210713 36.685161 15.895149
 14.923269 65.003395 0.015383812 28.364543 36.638852 15.899904
 14.926986 61.715706 0.016203331 25.944174 35.771532 15.904659
 14.930703 57.409275 0.017418788 23.417651 33.991624 15.909415
 14.934419 52.840134 0.018925009 21.140984 31.69915 15.914173
 14.938136 48.562424 0.020592053 19.328012 29.234412 15.918931
 14.941853 44.780506 0.022331146 18.033139 26.747368 15.923691
 14.94557 41.525208 0.024081758 17.180342 24.344865 15.928452
 14.949286 38.707348 0.025834888 16.669742 22.037606 15.933214
 14.953003 36.350513 0.027509928 16.388133 19.96238 15.937977
 14.95672 34.421597 0.029051529 16.240556 18.181041 15.942741
 14.960436 32.898273 0.030396732 16.166203 16.732071 15.947506
 14.964153 31.795792 0.031450703 16.129071 15.666721 15.952273
 14.96787 31.131546 0.032121758 16.109432 15.022114 15.957041
 14.971587 30.726227 0.032545487 16.098148 14.628079 15.961809
 14.975303 30.403454 0.032891 16.091178 14.312276 15.966579
 14.97902 30.125204 0.033194796 16.086766 14.038438 15.97135
 14.982737 29.966238 0.033370889 16.084078 13.88216 15.976122
 14.986454 29.942631 0.033397199 16.08272 13.85991 15.980896
 14.99017 29.920729 0.033421646 16.08247 13.838259 15.98567
 14.993887 29.84132 0.033510582 16.083156 13.758164 15.990446
 14.997604 29.800087 0.033556949 16.084656 13.715431 15.995222
 15.001321 29.800005 0.033557041 16.086888 13.713117 16
