 1.000356 63.553524 0.015734769 64.652965 -1.0994405 64.652965
 1.0040727 63.509933 0.015745568 64.705805 -1.1958717 64.705805
 1.0077895 63.5082 0.015745998 64.758468 -1.2502676 64.758468
 1.0115062 63.523371 0.015742238 64.810953 -1.2875818 64.810953
 1.015223 63.621737 0.015717898 64.863261 -1.241524 64.863261
 1.0189397 63.663428 0.015707605 64.915392 -1.2519644 64.915392
 1.0226564 63.70918 0.015696325 64.967347 -1.2581671 64.967347
 1.0263732 63.751059 0.015686014 65.019126 -1.2680666 65.019126
 1.0300899 63.762853 0.015683113 65.070729 -1.3078755 65.070729
 1.0338067 63.736265 0.015689655 65.122156 -1.3858912 65.122156
 1.0375234 63.721683 0.015693245 65.173408 -1.4517242 65.173408
 1.0412401 63.746647 0.0156871 65.224485 -1.477838 65.224485
 1.0449569 63.791231 0.015676136 65.275388 -1.484157 65.275388
 1.0486736 63.785249 0.015677606 65.326116 -1.540867 65.326116
 1.0523904 63.77801 0.015679385 65.376671 -1.5986606 65.376671
 1.0561071 63.760146 0.015683778 65.427052 -1.6669059 65.427052
 1.0598239 63.824673 0.015667922 65.47726 -1.6525869 65.47726
 1.0635406 63.875238 0.015655519 65.527295 -1.6520568 65.527295
 1.0672573 63.890004 0.015651901 65.577157 -1.6871525 65.577157
 1.0709741 63.883498 0.015653495 65.626847 -1.7433494 65.626847
 1.0746908 63.910028 0.015646997 65.676366 -1.7663378 65.676366
 1.0784076 63.937658 0.015640235 65.725713 -1.7880548 65.725713
 1.0821243 63.979336 0.015630047 65.774888 -1.7955523 65.774888
 1.085841 64.012137 0.015622037 65.823893 -1.8117556 65.823893
 1.0895578 64.048589 0.015613146 65.872727 -1.8241377 65.872727
 1.0932745 64.04461 0.015614116 65.921391 -1.8767803 65.921391
 1.0969913 64.033857 0.015616739 65.969884 -1.9360278 65.969884
 1.100708 64.034246 0.015616644 66.018209 -1.983963 66.018209
 1.1044248 64.039138 0.015615451 66.066364 -2.0272264 66.066364
 1.1081415 64.099018 0.015600863 66.11435 -2.0153319 66.11435
 1.1118582 64.128746 0.015593631 66.162167 -2.0334214 66.162167
 1.115575 64.134122 0.015592324 66.209817 -2.0756944 66.209817
 1.1192917 64.1031 0.01559987 66.257298 -2.1541979 66.257298
 1.1230085 64.188152 0.015579199 66.304611 -2.1164589 66.304611
 1.1267252 64.26811 0.015559817 66.351757 -2.0836478 66.351757
 1.1304419 64.350293 0.015539945 66.398737 -2.0484431 66.398737
 1.1341587 64.397118 0.015528645 66.445549 -2.0484316 66.445549
 1.1378754 64.462893 0.0155128 66.492195 -2.0293021 66.492195
 1.1415922 64.445694 0.015516941 66.538675 -2.0929814 66.538675
 1.1453089 64.46476 0.015512351 66.58499 -2.1202298 66.58499
 1.1490257 64.471616 0.015510702 66.631139 -2.1595225 66.631139
 1.1527424 64.502586 0.015503254 66.677122 -2.1745361 66.677122
 1.1564591 64.507062 0.015502179 66.722942 -2.2158792 66.722942
 1.1601759 64.508792 0.015501763 66.768596 -2.2598047 66.768596
 1.1638926 64.525047 0.015497858 66.814087 -2.2890395 66.814087
 1.1676094 64.568756 0.015487367 66.859414 -2.2906574 66.859414
 1.1713261 64.597145 0.01548056 66.904577 -2.3074317 66.904577
 1.1750428 64.659877 0.015465541 66.949577 -2.2897003 66.949577
 1.1787596 64.684992 0.015459536 66.994414 -2.3094216 66.994414
 1.1824763 64.736247 0.015447297 67.039089 -2.302842 67.039089
 1.1861931 64.730626 0.015448638 67.083601 -2.3529749 67.083601
 1.1899098 64.761614 0.015441246 67.127952 -2.3663374 67.127952
 1.1936266 64.798027 0.015432569 67.172141 -2.3741138 67.172141
 1.1973433 64.817642 0.015427898 67.216169 -2.3985263 67.216169
 1.20106 64.834076 0.015423988 67.260035 -2.4259594 67.260035
 1.2047768 64.84785 0.015420712 67.303741 -2.4558919 67.303741
 1.2084935 64.829653 0.01542504 67.347287 -2.5176338 67.347287
 1.2122103 64.817835 0.015427852 67.390673 -2.5728376 67.390673
 1.215927 64.845367 0.015421302 67.433899 -2.5885319 67.433899
 1.2196437 64.909688 0.015406021 67.476966 -2.5672777 67.476966
 1.2233605 64.945412 0.015397547 67.519874 -2.574462 67.519874
 1.2270772 64.951441 0.015396117 67.562623 -2.6111812 67.562623
 1.230794 65.004239 0.015383612 67.605213 -2.6009737 67.605213
 1.2345107 65.035512 0.015376215 67.647646 -2.6121332 67.647646
 1.2382274 65.062711 0.015369787 67.68992 -2.627209 67.68992
 1.2419442 65.07977 0.015365758 67.732037 -2.6522668 67.732037
 1.2456609 65.1573 0.015347474 67.773997 -2.6166968 67.773997
 1.2493777 65.26106 0.015323073 67.8158 -2.55474 67.8158
 1.2530944 65.326986 0.01530761 67.857447 -2.5304608 67.857447
 1.2568112 65.350817 0.015302027 67.898937 -2.5481193 67.898937
 1.2605279 65.379705 0.015295266 67.940271 -2.5605661 67.940271
 1.2642446 65.404147 0.01528955 67.981449 -2.5773026 67.981449
 1.2679614 65.412575 0.01528758 68.022473 -2.609898 68.022473
 1.2716781 65.396243 0.015291398 68.063341 -2.6670983 68.063341
 1.2753949 65.398921 0.015290772 68.104055 -2.7051339 68.104055
 1.2791116 65.442894 0.015280498 68.144614 -2.7017198 68.144614
 1.2828283 65.485057 0.015270659 68.185019 -2.6999622 68.185019
 1.2865451 65.504265 0.015266182 68.22527 -2.7210052 68.22527
 1.2902618 65.511337 0.015264533 68.265368 -2.7540305 68.265368
 1.2939786 65.549657 0.01525561 68.305312 -2.7556552 68.305312
 1.2976953 65.591342 0.015245915 68.345104 -2.7537626 68.345104
 1.301412 65.602414 0.015243341 68.384743 -2.782329 68.384743
 1.3051288 65.629049 0.015237155 68.42423 -2.7951817 68.42423
 1.3088455 65.658457 0.01523033 68.463565 -2.8051079 68.463565
 1.3125623 65.739812 0.015211482 68.502749 -2.7629364 68.502749
 1.316279 65.802409 0.015197012 68.541781 -2.7393718 68.541781
 1.3199957 65.85288 0.015185365 68.580662 -2.7277818 68.580662
 1.3237125 65.888992 0.015177042 68.619392 -2.7303996 68.619392
 1.3274292 65.95211 0.015162517 68.657972 -2.7058615 68.657972
 1.331146 66.00796 0.015149688 68.696402 -2.6884415 68.696402
 1.3348627 66.03831 0.015142726 68.734681 -2.6963717 68.734681
 1.3385795 66.017886 0.01514741 68.772812 -2.7549259 68.772812
 1.3422962 65.995402 0.015152571 68.810793 -2.8153909 68.810793
 1.3460129 65.940155 0.015165266 68.848625 -2.9084701 68.848625
 1.3497297 65.904645 0.015173437 68.886309 -2.9816635 68.886309
 1.3534464 65.873817 0.015180538 68.923844 -3.0500268 68.923844
 1.3571632 65.884773 0.015178014 68.961232 -3.0764583 68.961232
 1.3608799 65.957308 0.015161322 68.998471 -3.0411627 68.998471
 1.3645966 66.019071 0.015147138 69.035563 -3.0164924 69.035563
 1.3683134 66.07517 0.015134278 69.072508 -2.9973386 69.072508
 1.3720301 66.100548 0.015128468 69.109307 -3.008759 69.109307
 1.3757469 66.123845 0.015123137 69.145959 -3.0221131 69.145959
 1.3794636 66.171305 0.015112291 69.182464 -3.0111588 69.182464
 1.3831804 66.268135 0.015090209 69.218824 -2.9506889 69.218824
 1.3868971 66.359484 0.015069436 69.255038 -2.8955537 69.255038
 1.3906138 66.389796 0.015062556 69.291107 -2.9013108 69.291107
 1.3943306 66.383578 0.015063967 69.32703 -2.9434525 69.32703
 1.3980473 66.371391 0.015066733 69.36281 -2.9914182 69.36281
 1.4017641 66.36495 0.015068195 69.398444 -3.0334946 69.398444
 1.4054808 66.382703 0.015064165 69.433935 -3.0512315 69.433935
 1.4091976 66.409785 0.015058022 69.469281 -3.0594964 69.469281
 1.4129143 66.4428 0.01505054 69.504484 -3.0616846 69.504484
 1.416631 66.450951 0.015048694 69.539544 -3.0885937 69.539544
 1.4203478 66.470291 0.015044315 69.574461 -3.1041701 69.574461
 1.4240645 66.478666 0.01504242 69.609236 -3.1305699 69.609236
 1.4277813 66.518087 0.015033505 69.643868 -3.1257808 69.643868
 1.431498 66.57106 0.015021542 69.678357 -3.1072972 69.678357
 1.4352147 66.637492 0.015006567 69.712706 -3.0752138 69.712706
 1.4389315 66.677442 0.014997576 69.746912 -3.0694703 69.746912
 1.4426482 66.717318 0.014988612 69.780978 -3.0636595 69.780978
 1.446365 66.773499 0.014976001 69.814902 -3.0414038 69.814902
 1.4500817 66.820257 0.014965522 69.848686 -3.0284298 69.848686
 1.4537984 66.82828 0.014963725 69.88233 -3.0540499 69.88233
 1.4575152 66.803185 0.014969346 69.915834 -3.1126492 69.915834
 1.4612319 66.846194 0.014959715 69.949198 -3.1030037 69.949198
 1.4649487 66.900454 0.014947582 69.982422 -3.0819681 69.982422
 1.4686654 66.952227 0.014936023 70.015508 -3.0632804 70.015508
 1.4723822 67.023534 0.014920132 70.048454 -3.0249201 70.048454
 1.4760989 67.11514 0.014899768 70.081262 -2.9661219 70.081262
 1.4798156 67.188649 0.014883466 70.113932 -2.9252825 70.113932
 1.4835324 67.199043 0.014881164 70.146464 -2.9474204 70.146464
 1.4872491 67.218307 0.014876899 70.178858 -2.9605503 70.178858
 1.4909659 67.256266 0.014868503 70.211115 -2.9548483 70.211115
 1.4946826 67.291201 0.014860784 70.243234 -2.9520328 70.243234
 1.4983993 67.338198 0.014850412 70.275217 -2.9370185 70.275217
 1.5021161 67.380425 0.014841106 70.307063 -2.9266385 70.307063
 1.5058328 67.430489 0.014830087 70.338773 -2.9082844 70.338773
 1.5095496 67.511574 0.014812275 70.370347 -2.8587732 70.370347
 1.5132663 67.569532 0.01479957 70.401785 -2.8322536 70.401785
 1.516983 67.653936 0.014781106 70.433088 -2.7791525 70.433088
 1.5206998 67.701591 0.014770702 70.464256 -2.7626647 70.464256
 1.5244165 67.745623 0.014761101 70.495289 -2.7496659 70.495289
 1.5281333 67.820903 0.014744717 70.526188 -2.7052852 70.526188
 1.53185 67.88873 0.014729985 70.556952 -2.6682215 70.556952
 1.5355668 67.933449 0.014720289 70.587582 -2.6541334 70.587582
 1.5392835 68.010422 0.014703629 70.618079 -2.607657 70.618079
 1.5430002 68.098961 0.014684512 70.648442 -2.5494811 70.648442
 1.546717 68.191073 0.014664676 70.678672 -2.4875991 70.678672
 1.5504337 68.258672 0.014650153 70.708769 -2.4500973 70.708769
 1.5541505 68.330788 0.014634692 70.738734 -2.4079465 70.738734
 1.5578672 68.357018 0.014629076 70.768567 -2.4115491 70.768567
 1.5615839 68.416387 0.014616381 70.798267 -2.3818802 70.798267
 1.5653007 68.494507 0.014599711 70.827836 -2.333329 70.827836
 1.5690174 68.590515 0.014579275 70.857273 -2.2667581 70.857273
 1.5727342 68.685323 0.014559151 70.886579 -2.2012564 70.886579
 1.5764509 68.783707 0.014538327 70.915755 -2.1320483 70.915755
 1.5801676 68.858032 0.014522634 70.9448 -2.0867675 70.9448
 1.5838844 68.939418 0.01450549 70.973714 -2.0342968 70.973714
 1.5876011 69.038099 0.014484756 71.002499 -1.9644001 71.002499
 1.5913179 69.10172 0.01447142 71.031154 -1.9294334 71.031154
 1.5950346 69.125308 0.014466482 71.059679 -1.9343712 71.059679
 1.5987513 69.189382 0.014453085 71.088075 -1.8986931 71.088075
 1.6024681 69.262667 0.014437792 71.116342 -1.853675 71.116342
 1.6061848 69.328705 0.01442404 71.144481 -1.8157761 71.144481
 1.6099016 69.420369 0.014404994 71.172491 -1.7521218 71.172491
 1.6136183 69.530014 0.014382278 71.200373 -1.6703594 71.200373
 1.6173351 69.622569 0.014363159 71.228128 -1.6055591 71.228128
 1.6210518 69.698112 0.014347591 71.255755 -1.5576423 71.255755
 1.6247685 69.815046 0.01432356 71.283255 -1.4682089 71.283255
 1.6284853 69.932381 0.014299527 71.310627 -1.3782466 71.310627
 1.632202 70.054504 0.0142746 71.337873 -1.283369 71.337873
 1.6359188 70.148633 0.014255445 71.364993 -1.2163597 71.364993
 1.6396355 70.237928 0.014237322 71.391987 -1.1540588 71.391987
 1.6433522 70.348066 0.014215032 71.418854 -1.0707885 71.418854
 1.647069 70.531876 0.014177987 71.445596 -0.91372069 71.445596
 1.6507857 70.687754 0.014146722 71.472213 -0.78445877 71.472213
 1.6545025 70.823962 0.014119515 71.498705 -0.67474293 71.498705
 1.6582192 70.953102 0.014093816 71.525072 -0.57196977 71.525072
 1.661936 71.114103 0.014061908 71.551314 -0.4372117 71.551314
 1.6656527 71.277657 0.014029642 71.577433 -0.2997761 71.577433
 1.6693694 71.393321 0.014006913 71.603427 -0.21010628 71.603427
 1.6730862 71.503616 0.013985307 71.629298 -0.12568135 71.629298
 1.6768029 71.634763 0.013959703 71.655045 -0.020281877 71.655045
 1.6805197 71.790548 0.01392941 71.680669 0.10987858 71.680669
 1.6842364 71.933571 0.013901715 71.70617 0.22740045 71.70617
 1.6879532 72.035863 0.013881974 71.731549 0.30431405 71.731549
 1.6916699 72.122632 0.013865273 71.756806 0.36582674 71.756806
 1.6953866 72.184141 0.013853459 71.78194 0.40220056 71.78194
 1.6991034 72.254557 0.013839957 71.806953 0.44760475 71.806953
 1.7028201 72.35052 0.013821601 71.831844 0.51867619 71.831844
 1.7065368 72.44912 0.01380279 71.856613 0.59250609 71.856613
 1.7102536 72.528374 0.013787707 71.881262 0.64711136 71.881262
 1.7139703 72.611992 0.01377183 71.905791 0.70620126 71.905791
 1.7176871 72.704196 0.013754364 71.930198 0.77399728 71.930198
 1.7214038 72.747452 0.013746186 71.954486 0.7929658 71.954486
 1.7251206 72.792999 0.013737585 71.978654 0.81434559 71.978654
 1.7288373 72.88059 0.013721074 72.002702 0.87788804 72.002702
 1.732554 72.990499 0.013700413 72.02663 0.96386837 72.02663
 1.7362708 73.081131 0.013683423 72.05044 1.0306909 72.05044
 1.7399875 73.141739 0.013672084 72.074131 1.0676079 72.074131
 1.7437043 73.219533 0.013657558 72.097703 1.1218301 72.097703
 1.747421 73.286278 0.013645119 72.121157 1.1651206 72.121157
 1.7511378 73.356687 0.013632022 72.144493 1.2121938 72.144493
 1.7548545 73.449183 0.013614855 72.167711 1.2814719 72.167711
 1.7585712 73.568764 0.013592725 72.190812 1.3779518 72.190812
 1.762288 73.692342 0.013569931 72.213795 1.4785468 72.213795
 1.7660047 73.78216 0.013553412 72.236662 1.5454987 72.236662
 1.7697215 73.870547 0.013537195 73.075304 0.79524328 72.259412
 1.7734382 73.988726 0.013515573 73.124855 0.86387179 72.282045
 1.7771549 74.079351 0.013499038 73.175654 0.903697 72.304562
 1.7808717 74.177462 0.013481184 73.227783 0.94967906 72.326963
 1.7845884 74.277486 0.01346303 73.281333 0.99615294 72.349249
 1.7883052 74.370013 0.01344628 73.336417 1.0335955 72.371419
 1.7920219 74.461886 0.013429689 73.393179 1.0687074 72.393474
 1.7957387 74.570635 0.013410104 73.451717 1.1189184 72.415414
 1.7994554 74.687485 0.013389124 73.512171 1.1753135 72.43724
 1.8031721 74.818235 0.013365726 73.574725 1.24351 72.458951
 1.8068889 74.962377 0.013340025 73.639536 1.3228409 72.480548
 1.8106056 75.114461 0.013313016 73.706772 1.4076888 72.502031
 1.8143224 75.263135 0.013286717 73.776643 1.4864927 72.523401
 1.8180391 75.42395 0.013258388 73.84942 1.5745298 72.544657
 1.8217558 75.566978 0.013233293 73.925302 1.6416766 72.565801
 1.8254726 75.689044 0.013211952 74.004558 1.6844855 72.586831
 1.8291893 75.811684 0.013190579 74.087539 1.7241446 72.607749
 1.8329061 75.933271 0.013169458 74.174575 1.7586956 72.628555
 1.8366228 76.072055 0.013145432 74.266006 1.8060481 72.649249
 1.8403395 76.240969 0.013116308 74.362254 1.8787156 72.66983
 1.8440563 76.443693 0.013081524 74.46389 1.9798025 72.690301
 1.847773 76.633507 0.013049122 74.571342 2.0621648 72.71066
 1.8514898 76.806857 0.013019671 74.685195 2.1216615 72.730908
 1.8552065 76.950691 0.012995335 74.806194 2.144497 72.751046
 1.8589232 77.097338 0.012970616 74.935102 2.1622367 72.771073
 1.86264 77.271164 0.012941438 75.072696 2.1984679 72.79099
 1.8663567 77.468074 0.012908544 75.21994 2.2481337 72.810796
 1.8700735 77.667989 0.012875317 75.378181 2.2898085 72.830493
 1.8737902 77.886706 0.012839162 75.548485 2.3382215 72.850081
 1.8775069 78.09624 0.012804714 75.732302 2.363938 72.869559
 1.8812237 78.302297 0.012771017 75.93147 2.3708274 72.888929
 1.8849404 78.510391 0.012737167 76.148015 2.3623762 72.90819
 1.8886572 78.750793 0.012698285 76.384037 2.3667567 72.927342
 1.8923739 78.983536 0.012660866 76.642177 2.3413591 72.946386
 1.8960907 79.222748 0.012622637 76.926097 2.296651 72.965322
 1.8998074 79.479912 0.012581796 77.239104 2.2408081 72.984151
 1.9035241 79.762327 0.012537247 77.585535 2.176792 73.002872
 1.9072409 80.097031 0.012484857 77.970974 2.1260562 73.021486
 1.9109576 80.409838 0.012436289 78.402071 2.0077672 73.039993
 1.9146744 80.685974 0.012393728 78.88598 1.7999938 73.058393
 1.9183911 81.027555 0.012341481 79.431966 1.5955886 73.076687
 1.9221078 81.433924 0.012279895 80.052972 1.3809528 73.094875
 1.9258246 81.927882 0.012205857 80.762352 1.1655298 73.112956
 1.9295413 82.528366 0.012117046 81.57767 0.95069624 73.130932
 1.9332581 83.261121 0.012010408 82.974306 0.28681463 73.148803
 1.9369748 84.081963 0.011893157 84.094795 -0.012832564 73.166569
 1.9406916 85.142451 0.011745022 85.41726 -0.27480905 73.184229
 1.9444083 86.537328 0.011555707 87.006301 -0.46897306 73.201785
 1.948125 88.407616 0.011311243 88.9856 -0.57798444 73.219236
 1.9518418 91.138578 0.010972302 91.587798 -0.44922033 73.236584
 1.9555585 95.120906 0.010512936 95.296568 -0.17566232 73.253827
 1.9592753 100.81366 0.009919291 101.11026 -0.29660028 73.270966
 1.962992 109.77941 0.0091091764 110.98566 -1.2062465 73.288003
 1.9667088 123.77985 0.0080788591 128.11746 -4.3376078 73.304935
 1.9704255 145.21299 0.0068864361 157.28683 -12.073841 73.321765
 1.9741422 179.75069 0.0055632609 204.88741 -25.136714 73.338493
 1.977859 234.33787 0.0042673427 276.72264 -42.384775 73.355118
 1.9815757 311.4921 0.0032103543 375.74395 -64.251852 73.37164
 1.9852924 412.72205 0.0024229382 499.25154 -86.529493 73.388061
 1.9890092 533.71175 0.0018736706 635.72875 -102.017 73.40438
 1.9927259 644.56295 0.0015514389 763.6853 -119.12235 73.420597
 1.9964427 714.77639 0.0013990389 854.64365 -139.86727 73.436713
 2.0001594 727.94796 0.0013737246 880.08371 -152.13575 73.452728
 2.0038762 678.71059 0.001473382 831.30245 -152.59186 73.468643
 2.0075929 584.43007 0.0017110687 725.58034 -141.15026 73.484457
 2.0113096 465.47083 0.0021483624 592.08149 -126.61067 73.50017
 2.0150264 356.07632 0.0028083867 458.06091 -101.98459 73.515784
 2.0187431 271.00635 0.0036899505 341.67467 -70.668321 73.531298
 2.0224599 207.32599 0.004823322 252.12474 -44.79875 73.546712
 2.0261766 162.97388 0.0061359525 188.86847 -25.894587 73.562027
 2.0298934 135.70013 0.0073691895 148.09093 -12.390795 73.577243
 2.0336101 118.66509 0.0084270781 123.44897 -4.7838755 73.59236
 2.0373268 107.8508 0.0092720683 109.23033 -1.3795304 73.607379
 2.0410436 101.45429 0.0098566552 101.15032 0.30397387 73.622299
 2.0447603 97.457591 0.010260873 96.323653 1.133938 73.637121
 2.0484771 94.829295 0.010545265 93.218396 1.610899 73.651845
 2.0521938 93.180016 0.010731915 91.045683 2.1343328 73.666472
 2.0559105 92.126157 0.01085468 89.410929 2.7152278 73.681001
 2.0596273 91.417814 0.010938787 88.126671 3.2911423 73.695433
 2.063344 90.967257 0.010992966 87.09999 3.8672677 73.709769
 2.0670608 90.662315 0.011029941 86.279954 4.3823609 73.724007
 2.0707775 90.468506 0.01105357 85.627182 4.8413237 73.738149
 2.0744942 90.346354 0.011068515 85.117322 5.2290318 73.752195
 2.078211 90.345876 0.011068574 84.733811 5.6120653 73.766145
 2.0819277 90.472987 0.011053023 84.463521 6.0094661 73.78
 2.0856445 90.721647 0.011022728 84.296656 6.4249906 73.793758
 2.0893612 91.063833 0.010981308 84.228099 6.8357335 73.807422
 2.093078 91.523315 0.010926178 84.257839 7.265476 73.82099
 2.0967947 92.113141 0.010856214 84.385216 7.7279256 73.834464
 2.1005114 92.963244 0.01075694 84.614709 8.3485354 73.847843
 2.1042282 94.088679 0.010628271 84.955649 9.1330297 73.861128
 2.1079449 95.421674 0.010479799 85.421742 9.9999326 73.874319
 2.1116617 97.051102 0.01030385 86.032044 11.019058 73.887416
 2.1153784 99.104612 0.010090348 86.819495 12.285117 73.90042
 2.1190951 101.57255 0.0098451793 87.849659 13.722894 73.91333
 2.1228119 104.63206 0.0095572999 89.241338 15.390724 73.926147
 2.1265286 108.65682 0.0092032877 91.243524 17.413298 73.938871
 2.1302454 113.86171 0.0087825839 94.371923 19.489784 73.951502
 2.1339621 121.141 0.0082548433 99.623641 21.517363 73.964041
 2.1376788 132.22208 0.0075630333 108.64488 23.577204 73.976488
 2.1413956 149.08789 0.0067074529 123.92433 25.163557 73.988843
 2.1451123 175.8627 0.0056862542 148.88696 26.975738 74.001106
 2.1488291 219.70806 0.0045514943 186.70543 33.002638 74.013278
 2.1525458 282.83394 0.0035356435 239.31834 43.515605 74.025358
 2.1562626 366.07991 0.0027316441 305.89581 60.184097 74.037347
 2.1599793 468.63057 0.002133877 381.00957 87.621007 74.049245
 2.163696 565.78687 0.00176745 453.89998 111.88689 74.061053
 2.1674128 632.03552 0.0015821896 509.5605 122.47502 74.072771
 2.1711295 650.96407 0.0015361831 531.49447 119.4696 74.084398
 2.1748463 616.42961 0.0016222452 512.44734 103.98227 74.095936
 2.178563 541.40633 0.0018470416 459.40266 82.003672 74.107383
 2.1822797 441.16261 0.0022667379 387.79281 53.369793 74.118742
 2.1859965 344.85249 0.0028997906 313.25043 31.60206 74.130011
 2.1897132 268.44458 0.0037251637 246.76259 21.681993 74.141191
 2.19343 210.67774 0.004746586 193.98469 16.693054 74.152283
 2.1971467 170.2717 0.0058729665 156.37961 13.892097 74.163285
 2.2008634 145.70123 0.0068633601 131.9255 13.775723 74.1742
 2.2045802 131.51705 0.0076035769 117.36789 14.149158 74.185027
 2.2082969 123.83386 0.008075336 109.54827 14.285592 74.195765
 2.2120137 120.85719 0.0082742284 105.997 14.860187 74.206416
 2.2157304 121.47033 0.0082324627 105.09969 16.370641 74.21698
 2.2194472 124.84526 0.0080099158 106.21234 18.632916 74.227456
 2.2231639 130.99505 0.0076338765 109.54697 21.448072 74.237846
 2.2268806 141.41683 0.0070712939 116.23422 25.182618 74.248149
 2.2305974 157.38286 0.0063539319 128.57771 28.805157 74.258365
 2.2343141 180.96997 0.0055257788 149.58867 31.3813 74.268495
 2.2380309 219.35864 0.0045587446 186.35507 33.003569 74.278539
 2.2417476 278.19789 0.0035945636 243.64059 34.557297 74.288497
 2.2454644 362.28548 0.0027602541 325.86102 36.424463 74.29837
 2.2491811 480.43523 0.002081446 433.77142 46.663813 74.308157
 2.2528978 626.72514 0.0015955958 560.66901 66.056128 74.317859
 2.2566146 773.58081 0.0012926898 691.29049 82.290325 74.327476
 2.2603313 890.73332 0.0011226705 802.63397 88.099348 74.337008
 2.264048 950.19509 0.0010524155 863.80524 86.389851 74.346456
 2.2677648 930.66536 0.0010745001 855.80422 74.861146 74.35582
 2.2714815 836.68469 0.0011951934 781.45803 55.22666 74.365099
 2.2751983 694.25802 0.0014403867 663.83022 30.4278 74.374295
 2.278915 549.39209 0.0018201937 531.8241 17.567991 74.383407
 2.2826318 421.42033 0.0023729278 407.58721 13.833116 74.392436
 2.2863485 316.87564 0.0031558122 304.21224 12.663398 74.401382
 2.2900652 241.27078 0.0041447208 227.06308 14.207698 74.410244
 2.293782 191.54848 0.0052206104 174.05582 17.492666 74.419024
 2.2974987 158.45767 0.0063108338 140.25324 18.204428 74.427721
 2.3012155 136.41397 0.0073306275 119.97997 16.433998 74.436337
 2.3049322 122.84011 0.0081406636 108.13436 14.705752 74.44487
 2.3086489 113.70752 0.0087944929 101.08668 12.620844 74.453321
 2.3123657 107.37151 0.0093134573 96.661791 10.709722 74.46169
 2.3160824 103.12413 0.0096970517 93.657184 9.466944 74.469978
 2.3197992 100.03014 0.0099969873 91.421309 8.6088271 74.478185
 2.3235159 97.692909 0.010236157 89.655438 8.037471 74.486311
 2.3272327 96.015747 0.010414958 88.211392 7.8043551 74.494356
 2.3309494 94.676058 0.010562332 87.006249 7.6698093 74.502321
 2.3346661 93.60997 0.010682623 85.986921 7.6230488 74.510205
 2.3383829 92.790723 0.010776939 85.118871 7.6718526 74.518009
 2.3420996 92.097847 0.010858017 84.378131 7.7197162 74.525734
 2.3458164 91.544439 0.010923656 83.742164 7.8022744 74.533378
 2.3495331 91.105441 0.010976293 83.194971 7.91047 74.540943
 2.3532499 90.741557 0.011020309 82.724404 8.017153 74.548429
 2.3569666 90.44779 0.011056102 82.320342 8.1274479 74.555836
 2.3606833 90.235761 0.011082081 81.973647 8.2621142 74.563164
 2.3644001 90.085492 0.011100567 81.677699 8.4077933 74.570413
 2.3681168 90.000074 0.011111102 81.427841 8.5722329 74.577584
 2.3718335 89.953473 0.011116858 81.219028 8.7344454 74.584677
 2.3755503 89.95754 0.011116356 81.047715 8.9098252 74.591691
 2.379267 90.023794 0.011108174 80.91145 9.1123433 74.598628
 2.3829838 90.181605 0.011088736 80.80843 9.3731749 74.605488
 2.3867005 90.406359 0.011061169 80.736763 9.6695963 74.61227
 2.3904173 90.668508 0.011029188 80.695584 9.9729243 74.618975
 2.394134 90.93042 0.01099742 80.685024 10.245396 74.625603
 2.3978507 91.256058 0.010958177 80.704897 10.551161 74.632154
 2.4015675 91.679888 0.010907518 80.755755 10.924134 74.638629
 2.4052842 92.166667 0.01084991 80.839002 11.327665 74.645028
 2.409001 92.723595 0.010784742 80.956867 11.766727 74.65135
 2.4127177 93.332222 0.010714413 80.672541 12.659681 74.657597
 2.4164345 94.00249 0.010638016 80.880141 13.122349 74.663767
 2.4201512 94.746579 0.010554471 81.132015 13.614565 74.669863
 2.4238679 95.522636 0.010468723 81.433266 14.089371 74.675883
 2.4275847 96.27386 0.010387036 81.790364 14.483496 74.681828
 2.4313014 96.974803 0.010311957 82.211978 14.762825 74.687699
 2.4350182 97.703288 0.01023507 82.709854 14.993434 74.693494
 2.4387349 98.447406 0.010157708 83.296254 15.151151 74.699216
 2.4424516 99.234647 0.010077126 83.988098 15.24655 74.704863
 2.4461684 100.13571 0.0099864477 84.809504 15.326203 74.710436
 2.4498851 101.184 0.0098829859 85.790812 15.393183 74.715935
 2.4536019 102.48923 0.0097571223 86.976545 15.51269 74.721361
 2.4573186 104.37844 0.0095805227 88.443424 15.935015 74.726714
 2.4610353 106.97668 0.0093478317 90.344657 16.632023 74.731993
 2.4647521 110.73801 0.0090303227 92.966155 17.771859 74.737199
 2.4684688 116.72291 0.0085672985 96.880926 19.841982 74.742333
 2.4721856 125.8612 0.0079452606 103.21126 22.649935 74.747393
 2.4759023 139.77665 0.0071542709 113.87932 25.897326 74.752382
 2.4796191 162.76449 0.0061438462 131.76496 30.999532 74.757298
 2.4833358 197.85505 0.0050542052 160.72104 37.134006 74.762143
 2.4870525 249.30184 0.0040112018 205.26785 44.033998 74.766916
 2.4907693 326.73885 0.0030605482 268.26432 58.474531 74.771617
 2.494486 428.07187 0.0023360563 349.8189 78.252972 74.776247
 2.4982028 544.67588 0.0018359542 445.27357 99.40231 74.780806
 2.5019195 667.63466 0.0014978252 543.25568 124.37898 74.785294
 2.5056362 768.59629 0.0013010731 626.22003 142.37626 74.789711
 2.509353 820.06852 0.0012194103 672.50778 147.56074 74.794057
 2.5130697 806.41781 0.001240052 667.15887 139.25894 74.798334
 2.5167865 735.06093 0.0013604314 612.27768 122.78325 74.80254
 2.5205032 628.08535 0.0015921403 525.07746 103.00789 74.806676
 2.5242199 503.21098 0.001987238 426.33628 76.8747 74.810743
 2.5279367 386.24233 0.0025890482 332.83383 53.408499 74.81474
 2.5316534 293.36823 0.0034086854 254.38723 38.980993 74.818667
 2.5353702 224.21975 0.0044599105 194.78188 29.43787 74.822526
 2.5390869 175.44191 0.0056998922 153.55171 21.890207 74.826316
 2.5428037 143.03351 0.0069913685 126.852 16.181511 74.830037
 2.5465204 122.94652 0.0081336177 110.48882 12.457705 74.833689
 2.5502371 110.1198 0.0090810189 100.79424 9.3255587 74.837273
 2.5539539 101.88249 0.0098152293 95.002364 6.8801253 74.840789
 2.5576706 96.820811 0.010328358 91.343355 5.4774557 74.844237
 2.5613874 93.40554 0.010706003 88.847367 4.5581735 74.847618
 2.5651041 91.088666 0.010978314 87.008457 4.0802093 74.850931
 2.5688208 89.532672 0.011169107 85.557951 3.974721 74.854176
 2.5725376 88.365712 0.011316607 84.368234 3.9974785 74.857354
 2.5762543 87.443225 0.011435992 83.371246 4.0719789 74.860466
 2.5799711 86.716838 0.011531786 82.524608 4.1922293 74.863511
 2.5836878 86.111145 0.011612899 81.797288 4.3138569 74.866489
 2.5874046 85.61555 0.011680121 81.167966 4.4475834 74.869401
 2.5911213 85.222839 0.011733944 80.621176 4.6016634 74.872246
 2.594838 84.85055 0.011785427 80.142358 4.7081928 74.875026
 2.5985548 84.49496 0.011835025 79.720693 4.7742666 74.87774
 2.6022715 84.209251 0.01187518 79.347846 4.8614058 74.880389
 2.6059883 83.960266 0.011910396 79.016931 4.9433348 74.882972
 2.609705 83.773087 0.011937008 78.721478 5.051609 74.88549
 2.6134217 83.560997 0.011967306 78.456676 5.1043207 74.887942
 2.6171385 83.348185 0.011997862 78.21886 5.1293255 74.890331
 2.6208552 83.154167 0.012025856 78.004263 5.1499041 74.892654
 2.624572 83.000315 0.012048147 77.809909 5.1904061 74.894913
 2.6282887 82.882197 0.012065317 77.633445 5.2487525 74.897108
 2.6320054 82.744873 0.012085341 77.47291 5.2719632 74.899239
 2.6357222 82.614057 0.012104478 77.326251 5.2878062 74.901306
 2.6394389 82.478381 0.012124389 77.191936 5.2864452 74.90331
 2.6431557 82.381083 0.012138709 77.068779 5.3123045 74.90525
 2.6468724 82.296817 0.012151138 76.9555 5.3413163 74.907126
 2.6505892 82.247533 0.012158419 76.851031 5.3965022 74.90894
 2.6543059 82.193527 0.012166408 76.754517 5.4390101 74.910691
 2.6580226 82.138392 0.012174575 76.665263 5.4731296 74.912379
 2.6617394 82.083832 0.012182667 76.582453 5.5013787 74.914005
 2.6654561 82.00234 0.012194774 76.505488 5.4968515 74.915568
 2.6691729 81.864723 0.012215274 76.433899 5.430824 74.91707
 2.6728896 81.690219 0.012241368 76.367166 5.3230523 74.918509
 2.6766063 81.52317 0.012266451 76.304829 5.218341 74.919887
 2.6803231 81.38063 0.012287936 76.246521 5.1341098 74.921203
 2.6840398 81.246773 0.012308181 76.598924 4.6478486 74.922458
 2.6877566 81.159988 0.012321342 76.559217 4.6007714 74.923651
 2.6914733 81.056157 0.012337126 76.523093 4.5330645 74.924784
 2.69519 80.958656 0.012351984 76.490373 4.4682833 74.925856
 2.6989068 80.840675 0.01237001 76.460847 4.3798279 74.926867
 2.7026235 80.755191 0.012383105 76.434319 4.3208716 74.927818
 2.7063403 80.697093 0.01239202 76.410643 4.2864494 74.928709
 2.710057 80.651853 0.012398971 76.38974 4.2621124 74.929539
 2.7137738 80.614237 0.012404757 76.371444 4.2427934 74.93031
 2.7174905 80.569977 0.012411571 76.35566 4.2143164 74.931021
 2.7212072 80.528392 0.012417981 76.342337 4.1860542 74.931673
 2.724924 80.472491 0.012426607 76.331407 4.1410844 74.932265
 2.7286407 80.413722 0.012435689 76.322794 4.0909278 74.932798
 2.7323575 80.338933 0.012447265 76.316463 4.0224703 74.933272
 2.7360742 80.275897 0.012457039 76.312437 3.9634594 74.933688
 2.739791 80.211395 0.012467057 76.310659 3.9007367 74.934045
 2.7435077 80.162951 0.012474591 76.311129 3.8518224 74.934344
 2.7472244 80.109032 0.012482987 76.313885 3.7951469 74.934584
 2.7509412 80.077726 0.012487867 76.318959 3.7587667 74.934767
 2.7546579 80.057426 0.012491034 76.326367 3.7310591 74.934891
 2.7583746 80.043905 0.012493144 76.336165 3.7077396 74.934958
 2.7620914 80.037577 0.012494131 76.348472 3.6891055 74.934968
 2.7658081 80.011063 0.012498272 75.775146 4.2359165 74.93492
 2.7695249 79.989357 0.012501663 75.809383 4.1799739 74.934815
 2.7732416 79.94696 0.012508293 75.845712 4.1012484 74.934654
 2.7769584 79.905436 0.012514793 75.884327 4.0211096 74.934435
 2.7806751 79.896197 0.01251624 75.925399 3.9707982 74.93416
 2.7843918 79.917048 0.012512975 75.969148 3.9478996 74.933829
 2.7881086 79.955297 0.012506989 76.015878 3.9394184 74.933441
 2.7918253 79.999644 0.012500056 76.065823 3.9338213 74.932998
 2.7955421 80.051491 0.01249196 76.119278 3.9322126 74.932498
 2.7992588 80.122027 0.012480962 76.176617 3.9454104 74.931943
 2.8029756 80.169472 0.012473576 76.238262 3.9312101 74.931333
 2.8066923 80.201243 0.012468635 76.304594 3.8966495 74.930667
 2.810409 80.208295 0.012467538 76.376101 3.8321941 74.929946
 2.8141258 80.252686 0.012460642 76.453445 3.7992406 74.929171
 2.8178425 80.310359 0.012451694 76.537197 3.7731616 74.92834
 2.8215593 80.391563 0.012439116 76.628054 3.7635091 74.927455
 2.825276 80.489212 0.012424025 76.726889 3.7623229 74.926516
 2.8289927 80.649503 0.012399332 76.834754 3.8147495 74.925522
 2.8327095 80.837639 0.012370475 76.952622 3.8850169 74.924474
 2.8364262 81.058866 0.012336713 77.081755 3.9771109 74.923373
 2.840143 81.269259 0.012304776 77.223841 4.0454185 74.922217
 2.8438597 81.471825 0.012274182 77.380507 4.0913176 74.921009
 2.8475765 81.640147 0.012248876 77.553703 4.0864443 74.919747
 2.8512932 81.811188 0.012223267 77.745893 4.0652952 74.918431
 2.8550099 82.017626 0.012192501 77.960216 4.0574102 74.917063
 2.8587267 82.276131 0.012154193 78.199738 4.076393 74.915642
 2.8624434 82.546832 0.012114335 78.468482 4.07835 74.914169
 2.8661601 82.836349 0.012071995 78.771866 4.0644832 74.912643
 2.8698769 83.214541 0.01201713 79.115712 4.0988292 74.911064
 2.8735936 83.677968 0.011950577 79.507066 4.1709024 74.909434
 2.8773104 84.260058 0.011868019 79.955103 4.3049552 74.907751
 2.8810271 84.943207 0.011772572 80.47229 4.4709172 74.906017
 2.8847439 85.703697 0.011668108 81.072096 4.6316012 74.904232
 2.8884606 86.566963 0.011551751 81.773596 4.7933674 74.902395
 2.8921773 87.633191 0.011411201 82.605895 5.0272963 74.900506
 2.8958941 88.957664 0.011241302 83.612372 5.3452924 74.898567
 2.8996108 90.653618 0.011030999 84.867894 5.7857239 74.896577
 2.9033276 92.925708 0.010761285 86.516801 6.4089065 74.894536
 2.9070443 95.920761 0.010425272 88.857498 7.0632632 74.892444
 2.9107611 100.03024 0.0099969769 92.420753 7.6094874 74.890302
 2.9144778 106.20333 0.009415901 98.144451 8.058875 74.88811
 2.9181945 115.28556 0.0086741134 107.58437 7.7011848 74.885868
 2.9219113 128.98871 0.0077526164 122.90961 6.0791042 74.883576
 2.925628 151.28051 0.0066102369 146.61945 4.6610532 74.881234
 2.9293447 184.70275 0.0054141044 181.08317 3.6195794 74.878843
 2.9330615 232.28792 0.0043050022 227.75982 4.5280968 74.876402
 2.9367782 298.15243 0.0033539892 285.24382 12.908606 74.873913
 2.940495 373.646 0.00267633 349.03839 24.607607 74.871374
 2.9442117 445.08403 0.0022467668 410.6061 34.47793 74.868786
 2.9479285 497.79656 0.0020088528 457.39596 40.400597 74.86615
 2.9516452 515.31123 0.0019405748 476.55589 38.755336 74.863465
 2.9553619 492.85277 0.0020290035 461.59637 31.256403 74.860732
 2.9590787 435.08653 0.0022983934 417.16179 17.924733 74.857951
 2.9627954 362.72538 0.0027569066 356.66522 6.0601609 74.855122
 2.9665122 292.70141 0.003416451 292.58812 0.11329031 74.852245
 2.9702289 230.74009 0.0043338806 234.01467 -3.2745782 74.84932
 2.9739457 182.32706 0.0054846495 186.06074 -3.7336876 74.846348
 2.9776624 148.38453 0.0067392469 150.08994 -1.7054102 74.843328
 2.9813791 125.40515 0.0079741539 125.12498 0.28017392 74.840262
 2.9850959 109.97708 0.0090928034 109.01434 0.96274553 74.837148
 2.9888126 100.02746 0.0099972549 99.001698 1.0257601 74.833987
 2.9925294 93.785545 0.010662624 92.897587 0.88795878 74.83078
 2.9962461 89.590889 0.011161849 89.133069 0.45782044 74.827526
 2.9999628 86.708298 0.011532922 86.686368 0.021929994 74.824226
 3.0036796 84.726161 0.01180273 84.96463 -0.23846973 74.82088
 3.0073963 83.226026 0.012015472 83.663866 -0.43784008 74.817488
 3.0111131 82.074598 0.012184038 82.629374 -0.55477638 74.81405
 3.0148298 81.190852 0.012316659 81.77423 -0.583378 74.810566
 3.0185465 80.491796 0.012423626 81.052508 -0.56071166 74.807037
 3.0222633 79.929034 0.012511098 80.436202 -0.50716815 74.803463
 3.02598 79.443433 0.012587573 79.905512 -0.46207845 74.799843
 3.0296968 78.999326 0.012658336 79.444251 -0.44492484 74.796178
 3.0334135 78.647191 0.012715012 79.04087 -0.39367846 74.792468
 3.0371303 78.352104 0.012762899 78.68679 -0.3346863 74.788714
 3.040847 78.088285 0.012806018 78.373791 -0.2855057 74.784915
 3.0445637 77.821932 0.012849848 78.095625 -0.27369284 74.781072
 3.0482805 77.560242 0.012893204 77.847451 -0.28720964 74.777185
 3.0519972 77.315186 0.01293407 77.625282 -0.31009638 74.773253
 3.055714 77.113475 0.012967902 77.425251 -0.3117763 74.769278
 3.0594307 76.945946 0.012996136 77.244488 -0.29854251 74.765259
 3.0631474 76.770078 0.013025908 77.08079 -0.3107123 74.761196
 3.0668642 76.581251 0.013058027 76.931886 -0.35063563 74.75709
 3.0705809 76.406998 0.013087806 76.795942 -0.38894462 74.752941
 3.0742977 76.25902 0.013113203 76.671508 -0.41248743 74.748748
 3.0780144 76.122912 0.013136649 76.557388 -0.43447565 74.744513
 3.0817311 75.989871 0.013159649 76.452289 -0.46241797 74.740235
 3.0854479 75.860174 0.013182148 76.355251 -0.49507753 74.735914
 3.0891646 75.738444 0.013203334 76.265528 -0.5270838 74.731551
 3.0928814 75.622589 0.013223562 76.182315 -0.55972621 74.727146
 3.0965981 75.485624 0.013247556 76.104927 -0.61930308 74.722698
 3.1003149 75.384974 0.013265243 76.032814 -0.64784022 74.718209
 3.1040316 75.306206 0.013279118 75.96554 -0.65933375 74.713677
 3.1077483 75.221977 0.013293987 75.902571 -0.68059385 74.709104
 3.1114651 75.132599 0.013309802 75.84352 -0.71092141 74.70449
 3.1151818 75.053001 0.013323918 75.788082 -0.73508057 74.699834
 3.1188986 74.987902 0.013335484 75.735921 -0.74801845 74.695137
 3.1226153 74.947708 0.013342636 75.686732 -0.73902434 74.690399
 3.126332 74.912827 0.013348849 75.640274 -0.72744729 74.68562
 3.1300488 74.903231 0.013350559 75.596361 -0.69312955 74.6808
 3.1337655 74.874596 0.013355665 75.554741 -0.68014575 74.67594
 3.1374823 74.847506 0.013360499 75.515235 -0.66772882 74.67104
 3.141199 74.808797 0.013367412 75.477699 -0.668902 74.666099
 3.1449158 74.774386 0.013373563 75.441977 -0.66759072 74.661118
 3.1486325 74.708733 0.013385316 75.407916 -0.69918295 74.656097
 3.1523492 74.632055 0.013399068 75.375394 -0.74333936 74.651036
 3.156066 74.531258 0.013417189 75.344327 -0.81306977 74.645936
 3.1597827 74.428457 0.013435721 75.314583 -0.88612597 74.640796
 3.1634995 74.310186 0.013457105 75.286067 -0.97588122 74.635617
 3.1672162 74.209524 0.013475359 75.258707 -1.0491833 74.630399
 3.1709329 74.114568 0.013492624 75.486499 -1.3719304 74.625141
 3.1746497 74.015793 0.01351063 75.467887 -1.452094 74.619845
 3.1783664 73.902664 0.013531312 75.450466 -1.5478022 74.61451
 3.1820832 73.832799 0.013544116 75.434214 -1.6014143 74.609137
 3.1857999 73.791036 0.013551782 75.419064 -1.6280282 74.603725
 3.1895166 73.73203 0.013562627 75.404982 -1.6729518 74.598275
 3.1932334 73.651591 0.013577439 75.391946 -1.7403554 74.592787
 3.1969501 73.601896 0.013586607 75.379934 -1.7780382 74.587261
 3.2006669 73.607333 0.013585603 75.368911 -1.7615781 74.581697
 3.2043836 73.627797 0.013581827 75.358861 -1.7310639 74.576095
 3.2081004 73.623749 0.013582574 75.349791 -1.7260423 74.570456
 3.2118171 73.591832 0.013588464 75.341676 -1.749843 74.564779
 3.2155338 73.573186 0.013591908 75.334509 -1.7613226 74.559066
 3.2192506 73.556193 0.013595048 75.328299 -1.7721058 74.553315
 3.2229673 73.562917 0.013593806 74.925824 -1.362907 74.547527
 3.2266841 73.579295 0.01359078 74.932181 -1.3528861 74.541703
 3.2304008 73.637856 0.013579972 74.939095 -1.3012391 74.535842
 3.2341175 73.714498 0.013565852 74.946616 -1.2321177 74.529944
 3.2378343 73.841278 0.013542561 74.954778 -1.1135003 74.524011
 3.241551 74.017115 0.013510389 74.963627 -0.94651157 74.518041
 3.2452678 74.227743 0.013472052 74.973216 -0.74547365 74.512035
 3.2489845 74.459483 0.013430123 74.983609 -0.52412577 74.505993
 3.2527012 74.722249 0.013382895 74.994852 -0.27260313 74.499915
 3.256418 74.975133 0.013337756 75.007012 -0.031879099 74.493802
 3.2601347 75.206355 0.013296749 75.020177 0.18617828 74.487654
 3.2638515 75.332708 0.013274447 75.034413 0.29829521 74.48147
 3.2675682 75.384183 0.013265382 75.049801 0.3343827 74.475251
 3.271285 75.328056 0.013275266 75.066441 0.26161547 74.468997
 3.2750017 75.156685 0.013305536 75.084453 0.072231755 74.462709
 3.2787184 74.885539 0.013353713 75.103931 -0.21839217 74.456385
 3.2824352 74.567594 0.013410651 75.124999 -0.55740526 74.450027
 3.2861519 74.261058 0.013466008 75.147825 -0.886767 74.443635
 3.2898687 73.970378 0.013518925 75.172549 -1.2021714 74.437208
 3.2935854 73.72802 0.013563364 75.199333 -1.4713135 74.430747
 3.2973022 73.527311 0.013600389 75.228377 -1.7010661 74.424253
 3.3010189 73.352618 0.013632779 75.25993 -1.9073121 74.417724
 3.3047356 73.21685 0.013658058 75.294193 -2.077343 74.411162
 3.3084524 73.118645 0.013676402 75.331434 -2.2127891 74.404566
 3.3121691 73.066783 0.01368611 75.372002 -2.3052189 74.397937
 3.3158858 73.033056 0.01369243 75.416224 -2.3831687 74.391275
 3.3196026 73.009282 0.013696888 75.464464 -2.4551817 74.384579
 3.3233193 72.978968 0.013702578 75.51717 -2.5382017 74.377851
 3.3270361 72.958168 0.013706485 75.574928 -2.6167603 74.37109
 3.3307528 72.997528 0.013699094 75.638229 -2.6407014 74.364296
 3.3344696 73.056404 0.013688054 75.707726 -2.6513221 74.357469
 3.3381863 73.141149 0.013672194 75.784266 -2.6431168 74.35061
 3.341903 73.235827 0.013654519 75.868716 -2.632889 74.343719
 3.3456198 73.366982 0.01363011 75.962031 -2.5950499 74.336796
 3.3493365 73.510053 0.013603582 76.065403 -2.5553498 74.329841
 3.3530533 73.730492 0.01356291 76.180447 -2.4499551 74.322854
 3.35677 73.957593 0.013521262 76.308602 -2.3510088 74.315835
 3.3604868 74.223646 0.013472796 76.451793 -2.2281473 74.308784
 3.3642035 74.498657 0.013423061 76.612526 -2.1138689 74.301703
 3.3679202 74.83638 0.013362485 76.793606 -1.9572261 74.29459
 3.371637 75.228592 0.013292818 76.998181 -1.7695894 74.287446
 3.3753537 75.614126 0.013225042 77.230263 -1.6161375 74.280271
 3.3790705 75.982201 0.013160977 77.495519 -1.5133184 74.273065
 3.3827872 76.396446 0.013089614 77.799476 -1.4030296 74.265828
 3.3865039 76.803418 0.013020254 78.149706 -1.3462871 74.258561
 3.3902207 77.183647 0.012956112 78.556507 -1.3728599 74.251263
 3.3939374 77.534063 0.012897557 79.033196 -1.4991333 74.243935
 3.3976542 77.913391 0.012834764 79.597476 -1.6840854 74.236577
 3.4013709 78.376017 0.012759005 80.277697 -1.9016799 74.229189
 3.4050877 79.04656 0.012650772 81.127193 -2.0806332 74.221771
 3.4088044 79.977198 0.012503564 82.236592 -2.2593938 74.214323
 3.4125211 81.303335 0.012299619 83.77884 -2.4755054 74.206845
 3.4162379 83.374278 0.011994107 86.078882 -2.704604 74.199338
 3.4199546 86.554838 0.011553369 89.703045 -3.1482079 74.191802
 3.4236713 91.46815 0.010932767 95.502409 -4.0342588 74.184237
 3.4273881 99.664769 0.010033636 104.66716 -5.0023896 74.176642
 3.4311048 112.7923 0.0088658536 118.7372 -5.9449072 74.169019
 3.4348216 133.07055 0.0075148107 139.02291 -5.9523538 74.161366
 3.4385383 164.75655 0.0060695614 166.2839 -1.5273478 74.153685
 3.4422551 208.27024 0.0048014541 200.14925 8.1209833 74.145976
 3.4459718 260.06281 0.0038452249 238.37328 21.689527 74.138238
 3.4496885 314.32102 0.0031814607 276.41501 37.906019 74.130472
 3.4534053 358.28437 0.002791079 307.58163 50.702742 74.122678
 3.457122 378.76893 0.0026401321 323.67947 55.089466 74.114855
 3.4608388 370.07956 0.0027021217 319.62548 50.454081 74.107005
 3.4645555 336.57715 0.002971087 297.02503 39.552121 74.099127
 3.4682723 289.54571 0.0034536862 262.32144 27.224261 74.091222
 3.471989 238.57242 0.0041915993 223.49959 15.072832 74.083289
 3.4757057 192.13935 0.0052045559 186.55053 5.5888231 74.075329
 3.4794225 155.4896 0.0064312981 155.00126 0.48833989 74.067341
 3.4831392 128.77877 0.0077652552 130.45623 -1.6774573 74.059327
 3.486856 109.8526 0.0091031072 112.72337 -2.8707706 74.051285
 3.4905727 96.965017 0.010312998 100.69132 -3.7263033 74.043217
 3.4942894 88.898237 0.011248817 92.942474 -4.0442373 74.035122
 3.4980062 83.649974 0.011954576 88.111557 -4.4615837 74.027001
 3.5017229 80.166105 0.0124741 85.072063 -4.9059584 74.018853
 3.5054397 77.969411 0.012825543 83.096831 -5.1274203 74.010679
 3.5091564 76.486961 0.013074124 81.740102 -5.2531411 74.002478
 3.5128731 75.434878 0.013256467 81.004121 -5.5692429 73.994252
 3.5165899 74.693919 0.013387971 80.224074 -5.5301553 73.986
 3.5203066 74.131119 0.013489612 79.588898 -5.4577792 73.977722
 3.5240234 73.680939 0.013572031 79.059478 -5.3785398 73.969418
 3.5277401 73.27272 0.013647644 78.610037 -5.3373166 73.961089
 3.5314569 72.896818 0.01371802 78.224872 -5.328054 73.952734
 3.5351736 72.563459 0.013781041 77.893108 -5.3296488 73.944355
 3.5388903 72.317668 0.01382788 77.60544 -5.2877723 73.93595
 3.5426071 72.107501 0.013868183 77.354617 -5.2471162 73.92752
 3.5463238 71.942284 0.013900031 77.135163 -5.192879 73.919065
 3.5500406 71.79083 0.013929356 76.942901 -5.1520713 73.910586
 3.5537573 71.665209 0.013953772 76.773608 -5.1083982 73.902082
 3.557474 71.59257 0.01396793 76.624267 -5.031697 73.893553
 3.5611908 71.548019 0.013976627 76.492559 -4.9445401 73.885
 3.5649075 71.5019 0.013985642 76.376286 -4.874386 73.876423
 3.5686243 71.456701 0.013994489 76.27357 -4.8168698 73.867822
 3.572341 71.453735 0.01399507 76.182978 -4.7292428 73.859197
 3.5760577 71.469208 0.01399204 76.103468 -4.63426 73.850548
 3.5797745 71.455007 0.013994821 76.03379 -4.578783 73.841875
 3.5834912 71.410955 0.014003454 75.973095 -4.5621397 73.833179
 3.587208 71.383835 0.014008774 75.920752 -4.536917 73.824459
 3.5909247 71.388852 0.014007789 75.876145 -4.4872928 73.815716
 3.5946415 71.405444 0.014004534 75.903499 -4.4980549 73.806949
 3.5983582 71.428731 0.013999969 75.87421 -4.4454783 73.79816
 3.6020749 71.488538 0.013988256 75.85156 -4.3630221 73.789347
 3.6057917 71.584345 0.013969535 75.83518 -4.2508348 73.780512
 3.6095084 71.724459 0.013942245 75.824905 -4.1004461 73.771654
 3.6132252 71.891243 0.0139099 75.820693 -3.92945 73.762774
 3.6169419 72.055865 0.013878121 75.822515 -3.7666499 73.75387
 3.6206586 72.198901 0.013850626 75.83033 -3.6314288 73.744945
 3.6243754 72.331001 0.013825331 75.844223 -3.5132222 73.735997
 3.6280921 72.427462 0.013806918 76.0287 -3.6012377 73.727027
 3.6318089 72.492869 0.01379446 76.059456 -3.5665868 73.718036
 3.6355256 72.503115 0.013792511 76.097098 -3.5939831 73.709022
 3.6392423 72.505864 0.013791988 76.14206 -3.6361952 73.699987
 3.6429591 72.511233 0.013790967 76.194839 -3.6836063 73.69093
 3.6466758 72.527641 0.013787847 76.2559 -3.7282582 73.681851
 3.6503926 72.547541 0.013784065 76.325899 -3.7783575 73.672751
 3.6541093 72.560257 0.013781649 76.405812 -3.8455546 73.66363
 3.6578261 72.576775 0.013778513 76.605721 -4.028946 73.654488
 3.6615428 72.59285 0.013775461 76.710822 -4.1179718 73.645324
 3.6652595 72.621307 0.013770063 76.829231 -4.2079241 73.63614
 3.6689763 72.652384 0.013764173 77.01754 -4.365156 73.626935
 3.672693 72.682248 0.013758518 77.169015 -4.4867663 73.61771
 3.6764098 72.740779 0.013747447 77.339473 -4.5986942 73.608463
 3.6801265 72.850703 0.013726704 77.532003 -4.6813002 73.599197
 3.6838432 73.00371 0.013697934 77.749664 -4.7459538 73.58991
 3.68756 73.16113 0.01366846 77.996345 -4.8352147 73.580603
 3.6912767 73.353065 0.013632695 78.333057 -4.9799915 73.571276
 3.6949935 73.574832 0.013591604 78.656063 -5.0812318 73.561929
 3.6987102 73.874265 0.013536514 79.027547 -5.1532815 73.552562
 3.7024269 74.281298 0.013462339 79.458689 -5.1773905 73.543175
 3.7061437 74.788373 0.013371062 79.967894 -5.1795207 73.533769
 3.7098604 75.423302 0.013258502 80.583599 -5.1602971 73.524343
 3.7135772 76.302068 0.013105805 81.356551 -5.0544833 73.514898
 3.7172939 77.486046 0.012905549 82.381155 -4.8951091 73.505434
 3.7210107 79.101949 0.012641914 83.833338 -4.7313886 73.49595
 3.7247274 81.497876 0.012270258 85.99263 -4.4947538 73.486448
 3.7284441 84.793371 0.011793375 89.292739 -4.4993686 73.476927
 3.7321609 89.313583 0.011196505 94.365196 -5.0516123 73.467387
 3.7358776 95.721141 0.010447013 101.93045 -6.2093093 73.457828
 3.7395944 104.10781 0.0096054272 112.66008 -8.552274 73.448251
 3.7433111 114.41639 0.0087400064 126.98305 -12.56666 73.438655
 3.7470278 126.99738 0.0078741785 144.791 -17.793625 73.429041
 3.7507446 140.534 0.0071157159 164.74893 -24.214934 73.419409
 3.7544613 153.20182 0.0065273377 185.26944 -32.06762 73.409758
 3.7581781 163.79651 0.0061051362 202.78018 -38.983667 73.40009
 3.7618948 170.34674 0.0058703796 213.24903 -42.902299 73.390404
 3.7656116 171.49807 0.0058309693 213.86372 -42.365649 73.3807
 3.7693283 167.16338 0.0059821716 204.966 -37.802628 73.370979
 3.773045 158.79714 0.0062973427 190.02669 -31.229548 73.36124
 3.7767618 148.72935 0.0067236223 173.71078 -24.981422 73.351483
 3.7804785 138.86777 0.0072010948 159.95585 -21.088076 73.34171
 3.7841953 131.7802 0.0075883936 151.96601 -20.18581 73.331919
 3.787912 129.76049 0.0077065059 152.09543 -22.334939 73.322111
 3.7916288 134.7882 0.0074190469 161.76584 -26.977635 73.312286
 3.7953455 148.38301 0.0067393162 181.50841 -33.1254 73.302444
 3.7990622 170.72155 0.0058574914 210.75133 -40.029787 73.292586
 3.802779 201.3832 0.0049656575 246.9036 -45.520397 73.282711
 3.8064957 235.86032 0.0042397976 285.64875 -49.78843 73.272819
 3.8102124 265.25522 0.0037699541 320.37923 -55.124011 73.262911
 3.8139292 281.74724 0.0035492805 342.66547 -60.918224 73.252987
 3.8176459 281.03985 0.0035582143 345.62739 -64.587545 73.243047
 3.8213627 263.43501 0.0037960027 328.00254 -64.567529 73.23309
 3.8250794 233.83199 0.0042765748 294.98831 -61.156315 73.223118
 3.8287962 199.28386 0.0050179677 255.04786 -55.763998 73.21313
 3.8325129 167.60347 0.0059664634 214.97273 -47.369259 73.203126
 3.8362296 141.65051 0.0070596288 179.31954 -37.669033 73.193106
 3.8399464 121.35402 0.0082403535 150.43587 -29.08185 73.183071
 3.8436631 106.5448 0.0093857232 128.7348 -22.189999 73.17302
 3.8473799 96.786756 0.010331992 113.50517 -16.718417 73.162955
 3.8510966 90.318103 0.011071978 103.4973 -13.179197 73.152874
 3.8548134 86.025714 0.011624431 97.160238 -11.134525 73.142778
 3.8585301 83.424199 0.01198693 93.262451 -9.8382515 73.132667
 3.8622468 81.810186 0.012223417 90.908029 -9.0978434 73.122541
 3.8659636 80.834063 0.012371022 89.497972 -8.6639091 73.1124
 3.8696803 80.341616 0.012446849 88.673827 -8.3322104 73.102245
 3.8733971 80.200478 0.012468754 88.253508 -8.0530302 73.092075
 3.8771138 80.388021 0.012439664 88.159468 -7.7714468 73.081891
 3.8808305 80.912366 0.01235905 88.373216 -7.4608502 73.071692
 3.8845473 81.854657 0.012216776 88.940332 -7.0856741 73.061479
 3.888264 83.254761 0.012011325 89.986255 -6.7314944 73.051253
 3.8919808 85.317479 0.011720928 91.75866 -6.4411801 73.041012
 3.8956975 88.541875 0.011294091 94.655669 -6.1137937 73.030757
 3.8994142 93.286189 0.0107197 99.288651 -6.0024625 73.020488
 3.903131 100.09758 0.009990251 106.5445 -6.4469175 73.010206
 3.9068477 110.30333 0.0090659097 117.39775 -7.0944243 72.99991
 3.9105645 124.57935 0.0080270126 132.77495 -8.1955995 72.989601
 3.9142812 143.33471 0.0069766771 153.30282 -9.9681093 72.979278
 3.917998 167.86775 0.0059570703 178.9147 -11.046952 72.968942
 3.9217147 196.02638 0.0051013542 208.35424 -12.327856 72.958593
 3.9254314 224.14964 0.0044613053 239.15125 -15.001606 72.948231
 3.9291482 249.2674 0.004011756 267.3146 -18.047201 72.937856
 3.9328649 266.90213 0.0037466917 288.15963 -21.257504 72.927468
 3.9365817 274.6476 0.0036410294 298.73682 -24.089217 72.917067
 3.9402984 273.53133 0.0036558883 299.85374 -26.322408 72.906654
 3.9440151 268.11927 0.0037296834 295.49663 -27.377358 72.896228
 3.9477319 263.94261 0.0037887025 290.19324 -26.250629 72.88579
 3.9514486 264.685 0.0037780759 286.84963 -22.16463 72.875339
 3.9551654 271.15404 0.0036879406 286.58806 -15.434017 72.864876
 3.9588821 280.92507 0.0035596681 288.97617 -8.0510968 72.854401
 3.9625989 289.23654 0.0034573778 291.81988 -2.5833385 72.843914
 3.9663156 290.95171 0.0034369965 291.69491 -0.74319662 72.833415
 3.9700323 283.48498 0.0035275238 286.03294 -2.5479614 72.822904
 3.9737491 267.16177 0.0037430505 274.18918 -7.0274032 72.812382
 3.9774658 245.53544 0.0040727319 257.51262 -11.977184 72.801847
 3.9811826 223.9761 0.0044647621 238.37865 -14.402549 72.791302
 3.9848993 205.2136 0.0048729713 219.3087 -14.0951 72.780745
 3.988616 190.28289 0.0052553333 202.391 -12.108116 72.770176
 3.9923328 178.95484 0.005588002 188.45735 -9.5025135 72.759597
 3.9960495 169.26517 0.0059078899 176.6898 -7.4246296 72.749006
 3.9997663 158.77529 0.0062982091 165.51872 -6.7434268 72.738404
 4.003483 146.46449 0.0068275934 153.71711 -7.2526163 72.727791
 4.0071997 132.76726 0.0075319772 141.22024 -8.4529724 72.717168
 4.0109165 118.58602 0.0084326975 128.84504 -10.259025 72.706533
 4.0146332 106.15988 0.0094197543 117.47248 -11.312602 72.695889
 4.01835 96.223882 0.01039243 107.65287 -11.42899 72.685233
 4.0220667 88.487928 0.011300977 99.863715 -11.375787 72.674567
 4.0257834 82.880442 0.012065573 93.71161 -10.831168 72.663891
 4.0295002 79.126185 0.012638041 89.172354 -10.046169 72.653205
 4.0332169 76.620369 0.01305136 85.947043 -9.3266743 72.642508
 4.0369337 74.923912 0.013346874 83.693963 -8.770051 72.631802
 4.0406504 73.8566 0.013539751 82.107015 -8.2504141 72.621085
 4.0443672 73.138685 0.013672655 80.958777 -7.8200922 72.610359
 4.0480839 72.642896 0.013765971 80.094436 -7.4515401 72.599623
 4.0518006 72.296661 0.013831897 79.408023 -7.1113618 72.588877
 4.0555174 72.048943 0.013879454 78.840326 -6.7913836 72.578122
 4.0592341 71.82902 0.01392195 78.356816 -6.5277961 72.567357
 4.0629509 71.629692 0.013960691 77.936784 -6.3070917 72.556583
 4.0666676 71.460813 0.013993684 77.436412 -5.9755989 72.5458
 4.0703844 71.339747 0.014017431 77.110698 -5.770951 72.535007
 4.0741011 71.257512 0.014033608 76.820037 -5.5625249 72.524206
 4.0778178 71.184962 0.014047911 76.559027 -5.3740651 72.513395
 4.0815346 71.132197 0.014058331 76.32361 -5.1914132 72.502575
 4.0852513 71.074354 0.014069773 76.110517 -5.0361633 72.491747
 4.0889681 71.009033 0.014082715 75.917062 -4.9080289 72.48091
 4.0926848 70.95109 0.014094216 75.740742 -4.7896518 72.470065
 4.0964015 70.920214 0.014100352 75.579606 -4.6593912 72.459211
 4.1001183 70.874435 0.01410946 75.432091 -4.5576559 72.448348
 4.103835 70.843712 0.014115579 75.296691 -4.4529787 72.437478
 4.1075518 70.807465 0.014122805 75.172134 -4.3646695 72.426599
 4.1112685 70.782669 0.014127752 75.057403 -4.2747341 72.415711
 4.1149852 70.761668 0.014131945 74.951621 -4.1899535 72.404816
 4.118702 70.742353 0.014135804 74.853938 -4.1115848 72.393913
 4.1224187 70.745425 0.01413519 74.501185 -3.7557606 72.383002
 4.1261355 70.764201 0.014131439 74.424023 -3.6598223 72.372084
 4.1298522 70.787112 0.014126865 74.352949 -3.5658374 72.361157
 4.1335689 70.821587 0.014119989 74.287512 -3.4659258 72.350223
 4.1372857 70.871841 0.014109976 74.227345 -3.3555037 72.339282
 4.1410024 70.926275 0.014099147 74.172141 -3.2458661 72.328333
 4.1447192 70.978167 0.014088839 74.12158 -3.1434125 72.317377
 4.1484359 71.064682 0.014071688 74.075419 -3.0107374 72.306414
 4.1521527 71.176201 0.01404964 74.033495 -2.857294 72.295443
 4.1558694 71.307978 0.014023676 73.995607 -2.6876292 72.284466
 4.1595861 71.458071 0.01399422 73.961619 -2.5035471 72.273481
 4.1633029 71.620122 0.013962556 73.93143 -2.3113073 72.26249
 4.1670196 71.794904 0.013928565 74.111938 -2.3170335 72.251492
 4.1707364 71.9608 0.013896455 74.093093 -2.132293 72.240487
 4.1744531 72.12399 0.013865012 74.078011 -1.9540204 72.229476
 4.1781698 72.315417 0.01382831 74.066743 -1.7513262 72.218458
 4.1818866 72.509801 0.013791239 74.059309 -1.5495076 72.207434
 4.1856033 72.672648 0.013760335 74.055765 -1.3831166 72.196404
 4.1893201 72.788816 0.013738374 74.056227 -1.2674111 72.185367
 4.1930368 72.878774 0.013721416 74.060883 -1.1821092 72.174324
 4.1967536 72.941065 0.013709698 74.069847 -1.128782 72.163275
 4.2004703 72.976105 0.013703116 74.410984 -1.4348797 72.152221
 4.204187 73.009727 0.013696805 74.43682 -1.4270922 72.14116
 4.2079038 73.037837 0.013691534 74.46805 -1.4302133 72.130094
 4.2116205 73.081052 0.013683437 74.505018 -1.4239661 72.119021
 4.2153373 73.147064 0.013671089 74.548185 -1.4011209 72.107944
 4.219054 73.253993 0.013651133 74.598178 -1.3441851 72.09686
 4.2227707 73.350309 0.013633208 74.76824 -1.4179313 72.085772
 4.2264875 73.456014 0.013613589 74.836179 -1.3801653 72.074678
 4.2302042 73.548411 0.013596487 74.913186 -1.3647754 72.063578
 4.233921 73.630185 0.013581386 75.000233 -1.3700473 72.052474
 4.2376377 73.712084 0.013566297 75.098391 -1.3863064 72.041364
 4.2413545 73.786379 0.013552637 75.209032 -1.4226522 72.03025
 4.2450712 73.862958 0.013538586 75.175064 -1.3121062 72.01913
 4.2487879 73.932587 0.013525835 75.319822 -1.3872353 72.008006
 4.2525047 73.997012 0.013514059 75.482753 -1.4857415 71.996877
 4.2562214 74.081095 0.01349872 75.666857 -1.585762 71.985743
 4.2599382 74.195081 0.013477982 75.875498 -1.6804168 71.974605
 4.2636549 74.354696 0.01344905 76.112506 -1.7578103 71.963462
 4.2673716 74.538816 0.013415829 76.382851 -1.8440355 71.952315
 4.2710884 74.756866 0.013376698 76.693528 -1.9366617 71.941164
 4.2748051 75.027578 0.013328432 77.051813 -2.0242349 71.930008
 4.2785219 75.337191 0.013273657 77.360422 -2.0232308 71.918848
 4.2822386 75.722102 0.013206184 77.852779 -2.1306775 71.907684
 4.2859553 76.231667 0.013117908 78.441958 -2.2102911 71.896516
 4.2896721 76.909859 0.013002234 79.111759 -2.2019006 71.885345
 4.2933888 77.886088 0.012839263 80.45184 -2.5657521 71.874169
 4.2971056 79.236903 0.012620382 81.716649 -2.4797459 71.86299
 4.3008223 81.106829 0.012329418 83.520881 -2.4140514 71.851807
 4.304539 83.920954 0.011915975 86.211413 -2.290459 71.84062
 4.3082558 88.100009 0.011350737 90.332459 -2.2324502 71.82943
 4.3119725 94.16718 0.010619411 96.513948 -2.3467676 71.818237
 4.3156893 103.31165 0.0096794502 105.84308 -2.531431 71.80704
 4.319406 116.67554 0.0085707764 119.05018 -2.3746357 71.79584
 4.3231228 134.79708 0.0074185584 136.80921 -2.0121331 71.784636
 4.3268395 158.49045 0.0063095285 158.99728 -0.50683555 71.77343
 4.3305562 186.55967 0.0053602153 184.60897 1.9507004 71.762221
 4.334273 214.81082 0.0046552591 211.3873 3.4235152 71.751009
 4.3379897 238.61925 0.0041907767 235.46941 3.1498384 71.739794
 4.3417065 253.69758 0.003941701 251.88374 1.813832 71.728576
 4.3454232 255.82183 0.0039089705 256.10957 -0.28773791 71.717355
 4.3491399 244.64795 0.0040875061 246.54813 -1.90018 71.706132
 4.3528567 222.96632 0.0044849822 226.44291 -3.4765896 71.694907
 4.3565734 196.65022 0.0050851711 200.8404 -4.1901843 71.683679
 4.3602902 170.07266 0.0058798399 174.3199 -4.2472425 71.672448
 4.3640069 145.3185 0.0068814362 150.10389 -4.7853883 71.661216
 4.3677237 125.19537 0.0079875158 129.87542 -4.6800451 71.649981
 4.3714404 110.25315 0.0090700356 114.19303 -3.9398785 71.638744
 4.3751571 99.221909 0.010078419 102.87307 -3.6511567 71.627505
 4.3788739 91.443914 0.010935665 95.106077 -3.6621637 71.616264
 4.3825906 86.402288 0.011573768 89.998691 -3.5964034 71.605021
 4.3863074 83.062576 0.012039116 86.742189 -3.6796124 71.593776
 4.3900241 80.845088 0.012369335 84.683541 -3.8384532 71.58253
 4.3937408 79.449196 0.01258666 83.355041 -3.9058454 71.571282
 4.3974576 78.520795 0.01273548 82.474157 -3.9533618 71.560032
 4.4011743 77.859261 0.012843687 81.87613 -4.0168699 71.548781
 4.4048911 77.435438 0.012913984 81.462379 -4.0269415 71.537528
 4.4086078 77.156197 0.012960722 81.181548 -4.0253513 71.526274
 4.4123246 76.982361 0.012989989 81.005892 -4.0235311 71.515019
 4.4160413 76.885078 0.013006425 80.919542 -4.0344638 71.503763
 4.419758 76.861565 0.013010404 80.911279 -4.0497143 71.492505
 4.4234748 76.899554 0.013003977 80.975215 -4.0756612 71.481247
 4.4271915 76.975967 0.012991068 81.108889 -4.1329217 71.469987
 4.4309083 77.128265 0.012965415 81.310536 -4.182271 71.458727
 4.434625 77.3498 0.012928282 81.580354 -4.2305538 71.447465
 4.4383417 77.631699 0.012881336 81.92089 -4.2891911 71.436203
 4.4420585 77.986298 0.012822765 82.440236 -4.453938 71.424941
 4.4457752 78.418859 0.012752035 82.939742 -4.5208829 71.413678
 4.449492 78.932119 0.012669114 83.52833 -4.5962118 71.402414
 4.4532087 79.581144 0.012565791 84.217727 -4.6365834 71.39115
 4.4569254 80.386345 0.012439924 85.021951 -4.6356056 71.379885
 4.4606422 81.385841 0.012287149 85.958326 -4.5724845 71.36862
 4.4643589 82.640689 0.012100577 87.051287 -4.4105984 71.357355
 4.4680757 84.206296 0.011875597 88.339412 -4.1331154 71.34609
 4.4717924 86.192782 0.0116019 89.873394 -3.6806119 71.334825
 4.4755091 88.840726 0.011256099 91.741218 -2.9004922 71.32356
 4.4792259 92.350286 0.010828337 94.099011 -1.7487253 71.312294
 4.4829426 97.002841 0.010308976 97.219242 -0.21640084 71.301029
 4.4866594 103.31849 0.0096788093 101.54569 1.7728049 71.289765
 4.4903761 111.91284 0.0089355252 107.78894 4.1239042 71.2785
 4.4940929 123.39111 0.0081043114 117.0759 6.3152102 71.267236
 4.4978096 139.45822 0.0071706065 130.79109 8.6671253 71.255972
 4.5015263 161.45829 0.0061935499 150.58455 10.873739 71.244709
 4.5052431 190.43443 0.0052511512 178.15489 12.279541 71.233446
 4.5089598 228.66117 0.004373283 214.72057 13.940594 71.222184
 4.5126766 276.57329 0.0036156781 260.33594 16.237357 71.210923
 4.5163933 331.01312 0.0030210283 313.61761 17.395516 71.199663
 4.5201101 388.79051 0.0025720793 371.05427 17.736232 71.188403
 4.5238268 445.70704 0.0022436262 426.47887 19.228175 71.177144
 4.5275435 493.36418 0.0020269003 472.11223 21.251943 71.165887
 4.5312603 527.52669 0.0018956387 501.13256 26.394129 71.15463
 4.534977 548.41044 0.0018234518 512.31224 36.098198 71.143375
 4.5386938 557.30497 0.0017943497 510.85015 46.454824 71.13212
 4.5424105 556.49373 0.0017969654 503.1493 53.344438 71.120867
 4.5461272 548.08327 0.0018245403 493.36586 54.717412 71.109616
 4.549844 533.81812 0.0018732972 482.04476 51.773358 71.098366
 4.5535607 513.31801 0.0019481101 467.53234 45.785674 71.087117
 4.5572775 486.18396 0.0020568346 448.62274 37.561218 71.07587
 4.5609942 454.57758 0.0021998445 424.89009 29.687485 71.064624
 4.564711 420.74936 0.0023767119 396.64864 24.100724 71.05338
 4.5684277 384.234 0.0026025807 364.95476 19.279236 71.042138
 4.5721444 347.15751 0.0028805368 331.44117 15.716337 71.030898
 4.5758612 310.76973 0.0032178166 298.3449 12.424839 71.01966
 4.5795779 275.08785 0.0036352024 267.79105 7.2967966 71.008424
 4.5832947 243.57247 0.0041055543 241.63891 1.9335547 70.997189
 4.5870114 218.62355 0.0045740726 221.71856 -3.0950075 70.985957
 4.5907281 201.51189 0.0049624864 209.726 -8.2141113 70.974727
 4.5944449 194.78801 0.0051337861 207.39342 -12.605405 70.9635
 4.5981616 201.10523 0.004972521 216.58662 -15.481386 70.952274
 4.6018784 225.18456 0.0044408019 238.48362 -13.299066 70.941051
 4.6055951 268.98106 0.0037177339 273.17462 -4.1935562 70.92983
 4.6093118 332.46993 0.0030077908 319.18714 13.282791 70.918612
 4.6130286 414.19016 0.00241435 372.67924 41.510914 70.907397
 4.6167453 497.12998 0.0020115463 426.60482 70.525167 70.896184
 4.6204621 561.39675 0.0017812714 471.01961 90.377144 70.884974
 4.6241788 591.18258 0.0016915248 494.00396 97.178619 70.873766
 4.6278955 578.05353 0.0017299436 487.62358 90.429948 70.862562
 4.6316123 527.83789 0.0018945211 453.5102 74.327686 70.85136
 4.635329 451.12348 0.002216688 400.92105 50.202439 70.840161
 4.6390458 368.17673 0.0027160869 341.0228 27.153923 70.828965
 4.6427625 294.45337 0.0033961235 282.79842 11.654946 70.817773
 4.6464793 232.50626 0.0043009595 231.37818 1.1280795 70.806583
 4.650196 184.23451 0.0054278647 189.57303 -5.3385201 70.795397
 4.6539127 149.36521 0.0066949995 157.77689 -8.4116773 70.784214
 4.6576295 125.45715 0.0079708493 134.85429 -9.3971407 70.773035
 4.6613462 109.28623 0.0091502834 119.05527 -9.769037 70.761858
 4.665063 98.589127 0.010143106 108.54576 -9.9566316 70.750686
 4.6687797 91.837433 0.010888806 101.48191 -9.6444783 70.739516
 4.6724964 87.42866 0.011437897 96.618004 -9.189344 70.728351
 4.6762132 84.493162 0.011835277 93.382103 -8.888941 70.717189
 4.6799299 82.593933 0.012107427 90.923243 -8.3293103 70.706031
 4.6836467 81.307617 0.012298971 89.008665 -7.7010483 70.694876
 4.6873634 80.434153 0.01243253 87.46179 -7.027637 70.683726
 4.6910802 79.872007 0.012520031 86.185666 -6.3136592 70.672579
 4.6947969 79.491778 0.012579917 85.115193 -5.6234152 70.661437
 4.6985136 79.255038 0.012617494 84.266548 -5.0115099 70.650298
 4.7022304 79.149513 0.012634316 83.511141 -4.3616273 70.639164
 4.7059471 79.130834 0.012637299 82.883402 -3.7525678 70.628033
 4.7096639 79.182666 0.012629027 82.369823 -3.1871576 70.616907
 4.7133806 79.295237 0.012611098 81.962832 -2.6675943 70.605785
 4.7170973 79.467845 0.012583706 81.661072 -2.1932274 70.594668
 4.7208141 79.666367 0.012552349 81.464999 -1.7986322 70.583555
 4.7245308 79.874517 0.012519638 81.384632 -1.5101152 70.572446
 4.7282476 80.096799 0.012484893 81.444832 -1.3480332 70.561342
 4.7319643 80.405451 0.012436968 81.695137 -1.2896854 70.550243
 4.7356811 80.856501 0.012367589 82.221253 -1.3647515 70.539148
 4.7393978 81.584119 0.012257287 83.170784 -1.5866645 70.528058
 4.7431145 82.714261 0.012089814 84.791743 -2.0774814 70.516972
 4.7468313 84.520691 0.011831422 87.415588 -2.8948968 70.505892
 4.750548 87.539594 0.011423402 91.463185 -3.9235907 70.494816
 4.7542647 92.341009 0.010829425 97.409894 -5.0688851 70.483745
 4.7579815 99.673991 0.010032708 105.67497 -6.0009808 70.47268
 4.7616982 110.76123 0.0090284303 116.39673 -5.6355089 70.461619
 4.765415 125.22252 0.0079857841 129.35051 -4.1279941 70.450563
 4.7691317 141.89884 0.0070472737 143.75898 -1.8601381 70.439513
 4.7728485 159.17958 0.006282213 158.05055 1.1290268 70.428468
 4.7765652 172.81227 0.0057866263 169.9005 2.911763 70.417428
 4.7802819 179.34873 0.0055757293 176.49894 2.8497911 70.406394
 4.7839987 177.267 0.005641208 175.72717 1.5398245 70.395365
 4.7877154 167.59031 0.0059669322 167.90359 -0.31328058 70.384341
 4.7914322 153.12921 0.0065304329 155.2514 -2.1221977 70.373323
 4.7951489 136.37899 0.0073325076 140.53369 -4.1546924 70.36231
 4.7988656 120.6717 0.0082869472 126.01947 -5.3477669 70.351303
 4.8025824 107.74161 0.0092814654 113.09784 -5.3562312 70.340302
 4.8062991 97.428276 0.010263961 102.47321 -5.0449313 70.329307
 4.8100159 89.66303 0.011152869 94.331239 -4.6682087 70.318317
 4.8137326 84.224932 0.011872969 88.40898 -4.184048 70.307333
 4.8174494 80.550865 0.012414516 84.293271 -3.7424062 70.296356
 4.8211661 78.056714 0.012811198 81.614565 -3.5578509 70.285384
 4.8248828 76.442457 0.013081736 79.779656 -3.337199 70.274418
 4.8285996 75.385455 0.013265158 78.540174 -3.1547188 70.263458
 4.8323163 74.656624 0.013394659 77.67503 -3.0184066 70.252505
 4.8360331 74.148867 0.013486383 77.043372 -2.8945044 70.241557
 4.8397498 73.810041 0.013548292 76.556228 -2.7461874 70.230616
 4.8434665 73.597417 0.013587433 76.16592 -2.5685028 70.219681
 4.8471833 73.448702 0.013614944 75.845716 -2.3970132 70.208753
 4.8509 73.326942 0.013637552 75.578895 -2.2519526 70.197831
 4.8546168 73.230855 0.013655446 75.355056 -2.1242008 70.186915
 4.8583335 73.17509 0.013665853 75.167518 -1.9924285 70.176006
 4.8620503 73.13649 0.013673065 74.801092 -1.6646019 70.165103
 4.865767 73.104889 0.013678976 74.568603 -1.463714 70.154207
 4.8694837 73.088938 0.013681961 74.472513 -1.3835743 70.143318
 4.8732005 73.094953 0.013680835 74.399418 -1.3044649 70.132436
 4.8769172 73.122114 0.013675753 74.347803 -1.2256891 70.12156
 4.880634 73.150291 0.013670486 74.316574 -1.166283 70.110691
 4.8843507 73.202075 0.013660815 74.195259 -0.99318444 70.099829
 4.8880674 73.237867 0.013654139 74.20641 -0.96854376 70.088974
 4.8917842 73.267522 0.013648612 74.237536 -0.97001369 70.078126
 4.8955009 73.30083 0.01364241 74.289382 -0.98855203 70.067285
 4.8992177 73.35775 0.013631825 74.363215 -1.0054654 70.056451
 4.9029344 73.423686 0.013619583 74.460671 -1.0369854 70.045625
 4.9066512 73.496808 0.013606033 74.583719 -1.086911 70.034805
 4.9103679 73.556384 0.013595013 74.73512 -1.1787367 70.023993
 4.9140846 73.622482 0.013582807 74.91893 -1.2964481 70.013188
 4.9178014 73.716512 0.013565482 75.139233 -1.4227209 70.00239
 4.9215181 73.851107 0.013540758 75.401979 -1.5508713 69.9916
 4.9252349 74.020477 0.013509775 75.71539 -1.6949127 69.980817
 4.9289516 74.208506 0.013475544 76.091114 -1.882608 69.970042
 4.9326683 74.466921 0.013428781 76.545933 -2.0790113 69.959275
 4.9363851 74.763105 0.013375581 77.108001 -2.3448965 69.948515
 4.9401018 75.143272 0.013307911 77.828299 -2.6850263 69.937762
 4.9438186 75.689916 0.0132118 78.788225 -3.0983093 69.927018
 4.9475353 76.463328 0.013078165 80.123465 -3.660137 69.916281
 4.951252 77.563983 0.012892582 82.051564 -4.4875809 69.905552
 4.9549688 79.221502 0.012622836 84.893153 -5.6716513 69.89483
 4.9586855 81.686335 0.01224195 89.044066 -7.3577306 69.884117
 4.9624023 85.291789 0.011724458 94.359869 -9.0680799 69.873412
 4.966119 90.840324 0.011008327 102.54631 -11.705986 69.862714
 4.9698357 98.768379 0.010124698 113.24548 -14.477102 69.852025
 4.9735525 109.39894 0.0091408563 126.42803 -17.029091 69.841344
 4.9772692 123.15171 0.008120066 141.63473 -18.483019 69.830671
 4.980986 138.28961 0.0072312012 157.76217 -19.472561 69.820006
 4.9847027 152.46957 0.0065586856 172.98883 -20.519253 69.80935
 4.9884195 163.73988 0.0061072477 184.96992 -21.230044 69.798701
 4.9921362 170.21327 0.0058749825 191.49563 -21.28236 69.788061
 4.9958529 171.82103 0.0058200094 192.30934 -20.488307 69.77743
 4.9995697 170.24328 0.0058739469 189.38311 -19.139832 69.766807
 5.0032864 168.55641 0.0059327321 185.61407 -17.057665 69.756192
 5.0070032 168.86146 0.0059220146 183.31971 -14.458258 69.745586
 5.0107199 171.94591 0.0058157825 183.58904 -11.64313 69.734989
 5.0144367 177.0257 0.0056488973 186.15968 -9.1339808 69.7244
 5.0181534 182.13637 0.0054903915 189.51701 -7.3806405 69.71382
 5.0218701 185.58323 0.005388418 191.41454 -5.8313176 69.703248
 5.0255869 186.11604 0.0053729919 190.1298 -4.0137578 69.692686
 5.0293036 183.42633 0.0054517802 185.59204 -2.1657142 69.682132
 5.0330204 177.95641 0.0056193536 179.25931 -1.3029007 69.671587
 5.0367371 170.79453 0.0058549884 172.55822 -1.7636854 69.66105
 5.0404538 162.77474 0.0061434592 166.08718 -3.3124344 69.650523
 5.0441706 153.87899 0.0064986131 159.49087 -5.6118815 69.640005
 5.0478873 144.03682 0.0069426693 151.84279 -7.8059663 69.629496
 5.0516041 133.44443 0.0074937559 142.6214 -9.1769643 69.618996
 5.0553208 122.29099 0.0081772176 132.193 -9.9020113 69.608505
 5.0590375 111.36091 0.0089798114 121.51041 -10.149497 69.598023
 5.0627543 101.70416 0.0098324392 111.49 -9.7858357 69.587551
 5.066471 93.75559 0.010666031 102.69868 -8.9430903 69.577088
 5.0701878 87.497704 0.011428871 95.42445 -7.9267466 69.566634
 5.0739045 82.850891 0.012069876 89.699942 -6.8490509 69.556189
 5.0776212 79.58813 0.012564688 85.385975 -5.797845 69.545754
 5.081338 77.304118 0.012935921 82.261211 -4.9570928 69.535328
 5.0850547 75.73777 0.013203452 80.076892 -4.3391216 69.524912
 5.0887715 74.759384 0.013376247 78.564014 -3.8046294 69.514505
 5.0924882 74.148384 0.013486471 77.519504 -3.3711199 69.504108
 5.096205 73.737503 0.01356162 76.794641 -3.0571375 69.49372
 5.0999217 73.50191 0.013605089 76.284966 -2.7830556 69.483342
 5.1036384 73.375041 0.013628613 75.925149 -2.5501081 69.472974
 5.1073552 73.32073 0.013638708 75.679211 -2.3584818 69.462615
 5.1110719 73.314969 0.013639779 75.530371 -2.215402 69.452267
 5.1147887 73.376244 0.013628389 75.470947 -2.0947033 69.441928
 5.1185054 73.491241 0.013607064 75.505672 -2.0144306 69.431599
 5.1222221 73.675415 0.013573049 75.653373 -1.9779577 69.42128
 5.1259389 73.938278 0.013524794 75.852535 -1.9142568 69.410971
 5.1296556 74.325679 0.0134543 76.444622 -2.1189435 69.400671
 5.1333724 74.893303 0.013352329 77.299634 -2.4063309 69.390382
 5.1370891 75.81266 0.013190409 78.67685 -2.8641895 69.380103
 5.1408058 77.254219 0.012944277 80.820457 -3.5662382 69.369834
 5.1445226 79.513631 0.01257646 84.039996 -4.526365 69.359575
 5.1482393 83.176404 0.01202264 88.684446 -5.5080421 69.349327
 5.1519561 88.791542 0.011262334 95.052429 -6.2608869 69.339088
 5.1556728 96.978427 0.010311572 103.25062 -6.272193 69.32886
 5.1593896 108.52906 0.0092141222 113.12934 -4.6002865 69.318643
 5.1631063 122.40445 0.0081696377 124.1498 -1.7453544 69.308435
 5.166823 136.62057 0.0073195417 135.1955 1.4250734 69.298238
 5.1705398 148.94017 0.0067141056 144.59166 4.3485067 69.288051
 5.1742565 156.00904 0.0064098848 150.23156 5.7774859 69.277875
 5.1779733 156.14652 0.0064042414 150.41125 5.7352691 69.26771
 5.18169 149.24729 0.006700289 145.12302 4.1242712 69.257555
 5.1854068 137.89581 0.0072518521 135.88163 2.0141764 69.24741
 5.1891235 124.99179 0.0080005253 124.76089 0.23089985 69.237276
 5.1928402 112.09496 0.0089210076 113.55028 -1.4553186 69.227153
 5.196557 101.03448 0.0098976107 103.37551 -2.3410264 69.217041
 5.2002737 92.361483 0.010827024 94.846606 -2.485123 69.206939
 5.2039905 85.806821 0.011654085 88.168245 -2.3614236 69.196848
 5.2077072 81.071925 0.012334726 83.204015 -2.1320901 69.186768
 5.2114239 77.81898 0.012850336 79.678911 -1.8599308 69.176699
 5.2151407 75.693204 0.013211226 77.270048 -1.5768433 69.16664
 5.2188574 74.249944 0.013468024 75.640659 -1.3907147 69.156593
 5.2225742 73.26975 0.013648197 74.529732 -1.2599819 69.146557
 5.2262909 72.606791 0.013772816 73.752243 -1.1454518 69.136531
 5.2300077 72.150436 0.01385993 73.184377 -1.0339405 69.126517
 5.2337244 71.819946 0.013923709 72.746116 -0.92617019 69.116513
 5.2374411 71.595866 0.013967287 72.392893 -0.79702712 69.106521
 5.2411579 71.413078 0.014003037 72.099217 -0.68613859 69.09654
 5.2448746 71.257975 0.014033517 71.848902 -0.5909266 69.08657
 5.2485913 71.134758 0.014057825 71.632136 -0.49737779 69.076612
 5.2523081 71.039482 0.014076679 71.442575 -0.40309285 69.066664
 5.2560248 70.966527 0.01409115 71.275772 -0.30924433 69.056728
 5.2597416 70.918322 0.014100728 71.12776 -0.20943793 69.046804
 5.2634583 70.859362 0.014112461 70.995749 -0.13638652 69.03689
 5.2671751 70.8075 0.014122798 70.877619 -0.070118926 69.026989
 5.2708918 70.762375 0.014131804 70.77139 -0.0090150311 69.017098
 5.2746085 70.73111 0.014138051 70.675442 0.055667485 69.007219
 5.2783253 70.697695 0.014144733 70.58852 0.10917566 68.997352
 5.282042 70.652552 0.01415377 70.509659 0.14289366 68.987496
 5.2857588 70.608228 0.014162655 70.43781 0.17041786 68.977651
 5.2894755 70.579681 0.014168384 70.372228 0.20745375 68.967819
 5.2931922 70.587306 0.014166853 70.312329 0.2749768 68.957998
 5.296909 70.597287 0.01416485 70.257542 0.33974573 68.948188
 5.3006257 70.584829 0.01416735 70.207365 0.3774637 68.938391
 5.3043425 70.551636 0.014174016 70.161415 0.39022088 68.928605
 5.3080592 70.534889 0.014177381 70.119423 0.41546593 68.918831
 5.311776 70.524028 0.014179565 70.139156 0.38487127 68.909068
 5.3154927 70.517693 0.014180838 70.105316 0.41237661 68.899318
 5.3192094 70.503405 0.014183712 70.07472 0.42868554 68.889579
 5.3229262 70.489891 0.014186431 70.047203 0.44268797 68.879853
 5.3266429 70.490524 0.014186304 70.022611 0.4679128 68.870138
 5.3303597 70.489609 0.014186488 70.000851 0.48875776 68.860435
 5.3340764 70.504534 0.014183485 69.981904 0.52263009 68.850745
 5.3377931 70.516446 0.014181089 69.965676 0.55077041 68.841066
 5.3415099 70.533717 0.014177617 69.905014 0.62870247 68.8314
 5.3452266 70.548218 0.014174703 69.8975 0.65071755 68.821745
 5.3489434 70.563769 0.014171579 69.892731 0.67103779 68.812103
 5.3526601 70.595985 0.014165111 69.890745 0.70524007 68.802473
 5.3563769 70.637797 0.014156727 69.891638 0.74615877 68.792855
 5.3600936 70.699849 0.014144302 69.895592 0.80425731 68.78325
 5.3638103 70.766111 0.014131058 69.902718 0.86339305 68.773656
 5.3675271 70.835396 0.014117236 69.913207 0.92218925 68.764075
 5.3712438 70.884308 0.014107495 69.927328 0.95697986 68.754507
 5.3749606 70.933932 0.014097625 69.909248 1.0246835 68.74495
 5.3786773 70.984823 0.014087518 69.934445 1.0503772 68.735406
 5.382394 71.02213 0.014080118 69.964263 1.0578669 68.725875
 5.3861108 71.031736 0.014078214 69.999286 1.0324493 68.716356
 5.3898275 71.041494 0.014076281 70.040028 1.001466 68.706849
 5.3935443 71.066419 0.014071344 70.087157 0.97926203 68.697355
 5.397261 71.107651 0.014063184 70.141543 0.96610811 68.687874
 5.4009778 71.148921 0.014055027 70.152344 0.9965768 68.678405
 5.4046945 71.218664 0.014041263 70.225497 0.99316698 68.668949
 5.4084112 71.298126 0.014025614 70.369738 0.92838844 68.659505
 5.412128 71.395846 0.014006417 70.467558 0.92828825 68.650074
 5.4158447 71.508822 0.013984289 70.580106 0.92871587 68.640656
 5.4195614 71.622447 0.013962103 70.709941 0.91250563 68.631251
 5.4232782 71.748449 0.013937584 70.860503 0.88794561 68.621858
 5.4269949 71.871923 0.013913639 71.036524 0.83539864 68.612478
 5.4307117 72.016434 0.01388572 71.243879 0.77255437 68.603111
 5.4344284 72.205035 0.01384945 71.491803 0.71323197 68.593757
 5.4381452 72.47241 0.013798355 71.796235 0.67617443 68.584415
 5.4418619 72.815847 0.013733274 72.182421 0.63342576 68.575087
 5.4455786 73.232765 0.01365509 72.692889 0.53987623 68.565771
 5.4492954 73.776334 0.013554482 73.399428 0.37690622 68.556469
 5.4530121 74.573044 0.013409671 74.420727 0.15231669 68.547179
 5.4567289 75.764977 0.013198711 75.920337 -0.15536082 68.537902
 5.4604456 77.550446 0.012894832 78.12148 -0.57103404 68.528639
 5.4641623 80.28583 0.012455498 81.310296 -1.0244658 68.519388
 5.4678791 84.436264 0.011843253 85.763705 -1.3274413 68.510151
 5.4715958 90.465101 0.011053986 91.692081 -1.2269805 68.500927
 5.4753126 98.903142 0.010110902 99.172044 -0.26890122 68.491715
 5.4790293 110.24742 0.0090705067 108.0437 2.2037195 68.482517
 5.4827461 123.27816 0.0081117371 117.74897 5.5291923 68.473333
 5.4864628 136.18352 0.0073430323 127.31502 8.8685072 68.464161
 5.4901795 146.86915 0.006808782 135.22575 11.643394 68.455003
 5.4938963 152.55143 0.0065551665 139.67491 12.876516 68.445858
 5.497613 152.09786 0.0065747145 139.41045 12.687407 68.436726
 5.5013298 145.73641 0.0068617033 134.50395 11.23246 68.427608
 5.5050465 135.53108 0.0073783816 126.35925 9.1718296 68.418503
 5.5087633 123.61565 0.0080895905 116.79907 6.8165861 68.409411
 5.51248 111.69613 0.0089528613 107.16608 4.5300495 68.400333
 5.5161967 101.46877 0.0098552493 98.462167 3.0066006 68.391268
 5.5199135 93.393906 0.010707337 91.178036 2.2158694 68.382217
 5.5236302 87.159368 0.011473236 85.55204 1.6073283 68.373179
 5.527347 82.584752 0.012108773 81.279036 1.3057164 68.364155
 5.5310637 79.467631 0.01258374 78.256031 1.2115999 68.355144
 5.5347804 77.353973 0.012927584 76.095756 1.2582176 68.346147
 5.5384972 75.940814 0.01316815 74.693013 1.247801 68.337163
 5.5422139 75.038076 0.013326568 73.752859 1.2852164 68.328194
 5.5459307 74.427457 0.013435902 73.111326 1.3161314 68.319237
 5.5496474 74.010857 0.013511531 72.658093 1.3527638 68.310294
 5.5533641 73.738841 0.013561374 72.326385 1.4124562 68.301365
 5.5570809 73.566579 0.013593129 72.077067 1.4895124 68.29245
 5.5607976 73.451828 0.013614365 71.884948 1.5668803 68.283549
 5.5645144 73.38338 0.013627064 71.736418 1.6469618 68.274661
 5.5682311 73.343763 0.013634425 71.623415 1.7203476 68.265787
 5.5719478 73.343839 0.01363441 71.540555 1.8032844 68.256926
 5.5756646 73.379995 0.013627692 71.483917 1.8960778 68.24808
 5.5793813 73.441638 0.013616254 71.45105 1.9905875 68.239247
 5.5830981 73.501879 0.013605094 71.440663 2.0612159 68.230429
 5.5868148 73.564262 0.013593557 71.451423 2.1128396 68.221624
 5.5905316 73.646406 0.013578395 71.48282 2.1635855 68.212833
 5.5942483 73.748934 0.013559518 71.53506 2.2138746 68.204056
 5.597965 73.847666 0.013541389 71.608859 2.2388079 68.195293
 5.6016818 73.968964 0.013519184 71.765185 2.2037787 68.186544
 5.6053985 74.119336 0.013491756 71.88665 2.2326869 68.177809
 5.6091153 74.299291 0.013459079 72.035059 2.2642324 68.169088
 5.612832 74.495127 0.013423697 72.213484 2.2816429 68.160381
 5.6165487 74.735982 0.013380436 72.453297 2.2826852 68.151688
 5.6202655 75.030006 0.013328001 72.708207 2.3217992 68.143009
 5.6239822 75.375112 0.013266979 73.01558 2.3595314 68.134344
 5.627699 75.815849 0.013189854 73.391486 2.424363 68.125694
 5.6314157 76.409589 0.013087363 73.863283 2.5463063 68.117057
 5.6351325 77.249331 0.012945096 74.566594 2.6827375 68.108435
 5.6388492 78.389595 0.012756795 75.401076 2.9885188 68.099827
 5.6425659 79.913078 0.012513596 76.562216 3.350862 68.091233
 5.6462827 82.0109 0.012193501 78.208163 3.8027373 68.082653
 5.6499994 84.798653 0.01179264 80.550147 4.2485059 68.074088
 5.6537162 88.383746 0.011314298 83.807797 4.5759491 68.065537
 5.6574329 93.008321 0.010751726 88.198446 4.8098753 68.057
 5.6611496 98.671196 0.01013467 93.897263 4.7739328 68.048478
 5.6648664 105.16938 0.0095084707 100.91313 4.2562501 68.039969
 5.6685831 112.46697 0.0088914994 109.0576 3.4093661 68.031476
 5.6722999 120.05467 0.0083295387 117.88576 2.1689117 68.022996
 5.6760166 127.23505 0.0078594695 126.58096 0.65408813 68.014531
 5.6797334 133.52816 0.0074890571 134.04627 -0.51811691 68.00608
 5.6834501 138.55316 0.0072174463 139.05757 -0.50440533 67.997644
 5.6871668 142.07665 0.0070384542 141.15584 0.92081334 67.989222
 5.6908836 144.43053 0.006923744 141.03894 3.3915896 67.980815
 5.6946003 146.23858 0.006838141 140.1028 6.1357783 67.972422
 5.6983171 148.25339 0.0067452082 139.60271 8.6506869 67.964044
 5.7020338 150.87582 0.0066279671 140.19901 10.676814 67.95568
 5.7057505 153.87916 0.006498606 141.8371 12.042058 67.947331
 5.7094673 156.2271 0.0064009381 143.79515 12.431955 67.938996
 5.713184 156.77861 0.0063784211 144.91604 11.862574 67.930676
 5.7169008 154.88396 0.0064564464 144.31798 10.565984 67.92237
 5.7206175 150.6636 0.0066373033 142.00749 8.6561065 67.91408
 5.7243342 145.11395 0.0068911364 138.90426 6.2096847 67.905803
 5.728051 139.72536 0.0071568971 136.29913 3.426224 67.897542
 5.7317677 136.18794 0.0073427939 134.99011 1.1978347 67.889295
 5.7354845 135.08603 0.00740269 135.26835 -0.18231921 67.881062
 5.7392012 135.82786 0.0073622598 136.82844 -1.0005777 67.872845
 5.7429179 137.03756 0.0072972696 138.7764 -1.7388422 67.864642
 5.7466347 137.42823 0.0072765255 139.97223 -2.543999 67.856453
 5.7503514 136.16627 0.0073439626 139.56561 -3.3993381 67.84828
 5.7540682 133.54984 0.0074878412 137.55982 -4.00998 67.840121
 5.7577849 130.7479 0.0076483061 135.03501 -4.2871101 67.831977
 5.7615017 129.25217 0.0077368139 133.13598 -3.8838068 67.823848
 5.7652184 130.50989 0.0076622547 132.65153 -2.1416393 67.815734
 5.7689351 134.6848 0.0074247428 133.83275 0.85205408 67.807635
 5.7726519 140.84026 0.0071002427 136.26994 4.5703207 67.79955
 5.7763686 146.65703 0.0068186299 138.95388 7.7031518 67.79148
 5.7800854 149.95211 0.0066687957 140.43088 9.5212336 67.783425
 5.7838021 149.18271 0.0067031897 139.17972 10.002985 67.775385
 5.7875188 144.12866 0.0069382452 134.73706 9.3916019 67.76736
 5.7912356 135.73717 0.0073671789 127.74152 7.995651 67.75935
 5.7949523 125.29893 0.007980914 119.42164 5.8772925 67.751355
 5.7986691 115.07842 0.0086897265 110.98207 4.0963491 67.743374
 5.8023858 106.1621 0.0094195571 103.23005 2.9320506 67.735409
 5.8061026 98.7254 0.010129106 96.63611 2.0892902 67.727459
 5.8098193 92.967522 0.010756445 91.395565 1.5719564 67.719523
 5.813536 88.787064 0.011262902 87.473135 1.3139289 67.711603
 5.8172528 85.917633 0.011639054 84.724279 1.1933539 67.703698
 5.8209695 84.034734 0.011899841 82.959169 1.0755654 67.695807
 5.8246863 82.930957 0.012058223 81.947317 0.98363948 67.687932
 5.828403 82.420728 0.01213287 81.519932 0.90079603 67.680072
 5.8321197 82.339401 0.012144854 81.57294 0.76646125 67.672227
 5.8358365 82.601451 0.012106325 82.062179 0.53927166 67.664397
 5.8395532 83.263964 0.012009997 83.023323 0.24064135 67.656582
 5.84327 84.40475 0.011847675 84.583201 -0.17845099 67.648782
 5.8469867 86.144969 0.011608339 86.968658 -0.82368904 67.640997
 5.8507035 88.884654 0.011250536 90.485574 -1.60092 67.633227
 5.8544202 93.072383 0.010744326 95.535782 -2.4633993 67.625473
 5.8581369 99.349396 0.010065486 102.61844 -3.2690492 67.617734
 5.8618537 108.97019 0.0091768217 112.17663 -3.2064434 67.61001
 5.8655704 122.78609 0.008144245 124.49831 -1.7122184 67.602301
 5.8692872 141.16389 0.0070839646 139.90922 1.254667 67.594607
 5.8730039 164.58301 0.0060759612 158.12051 6.4624999 67.586929
 5.8767206 191.08595 0.0052332472 178.31277 12.773177 67.579265
 5.8804374 217.50948 0.0045975009 199.08622 18.423257 67.571617
 5.8841541 241.47124 0.0041412799 218.31404 23.157199 67.563985
 5.8878709 260.29106 0.0038418531 234.02386 26.267201 67.556367
 5.8915876 272.25803 0.0036729863 244.91417 27.343856 67.548765
 5.8953043 276.75117 0.0036133542 250.48901 26.262155 67.541178
 5.8990211 274.11867 0.003648055 250.5519 23.56677 67.533606
 5.9027378 264.96399 0.0037740978 244.88108 20.082911 67.52605
 5.9064546 249.06485 0.0040150185 232.97548 16.089372 67.518509
 5.9101713 227.74676 0.0043908418 215.47927 12.267491 67.510983
 5.913888 203.85105 0.0049055426 194.62894 9.2221089 67.503473
 5.9176048 179.46024 0.0055722649 173.05309 6.4071548 67.495978
 5.9213215 156.65475 0.0063834643 152.90105 3.7537009 67.488499
 5.9250383 137.5286 0.0072712149 135.45351 2.0750868 67.481034
 5.928755 122.50515 0.008162922 121.20136 1.3037953 67.473585
 5.9324718 111.14937 0.008996902 110.21536 0.9340058 67.466152
 5.9361885 103.12828 0.009696661 102.24137 0.88691313 67.458734
 5.9399052 98.155568 0.010187909 96.848809 1.3067599 67.451331
 5.943622 95.506414 0.010470501 93.741602 1.7648115 67.443944
 5.9473387 94.730629 0.010556248 92.393262 2.3373673 67.436572
 5.9510555 95.67205 0.010452373 92.767736 2.9043143 67.429216
 5.9547722 98.149562 0.010188533 94.701934 3.4476276 67.421875
 5.9584889 101.86504 0.0098169108 98.299738 3.5653 67.41455
 5.9622057 106.74878 0.0093677882 103.65595 3.0928343 67.40724
 5.9659224 112.74459 0.0088696049 110.80218 1.9424114 67.399945
 5.9696392 119.384 0.008376332 119.62641 -0.24241354 67.392666
 5.9733559 126.38949 0.0079120502 129.79073 -3.4012414 67.385403
 5.9770727 133.69845 0.0074795185 140.60974 -6.9112953 67.378155
 5.9807894 140.78023 0.0071032702 151.02119 -10.240963 67.370922
 5.9845061 147.30752 0.0067885199 159.85759 -12.550074 67.363705
 5.9882229 153.31302 0.0065226033 166.27424 -12.961221 67.356504
 5.9919396 158.39563 0.0063133053 170.54448 -12.148841 67.349318
 5.9956564 162.39597 0.0061577884 173.59782 -11.201856 67.342147
 5.9993731 165.60803 0.0060383545 176.25697 -10.648933 67.334993
 6.0030899 168.43614 0.0059369681 178.93024 -10.494095 67.327853
 6.0068066 170.9264 0.0058504713 181.64758 -10.721178 67.32073
 6.0105233 172.73625 0.0057891729 184.14707 -11.410823 67.313621
 6.0142401 172.90027 0.0057836808 185.41922 -12.518948 67.306529
 6.0179568 170.279 0.0058727147 183.93537 -13.656367 67.299452
 6.0216736 164.02044 0.0060968012 178.45172 -14.431284 67.292391
 6.0253903 154.71642 0.0064634383 168.99469 -14.278278 67.285345
 6.029107 143.84313 0.0069520178 157.1839 -13.340768 67.278315
 6.0328238 132.77584 0.0075314908 145.01449 -12.238656 67.2713
 6.0365405 123.39653 0.0081039556 134.09686 -10.700327 67.264301
 6.0402573 116.71579 0.0085678207 125.51162 -8.795824 67.257318
 6.043974 112.79329 0.0088657759 119.75874 -6.9654541 67.250351
 6.0476907 111.32136 0.008983002 116.86073 -5.5393691 67.243399
 6.0514075 111.80703 0.008943981 116.4808 -4.6737693 67.236462
 6.0551242 113.5806 0.0088043201 117.83925 -4.2586486 67.229542
 6.058841 115.55765 0.0086536895 119.91061 -4.3529638 67.222637
 6.0625577 116.83858 0.0085588168 121.25003 -4.4114488 67.215747
 6.0662744 116.77821 0.0085632411 120.70719 -3.9289755 67.208874
 6.0699912 115.06305 0.0086908874 117.72002 -2.6569719 67.202016
 6.0737079 111.79349 0.0089450645 112.71756 -0.92406736 67.195174
 6.0774247 107.21146 0.0093273614 106.58671 0.62474934 67.188347
 6.0811414 102.08839 0.0097954328 100.20701 1.8813834 67.181536
 6.0848581 97.106483 0.010297974 94.348117 2.758366 67.174741
 6.0885749 92.583351 0.010801078 89.123869 3.4594821 67.167961
 6.0922916 88.799614 0.01126131 84.765093 4.0345212 67.161198
 6.0960084 85.83697 0.011649992 81.39868 4.4382905 67.15445
 6.0997251 83.598086 0.011961996 78.858363 4.7397231 67.147717
 6.1034419 81.964633 0.012200384 76.997244 4.9673882 67.141001
 6.1071586 80.808932 0.01237487 75.661273 5.1476587 67.1343
 6.1108753 80.04409 0.012493115 74.699433 5.3446572 67.127615
 6.1145921 79.535962 0.012572929 74.059071 5.4768914 67.120945
 6.1183088 79.216868 0.012623574 73.530148 5.6867203 67.114292
 6.1220256 79.011424 0.012656398 73.119502 5.8919215 67.107654
 6.1257423 78.90359 0.012673695 72.737874 6.1657161 67.101032
 6.1294591 78.867134 0.012679553 72.466498 6.4006363 67.094425
 6.1331758 78.886251 0.01267648 72.239661 6.6465898 67.087835
 6.1368925 78.922 0.012670738 72.048395 6.8736048 67.08126
 6.1406093 78.987686 0.012660201 71.886822 7.100864 67.074701
 6.144326 79.074565 0.012646292 71.750939 7.3236254 67.068157
 6.1480428 79.163048 0.012632156 71.63804 7.5250077 67.06163
 6.1517595 79.244677 0.012619144 71.545673 7.699004 67.055118
 6.1554762 79.316516 0.012607715 71.472117 7.8443983 67.048622
 6.159193 79.360687 0.012600697 71.416215 7.9444718 67.042141
 6.1629097 79.387505 0.012596441 71.379172 8.0083326 67.035677
 6.1666265 79.411565 0.012592624 71.358222 8.0533427 67.029228
 6.1703432 79.415232 0.012592043 71.352924 8.0623084 67.022795
 6.17406 79.405474 0.01259359 71.363363 8.0421109 67.016378
 6.1777767 79.371061 0.01259905 71.389548 7.9815129 67.009977
 6.1814934 79.334109 0.012604919 71.431958 7.9021506 67.003591
 6.1852102 79.284548 0.012612798 71.491379 7.7931697 66.997222
 6.1889269 79.249934 0.012618307 71.568873 7.6810605 66.990868
 6.1926436 79.21553 0.012623787 71.665762 7.5497685 66.98453
 6.1963604 79.193021 0.012627375 71.783869 7.4091517 66.978207
 6.2000771 79.183161 0.012628948 71.925808 7.2573535 66.971901
 6.2037939 79.196757 0.01262678 72.094358 7.1023986 66.96561
 6.2075106 79.250898 0.012618154 72.293702 6.9571959 66.959335
 6.2112274 79.349765 0.012602432 72.564767 6.7849977 66.953076
 6.2149441 79.501961 0.012578306 72.845763 6.6561981 66.946833
 6.2186608 79.710757 0.012545358 73.183468 6.5272885 66.940605
 6.2223776 80.005035 0.012499213 73.596932 6.4081036 66.934394
 6.2260943 80.434547 0.012432469 74.118384 6.3161635 66.928198
 6.2298111 81.05453 0.012337373 74.795246 6.2592838 66.922018
 6.2335278 81.899719 0.012210054 75.700975 6.1987446 66.915853
 6.2372445 83.118118 0.012031071 76.942663 6.1754549 66.909705
 6.2409613 84.804459 0.011791833 78.667035 6.1374235 66.903572
 6.244678 87.153058 0.011474067 81.050502 6.1025568 66.897455
 6.2483948 90.540385 0.011044795 84.295186 6.2451989 66.891354
 6.2521115 95.154823 0.010509189 88.659185 6.4956385 66.885269
 6.2558283 101.29948 0.0098717188 94.212791 7.0866908 66.8792
 6.259545 109.42191 0.0091389375 101.08188 8.3400275 66.873146
 6.2632617 119.19032 0.0083899432 109.17939 10.010926 66.867109
 6.2669785 129.94629 0.007695487 118.11921 11.827084 66.861087
 6.2706952 141.10421 0.0070869606 127.3453 13.758911 66.855081
 6.274412 150.97555 0.006623589 135.79132 15.184226 66.84909
 6.2781287 158.38436 0.0063137548 142.57858 15.805774 66.843116
 6.2818454 162.83322 0.0061412531 147.09305 15.740166 66.837157
 6.2855622 164.06952 0.0060949773 149.08583 14.983688 66.831214
 6.2892789 162.27764 0.0061622783 148.22307 14.054576 66.825287
 6.2929957 157.71728 0.0063404595 144.54045 13.176821 66.819376
 6.2967124 151.25189 0.0066114878 138.16134 13.090548 66.81348
 6.3004292 143.53492 0.0069669459 130.13748 13.397439 66.807601
 6.3041459 134.99669 0.0074075888 121.79682 13.199876 66.801737
 6.3078626 126.73517 0.0078904695 114.25394 12.481232 66.795889
 6.3115794 119.71718 0.0083530199 108.29221 11.424976 66.790056
 6.3152961 114.50118 0.0087335342 104.42452 10.076667 66.78424
 6.3190129 111.75387 0.0089482359 102.77742 8.9764547 66.778439
 6.3227296 111.92618 0.0089344606 103.42275 8.5034258 66.772654
 6.3264463 115.37511 0.0086673803 106.18082 9.194295 66.766885
 6.3301631 121.64836 0.0082204147 110.71967 10.92869 66.761132
 6.3338798 129.83384 0.0077021524 116.48252 13.351316 66.755394
 6.3375966 138.70608 0.0072094893 122.6723 16.033781 66.749673
 6.3413133 146.10417 0.0068444318 128.23298 17.871184 66.743967
 6.3450301 150.24008 0.0066560136 131.96215 18.277924 66.738276
 6.3487468 150.31221 0.0066528197 133.15064 17.161563 66.732602
 6.3524635 146.89153 0.0068077445 131.95816 14.933371 66.726943
 6.3561803 141.57391 0.0070634482 129.35779 12.216126 66.7213
 6.359897 136.03232 0.0073511943 126.6151 9.4172181 66.715673
 6.3636138 131.97642 0.0075771111 124.63716 7.3392553 66.710062
 6.3673305 130.37961 0.0076699111 123.87686 6.5027439 66.704466
 6.3710472 131.1317 0.0076259209 124.34683 6.7848715 66.698887
 6.374764 133.07616 0.0075144941 125.49569 7.5804623 66.693322
 6.3784807 134.75663 0.007420785 126.60765 8.1489802 66.687774
 6.3821975 135.01637 0.0074065094 126.69279 8.3235793 66.682242
 6.3859142 133.21818 0.0075064829 125.219 7.9991837 66.676725
 6.3896309 129.59409 0.0077164015 122.31125 7.282836 66.671224
 6.3933477 124.88926 0.0080070935 118.82752 6.0617447 66.665738
 6.3970644 120.31237 0.0083116976 115.61401 4.6983533 66.660269
 6.4007812 116.99049 0.0085477032 113.42366 3.5668313 66.654815
 6.4044979 115.35021 0.0086692519 112.64873 2.7014773 66.649376
 6.4082146 115.66428 0.0086457113 113.61346 2.0508193 66.643954
 6.4119314 118.00483 0.0084742296 116.72896 1.2758619 66.638547
 6.4156481 122.55131 0.0081598473 122.05027 0.50104039 66.633156
 6.4193649 129.47985 0.0077232092 129.71852 -0.23866653 66.627781
 6.4230816 138.69141 0.0072102521 139.92983 -1.2384218 66.622421
 6.4267984 150.45779 0.0066463824 152.80048 -2.3426955 66.617077
 6.4305151 165.22457 0.0060523687 168.47664 -3.2520689 66.611749
 6.4342318 182.80391 0.0054703424 187.04695 -4.2430329 66.606436
 6.4379486 203.44634 0.004915301 208.38327 -4.9369273 66.601139
 6.4416653 227.36056 0.0043983002 232.01715 -4.6565912 66.595858
 6.4453821 253.08267 0.003951278 257.10968 -4.0270049 66.590592
 6.4490988 279.28566 0.0035805633 282.24359 -2.9579226 66.585342
 6.4528156 304.39907 0.0032851612 305.42258 -1.0235152 66.580108
 6.4565323 325.10234 0.0030759545 324.16148 0.94085708 66.574889
 6.460249 339.42122 0.0029461917 335.98461 3.4366136 66.569686
 6.4639658 346.7982 0.0028835213 339.60093 7.1972669 66.564499
 6.4676825 347.91532 0.0028742626 336.25905 11.656271 66.559327
 6.4713993 344.60706 0.0029018558 328.85936 15.747694 66.554171
 6.475116 339.10134 0.002948971 320.24214 18.859202 66.549031
 6.4788327 333.27488 0.0030005262 312.09769 21.177192 66.543906
 6.4825495 326.4517 0.0030632403 304.23796 22.213742 66.538796
 6.4862662 316.95362 0.0031550357 295.22707 21.726554 66.533703
 6.489983 303.80229 0.0032916145 283.44595 20.356335 66.528625
 6.4936997 286.78402 0.0034869447 268.34751 18.436511 66.523562
 6.4974164 266.80175 0.0037481014 251.4002 15.401551 66.518515
 6.5011332 247.46071 0.0040410456 234.84581 12.6149 66.513484
 6.5048499 230.90203 0.004330841 220.03482 10.86721 66.508468
 6.5085667 216.83923 0.0046117116 207.42815 9.4110812 66.503468
 6.5122834 204.63916 0.0048866502 196.36522 8.2739389 66.498483
 6.5160001 192.9303 0.0051832191 185.55442 7.3758738 66.493514
 6.5197169 180.11953 0.0055518687 174.08859 6.0309469 66.48856
 6.5234336 166.2653 0.0060144841 161.91115 4.3541532 66.483622
 6.5271504 152.24303 0.0065684453 149.80025 2.442773 66.478699
 6.5308671 138.8505 0.0072019904 138.82754 0.022964227 66.473792
 6.5345839 127.55909 0.0078395039 129.79542 -2.2363259 66.468901
 6.5383006 119.23008 0.0083871455 123.21277 -3.982693 66.464025
 6.5420173 114.29976 0.0087489248 119.39372 -5.0939572 66.459164
 6.5457341 113.03801 0.0088465814 118.3557 -5.3176845 66.454319
 6.5494508 115.59777 0.0086506861 119.91475 -4.3169819 66.449489
 6.5531676 122.03843 0.00819414 123.67467 -1.6362393 66.444675
 6.5568843 130.97931 0.0076347934 128.90924 2.0700709 66.439877
 6.560601 140.48856 0.0071180172 134.58849 5.9000683 66.435093
 6.5643178 148.61429 0.0067288281 139.36614 9.2481507 66.430325
 6.5680345 153.02609 0.0065348335 141.71935 11.306742 66.425573
 6.5717513 152.65851 0.0065505682 140.72396 11.934558 66.420836
 6.575468 147.47835 0.0067806564 136.51215 10.966201 66.416114
 6.5791847 139.12917 0.0071875656 130.16395 8.9652123 66.411408
 6.5829015 129.76109 0.0077064705 123.12836 6.6327246 66.406717
 6.5866182 120.64964 0.0082884625 116.59784 4.0518002 66.402042
 6.590335 113.26158 0.0088291196 111.37198 1.8895916 66.397382
 6.5940517 108.41386 0.009223913 107.92251 0.49134778 66.392737
 6.5977685 106.3529 0.0094026587 106.40901 -0.056112991 66.388108
 6.6014852 106.89922 0.0093546056 106.6559 0.24332056 66.383494
 6.6052019 109.50665 0.0091318657 108.32814 1.1785083 66.378895
 6.6089187 113.37938 0.008819946 110.82235 2.5570341 66.374312
 6.6126354 117.05157 0.0085432426 113.3242 3.7273788 66.369744
 6.6163522 119.21627 0.0083881172 114.90805 4.30822 66.365192
 6.6200689 119.16839 0.0083914872 114.96814 4.2002465 66.360654
 6.6237857 116.97455 0.008548868 113.52437 3.4501767 66.356132
 6.6275024 113.44803 0.0088146091 111.12826 2.319768 66.351625
 6.6312191 109.58123 0.0091256509 108.70323 0.87799445 66.347134
 6.6349359 106.58871 0.0093818569 107.00893 -0.42022706 66.342657
 6.6386526 105.38719 0.0094888193 106.5102 -1.1230062 66.338196
 6.6423694 106.37532 0.009400677 107.40578 -1.0304602 66.33375
 6.6460861 109.38349 0.0091421474 109.60174 -0.21824435 66.32932
 6.6498028 113.62679 0.0088007418 112.66891 0.95787656 66.324904
 6.6535196 118.10066 0.0084673532 115.88535 2.2153065 66.320504
 6.6572363 121.44651 0.0082340779 118.25445 3.1920538 66.316119
 6.6609531 122.50374 0.0081630162 118.75424 3.7495019 66.311749
 6.6646698 120.7877 0.0082789887 116.92664 3.8610574 66.307395
 6.6683866 116.74249 0.0085658613 113.06655 3.6759388 66.303055
 6.6721033 111.40232 0.0089764741 107.98377 3.418549 66.298731
 6.67582 105.6726 0.0094631906 102.55229 3.1203101 66.294422
 6.6795368 100.37215 0.0099629233 97.52043 2.8517164 66.290128
 6.6832535 96.053327 0.010410884 93.311699 2.7416279 66.285849
 6.6869702 92.876979 0.010766931 90.226984 2.649995 66.281585
 6.690687 90.829791 0.011009604 88.379029 2.450762 66.277336
 6.6944037 89.913211 0.011121836 87.969123 1.9440878 66.273102
 6.6981205 90.171064 0.011090032 89.0278 1.1432634 66.268884
 6.7018372 91.521901 0.010926346 91.546739 -0.024837345 66.26468
 6.705554 93.782059 0.01066302 95.471637 -1.6895787 66.260492
 6.7092707 96.87129 0.010322976 100.66574 -3.7944464 66.256318
 6.7129874 100.59662 0.0099406917 106.83738 -6.2407592 66.25216
 6.7167042 104.48394 0.0095708489 113.45849 -8.9745474 66.248016
 6.7204209 108.11875 0.0092490898 119.73619 -11.617439 66.243888
 6.7241377 111.12009 0.0089992726 124.54259 -13.422502 66.239774
 6.7278544 112.96501 0.0088522985 126.7284 -13.763392 66.235675
 6.7315711 113.34653 0.0088225019 125.68501 -12.338479 66.231592
 6.7352879 112.0941 0.0089210759 121.7107 -9.6165916 66.227523
 6.7390046 109.46666 0.0091352018 115.8393 -6.3726425 66.223469
 6.7427214 105.79598 0.009452155 109.26601 -3.4700323 66.219431
 6.7464381 101.50188 0.0098520341 102.8371 -1.3352162 66.215407
 6.7501549 97.289279 0.010278625 97.266588 0.022690369 66.211398
 6.7538716 93.572543 0.010686896 92.854235 0.7183081 66.207403
 6.7575883 90.566709 0.011041585 89.778688 0.78802053 66.203424
 6.7613051 88.501101 0.011299294 88.133955 0.36714637 66.19946
 6.7650218 87.485715 0.011430437 87.981892 -0.49617689 66.19551
 6.7687386 87.608831 0.011414374 89.337418 -1.7285874 66.191575
 6.7724553 88.92778 0.01124508 92.252452 -3.3246722 66.187655
 6.776172 91.566691 0.010921002 96.800125 -5.2334337 66.18375
 6.7798888 95.689067 0.010450515 102.98321 -7.2941417 66.17986
 6.7836055 101.01861 0.009899166 110.71436 -9.6957497 66.175984
 6.7873223 107.36112 0.0093143589 119.72247 -12.361349 66.172123
 6.791039 114.58675 0.0087270122 129.52675 -14.94 66.168277
 6.7947558 121.85916 0.0082061947 139.17827 -17.319112 66.164445
 6.7984725 128.54753 0.007779224 147.5415 -18.993973 66.160629
 6.8021892 134.2774 0.0074472693 153.57918 -19.301779 66.156827
 6.805906 138.3514 0.0072279717 156.89582 -18.544418 66.153039
 6.8096227 140.24703 0.0071302758 157.6136 -17.366568 66.149267
 6.8133395 139.57311 0.0071647039 155.73171 -16.1586 66.145509
 6.8170562 136.45374 0.0073284912 151.13677 -14.683035 66.141765
 6.8207729 131.16229 0.0076241427 143.93194 -12.769648 66.138036
 6.8244897 124.11634 0.008056957 134.79918 -10.682839 66.134322
 6.8282064 116.52292 0.0085820029 124.92883 -8.4059126 66.130623
 6.8319232 109.32374 0.0091471442 115.42207 -6.0983283 66.126938
 6.8356399 102.89239 0.0097188915 107.00873 -4.1163333 66.123267
 6.8393567 97.776416 0.010227415 100.12312 -2.346703 66.119611
 6.8430734 94.170102 0.010619082 94.951347 -0.78124429 66.11597
 6.8467901 92.046644 0.010864057 91.512358 0.53428568 66.112343
 6.8505069 91.244726 0.010959538 89.769125 1.4756005 66.108731
 6.8542236 91.617195 0.010914982 89.620138 1.9970572 66.105133
 6.8579403 93.077901 0.010743689 90.91896 2.1589414 66.10155
 6.8616571 95.311913 0.010491868 93.474396 1.8375169 66.097981
 6.8653738 98.051974 0.010198673 96.910655 1.1413194 66.094426
 6.8690906 101.12222 0.0098890236 101.136 -0.013778201 66.090886
 6.8728073 104.14934 0.0096015968 105.50676 -1.3574126 66.08736
 6.8765241 106.86857 0.0093572878 109.35472 -2.4861476 66.083849
 6.8802408 109.11061 0.0091650117 111.92087 -2.8102577 66.080352
 6.8839575 110.68944 0.0090342854 112.7052 -2.0157564 66.07687
 6.8876743 111.63305 0.0089579209 111.87464 -0.24159001 66.073402
 6.891391 112.06521 0.0089233757 110.10799 1.9572242 66.069948
 6.8951078 112.3959 0.0088971213 108.12545 4.2704569 66.066508
 6.8988245 113.07496 0.008843691 106.90081 6.174153 66.063083
 6.9025412 114.59181 0.0087266268 106.57795 8.0138615 66.059672
 6.906258 116.99957 0.0085470398 107.20263 9.7969414 66.056275
 6.9099747 119.76477 0.0083497008 108.46941 11.295361 66.052893
 6.9136915 122.0725 0.0081918529 109.72511 12.347399 66.049524
 6.9174082 122.90612 0.0081362912 110.14955 12.756573 66.04617
 6.921125 121.53297 0.0082282198 109.04697 12.486001 66.042831
 6.9248417 117.76175 0.0084917217 106.1176 11.644153 66.039505
 6.9285584 112.18196 0.0089140891 101.93785 10.244111 66.036193
 6.9322752 105.85782 0.0094466336 97.106323 8.7514936 66.032896
 6.9359919 99.464094 0.010053879 92.225751 7.2383425 66.029613
 6.9397087 93.627848 0.010680583 87.716025 5.9118234 66.026344
 6.9434254 88.802373 0.01126096 83.807564 4.9948095 66.023089
 6.9471422 84.992999 0.011765675 80.603739 4.3892594 66.019848
 6.9508589 82.06943 0.012184805 78.109771 3.9596588 66.016621
 6.9545756 79.91674 0.012513023 76.251291 3.6654493 66.013408
 6.9582924 78.435229 0.012749373 74.932288 3.5029414 66.010209
 6.9620091 77.442734 0.012912767 74.05618 3.3865533 66.007024
 6.9657259 76.815534 0.0130182 73.523555 3.2919788 66.003853
 6.9694426 76.505864 0.013070893 73.1672 3.3386648 66.000696
 6.9731593 76.430473 0.013083787 73.195166 3.2353076 65.997553
 6.9768761 76.560819 0.013061511 73.451276 3.1095432 65.994424
 6.9805928 76.916799 0.013001061 73.93854 2.9782588 65.991309
 6.9843096 77.586965 0.012888763 74.846075 2.7408897 65.988208
 6.9880263 78.669159 0.012711462 76.267714 2.4014446 65.985121
 6.991743 80.364316 0.012443334 78.18474 2.1795764 65.982047
 6.9954598 82.861435 0.01206834 80.744133 2.1173019 65.978987
 6.9991765 86.293383 0.011588374 84.014977 2.2784059 65.975942
 7.0028933 90.715958 0.011023419 87.992514 2.7234436 65.97291
 7.00661 96.082621 0.010407709 92.582631 3.4999903 65.969891
 7.0103267 101.81154 0.0098220689 97.575836 4.2357081 65.966887
 7.0140435 107.36733 0.0093138201 102.56002 4.8073105 65.963896
 7.0177602 112.29533 0.0089050895 106.97717 5.3181642 65.960919
 7.021477 116.07949 0.0086147864 110.29453 5.7849611 65.957956
 7.0251937 118.71502 0.0084235342 112.26564 6.4493739 65.955006
 7.0289105 120.68341 0.0082861432 113.09967 7.5837396 65.95207
 7.0326272 122.32894 0.0081746802 113.33791 8.9910349 65.949148
 7.0363439 123.67949 0.0080854147 113.23232 10.447173 65.946239
 7.0400607 124.39614 0.0080388347 112.72502 11.671117 65.943344
 7.0437774 123.79248 0.0080780354 111.45976 12.332718 65.940463
 7.0474942 121.30986 0.008243353 108.94798 12.361884 65.937595
 7.0512109 116.7648 0.0085642246 105.11952 11.645279 65.934741
 7.0549276 110.72531 0.0090313591 100.34111 10.384193 65.9319
 7.0586444 104.04768 0.0096109785 95.174275 8.8734033 65.929073
 7.0623611 97.356857 0.01027149 90.138496 7.2183612 65.926259
 7.0660779 91.514104 0.010927277 85.577496 5.936608 65.923458
 7.0697946 86.741417 0.011528518 81.653351 5.0880659 65.920672
 7.0735114 82.931127 0.012058199 78.390249 4.5408777 65.917898
 7.0772281 80.019132 0.012497011 75.842631 4.1765008 65.915138
 7.0809448 77.909027 0.012835483 73.889115 4.0199121 65.912392
 7.0846616 76.412506 0.013086863 72.463181 3.9493248 65.909658
 7.0883783 75.355637 0.013270407 71.404229 3.9514072 65.906938
 7.0920951 74.637115 0.01339816 70.619709 4.0174069 65.904232
 7.0958118 74.149612 0.013486247 70.059561 4.0900511 65.901539
 7.0995285 73.831581 0.013544339 69.621791 4.2097902 65.898859
 7.1032453 73.612384 0.013584671 69.28023 4.332154 65.896192
 7.106962 73.448738 0.013614938 69.005349 4.4433893 65.893539
 7.1106788 73.304921 0.013641649 68.778066 4.5268552 65.890898
 7.1143955 73.191622 0.013662766 68.585741 4.6058816 65.888272
 7.1181123 73.092921 0.013681215 68.420201 4.6727202 65.885658
 7.121829 73.016543 0.013695526 68.286742 4.729801 65.883057
 7.1255457 72.960709 0.013706007 68.160671 4.800038 65.88047
 7.1292625 72.90714 0.013716078 68.04948 4.8576598 65.877895
 7.1329792 72.859802 0.013724989 67.951091 4.9087111 65.875334
 7.136696 72.823369 0.013731856 67.86386 4.9595098 65.872786
 7.1404127 72.805468 0.013735232 67.78634 5.0191285 65.870251
 7.1441294 72.792089 0.013737757 67.664485 5.1276038 65.867729
 7.1478462 72.774821 0.013741016 67.604089 5.1707319 65.86522
 7.1515629 72.731219 0.013749254 67.550521 5.1806978 65.862724
 7.1552797 72.6999 0.013755177 67.503056 5.1968444 65.860241
 7.1589964 72.685847 0.013757837 67.461158 5.2246886 65.857771
 7.1627131 72.695951 0.013755924 67.449563 5.2463883 65.855314
 7.1664299 72.687121 0.013757595 67.41788 5.2692415 65.852869
 7.1701466 72.669329 0.013760964 67.390576 5.2787534 65.850438
 7.1738634 72.654933 0.01376369 67.36738 5.2875523 65.84802
 7.1775801 72.65919 0.013762884 67.348066 5.3111234 65.845614
 7.1812968 72.664904 0.013761802 67.332441 5.3324629 65.843221
 7.1850136 72.670334 0.013760773 67.320396 5.3499376 65.840841
 7.1887303 72.668826 0.013761059 67.31183 5.3569962 65.838474
 7.1924471 72.691905 0.01375669 67.328503 5.363402 65.83612
 7.1961638 72.724411 0.013750541 67.327085 5.3973263 65.833778
 7.1998806 72.758909 0.013744021 67.329075 5.4298334 65.831449
 7.2035973 72.775363 0.013740914 67.356622 5.4187408 65.829133
 7.207314 72.784777 0.013739137 67.365924 5.4188538 65.826829
 7.2110308 72.787796 0.013738567 67.3789 5.4088955 65.824538
 7.2147475 72.803586 0.013735587 67.39568 5.4079068 65.82226
 7.2184643 72.818792 0.013732719 67.388319 5.4304727 65.819994
 7.222181 72.831858 0.013730255 67.414614 5.4172446 65.817741
 7.2258977 72.843582 0.013728045 67.445494 5.398088 65.8155
 7.2296145 72.86218 0.013724541 67.481304 5.3808761 65.813272
 7.2333312 72.886454 0.01371997 67.522503 5.363951 65.811056
 7.237048 72.895154 0.013718333 67.519128 5.3760262 65.808853
 7.2407647 72.91377 0.013714831 67.596264 5.3175058 65.806663
 7.2444815 72.952881 0.013707478 67.658783 5.2940975 65.804485
 7.2481982 73.000356 0.013698563 67.729774 5.2705821 65.802319
 7.2519149 73.053914 0.01368852 67.810469 5.2434456 65.800166
 7.2556317 73.111768 0.013677689 67.902304 5.209464 65.798025
 7.2593484 73.168856 0.013667017 68.007249 5.1616076 65.795896
 7.2630652 73.224515 0.013656628 68.128334 5.0961816 65.79378
 7.2667819 73.303899 0.013641839 68.269207 5.0346924 65.791676
 7.2704986 73.402219 0.013623566 68.43568 4.9665392 65.789584
 7.2742154 73.532206 0.013599483 68.637228 4.8949785 65.787505
 7.2779321 73.701566 0.013568233 68.888604 4.8129617 65.785438
 7.2816489 73.938464 0.01352476 69.211664 4.7267998 65.783383
 7.2853656 74.266273 0.013465062 69.639376 4.6268976 65.78134
 7.2890824 74.718002 0.013383655 70.222609 4.4953934 65.779309
 7.2927991 75.321335 0.013276451 71.022205 4.2991297 65.777291
 7.2965158 76.167519 0.013128956 72.113967 4.0535513 65.775284
 7.3002326 77.346196 0.012928884 73.584824 3.7613722 65.77329
 7.3039493 78.953987 0.012665605 75.50774 3.4462473 65.771308
 7.3076661 81.116386 0.012327965 77.947614 3.1687727 65.769338
 7.3113828 83.976501 0.011908093 80.902282 3.0742196 65.767379
 7.3150995 87.466654 0.011432928 84.3132 3.1534547 65.765433
 7.3188163 91.454056 0.010934452 87.999707 3.4543489 65.763499
 7.322533 95.616491 0.010458447 91.652142 3.9643486 65.761577
 7.3262498 99.288521 0.010071658 94.791894 4.4966265 65.759666
 7.3299665 101.86262 0.0098171439 96.815425 5.0471953 65.757768
 7.3336832 102.90681 0.0097175297 97.259449 5.6473633 65.755882
 7.3374 102.2425 0.0097806685 96.066236 6.1762646 65.754007
 7.3411167 100.00357 0.0099996432 93.502746 6.5008217 65.752144
 7.3448335 96.587662 0.010353289 90.30538 6.2822822 65.750293
 7.3485502 92.745018 0.01078225 86.923909 5.8211093 65.748454
 7.3522669 88.963409 0.011240576 83.763352 5.200057 65.746626
 7.3559837 85.535439 0.011691061 81.064497 4.4709418 65.74481
 7.3597004 82.764219 0.012082516 78.970254 3.7939642 65.743006
 7.3634172 80.665431 0.012396884 77.486198 3.1792324 65.741214
 7.3671339 79.207219 0.012625112 76.661239 2.5459802 65.739433
 7.3708507 78.326836 0.012767016 76.489861 1.8369744 65.737664
 7.3745674 78.036954 0.012814442 76.979149 1.0578052 65.735906
 7.3782841 78.369848 0.012760009 78.161917 0.20793037 65.73416
 7.3820009 79.336322 0.012604567 80.095635 -0.75931303 65.732426
 7.3857176 81.06459 0.012335842 82.845764 -1.7811736 65.730703
 7.3894344 83.774737 0.011936773 86.407998 -2.6332605 65.728992
 7.3931511 87.509954 0.011427271 90.80429 -3.2943357 65.727292
 7.3968678 92.260768 0.010838843 95.918999 -3.6582311 65.725603
 7.4005846 97.920581 0.010212358 101.49307 -3.5724913 65.723926
 7.4043013 103.79304 0.0096345571 107.08209 -3.2890488 65.72226
 7.4080181 109.2838 0.0091504868 112.08124 -2.7974383 65.720606
 7.4117348 113.92805 0.0087774699 115.85906 -1.9310167 65.718963
 7.4154516 117.04493 0.0085437278 118.08472 -1.0397933 65.717332
 7.4191683 118.26966 0.0084552536 118.63861 -0.36895146 65.715711
 7.422885 117.48108 0.0085120092 117.47346 0.0076147165 65.714102
 7.4266018 114.92221 0.0087015381 114.59649 0.32572125 65.712504
 7.4303185 110.94263 0.0090136675 110.27594 0.6666895 65.710918
 7.4340353 105.90838 0.0094421236 105.08872 0.81966359 65.709343
 7.437752 100.69097 0.009931377 99.727842 0.96312944 65.707778
 7.4414687 95.828506 0.010435308 94.745919 1.0825879 65.706225
 7.4451855 91.58962 0.010918268 90.517406 1.0722142 65.704683
 7.4489022 88.27685 0.011327998 87.199973 1.0768772 65.703152
 7.452619 85.941788 0.011635783 84.922394 1.0193938 65.701633
 7.4563357 84.474431 0.011837902 83.651373 0.82305822 65.700124
 7.4600525 83.741824 0.011941464 83.333986 0.40783737 65.698626
 7.4637692 83.637072 0.01195642 83.851852 -0.21477942 65.697139
 7.4674859 84.044502 0.011898458 85.069087 -1.0245849 65.695663
 7.4712027 84.778084 0.011795501 86.81906 -2.0409766 65.694199
 7.4749194 85.730588 0.011664448 88.838893 -3.1083048 65.692745
 7.4786362 86.848089 0.011514358 90.936996 -4.0889077 65.691302
 7.4823529 88.00499 0.011362992 92.789994 -4.7850048 65.689869
 7.4860696 89.146779 0.011217455 94.069428 -4.9226485 65.688448
 7.4897864 90.330289 0.011070484 94.890182 -4.5598932 65.687037
 7.4935031 91.632421 0.010913168 95.58544 -3.9530189 65.685637
 7.4972199 93.210012 0.010728461 96.655697 -3.4456847 65.684248
 7.5009366 95.352849 0.010487364 98.602526 -3.2496764 65.68287
 7.5046533 98.32606 0.010170244 101.71226 -3.3862 65.681502
 7.5083701 102.40577 0.0097650743 106.19668 -3.7909068 65.680145
 7.5120868 107.81011 0.0092755675 112.05695 -4.2468308 65.678799
 7.5158036 114.14747 0.0087605973 119.02074 -4.873275 65.677463
 7.5195203 120.77646 0.0082797589 126.54128 -5.7648131 65.676138
 7.523237 127.06849 0.0078697716 133.75046 -6.6819661 65.674823
 7.5269538 132.08157 0.0075710788 139.61913 -7.5375593 65.673519
 7.5306705 135.26132 0.0073930965 143.27776 -8.016433 65.672225
 7.5343873 136.47643 0.0073272725 144.37229 -7.8958593 65.670942
 7.538104 136.06698 0.0073493216 143.12281 -7.0558303 65.669669
 7.5418208 134.54363 0.0074325332 140.2194 -5.6757734 65.668407
 7.5455375 132.21201 0.0075636096 136.54519 -4.3331872 65.667155
 7.5492542 129.6476 0.0077132162 132.82217 -3.1745649 65.665914
 7.552971 127.10977 0.0078672159 129.61439 -2.50462 65.664683
 7.5566877 124.68996 0.008019892 127.07189 -2.3819293 65.663462
 7.5604045 122.53265 0.0081610899 125.13031 -2.5976518 65.662251
 7.5641212 120.68716 0.0082858855 123.52003 -2.8328663 65.661051
 7.567838 119.08816 0.0083971407 121.94456 -2.8564076 65.659861
 7.5715547 117.63036 0.0085012068 120.24655 -2.6161867 65.658681
 7.5752714 116.24694 0.0086023767 118.46538 -2.2184322 65.657511
 7.5789882 114.96213 0.0086985164 116.78754 -1.8254078 65.656351
 7.5827049 113.85604 0.0087830212 115.42119 -1.5651468 65.655202
 7.5864217 113.11256 0.0088407515 114.53646 -1.4239073 65.654062
 7.5901384 112.8964 0.0088576785 114.24066 -1.3442661 65.652933
 7.5938551 113.21815 0.0088325057 114.52603 -1.3078706 65.651814
 7.5975719 113.94617 0.0087760741 115.26382 -1.317657 65.650704
 7.6012886 114.81393 0.0087097442 116.18953 -1.375598 65.649605
 7.6050054 115.4531 0.0086615254 116.91075 -1.4576497 65.648516
 7.6087221 115.61481 0.0086494108 117.15658 -1.5417692 65.647436
 7.6124389 115.31898 0.0086715992 116.89089 -1.5719122 65.646367
 7.6161556 114.9715 0.0086978074 116.47912 -1.5076162 65.645307
 7.6198723 115.15995 0.0086835742 116.4332 -1.2732433 65.644257
 7.6235891 116.31904 0.0085970449 117.12761 -0.80856831 65.643217
 7.6273058 118.61674 0.0084305131 118.69315 -0.076411072 65.642187
 7.6310225 121.74625 0.0082138051 120.94442 0.80183412 65.641166
 7.6347393 125.20555 0.0079868666 123.47204 1.7335038 65.640155
 7.638456 128.30145 0.007794144 125.78022 2.5212291 65.639154
 7.6421728 130.40521 0.0076684054 127.47932 2.9258858 65.638163
 7.6458895 131.31841 0.0076150785 128.36224 2.9561657 65.637181
 7.6496063 131.0718 0.0076294063 128.361 2.7108013 65.636208
 7.653323 129.84331 0.0077015903 127.57836 2.2649544 65.635246
 7.6570397 127.81432 0.0078238496 126.21341 1.6009052 65.634293
 7.6607565 125.23742 0.0079848338 124.41993 0.81749588 65.633349
 7.6644732 122.44198 0.0081671338 122.25984 0.18214074 65.632415
 7.66819 119.6419 0.0083582757 119.76594 -0.12403858 65.63149
 7.6719067 117.11097 0.0085389099 117.11563 -0.0046593881 65.630575
 7.6756234 115.05446 0.0086915365 114.55655 0.49790722 65.629669
 7.6793402 113.26921 0.0088285249 112.17892 1.0902817 65.628773
 7.6830569 111.4356 0.0089737927 109.83691 1.5986953 65.627886
 7.6867737 109.20128 0.0091574015 107.21574 1.9855452 65.627008
 7.6904904 106.25763 0.0094110889 104.03276 2.2248694 65.626139
 7.6942072 102.53927 0.0097523616 100.28272 2.2565495 65.62528
 7.6979239 98.346565 0.010168123 96.248363 2.0982025 65.62443
 7.7016406 94.062772 0.010631198 92.260428 1.8023436 65.623589
 7.7053574 90.032145 0.011107144 88.587148 1.4449974 65.622758
 7.7090741 86.631569 0.011543136 85.392188 1.2393809 65.621935
 7.7127909 83.910731 0.011917427 82.733979 1.1767517 65.621122
 7.7165076 81.791954 0.012226141 80.637077 1.1548767 65.620318
 7.7202243 80.204501 0.012468128 79.037653 1.1668481 65.619522
 7.7239411 79.132881 0.012636972 77.89131 1.2415707 65.618736
 7.7276578 78.476232 0.012742712 77.135694 1.3405378 65.617959
 7.7313746 78.140198 0.01279751 76.717963 1.4222351 65.61719
 7.7350913 78.106102 0.012803097 76.593866 1.5122356 65.616431
 7.7388081 78.347364 0.012763671 76.778617 1.5687468 65.615681
 7.7425248 78.813922 0.012688114 77.223596 1.5903256 65.614939
 7.7462415 79.563192 0.012568626 78.005983 1.557209 65.614206
 7.7499583 80.697774 0.012391916 79.206452 1.4913222 65.613483
 7.753675 82.299644 0.012150721 80.933298 1.3663463 65.612767
 7.7573918 84.493538 0.011835225 83.316409 1.1771287 65.612061
 7.7611085 87.531499 0.011424459 86.494287 1.0372121 65.611363
 7.7648252 91.504855 0.010928382 90.577519 0.92733599 65.610674
 7.768542 96.533925 0.010359052 95.608276 0.92564947 65.609994
 7.7722587 102.71303 0.0097358633 101.61671 1.0963201 65.609322
 7.7759755 109.61341 0.0091229711 108.41456 1.198852 65.608659
 7.7796922 116.80671 0.0085611521 115.67064 1.1360663 65.608005
 7.783409 123.87709 0.0080725178 122.76735 1.1097415 65.607359
 7.7871257 130.07332 0.0076879718 128.90601 1.1673109 65.606722
 7.7908424 135.04571 0.0074049001 133.41153 1.6341794 65.606093
 7.7945592 138.7731 0.0072060074 135.87191 2.9011906 65.605472
 7.7982759 141.23435 0.0070804305 136.39847 4.8358775 65.60486
 7.8019927 142.33714 0.0070255733 135.43475 6.9023848 65.604257
 7.8057094 142.00574 0.007041969 133.44859 8.5571512 65.603661
 7.8094261 140.22651 0.0071313191 130.77626 9.4502497 65.603074
 7.8131429 136.99175 0.0072997096 127.69551 9.2962376 65.602496
 7.8168596 132.50614 0.0075468199 124.5194 7.9867396 65.601925
 7.8205764 127.53063 0.0078412534 121.79107 5.7395595 65.601363
 7.8242931 122.82102 0.008141929 119.97447 2.8465484 65.600809
 7.8280098 118.93167 0.0084081893 119.29144 -0.35976948 65.600264
 7.8317266 116.38159 0.0085924242 119.69862 -3.3170293 65.599726
 7.8354433 115.41211 0.0086646021 120.97577 -5.5636613 65.599196
 7.8391601 116.04701 0.0086171975 122.83188 -6.7848652 65.598675
 7.8428768 118.10062 0.0084673559 125.12648 -7.0258569 65.598162
 7.8465935 121.42025 0.0082358587 127.94051 -6.5202643 65.597656
 7.8503103 125.86108 0.0079452678 131.38392 -5.5228417 65.597159
 7.854027 130.86307 0.0076415754 135.47672 -4.6136535 65.59667
 7.8577438 135.9815 0.0073539415 139.86377 -3.8822726 65.596188
 7.8614605 140.9337 0.0070955352 144.03961 -3.1059113 65.595715
 7.8651773 145.18013 0.0068879949 147.45239 -2.2722617 65.595249
 7.868894 148.30477 0.0067428713 149.7608 -1.4560277 65.594792
 7.8726107 149.87678 0.0066721476 150.59143 -0.71464993 65.594342
 7.8763275 149.6135 0.0066838888 149.70034 -0.086841552 65.593899
 7.8800442 147.46104 0.006781452 147.20884 0.25220583 65.593465
 7.883761 143.63138 0.0069622667 143.64998 -0.018597978 65.593038
 7.8874777 138.94329 0.0071971808 139.70641 -0.76311209 65.592619
 7.8911945 134.13888 0.0074549601 136.117 -1.9781165 65.592208
 7.8949112 129.81304 0.0077033861 133.40346 -3.5904139 65.591804
 7.8986279 126.72754 0.0078909448 131.9132 -5.1856644 65.591408
 7.9023447 125.27736 0.007982288 131.88445 -6.607086 65.59102
 7.9060614 125.83386 0.0079469863 133.40292 -7.5690573 65.590638
 7.9097782 128.59894 0.0077761138 136.56084 -7.9619041 65.590265
 7.9134949 133.85354 0.0074708523 141.39799 -7.5444524 65.589899
 7.9172116 141.99712 0.0070423963 147.82578 -5.8286572 65.58954
 7.9209284 152.64144 0.0065513007 155.61068 -2.9692353 65.589189
 7.9246451 165.01745 0.0060599653 164.28433 0.73311404 65.588845
 7.9283619 177.93361 0.0056200736 172.97729 4.9563256 65.588509
 7.9320786 188.85391 0.0052950983 180.43298 8.4209225 65.588179
 7.9357953 195.63837 0.0051114718 185.18247 10.455897 65.587858
 7.9395121 196.96916 0.0050769369 186.1011 10.868062 65.587543
 7.9432288 192.87045 0.0051848274 183.12281 9.7476381 65.587235
 7.9469456 184.30108 0.0054259043 177.14175 7.1593258 65.586935
 7.9506623 172.62363 0.0057929498 169.3826 3.2410256 65.586642
 7.9543791 160.29965 0.0062383169 160.79437 -0.49472553 65.586356
 7.9580958 148.7349 0.0067233714 151.86107 -3.1261633 65.586077
 7.9618125 138.23242 0.0072341931 142.83138 -4.5989634 65.585805
 7.9655293 129.11882 0.0077448042 134.06231 -4.9434837 65.585541
 7.969246 121.44857 0.0082339378 126.1355 -4.686932 65.585283
 7.9729628 115.27792 0.0086746882 119.5909 -4.3129837 65.585032
 7.9766795 110.74045 0.0090301242 114.86884 -4.1283902 65.584788
 7.9803962 108.08795 0.0092517252 112.12956 -4.0416085 65.584551
 7.984113 107.67606 0.0092871151 111.33173 -3.6556635 65.584321
 7.9878297 109.46232 0.0091355639 112.32168 -2.8593593 65.584098
 7.9915465 113.15037 0.0088377972 114.72875 -1.5783857 65.583881
 7.9952632 118.17349 0.008462135 117.98492 0.18856705 65.583672
 7.9989799 123.30352 0.0081100689 121.30635 1.9971652 65.583469
 8.0026967 127.29765 0.0078556047 123.77695 3.5207 65.583272
 8.0064134 129.24573 0.0077371997 124.55838 4.6873474 65.583083
 8.0101302 128.57916 0.00777731 123.15578 5.4233829 65.5829
 8.0138469 125.44924 0.0079713513 119.66386 5.7853867 65.582724
 8.0175636 120.20451 0.0083191553 114.69426 5.5102507 65.582554
 8.0212804 113.80089 0.0087872773 108.96218 4.8387137 65.582391
 8.0249971 107.18955 0.0093292679 103.20258 3.9869699 65.582234
 8.0287139 100.85991 0.0099147417 97.951595 2.908319 65.582084
 8.0324306 95.349258 0.010487759 93.539972 1.8092868 65.58194
 8.0361474 90.952568 0.010994742 90.163256 0.78931209 65.581803
 8.0398641 87.797407 0.011389858 87.889898 -0.092491866 65.581672
 8.0435808 85.883916 0.011643624 86.706243 -0.8223268 65.581548
 8.0472976 85.106438 0.011749992 86.555385 -1.4489471 65.58143
 8.0510143 85.48245 0.011698308 87.340854 -1.8584044 65.581318
 8.0547311 86.803874 0.011520223 88.874676 -2.0708025 65.581212
 8.0584478 88.74573 0.011268148 91.008837 -2.2631071 65.581113
 8.0621646 91.040194 0.010984159 93.437574 -2.3973795 65.581019
 8.0658813 93.192749 0.010730449 95.777704 -2.5849548 65.580932
 8.069598 94.730372 0.010556276 97.606131 -2.8757594 65.580851
 8.0733148 95.374257 0.01048501 98.580478 -3.2062203 65.580777
 8.0770315 95.053327 0.01052041 98.570937 -3.5176106 65.580708
 8.0807483 93.916537 0.010647752 97.707511 -3.7909738 65.580645
 8.084465 92.144 0.010852579 96.128975 -3.9849749 65.580589
 8.0881817 90.09877 0.011098931 94.000154 -3.9013842 65.580538
 8.0918985 88.088155 0.011352264 91.422568 -3.3344128 65.580493
 8.0956152 86.188077 0.011602533 88.571589 -2.3835114 65.580454
 8.099332 84.453962 0.011840771 85.676053 -1.2220917 65.580421
 8.1030487 82.916893 0.012060269 82.97295 -0.056056766 65.580394
 8.1067654 81.560471 0.012260841 80.58755 0.97292098 65.580373
 8.1104822 80.369382 0.012442549 78.58631 1.7830722 65.580357
 8.1141989 79.329819 0.0126056 76.959952 2.3698671 65.580347
 8.1179157 78.461189 0.012745155 75.727429 2.7337599 65.580343
 8.1216324 77.731845 0.01286474 74.828421 2.903424 65.580345
 8.1253491 77.169055 0.012958562 74.222978 2.9460765 65.580352
 8.1290659 76.753176 0.013028777 73.874148 2.8790286 65.580365
 8.1327826 76.50811 0.01307051 73.754925 2.7531849 65.580383
 8.1364994 76.422152 0.013085211 73.85639 2.5657625 65.580407
 8.1402161 76.505427 0.013070968 74.163825 2.3416016 65.580436
 8.1439329 76.782733 0.013023762 74.745784 2.0369489 65.580471
 8.1476496 77.259982 0.012943311 75.61452 1.6454623 65.580512
 8.1513663 77.970673 0.012825335 76.81383 1.156843 65.580557
 8.1550831 78.877551 0.012677878 78.369112 0.50843845 65.580609
 8.1587998 79.954231 0.012507155 80.366752 -0.41252088 65.580665
 8.1625166 81.20623 0.012314326 82.797715 -1.5914849 65.580727
 8.1662333 82.644221 0.01210006 85.65202 -3.007799 65.580794
 8.1699501 84.234823 0.011871575 88.858274 -4.6234514 65.580866
 8.1736668 85.967262 0.011632335 92.282151 -6.3148891 65.580944
 8.1773835 87.880493 0.01137909 95.66905 -7.7885568 65.581027
 8.1811003 89.985316 0.011112924 98.813277 -8.8279609 65.581115
 8.184817 92.327309 0.010831032 101.62456 -9.2972521 65.581208
 8.1885337 94.940564 0.010532906 104.17475 -9.2341851 65.581306
 8.1922505 97.687312 0.010236744 106.57544 -8.8881268 65.581409
 8.1959672 100.31545 0.0099685542 108.80818 -8.4927258 65.581517
 8.199684 102.52586 0.0097536369 110.63914 -8.1132833 65.581631
 8.2034007 103.911 0.0096236206 111.67142 -7.7604266 65.581749
 8.2071175 104.18421 0.0095983831 111.58289 -7.3986763 65.581872
 8.2108342 103.38884 0.0096722234 110.44702 -7.0581758 65.582
 8.2145509 101.85989 0.0098174072 108.69267 -6.8327839 65.582133
 8.2182677 100.08985 0.0099910232 106.99047 -6.9006182 65.58227
 8.2219844 98.640185 0.010137856 105.90758 -7.2673912 65.582413
 8.2257012 98.090139 0.010194705 105.80564 -7.7155034 65.58256
 8.2294179 98.700005 0.010131712 106.83004 -8.1300398 65.582712
 8.2331347 100.45191 0.0099550126 108.92016 -8.4682503 65.582869
 8.2368514 102.8925 0.0097188809 111.76316 -8.8706574 65.58303
 8.2405681 105.5381 0.0094752515 114.85165 -9.3135578 65.583196
 8.2442849 107.86172 0.00927113 117.44002 -9.5783002 65.583366
 8.2480016 109.27822 0.009150954 118.88605 -9.6078264 65.583541
 8.2517184 109.64024 0.009120739 118.84625 -9.2060105 65.583721
 8.2554351 109.0718 0.0091682728 117.5211 -8.4492981 65.583905
 8.2591518 107.99658 0.0092595523 115.4961 -7.4995137 65.584094
 8.2628686 106.91735 0.0093530187 113.52069 -6.6033323 65.584287
 8.2665853 106.3366 0.0094040999 112.1845 -5.8479056 65.584484
 8.2703021 106.68794 0.0093731304 111.89278 -5.204837 65.584686
 8.2740188 108.15344 0.0092461229 112.7189 -4.5654608 65.584892
 8.2777355 110.70534 0.0090329879 114.46602 -3.7606846 65.585102
 8.2814523 113.84261 0.008784057 116.69794 -2.8553237 65.585317
 8.285169 116.98043 0.0085484385 118.81162 -1.8311902 65.585535
 8.2888858 119.38062 0.0083765688 120.17868 -0.79805733 65.585758
 8.2926025 120.25512 0.0083156545 120.2602 -0.0050803827 65.585986
 8.2963192 119.18248 0.008390495 118.70899 0.47349384 65.586217
 8.300036 116.11775 0.0086119476 115.53197 0.58578131 65.586452
 8.3037527 111.57794 0.0089623449 111.05566 0.52228474 65.586692
 8.3074695 106.12825 0.0094225619 105.91032 0.21793312 65.586935
 8.3111862 100.36032 0.0099640975 100.67818 -0.31786408 65.587183
 8.314903 95.120059 0.01051303 95.884666 -0.76460775 65.587434
 8.3186197 90.761701 0.011017863 91.835776 -1.0740753 65.587689
 8.3223364 87.371925 0.011445324 88.771499 -1.3995741 65.587948
 8.3260532 85.094106 0.011751695 86.737879 -1.6437726 65.588212
 8.3297699 83.96917 0.011909133 85.722731 -1.7535612 65.588478
 8.3334867 84.012858 0.01190294 85.717778 -1.7049204 65.588749
 8.3372034 85.046387 0.011758289 86.587383 -1.540996 65.589024
 8.3409202 86.967448 0.011498555 88.224698 -1.2572502 65.589302
 8.3446369 89.555547 0.011166254 90.415848 -0.86030122 65.589584
 8.3483536 92.272845 0.010837425 92.846532 -0.57368665 65.589869
 8.3520704 94.64227 0.010566103 95.143678 -0.50140734 65.590158
 8.3557871 96.372864 0.010376365 96.925598 -0.55273428 65.590451
 8.3595039 97.138878 0.010294539 97.934406 -0.79552799 65.590747
 8.3632206 96.928052 0.010316931 98.120643 -1.1925903 65.591047
 8.3669373 95.849604 0.010433011 97.609182 -1.7595773 65.591351
 8.3706541 94.259753 0.010608982 96.516941 -2.257188 65.591657
 8.3743708 92.418327 0.010820365 94.820842 -2.4025148 65.591968
 8.3780876 90.451574 0.01105564 92.54118 -2.0896067 65.592281
 8.3818043 88.564588 0.011291195 89.784859 -1.2202715 65.592598
 8.385521 86.784559 0.011522787 86.762135 0.022423899 65.592918
 8.3892378 85.06588 0.011755595 83.757637 1.3082431 65.593242
 8.3929545 83.43322 0.011985634 80.972195 2.4610247 65.593569
 8.3966713 81.893588 0.012210968 78.496948 3.3966393 65.593899
 8.400388 80.461344 0.012428328 76.368014 4.0933307 65.594232
 8.4041048 79.148974 0.012634403 74.677981 4.4709933 65.594568
 8.4078215 77.985319 0.012822926 73.336816 4.6485024 65.594908
 8.4115382 76.953702 0.012994826 72.314976 4.638726 65.59525
 8.415255 76.075483 0.013144839 71.528548 4.5469349 65.595596
 8.4189717 75.367152 0.01326838 70.943497 4.4236549 65.595945
 8.4226885 74.824165 0.013364666 70.487826 4.3363397 65.596296
 8.4264052 74.419301 0.013437374 70.196355 4.2229467 65.596651
 8.4301219 74.104774 0.013494407 69.983887 4.1208875 65.597008
 8.4338387 73.886861 0.013534206 69.847626 4.0392356 65.597369
 8.4375554 73.749601 0.013559395 69.778111 3.9714901 65.597732
 8.4412722 73.684156 0.013571439 69.774601 3.9095548 65.598098
 8.4449889 73.660835 0.013575735 69.8453 3.8155351 65.598467
 8.4487057 73.686752 0.01357096 70.005174 3.6815782 65.598838
 8.4524224 73.779872 0.013553832 70.287979 3.4918926 65.599213
 8.4561391 73.967804 0.013519396 70.705166 3.2626381 65.59959
 8.4598559 74.276001 0.013463299 71.301681 2.9743203 65.599969
 8.4635726 74.738467 0.013379991 72.111556 2.6269113 65.600352
 8.4672894 75.409711 0.013260892 73.136695 2.2730163 65.600737
 8.4710061 76.349266 0.013097703 74.449555 1.8997109 65.601124
 8.4747228 77.643918 0.012879309 75.985116 1.6588019 65.601514
 8.4784396 79.325328 0.012606314 77.75196 1.5733677 65.601906
 8.4821563 81.23971 0.012309251 79.601547 1.6381635 65.602301
 8.4858731 83.14461 0.012027238 81.371579 1.7730315 65.602698
 8.4895898 84.793493 0.011793358 82.815563 1.9779292 65.603098
 8.4933065 85.844594 0.011648957 83.652765 2.1918289 65.6035
 8.4970233 86.136864 0.011609431 83.670683 2.4661809 65.603904
 8.50074 85.641986 0.011676516 82.885296 2.7566895 65.604311
 8.5044568 84.500188 0.011834293 81.495348 3.0048404 65.604719
 8.5081735 82.954478 0.012054804 79.779511 3.1749668 65.60513
 8.5118903 81.238078 0.012309499 77.994431 3.2436469 65.605544
 8.515607 79.637444 0.012556907 76.286682 3.3507613 65.605959
 8.5193237 78.257352 0.012778352 74.818514 3.4388386 65.606376
 8.5230405 77.092682 0.0129714 73.623195 3.4694872 65.606796
 8.5267572 76.194771 0.01312426 72.719207 3.4755641 65.607218
 8.530474 75.553406 0.013235671 72.10987 3.4435363 65.607641
 8.5341907 75.129125 0.013310417 71.79329 3.335835 65.608067
 8.5379074 74.914576 0.013348537 71.74328 3.1712963 65.608494
 8.5416242 74.888585 0.01335317 71.996574 2.8920111 65.608924
 8.5453409 75.098173 0.013315903 72.539608 2.5585645 65.609355
 8.5490577 75.55794 0.013234876 73.387226 2.1707139 65.609788
 8.5527744 76.320951 0.013102562 74.538977 1.7819735 65.610223
 8.5564911 77.456731 0.012910434 75.975508 1.4812233 65.61066
 8.5602079 78.979622 0.012661494 77.686996 1.2926254 65.611098
 8.5639246 80.869286 0.012365634 79.584878 1.2844074 65.611538
 8.5676414 83.010783 0.012046628 81.549526 1.4612565 65.61198
 8.5713581 85.080795 0.011753534 83.347417 1.7333778 65.612423
 8.5750749 86.707751 0.011532994 84.677776 2.0299746 65.612868
 8.5787916 87.623207 0.011412502 85.282516 2.3406915 65.613315
 8.5825083 87.704508 0.011401922 85.02735 2.6771589 65.613763
 8.5862251 87.004517 0.011493656 83.99345 3.0110668 65.614213
 8.5899418 85.662313 0.011673745 82.445164 3.2171491 65.614664
 8.5936586 83.976947 0.01190803 80.682579 3.2943672 65.615117
 8.5973753 82.275813 0.01215424 78.940176 3.3356369 65.615571
 8.601092 80.697896 0.012391897 77.38272 3.3151759 65.616026
 8.6048088 79.393651 0.012595466 76.105711 3.2879404 65.616483
 8.6085255 78.414492 0.012752745 75.175408 3.2390847 65.616941
 8.6122423 77.786621 0.012855681 74.600588 3.1860327 65.6174
 8.615959 77.510946 0.012901404 74.409454 3.1014915 65.61786
 8.6196758 77.54128 0.012896357 74.606385 2.9348954 65.618322
 8.6233925 77.9241 0.012833 75.199031 2.7250695 65.618785
 8.6271092 78.66261 0.01271252 76.200827 2.4617836 65.619249
 8.630826 79.734128 0.012541681 77.607634 2.1264941 65.619714
 8.6345427 81.169642 0.012319877 79.420735 1.7489069 65.62018
 8.6382595 82.895887 0.012063325 81.596608 1.2992783 65.620647
 8.6419762 84.849106 0.011785628 84.053594 0.79551179 65.621116
 8.6456929 86.94057 0.01150211 86.674097 0.26647288 65.621585
 8.6494097 89.014058 0.011234181 89.250059 -0.23600082 65.622055
 8.6531264 90.946294 0.0109955 91.547369 -0.60107516 65.622526
 8.6568432 92.680402 0.010789768 93.325288 -0.64488578 65.622998
 8.6605599 94.199989 0.010615712 94.536956 -0.33696668 65.62347
 8.6642766 95.52802 0.010468133 95.376298 0.15172191 65.623944
 8.6679934 96.83918 0.010326399 96.211594 0.62758625 65.624418
 8.6717101 98.34757 0.010168019 97.425813 0.92175699 65.624893
 8.6754269 100.27279 0.0099727956 99.249595 1.023191 65.625369
 8.6791436 102.74122 0.0097331915 101.85329 0.88793372 65.625845
 8.6828604 105.64339 0.0094658074 105.10665 0.53674233 65.626322
 8.6865771 108.77956 0.0091929038 108.74186 0.037699303 65.626799
 8.6902938 111.89724 0.0089367705 112.29135 -0.39410388 65.627278
 8.6940106 114.68341 0.008719657 115.20652 -0.52311018 65.627756
 8.6977273 116.79323 0.0085621399 117.00434 -0.21110388 65.628235
 8.7014441 118.06752 0.0084697302 117.48832 0.57919483 65.628715
 8.7051608 118.51313 0.0084378834 116.86571 1.6474205 65.629195
 8.7088775 118.26539 0.0084555594 115.58571 2.6796756 65.629675
 8.7125943 117.47748 0.0085122697 114.16504 3.3124454 65.630156
 8.716311 116.38264 0.0085923468 112.97347 3.4091705 65.630637
 8.7200278 115.14045 0.0086850449 112.07982 3.0606278 65.631119
 8.7237445 113.72457 0.0087931749 111.36189 2.3626767 65.6316
 8.7274612 112.07682 0.008922452 110.5408 1.5360115 65.632082
 8.731178 110.08874 0.0090835811 109.29276 0.79597758 65.632564
 8.7348947 107.65829 0.0092886482 107.45063 0.20766583 65.633047
 8.7386115 104.80395 0.0095416249 104.97373 -0.16977366 65.633529
 8.7423282 101.66095 0.0098366185 101.90898 -0.24803138 65.634011
 8.746045 98.34831 0.010167943 98.477886 -0.1295757 65.634494
 8.7497617 95.074628 0.010518053 94.988343 0.086284743 65.634977
 8.7534784 92.020437 0.010867151 91.786998 0.23343891 65.635459
 8.7571952 89.28435 0.011200171 89.061251 0.22309922 65.635942
 8.7609119 86.968231 0.011498452 87.049689 -0.081457378 65.636424
 8.7646287 85.172368 0.011740897 85.838758 -0.66638921 65.636906
 8.7683454 84.014905 0.01190265 85.471988 -1.4570824 65.637389
 8.7720622 83.547404 0.011969253 85.991645 -2.4442408 65.637871
 8.7757789 83.800496 0.011933104 87.380009 -3.579513 65.638352
 8.7794956 84.912249 0.011776864 89.572119 -4.6598697 65.638834
 8.7832124 86.821274 0.011517914 92.42205 -5.6007759 65.639315
 8.7869291 89.398801 0.011185832 95.737819 -6.3390179 65.639796
 8.7906459 92.478264 0.010813352 99.213019 -6.7347553 65.640277
 8.7943626 95.657951 0.010453914 102.4442 -6.7862535 65.640757
 8.7980793 98.51344 0.010150899 104.99449 -6.4810541 65.641237
 8.8017961 100.73783 0.0099267578 106.6149 -5.8770704 65.641717
 8.8055128 102.1483 0.0097896881 107.28111 -5.1328088 65.642196
 8.8092296 102.74067 0.0097332437 107.13432 -4.3936491 65.642674
 8.8129463 102.63602 0.0097431682 106.37668 -3.7406613 65.643152
 8.816663 102.08517 0.0097957419 105.17953 -3.0943536 65.643629
 8.8203798 101.27943 0.0098736733 103.78703 -2.5076044 65.644106
 8.8240965 100.27766 0.009972311 102.41573 -2.1380725 65.644582
 8.8278133 99.154373 0.010085284 101.1708 -2.0164256 65.645058
 8.83153 97.921969 0.010212213 100.04467 -2.1227031 65.645532
 8.8352467 96.58891 0.010353155 99.058387 -2.4694762 65.646006
 8.8389635 95.285065 0.010494824 98.239789 -2.9547246 65.64648
 8.8426802 94.17863 0.01061812 97.74507 -3.5664406 65.646952
 8.846397 93.454259 0.010700422 97.715421 -4.2611617 65.647424
 8.8501137 93.228617 0.01072632 98.207174 -4.978557 65.647894
 8.8538305 93.477058 0.010697812 99.125554 -5.6484957 65.648364
 8.8575472 93.992963 0.010639094 100.25213 -6.2591707 65.648833
 8.8612639 94.477592 0.01058452 101.25356 -6.775972 65.649301
 8.8649807 94.626183 0.0105679 101.7735 -7.1473157 65.649768
 8.8686974 94.313454 0.010602941 101.64118 -7.3277223 65.650234
 8.8724142 93.554123 0.010689 100.85784 -7.3037156 65.650699
 8.8761309 92.531052 0.010807183 99.641205 -7.1101536 65.651162
 8.8798476 91.451182 0.010934796 98.313531 -6.8623493 65.651625
 8.8835644 90.588064 0.011038982 97.211716 -6.6236521 65.652086
 8.8872811 90.173129 0.011089778 96.589552 -6.4164232 65.652547
 8.8909979 90.312014 0.011072724 96.559701 -6.2476867 65.653006
 8.8947146 90.983271 0.010991031 97.074585 -6.0913142 65.653463
 8.8984313 92.05379 0.010863214 97.938499 -5.8847093 65.65392
 8.9021481 93.353233 0.010712002 98.840609 -5.4873761 65.654375
 8.9058648 94.642174 0.010566114 99.466814 -4.8246407 65.654829
 8.9095816 95.659261 0.010453771 99.596718 -3.937457 65.655281
 8.9132983 96.172943 0.010397935 99.130952 -2.9580088 65.655732
 8.9170151 96.028798 0.010413543 98.033886 -2.0050878 65.656181
 8.9207318 95.228511 0.010501057 96.295796 -1.0672854 65.656629
 8.9244485 93.788549 0.010662282 93.987583 -0.1990342 65.657076
 8.9281653 91.856211 0.01088658 91.285313 0.57089853 65.657521
 8.931882 89.654096 0.01115398 88.493879 1.1602168 65.657964
 8.9355988 87.363492 0.011446429 85.891042 1.4724507 65.658406
 8.9393155 85.218257 0.011734575 83.681488 1.536769 65.658846
 8.9430322 83.426414 0.011986611 82.003688 1.4227263 65.659284
 8.946749 82.122462 0.012176936 80.886751 1.2357114 65.65972
 8.9504657 81.358353 0.012291301 80.343908 1.0144446 65.660155
 8.9541825 81.173175 0.012319341 80.344157 0.82901749 65.660588
 8.9578992 81.602425 0.012254538 80.805327 0.79709746 65.66102
 8.961616 82.55644 0.012112925 81.615626 0.94081349 65.661449
 8.9653327 83.792297 0.011934271 82.584181 1.2081165 65.661876
 8.9690494 85.077268 0.011754021 83.490412 1.5868556 65.662302
 8.9727662 86.100881 0.011614283 84.08123 2.0196512 65.662726
 8.9764829 86.591136 0.011548526 84.109673 2.4814623 65.663147
 8.9801997 86.411985 0.011572469 83.505452 2.9065329 65.663567
 8.9839164 85.59744 0.011682592 82.366165 3.2312753 65.663985
 8.9876331 84.361069 0.011853809 80.905782 3.4552871 65.6644
 8.9913499 82.899974 0.01206273 79.337725 3.562249 65.664813
 8.9950666 81.426882 0.012280956 77.829416 3.5974661 65.665225
 8.9987834 80.135717 0.01247883 76.486251 3.6494656 65.665634
 9.0025001 79.079193 0.012645551 75.367524 3.7116689 65.666041
 9.0062168 78.271461 0.012776049 74.505516 3.7659453 65.666445
 9.0099336 77.705289 0.012869137 73.911702 3.793587 65.666848
 9.0136503 77.383331 0.01292268 73.586116 3.7972156 65.667248
 9.0173671 77.307345 0.012935381 73.531997 3.7753486 65.667645
 9.0210838 77.459455 0.01290998 73.765599 3.6938561 65.668041
 9.0248006 77.862305 0.012843185 74.304657 3.5576479 65.668434
 9.0285173 78.480131 0.012742079 75.184028 3.2961024 65.668824
 9.032234 79.320824 0.01260703 76.463492 2.8573312 65.669212
 9.0359508 80.407791 0.012436606 78.166597 2.2411944 65.669598
 9.0396675 81.78507 0.012227171 80.335088 1.4499819 65.669981
 9.0433843 83.413096 0.011988525 82.97887 0.43422564 65.670361
 9.047101 85.299466 0.011723403 86.08014 -0.78067341 65.670739
 9.0508178 87.423449 0.011438579 89.511965 -2.088516 65.671115
 9.0545345 89.659747 0.011153277 93.09846 -3.4387136 65.671487
 9.0582512 91.92142 0.010878857 96.512071 -4.5906514 65.671857
 9.061968 94.067251 0.010630692 99.3237 -5.2564497 65.672224
 9.0656847 95.908231 0.010426634 101.16755 -5.259323 65.672589
 9.0694015 97.285922 0.01027898 101.79378 -4.507855 65.67295
 9.0731182 98.077362 0.010196033 101.23685 -3.1594893 65.673309
 9.0768349 98.283592 0.010174638 99.859251 -1.5756592 65.673665
 9.0805517 97.952087 0.010209073 98.128797 -0.17670923 65.674018
 9.0842684 97.293783 0.010278149 96.491717 0.80206588 65.674368
 9.0879852 96.600787 0.010351883 95.28671 1.3140769 65.674716
 9.0917019 96.115089 0.010404194 94.710408 1.4046812 65.67506
 9.0954186 96.035085 0.010412861 94.85161 1.1834749 65.675401
 9.0991354 96.43443 0.01036974 95.671613 0.76281764 65.67574
 9.1028521 97.26033 0.010281684 97.056357 0.20397358 65.676075
 9.1065689 98.330905 0.010169743 98.772289 -0.44138413 65.676407
 9.1102856 99.414683 0.010058876 100.59997 -1.185291 65.676736
 9.1140023 100.4433 0.0099558656 102.3977 -1.9544034 65.677062
 9.1177191 101.44541 0.009857518 104.11763 -2.6722163 65.677384
 9.1214358 102.42702 0.0097630489 105.76076 -3.3337423 65.677704
 9.1251526 103.38096 0.0096729614 107.27235 -3.8913983 65.67802
 9.1288693 104.2347 0.0095937339 108.46368 -4.2289766 65.678332
 9.1325861 104.8125 0.009540847 109.03481 -4.2223172 65.678642
 9.1363028 104.90154 0.0095327487 108.68216 -3.780619 65.678948
 9.1400195 104.31714 0.0095861527 107.24604 -2.9289056 65.679251
 9.1437363 103.02548 0.0097063365 104.8445 -1.8190175 65.67955
 9.147453 101.08089 0.0098930669 101.86105 -0.78016431 65.679846
 9.1511698 98.682983 0.010133459 98.681822 0.0011617795 65.680139
 9.1548865 96.174103 0.01039781 95.624913 0.54919012 65.680428
 9.1586033 93.744911 0.010667246 92.929778 0.81513355 65.680713
 9.16232 91.513011 0.010927408 90.726919 0.78609178 65.680995
 9.1660367 89.609922 0.011159479 89.04221 0.56771163 65.681273
 9.1697535 88.05482 0.011356562 87.848774 0.20604595 65.681548
 9.1734702 86.81248 0.011519081 87.042607 -0.2301273 65.681818
 9.1771869 85.844147 0.011649018 86.462669 -0.61852247 65.682086
 9.1809037 85.103612 0.011750383 85.896415 -0.79280246 65.682349
 9.1846204 84.471827 0.011838266 85.137263 -0.66543629 65.682609
 9.1883372 83.880913 0.011921663 84.11964 -0.23872713 65.682865
 9.1920539 83.291435 0.012006036 82.846978 0.44445709 65.683117
 9.1957707 82.668238 0.012096544 81.46608 1.2021588 65.683365
 9.1994874 81.99249 0.012196239 80.125043 1.8674476 65.68361
 9.2032041 81.274656 0.012303959 78.935214 2.3394418 65.68385
 9.2069209 80.557167 0.012413545 77.999642 2.557525 65.684087
 9.2106376 79.927259 0.012511376 77.390539 2.5367194 65.68432
 9.2143544 79.42111 0.012591111 77.164983 2.2561269 65.684548
 9.2180711 79.141179 0.012635647 77.375181 1.7659983 65.684773
 9.2217879 79.166997 0.012631526 78.086644 1.0803532 65.684993
 9.2255046 79.636734 0.012557019 79.334125 0.30260878 65.68521
 9.2292213 80.688942 0.012393272 81.143672 -0.4547303 65.685422
 9.2329381 82.449847 0.012128585 83.563081 -1.1132338 65.68563
 9.2366548 85.07444 0.011754412 86.553067 -1.4786266 65.685834
 9.2403716 88.66247 0.011278729 90.053461 -1.3909909 65.686034
 9.2440883 92.965047 0.010756731 93.901381 -0.93633334 65.686229
 9.247805 97.645795 0.010241096 97.834053 -0.18825737 65.686421
 9.2515218 102.16828 0.0097877738 101.45472 0.71356141 65.686607
 9.2552385 105.73944 0.0094572093 104.26067 1.4787718 65.68679
 9.2589553 107.93419 0.0092649052 105.80175 2.1324399 65.686968
 9.262672 108.60138 0.0092079857 105.95593 2.6454586 65.687142
 9.2663887 107.97175 0.0092616816 104.96327 3.0084867 65.687312
 9.2701055 106.40774 0.0093978128 103.27586 3.1318729 65.687476
 9.2738222 104.40975 0.0095776499 101.36216 3.0475894 65.687637
 9.277539 102.53071 0.0097531753 99.510536 3.0201749 65.687793
 9.2812557 100.83724 0.0099169714 97.777249 3.0599881 65.687944
 9.2849724 99.245476 0.010076026 96.117605 3.1278704 65.688091
 9.2886892 97.635765 0.010242148 94.421233 3.2145322 65.688233
 9.2924059 95.875338 0.010430211 92.624353 3.2509851 65.688371
 9.2961227 93.965062 0.010642253 90.889733 3.0753291 65.688504
 9.2998394 92.033785 0.010865575 89.341708 2.6920777 65.688632
 9.3035562 90.20238 0.011086182 88.106076 2.0963042 65.688756
 9.3072729 88.573481 0.011290061 87.228699 1.3447822 65.688874
 9.3109896 87.270808 0.011458585 86.700704 0.57010374 65.688988
 9.3147064 86.327782 0.011583756 86.395078 -0.06729639 65.689097
 9.3184231 85.675273 0.011671979 86.153907 -0.47863402 65.689202
 9.3221399 85.231308 0.011732778 85.806519 -0.57521088 65.689301
 9.3258566 84.948003 0.011771907 85.272834 -0.32483135 65.689396
 9.3295734 84.820808 0.01178956 84.644509 0.17629973 65.689485
 9.3332901 84.798444 0.011792669 84.066481 0.73196284 65.68957
 9.3370068 84.912201 0.011776871 83.725067 1.187134 65.689649
 9.3407236 85.171346 0.011741038 83.782389 1.388957 65.689724
 9.3444403 85.595683 0.011682832 84.301478 1.294205 65.689794
 9.348157 86.256157 0.011593375 85.326536 0.9296205 65.689858
 9.3518738 87.175985 0.011471049 86.827605 0.34837944 65.689917
 9.3555905 88.309736 0.01132378 88.669397 -0.35966111 65.689972
 9.3593073 89.553693 0.011166485 90.643174 -1.0894809 65.690021
 9.363024 90.750587 0.011019212 92.4955 -1.7449124 65.690065
 9.3667408 91.658908 0.010910014 93.865381 -2.2064738 65.690103
 9.3704575 92.078265 0.010860326 94.500045 -2.42178 65.690137
 9.3741742 91.913684 0.010879773 94.227169 -2.3134854 65.690165
 9.377891 91.183177 0.010966935 93.052982 -1.8698057 65.690188
 9.3816077 90.00961 0.011109925 91.175785 -1.1661745 65.690205
 9.3853245 88.54671 0.011293474 88.861893 -0.31518364 65.690217
 9.3890412 87.012136 0.01149265 86.434541 0.57759471 65.690224
 9.392758 85.489408 0.011697356 84.140217 1.3491911 65.690225
 9.3964747 84.073987 0.011894285 82.167215 1.9067724 65.690221
 9.4001914 82.873611 0.012066567 80.627508 2.2461038 65.690211
 9.4039082 81.940684 0.01220395 79.591345 2.3493391 65.690196
 9.4076249 81.336843 0.012294551 79.07451 2.2623333 65.690175
 9.4113417 81.119756 0.012327453 79.07127 2.0484862 65.690149
 9.4150584 81.353363 0.012292055 79.562772 1.790591 65.690117
 9.4187751 82.094798 0.01218104 80.487549 1.6072487 65.690079
 9.4224919 83.287305 0.012006632 81.806825 1.4804798 65.690036
 9.4262086 84.874807 0.011782059 83.410419 1.4643878 65.689987
 9.4299254 86.736977 0.011529108 85.168029 1.5689477 65.689933
 9.4336421 88.633458 0.011282421 86.934396 1.6990629 65.689872
 9.4373589 90.428535 0.011058456 88.56791 1.8606259 65.689806
 9.4410756 92.045957 0.010864138 90.027489 2.0184679 65.689734
 9.4447923 93.420972 0.010704235 91.378765 2.0422074 65.689657
 9.4485091 94.574061 0.010573724 92.682912 1.8911493 65.689573
 9.4522258 95.552521 0.010465449 93.961289 1.5912319 65.689484
 9.4559425 96.394847 0.010373999 95.229707 1.1651397 65.689388
 9.4596593 97.156784 0.010292642 96.555547 0.6012369 65.689287
 9.463376 97.887062 0.010215855 97.92567 -0.038608116 65.68918
 9.4670928 98.61083 0.010140874 99.407936 -0.7971064 65.689066
 9.4708095 99.291196 0.010071386 100.93431 -1.6431151 65.688947
 9.4745263 99.870842 0.010012933 102.3284 -2.457559 65.688822
 9.478243 100.22674 0.009977377 103.4317 -3.2049578 65.68869
 9.4819597 100.21414 0.0099786318 103.98546 -3.7713208 65.688553
 9.4856765 99.728025 0.010027272 103.80948 -4.081451 65.688409
 9.4893932 98.748942 0.010126691 102.7524 -4.0034583 65.688259
 9.49311 97.304189 0.01027705 100.76841 -3.4642252 65.688103
 9.4968267 95.491173 0.010472172 98.035343 -2.5441707 65.687941
 9.5005435 93.475774 0.010697959 94.882081 -1.4063069 65.687772
 9.5042602 91.390271 0.010942084 91.693832 -0.3035607 65.687598
 9.5079769 89.32977 0.011194476 88.792281 0.53748956 65.687417
 9.5116937 87.468018 0.01143275 86.37197 1.0960477 65.687229
 9.5154104 85.886248 0.011643308 84.562779 1.3234691 65.687035
 9.5191272 84.705363 0.011805628 83.440049 1.2653141 65.686835
 9.5228439 84.027425 0.011900876 83.013184 1.0142406 65.686629
 9.5265606 83.917651 0.011916444 83.247788 0.66986253 65.686416
 9.5302774 84.39461 0.011849098 84.099398 0.29521195 65.686196
 9.5339941 85.424985 0.011706177 85.475748 -0.050762673 65.68597
 9.5377109 86.956973 0.01149994 87.231279 -0.27430601 65.685738
 9.5414276 88.878049 0.011251372 89.171231 -0.29318163 65.685499
 9.5451443 90.951889 0.010994824 91.054946 -0.10305658 65.685253
 9.5488611 92.992765 0.010753525 92.665919 0.32684585 65.685001
 9.5525778 94.809166 0.010547503 93.874519 0.93464741 65.684742
 9.5562946 96.196187 0.010395422 94.627282 1.5689054 65.684477
 9.5600113 97.009379 0.010308282 94.901587 2.107792 65.684205
 9.563728 97.147906 0.010293583 94.682309 2.4655966 65.683926
 9.5674448 96.595248 0.010352476 93.937983 2.6572645 65.68364
 9.5711615 95.416822 0.010480332 92.742261 2.674561 65.683348
 9.5748783 93.754784 0.010666122 91.208906 2.5458777 65.683049
 9.578595 91.841779 0.010888291 89.560998 2.2807807 65.682743
 9.5823118 89.882306 0.01112566 88.031074 1.8512322 65.68243
 9.5860285 88.126465 0.011347329 86.842566 1.2838988 65.682111
 9.5897452 86.797663 0.011521047 86.142503 0.65516007 65.681784
 9.593462 86.019526 0.011625267 86.009329 0.010197314 65.681451
 9.5971787 85.829661 0.011650984 86.436857 -0.60719576 65.68111
 9.6008955 86.241938 0.011595287 87.351472 -1.1095333 65.680763
 9.6046122 87.20251 0.01146756 88.601593 -1.3990835 65.680409
 9.608329 88.577779 0.011289513 89.952678 -1.3748993 65.680047
 9.6120457 90.053932 0.011104457 91.102725 -1.0487925 65.679679
 9.6157624 91.347 0.010947267 91.741605 -0.39460499 65.679304
 9.6194792 92.165082 0.010850096 91.682998 0.48208419 65.678921
 9.6231959 92.295682 0.010834743 90.883061 1.4126213 65.678531
 9.6269126 91.695503 0.01090566 89.421986 2.273517 65.678134
 9.6306294 90.463084 0.011054233 87.580006 2.8830784 65.67773
 9.6343461 88.84184 0.011255958 85.652627 3.1892131 65.677319
 9.6380629 87.060725 0.011486236 83.889683 3.1710423 65.676901
 9.6417796 85.384857 0.011711679 82.452703 2.9321544 65.676475
 9.6454964 84.091993 0.011891739 81.46159 2.6304024 65.676042
 9.6492131 83.267822 0.012009441 80.97891 2.2889123 65.675602
 9.6529298 82.934385 0.012057725 80.995377 1.9390081 65.675154
 9.6566466 83.05722 0.012039892 81.488745 1.5684751 65.674699
 9.6603633 83.569377 0.011966106 82.327736 1.241641 65.674237
 9.6640801 84.325584 0.011858797 83.402026 0.92355795 65.673767
 9.6677968 85.074763 0.011754367 84.509914 0.5648491 65.67329
 9.6715136 85.683932 0.0116708 85.471267 0.21266544 65.672805
 9.6752303 86.038617 0.011622688 86.131411 -0.092793418 65.672313
 9.678947 86.116613 0.011612161 86.413994 -0.29738135 65.671813
 9.6826638 85.943634 0.011635533 86.302273 -0.3586392 65.671306
 9.6863805 85.601802 0.011681997 85.805096 -0.20329422 65.670791
 9.6900973 85.21653 0.011734813 84.989899 0.22663133 65.670269
 9.693814 84.86086 0.011783996 84.008786 0.85207437 65.669739
 9.6975307 84.580149 0.011823105 83.014685 1.5654641 65.669202
 9.7012475 84.379779 0.011851181 82.171657 2.2081218 65.668656
 9.7049642 84.248304 0.011869675 81.554087 2.6942165 65.668104
 9.708681 84.166336 0.011881235 81.193625 2.9727112 65.667543
 9.7123977 84.117622 0.011888115 81.054802 3.0628207 65.666975
 9.7161144 84.082324 0.011893106 81.040461 3.041863 65.666398
 9.7198312 84.034149 0.011899924 81.017996 3.0161528 65.665815
 9.7235479 83.950981 0.011911713 80.87235 3.0786314 65.665223
 9.7272647 83.818827 0.011930494 80.554227 3.2646003 65.664623
 9.7309814 83.642598 0.01195563 80.110054 3.5325449 65.664016
 9.7346981 83.439006 0.011984802 79.654173 3.7848322 65.663401
 9.7384149 83.223869 0.012015784 79.298719 3.9251507 65.662778
 9.7421316 83.036776 0.012042857 79.122247 3.9145291 65.662147
 9.7458484 82.907946 0.01206157 79.155785 3.7521612 65.661508
 9.7495651 82.849996 0.012070007 79.406294 3.4437018 65.660861
 9.7532819 82.842885 0.012071043 79.769023 3.0738619 65.660206
 9.7569986 82.878354 0.012065877 80.170545 2.7078093 65.659543
 9.7607153 82.917887 0.012060124 80.463697 2.4541904 65.658872
 9.7644321 82.91776 0.012060142 80.552193 2.3655673 65.658193
 9.7681488 82.841601 0.01207123 80.391959 2.4496424 65.657505
 9.7718656 82.682945 0.012094393 80.139219 2.5437258 65.65681
 9.7755823 82.490667 0.012122584 79.892927 2.5977397 65.656107
 9.7792991 82.393021 0.01213695 79.755508 2.6375124 65.655395
 9.7830158 82.518163 0.012118544 79.840147 2.6780164 65.654675
 9.7867325 82.94854 0.012055667 80.142814 2.805726 65.653947
 9.7904493 83.725164 0.01194384 80.674265 3.0508989 65.653211
 9.794166 84.788376 0.01179407 81.342823 3.4455531 65.652467
 9.7978828 85.958003 0.011633588 82.011326 3.946677 65.651714
 9.8015995 86.944979 0.011501527 82.515601 4.4293779 65.650953
 9.8053162 87.522608 0.011425619 82.670552 4.8520568 65.650183
 9.809033 87.520185 0.011425936 82.371169 5.1490155 65.649406
 9.8127497 86.924182 0.011504279 81.668145 5.2560364 65.648619
 9.8164665 85.818858 0.011652451 80.716276 5.1025816 65.647825
 9.8201832 84.443225 0.011842276 79.668494 4.7747308 65.647022
 9.8238999 83.033948 0.012043267 78.71548 4.318468 65.646211
 9.8276167 81.745008 0.012233163 77.963681 3.7813268 65.645391
 9.8313334 80.698499 0.012391804 77.505483 3.1930156 65.644563
 9.8350502 79.966817 0.012505187 77.37507 2.5917472 65.643726
 9.8387669 79.545794 0.012571375 77.655222 1.8905717 65.64288
 9.8424837 79.411049 0.012592706 78.317348 1.093701 65.642026
 9.8462004 79.530418 0.012573805 79.396344 0.13407439 65.641164
 9.8499171 79.926376 0.012511514 80.854654 -0.92827798 65.640293
 9.8536339 80.55619 0.012413695 82.653144 -2.0969537 65.639413
 9.8573506 81.370809 0.012289419 84.711112 -3.3403032 65.638525
 9.8610674 82.355614 0.012142463 86.890816 -4.5352026 65.637628
 9.8647841 83.464572 0.011981131 89.008578 -5.5440065 65.636722
 9.8685008 84.637403 0.011815107 90.86645 -6.229047 65.635808
 9.8722176 85.807632 0.011653975 92.307039 -6.4994062 65.634885
 9.8759343 86.901034 0.011507343 93.283837 -6.3828025 65.633953
 9.8796511 87.861036 0.01138161 93.878826 -6.0177908 65.633012
 9.8833678 88.697108 0.011274325 94.201957 -5.5048487 65.632063
 9.8870846 89.472877 0.011176571 94.474092 -5.0012141 65.631105
 9.8908013 90.298787 0.011074346 94.897137 -4.59835 65.630138
 9.894518 91.296473 0.010953326 95.660897 -4.3644235 65.629162
 9.8982348 92.571203 0.010802496 96.883153 -4.3119507 65.628177
 9.9019515 94.144503 0.010621969 98.576504 -4.4320004 65.627183
 9.9056683 95.989647 0.01041779 100.62128 -4.6316323 65.62618
 9.909385 97.945025 0.010209809 102.81998 -4.8749538 65.625169
 9.9131017 99.7942 0.010020622 104.92663 -5.1324271 65.624148
 9.9168185 101.33053 0.0098686942 106.70269 -5.3721621 65.623119
 9.9205352 102.37426 0.0097680806 107.97811 -5.6038515 65.62208
 9.924252 102.83929 0.0097239096 108.6612 -5.8219055 65.621033
 9.9279687 102.74235 0.0097330847 108.7 -5.9576514 65.619976
 9.9316854 102.20368 0.0097843838 108.19112 -5.9874481 65.61891
 9.9354022 101.38659 0.0098632374 107.31807 -5.9314783 65.617835
 9.9391189 100.47031 0.0099531888 106.35466 -5.8843425 65.616752
 9.9428357 99.681913 0.01003191 105.57601 -5.8940974 65.615659
 9.9465524 99.208389 0.010079793 105.22952 -6.0211319 65.614556
 9.9502692 99.167981 0.0100839 105.4519 -6.2839226 65.613445
 9.9539859 99.630005 0.010037137 106.28031 -6.6503092 65.612324
 9.9577026 100.58562 0.0099417787 107.67262 -7.0869948 65.611195
 9.9614194 102.00314 0.0098036199 109.48853 -7.4853957 65.610056
 9.9651361 103.7171 0.0096416117 111.52865 -7.8115503 65.608907
 9.9688529 105.55045 0.0094741424 113.60148 -8.0510322 65.60775
 9.9725696 107.38726 0.0093120915 115.50524 -8.1179796 65.606583
 9.9762863 109.05875 0.0091693694 117.08269 -8.023939 65.605407
 9.9800031 110.39302 0.0090585441 118.13516 -7.7421408 65.604221
 9.9837198 111.27498 0.0089867459 118.56405 -7.2890709 65.603027
 9.9874366 111.6726 0.0089547481 118.37928 -6.706678 65.601822
 9.9911533 111.5792 0.0089622438 117.71353 -6.1343338 65.600609
 9.99487 111.0042 0.009008668 116.77012 -5.7659227 65.599386
 9.9985868 110.05325 0.0090865105 115.77734 -5.7240944 65.598153
 10.002304 108.89677 0.0091830085 114.86452 -5.9677494 65.596911
 10.00602 107.63706 0.0092904807 114.06204 -6.4249839 65.59566
 10.009737 106.45003 0.0093940793 113.2599 -6.8098772 65.594399
 10.013454 105.48103 0.0094803776 112.39917 -6.9181437 65.593129
 10.017171 104.81451 0.0095406641 111.42801 -6.613505 65.591849
 10.020887 104.46302 0.0095727653 110.44462 -5.9815974 65.590559
 10.024604 104.38124 0.0095802653 109.56467 -5.1834305 65.58926
 10.028321 104.51488 0.0095680154 108.82981 -4.3149255 65.587952
 10.032037 104.72821 0.0095485258 108.17798 -3.4497676 65.586633
 10.035754 104.87195 0.0095354384 107.51428 -2.6423341 65.585306
 10.039471 104.80385 0.0095416346 106.74282 -1.938971 65.583968
 10.043188 104.43729 0.0095751241 105.77783 -1.3405404 65.582621
 10.046904 103.68838 0.009644282 104.57071 -0.88233007 65.581264
 10.050621 102.5536 0.0097509988 103.05596 -0.5023668 65.579897
 10.054338 101.06605 0.0098945195 101.15535 -0.089298526 65.578521
 10.058055 99.266673 0.010073874 98.836662 0.43001124 65.577135
 10.061771 97.154246 0.010292911 96.161324 0.99292236 65.575739
 10.065488 94.864171 0.010541388 93.304474 1.5596977 65.574334
 10.069205 92.516157 0.010808923 90.485151 2.0310057 65.572919
 10.072922 90.212054 0.011084993 87.920561 2.2914931 65.571493
 10.076638 88.092964 0.011351644 85.72524 2.3677237 65.570058
 10.080355 86.280528 0.011590101 83.967024 2.3135038 65.568614
 10.084072 84.799146 0.011792572 82.654702 2.1444442 65.567159
 10.087789 83.69986 0.011947451 81.784353 1.9155061 65.565694
 10.091505 82.943825 0.012056353 81.30528 1.6385447 65.56422
 10.095222 82.526922 0.012117258 81.142701 1.384221 65.562736
 10.098939 82.351301 0.012143099 81.225658 1.1256421 65.561241
 10.102656 82.360181 0.01214179 81.456686 0.90349554 65.559737
 10.106372 82.542798 0.012114927 81.763247 0.77955147 65.558223
 10.110089 82.864047 0.01206796 82.116183 0.74786403 65.556698
 10.113806 83.286677 0.012006722 82.546762 0.73991511 65.555164
 10.117523 83.822296 0.01193 83.112791 0.70950479 65.55362
 10.121239 84.49689 0.011834755 83.869708 0.62718213 65.552066
 10.124956 85.292539 0.011724355 84.852901 0.4396381 65.550501
 10.128673 86.158511 0.011606514 86.066472 0.092038401 65.548927
 10.132389 87.067513 0.01148534 87.512914 -0.44540123 65.547342
 10.136106 88.002439 0.011363321 89.218706 -1.2162671 65.545748
 10.139823 88.959231 0.011241104 91.247347 -2.2881158 65.544143
 10.14354 89.935941 0.011119025 93.62882 -3.6928788 65.542528
 10.147256 90.98629 0.010990667 96.408587 -5.4222965 65.540903
 10.150973 92.146617 0.01085227 99.521355 -7.3747379 65.539268
 10.15469 93.423999 0.010703888 102.79264 -9.36864 65.537622
 10.158407 94.844376 0.010543588 105.98785 -11.14347 65.535967
 10.162123 96.440694 0.010369067 108.82857 -12.387878 65.534301
 10.16584 98.20049 0.010183249 111.16018 -12.959694 65.532625
 10.169557 100.08799 0.0099912088 113.04354 -12.955554 65.530939
 10.173274 102.14974 0.0097895504 114.727 -12.577267 65.529242
 10.17699 104.36811 0.0095814712 116.51707 -12.148964 65.527535
 10.180707 106.73293 0.0093691796 118.63589 -11.902957 65.525818
 10.184424 109.24449 0.0091537794 121.14607 -11.901571 65.52409
 10.188141 111.84387 0.008941035 123.93186 -12.087983 65.522352
 10.191857 114.43536 0.0087385576 126.69221 -12.256846 65.520604
 10.195574 116.8712 0.0085564279 128.99217 -12.120968 65.518846
 10.199291 118.94374 0.0084073364 130.38942 -11.445689 65.517077
 10.203008 120.39701 0.0083058542 130.57578 -10.178769 65.515297
 10.206724 121.04007 0.0082617266 129.53326 -8.4931832 65.513508
 10.210441 120.80207 0.0082780038 127.4714 -6.6693298 65.511707
 10.214158 119.76989 0.0083493439 124.75587 -4.9859789 65.509897
 10.217875 118.05595 0.00847056 121.75071 -3.6947591 65.508076
 10.221591 115.94443 0.0086248216 118.73588 -2.7914477 65.506244
 10.225308 113.6913 0.0087957476 115.90843 -2.2171284 65.504402
 10.229025 111.46804 0.0089711811 113.35203 -1.8839912 65.50255
 10.232741 109.38965 0.009141633 111.09047 -1.700822 65.500687
 10.236458 107.43451 0.0093079964 109.07561 -1.641106 65.498813
 10.240175 105.4959 0.0094790418 107.21066 -1.7147636 65.496929
 10.243892 103.45608 0.0096659372 105.39578 -1.9396944 65.495034
 10.247608 101.29964 0.0098717037 103.60518 -2.3055469 65.493129
 10.251325 99.04203 0.010096724 101.9072 -2.8651721 65.491213
 10.255042 96.840645 0.010326243 100.47583 -3.6351813 65.489286
 10.258759 94.875575 0.010540121 99.485088 -4.6095137 65.487349
 10.262475 93.366486 0.010710481 99.108833 -5.7423472 65.485402
 10.266192 92.543958 0.010805676 99.46606 -6.922102 65.483443
 10.269909 92.554385 0.010804458 100.65888 -8.1044905 65.481474
 10.273626 93.536802 0.010690979 102.73491 -9.1981109 65.479495
 10.277342 95.504211 0.010470742 105.69793 -10.193716 65.477504
 10.281059 98.424014 0.010160122 109.4822 -11.058187 65.475503
 10.284776 102.19888 0.0097848435 113.91129 -11.712414 65.473491
 10.288493 106.46782 0.0093925095 118.7132 -12.245386 65.471469
 10.292209 110.94886 0.0090131613 123.52924 -12.580381 65.469435
 10.295926 115.48727 0.0086589629 128.08869 -12.601422 65.467391
 10.299643 119.82235 0.0083456886 132.27487 -12.452525 65.465337
 10.30336 123.9561 0.0080673724 136.15697 -12.200871 65.463271
 10.307076 127.96514 0.0078146282 139.86996 -11.904817 65.461195
 10.310793 131.77989 0.0075884111 143.44975 -11.669859 65.459107
 10.31451 135.26259 0.0073930272 146.67955 -11.416963 65.457009
 10.318227 138.17691 0.0072370994 149.14122 -10.964317 65.454901
 10.321943 140.06477 0.0071395539 150.32461 -10.259833 65.452781
 10.32566 140.54343 0.0071152385 149.87431 -9.3308847 65.45065
 10.329377 139.30009 0.0071787463 147.73005 -8.4299574 65.448509
 10.333094 136.47836 0.0073271688 144.11618 -7.6378173 65.446357
 10.33681 132.37216 0.0075544585 139.45206 -7.0798953 65.444194
 10.340527 127.35959 0.007851784 134.27194 -6.9123497 65.442019
 10.344244 122.17805 0.0081847764 129.06851 -6.8904604 65.439834
 10.34796 117.29808 0.0085252887 124.29841 -7.0003343 65.437638
 10.351677 112.99041 0.0088503082 120.28512 -7.2947056 65.435432
 10.355394 109.54641 0.0091285509 117.23846 -7.6920496 65.433214
 10.359111 107.02412 0.0093436882 115.21603 -8.1919067 65.430985
 10.362827 105.40399 0.0094873072 114.13828 -8.7342977 65.428745
 10.366544 104.62239 0.0095581836 113.87257 -9.2501803 65.426494
 10.370261 104.57019 0.0095629545 114.21831 -9.6481159 65.424232
 10.373978 105.15641 0.009509644 114.96176 -9.8053516 65.42196
 10.377694 106.07165 0.0094275897 115.74686 -9.6752118 65.419676
 10.381411 107.02525 0.0093435899 116.17846 -9.1532131 65.417381
 10.385128 107.70315 0.0092847799 115.84523 -8.1420814 65.415075
 10.388845 107.77177 0.0092788674 114.48268 -6.7109084 65.412758
 10.392561 107.01517 0.0093444698 112.03128 -5.016115 65.41043
 10.396278 105.39992 0.0094876735 108.66686 -3.2669468 65.408091
 10.399995 103.11014 0.0096983672 104.75366 -1.6435171 65.405741
 10.403712 100.33061 0.0099670477 100.67079 -0.3401772 65.403379
 10.407428 97.319308 0.010275453 96.78082 0.53848802 65.401007
 10.411145 94.406316 0.010592512 93.317131 1.0891847 65.398623
 10.414862 91.766721 0.010897197 90.404104 1.3626169 65.396229
 10.418579 89.496585 0.011173611 88.111188 1.3853962 65.393823
 10.422295 87.730698 0.011398519 86.425329 1.3053685 65.391406
 10.426012 86.453687 0.011566887 85.282358 1.1713288 65.388977
 10.429729 85.627754 0.011678456 84.579484 1.0482703 65.386538
 10.433446 85.116536 0.011748598 84.197755 0.9187812 65.384088
 10.437162 84.800016 0.011792451 83.9802 0.81981532 65.381626
 10.440879 84.55501 0.01182662 83.823444 0.73156598 65.379153
 10.444596 84.289993 0.011863804 83.696427 0.59356674 65.376669
 10.448312 83.964813 0.011909751 83.647008 0.31780543 65.374173
 10.452029 83.633939 0.011956868 83.737154 -0.10321439 65.371667
 10.455746 83.36851 0.011994937 84.052513 -0.68400293 65.369149
 10.459463 83.224815 0.012015647 84.641972 -1.417157 65.36662
 10.463179 83.2677 0.012009459 85.4946 -2.2268997 65.364079
 10.466896 83.527707 0.011972075 86.533956 -3.0062486 65.361528
 10.470613 83.985364 0.011906836 87.662621 -3.6772571 65.358965
 10.47433 84.597844 0.011820632 88.718215 -4.1203702 65.356391
 10.478046 85.305626 0.011722556 89.567381 -4.2617555 65.353805
 10.481763 86.029566 0.011623911 90.128737 -4.0991709 65.351208
 10.48548 86.695351 0.011534644 90.365504 -3.6701531 65.3486
 10.489197 87.196986 0.011468286 90.273524 -3.0765378 65.345981
 10.492913 87.554522 0.011421455 89.887206 -2.3326838 65.34335
 10.49663 87.759646 0.011394759 89.287689 -1.5280428 65.340708
 10.500347 87.866302 0.011380927 88.574452 -0.70814933 65.338054
 10.504064 87.910688 0.011375181 87.857156 0.053531306 65.335389
 10.50778 87.90357 0.011376102 87.170548 0.73302191 65.332713
 10.511497 87.781517 0.01139192 86.490071 1.2914456 65.330026
 10.515214 87.464447 0.011433217 85.779594 1.6848526 65.327327
 10.518931 86.942568 0.011501846 85.036691 1.9058774 65.324616
 10.522647 86.276281 0.011590671 84.354202 1.9220784 65.321894
 10.526364 85.554703 0.011688428 83.85277 1.7019328 65.319161
 10.530081 84.880285 0.011781299 83.660252 1.2200322 65.316417
 10.533798 84.432434 0.01184379 83.886912 0.54552186 65.313661
 10.537514 84.344068 0.011856198 84.575597 -0.23152865 65.310893
 10.541231 84.696805 0.011806821 85.726618 -1.029813 65.308114
 10.544948 85.481107 0.011698491 87.276966 -1.7958585 65.305324
 10.548665 86.630948 0.011543219 89.096629 -2.4656804 65.302522
 10.552381 88.01402 0.011361826 90.975319 -2.9612985 65.299709
 10.556098 89.395513 0.011186244 92.653073 -3.2575598 65.296884
 10.559815 90.599556 0.011037582 93.835766 -3.2362104 65.294048
 10.563531 91.432681 0.010937008 94.287615 -2.8549347 65.291201
 10.567248 91.772105 0.010896557 93.863525 -2.0914202 65.288341
 10.570965 91.552472 0.010922698 92.557689 -1.0052165 65.285471
 10.574682 90.819374 0.011010866 90.529194 0.29017989 65.282589
 10.578398 89.704781 0.011147678 88.013623 1.6911573 65.279695
 10.582115 88.287987 0.011326569 85.281709 3.0062782 65.27679
 10.585832 86.68692 0.011535766 82.583596 4.1033237 65.273873
 10.589549 85.036936 0.011759596 80.070001 4.9669358 65.270945
 10.593265 83.385946 0.011992429 77.855984 5.5299615 65.268005
 10.596982 81.843763 0.012218402 75.9199 5.9238626 65.265054
 10.600699 80.448583 0.0124303 74.315404 6.1331787 65.262091
 10.604416 79.219226 0.012623198 73.007139 6.2120866 65.259117
 10.608132 78.169055 0.012792786 71.962192 6.2068629 65.256131
 10.611849 77.311513 0.012934684 71.139711 6.1718018 65.253134
 10.615566 76.611224 0.013052918 70.498102 6.113122 65.250125
 10.619283 76.065923 0.013146491 70.000818 6.0651053 65.247104
 10.622999 75.624379 0.013223249 69.614906 6.0094739 65.244072
 10.626716 75.281604 0.013283458 69.313956 5.9676474 65.241029
 10.630433 75.009755 0.013331599 69.07789 5.9318653 65.237973
 10.63415 74.820076 0.013365397 68.892166 5.9279096 65.234906
 10.637866 74.678271 0.013390776 68.746582 5.9316888 65.231828
 10.641583 74.579676 0.013408479 68.640961 5.9387149 65.228738
 10.6453 74.509773 0.013421058 68.554774 5.9549995 65.225636
 10.649017 74.464147 0.013429282 68.502681 5.961466 65.222523
 10.652733 74.425804 0.0134362 68.481396 5.9444083 65.219398
 10.65645 74.406324 0.013439718 68.501643 5.9046811 65.216262
 10.660167 74.416522 0.013437876 68.555807 5.8607151 65.213114
 10.663883 74.457314 0.013430514 68.658862 5.7984512 65.209954
 10.6676 74.508174 0.013421346 68.820226 5.6879473 65.206783
 10.671317 74.608429 0.013403311 69.050736 5.5576927 65.2036
 10.675034 74.772115 0.01337397 69.364554 5.4075609 65.200405
 10.67875 75.000801 0.013333191 69.764303 5.2364979 65.197199
 10.682467 75.295919 0.013280932 70.263252 5.0326664 65.193981
 10.686184 75.702105 0.013209672 70.862169 4.8399365 65.190752
 10.689901 76.251681 0.013114465 71.526168 4.725513 65.18751
 10.693617 76.946869 0.01299598 72.233433 4.7134362 65.184258
 10.697334 77.729543 0.012865121 72.955971 4.7735717 65.180993
 10.701051 78.526057 0.012734626 73.624775 4.9012817 65.177717
 10.704768 79.241503 0.01261965 74.119785 5.1217185 65.174429
 10.708484 79.755402 0.012538336 74.343461 5.4119406 65.17113
 10.712201 79.981923 0.012502825 74.287862 5.694061 65.167819
 10.715918 79.893745 0.012516624 73.950772 5.9429736 65.164496
 10.719635 79.534434 0.012573171 73.412396 6.1220378 65.161162
 10.723351 78.995288 0.012658983 72.773705 6.2215823 65.157816
 10.727068 78.345439 0.012763985 72.114414 6.2310244 65.154458
 10.730785 77.686696 0.012872217 71.516493 6.1702038 65.151089
 10.734502 77.091454 0.012971606 70.992523 6.098931 65.147707
 10.738218 76.5839 0.013057575 70.58316 6.0007403 65.144315
 10.741935 76.188431 0.013125352 70.282626 5.9058046 65.14091
 10.745652 75.895124 0.013176077 70.141433 5.7536906 65.137494
 10.749369 75.709216 0.013208432 70.131447 5.577769 65.134066
 10.753085 75.643125 0.013219972 70.27775 5.3653747 65.130627
 10.756802 75.690259 0.01321174 70.565962 5.1242977 65.127176
 10.760519 75.837461 0.013186095 70.99764 4.8398212 65.123713
 10.764236 76.052391 0.013148831 71.554292 4.4980988 65.120238
 10.767952 76.336431 0.013099905 72.227524 4.1089072 65.116752
 10.771669 76.69116 0.013039313 72.992334 3.698826 65.113254
 10.775386 77.073934 0.012974555 73.823105 3.2508293 65.109744
 10.779102 77.464495 0.01290914 74.63344 2.8310557 65.106223
 10.782819 77.851023 0.012845046 75.363339 2.4876844 65.10269
 10.786536 78.222677 0.012784017 75.943443 2.2792334 65.099145
 10.790253 78.561981 0.012728803 76.331907 2.2300744 65.095589
 10.793969 78.850677 0.012682199 76.578913 2.2717647 65.092021
 10.797686 79.069664 0.012647075 76.766187 2.3034772 65.088441
 10.801403 79.22064 0.012622973 76.975263 2.2453765 65.08485
 10.80512 79.30321 0.01260983 77.291996 2.0112136 65.081246
 10.808836 79.337324 0.012604408 77.7441 1.5932233 65.077632
 10.812553 79.338511 0.012604219 78.319523 1.0189881 65.074005
 10.81627 79.325338 0.012606313 78.968868 0.35646933 65.070367
 10.819987 79.314738 0.012607997 79.591014 -0.27627598 65.066717
 10.823703 79.326345 0.012606153 80.055943 -0.72959818 65.063055
 10.82742 79.366725 0.012599739 80.259085 -0.89236067 65.059382
 10.831137 79.433047 0.012589219 80.151661 -0.71861429 65.055697
 10.834854 79.518094 0.012575754 79.787224 -0.26912964 65.052
 10.83857 79.637886 0.012556838 79.317112 0.32077411 65.048292
 10.842287 79.795822 0.012531984 78.854532 0.94129002 65.044572
 10.846004 80.017672 0.012497239 78.582456 1.4352164 65.04084
 10.849721 80.308022 0.012452056 78.566607 1.7414149 65.037097
 10.853437 80.720851 0.012388373 78.885658 1.8351929 65.033342
 10.857154 81.273804 0.012304088 79.569287 1.7045168 65.029575
 10.860871 81.977168 0.012198519 80.61264 1.3645283 65.025796
 10.864588 82.821276 0.012074192 81.977032 0.84424392 65.022006
 10.868304 83.78673 0.011935064 83.599587 0.18714357 65.018204
 10.872021 84.832163 0.011787982 85.422776 -0.59061276 65.014391
 10.875738 85.934479 0.011636773 87.302591 -1.3681123 65.010566
 10.879454 87.097463 0.011481391 89.107897 -2.0104338 65.006729
 10.883171 88.304316 0.011324475 90.714011 -2.4096946 65.002881
 10.886888 89.470665 0.011176848 91.973691 -2.503026 64.99902
 10.890605 90.578761 0.011040116 92.871858 -2.2930973 64.995149
 10.894321 91.569522 0.010920664 93.427329 -1.8578071 64.991265
 10.898038 92.387032 0.01082403 93.73429 -1.3472584 64.98737
 10.901755 92.98496 0.010754427 93.841914 -0.85695366 64.983463
 10.905472 93.32355 0.010715409 93.783607 -0.46005667 64.979545
 10.909188 93.417231 0.010704663 93.57882 -0.16158909 64.975615
 10.912905 93.316149 0.010716259 93.244466 0.071683846 64.971673
 10.916622 93.07682 0.010743814 92.818694 0.25812651 64.96772
 10.920339 92.766754 0.010779724 92.320982 0.44577258 64.963755
 10.924055 92.439751 0.010817857 91.753776 0.6859742 64.959778
 10.927772 92.034943 0.010865438 91.070707 0.96423529 64.95579
 10.931489 91.49438 0.010929633 90.192128 1.3022521 64.95179
 10.935206 90.710035 0.011024139 89.038949 1.6710855 64.947779
 10.938922 89.643084 0.01115535 87.541692 2.101392 64.943756
 10.942639 88.297312 0.011325373 85.813924 2.4833887 64.939721
 10.946356 86.699849 0.011534045 83.957748 2.7421016 64.935675
 10.950073 84.959813 0.011770271 82.153114 2.8066998 64.931617
 10.953789 83.26755 0.01200948 80.525416 2.7421341 64.927547
 10.957506 81.691157 0.012241227 79.163855 2.5273019 64.923466
 10.961223 80.336032 0.012447715 78.127293 2.208739 64.919374
 10.96494 79.258624 0.012616924 77.454683 1.8039404 64.915269
 10.968656 78.483894 0.012741468 77.137831 1.3460634 64.911154
 10.972373 78.022687 0.012816785 77.248256 0.7744315 64.907026
 10.97609 77.892092 0.012838274 77.777408 0.11468405 64.902887
 10.979807 78.119601 0.012800885 78.730575 -0.61097445 64.898737
 10.983523 78.722458 0.012702855 80.112549 -1.3900913 64.894575
 10.98724 79.68763 0.012548999 81.91773 -2.2300999 64.890401
 10.990957 81.026555 0.012341633 84.095139 -3.0685834 64.886216
 10.994673 82.69812 0.012092173 86.579011 -3.8808913 64.882019
 10.99839 84.60849 0.011819145 89.258786 -4.6502956 64.877811
 11.002107 86.716693 0.011531805 91.970318 -5.2536251 64.873591
 11.005824 88.876928 0.011251514 94.542382 -5.6654538 64.86936
 11.00954 90.913925 0.010999415 96.781691 -5.8677658 64.865117
 11.013257 92.708344 0.010786516 98.491495 -5.7831515 64.860863
 11.016974 94.072276 0.010630124 99.521348 -5.4490727 64.856597
 11.020691 94.927821 0.01053432 99.782096 -4.8542748 64.85232
 11.024407 95.229368 0.010500962 99.303052 -4.073684 64.848031
 11.028124 95.013041 0.010524871 98.266452 -3.2534109 64.843731
 11.031841 94.379918 0.010595474 96.877068 -2.4971496 64.839419
 11.035558 93.405942 0.010705957 95.391235 -1.9852932 64.835096
 11.039274 92.296865 0.010834604 94.000709 -1.7038446 64.830761
 11.042991 91.196528 0.01096533 92.816784 -1.620256 64.826415
 11.046708 90.150251 0.011092593 91.837076 -1.6868248 64.822058
 11.050425 89.225772 0.011207524 90.999585 -1.7738137 64.817689
 11.054141 88.412432 0.011310626 90.151008 -1.7385756 64.813308
 11.057858 87.685 0.011404459 89.173183 -1.4881828 64.808917
 11.061575 87.012182 0.011492644 88.042992 -1.0308104 64.804513
 11.065292 86.372724 0.011577729 86.823632 -0.45090773 64.800099
 11.069008 85.786942 0.011656786 85.627505 0.15943681 64.795673
 11.072725 85.251577 0.011729988 84.556953 0.69462328 64.791235
 11.076442 84.764544 0.011797385 83.690524 1.0740201 64.786787
 11.080159 84.3225 0.011859231 83.008875 1.3136248 64.782327
 11.083875 83.946922 0.011912289 82.473521 1.4734012 64.777855
 11.087592 83.617991 0.011959149 82.016999 1.6009919 64.773372
 11.091309 83.326426 0.012000995 81.580122 1.7463045 64.768878
 11.095025 83.046707 0.012041417 81.162612 1.8840953 64.764373
 11.098742 82.787303 0.012079147 80.799717 1.9875852 64.759856
 11.102459 82.556572 0.012112906 80.550868 2.0057043 64.755328
 11.106176 82.380274 0.012138828 80.472142 1.9081328 64.750788
 11.109892 82.292091 0.012151836 80.58832 1.7037718 64.746238
 11.113609 82.316803 0.012148188 80.893464 1.4233392 64.741676
 11.117326 82.440959 0.012129893 81.346891 1.0940674 64.737102
 11.121043 82.638713 0.012100866 81.92055 0.71816248 64.732518
 11.124759 82.918503 0.012060034 82.567096 0.35140637 64.727922
 11.128476 83.26605 0.012009697 83.25939 0.0066593113 64.723315
 11.132193 83.663345 0.011952666 84.080268 -0.41692312 64.718697
 11.13591 84.135445 0.011885597 85.098041 -0.96259649 64.714067
 11.139626 84.690496 0.0118077 86.401913 -1.7114173 64.709427
 11.143343 85.381302 0.011712166 88.063115 -2.6818136 64.704775
 11.14706 86.265416 0.011592131 90.108822 -3.8434058 64.700112
 11.150777 87.355019 0.011447539 92.523576 -5.1685573 64.695437
 11.154493 88.618121 0.011284374 95.244976 -6.6268556 64.690752
 11.15821 90.054642 0.011104369 98.142117 -8.0874757 64.686055
 11.161927 91.569288 0.010920692 101.01122 -9.4419315 64.681348
 11.165644 93.080167 0.010743427 103.55863 -10.478462 64.676629
 11.16936 94.54762 0.010576681 105.46054 -10.912917 64.671899
 11.173077 95.851873 0.010432764 106.48784 -10.635971 64.667158
 11.176794 96.897138 0.010320222 106.58391 -9.6867718 64.662406
 11.180511 97.651769 0.01024047 105.88873 -8.2369632 64.657642
 11.184227 98.064239 0.010197397 104.67619 -6.6119527 64.652868
 11.187944 98.169009 0.010186514 103.2344 -5.0653903 64.648083
 11.191661 97.990659 0.010205054 101.78437 -3.793707 64.643286
 11.195377 97.616038 0.010244218 100.49562 -2.8795834 64.638479
 11.199094 97.121938 0.010296335 99.460717 -2.3387787 64.63366
 11.202811 96.589444 0.010353098 98.737619 -2.1481747 64.628831
 11.206528 96.09579 0.010406283 98.359646 -2.2638565 64.62399
 11.210244 95.647263 0.010455082 98.312989 -2.6657263 64.619139
 11.213961 95.244184 0.010499329 98.552367 -3.3081828 64.614277
 11.217678 94.906344 0.010536703 99.016036 -4.1096921 64.609403
 11.221395 94.638639 0.010566509 99.604873 -4.9662346 64.604519
 11.225111 94.457441 0.010586778 100.2641 -5.8066584 64.599624
 11.228828 94.370974 0.010596479 100.95655 -6.5855708 64.594718
 11.232545 94.427816 0.0105901 101.69937 -7.271552 64.589801
 11.236262 94.685493 0.01056128 102.52918 -7.8436848 64.584873
 11.239978 95.211665 0.010502915 103.50537 -8.293704 64.579934
 11.243695 96.078445 0.010408162 104.69355 -8.615107 64.574984
 11.247412 97.314575 0.010275953 106.12116 -8.8065872 64.570024
 11.251129 98.886462 0.010112608 107.74485 -8.8583918 64.565052
 11.254845 100.75029 0.0099255295 109.4241 -8.6738079 64.56007
 11.258562 102.72317 0.0097349023 110.9651 -8.2419355 64.555077
 11.262279 104.55883 0.0095639935 112.15928 -7.600451 64.550074
 11.265996 106.08652 0.0094262685 112.83161 -6.7450902 64.545059
 11.269712 107.10357 0.0093367568 112.90861 -5.8050388 64.540034
 11.273429 107.52162 0.0093004552 112.42251 -4.9008878 64.534998
 11.277146 107.29523 0.0093200784 111.48481 -4.1895797 64.529951
 11.280863 106.4707 0.0093922555 110.21054 -3.73984 64.524894
 11.284579 105.15167 0.009510072 108.69345 -3.5417726 64.519826
 11.288296 103.47515 0.0096641562 107.0508 -3.5756498 64.514747
 11.292013 101.60574 0.0098419636 105.43275 -3.8270092 64.509657
 11.29573 99.722069 0.010027871 103.99372 -4.2716528 64.504557
 11.299446 97.945602 0.010209749 102.80272 -4.8571134 64.499447
 11.303163 96.375331 0.010376099 101.82831 -5.4529756 64.494325
 11.30688 95.046509 0.010521165 100.94157 -5.8950584 64.489194
 11.310596 93.948313 0.010644151 99.966352 -6.0180387 64.484051
 11.314313 93.05511 0.01074632 98.807968 -5.752858 64.478898
 11.31803 92.28712 0.010835748 97.470086 -5.182966 64.473735
 11.321747 91.597265 0.010917357 96.078893 -4.4816279 64.46856
 11.325463 90.973391 0.010992225 94.823191 -3.8497995 64.463376
 11.32918 90.467354 0.011053711 93.875824 -3.40847 64.458181
 11.332897 90.134338 0.011094551 93.329269 -3.1949303 64.452975
 11.336614 90.068675 0.011102639 93.207179 -3.1385039 64.447759
 11.34033 90.310908 0.01107286 93.464951 -3.1540427 64.442533
 11.344047 90.905235 0.011000467 94.007417 -3.1021818 64.437296
 11.347764 91.792267 0.010894164 94.728787 -2.9365206 64.432049
 11.351481 92.843984 0.010770757 95.504336 -2.6603517 64.426791
 11.355197 93.852498 0.010655017 96.212439 -2.3599409 64.421523
 11.358914 94.612297 0.010569451 96.76899 -2.1566925 64.416245
 11.362631 94.960083 0.010530741 97.117444 -2.1573613 64.410956
 11.366348 94.839406 0.01054414 97.278828 -2.4394217 64.405657
 11.370064 94.259389 0.010609023 97.350068 -3.0906792 64.400348
 11.373781 93.338921 0.010713644 97.439735 -4.1008145 64.395028
 11.377498 92.268354 0.010837952 97.59708 -5.3287265 64.389699
 11.381215 91.242851 0.010959763 97.796255 -6.553404 64.384359
 11.384931 90.37606 0.011064877 97.97622 -7.6001595 64.379008
 11.388648 89.730265 0.011144512 98.05974 -8.3294743 64.373648
 11.392365 89.365125 0.011190048 98.031679 -8.6665541 64.368277
 11.396082 89.296796 0.01119861 97.914352 -8.6175559 64.362897
 11.399798 89.470072 0.011176922 97.795315 -8.3252425 64.357506
 11.403515 89.869054 0.011127301 97.727076 -7.8580216 64.352105
 11.407232 90.422221 0.011059228 97.711126 -7.2889052 64.346694
 11.410948 91.055906 0.010982264 97.652628 -6.5967222 64.341273
 11.414665 91.634697 0.010912897 97.446444 -5.8117466 64.335841
 11.418382 92.05161 0.010863471 96.960692 -4.9090818 64.3304
 11.422099 92.191867 0.010846944 96.15727 -3.9654032 64.324949
 11.425815 91.984543 0.010871392 95.071164 -3.0866215 64.319488
 11.429532 91.42452 0.010937985 93.807959 -2.3834394 64.314016
 11.433249 90.562383 0.011042112 92.513624 -1.9512405 64.308535
 11.436966 89.521797 0.011170464 91.304984 -1.7831868 64.303044
 11.440682 88.446487 0.011306271 90.249971 -1.8034836 64.297543
 11.444399 87.487356 0.011430223 89.376304 -1.8889487 64.292033
 11.448116 86.733498 0.011529571 88.684406 -1.9509083 64.286512
 11.451833 86.200859 0.011600812 88.193146 -1.9922874 64.280981
 11.455549 85.894071 0.011642247 87.895419 -2.0013485 64.275441
 11.459266 85.768097 0.011659347 87.791104 -2.0230072 64.269891
 11.462983 85.802877 0.011654621 87.809855 -2.0069784 64.264331
 11.4667 85.921911 0.011638475 87.889098 -1.9671869 64.258761
 11.470416 86.085856 0.01161631 87.985775 -1.8999194 64.253182
 11.474133 86.241247 0.01159538 88.085237 -1.84399 64.247593
 11.47785 86.367615 0.011578414 88.231049 -1.8634346 64.241994
 11.481567 86.452222 0.011567083 88.453776 -2.0015537 64.236386
 11.485283 86.5553 0.011553307 88.804311 -2.2490104 64.230768
 11.489 86.715429 0.011531973 89.335331 -2.6199028 64.22514
 11.492717 86.96651 0.011498679 90.098969 -3.1324594 64.219503
 11.496434 87.330978 0.01145069 91.080058 -3.7490793 64.213856
 11.50015 87.816945 0.011387324 92.194182 -4.3772369 64.2082
 11.503867 88.357628 0.011317642 93.275385 -4.9177573 64.202534
 11.507584 88.868251 0.011252613 94.064927 -5.1966761 64.196859
 11.511301 89.265971 0.011202477 94.387135 -5.1211645 64.191174
 11.515017 89.46228 0.011177895 94.094841 -4.6325605 64.18548
 11.518734 89.396576 0.011186111 93.20641 -3.8098341 64.179776
 11.522451 89.071724 0.011226907 91.883288 -2.8115636 64.174063
 11.526167 88.528969 0.011295738 90.320865 -1.7918963 64.16834
 11.529884 87.822873 0.011386555 88.679302 -0.85642905 64.162609
 11.533601 86.982279 0.011496595 87.077621 -0.095341126 64.156868
 11.537318 86.034383 0.01162326 85.587185 0.44719765 64.151117
 11.541034 85.054199 0.011757209 84.280323 0.77387573 64.145358
 11.544751 84.119606 0.011887835 83.231068 0.8885382 64.139589
 11.548468 83.283277 0.012007212 82.489423 0.79385418 64.133811
 11.552185 82.627752 0.012102471 82.082864 0.54488776 64.128024
 11.555901 82.243182 0.012159063 81.981594 0.26158829 64.122227
 11.559618 82.185811 0.01216755 82.165317 0.020494558 64.116422
 11.563335 82.457349 0.012127482 82.602662 -0.14531258 64.110607
 11.567052 83.024989 0.012044567 83.250012 -0.22502296 64.104783
 11.570768 83.825584 0.011929532 84.053431 -0.22784686 64.09895
 11.574485 84.77094 0.011796495 84.922363 -0.1514229 64.093109
 11.578202 85.693647 0.011669477 85.723006 -0.029359156 64.087258
 11.581919 86.436185 0.011569229 86.33544 0.10074513 64.081398
 11.585635 86.855036 0.011513437 86.635119 0.21991701 64.075529
 11.589352 86.914192 0.011505601 86.55379 0.36040262 64.069652
 11.593069 86.613436 0.011545553 86.106938 0.50649835 64.063765
 11.596786 86.03039 0.011623799 85.367124 0.66326683 64.05787
 11.600502 85.246714 0.011730657 84.402562 0.84415251 64.051965
 11.604219 84.345329 0.011856021 83.303375 1.0419539 64.046052
 11.607936 83.422895 0.011987117 82.18162 1.2412744 64.04013
 11.611653 82.561646 0.012112162 81.098476 1.4631692 64.0342
 11.615369 81.78349 0.012227407 80.093857 1.689634 64.02826
 11.619086 81.083402 0.01233298 79.142412 1.9409898 64.022312
 11.622803 80.43233 0.012432812 78.218526 2.2138034 64.016356
 11.62652 79.821144 0.012528009 77.305234 2.5159102 64.01039
 11.630236 79.221624 0.012622816 76.414614 2.8070097 64.004416
 11.633953 78.616348 0.012720001 75.574285 3.0420632 63.998434
 11.63767 78.038073 0.012814258 74.860698 3.1773752 63.992443
 11.641386 77.546801 0.012895438 74.298577 3.2482245 63.986443
 11.645103 77.152918 0.012961272 73.910179 3.2427397 63.980435
 11.64882 76.84611 0.01301302 73.696349 3.1497612 63.974419
 11.652537 76.624079 0.013050728 73.642225 2.9818543 63.968394
 11.656253 76.503797 0.013071247 73.71731 2.7864868 63.96236
 11.65997 76.457199 0.013079213 73.874962 2.5822371 63.956318
 11.663687 76.457212 0.013079211 74.041061 2.4161507 63.950268
 11.667404 76.474042 0.013076332 74.137431 2.3366109 63.94421
 11.67112 76.498828 0.013072096 74.110629 2.3881987 63.938143
 11.674837 76.529818 0.013066802 73.932522 2.5972963 63.932068
 11.678554 76.555422 0.013062432 73.630212 2.9252101 63.925985
 11.682271 76.544851 0.013064236 73.264629 3.280222 63.919894
 11.685987 76.484164 0.013074602 72.910415 3.5737492 63.913794
 11.689704 76.384636 0.013091638 72.621337 3.7632994 63.907687
 11.693421 76.281222 0.013109386 72.441607 3.8396148 63.901571
 11.697138 76.191404 0.01312484 72.397744 3.79366 63.895447
 11.700854 76.140226 0.013133662 72.497941 3.6422844 63.889315
 11.704571 76.138687 0.013133928 72.731915 3.4067724 63.883176
 11.708288 76.224642 0.013119117 73.092179 3.1324633 63.877028
 11.712005 76.386528 0.013091314 73.537339 2.8491893 63.870872
 11.715721 76.574092 0.013059247 74.013301 2.5607903 63.864709
 11.719438 76.779671 0.013024281 74.45594 2.3237308 63.858537
 11.723155 76.981842 0.012990076 74.804772 2.1770704 63.852358
 11.726872 77.136477 0.012964035 75.035799 2.1006778 63.846171
 11.730588 77.22286 0.012949533 75.179663 2.0431964 63.839976
 11.734305 77.266001 0.012942303 75.294319 1.9716824 63.833773
 11.738022 77.309596 0.012935005 75.448465 1.8611303 63.827563
 11.741738 77.416189 0.012917195 75.715248 1.7009402 63.821345
 11.745455 77.646344 0.012878906 76.136545 1.5097999 63.815119
 11.749172 78.005557 0.0128196 76.730898 1.2746584 63.808886
 11.752889 78.499626 0.012738914 77.465963 1.0336632 63.802645
 11.756605 79.100327 0.012642173 78.355058 0.74526902 63.796397
 11.760322 79.79524 0.012532076 79.324907 0.47033257 63.790141
 11.764039 80.566165 0.012412158 80.348798 0.21736688 63.783878
 11.767756 81.397662 0.012285365 81.41479 -0.017127847 63.777607
 11.771472 82.274239 0.012154473 82.537401 -0.26316199 63.771329
 11.775189 83.190343 0.012020626 83.731182 -0.54083867 63.765044
 11.778906 84.125903 0.011886945 84.977587 -0.85168453 63.758751
 11.782623 85.034986 0.011759866 86.233087 -1.198101 63.752451
 11.786339 85.881551 0.011643944 87.442099 -1.5605478 63.746144
 11.790056 86.625842 0.011543899 88.529237 -1.9033947 63.739829
 11.793773 87.245532 0.011461905 89.450398 -2.204866 63.733507
 11.79749 87.743785 0.011396819 90.178612 -2.4348273 63.727178
 11.801206 88.110156 0.011349429 90.703513 -2.5933568 63.720842
 11.804923 88.365771 0.011316599 91.061145 -2.6953742 63.714499
 11.80864 88.537824 0.011294608 91.321937 -2.7841126 63.708149
 11.812357 88.69223 0.011274945 91.486754 -2.7945236 63.701792
 11.816073 88.815974 0.011259236 91.507615 -2.6916409 63.695428
 11.81979 88.875666 0.011251674 91.273498 -2.3978313 63.689057
 11.823507 88.80378 0.011260782 90.690684 -1.8869048 63.682679
 11.827224 88.532956 0.011295229 89.706868 -1.1739117 63.676295
 11.83094 88.030924 0.011359644 88.378941 -0.34801605 63.669903
 11.834657 87.287059 0.011456452 86.835016 0.45204282 63.663505
 11.838374 86.339002 0.011582251 85.23049 1.1085117 63.6571
 11.84209 85.2456 0.011730811 83.713471 1.5321293 63.650688
 11.845807 84.102002 0.011890323 82.370961 1.731041 63.64427
 11.849524 83.008403 0.012046973 81.272997 1.7354054 63.637845
 11.853241 82.027453 0.01219104 80.424739 1.6027145 63.631413
 11.856957 81.198207 0.012315543 79.853821 1.3443851 63.624975
 11.860674 80.557236 0.012413534 79.53106 1.0261755 63.61853
 11.864391 80.115496 0.01248198 79.430136 0.68536026 63.612079
 11.868108 79.862055 0.012521591 79.500252 0.36180327 63.605622
 11.871824 79.775322 0.012535205 79.724114 0.051207513 63.599158
 11.875541 79.830556 0.012526532 80.03406 -0.20350332 63.592687
 11.879258 79.998431 0.012500245 80.369191 -0.37076003 63.586211
 11.882975 80.224261 0.012465057 80.671444 -0.44718292 63.579728
 11.886691 80.466754 0.012427493 80.91213 -0.44537591 63.573239
 11.890408 80.685977 0.012393727 81.095964 -0.4099871 63.566743
 11.894125 80.887093 0.012362912 81.256681 -0.36958828 63.560242
 11.897842 81.090823 0.012331852 81.44278 -0.351957 63.553734
 11.901558 81.326963 0.012296045 81.718381 -0.39141868 63.547221
 11.905275 81.606471 0.01225393 82.079553 -0.4730821 63.540701
 11.908992 81.941966 0.012203759 82.507642 -0.56567623 63.534175
 11.912709 82.325562 0.012146896 82.932103 -0.60654189 63.527644
 11.916425 82.69236 0.012093016 83.282282 -0.5899224 63.521106
 11.920142 82.935402 0.012057577 83.508109 -0.57270663 63.514563
 11.923859 83.021222 0.012045113 83.600839 -0.57961702 63.508013
 11.927576 82.961828 0.012053736 83.617932 -0.65610465 63.501458
 11.931292 82.803388 0.012076801 83.651764 -0.84837599 63.494897
 11.935009 82.626175 0.012102702 83.781241 -1.1550661 63.488331
 11.938726 82.492139 0.012122367 84.063687 -1.5715483 63.481759
 11.942443 82.444211 0.012129414 84.483905 -2.0396934 63.475181
 11.946159 82.495577 0.012121862 84.986709 -2.4911317 63.468598
 11.949876 82.625397 0.012102816 85.481358 -2.855961 63.462009
 11.953593 82.794006 0.012078169 85.928097 -3.1340902 63.455415
 11.957309 82.948461 0.012055679 86.311335 -3.362874 63.448815
 11.961026 83.025589 0.012044479 86.693955 -3.6683658 63.44221
 11.964743 83.042511 0.012042025 87.201027 -4.1585165 63.435599
 11.96846 83.069794 0.01203807 87.955674 -4.8858805 63.428983
 11.972176 83.211108 0.012017626 89.030173 -5.8190655 63.422362
 11.975893 83.543961 0.011969746 90.456297 -6.912336 63.415736
 11.97961 84.106695 0.01188966 92.191348 -8.0846533 63.409104
 11.983327 84.902417 0.011778228 94.152003 -9.2495852 63.402467
 11.987043 85.907448 0.011640434 96.209969 -10.302521 63.395825
 11.99076 87.105522 0.011480328 98.238842 -11.133319 63.389179
 11.994477 88.455465 0.011305124 100.17348 -11.718019 63.382527
 11.998194 89.917437 0.011121313 102.02575 -12.10831 63.37587
 12.00191 91.454409 0.01093441 103.84522 -12.390808 63.369208
 12.005627 93.035332 0.010748605 105.70583 -12.670501 63.362542
 12.009344 94.628034 0.010567693 107.63205 -13.004013 63.35587
 12.013061 96.183192 0.010396827 109.51459 -13.331395 63.349194
 12.016777 97.627988 0.010242964 111.23618 -13.608191 63.342513
 12.020494 98.847132 0.010116631 112.52479 -13.677659 63.335827
 12.024211 99.723724 0.010027704 113.12867 -13.404947 63.329137
 12.027928 100.13804 0.0099862149 112.86582 -12.727778 63.322442
 12.031644 100.05239 0.0099947634 111.6753 -11.622908 63.315743
 12.035361 99.490776 0.010051183 109.63894 -10.148165 63.309039
 12.039078 98.515355 0.010150702 106.97137 -8.4560127 63.30233
 12.042795 97.195638 0.010288528 103.90936 -6.713723 63.295617
 12.046511 95.604418 0.010459768 100.67105 -5.0666338 63.2889
 12.050228 93.826927 0.010657921 97.406427 -3.5794997 63.282179
 12.053945 91.947762 0.010875741 94.200247 -2.2524859 63.275453
 12.057661 90.002818 0.011110763 91.113887 -1.1110692 63.268723
 12.061378 88.05618 0.011356386 88.22962 -0.17343921 63.261989
 12.065095 86.179573 0.011603678 85.622552 0.55702092 63.25525
 12.068812 84.401886 0.011848076 83.367368 1.0345185 63.248508
 12.072528 82.777321 0.012080604 81.515969 1.2613519 63.241761
 12.076245 81.391947 0.012286228 80.108056 1.2838917 63.235011
 12.079962 80.294172 0.012454204 79.155219 1.1389527 63.228257
 12.083679 79.507861 0.012577373 78.654529 0.85333161 63.221498
 12.087395 79.02361 0.012654446 78.595633 0.42797754 63.214736
 12.091112 78.83786 0.012684261 78.962027 -0.12416682 63.207971
 12.094829 78.94709 0.012666711 79.737759 -0.79066845 63.201201
 12.098546 79.371114 0.012599042 80.887928 -1.5168137 63.194428
 12.102262 80.064578 0.012489918 82.351407 -2.2868293 63.187651
 12.105979 81.012082 0.012343838 84.062074 -3.0499919 63.18087
 12.109696 82.181221 0.01216823 85.894912 -3.7136915 63.174086
 12.113413 83.495847 0.011976644 87.694137 -4.1982898 63.167299
 12.117129 84.8274 0.011788644 89.261525 -4.4341244 63.160508
 12.120846 86.069537 0.011618513 90.413743 -4.3442057 63.153713
 12.124563 87.138448 0.01147599 91.040264 -3.9018164 63.146915
 12.12828 87.930712 0.011372591 91.129067 -3.1983544 63.140114
 12.131996 88.385757 0.01131404 90.795865 -2.410108 63.13331
 12.135713 88.500137 0.011299417 90.206872 -1.7067346 63.126503
 12.13943 88.350573 0.011318546 89.541566 -1.190993 63.119692
 12.143147 88.05408 0.011356657 88.925106 -0.87102679 63.112879
 12.146863 87.745054 0.011396654 88.428984 -0.68393023 63.106062
 12.15058 87.525302 0.011425268 88.068314 -0.54301236 63.099242
 12.154297 87.49276 0.011429517 87.833203 -0.34044326 63.09242
 12.158014 87.633802 0.011411122 87.688542 -0.05474024 63.085594
 12.16173 87.871714 0.011380226 87.574131 0.29758368 63.078766
 12.165447 88.067767 0.011354892 87.397908 0.66985847 63.071935
 12.169164 88.105675 0.011350007 87.067207 1.0384677 63.065101
 12.17288 87.896347 0.011377037 86.544436 1.3519109 63.058264
 12.176597 87.398244 0.011441877 85.856095 1.5421495 63.051425
 12.180314 86.63711 0.011542398 85.094524 1.5425868 63.044584
 12.184031 85.693853 0.011669448 84.354513 1.3393401 63.03774
 12.187747 84.70389 0.011805833 83.736237 0.96765335 63.030893
 12.191464 83.804398 0.011932548 83.288249 0.51614842 63.024044
 12.195181 83.093328 0.012034661 83.019813 0.073514392 63.017193
 12.198898 82.621234 0.012103426 82.921622 -0.3003884 63.010339
 12.202614 82.381854 0.012138596 82.958893 -0.57703961 63.003483
 12.206331 82.365059 0.012141071 83.090344 -0.72528541 62.996625
 12.210048 82.509453 0.012119823 83.249906 -0.74045294 62.989765
 12.213765 82.701881 0.012091623 83.351001 -0.64911941 62.982903
 12.217481 82.831785 0.01207266 83.31318 -0.48139519 62.976039
 12.221198 82.832898 0.012072498 83.072915 -0.24001679 62.969172
 12.224915 82.672185 0.012095967 82.616862 0.055323319 62.962304
 12.228632 82.353165 0.012142824 81.94575 0.4074145 62.955434
 12.232348 81.885544 0.012212168 81.069521 0.81602295 62.948562
 12.236065 81.302358 0.012299766 80.008156 1.2942019 62.941689
 12.239782 80.667631 0.012396546 78.821168 1.8464624 62.934814
 12.243499 80.04425 0.01249309 77.589156 2.4550944 62.927937
 12.247215 79.445803 0.012587197 76.400673 3.0451301 62.921058
 12.250932 78.874807 0.012678319 75.332709 3.5420979 62.914179
 12.254649 78.342923 0.012764395 74.432323 3.9106004 62.907297
 12.258366 77.875712 0.012840974 73.720716 4.1549962 62.900414
 12.262082 77.487027 0.012905386 73.199893 4.2871346 62.89353
 12.265799 77.193354 0.012954483 72.846568 4.3467858 62.886645
 12.269516 76.982076 0.012990037 72.622193 4.3598834 62.879758
 12.273232 76.84299 0.013013549 72.484656 4.3583339 62.87287
 12.276949 76.762355 0.013027219 72.384511 4.3778435 62.865982
 12.280666 76.73601 0.013031691 72.290273 4.4457377 62.859092
 12.284383 76.754054 0.013028628 72.19447 4.559584 62.852201
 12.288099 76.810682 0.013019023 72.108552 4.7021296 62.845309
 12.291816 76.879468 0.013007374 72.049998 4.8294703 62.838416
 12.295533 76.944585 0.012996366 72.028177 4.916408 62.831522
 12.29925 77.000074 0.012987001 72.045951 4.9541223 62.824628
 12.302966 77.031972 0.012981623 72.072267 4.9597054 62.817733
 12.306683 77.024475 0.012982886 72.101891 4.922584 62.810837
 12.3104 76.988403 0.012988969 72.136137 4.8522663 62.803941
 12.314117 76.923121 0.012999993 72.200525 4.7225963 62.797044
 12.317833 76.846858 0.013012894 72.337732 4.5091253 62.790147
 12.32155 76.791751 0.013022232 72.593624 4.1981265 62.783249
 12.325267 76.777362 0.013024673 72.998622 3.7787394 62.776351
 12.328984 76.824099 0.013016749 73.585593 3.2385064 62.769453
 12.3327 76.982964 0.012989887 74.351392 2.6315712 62.762554
 12.336417 77.305545 0.012935683 75.278007 2.0275371 62.755655
 12.340134 77.798421 0.012853731 76.319914 1.478507 62.748757
 12.343851 78.432472 0.012749821 77.403084 1.0293886 62.741858
 12.347567 79.129593 0.012637497 78.411535 0.7180577 62.734959
 12.351284 79.783292 0.012533953 79.240135 0.54315664 62.72806
 12.355001 80.314486 0.012451054 79.768174 0.546312 62.721162
 12.358718 80.715998 0.012389118 79.978597 0.7374009 62.714263
 12.362434 80.961383 0.012351568 79.923268 1.038115 62.707365
 12.366151 81.040143 0.012339564 79.703303 1.3368408 62.700467
 12.369868 80.997609 0.012346043 79.429576 1.5680338 62.69357
 12.373585 80.915657 0.012358548 79.174885 1.7407717 62.686673
 12.377301 80.821246 0.012372984 78.982624 1.8386216 62.679776
 12.381018 80.728216 0.012387243 78.876199 1.8520169 62.672881
 12.384735 80.666384 0.012396738 78.874917 1.7914669 62.665985
 12.388451 80.659808 0.012397748 79.025092 1.6347159 62.659091
 12.392168 80.704308 0.012390912 79.36055 1.3437578 62.652197
 12.395885 80.833455 0.012371115 79.902753 0.93070264 62.645304
 12.399602 81.081548 0.012333262 80.630738 0.45081016 62.638412
 12.403318 81.453659 0.012276919 81.496708 -0.043048863 62.631521
 12.407035 81.881973 0.0122127 82.418958 -0.53698474 62.624631
 12.410752 82.329976 0.012146244 83.294541 -0.96456454 62.617742
 12.414469 82.765607 0.012082313 84.034512 -1.2689053 62.610855
 12.418185 83.15566 0.01202564 84.536592 -1.380932 62.603968
 12.421902 83.425095 0.011986801 84.725428 -1.3003331 62.597083
 12.425619 83.539797 0.011970343 84.528301 -0.9885033 62.590199
 12.429336 83.462166 0.011981477 83.941847 -0.47968114 62.583317
 12.433052 83.178352 0.012022359 83.005313 0.17303907 62.576436
 12.436769 82.708814 0.01209061 81.814648 0.89416624 62.569556
 12.440486 82.101992 0.012179972 80.48908 1.6129126 62.562678
 12.444203 81.397392 0.012285406 79.149469 2.2479233 62.555802
 12.447919 80.673828 0.012395594 77.884111 2.7897173 62.548928
 12.451636 80.006152 0.012499039 76.743187 3.2629643 62.542055
 12.455353 79.420766 0.012591165 75.734451 3.6863147 62.535185
 12.45907 78.901474 0.012674034 74.829311 4.0721627 62.528316
 12.462786 78.423487 0.012751282 73.988565 4.4349227 62.521449
 12.466503 77.958158 0.012827394 73.183071 4.7750873 62.514585
 12.47022 77.497945 0.012903568 72.392297 5.1056484 62.507722
 12.473937 77.04348 0.012979684 71.639163 5.4043169 62.500862
 12.477653 76.593651 0.013055912 70.944404 5.6492466 62.494004
 12.48137 76.164103 0.013129545 70.337173 5.8269304 62.487148
 12.485087 75.770554 0.013197739 69.841967 5.9285867 62.480295
 12.488803 75.443286 0.01325499 69.463604 5.9796818 62.473444
 12.49252 75.197217 0.013298364 69.209702 5.9875153 62.466596
 12.496237 75.016769 0.013330353 69.099518 5.9172514 62.459751
 12.499954 74.907506 0.013349797 69.129291 5.778215 62.452908
 12.50367 74.894656 0.013352088 69.306861 5.5877945 62.446068
 12.507387 74.986727 0.013335693 69.642262 5.3444655 62.439231
 12.511104 75.175326 0.013302237 70.139087 5.036239 62.432396
 12.514821 75.462184 0.013251671 70.796158 4.6660259 62.425565
 12.518537 75.855209 0.01318301 71.617055 4.2381545 62.418737
 12.522254 76.377581 0.013092847 72.59597 3.7816112 62.411912
 12.525971 77.026792 0.012982496 73.708672 3.3181196 62.40509
 12.529688 77.785784 0.012855819 74.925015 2.860769 62.398271
 12.533404 78.617393 0.012719832 76.202382 2.4150112 62.391455
 12.537121 79.456032 0.012585577 77.478633 1.9773984 62.384643
 12.540838 80.273656 0.012457387 78.715742 1.5579141 62.377835
 12.544555 81.063444 0.012336017 79.886706 1.1767378 62.37103
 12.548271 81.784462 0.012227261 80.990801 0.79366085 62.364229
 12.551988 82.423566 0.012132452 82.040831 0.38273553 62.357431
 12.555705 82.976496 0.012051605 83.057533 -0.081036225 62.350637
 12.559422 83.432045 0.011985802 84.006229 -0.57418381 62.343847
 12.563138 83.808627 0.011931946 84.839299 -1.0306723 62.337061
 12.566855 84.166967 0.011881146 85.508973 -1.3420058 62.330279
 12.570572 84.515902 0.011832093 85.910371 -1.3944689 62.3235
 12.574289 84.818446 0.011789888 85.998848 -1.1804022 62.316726
 12.578005 85.045476 0.011758415 85.778783 -0.73330695 62.309957
 12.581722 85.208051 0.01173598 85.307067 -0.09901587 62.303191
 12.585439 85.298846 0.011723488 84.678048 0.62079752 62.29643
 12.589156 85.305072 0.011722632 83.955198 1.3498739 62.289673
 12.592872 85.193576 0.011737974 83.177228 2.0163473 62.282921
 12.596589 84.970105 0.011768845 82.316572 2.6535334 62.276173
 12.600306 84.657224 0.011812341 81.335462 3.321762 62.26943
 12.604022 84.255862 0.01186861 80.216461 4.0394005 62.262691
 12.607739 83.740328 0.011941678 78.991251 4.7490772 62.255958
 12.611456 83.114428 0.012031605 77.717039 5.3973891 62.249229
 12.615173 82.403114 0.012135464 76.478749 5.9243652 62.242505
 12.618889 81.643143 0.012248426 75.353126 6.2900163 62.235786
 12.622606 80.847822 0.012368917 74.375717 6.4721048 62.229073
 12.626323 80.04391 0.012493143 73.559643 6.4842669 62.222364
 12.63004 79.287509 0.012612327 72.893212 6.3942964 62.215661
 12.633756 78.58669 0.012724801 72.352935 6.233755 62.208963
 12.637473 77.930099 0.012832012 71.878327 6.0517722 62.20227
 12.64119 77.349747 0.012928291 71.452813 5.8969334 62.195583
 12.644907 76.861992 0.013010332 71.048723 5.8132694 62.188901
 12.648623 76.462296 0.013078341 70.663796 5.798499 62.182225
 12.65234 76.143588 0.013133082 70.33227 5.8113182 62.175555
 12.656057 75.897853 0.013175603 70.073727 5.8241259 62.16889
 12.659774 75.733836 0.013204138 69.916559 5.8172773 62.162232
 12.66349 75.645671 0.013219527 69.877408 5.7682623 62.155579
 12.667207 75.637296 0.013220991 69.97693 5.6603657 62.148932
 12.670924 75.703784 0.013209379 70.21663 5.4871535 62.142292
 12.674641 75.846731 0.013184484 70.597567 5.2491634 62.135657
 12.678357 76.076792 0.013144613 71.107711 4.9690812 62.129029
 12.682074 76.387853 0.013091087 71.73089 4.6569628 62.122407
 12.685791 76.781751 0.013023928 72.428132 4.3536187 62.115792
 12.689508 77.241969 0.01294633 73.168233 4.073736 62.109183
 12.693224 77.737172 0.012863859 73.92847 3.8087028 62.10258
 12.696941 78.253276 0.012779018 74.696957 3.5563185 62.095985
 12.700658 78.793358 0.012691425 75.463719 3.329639 62.089395
 12.704374 79.322637 0.012606742 76.205575 3.1170622 62.082813
 12.708091 79.814168 0.012529104 76.864998 2.9491704 62.076238
 12.711808 80.245862 0.012461702 77.366563 2.8792995 62.069669
 12.715525 80.57223 0.012411224 77.633812 2.9384179 62.063108
 12.719241 80.748161 0.012384183 77.619812 3.1283495 62.056554
 12.722958 80.751239 0.012383711 77.319015 3.432223 62.050007
 12.726675 80.587364 0.012408893 76.80289 3.7844743 62.043467
 12.730392 80.282834 0.012455963 76.171386 4.1114487 62.036934
 12.734108 79.847903 0.01252381 75.542205 4.3056977 62.030409
 12.737825 79.328359 0.012605832 75.007731 4.3206279 62.023892
 12.741542 78.802183 0.012690004 74.642786 4.1593961 62.017382
 12.745259 78.333875 0.012765869 74.502609 3.8312656 62.01088
 12.748975 77.94222 0.012830017 74.608256 3.3339642 62.004386
 12.752692 77.634521 0.012880868 74.95836 2.6761618 61.997899
 12.756409 77.468399 0.012908489 75.520882 1.9475167 61.991421
 12.760126 77.489838 0.012904918 76.268764 1.2210736 61.98495
 12.763842 77.74364 0.012862789 77.169546 0.57409369 61.978488
 12.767559 78.218119 0.012784761 78.188655 0.029464511 61.972033
 12.771276 78.924019 0.012670414 79.302253 -0.37823431 61.965587
 12.774993 79.838893 0.012525224 80.457702 -0.6188093 61.95915
 12.778709 80.871318 0.012365323 81.564389 -0.69307119 61.952721
 12.782426 81.878062 0.012213284 82.502247 -0.62418508 61.9463
 12.786143 82.760101 0.012083117 83.127532 -0.36743025 61.939888
 12.78986 83.43144 0.011985889 83.355641 0.075799014 61.933485
 12.793576 83.78228 0.011935698 83.15754 0.62474016 61.92709
 12.797293 83.782806 0.011935623 82.597914 1.1848928 61.920704
 12.80101 83.467763 0.011980673 81.804202 1.6635616 61.914328
 12.804726 82.93573 0.012057529 80.906987 2.0287427 61.90796
 12.808443 82.287697 0.012152485 80.019542 2.2681551 61.901601
 12.81216 81.632446 0.012250031 79.227423 2.4050229 61.895252
 12.815877 81.022313 0.012342279 78.566932 2.4553813 61.888912
 12.819593 80.484431 0.012424763 78.049153 2.4352775 61.882581
 12.82331 80.040362 0.012493697 77.631919 2.4084435 61.87626
 12.827027 79.694542 0.012547911 77.238171 2.4563708 61.869948
 12.830744 79.405306 0.012593617 76.78234 2.6229666 61.863646
 12.83446 79.132428 0.012637044 76.179778 2.95265 61.857354
 12.838177 78.839541 0.012683991 75.415212 3.4243292 61.851072
 12.841894 78.505524 0.012737957 74.525833 3.9796908 61.844799
 12.845611 78.146192 0.012796529 73.574124 4.5720681 61.838536
 12.849327 77.759514 0.012860163 72.63881 5.1207039 61.832284
 12.853044 77.349866 0.012928271 71.762918 5.5869484 61.826041
 12.856761 76.934308 0.012998102 71.006621 5.9276871 61.819809
 12.860478 76.529343 0.013066883 70.386849 6.1424936 61.813588
 12.864194 76.155182 0.013131083 69.905005 6.2501768 61.807376
 12.867911 75.836166 0.013186321 69.571492 6.2646739 61.801175
 12.871628 75.58198 0.013230667 69.385513 6.1964673 61.794985
 12.875345 75.393631 0.01326372 69.343138 6.0504932 61.788806
 12.879061 75.276042 0.013284439 69.439838 5.8362035 61.782637
 12.882778 75.235761 0.013291552 69.670032 5.5657294 61.776479
 12.886495 75.274401 0.013284729 70.021517 5.2528841 61.770332
 12.890212 75.420141 0.013259058 70.487457 4.932684 61.764197
 12.893928 75.676715 0.013214104 71.055549 4.6211655 61.758072
 12.897645 76.013741 0.013155516 71.712149 4.301591 61.751959
 12.901362 76.426796 0.013084416 72.424997 4.0017985 61.745856
 12.905079 76.898656 0.013004128 73.169116 3.7295401 61.739766
 12.908795 77.381536 0.012922979 73.907438 3.474098 61.733687
 12.912512 77.841362 0.012846641 74.611917 3.2294447 61.727619
 12.916229 78.260117 0.012777901 75.269272 2.9908441 61.721563
 12.919945 78.6225 0.012719005 75.888719 2.7337813 61.715519
 12.923662 78.927968 0.01266978 76.494305 2.4336638 61.709487
 12.927379 79.186236 0.012628457 77.087444 2.0987917 61.703467
 12.931096 79.413709 0.012592284 77.656312 1.7573973 61.697459
 12.934812 79.60966 0.01256129 78.169267 1.4403929 61.691463
 12.938529 79.786359 0.012533471 78.555525 1.2308338 61.685479
 12.942246 79.963153 0.01250576 78.759044 1.2041084 61.679508
 12.945963 80.14167 0.012477903 78.756186 1.3854841 61.673549
 12.949679 80.291934 0.012454551 78.566434 1.7254996 61.667602
 12.953396 80.383591 0.01244035 78.284912 2.0986788 61.661669
 12.957113 80.43294 0.012432717 78.007388 2.4255522 61.655748
 12.96083 80.462453 0.012428157 77.83806 2.6243933 61.649839
 12.964546 80.477989 0.012425758 77.852569 2.62542 61.643944
 12.968263 80.513234 0.012420318 78.095253 2.4179819 61.638062
 12.97198 80.608831 0.012405589 78.585081 2.0237498 61.632193
 12.975697 80.801102 0.012376069 79.302069 1.4990332 61.626337
 12.979413 81.134745 0.012325176 80.185374 0.94937107 61.620494
 12.98313 81.576352 0.012258454 81.172413 0.40393962 61.614664
 12.986847 82.076625 0.012183737 82.129258 -0.052633816 61.608849
 12.990564 82.591845 0.012107733 82.90863 -0.31678454 61.603046
 12.99428 83.075058 0.012037307 83.380316 -0.30525797 61.597258
 12.997997 83.458603 0.011981988 83.436604 0.021998949 61.591483
 13.001714 83.650876 0.011954447 83.050147 0.60072908 61.585722
 13.005431 83.580671 0.011964489 82.268395 1.3122761 61.579975
 13.009147 83.221649 0.012016104 81.202385 2.0192646 61.574242
 13.012864 82.664726 0.012097058 79.973202 2.6915241 61.568523
 13.016581 82.005033 0.012194374 78.695695 3.3093375 61.562819
 13.020297 81.293175 0.012301156 77.479987 3.8131874 61.557128
 13.024014 80.572294 0.012411214 76.4097 4.1625937 61.551453
 13.027731 79.888682 0.012517418 75.545971 4.3427108 61.545791
 13.031448 79.304848 0.01260957 74.92133 4.3835182 61.540145
 13.035164 78.861168 0.012680512 74.537749 4.3234184 61.534513
 13.038881 78.564827 0.012728342 74.388028 4.1767988 61.528896
 13.042598 78.383904 0.012757721 74.423901 3.9600026 61.523294
 13.046315 78.277774 0.012775018 74.579857 3.6979163 61.517707
 13.050031 78.229902 0.012782836 74.765594 3.4643072 61.512136
 13.053748 78.208265 0.012786372 74.891999 3.3162652 61.506579
 13.057465 78.172513 0.01279222 74.880451 3.2920626 61.501038
 13.061182 78.121025 0.012800651 74.674275 3.4467505 61.495512
 13.064898 78.060567 0.012810565 74.301845 3.7587219 61.490002
 13.068615 77.957359 0.012827525 73.793116 4.1642438 61.484507
 13.072332 77.79999 0.012853472 73.233071 4.566919 61.479028
 13.076049 77.612877 0.01288446 72.705936 4.9069408 61.473565
 13.079765 77.408623 0.012918457 72.278629 5.1299936 61.468118
 13.083482 77.216156 0.012950658 72.000759 5.2153974 61.462687
 13.087199 77.068459 0.012975477 71.908155 5.1603035 61.457273
 13.090916 76.96095 0.012993603 72.037352 4.9235986 61.451874
 13.094632 76.868718 0.013009193 72.36737 4.5013481 61.446492
 13.098349 76.79981 0.013020866 72.910935 3.8888749 61.441126
 13.102066 76.791178 0.013022329 73.655373 3.1358055 61.435777
 13.105783 76.858841 0.013010865 74.568258 2.2905832 61.430444
 13.109499 76.988589 0.012988938 75.60424 1.3843493 61.425128
 13.113216 77.177785 0.012957096 76.692964 0.48482092 61.41983
 13.116933 77.429064 0.012915047 77.75473 -0.32566516 61.414548
 13.12065 77.722005 0.012866369 78.722155 -1.0001494 61.409283
 13.124366 78.052129 0.01281195 79.545429 -1.4932994 61.404035
 13.128083 78.425779 0.012750909 80.195309 -1.76953 61.398805
 13.1318 78.83036 0.012685468 80.674568 -1.8442073 61.393592
 13.135516 79.262904 0.012616242 81.003279 -1.7403754 61.388396
 13.139233 79.698858 0.012547231 81.210471 -1.5116137 61.383218
 13.14295 80.120481 0.012481203 81.328814 -1.208333 61.378058
 13.146667 80.511431 0.012420596 81.393382 -0.88195012 61.372916
 13.150383 80.880501 0.012363919 81.407448 -0.5269474 61.367791
 13.1541 81.193103 0.012316317 81.379778 -0.18667572 61.362685
 13.157817 81.402618 0.012284617 81.305437 0.097181378 61.357596
 13.161534 81.492605 0.012271052 81.183866 0.30873845 61.352526
 13.16525 81.453748 0.012276906 81.032897 0.42085094 61.347475
 13.168967 81.306094 0.012299201 80.888858 0.41723601 61.342441
 13.172684 81.109833 0.012328961 80.837124 0.27270878 61.337426
 13.176401 80.916799 0.012358373 80.949217 -0.032418241 61.33243
 13.180117 80.763936 0.012381764 81.274052 -0.51011599 61.327453
 13.183834 80.72261 0.012388103 81.837869 -1.1152581 61.322495
 13.187551 80.870748 0.012365411 82.631025 -1.7602776 61.317555
 13.191268 81.231865 0.01231044 83.601794 -2.3699295 61.312635
 13.194984 81.804319 0.012224293 84.686428 -2.8821094 61.307734
 13.198701 82.546417 0.012114396 85.805527 -3.25911 61.302852
 13.202418 83.394849 0.011991148 86.866221 -3.471372 61.297989
 13.206135 84.248731 0.011869615 87.779684 -3.5309535 61.293146
 13.209851 85.021166 0.011761777 88.47154 -3.4503733 61.288323
 13.213568 85.660561 0.011673984 88.90264 -3.2420797 61.283519
 13.217285 86.100983 0.011614269 89.108284 -3.0073009 61.278736
 13.221002 86.334056 0.011582915 89.143994 -2.8099389 61.273972
 13.224718 86.413116 0.011572317 89.109535 -2.696418 61.269228
 13.228435 86.390284 0.011575376 89.073729 -2.683445 61.264505
 13.232152 86.292564 0.011588484 89.089395 -2.7968303 61.259802
 13.235869 86.179499 0.011603688 89.178967 -2.999468 61.255119
 13.239585 86.102646 0.011614045 89.307467 -3.2048207 61.250457
 13.243302 86.049352 0.011621238 89.447166 -3.3978143 61.245815
 13.247019 85.987714 0.011629568 89.562542 -3.5748279 61.241194
 13.250735 85.906741 0.01164053 89.637805 -3.7310645 61.236594
 13.254452 85.834821 0.011650284 89.674062 -3.8392409 61.232015
 13.258169 85.797798 0.011655311 89.677745 -3.8799465 61.227457
 13.261886 85.756803 0.011660882 89.640204 -3.8834015 61.22292
 13.265602 85.673373 0.011672238 89.533395 -3.8600225 61.218404
 13.269319 85.540538 0.011690364 89.304712 -3.7641743 61.21391
 13.273036 85.328776 0.011719376 88.88176 -3.5529837 61.209438
 13.276753 85.002187 0.011764403 88.216503 -3.2143156 61.204987
 13.280469 84.533422 0.011829641 87.307238 -2.7738158 61.200557
 13.284186 83.913625 0.011917016 86.191282 -2.2776569 61.19615
 13.287903 83.169411 0.012023651 84.956329 -1.7869186 61.191765
 13.29162 82.348658 0.012143489 83.709011 -1.3603526 61.187401
 13.295336 81.486155 0.012272023 82.536232 -1.0500766 61.18306
 13.299053 80.637779 0.012401135 81.522103 -0.88432398 61.178742
 13.30277 79.862645 0.012521499 80.714683 -0.85203749 61.174445
 13.306487 79.213893 0.012624048 80.135489 -0.92159644 61.170171
 13.310203 78.744527 0.012699295 79.786952 -1.0424253 61.16592
 13.31392 78.47155 0.012743472 79.653799 -1.1822495 61.161692
 13.317637 78.42601 0.012750872 79.718788 -1.2927783 61.157487
 13.321354 78.60391 0.012722013 79.954313 -1.3504033 61.153304
 13.32507 78.978465 0.012661679 80.304559 -1.3260941 61.149145
 13.328787 79.458018 0.012585262 80.700786 -1.2427685 61.145009
 13.332504 79.968506 0.012504923 81.071967 -1.1034608 61.140896
 13.336221 80.483513 0.012424905 81.338881 -0.85536774 61.136807
 13.339937 80.951897 0.012353015 81.439926 -0.48802961 61.132741
 13.343654 81.288432 0.012301873 81.345599 -0.057167096 61.128699
 13.347371 81.431068 0.012280325 81.070635 0.36043357 61.124681
 13.351087 81.405177 0.012284231 80.663494 0.74168232 61.120687
 13.354804 81.229212 0.012310842 80.206781 1.0224319 61.116717
 13.358521 80.949771 0.01235334 79.754461 1.1953094 61.112771
 13.362238 80.632604 0.012401931 79.346029 1.2865748 61.10885
 13.365954 80.322576 0.0124498 78.991315 1.3312604 61.104953
 13.369671 80.036667 0.012494273 78.680867 1.3558001 61.10108
 13.373388 79.778211 0.012534751 78.398225 1.3799856 61.097232
 13.377105 79.552373 0.012570335 78.122149 1.4302244 61.093409
 13.380821 79.356801 0.012601314 77.834242 1.5225594 61.089611
 13.384538 79.154172 0.012633573 77.524169 1.6300028 61.085838
 13.388255 78.924624 0.012670317 77.201771 1.722853 61.08209
 13.391972 78.698766 0.01270668 76.892107 1.8066587 61.078367
 13.395688 78.521258 0.012735405 76.627267 1.893991 61.074669
 13.399405 78.396868 0.012755612 76.428883 1.9679851 61.070997
 13.403122 78.286697 0.012773562 76.294149 1.9925487 61.067351
 13.406839 78.187505 0.012789767 76.203358 1.9841475 61.063731
 13.410555 78.110448 0.012802385 76.110378 2.0000699 61.060136
 13.414272 78.023593 0.012816636 75.978082 2.045511 61.056567
 13.417989 77.918546 0.012833915 75.793171 2.1253752 61.053025
 13.421706 77.794927 0.012854309 75.572749 2.2221779 61.049508
 13.425422 77.640317 0.012879906 75.349672 2.2906453 61.046018
 13.429139 77.479724 0.012906603 75.170989 2.3087344 61.042555
 13.432856 77.347221 0.012928713 75.053981 2.2932401 61.039118
 13.436573 77.251111 0.012944798 75.021175 2.2299362 61.035708
 13.440289 77.204608 0.012952595 75.077345 2.127263 61.032324
 13.444006 77.232938 0.012947844 75.236985 1.9959528 61.028968
 13.447723 77.321592 0.012932998 75.520323 1.8012686 61.025639
 13.451439 77.443868 0.012912578 75.9509 1.4929679 61.022337
 13.455156 77.618942 0.012883453 76.55028 1.0686618 61.019062
 13.458873 77.866959 0.012842418 77.332643 0.53431604 61.015815
 13.46259 78.177856 0.012791346 78.286184 -0.10832737 61.012595
 13.466306 78.5588 0.012729319 79.383614 -0.82481464 61.009403
 13.470023 79.030838 0.012653289 80.56778 -1.5369424 61.006239
 13.47374 79.590472 0.012564318 81.76484 -2.1743685 61.003103
 13.477457 80.235586 0.012463298 82.882607 -2.6470212 60.999995
 13.481173 80.942444 0.012354458 83.879474 -2.9370302 60.996915
 13.48489 81.649467 0.012247477 84.700731 -3.0512638 60.993864
 13.488607 82.334534 0.012145572 85.352498 -3.0179643 60.990841
 13.492324 83.012459 0.012046385 85.869872 -2.8574129 60.987846
 13.49604 83.67365 0.011951194 86.304472 -2.6308215 60.984881
 13.499757 84.26122 0.011867856 86.71236 -2.4511401 60.981944
 13.503474 84.776978 0.011795655 87.127493 -2.3505151 60.979036
 13.507191 85.268219 0.011727699 87.552121 -2.2839025 60.976158
 13.510907 85.717036 0.011666292 87.942853 -2.2258173 60.973308
 13.514624 86.051982 0.011620883 88.226369 -2.1743877 60.970488
 13.518341 86.25266 0.011593845 88.313529 -2.0608687 60.967698
 13.522058 86.335014 0.011582786 88.136891 -1.801877 60.964937
 13.525774 86.309321 0.011586234 87.659208 -1.3498867 60.962206
 13.529491 86.152746 0.011607291 86.898111 -0.7453658 60.959504
 13.533208 85.830744 0.011650837 85.919724 -0.088979538 60.956833
 13.536925 85.34638 0.011716959 84.81952 0.52685915 60.954192
 13.540641 84.761607 0.011797794 83.691548 1.0700592 60.951581
 13.544358 84.138758 0.011885129 82.598288 1.5404705 60.949001
 13.548075 83.474693 0.011979679 81.581689 1.8930047 60.946451
 13.551792 82.787127 0.012079173 80.656287 2.1308397 60.943931
 13.555508 82.117968 0.012177603 79.837682 2.2802862 60.941443
 13.559225 81.487211 0.012271864 79.12925 2.3579608 60.938985
 13.562942 80.924355 0.012357219 78.546381 2.3779733 60.936559
 13.566658 80.45326 0.012429577 78.091852 2.3614082 60.934164
 13.570375 80.043577 0.012493195 77.772943 2.270634 60.9318
 13.574092 79.664561 0.012552633 77.600863 2.0636982 60.929467
 13.577809 79.358518 0.012601042 77.58367 1.7748476 60.927166
 13.581525 79.15775 0.012633002 77.716044 1.4417061 60.924897
 13.585242 79.062429 0.012648233 77.981477 1.0809516 60.92266
 13.588959 79.04129 0.012651615 78.342506 0.69878405 60.920455
 13.592676 79.083745 0.012644823 78.759394 0.32435172 60.918281
 13.596392 79.178635 0.01262967 79.216617 -0.037981922 60.91614
 13.600109 79.272476 0.012614719 79.688623 -0.41614669 60.914032
 13.603826 79.348058 0.012602703 80.163711 -0.81565316 60.911956
 13.607543 79.43352 0.012589144 80.630298 -1.1967782 60.909912
 13.611259 79.522316 0.012575086 81.073938 -1.5516217 60.907902
 13.614976 79.603638 0.01256224 81.471548 -1.8679101 60.905924
 13.618693 79.718524 0.012544136 81.805534 -2.0870099 60.903979
 13.62241 79.895518 0.012516347 82.069058 -2.1735403 60.902068
 13.626126 80.129908 0.012479735 82.275045 -2.145137 60.90019
 13.629843 80.435755 0.012432282 82.460105 -2.0243496 60.898345
 13.63356 80.826335 0.012372205 82.675495 -1.8491603 60.896534
 13.637277 81.254471 0.012307015 82.942249 -1.687778 60.894757
 13.640993 81.681112 0.012242732 83.296939 -1.615827 60.893014
 13.64471 82.084981 0.012182497 83.7225 -1.6375184 60.891304
 13.648427 82.443148 0.012129571 84.20611 -1.7629613 60.889629
 13.652144 82.760986 0.012082988 84.72789 -1.9669038 60.887988
 13.65586 83.03258 0.012043465 85.251501 -2.2189211 60.886381
 13.659577 83.219905 0.012016356 85.744963 -2.5250585 60.88481
 13.663294 83.329582 0.01200054 86.186369 -2.8567868 60.883272
 13.66701 83.434278 0.011985482 86.576023 -3.1417448 60.88177
 13.670727 83.573435 0.011965525 86.918766 -3.3453309 60.880302
 13.674444 83.745705 0.011940911 87.197852 -3.4521474 60.87887
 13.678161 83.927602 0.011915031 87.405195 -3.477593 60.877473
 13.681877 84.059868 0.011896283 87.508546 -3.448678 60.876111
 13.685594 84.101181 0.011890439 87.463358 -3.3621774 60.874785
 13.689311 84.05422 0.011897083 87.264625 -3.2104056 60.873495
 13.693028 83.904648 0.011918291 86.941622 -3.0369745 60.87224
 13.696744 83.660161 0.011953121 86.565763 -2.9056016 60.871021
 13.700461 83.32608 0.012001045 86.227104 -2.901024 60.869839
 13.704178 82.965246 0.01205324 86.013797 -3.0485516 60.868692
 13.707895 82.631559 0.012101914 85.975367 -3.3438086 60.867583
 13.711611 82.367686 0.012140683 86.157451 -3.7897655 60.866509
 13.715328 82.237384 0.01215992 86.578537 -4.3411537 60.865472
 13.719045 82.271729 0.012154844 87.21405 -4.9423212 60.864472
 13.722762 82.470723 0.012125515 88.035332 -5.5646085 60.863509
 13.726478 82.813871 0.012075272 88.99914 -6.185269 60.862583
 13.730195 83.295479 0.012005454 90.049066 -6.753587 60.861695
 13.733912 83.878736 0.011921973 91.123957 -7.2452215 60.860843
 13.737629 84.52534 0.011830772 92.169664 -7.6443239 60.860029
 13.741345 85.197576 0.011737423 93.134286 -7.9367105 60.859253
 13.745062 85.873886 0.011644984 94.016867 -8.142981 60.858515
 13.748779 86.518044 0.011558283 94.824312 -8.3062689 60.857814
 13.752496 87.076853 0.011484108 95.545037 -8.4681833 60.857152
 13.756212 87.545504 0.011422631 96.122835 -8.5773305 60.856528
 13.759929 87.92927 0.011372777 96.448596 -8.5193254 60.855942
 13.763646 88.161476 0.011342823 96.387336 -8.2258601 60.855395
 13.767363 88.146741 0.011344719 95.84967 -7.7029283 60.854887
 13.771079 87.867462 0.011380777 94.823011 -6.9555493 60.854417
 13.774796 87.331612 0.011450607 93.408062 -6.0764499 60.853986
 13.778513 86.590907 0.011548557 91.741239 -5.1503326 60.853595
 13.782229 85.680481 0.01167127 89.952205 -4.2717243 60.853242
 13.785946 84.625834 0.011816723 88.161146 -3.5353123 60.852929
 13.789663 83.51855 0.011973388 86.447049 -2.928499 60.852656
 13.79338 82.454137 0.012127954 84.890847 -2.43671 60.852422
 13.797096 81.510979 0.012268286 83.557682 -2.0467032 60.852228
 13.800813 80.747187 0.012384332 82.509753 -1.7625653 60.852074
 13.80453 80.181547 0.012471698 81.785806 -1.6042597 60.851961
 13.808247 79.829709 0.012526665 81.405327 -1.5756177 60.851887
 13.811963 79.689331 0.012548731 81.352542 -1.6632109 60.851854
 13.81568 79.740059 0.012540748 81.570818 -1.8307587 60.851862
 13.819397 79.942263 0.012509028 81.994403 -2.0521394 60.85191
 13.823114 80.27388 0.012457352 82.548024 -2.2741436 60.851999
 13.82683 80.684736 0.012393918 83.144917 -2.4601809 60.852129
 13.830547 81.138196 0.012324652 83.718776 -2.5805792 60.8523
 13.834264 81.597008 0.012255351 84.222059 -2.6250512 60.852513
 13.837981 82.011169 0.012193461 84.601858 -2.5906889 60.852767
 13.841697 82.325737 0.01214687 84.808252 -2.482515 60.853063
 13.845414 82.51916 0.012118398 84.805151 -2.285991 60.853401
 13.849131 82.599531 0.012106606 84.569169 -1.9696388 60.85378
 13.852848 82.544904 0.012114618 84.107454 -1.5625501 60.854202
 13.856564 82.346466 0.012143812 83.437159 -1.0906931 60.854665
 13.860281 81.991859 0.012196333 82.589068 -0.59720898 60.855172
 13.863998 81.511884 0.01226815 81.605129 -0.093245307 60.85572
 13.867715 80.926593 0.012356878 80.565456 0.36113649 60.856312
 13.871431 80.267756 0.012458303 79.537357 0.73039906 60.856946
 13.875148 79.599963 0.01256282 78.606018 0.99394457 60.857623
 13.878865 78.966136 0.012663656 77.822578 1.1435577 60.858344
 13.882581 78.411748 0.012753191 77.225955 1.185793 60.859107
 13.886298 77.996933 0.012821017 76.814122 1.1828109 60.859914
 13.890015 77.730199 0.012865013 76.557341 1.1728584 60.860765
 13.893732 77.569265 0.012891704 76.398597 1.1706681 60.86166
 13.897448 77.505636 0.012902288 76.259421 1.2462146 60.862598
 13.901165 77.504807 0.012902426 76.066729 1.4380772 60.86358
 13.904882 77.472061 0.012907879 75.755566 1.7164951 60.864607
 13.908599 77.372416 0.012924503 75.306273 2.0661435 60.865678
 13.912315 77.228645 0.012948563 74.728667 2.4999783 60.866794
 13.916032 77.007655 0.012985722 74.076334 2.9313205 60.867954
 13.919749 76.668154 0.013043225 73.420782 3.2473724 60.869159
 13.923466 76.285001 0.013108737 72.82367 3.4613308 60.870409
 13.927182 75.94769 0.013166957 72.335537 3.6121537 60.871705
 13.930899 75.678291 0.013213829 71.984461 3.6938305 60.873045
 13.934616 75.434931 0.013256458 71.782556 3.6523758 60.874431
 13.938333 75.222733 0.013293854 71.732893 3.48984 60.875863
 13.942049 75.103536 0.013314952 71.82768 3.2758559 60.87734
 13.945766 75.07899 0.013319306 72.023302 3.055688 60.878864
 13.949483 75.101896 0.013315243 72.294283 2.8076128 60.880433
 13.9532 75.17689 0.01330196 72.620515 2.556375 60.882049
 13.956916 75.30348 0.013279599 72.98057 2.3229098 60.883711
 13.960633 75.453275 0.013253235 73.353811 2.0994638 60.88542
 13.96435 75.596975 0.013228043 73.715703 1.8812721 60.887175
 13.968067 75.720886 0.013206396 74.028961 1.6919253 60.888978
 13.971783 75.825745 0.013188133 74.2516 1.5741447 60.890827
 13.9755 75.920586 0.013171658 74.360178 1.5604078 60.892724
 13.979217 75.967875 0.013163459 74.354 1.6138752 60.894668
 13.982934 75.941696 0.013167997 74.256263 1.6854331 60.896659
 13.98665 75.872691 0.013179973 74.106519 1.7661717 60.898698
 13.990367 75.74703 0.013201838 73.916914 1.8301151 60.900785
 13.994084 75.571854 0.01323244 73.710276 1.8615779 60.90292
 13.9978 75.403923 0.013261909 73.477862 1.9260609 60.905104
 14.001517 75.267843 0.013285886 73.209558 2.0582847 60.907335
 14.005234 75.131554 0.013309987 72.909264 2.2222893 60.909615
 14.008951 74.972987 0.013338137 72.589589 2.3833979 60.911944
 14.012667 74.811864 0.013366864 72.279523 2.532341 60.914322
 14.016384 74.672994 0.013391722 72.006756 2.6662382 60.916748
 14.020101 74.53744 0.013416077 71.787778 2.7496618 60.919224
 14.023818 74.405294 0.013439904 71.630543 2.7747508 60.921749
 14.027534 74.315997 0.013456053 71.522666 2.7933308 60.924323
 14.031251 74.266797 0.013464967 71.453398 2.8133989 60.926947
 14.034968 74.251556 0.013467731 71.405005 2.8465512 60.929621
 14.038685 74.270866 0.01346423 71.367361 2.9035049 60.932345
 14.042401 74.309814 0.013457173 71.335787 2.9740278 60.935119
 14.046118 74.373037 0.013445733 71.316298 3.0567383 60.937943
 14.049835 74.454277 0.013431062 71.297481 3.1567965 60.940818
 14.053552 74.512652 0.01342054 71.277249 3.2354032 60.943743
 14.057268 74.543312 0.01341502 71.244438 3.2988743 60.946719
 14.060985 74.564204 0.013411261 71.183703 3.380501 60.949747
 14.064702 74.579419 0.013408525 71.074014 3.505405 60.952825
 14.068419 74.574697 0.013409374 70.895236 3.6794605 60.955954
 14.072135 74.511754 0.013420701 70.637364 3.8743906 60.959135
 14.075852 74.403885 0.013440158 70.313076 4.090809 60.962368
 14.079569 74.303324 0.013458348 69.950438 4.3528868 60.965652
 14.083286 74.201213 0.013476869 69.606702 4.5945104 60.968988
 14.087002 74.078153 0.013499257 69.310721 4.7674323 60.972377
 14.090719 73.956942 0.013521381 69.098714 4.8582281 60.975818
 14.094436 73.868985 0.013537481 68.995491 4.8734942 60.979311
 14.098152 73.825027 0.013545542 69.008254 4.816773 60.982857
 14.101869 73.814992 0.013547383 69.141886 4.6731066 60.986455
 14.105586 73.843987 0.013542064 69.397896 4.4460904 60.990107
 14.109303 73.925791 0.013527079 69.762947 4.162844 60.993811
 14.113019 74.058436 0.013502851 70.219981 3.838455 60.997569
 14.116736 74.213435 0.013474649 70.747002 3.4664331 61.001381
 14.120453 74.399236 0.013440998 71.326164 3.0730724 61.005246
 14.12417 74.629868 0.013399461 71.944671 2.6851968 61.009165
 14.127886 74.898005 0.01335149 72.599884 2.2981213 61.013138
 14.131603 75.171664 0.013302885 73.292656 1.8790079 61.017165
 14.13532 75.430372 0.013257259 74.020069 1.4103025 61.021246
 14.139037 75.697194 0.013210529 74.771038 0.92615626 61.025382
 14.142753 76.014303 0.013155419 75.525658 0.48864435 61.029573
 14.14647 76.369169 0.013094289 76.279522 0.089646607 61.033818
 14.150187 76.720441 0.013034336 77.008303 -0.28786172 61.038119
 14.153904 77.033976 0.012981285 77.700562 -0.66658609 61.042474
 14.15762 77.312731 0.01293448 78.325884 -1.0131523 61.046885
 14.161337 77.580002 0.01288992 78.852851 -1.272849 61.051352
 14.165054 77.838679 0.012847083 79.233098 -1.3944194 61.055874
 14.168771 78.059128 0.012810802 79.409119 -1.3499913 61.060452
 14.172487 78.21034 0.012786033 79.351287 -1.1409475 61.065086
 14.176204 78.299706 0.01277144 79.063612 -0.76390698 61.069776
 14.179921 78.330971 0.012766342 78.599644 -0.26867357 61.074523
 14.183638 78.318553 0.012768367 78.036705 0.28184784 61.079326
 14.187354 78.264025 0.012777263 77.464877 0.79914876 61.084186
 14.191071 78.171939 0.012792314 76.942565 1.2293736 61.089103
 14.194788 78.041405 0.012813711 76.506695 1.5347102 61.094078
 14.198505 77.871208 0.012841717 76.161212 1.7099959 61.099109
 14.202221 77.669001 0.012875149 75.903083 1.7659182 61.104198
 14.205938 77.472013 0.012907887 75.713685 1.7583275 61.109344
 14.209655 77.303258 0.012936065 75.579304 1.7239541 61.114548
 14.213371 77.148008 0.012962098 75.492056 1.6559515 61.119811
 14.217088 77.008153 0.012985638 75.439142 1.5690109 61.125131
 14.220805 76.901454 0.013003655 75.396596 1.5048578 61.13051
 14.224522 76.809705 0.013019188 75.346958 1.4627467 61.135947
 14.228238 76.725021 0.013033558 75.256571 1.4684502 61.141443
 14.231955 76.657369 0.01304506 75.097055 1.5603144 61.146998
 14.235672 76.557513 0.013062075 74.846131 1.7113822 61.152612
 14.239389 76.397074 0.013089506 74.495621 1.9014532 61.158285
 14.243105 76.21641 0.013120534 74.059842 2.1565688 61.164017
 14.246822 76.015691 0.013155179 73.579739 2.4359519 61.169809
 14.250539 75.801181 0.013192407 73.106755 2.6944257 61.175661
 14.254256 75.601008 0.013227337 72.693386 2.9076225 61.181573
 14.257972 75.413284 0.013260263 72.380304 3.0329804 61.187545
 14.261689 75.26092 0.013287108 72.191737 3.0691827 61.193577
 14.265406 75.137711 0.013308896 72.127611 3.0100998 61.19967
 14.269123 75.000885 0.013333176 72.185989 2.8148958 61.205823
 14.272839 74.896764 0.013351712 72.340672 2.5560925 61.212038
 14.276556 74.888471 0.01335319 72.553539 2.334932 61.218313
 14.280273 74.943784 0.013343335 72.794436 2.1493478 61.224649
 14.28399 75.003367 0.013332735 73.027576 1.9757915 61.231047
 14.287706 75.058413 0.013322957 73.234304 1.8241092 61.237507
 14.291423 75.10791 0.013314177 73.42373 1.6841799 61.244028
 14.29514 75.185143 0.0133005 73.60472 1.5804226 61.250611
 14.298857 75.299024 0.013280385 73.80018 1.4988438 61.257256
 14.302573 75.39107 0.01326417 74.06562 1.3254503 61.263964
 14.30629 75.471008 0.013250121 74.425205 1.0458038 61.270734
 14.310007 75.611186 0.013225556 74.91453 0.69665539 61.277567
 14.313723 75.806839 0.013191422 75.545723 0.26111564 61.284462
 14.31744 76.051529 0.01314898 76.30568 -0.25415069 61.291421
 14.321157 76.343831 0.013098635 77.169693 -0.82586131 61.298443
 14.324874 76.666247 0.01304355 78.08069 -1.4144431 61.305528
 14.32859 77.01462 0.012984548 78.968686 -1.9540656 61.312677
 14.332307 77.357839 0.012926938 79.771681 -2.4138419 61.31989
 14.336024 77.644394 0.01287923 80.451825 -2.8074307 61.327167
 14.339741 77.862981 0.012843074 80.996253 -3.1332719 61.334508
 14.343457 78.008959 0.01281904 81.428709 -3.4197495 61.341913
 14.347174 78.093486 0.012805165 81.787388 -3.6939022 61.349383
 14.350891 78.147247 0.012796356 82.105928 -3.9586811 61.356917
 14.354608 78.144427 0.012796818 82.413639 -4.2692119 61.364516
 14.358324 78.090963 0.012805579 82.709971 -4.6190082 61.372181
 14.362041 78.049451 0.01281239 82.97328 -4.9238284 61.379911
 14.365758 78.05777 0.012811024 83.154504 -5.0967343 61.387706
 14.369475 78.085607 0.012806457 83.204281 -5.1186744 61.395567
 14.373191 78.068985 0.012809184 83.097927 -5.0289419 61.403493
 14.376908 77.959747 0.012827132 82.838577 -4.8788294 61.411486
 14.380625 77.833153 0.012847996 82.464901 -4.6317481 61.419545
 14.384342 77.763311 0.012859535 82.017157 -4.2538466 61.427671
 14.388058 77.693713 0.012871054 81.557134 -3.863421 61.435863
 14.391775 77.569031 0.012891743 81.134226 -3.5651954 61.444122
 14.395492 77.413221 0.01291769 80.771617 -3.3583958 61.452447
 14.399209 77.271044 0.012941458 80.458959 -3.1879147 61.46084
 14.402925 77.149434 0.012961858 80.174362 -3.0249279 61.469301
 14.406642 77.056735 0.012977451 79.884132 -2.8273974 61.477829
 14.410359 77.006406 0.012985933 79.570649 -2.5642424 61.486425
 14.414075 76.960149 0.012993738 79.231523 -2.2713742 61.495088
 14.417792 76.87768 0.013007677 78.89876 -2.0210793 61.50382
 14.421509 76.797129 0.01302132 78.60469 -1.8075606 61.51262
 14.425226 76.763802 0.013026973 78.370504 -1.6067027 61.521489
 14.428942 76.74587 0.013030017 78.204022 -1.4581524 61.530426
 14.432659 76.731262 0.013032498 78.092678 -1.3614162 61.539432
 14.436376 76.709119 0.01303626 78.007256 -1.2981364 61.548508
 14.440093 76.662689 0.013044155 77.917419 -1.2547301 61.557652
 14.443809 76.623522 0.013050823 77.796616 -1.1730937 61.566867
 14.447526 76.582932 0.01305774 77.663668 -1.0807366 61.576151
 14.451243 76.526006 0.013067453 77.51864 -0.992634 61.585504
 14.45496 76.463348 0.013078161 77.360177 -0.89682844 61.594928
 14.458676 76.424075 0.013084882 77.177056 -0.75298078 61.604422
 14.462393 76.44399 0.013081473 76.953707 -0.50971691 61.613987
 14.46611 76.474302 0.013076288 76.673558 -0.19925588 61.623622
 14.469827 76.46329 0.013078171 76.326665 0.13662502 61.633328
 14.473543 76.427076 0.013084368 75.918519 0.5085569 61.643105
 14.47726 76.368167 0.013094461 75.463055 0.90511157 61.652954
 14.480977 76.284121 0.013108888 74.96975 1.314371 61.662874
 14.484694 76.164609 0.013129457 74.464321 1.700288 61.672865
 14.48841 75.983287 0.013160789 73.976627 2.0066593 61.682929
 14.492127 75.772802 0.013197348 73.525074 2.2477276 61.693064
 14.495844 75.587761 0.013229655 73.130334 2.4574268 61.703272
 14.499561 75.391683 0.013264063 72.799124 2.5925594 61.713552
 14.503277 75.198166 0.013298197 72.53443 2.6637361 61.723904
 14.506994 75.047623 0.013324872 72.31382 2.7338029 61.73433
 14.510711 74.925191 0.013346646 72.130596 2.7945952 61.744829
 14.514428 74.807198 0.013367698 71.955985 2.8512121 61.755401
 14.518144 74.656255 0.013394725 71.776027 2.8802284 61.766046
 14.521861 74.489835 0.01342465 71.580664 2.9091714 61.776765
 14.525578 74.353984 0.013449179 71.365487 2.988497 61.787558
 14.529294 74.212603 0.0134748 71.150049 3.0625547 61.798424
 14.533011 74.036883 0.013506781 70.941026 3.0958571 61.809365
 14.536728 73.850169 0.01354093 70.755399 3.0947694 61.820381
 14.540445 73.670016 0.013574043 70.622771 3.0472447 61.831471
 14.544161 73.50798 0.013603965 70.554616 2.9533641 61.842636
 14.547878 73.361857 0.013631062 70.56229 2.7995667 61.853876
 14.551595 73.253166 0.013651287 70.648954 2.6042119 61.865192
 14.555312 73.199809 0.013661238 70.80287 2.3969392 61.876582
 14.559028 73.171349 0.013666551 70.999944 2.1714043 61.888049
 14.562745 73.171153 0.013666588 71.213999 1.957154 61.899591
 14.566462 73.216906 0.013658048 71.417468 1.7994386 61.911209
 14.570179 73.254987 0.013650948 71.594303 1.6606837 61.922904
 14.573895 73.271703 0.013647833 71.757235 1.514468 61.934675
 14.577612 73.292366 0.013643986 71.923209 1.369157 61.946523
 14.581329 73.315559 0.01363967 72.133635 1.1819245 61.958448
 14.585046 73.353139 0.013632682 72.435626 0.91751286 61.970449
 14.588762 73.429082 0.013618582 72.85424 0.5748421 61.982529
 14.592479 73.574366 0.01359169 73.415869 0.15849748 61.994685
 14.596196 73.784955 0.013552898 74.123028 -0.33807255 62.006919
 14.599913 74.031845 0.013507701 74.95457 -0.92272453 62.019232
 14.603629 74.351583 0.013449613 75.874996 -1.5234134 62.031622
 14.607346 74.795161 0.013369849 76.8284 -2.033239 62.044091
 14.611063 75.325063 0.013275794 77.747507 -2.4224441 62.056638
 14.61478 75.87336 0.013179857 78.559034 -2.6856746 62.069264
 14.618496 76.348241 0.013097879 79.212089 -2.8638483 62.081969
 14.622213 76.704684 0.013037013 79.684685 -2.9800009 62.094753
 14.62593 76.995422 0.012987785 79.978189 -2.982767 62.107616
 14.629646 77.250097 0.012944968 80.129656 -2.8795598 62.120559
 14.633363 77.456525 0.012910468 80.173368 -2.7168428 62.133582
 14.63708 77.582176 0.012889559 80.155413 -2.5732364 62.146685
 14.640797 77.624392 0.012882549 80.11045 -2.4860575 62.159868
 14.644513 77.594721 0.012887475 80.037694 -2.4429722 62.173131
 14.64823 77.510933 0.012901406 79.930332 -2.4193989 62.186475
 14.651947 77.370318 0.012924853 79.77861 -2.408292 62.1999
 14.655664 77.197606 0.01295377 79.584434 -2.3868273 62.213406
 14.65938 77.00972 0.012985374 79.36877 -2.3590502 62.226993
 14.663097 76.817184 0.01301792 79.180584 -2.3633996 62.240661
 14.666814 76.589511 0.013056618 79.05044 -2.4609289 62.254412
 14.670531 76.360942 0.0130957 79.00855 -2.6476086 62.268244
 14.674247 76.236242 0.013117121 79.070509 -2.8342668 62.282158
 14.677964 76.221191 0.013119711 79.214434 -2.9932421 62.296155
 14.681681 76.2898 0.013107912 79.399753 -3.1099533 62.310234
 14.685398 76.418152 0.013085896 79.561477 -3.1433247 62.324396
 14.689114 76.59213 0.013056172 79.611696 -3.0195662 62.338641
 14.692831 76.760302 0.013027567 79.472021 -2.7117191 62.352969
 14.696548 76.841415 0.013013815 79.099158 -2.2577425 62.36738
 14.700265 76.812294 0.013018749 78.482347 -1.6700525 62.381875
 14.703981 76.67276 0.013042442 77.656379 -0.98361918 62.396454
 14.707698 76.43264 0.013083416 76.70461 -0.27196964 62.411117
 14.711415 76.061025 0.013147338 75.694366 0.36665869 62.425864
 14.715132 75.568176 0.013233084 74.690292 0.87788387 62.440696
 14.718848 75.03037 0.013327936 73.731226 1.2991443 62.455612
 14.722565 74.51577 0.013419978 72.835191 1.6805785 62.470613
 14.726282 73.984151 0.013516408 72.009731 1.9744201 62.4857
 14.729999 73.462799 0.013612332 71.252118 2.2106815 62.500871
 14.733715 73.043884 0.0136904 70.562028 2.4818566 62.516128
 14.737432 72.678579 0.013759212 69.944273 2.734306 62.531471
 14.741149 72.314796 0.013828429 69.410117 2.9046794 62.5469
 14.744865 72.005821 0.013887766 68.963745 3.0420757 62.562415
 14.748582 71.780365 0.013931386 68.611793 3.1685717 62.578017
 14.752299 71.589475 0.013968534 68.354476 3.2349992 62.593705
 14.756016 71.402044 0.014005201 68.186641 3.2154026 62.60948
 14.759732 71.254562 0.014034189 68.102298 3.1522648 62.625342
 14.763449 71.162188 0.014052407 68.108423 3.0537653 62.641292
 14.767166 71.093389 0.014066006 68.196675 2.8967139 62.657328
 14.770883 71.082548 0.014068151 68.362413 2.7201342 62.673453
 14.774599 71.142115 0.014056371 68.599909 2.542206 62.689666
 14.778316 71.241341 0.014036794 68.900083 2.3412578 62.705966
 14.782033 71.358243 0.014013798 69.250105 2.1081379 62.722356
 14.78575 71.484693 0.013989009 69.63137 1.8533228 62.738833
 14.789466 71.648529 0.013957021 70.019674 1.6288555 62.7554
 14.793183 71.850189 0.013917848 70.387218 1.4629714 62.772056
 14.7969 72.042175 0.013880758 70.710644 1.3315314 62.788801
 14.800617 72.18898 0.01385253 70.979492 1.2094881 62.805635
 14.804333 72.326205 0.013826247 71.203643 1.1225615 62.822559
 14.80805 72.461606 0.013800412 71.408206 1.0533999 62.839573
 14.811767 72.544945 0.013784558 71.623834 0.92111056 62.856678
 14.815484 72.587003 0.013776571 71.885721 0.70128201 62.873872
 14.8192 72.618889 0.013770522 72.212401 0.40648753 62.891158
 14.822917 72.663012 0.01376216 72.613394 0.049618494 62.908534
 14.826634 72.726997 0.013750052 73.089571 -0.36257346 62.926001
 14.830351 72.836016 0.013729471 73.636774 -0.80075739 62.94356
 14.834067 73.029696 0.01369306 74.259055 -1.2293589 62.96121
 14.837784 73.276301 0.013646977 74.950902 -1.6746006 62.978952
 14.841501 73.57314 0.013591917 75.700418 -2.1272778 62.996786
 14.845218 73.91949 0.013528232 76.492024 -2.5725348 63.014712
 14.848934 74.250013 0.013468011 77.283342 -3.0333298 63.03273
 14.852651 74.55956 0.013412096 78.025966 -3.4664054 63.050841
 14.856368 74.94295 0.013343483 78.667994 -3.7250438 63.069045
 14.860084 75.337329 0.013273632 79.173896 -3.8365672 63.087342
 14.863801 75.626623 0.013222857 79.519999 -3.8933767 63.105733
 14.867518 75.851171 0.013183712 79.712567 -3.8613962 63.124217
 14.871235 76.045207 0.013150073 79.764417 -3.7192105 63.142795
 14.874951 76.185964 0.013125777 79.689852 -3.5038885 63.161466
 14.878668 76.232135 0.013117828 79.501005 -3.2688707 63.180232
 14.882385 76.209742 0.013121682 79.203911 -2.9941685 63.199093
 14.886102 76.138766 0.013133914 78.813189 -2.6744233 63.218048
 14.889818 76.03612 0.013151644 78.344262 -2.3081422 63.237098
 14.893535 75.92244 0.013171337 77.812548 -1.8901083 63.256244
 14.897252 75.799266 0.01319274 77.246283 -1.4470172 63.275485
 14.900969 75.593849 0.01322859 76.664355 -1.070506 63.294821
 14.904685 75.342763 0.013272675 76.085282 -0.74251864 63.314253
 14.908402 75.113996 0.013313098 75.534806 -0.42081044 63.333782
 14.912119 74.851911 0.013359712 75.030246 -0.17833518 63.353406
 14.915836 74.504377 0.01342203 74.588686 -0.084309545 63.373128
 14.919552 74.16408 0.013483616 74.22373 -0.059649605 63.392946
 14.923269 73.943464 0.013523846 73.950178 -0.006714857 63.412861
 14.926986 73.794431 0.013551158 73.76913 0.025301255 63.432873
 14.930703 73.648949 0.013577926 73.675943 -0.026994449 63.452983
 14.934419 73.521456 0.013601472 73.665051 -0.14359472 63.47319
 14.938136 73.434489 0.01361758 73.731906 -0.29741684 63.493496
 14.941853 73.390462 0.013625749 73.865282 -0.47481936 63.5139
 14.94557 73.383647 0.013627014 74.059392 -0.67574494 63.534402
 14.949286 73.403999 0.013623236 74.304844 -0.90084509 63.555003
 14.953003 73.461484 0.013612575 74.587885 -1.1264011 63.575702
 14.95672 73.544815 0.013597152 74.893813 -1.3489976 63.596501
 14.960436 73.65672 0.013576494 75.213177 -1.5564562 63.617399
 14.964153 73.795423 0.013550976 75.545366 -1.749943 63.638397
 14.96787 73.90844 0.013530255 75.901156 -1.992716 63.659495
 14.971587 73.998642 0.013513762 76.298466 -2.2998242 63.680693
 14.975303 74.157982 0.013484725 76.751872 -2.5938904 63.701991
 14.97902 74.34756 0.013450341 77.26697 -2.9194105 63.723389
 14.982737 74.473058 0.013427675 77.85198 -3.3789219 63.744888
 14.986454 74.57373 0.013409548 78.501044 -3.9273139 63.766489
 14.99017 74.730148 0.01338148 79.214332 -4.4841838 63.788191
 14.993887 74.955785 0.013341198 79.982753 -5.0269679 63.809994
 14.997604 75.24113 0.013290603 80.790409 -5.5492796 63.831899
 15.001321 75.551188 0.013236059 81.617653 -6.0664648 63.853906
