 1.000356 29.900703 0.033444029 31.874835 -1.9741318 15.474963
 1.0040727 29.894781 0.033450655 31.86808 -1.9732985 15.466909
 1.0077895 29.9051 0.033439113 31.861324 -1.9562237 15.458863
 1.0115062 29.900402 0.033444366 31.854567 -1.9541648 15.450824
 1.015223 29.903696 0.033440682 31.84781 -1.9441136 15.442791
 1.0189397 29.848705 0.033502291 31.841052 -1.9923467 15.434766
 1.0226564 29.813204 0.033542185 31.834294 -2.02109 15.426748
 1.0263732 29.841221 0.033510693 31.827536 -1.9863148 15.418738
 1.0300899 29.917837 0.033424876 31.820777 -1.90294 15.410734
 1.0338067 29.97472 0.033361446 31.814018 -1.8392982 15.402738
 1.0375234 29.985958 0.033348943 31.807259 -1.8213008 15.394749
 1.0412402 29.951809 0.033386965 31.800499 -1.8486903 15.386768
 1.0449569 29.942644 0.033397184 31.793739 -1.8510951 15.378794
 1.0486736 29.930628 0.033410592 31.786979 -1.8563511 15.370827
 1.0523904 29.887976 0.033458271 31.780219 -1.8922429 15.362867
 1.0561071 29.840593 0.033511398 31.773458 -1.9328649 15.354915
 1.0598239 29.862766 0.033486516 31.766698 -1.9039315 15.346971
 1.0635406 29.953613 0.033384954 31.759937 -1.8063238 15.339034
 1.0672573 29.943705 0.033396001 31.753176 -1.8094715 15.331104
 1.0709741 29.931072 0.033410096 31.746415 -1.8153428 15.323182
 1.0746908 29.934134 0.033406679 31.739654 -1.8055203 15.315268
 1.0784076 29.99234 0.033341847 31.732893 -1.7405525 15.307361
 1.0821243 30.01148 0.033320582 31.726131 -1.714651 15.299462
 1.085841 29.979609 0.033356006 31.71937 -1.7397619 15.29157
 1.0895578 29.937565 0.03340285 31.712609 -1.7750446 15.283686
 1.0932745 29.894978 0.033450435 31.705848 -1.8108709 15.27581
 1.0969913 29.890488 0.03345546 31.699087 -1.8085998 15.267941
 1.100708 29.941393 0.03339858 31.692327 -1.7509336 15.26008
 1.1044248 29.97699 0.03335892 31.685566 -1.708576 15.252227
 1.1081415 29.965366 0.03337186 31.678805 -1.7134386 15.244382
 1.1118582 29.917744 0.033424981 31.672044 -1.7543006 15.236544
 1.115575 29.885752 0.033460761 31.665284 -1.7795325 15.228714
 1.1192917 29.87775 0.033469722 31.658524 -1.7807739 15.220893
 1.1230085 29.984245 0.033350848 31.651765 -1.6675193 15.213079
 1.1267252 29.992807 0.033341327 31.645005 -1.6521977 15.205273
 1.1304419 29.981983 0.033353364 31.638246 -1.6562627 15.197474
 1.1341587 29.894968 0.033450446 31.631487 -1.7365188 15.189684
 1.1378754 29.904297 0.03344001 31.624728 -1.7204312 15.181902
 1.1415922 29.97267 0.033363728 31.61797 -1.6453001 15.174128
 1.1453089 30.041515 0.033287269 31.611212 -1.5696962 15.166362
 1.1490257 30.103016 0.033219263 31.604454 -1.5014383 15.158604
 1.1527424 30.128912 0.033190711 31.597697 -1.4687854 15.150854
 1.1564591 30.075277 0.033249901 31.590941 -1.5156635 15.143112
 1.1601759 30.022717 0.033308112 31.584185 -1.5614682 15.135378
 1.1638926 30.051767 0.033275913 31.577429 -1.5256617 15.127653
 1.1676094 30.101019 0.033221467 31.570674 -1.469655 15.119935
 1.1713261 30.163509 0.033152641 31.563919 -1.4004098 15.112226
 1.1750428 30.14127 0.033177103 31.557165 -1.4158953 15.104525
 1.1787596 30.120108 0.033200413 31.550411 -1.4303037 15.096832
 1.1824763 30.032406 0.033297366 31.543658 -1.5112526 15.089148
 1.1861931 29.993652 0.033340388 31.536906 -1.543254 15.081472
 1.1899098 30.0144 0.03331734 31.530155 -1.5157544 15.073804
 1.1936265 30.056831 0.033270307 31.523404 -1.4665727 15.066144
 1.1973433 30.058653 0.033268291 31.516654 -1.4580011 15.058493
 1.20106 30.037165 0.03329209 31.509904 -1.4727397 15.050851
 1.2047768 30.009495 0.033322787 31.503156 -1.4936608 15.043216
 1.2084935 30.052122 0.03327552 31.496408 -1.4442854 15.035591
 1.2122103 30.13282 0.033186406 31.48966 -1.3568401 15.027973
 1.215927 30.225595 0.033084543 31.482914 -1.2573181 15.020364
 1.2196437 30.282536 0.033022334 31.476168 -1.1936323 15.012764
 1.2233605 30.368769 0.032928566 31.469423 -1.1006546 15.005172
 1.2270772 30.342215 0.032957383 31.46268 -1.120465 14.997589
 1.230794 30.294149 0.033009674 31.455937 -1.1617873 14.990014
 1.2345107 30.254354 0.033053093 31.449195 -1.1948402 14.982448
 1.2382274 30.246702 0.033061456 31.442454 -1.1957515 14.974891
 1.2419442 30.240679 0.033068041 31.435713 -1.1950347 14.967342
 1.2456609 30.162413 0.033153847 31.428974 -1.2665616 14.959802
 1.2493777 30.13308 0.03318612 31.422236 -1.2891566 14.952271
 1.2530944 30.133347 0.033185826 31.415499 -1.2821523 14.944748
 1.2568112 30.144007 0.03317409 31.408763 -1.2647559 14.937234
 1.2605279 30.165823 0.033150098 31.402028 -1.2362045 14.929729
 1.2642446 30.181108 0.033133309 31.395294 -1.2141851 14.922233
 1.2679614 30.191465 0.033121943 31.388561 -1.1970955 14.914746
 1.2716781 30.214277 0.033096936 31.381829 -1.167552 14.907267
 1.2753949 30.170212 0.033145276 31.375099 -1.2048871 14.899797
 1.2791116 30.193598 0.033119604 31.36837 -1.1747718 14.892336
 1.2828283 30.138082 0.033180611 31.361641 -1.223559 14.884884
 1.2865451 30.177553 0.033137213 31.354915 -1.1773614 14.877441
 1.2902618 30.1996 0.033113021 31.348189 -1.1485887 14.870007
 1.2939786 30.265738 0.033040662 31.341464 -1.0757269 14.862582
 1.2976953 30.284151 0.033020572 31.334741 -1.0505902 14.855166
 1.301412 30.258465 0.033048603 31.328019 -1.0695546 14.847759
 1.3051288 30.209316 0.033102371 31.321299 -1.1119826 14.840361
 1.3088455 30.137217 0.033181565 31.31458 -1.177363 14.832972
 1.3125623 30.151075 0.033166313 31.307862 -1.1567864 14.825592
 1.316279 30.173847 0.033141283 31.301146 -1.1272983 14.818222
 1.3199958 30.130688 0.033188755 31.294431 -1.1637429 14.81086
 1.3237125 30.107424 0.033214399 31.287717 -1.1802934 14.803508
 1.3274292 30.124468 0.033195607 31.281005 -1.1565374 14.796164
 1.331146 30.190039 0.033123508 31.274295 -1.084256 14.78883
 1.3348627 30.199921 0.03311267 31.267586 -1.067665 14.781506
 1.3385795 30.147011 0.033170785 31.260878 -1.1138673 14.77419
 1.3422962 30.117493 0.033203295 31.254172 -1.1366794 14.766884
 1.3460129 30.157804 0.033158912 31.247468 -1.0896631 14.759587
 1.3497297 30.237059 0.033072 31.240765 -1.003706 14.752299
 1.3534464 30.246365 0.033061825 31.234063 -0.98769879 14.745021
 1.3571632 30.220491 0.03309013 31.227364 -1.0068722 14.737752
 1.3608799 30.212189 0.033099224 31.220666 -1.0084768 14.730492
 1.3645966 30.246515 0.03306166 31.213969 -0.96745383 14.723242
 1.3683134 30.295055 0.033008687 31.207274 -0.91221899 14.716001
 1.3720301 30.228624 0.033081228 31.200581 -0.97195705 14.70877
 1.3757469 30.180807 0.03313364 31.19389 -1.0130832 14.701548
 1.3794636 30.110126 0.033211418 31.187201 -1.0770744 14.694336
 1.3831804 30.1635 0.033152652 31.180513 -1.0170135 14.687133
 1.3868971 30.188559 0.033125132 31.173827 -0.98526883 14.67994
 1.3906138 30.245548 0.033062717 31.167143 -0.92159512 14.672756
 1.3943306 30.333284 0.032967086 31.160461 -0.8271768 14.665582
 1.3980473 30.419146 0.032874033 31.153781 -0.73463515 14.658417
 1.4017641 30.414892 0.03287863 31.147102 -0.73220998 14.651262
 1.4054808 30.333158 0.032967223 31.140426 -0.80726707 14.644117
 1.4091975 30.314844 0.03298714 31.133751 -0.81890667 14.636981
 1.4129143 30.301243 0.033001947 31.127078 -0.8258351 14.629855
 1.416631 30.300339 0.033002931 31.120407 -0.8200683 14.622739
 1.4203478 30.3323 0.032968156 31.113738 -0.78143798 14.615632
 1.4240645 30.367271 0.032930189 31.107071 -0.73979975 14.608535
 1.4277813 30.383837 0.032912236 31.100406 -0.71656947 14.601448
 1.431498 30.340834 0.032958883 31.093743 -0.75290967 14.594371
 1.4352147 30.279659 0.033025471 31.087082 -0.80742319 14.587304
 1.4389315 30.249294 0.033058622 31.080424 -0.83112934 14.580246
 1.4426482 30.28425 0.033020464 31.073767 -0.78951665 14.573198
 1.446365 30.383244 0.032912878 31.067112 -0.68386883 14.56616
 1.4500817 30.407255 0.032886888 31.06046 -0.65320485 14.559132
 1.4537984 30.392023 0.032903371 31.05381 -0.66178674 14.552114
 1.4575152 30.349651 0.032949308 31.047162 -0.69751052 14.545106
 1.4612319 30.322403 0.032978917 31.040516 -0.71811309 14.538107
 1.4649487 30.316618 0.03298521 31.033872 -0.71725441 14.531119
 1.4686654 30.308075 0.032994507 31.027231 -0.71915605 14.524141
 1.4723821 30.28091 0.033024106 31.020592 -0.73968141 14.517173
 1.4760989 30.239643 0.033069173 31.013955 -0.77431187 14.510214
 1.4798156 30.276531 0.033028883 31.00732 -0.73078913 14.503266
 1.4835324 30.30134 0.033001841 31.000688 -0.69934798 14.496328
 1.4872491 30.339472 0.032960363 30.994058 -0.6545863 14.4894
 1.4909659 30.376232 0.032920475 30.98743 -0.6111983 14.482482
 1.4946826 30.400631 0.032894054 30.980805 -0.58017424 14.475574
 1.4983993 30.36932 0.032927968 30.974182 -0.60486243 14.468677
 1.5021161 30.346642 0.032952576 30.967562 -0.62092029 14.461789
 1.5058328 30.374685 0.032922152 30.960944 -0.58625847 14.454912
 1.5095496 30.439257 0.032852313 30.954328 -0.5150715 14.448045
 1.5132663 30.500765 0.032786063 30.947715 -0.44695018 14.441188
 1.516983 30.515184 0.03277057 30.941104 -0.42591992 14.434341
 1.5206998 30.511694 0.032774319 30.934496 -0.4228022 14.427505
 1.5244165 30.49522 0.032792024 30.927891 -0.43267036 14.420679
 1.5281333 30.482441 0.032805772 30.921287 -0.43884645 14.413863
 1.53185 30.460262 0.032829658 30.914687 -0.45442452 14.407058
 1.5355668 30.479891 0.032808516 30.908089 -0.42819805 14.400263
 1.5392835 30.609632 0.032669455 30.901494 -0.29186103 14.393478
 1.5430002 30.661934 0.032613729 30.894901 -0.23296682 14.386704
 1.546717 30.659958 0.032615831 30.888311 -0.2283527 14.37994
 1.5504337 30.692537 0.03258121 30.881723 -0.18918585 14.373186
 1.5541505 30.708216 0.032564575 30.875138 -0.16692263 14.366443
 1.5578672 30.735214 0.03253597 30.868556 -0.13334198 14.35971
 1.5615839 30.739256 0.032531692 30.861977 -0.12272093 14.352988
 1.5653007 30.761881 0.032507765 30.8554 -0.093519342 14.346277
 1.5690174 30.762335 0.032507285 30.848826 -0.086491431 14.339576
 1.5727342 30.788532 0.032479626 30.842255 -0.053722844 14.332885
 1.5764509 30.862251 0.032402043 30.835687 0.026564491 14.326205
 1.5801676 30.897879 0.032364681 30.829121 0.068757431 14.319536
 1.5838844 30.821146 0.032445257 30.822558 -0.0014124558 14.312877
 1.5876011 30.706667 0.032566218 30.815999 -0.10933165 14.306229
 1.5913179 30.727991 0.032543618 30.809442 -0.081450521 14.299591
 1.5950346 30.792459 0.032475483 30.802887 -0.010427939 14.292964
 1.5987514 30.887892 0.032375146 30.796336 0.091555588 14.286348
 1.6024681 30.915308 0.032346435 30.789788 0.1255201 14.279742
 1.6061848 30.957603 0.032302242 30.783242 0.17436095 14.273147
 1.6099016 30.959274 0.032300499 30.7767 0.18257426 14.266563
 1.6136183 30.942694 0.032317807 30.770161 0.17253312 14.25999
 1.6173351 30.949728 0.032310462 30.763624 0.18610385 14.253427
 1.6210518 30.960672 0.03229904 30.757091 0.20358173 14.246875
 1.6247685 31.000969 0.032257056 30.75056 0.25040873 14.240334
 1.6284853 30.965929 0.032293557 30.744033 0.22189618 14.233804
 1.632202 30.931021 0.032330003 30.737509 0.19351222 14.227285
 1.6359188 30.912634 0.032349233 30.730987 0.18164665 14.220776
 1.6396355 30.974644 0.032284471 30.724469 0.2501746 14.214278
 1.6433523 31.010717 0.032246916 30.717954 0.29276325 14.207792
 1.647069 31.055391 0.032200528 30.711442 0.34394911 14.201316
 1.6507857 31.045649 0.032210633 30.704933 0.34071512 14.194851
 1.6545025 31.054098 0.032201869 30.698428 0.35567021 14.188397
 1.6582192 31.070911 0.032184444 30.691926 0.37898587 14.181954
 1.661936 31.114441 0.032139417 30.685426 0.42901458 14.175522
 1.6656527 31.205153 0.03204599 30.67893 0.52622211 14.1691
 1.6693694 31.192028 0.032059474 30.672438 0.51959029 14.16269
 1.6730862 31.151188 0.032101505 30.665948 0.48523964 14.156291
 1.6768029 31.166918 0.032085303 30.659462 0.50745571 14.149903
 1.6805197 31.260073 0.031989689 30.652979 0.60709346 14.143526
 1.6842364 31.323118 0.031925302 30.6465 0.67661851 14.13716
 1.6879531 31.338976 0.031909147 30.640023 0.69895247 14.130806
 1.6916699 31.33032 0.031917963 30.633551 0.69676979 14.124462
 1.6953866 31.265364 0.031984275 30.627081 0.63828258 14.11813
 1.6991034 31.325178 0.031923202 30.620615 0.70456322 14.111808
 1.7028201 31.398392 0.031848765 30.614152 0.78423954 14.105498
 1.7065369 31.452795 0.031793677 30.607693 0.84510213 14.099199
 1.7102536 31.429737 0.031817002 30.601237 0.82850006 14.092911
 1.7139703 31.408373 0.031838644 30.594785 0.81358832 14.086635
 1.7176871 31.431929 0.031814783 30.588336 0.84359302 14.080369
 1.7214038 31.449957 0.031796546 30.58189 0.86806671 14.074115
 1.7251206 31.4627 0.031783668 30.575448 0.88725172 14.067872
 1.7288373 31.444435 0.03180213 30.56901 0.87542542 14.061641
 1.732554 31.44348 0.031803096 30.562575 0.88090473 14.055421
 1.7362708 31.442686 0.031803899 30.556143 0.88654261 14.049212
 1.7399875 31.498276 0.03174777 30.549716 0.94856013 14.043014
 1.7437043 31.571674 0.031673962 30.543291 1.0283829 14.036828
 1.747421 31.599695 0.031645875 30.536871 1.0628243 14.030653
 1.7511377 31.561655 0.031684017 30.530454 1.0312012 14.02449
 1.7548545 31.555731 0.031689965 30.52404 1.0316903 14.018338
 1.7585712 31.58346 0.031662142 30.517631 1.065829 14.012197
 1.762288 31.652124 0.031593456 30.511225 1.1408996 14.006068
 1.7660047 31.659678 0.031585919 30.504822 1.154855 13.99995
 1.7697215 31.660835 0.031584764 30.498424 1.1624114 13.993844
 1.7734382 31.708292 0.031537492 30.492029 1.216263 13.987749
 1.7771549 31.779381 0.031466944 30.485638 1.293743 13.981666
 1.7808717 31.817629 0.031429118 30.47925 1.3383785 13.975594
 1.7845884 31.786043 0.031460349 30.472867 1.3131765 13.969534
 1.7883052 31.741734 0.031504265 30.466487 1.2752467 13.963485
 1.7920219 31.718777 0.031527067 30.460111 1.2586659 13.957448
 1.7957386 31.730635 0.031515285 30.453739 1.2768962 13.951422
 1.7994554 31.748709 0.031497344 30.44737 1.3013386 13.945408
 1.8031721 31.796635 0.031449869 30.441006 1.3556291 13.939406
 1.8068889 31.783171 0.031463192 30.434645 1.3485258 13.933415
 1.8106056 31.814152 0.031432553 30.428288 1.3858637 13.927436
 1.8143224 31.854351 0.031392886 30.421935 1.4324157 13.921469
 1.8180391 31.857672 0.031389613 30.415587 1.4420852 13.915513
 1.8217558 31.8563 0.031390965 30.409242 1.4470587 13.909569
 1.8254726 31.8606 0.031386729 30.402901 1.4576988 13.903637
 1.8291893 31.905296 0.031342759 30.396564 1.5087326 13.897717
 1.8329061 31.895948 0.031351944 30.390231 1.5057177 13.891808
 1.8366228 31.935631 0.031312987 30.383902 1.551729 13.885911
 1.8403395 31.993149 0.031256692 30.377577 1.615572 13.880025
 1.8440563 32.070713 0.031181097 30.371256 1.6994572 13.874152
 1.847773 32.111259 0.031141725 30.364939 1.7463205 13.86829
 1.8514898 32.123375 0.031129979 30.358626 1.7647488 13.86244
 1.8552065 32.193233 0.031062428 30.352317 1.8409162 13.856602
 1.8589232 32.221741 0.031034947 30.346013 1.8757281 13.850776
 1.86264 32.221897 0.031034796 30.339712 1.8821851 13.844962
 1.8663567 32.192806 0.03106284 30.333416 1.8593906 13.839159
 1.8700735 32.214592 0.031041833 30.327123 1.8874687 13.833369
 1.8737902 32.291855 0.030967561 30.320835 1.9710197 13.82759
 1.877507 32.313709 0.030946617 30.314551 1.9991581 13.821823
 1.8812237 32.327587 0.030933332 30.308271 2.0193158 13.816069
 1.8849404 32.33791 0.030923458 30.301996 2.035914 13.810326
 1.8886572 32.335999 0.030925286 30.295725 2.040274 13.804595
 1.8923739 32.391491 0.030872305 30.289458 2.1020333 13.798876
 1.8960907 32.444706 0.030821669 30.283195 2.161511 13.793169
 1.8998074 32.485287 0.030783167 30.276937 2.2083502 13.787474
 1.9035241 32.528244 0.030742514 30.270682 2.2575616 13.781792
 1.9072409 32.58897 0.030685229 30.264433 2.3245376 13.776121
 1.9109576 32.642319 0.030635079 30.258187 2.3841317 13.770462
 1.9146744 32.606789 0.03066846 30.251946 2.3548428 13.764815
 1.9183911 32.577572 0.030695965 30.245709 2.3318629 13.759181
 1.9221079 32.572674 0.030700581 30.239476 2.3331974 13.753558
 1.9258246 32.643852 0.030633639 30.233248 2.410604 13.747948
 1.9295413 32.72213 0.030560358 30.227025 2.4951053 13.74235
 1.9332581 32.715107 0.030566918 30.220805 2.4943018 13.736764
 1.9369748 32.690071 0.030590328 30.21459 2.4754809 13.73119
 1.9406916 32.701977 0.030579191 30.20838 2.4935971 13.725628
 1.9444083 32.728577 0.030554338 30.202174 2.526403 13.720078
 1.948125 32.758152 0.030526753 30.195972 2.5621798 13.714541
 1.9518418 32.760071 0.030524965 30.189775 2.5702954 13.709016
 1.9555585 32.788925 0.030498102 30.183583 2.6053422 13.703503
 1.9592753 32.834633 0.030455647 30.177395 2.6572377 13.698002
 1.962992 32.926617 0.030370566 30.171212 2.7554049 13.692514
 1.9667087 33.05077 0.030256481 30.165033 2.8857369 13.687038
 1.9704255 33.096783 0.030214417 30.158859 2.937924 13.681574
 1.9741422 33.031097 0.030274501 30.152689 2.8784085 13.676122
 1.977859 33.000225 0.030302824 30.146524 2.8537014 13.670683
 1.9815757 32.992657 0.030309775 30.140363 2.8522936 13.665256
 1.9852925 32.994873 0.030307739 30.134207 2.8606659 13.659841
 1.9890092 32.979847 0.030321548 30.128056 2.8517912 13.654439
 1.9927259 33.031002 0.030274589 30.121909 2.909093 13.649049
 1.9964427 33.059288 0.030248685 30.115767 2.9435207 13.643672
 2.0001594 33.024273 0.030280757 30.10963 2.9146427 13.638307
 2.0038762 32.986874 0.030315089 30.103498 2.8833758 13.632954
 2.0075929 33.003548 0.030299773 30.09737 2.9061776 13.627614
 2.0113096 33.062572 0.03024568 30.091247 2.9713253 13.622286
 2.0150264 33.121773 0.030191621 30.085129 3.036644 13.61697
 2.0187431 33.161926 0.030155064 30.079015 3.0829111 13.611667
 2.0224599 33.213074 0.030108626 30.072906 3.1401673 13.606377
 2.0261766 33.222431 0.030100145 30.066802 3.1556288 13.601099
 2.0298933 33.223743 0.030098956 30.060703 3.1630404 13.595834
 2.0336101 33.236641 0.030087276 30.054608 3.1820324 13.590581
 2.0373268 33.267879 0.030059024 30.048519 3.2193605 13.58534
 2.0410436 33.328335 0.030004499 30.042434 3.2859004 13.580112
 2.0447603 33.366562 0.029970124 30.036355 3.3302072 13.574897
 2.0484771 33.46748 0.029879752 30.03028 3.4371998 13.569694
 2.0521938 33.500114 0.029850644 30.02421 3.4759046 13.564504
 2.0559105 33.466019 0.029881057 30.018145 3.447874 13.559326
 2.0596273 33.434715 0.029909033 30.012084 3.4226308 13.554161
 2.063344 33.478558 0.029869865 30.006029 3.4725284 13.549009
 2.0670608 33.55558 0.029801303 29.999979 3.5556014 13.543869
 2.0707775 33.653084 0.029714959 29.993933 3.6591506 13.538742
 2.0744942 33.726814 0.029649999 29.987893 3.7389217 13.533627
 2.078211 33.757072 0.029623422 31.683853 2.0732196 13.528526
 2.0819277 33.767254 0.02961449 31.737463 2.0297911 13.523436
 2.0856445 33.787636 0.029596625 31.794245 1.993391 13.51836
 2.0893612 33.78611 0.029597962 31.854425 1.931685 13.513296
 2.093078 33.817074 0.029570861 31.918329 1.8987443 13.508245
 2.0967947 33.878914 0.029516885 31.986163 1.892751 13.503207
 2.1005114 33.951572 0.029453717 32.05822 1.8933524 13.498181
 2.1042282 33.969543 0.029438135 32.134871 1.8346723 13.493169
 2.1079449 33.926983 0.029475064 32.216495 1.7104877 13.488169
 2.1116617 33.905216 0.029493987 32.303435 1.6017813 13.483181
 2.1153784 33.956875 0.029449118 32.396125 1.5607502 13.478207
 2.1190951 34.015034 0.029398766 32.495172 1.5198619 13.473245
 2.1228119 34.119507 0.029308747 32.601013 1.5184937 13.468296
 2.1265286 34.272957 0.029177523 32.714229 1.5587281 13.46336
 2.1302454 34.381897 0.029085073 32.835545 1.5463518 13.458437
 2.1339621 34.431778 0.029042938 32.965757 1.4660212 13.453527
 2.1376788 34.46682 0.029013411 33.105583 1.3612367 13.448629
 2.1413956 34.585999 0.028913434 33.25594 1.3300581 13.443745
 2.1451123 34.72694 0.028796087 33.418084 1.3088564 13.438873
 2.1488291 34.833946 0.028707629 33.593032 1.2409143 13.434014
 2.1525458 34.962193 0.028602325 33.782064 1.1801289 13.429168
 2.1562626 35.097359 0.028492173 33.98678 1.1105786 13.424335
 2.1599793 35.232224 0.028383108 34.209042 1.0231818 13.419515
 2.163696 35.326424 0.028307423 34.450565 0.87585824 13.414708
 2.1674128 35.45528 0.028204544 34.713555 0.74172506 13.409914
 2.1711295 35.657108 0.028044899 35.000983 0.65612543 13.405132
 2.1748463 35.832287 0.027907792 35.315552 0.5167348 13.400364
 2.178563 35.92313 0.027837218 35.66055 0.26258023 13.395609
 2.1822797 36.048542 0.027740373 36.040118 0.0084242671 13.390867
 2.1859965 36.196514 0.02762697 36.459351 -0.26283734 13.386137
 2.1897132 36.363693 0.027499957 36.923146 -0.5594527 13.381421
 2.19343 36.568558 0.027345897 37.437863 -0.86930527 13.376718
 2.1971467 36.884922 0.027111349 38.01206 -1.1271384 13.372028
 2.2008635 37.334663 0.02678476 38.65443 -1.3197666 13.367351
 2.2045802 37.686802 0.026534488 39.375495 -1.6886935 13.362687
 2.2082969 37.990002 0.026322715 40.188772 -2.19877 13.358036
 2.2120137 38.32687 0.026091356 41.111906 -2.7850362 13.353398
 2.2157304 38.839111 0.025747242 42.163031 -3.3239197 13.348773
 2.2194472 39.446903 0.025350532 43.366311 -3.9194083 13.344162
 2.2231639 40.154488 0.024903817 44.754872 -4.6003846 13.339563
 2.2268806 41.081345 0.024341949 46.366539 -5.2851939 13.334978
 2.2305974 42.269531 0.023657703 48.24869 -5.9791586 13.330405
 2.2343141 43.727547 0.02286888 50.465196 -6.7376496 13.325846
 2.2380309 45.782639 0.021842341 53.107815 -7.3251766 13.3213
 2.2417476 48.739189 0.02051737 56.289624 -7.5504352 13.316768
 2.2454643 52.90522 0.018901727 60.196873 -7.2916527 13.312248
 2.2491811 59.051281 0.016934434 65.190787 -6.1395058 13.307742
 2.2528978 68.565125 0.014584674 72.019347 -3.4542224 13.303248
 2.2566146 83.405655 0.011989595 82.310637 1.0950182 13.298768
 2.2603313 107.05293 0.009341174 99.537051 7.5158742 13.294302
 2.2640481 146.81354 0.006811361 130.81054 16.002993 13.289848
 2.2677648 212.51651 0.0047055168 187.44986 25.066653 13.285408
 2.2714815 318.08176 0.0031438458 285.31983 32.761929 13.280981
 2.2751983 482.75891 0.0020714273 442.28107 40.477846 13.276567
 2.278915 711.83026 0.0014048293 668.82256 43.007701 13.272167
 2.2826318 990.05005 0.0010100499 957.18727 32.862774 13.26778
 2.2863485 1285.0073 0.00077820568 1274.163 10.84436 13.263406
 2.2900652 1511.0734 0.00066178124 1554.3195 -43.246106 13.259045
 2.293782 1601.6464 0.00062435755 1712.5873 -110.94094 13.254698
 2.2974987 1531.0985 0.00065312584 1685.8348 -154.7363 13.250364
 2.3012155 1320.9279 0.00075704362 1483.9837 -163.05583 13.246043
 2.3049322 1037.5471 0.00096381165 1184.8797 -147.33255 13.241736
 2.308649 740.9671 0.0013495876 870.93132 -129.96422 13.237442
 2.3123657 500.52219 0.0019979134 597.33526 -96.813075 13.233162
 2.3160824 332.96967 0.0030032766 391.33545 -58.365786 13.228895
 2.3197992 220.77335 0.0045295323 252.60274 -31.829397 13.224641
 2.3235159 150.6813 0.0066365234 167.80919 -17.127882 13.220401
 2.3272327 109.6797 0.0091174572 119.86685 -10.187144 13.216174
 2.3309494 84.474442 0.0118379 93.618886 -9.1444448 13.21196
 2.3346661 68.720482 0.014551702 78.778277 -10.057795 13.20776
 2.3383829 59.114449 0.016916338 69.684248 -10.569799 13.203574
 2.3420996 52.694096 0.018977458 63.499915 -10.80582 13.1994
 2.3458164 48.330765 0.020690755 58.85328 -10.522515 13.195241
 2.3495331 45.382256 0.022035044 55.15881 -9.7765545 13.191094
 2.3532498 43.250347 0.023121202 52.133581 -8.8832341 13.186961
 2.3569666 41.693592 0.023984501 49.613735 -7.9201431 13.182842
 2.3606833 40.508514 0.024686168 47.485482 -6.9769675 13.178736
 2.3644001 39.545879 0.025287085 45.672013 -6.1261339 13.174644
 2.3681168 38.760242 0.025799632 44.118379 -5.3581363 13.170565
 2.3718336 38.141682 0.026218036 42.774617 -4.6329355 13.1665
 2.3755503 37.600006 0.02659574 41.604416 -4.0044097 13.162448
 2.379267 37.108059 0.026948324 40.580187 -3.4721281 13.15841
 2.3829838 36.688599 0.027256424 39.679445 -2.9908467 13.154385
 2.3867005 36.301331 0.0275472 38.881786 -2.5804551 13.150374
 2.3904173 35.957993 0.027810229 38.172157 -2.214164 13.146376
 2.394134 35.6008 0.028089257 37.539163 -1.938363 13.142392
 2.3978507 35.320862 0.02831188 36.971377 -1.650515 13.138422
 2.4015675 35.028477 0.028548201 36.459914 -1.4314376 13.134465
 2.4052842 34.820541 0.02871868 35.997797 -1.177256 13.130522
 2.409001 34.581741 0.028916994 35.579218 -0.99747662 13.126592
 2.4127177 34.357994 0.029105308 35.198284 -0.84029 13.122676
 2.4164344 34.13401 0.029296294 34.850602 -0.71659169 13.118774
 2.4201512 33.99287 0.029417934 34.532781 -0.53991039 13.114885
 2.4238679 33.845634 0.029545908 34.241214 -0.39557978 13.11101
 2.4275847 33.710453 0.029664389 33.972936 -0.26248264 13.107148
 2.4313014 33.507996 0.029843623 33.725581 -0.2175855 13.103301
 2.4350182 33.36771 0.029969093 33.497208 -0.12949754 13.099466
 2.4387349 33.232876 0.030090685 33.285617 -0.052741432 13.095646
 2.4424516 33.149506 0.030166362 33.089182 0.060323633 13.091839
 2.4461684 33.051487 0.030255825 32.906634 0.14485323 13.088046
 2.4498851 32.927029 0.030370186 32.736576 0.19045234 13.084267
 2.4536019 32.791866 0.030495367 32.577794 0.2140723 13.080501
 2.4573186 32.637981 0.03063915 32.429315 0.2086666 13.076749
 2.4610353 32.531414 0.030739518 32.29037 0.24104401 13.073011
 2.4647521 32.427727 0.030837808 32.159985 0.26774204 13.069286
 2.4684688 32.328342 0.03093261 32.03745 0.29089256 13.065576
 2.4721856 32.239437 0.031017911 31.922208 0.31722862 13.061879
 2.4759023 32.154255 0.031100083 31.81364 0.34061541 13.058195
 2.4796191 32.033268 0.031217545 31.711168 0.32209976 13.054526
 2.4833358 31.935236 0.031313374 31.614336 0.32090046 13.05087
 2.4870525 31.851326 0.031395867 31.522801 0.32852463 13.047228
 2.4907693 31.747183 0.031498858 31.436075 0.31110768 13.0436
 2.494486 31.627468 0.031618086 31.353809 0.27365887 13.039986
 2.4982028 31.569803 0.031675839 31.275729 0.29407406 13.036385
 2.5019195 31.575327 0.031670298 31.20153 0.37379698 13.032799
 2.5056362 31.568132 0.031677515 31.13091 0.43722257 13.029226
 2.509353 31.526005 0.031719845 31.063628 0.46237684 13.025667
 2.5130697 31.49173 0.031754369 30.999521 0.4922091 13.022121
 2.5167865 31.409086 0.031837921 29.308429 2.1006568 13.01859
 2.5205032 31.369045 0.03187856 29.30308 2.0659654 13.015072
 2.5242199 31.28783 0.031961309 29.297737 1.9900933 13.011569
 2.5279367 31.273529 0.031975924 29.292401 1.9811282 13.008079
 2.5316534 31.222565 0.032028118 29.287071 1.9354938 13.004603
 2.5353702 31.199533 0.032051761 29.281747 1.917786 13.001141
 2.5390869 31.114157 0.032139711 29.27643 1.8377266 12.997693
 2.5428037 31.047773 0.032208429 29.27112 1.7766535 12.994258
 2.5465204 30.959736 0.032300017 29.265816 1.6939197 12.990838
 2.5502371 30.891302 0.032371572 29.260519 1.6307832 12.987431
 2.5539539 30.903734 0.032358549 29.255228 1.6485063 12.984039
 2.5576706 30.891546 0.032371316 29.249943 1.6416029 12.98066
 2.5613874 30.909231 0.032352794 29.244666 1.6645652 12.977295
 2.5651041 30.89798 0.032364576 29.239395 1.6585847 12.973945
 2.5688208 30.890491 0.032372421 29.234131 1.656361 12.970608
 2.5725376 30.812321 0.03245455 29.228872 1.5834483 12.967285
 2.5762543 30.759676 0.032510095 29.223621 1.5360551 12.963976
 2.5799711 30.727625 0.032544006 29.218377 1.5092484 12.960681
 2.5836878 30.676004 0.03259877 29.213139 1.4628658 12.9574
 2.5874046 30.628252 0.032649594 29.207907 1.4203448 12.954133
 2.5911213 30.661943 0.032613719 29.202682 1.4592613 12.95088
 2.594838 30.679741 0.032594799 29.197464 1.4822769 12.947641
 2.5985548 30.614038 0.032664753 29.192253 1.4217856 12.944416
 2.6022715 30.541815 0.032741997 29.187048 1.3547666 12.941205
 2.6059883 30.538275 0.032745792 29.18185 1.3564247 12.938008
 2.609705 30.577475 0.032703813 29.176658 1.4008162 12.934825
 2.6134217 30.580969 0.032700076 29.171474 1.4094949 12.931656
 2.6171385 30.567045 0.032714971 29.166296 1.400749 12.928501
 2.6208552 30.564028 0.032718201 29.161125 1.4029028 12.92536
 2.624572 30.507319 0.03277902 29.15596 1.3513581 12.922233
 2.6282887 30.400232 0.032894485 29.150803 1.2494297 12.91912
 2.6320054 30.329323 0.032971392 29.145652 1.1836709 12.916021
 2.6357222 30.335802 0.03296435 29.140508 1.1952943 12.912937
 2.6394389 30.337763 0.03296222 29.13537 1.2023925 12.909866
 2.6431557 30.346067 0.032953199 29.130239 1.215828 12.90681
 2.6468724 30.368605 0.032928744 29.125116 1.2434888 12.903767
 2.6505892 30.376381 0.032920314 29.119999 1.2563819 12.900739
 2.6543059 30.328108 0.032972713 29.114889 1.213219 12.897724
 2.6580226 30.284788 0.033019878 29.109785 1.1750029 12.894724
 2.6617394 30.272602 0.03303317 29.104689 1.1679134 12.891738
 2.6654561 30.251949 0.033055721 29.099599 1.15235 12.888766
 2.6691729 30.252934 0.033054646 29.094516 1.158417 12.885808
 2.6728896 30.272324 0.033033474 29.08944 1.1828833 12.882864
 2.6766063 30.266979 0.033039306 29.084371 1.1826082 12.879935
 2.6803231 30.261559 0.033045225 29.079309 1.1822493 12.877019
 2.6840398 30.240746 0.033067968 29.074254 1.1664916 12.874118
 2.6877566 30.196587 0.033116326 29.069205 1.1273812 12.871231
 2.6914733 30.156105 0.033160781 29.064164 1.0919414 12.868358
 2.6951901 30.112215 0.033209115 29.059129 1.0530857 12.865499
 2.6989068 30.122169 0.03319814 29.054102 1.0680677 12.862654
 2.7026235 30.137262 0.033181514 29.049081 1.0881813 12.859823
 2.7063403 30.158682 0.033157948 29.044067 1.1146149 12.857007
 2.710057 30.155729 0.033161194 29.03906 1.1166689 12.854205
 2.7137738 30.125391 0.03319459 29.034061 1.0913303 12.851417
 2.7174905 30.121943 0.03319839 29.029068 1.0928747 12.848643
 2.7212072 30.15708 0.033159709 29.024082 1.132998 12.845883
 2.724924 30.191439 0.033121972 29.019103 1.1723358 12.843138
 2.7286407 30.222109 0.033088359 29.014131 1.2079776 12.840406
 2.7323575 30.256382 0.033050878 29.009166 1.2472156 12.837689
 2.7360742 30.276215 0.033029228 29.004208 1.2720064 12.834987
 2.7397909 30.255527 0.033051812 28.999257 1.2562701 12.832298
 2.7435077 30.223228 0.033087134 28.994314 1.2289146 12.829624
 2.7472244 30.202616 0.033109715 28.989377 1.2132386 12.826963
 2.7509412 30.198225 0.033114529 28.984447 1.2137779 12.824318
 2.7546579 30.200424 0.033112118 28.979525 1.2208996 12.821686
 2.7583747 30.203825 0.033108389 28.974609 1.2292157 12.819068
 2.7620914 30.176535 0.033138331 28.969701 1.2068339 12.816465
 2.7658081 30.154907 0.033162098 28.964799 1.1901081 12.813876
 2.7695249 30.115946 0.033205001 28.959905 1.1560409 12.811302
 2.7732416 30.151581 0.033165757 28.955018 1.1965628 12.808741
 2.7769584 30.163551 0.033152595 28.950138 1.2134134 12.806195
 2.7806751 30.208658 0.033103092 28.945265 1.2633936 12.803663
 2.7843918 30.202177 0.033110196 28.940399 1.261778 12.801146
 2.7881086 30.199184 0.033113477 28.935541 1.2636438 12.798643
 2.7918253 30.134027 0.033185076 28.930689 1.2033385 12.796154
 2.7955421 30.081652 0.033242855 28.925844 1.1558074 12.793679
 2.7992588 30.09774 0.033225086 28.921007 1.1767328 12.791218
 2.8029755 30.163624 0.033152515 28.916178 1.2474463 12.788772
 2.8066923 30.217253 0.033093677 28.911355 1.3058981 12.786341
 2.810409 30.177542 0.033137225 28.906539 1.2710031 12.783923
 2.8141258 30.115549 0.033205438 28.901731 1.2138185 12.78152
 2.8178425 30.103519 0.033218707 28.896929 1.20659 12.779131
 2.8215593 30.142015 0.033176282 28.892135 1.2498802 12.776756
 2.825276 30.232592 0.033076886 28.887348 1.3452433 12.774396
 2.8289927 30.250704 0.033057082 28.882569 1.3681347 12.77205
 2.8327095 30.271936 0.033033896 28.877797 1.3941396 12.769719
 2.8364262 30.26156 0.033045223 28.873032 1.3885289 12.767402
 2.840143 30.268555 0.033037587 28.868274 1.4002809 12.765099
 2.8438597 30.264217 0.033042321 28.863523 1.4006939 12.76281
 2.8475764 30.281095 0.033023904 28.85878 1.4223153 12.760536
 2.8512932 30.312016 0.032990218 28.854044 1.4579717 12.758276
 2.8550099 30.307444 0.032995195 28.849315 1.4581282 12.756031
 2.8587267 30.290001 0.033014195 28.844594 1.4454067 12.7538
 2.8624434 30.254795 0.033052612 28.83988 1.4149151 12.751583
 2.8661602 30.265299 0.033041141 28.835173 1.4301258 12.749381
 2.8698769 30.319902 0.032981636 28.830474 1.4894285 12.747193
 2.8735936 30.366446 0.032931085 28.825782 1.5406637 12.745019
 2.8773104 30.353733 0.032944877 28.821097 1.5326363 12.74286
 2.8810271 30.330542 0.032970067 28.816419 1.5141222 12.740716
 2.8847439 30.308994 0.032993506 28.81175 1.4972447 12.738585
 2.8884606 30.309818 0.03299261 28.807087 1.5027315 12.736469
 2.8921773 30.327324 0.032973565 28.802431 1.5248928 12.734368
 2.8958941 30.389183 0.032906446 28.797784 1.5913995 12.73228
 2.8996108 30.399712 0.032895049 28.793143 1.6065686 12.730208
 2.9033276 30.395012 0.032900135 28.78851 1.6065023 12.728149
 2.9070443 30.383345 0.032912769 28.783884 1.5994608 12.726105
 2.910761 30.402239 0.032892314 28.779266 1.6229731 12.724076
 2.9144778 30.382881 0.032913271 28.774655 1.6082265 12.722061
 2.9181945 30.375763 0.032920984 28.770051 1.6057121 12.72006
 2.9219113 30.390045 0.032905512 28.765455 1.6245901 12.718074
 2.925628 30.40519 0.032889122 28.760866 1.644323 12.716102
 2.9293448 30.433632 0.032858385 28.756285 1.6773469 12.714144
 2.9330615 30.50392 0.032782672 28.751711 1.7522083 12.712201
 2.9367782 30.518829 0.032766657 28.747145 1.7716841 12.710273
 2.940495 30.475437 0.032813311 28.742586 1.7328509 12.708359
 2.9442117 30.425652 0.032867004 28.738035 1.6876169 12.706459
 2.9479285 30.472157 0.032816844 28.733491 1.7386654 12.704574
 2.9516452 30.539968 0.032743976 28.728955 1.8110138 12.702703
 2.9553619 30.573351 0.032708224 28.724426 1.8489254 12.700847
 2.9590787 30.598114 0.032681753 28.719904 1.8782096 12.699005
 2.9627954 30.663404 0.032612165 28.715391 1.9480138 12.697178
 2.9665122 30.694313 0.032579325 28.710884 1.983429 12.695365
 2.9702289 30.747559 0.032522907 28.706385 2.0411733 12.693566
 2.9739457 30.802444 0.032464956 28.701894 2.1005503 12.691782
 2.9776624 30.856138 0.032408463 28.69741 2.1587279 12.690013
 2.9813791 30.837215 0.03242835 28.692934 2.1442815 12.688258
 2.9850959 30.826332 0.032439798 28.688466 2.1378665 12.686517
 2.9888126 30.850082 0.032414824 28.684004 2.1660779 12.684791
 2.9925294 30.894897 0.032367804 28.679551 2.2153468 12.683079
 2.9962461 30.965515 0.032293989 28.675105 2.2904101 12.681382
 2.9999628 31.066591 0.032188919 28.670667 2.3959245 12.6797
 3.0036796 31.174545 0.032077453 28.666236 2.5083096 12.678031
 3.0073963 31.236656 0.03201367 28.661813 2.5748435 12.676378
 3.0111131 31.290855 0.031958219 28.657397 2.6334581 12.674739
 3.0148298 31.308458 0.03194025 28.652989 2.6554692 12.673114
 3.0185465 31.320473 0.031927998 28.648589 2.671884 12.671504
 3.0222633 31.378744 0.031868707 28.644196 2.7345478 12.669908
 3.02598 31.484106 0.031762058 28.639811 2.8442949 12.668327
 3.0296968 31.59173 0.031653854 28.635433 2.9562967 12.66676
 3.0334135 31.689034 0.031556658 28.631064 3.0579695 12.665208
 3.0371303 31.776937 0.031469364 31.48639 0.290547 12.663671
 3.040847 31.914999 0.03133323 31.586129 0.32887024 12.662147
 3.0445637 32.050491 0.03120077 31.691619 0.35887195 12.660639
 3.0482805 32.166824 0.031087931 31.803324 0.36349994 12.659145
 3.0519972 32.233059 0.031024049 31.921789 0.31127005 12.657665
 3.055714 32.302593 0.030957267 32.047435 0.25515777 12.6562
 3.0594307 32.42112 0.030844092 32.180828 0.24029171 12.65475
 3.0631474 32.545956 0.030725784 32.322725 0.22323075 12.653314
 3.0668642 32.676243 0.030603274 32.473752 0.20249108 12.651892
 3.0705809 32.767971 0.030517605 32.634622 0.1333486 12.650485
 3.0742977 32.911263 0.030384735 32.806226 0.10503656 12.649093
 3.0780144 33.076401 0.030233036 32.989663 0.086737742 12.647715
 3.0817311 33.285866 0.030042782 33.185801 0.1000648 12.646352
 3.0854479 33.453297 0.02989242 33.395798 0.057498348 12.645003
 3.0891646 33.594181 0.02976706 33.621181 -0.027000111 12.643668
 3.0928814 33.774681 0.029607978 33.863336 -0.088654868 12.642349
 3.0965981 33.98341 0.029426123 34.123795 -0.14038543 12.641044
 3.1003149 34.185646 0.029252043 34.404464 -0.21881784 12.639753
 3.1040316 34.425579 0.029048168 34.707799 -0.28222039 12.638477
 3.1077483 34.69632 0.028821501 35.035812 -0.33949202 12.637215
 3.1114651 34.972858 0.028593602 35.391181 -0.41832283 12.635968
 3.1151818 35.22654 0.028387688 35.777391 -0.55085153 12.634736
 3.1188986 35.568451 0.028114803 36.197907 -0.62945568 12.633518
 3.1226153 35.899837 0.027855279 36.656517 -0.75667971 12.632314
 3.126332 36.182377 0.027637764 37.157943 -0.9755658 12.631126
 3.1300488 36.501381 0.027396224 37.708513 -1.2071317 12.629951
 3.1337655 36.859005 0.027130412 38.313704 -1.4546988 12.628792
 3.1374823 37.245625 0.026848791 38.980829 -1.7352045 12.627646
 3.141199 37.64399 0.026564666 39.719375 -2.0753857 12.626516
 3.1449158 38.095749 0.026249648 40.53965 -2.4439009 12.6254
 3.1486325 38.606586 0.025902316 41.453065 -2.8464787 12.624298
 3.1523492 39.157722 0.025537747 42.474028 -3.316305 12.623211
 3.156066 39.794544 0.025129073 43.622634 -3.8280902 12.622139
 3.1597827 40.517735 0.024680551 44.917713 -4.3999787 12.621081
 3.1634995 41.327015 0.024197247 46.384709 -5.0576943 12.620038
 3.1672162 42.282612 0.023650384 48.0572 -5.7745878 12.619009
 3.1709329 43.409473 0.023036446 49.975172 -6.5656983 12.617995
 3.1746497 44.822048 0.022310449 52.184935 -7.3628864 12.616996
 3.1783664 46.636547 0.021442411 54.747295 -8.110748 12.616011
 3.1820832 48.889404 0.02045433 57.75041 -8.8610057 12.61504
 3.1857999 51.873833 0.019277542 61.29089 -9.4170574 12.614084
 3.1895166 56.037727 0.017845121 65.510063 -9.472336 12.613143
 3.1932334 61.802425 0.016180595 70.63338 -8.8309544 12.612216
 3.1969501 69.979195 0.014289962 77.061397 -7.082202 12.611304
 3.2006669 82.511131 0.012119577 85.583942 -3.072811 12.610407
 3.2043836 101.9565 0.009808104 97.942251 4.0142538 12.609524
 3.2081004 132.32507 0.0075571468 118.14109 14.183984 12.608655
 3.2118171 182.85443 0.0054688311 153.8892 28.965234 12.607801
 3.2155338 266.02917 0.0037589862 218.83204 47.19713 12.606962
 3.2192506 399.14447 0.0025053585 334.32973 64.814743 12.606137
 3.2229673 616.36835 0.0016224065 527.63378 88.734565 12.605327
 3.2266841 937.86566 0.0010662508 821.58831 116.27735 12.604532
 3.2304008 1360.7385 0.00073489505 1223.8635 136.87504 12.603751
 3.2341175 1874.4618 0.00053348647 1712.0382 162.42361 12.602984
 3.2378343 2366.8982 0.00042249388 2218.0092 148.88902 12.602233
 3.241551 2714.7578 0.00036835698 2635.2662 79.491581 12.601495
 3.2452678 2819.8091 0.00035463394 2838.056 -18.246917 12.600773
 3.2489845 2631.7146 0.00037998041 2746.3036 -114.58901 12.600065
 3.2527013 2221.3921 0.00045016816 2400.3894 -178.9973 12.599371
 3.256418 1692.0693 0.00059099233 1914.9282 -222.85886 12.598692
 3.2601347 1187.6729 0.0008419827 1409.3804 -221.70759 12.598028
 3.2638515 798.37878 0.0012525383 968.2239 -169.84511 12.597378
 3.2675682 520.81451 0.0019200694 630.3721 -109.55759 12.596743
 3.271285 338.36337 0.0029554026 399.58529 -61.221921 12.596122
 3.2750017 226.88989 0.0044074242 257.16517 -30.27528 12.595516
 3.2787184 159.56857 0.0062668982 174.97872 -15.410148 12.594924
 3.2824352 118.25475 0.0084563197 129.60578 -11.351024 12.594348
 3.2861519 92.735672 0.010783337 104.60602 -11.87035 12.593785
 3.2898687 76.654449 0.013045557 89.780664 -13.126214 12.593237
 3.2935854 66.054962 0.015138908 80.001587 -13.946625 12.592704
 3.2973021 58.951523 0.01696309 72.870835 -13.919312 12.592186
 3.3010189 53.965332 0.018530415 67.296856 -13.331523 12.591682
 3.3047356 50.3307 0.019868589 62.742657 -12.411957 12.591192
 3.3084524 47.629398 0.020995436 58.942726 -11.313327 12.590717
 3.3121691 45.601875 0.021928923 55.737659 -10.135784 12.590257
 3.3158859 43.950359 0.022752943 53.004823 -9.0544633 12.589811
 3.3196026 42.650776 0.023446232 50.653956 -8.0031806 12.58938
 3.3233193 41.536072 0.024075459 48.618635 -7.0825631 12.588963
 3.3270361 40.58535 0.024639433 46.848631 -6.2632808 12.588561
 3.3307528 39.779427 0.025138623 45.296367 -5.5169409 12.588174
 3.3344696 39.12196 0.025561092 43.927955 -4.8059951 12.587801
 3.3381863 38.511715 0.025966125 42.717385 -4.2056703 12.587443
 3.341903 37.949459 0.026350837 41.640772 -3.6913125 12.587099
 3.3456198 37.393951 0.026742293 40.678287 -3.2843361 12.58677
 3.3493365 36.922062 0.027084078 39.814606 -2.892544 12.586455
 3.3530533 36.520718 0.027381718 39.038037 -2.517319 12.586155
 3.35677 36.101543 0.027699647 38.335883 -2.23434 12.58587
 3.3604868 35.706356 0.028006218 37.698994 -1.9926382 12.585599
 3.3642035 35.313129 0.028318079 37.120124 -1.8069946 12.585342
 3.3679202 35.000427 0.02857108 36.592316 -1.5918883 12.585101
 3.371637 34.654568 0.028856225 36.109333 -1.4547651 12.584873
 3.3753537 34.287453 0.029165188 35.666261 -1.3788085 12.584661
 3.3790705 33.945282 0.029459175 35.259469 -1.3141872 12.584463
 3.3827872 33.679279 0.029691847 34.884454 -1.2051742 12.584279
 3.3865039 33.451801 0.029893756 34.537992 -1.0861908 12.58411
 3.3902207 33.186867 0.030132402 34.217486 -1.0306192 12.583956
 3.3939374 32.910782 0.030385179 33.920395 -1.0096129 12.583816
 3.3976542 32.696926 0.030583915 33.644263 -0.94733639 12.58369
 3.4013709 32.559467 0.030713033 33.387159 -0.82769183 12.58358
 3.4050876 32.395088 0.030868877 33.147673 -0.75258493 12.583483
 3.4088044 32.203236 0.03105278 32.923931 -0.72069559 12.583402
 3.4125211 32.014889 0.031235467 32.71456 -0.69967111 12.583335
 3.4162379 31.804661 0.031441933 32.51845 -0.71378875 12.583282
 3.4199546 31.626629 0.031618925 32.334523 -0.7078941 12.583244
 3.4236714 31.448164 0.031798359 32.161649 -0.71348479 12.583221
 3.4273881 31.312244 0.031936388 31.998952 -0.68670732 12.583212
 3.4311048 31.157963 0.032094524 31.845796 -0.6878332 12.583217
 3.4348216 31.018848 0.032238463 31.701301 -0.68245224 12.583238
 3.4385383 30.902525 0.032359815 31.564799 -0.66227375 12.583272
 3.4422551 30.778889 0.032489802 31.435752 -0.6568632 12.583321
 3.4459718 30.636805 0.03264048 31.313653 -0.6768481 12.583385
 3.4496885 30.492115 0.032795364 31.197917 -0.70580236 12.583464
 3.4534053 30.132847 0.033186377 31.088104 -0.95525668 12.583556
 3.457122 29.921688 0.033420574 30.983893 -1.0622052 12.583664
 3.4608388 29.800276 0.033556736 28.181093 1.6191832 12.583786
 3.4645555 29.979221 0.033356437 28.177649 1.8015723 12.583922
 3.4682722 30.027502 0.033302803 28.174213 1.8532888 12.584073
 3.471989 29.979918 0.033355662 28.170786 1.8091318 12.584239
 3.4757057 29.868517 0.033480069 28.167367 1.7011502 12.584419
 3.4794225 29.724127 0.033642704 28.163955 1.5601714 12.584613
 3.4831392 29.62142 0.033759354 28.160553 1.4608666 12.584822
 3.486856 29.518681 0.033876853 28.157159 1.3615219 12.585046
 3.4905727 29.490522 0.033909199 28.153773 1.3367496 12.585284
 3.4942894 29.466787 0.033936513 28.150395 1.3163923 12.585537
 3.4980062 29.448009 0.033958153 28.147025 1.3009842 12.585804
 3.5017229 29.398247 0.034015634 28.143664 1.2545824 12.586085
 3.5054397 29.370064 0.034048275 28.140311 1.2297526 12.586381
 3.5091564 29.342937 0.034079751 28.136967 1.2059706 12.586692
 3.5128731 29.278517 0.034154736 28.13363 1.1448863 12.587017
 3.5165899 29.226141 0.034215944 28.130302 1.0958385 12.587357
 3.5203066 29.19109 0.034257029 28.126983 1.0641067 12.587711
 3.5240234 29.153448 0.03430126 28.123671 1.0297769 12.58808
 3.5277401 29.058561 0.034413266 28.120369 0.93819283 12.588463
 3.5314569 28.959742 0.034530695 28.117074 0.84266807 12.588861
 3.5351736 28.919876 0.034578295 28.113787 0.8060888 12.589273
 3.5388903 28.905502 0.034595489 28.110509 0.79499317 12.589699
 3.5426071 28.836927 0.034677758 28.107239 0.72968813 12.59014
 3.5463238 28.785276 0.034739983 28.103978 0.6812983 12.590596
 3.5500406 28.763025 0.034766857 28.100725 0.66230069 12.591066
 3.5537573 28.77673 0.0347503 28.09748 0.67924936 12.591551
 3.557474 28.739872 0.034794866 28.094244 0.64562841 12.59205
 3.5611908 28.677515 0.034870525 28.091016 0.58649933 12.592563
 3.5649075 28.654734 0.034898248 28.087796 0.56693774 12.593091
 3.5686243 28.617825 0.034943257 28.084584 0.53324009 12.593633
 3.572341 28.532982 0.035047161 28.081382 0.45160018 12.59419
 3.5760577 28.468348 0.035126731 28.078187 0.39016092 12.594762
 3.5797745 28.472052 0.035122162 28.075001 0.39705092 12.595348
 3.5834912 28.517235 0.035066514 28.071822 0.44541233 12.595948
 3.587208 28.486288 0.035104609 28.068653 0.41763488 12.596563
 3.5909247 28.420576 0.035185775 28.065492 0.35508425 12.597192
 3.5946415 28.375113 0.035242151 28.062339 0.31277347 12.597835
 3.5983582 28.375395 0.0352418 28.059195 0.31620006 12.598493
 3.6020749 28.396971 0.035215024 28.056058 0.34091237 12.599166
 3.6057917 28.400867 0.035210192 28.052931 0.34793647 12.599853
 3.6095084 28.386854 0.035227574 28.049811 0.33704287 12.600554
 3.6132252 28.395788 0.03521649 28.046701 0.34908738 12.60127
 3.6169419 28.392845 0.035220141 28.043598 0.34924718 12.602
 3.6206586 28.395403 0.035216968 28.040504 0.35489884 12.602745
 3.6243754 28.360735 0.035260017 28.037418 0.32331664 12.603504
 3.6280921 28.343719 0.035281185 28.034341 0.30937858 12.604278
 3.6318089 28.319288 0.035311622 28.031272 0.28801619 12.605066
 3.6355256 28.29635 0.035340246 28.028211 0.26813918 12.605868
 3.6392424 28.241417 0.035408988 28.025159 0.21625745 12.606685
 3.6429591 28.213568 0.03544394 28.022115 0.19145238 12.607516
 3.6466758 28.233862 0.035418463 28.01908 0.2147815 12.608361
 3.6503926 28.255209 0.035391704 28.016053 0.23915572 12.609221
 3.6541093 28.213495 0.035444031 28.013035 0.20046022 12.610096
 3.6578261 28.212746 0.035444973 28.010025 0.20272088 12.610985
 3.6615428 28.215359 0.03544169 28.007023 0.20833546 12.611888
 3.6652595 28.271763 0.035370981 28.00403 0.26773277 12.612805
 3.6689763 28.266882 0.035377089 28.001045 0.26583679 12.613737
 3.672693 28.256931 0.035389547 27.998069 0.25886233 12.614684
 3.6764098 28.246763 0.035402286 27.995101 0.25166244 12.615644
 3.6801265 28.258741 0.03538728 27.992142 0.26659979 12.616619
 3.6838432 28.260351 0.035385264 27.98919 0.27116103 12.617609
 3.68756 28.254047 0.035393159 27.986248 0.26779947 12.618613
 3.6912767 28.250376 0.035397759 27.983313 0.26706234 12.619631
 3.6949935 28.270779 0.035372213 27.980388 0.29039068 12.620663
 3.6987102 28.313704 0.035318587 27.97747 0.33623307 12.62171
 3.702427 28.338423 0.035287779 27.974562 0.36386094 12.622772
 3.7061437 28.393684 0.0352191 27.971661 0.42202305 12.623847
 3.7098604 28.443064 0.035157957 27.968769 0.47429433 12.624937
 3.7135772 28.509346 0.035076217 27.965886 0.54346002 12.626041
 3.7172939 28.538893 0.035039902 27.963011 0.57588188 12.62716
 3.7210107 28.558605 0.035015716 27.960144 0.59846076 12.628293
 3.7247274 28.564096 0.035008984 27.957286 0.6068104 12.62944
 3.7284441 28.561176 0.035012564 27.954437 0.60673956 12.630602
 3.7321609 28.565275 0.03500754 27.951595 0.61368 12.631778
 3.7358776 28.555603 0.035019397 27.948763 0.60684022 12.632968
 3.7395944 28.512691 0.035072101 27.945938 0.56675331 12.634173
 3.7433111 28.508585 0.035077153 27.943123 0.56546213 12.635392
 3.7470279 28.552715 0.035022939 27.940315 0.61240017 12.636625
 3.7507446 28.561012 0.035012765 27.937517 0.62349561 12.637872
 3.7544613 28.587175 0.034980721 27.934726 0.6524493 12.639134
 3.7581781 28.610598 0.034952084 27.931944 0.67865317 12.64041
 3.7618948 28.654232 0.034898859 27.929171 0.72506119 12.641701
 3.7656116 28.666027 0.034884499 27.926406 0.73962097 12.643005
 3.7693283 28.702309 0.034840403 27.92365 0.77865903 12.644324
 3.773045 28.778196 0.034748529 29.136451 -0.35825451 12.645657
 3.7767618 28.81465 0.034704569 29.179303 -0.36465383 12.647005
 3.7804785 28.838085 0.034676366 29.224757 -0.38667232 12.648367
 3.7841953 28.8284 0.034688016 29.273047 -0.44464735 12.649743
 3.787912 28.847141 0.03466548 29.32439 -0.47724826 12.651133
 3.7916287 28.872065 0.034635556 29.379001 -0.50693686 12.652537
 3.7953455 28.890553 0.034613391 29.43715 -0.54659769 12.653956
 3.7990622 28.925705 0.034571327 29.499209 -0.57350418 12.655389
 3.802779 29.014305 0.034465757 29.565433 -0.5511281 12.656837
 3.8064957 29.121603 0.034338769 29.636183 -0.51458041 12.658298
 3.8102125 29.208149 0.034237021 29.711915 -0.50376556 12.659774
 3.8139292 29.282902 0.034149621 29.793087 -0.51018541 12.661264
 3.8176459 29.338509 0.034084896 29.880149 -0.54164076 12.662768
 3.8213627 29.450687 0.033955065 29.97366 -0.52297249 12.664286
 3.8250794 29.546659 0.033844774 30.074399 -0.52774 12.665819
 3.8287962 29.670511 0.033703497 30.182952 -0.51244078 12.667366
 3.8325129 29.784269 0.03357477 30.300109 -0.51583974 12.668927
 3.8362296 29.89452 0.033450947 30.426869 -0.53234888 12.670502
 3.8399464 29.988588 0.033346018 30.564309 -0.57572103 12.672091
 3.8436631 30.110281 0.033211248 30.713493 -0.60321208 12.673695
 3.8473799 30.270468 0.033035499 30.875751 -0.60528294 12.675313
 3.8510966 30.430855 0.032861384 31.05292 -0.62206538 12.676945
 3.8548133 30.591972 0.032688314 31.246555 -0.65458279 12.678591
 3.8585301 30.704487 0.03256853 31.458671 -0.75418461 12.680251
 3.8622468 30.83877 0.032426715 31.691817 -0.85304752 12.681926
 3.8659636 31.000412 0.032257636 31.948953 -0.94854115 12.683614
 3.8696803 31.179487 0.032072368 32.233059 -1.0535717 12.685317
 3.8733971 31.429926 0.031816811 32.547946 -1.1180203 12.687034
 3.8771138 31.672317 0.031573313 32.898833 -1.2265159 12.688765
 3.8808305 31.92827 0.031320206 33.290723 -1.3624528 12.690511
 3.8845473 32.197617 0.0310582 33.729961 -1.5323441 12.69227
 3.888264 32.516407 0.030753705 34.224733 -1.7083262 12.694043
 3.8919808 32.863289 0.030429091 34.785225 -1.9219356 12.695831
 3.8956975 33.300911 0.030029209 35.422264 -2.1213527 12.697633
 3.8994142 33.795414 0.029589814 36.150083 -2.3546686 12.699449
 3.903131 34.381317 0.029085564 36.988482 -2.6071647 12.701279
 3.9068477 35.154552 0.028445818 37.959037 -2.8044849 12.703123
 3.9105645 36.1605 0.027654485 39.089804 -2.929304 12.704981
 3.9142812 37.375668 0.026755375 40.419326 -3.0436585 12.706853
 3.917998 39.031559 0.025620294 42.003374 -2.9718146 12.70874
 3.9217147 41.413807 0.024146536 43.920094 -2.5062872 12.71064
 3.9254314 44.797508 0.02232267 46.314892 -1.5173833 12.712555
 3.9291482 49.907898 0.020036909 49.505972 0.40192601 12.714483
 3.9328649 57.887447 0.017274902 54.174586 3.7128617 12.716426
 3.9365817 70.108635 0.014263578 61.770095 8.3385403 12.718382
 3.9402984 89.992264 0.011112066 75.205898 14.786366 12.720353
 3.9440151 123.50124 0.0080970845 99.910853 23.590391 12.722338
 3.9477319 176.86781 0.00565394 143.83696 33.030852 12.724337
 3.9514486 261.48062 0.0038243752 217.22719 44.253428 12.72635
 3.9551654 390.95483 0.0025578402 330.68133 60.273503 12.728377
 3.9588821 565.47766 0.0017684165 488.71516 76.762501 12.730418
 3.9625988 778.45941 0.0012845885 684.48219 93.97722 12.732473
 3.9663156 1001.502 0.0009985003 896.12412 105.37783 12.734542
 3.9700323 1173.1226 0.00085242585 1084.4175 88.705096 12.736625
 3.9737491 1247.1348 0.00080183796 1201.0256 46.109179 12.738722
 3.9774658 1200.9766 0.00083265572 1207.5004 -6.523884 12.740833
 3.9811826 1050.5759 0.00095185886 1100.0197 -49.443801 12.742958
 3.9848993 837.37854 0.001194203 916.1904 -78.811857 12.745097
 3.988616 611.52747 0.0016352495 705.06024 -93.532775 12.747249
 3.9923328 422.97498 0.0023642061 506.14879 -83.173815 12.749416
 3.9960495 286.7988 0.003486765 344.27575 -57.476948 12.751597
 3.9997663 192.30113 0.0052001774 226.65297 -34.351835 12.753792
 4.003483 131.90625 0.0075811419 149.39062 -17.484367 12.756001
 4.0071997 96.177856 0.010397404 103.11051 -6.932651 12.758224
 4.0109165 73.975304 0.013518025 77.05635 -3.0810464 12.76046
 4.0146332 60.087158 0.016642491 62.72405 -2.6368922 12.762711
 4.01835 51.660179 0.019357269 54.678483 -3.0183041 12.764976
 4.0220667 46.040447 0.021720032 49.828234 -3.7877867 12.767254
 4.0257835 42.215324 0.02368808 46.529144 -4.3138199 12.769547
 4.0295002 39.660797 0.025213815 44.063003 -4.4022059 12.771853
 4.0332169 37.79055 0.026461642 42.103245 -4.3126945 12.774173
 4.0369337 36.443432 0.027439787 40.489066 -4.0456338 12.776507
 4.0406504 35.432983 0.028222292 39.131583 -3.6985996 12.778855
 4.0443672 34.605644 0.02889702 37.976886 -3.371242 12.781217
 4.0480839 33.871857 0.029523035 36.988899 -3.1170428 12.783593
 4.0518006 33.306431 0.030024232 36.134694 -2.8282636 12.785983
 4.0555174 32.860565 0.030431613 35.391374 -2.5308083 12.788386
 4.0592341 32.545097 0.030726594 34.741454 -2.1963568 12.790804
 4.0629509 32.239014 0.031018319 34.170144 -1.9311306 12.793235
 4.0666676 31.949366 0.031299526 33.664617 -1.7152513 12.79568
 4.0703843 31.647186 0.031598386 33.215244 -1.5680576 12.798139
 4.0741011 31.395084 0.03185212 32.814833 -1.4197485 12.800612
 4.0778178 31.144382 0.032108519 32.455872 -1.3114899 12.803098
 4.0815346 30.936218 0.032324572 32.132799 -1.1965808 12.805599
 4.0852513 30.740988 0.032529859 31.84122 -1.100232 12.808113
 4.0889681 30.592325 0.032687937 31.577285 -0.98495993 12.810641
 4.0926848 30.42968 0.032862653 31.337312 -0.90763182 12.813183
 4.0964015 30.22934 0.033080445 31.118494 -0.8891544 12.815738
 4.1001183 30.051014 0.033276747 30.918708 -0.86769423 12.818308
 4.103835 29.926472 0.033415232 30.735571 -0.80909921 12.820891
 4.1075518 29.829407 0.033523965 30.567236 -0.73782949 12.823488
 4.1112685 29.692316 0.033678747 30.412226 -0.71990977 12.826099
 4.1149852 29.583702 0.033802396 30.269241 -0.6855394 12.828723
 4.118702 29.469904 0.033932924 30.136917 -0.66701267 12.831362
 4.1224187 29.317841 0.034108924 30.014214 -0.69637312 12.834014
 4.1261355 29.17218 0.034279234 29.900345 -0.72816479 12.83668
 4.1298522 29.097752 0.034366916 29.794382 -0.69663009 12.839359
 4.133569 29.047493 0.034426379 29.695573 -0.64808017 12.842052
 4.1372857 28.947235 0.034545614 29.603314 -0.65607924 12.844759
 4.1410024 28.850105 0.034661919 29.517087 -0.66698185 12.84748
 4.1447192 28.788567 0.034736012 29.436288 -0.64772127 12.850214
 4.1484359 28.727947 0.034809309 29.360465 -0.63251808 12.852962
 4.1521527 28.651506 0.034902179 29.289277 -0.6377703 12.855724
 4.1558694 28.602697 0.034961738 29.222306 -0.61960849 12.8585
 4.1595861 28.564337 0.03500869 29.1592 -0.5948634 12.861289
 4.1633029 28.527163 0.03505431 29.099675 -0.5725124 12.864092
 4.1670196 28.476334 0.03511688 29.043498 -0.56716461 12.866908
 4.1707364 28.413109 0.035195022 28.990368 -0.57725874 12.869738
 4.1744531 28.348717 0.035274965 28.940062 -0.59134567 12.872582
 4.1781698 28.311644 0.035321157 28.892415 -0.5807714 12.875439
 4.1818866 28.303801 0.035330944 27.670699 0.63310175 12.87831
 4.1856033 28.276712 0.03536479 27.668899 0.6078134 12.881195
 4.1893201 28.207901 0.03545106 27.667107 0.54079378 12.884093
 4.1930368 28.155117 0.035517522 27.665324 0.48979276 12.887005
 4.1967536 28.133488 0.035544829 27.66355 0.46993795 12.889931
 4.2004703 28.123026 0.035558051 27.661784 0.46124225 12.89287
 4.204187 28.108959 0.035575846 27.660026 0.44893276 12.895823
 4.2079038 28.086369 0.035604461 27.658277 0.42809136 12.898789
 4.2116205 28.051157 0.035649153 27.656537 0.39461983 12.901769
 4.2153373 28.003405 0.035709944 27.654805 0.34859943 12.904762
 4.219054 27.993578 0.035722479 27.653082 0.340496 12.907769
 4.2227707 28.018389 0.035690846 27.651367 0.36702149 12.91079
 4.2264875 27.980223 0.03573953 27.649661 0.33056186 12.913824
 4.2302042 27.916742 0.035820798 27.647963 0.26877886 12.916872
 4.233921 27.876696 0.035872257 27.646274 0.23042167 12.919933
 4.2376377 27.863106 0.035889754 27.644594 0.21851213 12.923007
 4.2413544 27.833014 0.035928557 27.642922 0.19009202 12.926096
 4.2450712 27.82427 0.035939846 27.641258 0.18301239 12.929197
 4.2487879 27.837605 0.035922631 27.639603 0.19800152 12.932313
 4.2525047 27.834663 0.035926427 27.637956 0.19670723 12.935441
 4.2562214 27.79109 0.035982756 27.636319 0.15477144 12.938584
 4.2599382 27.749371 0.036036853 27.634689 0.11468168 12.941739
 4.2636549 27.742762 0.036045438 27.633068 0.10969353 12.944908
 4.2673716 27.73455 0.03605611 27.631456 0.10309468 12.948091
 4.2710884 27.736885 0.036053075 27.629852 0.10703349 12.951287
 4.2748051 27.727652 0.036065081 27.628257 0.099395029 12.954496
 4.2785219 27.726818 0.036066165 27.626669 0.1001486 12.957719
 4.2822386 27.710241 0.036087741 27.625091 0.085149942 12.960956
 4.2859553 27.6924 0.036110991 27.623522 0.068878428 12.964205
 4.2896721 27.667538 0.03614344 27.62196 0.045577627 12.967469
 4.2933888 27.660584 0.036152527 27.620408 0.040175871 12.970745
 4.2971056 27.685213 0.036120365 27.618863 0.066350045 12.974035
 4.3008223 27.723307 0.036070733 27.617328 0.10597914 12.977339
 4.3045391 27.708462 0.036090058 27.6158 0.092661479 12.980655
 4.3082558 27.67197 0.036137651 27.614281 0.057688971 12.983985
 4.3119725 27.612259 0.036215798 27.612771 -0.00051250656 12.987329
 4.3156893 27.609495 0.036219424 27.611269 -0.0017742074 12.990686
 4.319406 27.635483 0.036185364 27.609776 0.025706302 12.994056
 4.3231228 27.626446 0.036197201 27.608292 0.01815405 12.997439
 4.3268395 27.614677 0.036212627 27.606815 0.0078621038 13.000836
 4.3305562 27.606771 0.036222997 27.605348 0.0014235518 13.004247
 4.334273 27.611721 0.036216504 27.603888 0.0078326088 13.00767
 4.3379897 27.596008 0.036237125 27.602438 -0.0064296264 13.011107
 4.3417065 27.619865 0.036205825 27.600996 0.018869711 13.014557
 4.3454232 27.678635 0.03612895 27.599562 0.079072827 13.01802
 4.3491399 27.705393 0.036094056 27.598137 0.10725598 13.021497
 4.3528567 27.673096 0.036136181 27.59672 0.076375867 13.024987
 4.3565734 27.661865 0.036150852 27.595312 0.066553449 13.02849
 4.3602902 27.700171 0.036100861 27.593912 0.10625842 13.032007
 4.3640069 27.685022 0.036120614 27.59252 0.09250188 13.035536
 4.3677237 27.67141 0.036138383 27.591138 0.080271573 13.039079
 4.3714404 27.678164 0.036129565 27.589764 0.088399961 13.042635
 4.3751571 27.74378 0.036044115 27.588398 0.15538237 13.046205
 4.3788739 27.780628 0.035996306 27.587041 0.19358767 13.049787
 4.3825906 27.796381 0.035975906 27.585691 0.21068968 13.053383
 4.3863074 27.858694 0.035895437 27.584351 0.27434279 13.056992
 4.3900241 27.930058 0.035803721 27.583019 0.34703829 13.060614
 4.3937408 27.949343 0.035779017 28.212597 -0.26325452 13.06425
 4.3974576 27.93177 0.035801526 28.235582 -0.30381199 13.067898
 4.4011743 27.942686 0.03578754 28.260015 -0.31732869 13.07156
 4.4048911 27.963545 0.035760845 28.286003 -0.32245797 13.075235
 4.4086078 27.984686 0.03573383 28.313659 -0.32897302 13.078923
 4.4123246 28.010126 0.035701374 28.343123 -0.3329972 13.082624
 4.4160413 28.048094 0.035653047 28.374583 -0.32648881 13.086338
 4.419758 28.079481 0.035613194 28.40817 -0.328689 13.090066
 4.4234748 28.102713 0.035583754 28.444072 -0.34135913 13.093806
 4.4271915 28.154394 0.035518434 28.482526 -0.32813224 13.09756
 4.4309083 28.21475 0.035442454 28.523762 -0.30901194 13.101326
 4.434625 28.296501 0.035340058 28.568016 -0.27151506 13.105106
 4.4383417 28.3794 0.035236826 28.615579 -0.23617912 13.108899
 4.4420585 28.494806 0.035094115 28.66685 -0.17204384 13.112705
 4.4457752 28.581676 0.034987451 28.722132 -0.14045511 13.116524
 4.449492 28.63961 0.034916676 28.781835 -0.14222507 13.120356
 4.4532087 28.712326 0.034828248 28.846487 -0.13416092 13.124201
 4.4569254 28.774448 0.034753055 28.916632 -0.14218386 13.128059
 4.4606422 28.837893 0.034676598 28.99283 -0.15493774 13.13193
 4.4643589 28.894529 0.034608627 29.075776 -0.18124685 13.135814
 4.4680757 29.007086 0.034474335 29.166439 -0.15935349 13.139711
 4.4717924 29.111998 0.034350099 29.265609 -0.15361176 13.143621
 4.4755092 29.184391 0.034264892 29.374354 -0.18996249 13.147544
 4.4792259 29.228975 0.034212626 29.494026 -0.26505052 13.15148
 4.4829426 29.249561 0.034188547 29.626145 -0.37658389 13.155429
 4.4866594 29.330572 0.034094118 29.772301 -0.44172839 13.159391
 4.4903761 29.440254 0.033967098 29.9345 -0.49424583 13.163366
 4.4940929 29.585434 0.033800417 30.115532 -0.53009843 13.167354
 4.4978096 29.718931 0.033648586 30.317991 -0.59905978 13.171354
 4.5015263 29.8421 0.033509706 30.545274 -0.70317434 13.175368
 4.5052431 30.051687 0.033276002 30.801791 -0.75010402 13.179395
 4.5089598 30.269886 0.033036134 31.092881 -0.82299531 13.183434
 4.5126766 30.533381 0.032751041 31.424393 -0.89101213 13.187486
 4.5163933 30.822901 0.03244341 31.803976 -0.98107495 13.191552
 4.52011 31.183573 0.032068166 32.242401 -1.0588284 13.19563
 4.5238268 31.680513 0.031565145 32.751235 -1.0707213 13.199721
 4.5275435 32.268887 0.030989603 33.346104 -1.0772172 13.203824
 4.5312603 33.0457 0.030261123 34.049418 -1.0037175 13.207941
 4.534977 34.08532 0.029338144 34.895703 -0.81038301 13.212071
 4.5386938 35.627644 0.028068093 35.941432 -0.3137888 13.216213
 4.5424105 37.854839 0.026416702 37.303029 0.5518103 13.220368
 4.5461272 41.319649 0.024201561 39.249845 2.0698035 13.224536
 4.549844 46.71352 0.021407079 42.349564 4.3639556 13.228716
 4.5535607 55.135052 0.018137282 47.747637 7.3874144 13.23291
 4.5572775 69.128937 0.014465722 57.583551 11.545386 13.237116
 4.5609942 92.085114 0.010859519 75.448683 16.63643 13.241335
 4.5647109 128.16354 0.0078025308 106.02613 22.137418 13.245567
 4.5684277 184.92543 0.0054075851 154.51491 30.410518 13.249811
 4.5721444 263.98724 0.0037880618 225.07697 38.910274 13.254069
 4.5758612 363.86002 0.0027483097 317.03468 46.825341 13.258339
 4.5795779 480.34329 0.0020818444 423.02641 57.316885 13.262621
 4.5832947 583.27698 0.0017144513 527.98533 55.291651 13.266917
 4.5870114 646.38806 0.0015470583 609.48629 36.901771 13.271225
 4.5907281 653.60071 0.0015299861 645.00662 8.5940884 13.275545
 4.5944449 601.8587 0.0016615195 622.67956 -20.820856 13.279879
 4.5981616 507.89386 0.0019689153 549.53091 -41.637046 13.284225
 4.6018784 391.38062 0.0025550576 447.84836 -56.467749 13.288584
 4.6055951 282.97665 0.0035338604 340.4655 -57.488846 13.292955
 4.6093118 199.48198 0.0050129841 244.2754 -44.79342 13.297339
 4.6130286 138.84023 0.0072025236 168.77097 -29.930749 13.301736
 4.6167453 98.308495 0.010172061 115.38369 -17.075194 13.306145
 4.6204621 73.244408 0.013652919 81.050701 -7.8062933 13.310567
 4.6241788 57.86615 0.01728126 60.813272 -2.9471226 13.315001
 4.6278955 48.341938 0.020685972 49.508148 -1.1662096 13.319448
 4.6316123 42.495098 0.023532126 43.30069 -0.8055915 13.323908
 4.635329 38.793377 0.025777596 39.799632 -1.0062553 13.32838
 4.6390458 36.333355 0.027522919 37.66422 -1.3308646 13.332865
 4.6427625 34.730141 0.028793434 36.195546 -1.4654057 13.337362
 4.6464793 33.60717 0.029755555 35.087671 -1.4805006 13.341872
 4.650196 32.752907 0.030531641 34.201548 -1.4486411 13.346394
 4.6539127 32.119499 0.031133736 33.467674 -1.3481743 13.350929
 4.6576295 31.636822 0.031608738 32.847886 -1.2110643 13.355476
 4.6613462 31.251642 0.031998318 32.318758 -1.0671156 13.360036
 4.665063 30.987242 0.032271346 31.864459 -0.87721768 13.364609
 4.6687797 30.784456 0.032483926 31.47043 -0.68597423 13.369193
 4.6724964 30.606325 0.032672985 31.126605 -0.5202797 13.373791
 4.6762132 30.525488 0.032759509 30.825271 -0.29978332 13.3784
 4.6799299 30.445063 0.032846048 30.559717 -0.11465435 13.383022
 4.6836467 30.346203 0.032953052 30.324252 0.021950814 13.387657
 4.6873634 30.174601 0.033140455 30.114545 0.060055204 13.392304
 4.6910802 30.103683 0.033218526 29.927387 0.17629606 13.396963
 4.6947969 30.021452 0.033309515 29.759311 0.26214089 13.401635
 4.6985136 29.875368 0.033472391 29.607822 0.26754593 13.406319
 4.7022304 29.664049 0.03371084 29.470941 0.19310836 13.411016
 4.7059471 29.499958 0.033898353 29.346871 0.15308716 13.415725
 4.7096639 29.360699 0.034059135 29.233945 0.12675369 13.420446
 4.7133806 29.262634 0.034173273 29.130877 0.13175765 13.42518
 4.7170973 29.188322 0.034260277 29.036703 0.15161875 13.429926
 4.7208141 29.105082 0.034358261 28.950301 0.15478081 13.434684
 4.7245308 28.999451 0.034483412 28.870829 0.1286214 13.439455
 4.7282476 28.92222 0.034575492 28.797615 0.12460532 13.444238
 4.7319643 28.857161 0.034653444 28.730039 0.12712157 13.449033
 4.735681 28.783226 0.034742457 28.667475 0.11575068 13.45384
 4.7393978 28.708162 0.034833299 28.609443 0.098719735 13.45866
 4.7431145 28.667982 0.03488212 28.55558 0.11240193 13.463492
 4.7468313 28.623236 0.034936651 28.505443 0.11779263 13.468336
 4.750548 28.571224 0.03500025 28.458686 0.11253775 13.473193
 4.7542648 28.525503 0.035056349 28.415033 0.11046983 13.478061
 4.7579815 28.483227 0.035108382 28.374232 0.10899518 13.482942
 4.7616982 28.470272 0.035124357 28.336003 0.13426926 13.487835
 4.765415 28.463852 0.035132279 28.300136 0.16371562 13.492741
 4.7691317 28.446383 0.035153855 28.266474 0.17990885 13.497658
 4.7728485 28.440437 0.035161203 28.234813 0.20562419 13.502588
 4.7765652 28.44001 0.035161732 28.204992 0.2350182 13.50753
 4.7802819 28.472393 0.035121741 28.176879 0.29551397 13.512484
 4.7839987 28.449263 0.035150296 28.15036 0.29890297 13.51745
 4.7877154 28.400898 0.035210154 28.125294 0.27560429 13.522428
 4.7914322 28.351715 0.035271235 27.488512 0.86320274 13.527419
 4.7951489 28.354698 0.035267524 27.488088 0.86660996 13.532421
 4.7988657 28.372829 0.035244987 27.487672 0.88515753 13.537436
 4.8025824 28.381617 0.035234075 27.487264 0.89435256 13.542462
 4.8062991 28.364653 0.035255147 27.486864 0.87778815 13.547501
 4.8100159 28.357641 0.035263864 27.486473 0.87116852 13.552552
 4.8137326 28.331211 0.035296761 27.486089 0.8451221 13.557615
 4.8174494 28.32617 0.035303043 27.485714 0.84045614 13.56269
 4.8211661 28.319725 0.035311077 27.485347 0.83437846 13.567777
 4.8248828 28.346596 0.035277605 27.484987 0.86160862 13.572876
 4.8285996 28.341478 0.035283975 27.484636 0.8568422 13.577987
 4.8323163 28.35034 0.035272946 27.484293 0.86604647 13.58311
 4.8360331 28.316374 0.035315256 27.483958 0.8324154 13.588244
 4.8397498 28.26885 0.035374626 27.483631 0.78521884 13.593391
 4.8434665 28.248934 0.035399566 27.483313 0.76562074 13.59855
 4.8471833 28.267103 0.035376812 27.483003 0.78410068 13.603721
 4.8509 28.286951 0.03535199 27.4827 0.80425129 13.608904
 4.8546168 28.290134 0.035348012 27.482405 0.80772905 13.614098
 4.8583335 28.29052 0.03534753 27.482119 0.80840042 13.619305
 4.8620503 28.29406 0.035343108 27.481841 0.81221883 13.624524
 4.865767 28.325756 0.035303559 27.48157 0.84418558 13.629754
 4.8694837 28.354931 0.035267235 27.481309 0.87362232 13.634996
 4.8732005 28.410957 0.035197688 27.481055 0.92990276 13.64025
 4.8769172 28.451056 0.035148081 27.480808 0.97024718 13.645516
 4.880634 28.479849 0.035112546 27.48057 0.99927857 13.650794
 4.8843507 28.519056 0.035064274 27.480341 1.0387157 13.656084
 4.8880674 28.541245 0.035037015 27.480119 1.0611258 13.661385
 4.8917842 28.541391 0.035036834 27.479905 1.0614868 13.666699
 4.8955009 28.515781 0.035068301 27.479699 1.0360826 13.672024
 4.8992177 28.537317 0.035041836 27.479501 1.0578161 13.677361
 4.9029344 28.617233 0.034943979 27.479311 1.137922 13.682709
 4.9066511 28.701963 0.034840822 27.479129 1.2228341 13.68807
 4.9103679 28.741299 0.034793139 27.478956 1.2623429 13.693442
 4.9140846 28.776369 0.034750736 27.47879 1.297579 13.698826
 4.9178014 28.823303 0.03469415 27.478632 1.344671 13.704222
 4.9215181 28.862846 0.034646618 27.478482 1.384364 13.709629
 4.9252349 28.858143 0.034652265 27.478341 1.379802 13.715048
 4.9289516 28.867647 0.034640856 27.478207 1.3894401 13.720479
 4.9326683 28.916361 0.034582498 27.478081 1.4382797 13.725922
 4.9363851 29.026787 0.034450937 27.477963 1.5488235 13.731376
 4.9401018 29.102331 0.034361509 28.91863 0.18370127 13.736842
 4.9438186 29.104008 0.034359529 28.975233 0.12877452 13.742319
 4.9475353 29.122757 0.034337408 29.035231 0.087526441 13.747808
 4.951252 29.194098 0.034253499 29.098925 0.095172802 13.753309
 4.9549688 29.338913 0.034084426 29.166648 0.17226508 13.758821
 4.9586855 29.432981 0.033975491 29.238686 0.19429593 13.764345
 4.9624023 29.526939 0.033867377 29.315407 0.21153273 13.769881
 4.966119 29.587664 0.03379787 29.397317 0.19034692 13.775428
 4.9698358 29.667885 0.033706481 29.484813 0.18307155 13.780986
 4.9735525 29.784428 0.033574592 29.578388 0.20603942 13.786557
 4.9772692 29.953962 0.033384565 29.678656 0.27530633 13.792138
 4.980986 30.084043 0.033240213 29.786332 0.29771132 13.797732
 4.9847027 30.187756 0.033126014 29.902041 0.28571458 13.803337
 4.9884195 30.306568 0.032996148 30.026591 0.27997765 13.808953
 4.9921362 30.446987 0.032843972 30.161066 0.28592112 13.814581
 4.9958529 30.603416 0.03267609 30.306422 0.29699415 13.82022
 4.9995697 30.744987 0.032525627 30.463795 0.28119295 13.825871
 5.0032864 30.917917 0.032343705 30.634601 0.28331587 13.831533
 5.0070032 31.085527 0.032169311 30.820583 0.26494421 13.837207
 5.0107199 31.262747 0.031986953 31.02331 0.23943676 13.842892
 5.0144366 31.439011 0.031807617 31.244826 0.19418504 13.848588
 5.0181534 31.589434 0.031656155 31.487845 0.10158827 13.854296
 5.0218701 31.802725 0.031443847 31.755018 0.047706792 13.860015
 5.0255869 32.049526 0.031201709 32.049447 7.9169105e-05 13.865746
 5.0293036 32.29874 0.03096096 32.375046 -0.076306056 13.871488
 5.0330204 32.535225 0.030735918 32.736865 -0.20164019 13.877242
 5.0367371 32.825878 0.03046377 33.139711 -0.31383259 13.883006
 5.0404538 33.174702 0.030143451 33.589921 -0.41521932 13.888783
 5.0441706 33.554577 0.029802194 34.095955 -0.54137849 13.89457
 5.0478873 34.013344 0.029400226 34.666955 -0.65361078 13.900369
 5.0516041 34.517128 0.028971124 35.313775 -0.79664666 13.906179
 5.0553208 35.105072 0.028485912 36.050441 -0.94536922 13.912
 5.0590375 35.885689 0.027866262 36.896094 -1.0104054 13.917833
 5.0627543 36.809563 0.027166854 37.870609 -1.0610461 13.923677
 5.066471 37.912956 0.026376207 39.001241 -1.0882845 13.929532
 5.0701878 39.346397 0.025415287 40.326721 -0.98032357 13.935398
 5.0739045 41.280746 0.024224368 41.899012 -0.61826506 13.941276
 5.0776213 43.854305 0.022802778 43.799319 0.054986034 13.947164
 5.081338 47.590824 0.021012454 46.182895 1.4079295 13.953064
 5.0850547 53.108711 0.018829303 49.401431 3.7072799 13.958975
 5.0887715 61.546165 0.016247966 54.185398 7.3607674 13.964898
 5.0924882 74.952499 0.013341783 62.09228 12.860219 13.970831
 5.096205 96.537628 0.010358655 76.281878 20.25575 13.976776
 5.0999217 131.13255 0.0076258715 102.35687 28.775681 13.982732
 5.1036384 188.39767 0.0053079211 148.71481 39.682863 13.988699
 5.1073552 279.06308 0.0035834192 226.33875 52.724333 13.994677
 5.1110719 413.8334 0.0024164313 347.5797 66.253703 14.000666
 5.1147887 608.37549 0.0016437217 518.45603 89.919462 14.006666
 5.1185054 847.9635 0.001179296 735.2145 112.749 14.012677
 5.1222221 1105.3021 0.00090473001 978.81413 126.48799 14.018699
 5.1259389 1337.139 0.00074786538 1212.0006 125.1384 14.024733
 5.1296556 1470.2977 0.00068013436 1385.716 84.581742 14.030777
 5.1333724 1470.7762 0.00067991308 1452.5664 18.209846 14.036833
 5.1370891 1334.9358 0.0007490997 1388.2927 -53.356893 14.042899
 5.1408059 1109.0967 0.00090163465 1216.2415 -107.1448 14.048977
 5.1445226 851.70258 0.0011741188 983.74914 -132.04657 14.055065
 5.1482393 607.23962 0.0016467964 739.92079 -132.68116 14.061164
 5.1519561 415.60657 0.0024061217 522.38969 -106.78312 14.067275
 5.1556728 280.82449 0.003560943 350.53893 -69.714439 14.073396
 5.1593896 190.32419 0.0052541929 228.36217 -38.037977 14.079528
 5.1631063 132.46938 0.0075489146 149.91732 -17.447943 14.085671
 5.166823 97.178207 0.010290373 103.06297 -5.8847584 14.091825
 5.1705398 75.585991 0.013229965 76.67952 -1.0935291 14.09799
 5.1742565 62.044899 0.01611736 62.30257 -0.25767108 14.104166
 5.1779733 53.514645 0.018686474 54.313025 -0.79838027 14.110353
 5.18169 47.911751 0.020871706 49.487032 -1.5752814 14.11655
 5.1854068 44.136791 0.022656835 46.246953 -2.1101618 14.122759
 5.1891235 41.533279 0.024077078 43.850538 -2.3172587 14.128978
 5.1928402 39.584564 0.025262372 41.943269 -2.358705 14.135208
 5.196557 38.112476 0.026238127 40.36608 -2.2536041 14.141449
 5.2002737 37.028324 0.027006353 39.036476 -2.0081515 14.1477
 5.2039905 36.181442 0.027638478 37.903096 -1.7216539 14.153963
 5.2077072 35.451447 0.028207594 36.926415 -1.4749686 14.160236
 5.2114239 34.818153 0.02872065 36.079053 -1.2609 14.16652
 5.2151407 34.271049 0.029179147 35.34084 -1.0697908 14.172814
 5.2188574 33.815842 0.029571939 34.693016 -0.87717459 14.17912
 5.2225742 33.402092 0.029938245 34.121247 -0.71915533 14.185436
 5.2262909 33.009212 0.030294573 33.614508 -0.60529518 14.191762
 5.2300076 32.671631 0.030607594 33.163906 -0.49227509 14.1981
 5.2337244 32.413681 0.030851171 32.760799 -0.34711792 14.204448
 5.2374411 32.174339 0.031080669 32.398829 -0.22448939 14.210807
 5.2411579 31.948845 0.031300036 32.073099 -0.12425411 14.217176
 5.2448746 31.711748 0.031534055 31.778702 -0.066953528 14.223556
 5.2485914 31.514139 0.031731789 31.511626 0.002513035 14.229947
 5.2523081 31.299364 0.031949531 31.26871 0.030653955 14.236348
 5.2560248 31.097628 0.032156794 31.047405 0.050222964 14.24276
 5.2597416 30.881166 0.032382196 30.844929 0.03623794 14.249182
 5.2634583 30.681839 0.03259257 30.659233 0.022606301 14.255615
 5.2671751 30.508961 0.032777255 30.488712 0.020248614 14.262059
 5.2708918 30.372337 0.032924697 30.331689 0.040648152 14.268513
 5.2746085 30.265112 0.033041345 30.186705 0.078406578 14.274978
 5.2783253 30.134647 0.033184394 30.052599 0.082048049 14.281453
 5.282042 29.987242 0.033347515 29.928464 0.058778168 14.287938
 5.2857588 29.787201 0.033571466 29.813184 -0.025983458 14.294434
 5.2894755 29.618658 0.033762502 29.705952 -0.087293794 14.300941
 5.2931922 29.526657 0.033867701 29.606124 -0.079467316 14.307458
 5.296909 29.503815 0.033893922 29.513018 -0.0092035986 14.313986
 5.3006257 29.452293 0.033953213 29.426 0.026293075 14.320523
 5.3043425 29.335499 0.034088393 29.344565 -0.0090663058 14.327072
 5.3080592 29.239973 0.034199758 29.26834 -0.028366716 14.333631
 5.311776 29.200003 0.034246572 29.196805 0.0031975517 14.3402
 5.3154927 29.149113 0.034306362 29.129591 0.019521449 14.346779
 5.3192094 29.047304 0.034426603 29.066403 -0.019098728 14.353369
 5.3229262 28.977222 0.034509864 29.006925 -0.029702987 14.359969
 5.3266429 28.946678 0.034546278 28.950846 -0.0041682905 14.36658
 5.3303597 28.884029 0.034621208 27.509659 1.3743706 14.373201
 5.3340764 28.788824 0.034735702 27.510364 1.2784603 14.379832
 5.3377931 28.7216 0.034817002 27.511076 1.2105235 14.386473
 5.3415099 28.709089 0.034832174 27.511796 1.1972936 14.393125
 5.3452266 28.709251 0.034831978 27.512522 1.1967289 14.399787
 5.3489434 28.673565 0.034875329 27.513257 1.1603083 14.406459
 5.3526601 28.58338 0.034985366 27.513998 1.0693815 14.413142
 5.3563769 28.532686 0.035047524 27.514747 1.0179389 14.419835
 5.3600936 28.528326 0.03505288 27.515504 1.0128224 14.426538
 5.3638103 28.530268 0.035050495 27.516267 1.0140005 14.433251
 5.3675271 28.501673 0.03508566 27.517038 0.98463472 14.439974
 5.3712438 28.485699 0.035105335 27.517816 0.96788262 14.446708
 5.3749606 28.47864 0.035114037 27.518602 0.96003804 14.453451
 5.3786773 28.466436 0.03512909 27.519395 0.94704187 14.460205
 5.382394 28.441265 0.03516018 27.520195 0.9210704 14.466969
 5.3861108 28.409342 0.035199689 27.521002 0.88833978 14.473743
 5.3898275 28.364656 0.035255142 27.521817 0.84283991 14.480527
 5.3935443 28.342876 0.035282234 27.522638 0.82023816 14.487321
 5.397261 28.374948 0.035242355 27.523467 0.85148112 14.494126
 5.4009777 28.41094 0.035197709 27.524304 0.88663624 14.50094
 5.4046945 28.451149 0.035147965 27.525148 0.92600133 14.507765
 5.4084112 28.454603 0.035143699 27.525999 0.92860461 14.514599
 5.412128 28.458794 0.035138524 27.526857 0.93193704 14.521444
 5.4158447 28.46677 0.035128678 27.527722 0.93904841 14.528298
 5.4195615 28.453949 0.035144507 27.528594 0.92535475 14.535163
 5.4232782 28.440086 0.035161637 27.529474 0.91061229 14.542037
 5.4269949 28.433592 0.035169669 27.530361 0.90323072 14.548921
 5.4307117 28.433849 0.03516935 27.531255 0.90259401 14.555816
 5.4344284 28.437309 0.035165071 28.301524 0.13578515 14.56272
 5.4381452 28.423599 0.035182033 28.333359 0.090240613 14.569634
 5.4418619 28.455978 0.035142 28.367098 0.088880418 14.576559
 5.4455786 28.502295 0.035084895 28.402889 0.099405961 14.583493
 5.4492954 28.53788 0.035041145 28.440913 0.096967377 14.590437
 5.4530121 28.562954 0.035010384 28.481394 0.081560212 14.59739
 5.4567289 28.587881 0.034979857 28.524508 0.063372886 14.604354
 5.4604456 28.610712 0.034951944 28.570491 0.04022074 14.611327
 5.4641624 28.668215 0.034881837 28.619653 0.048561328 14.618311
 5.4678791 28.721695 0.034816887 28.672274 0.049421371 14.625304
 5.4715958 28.758835 0.034771923 28.728661 0.03017367 14.632307
 5.4753126 28.796801 0.03472608 28.7892 0.0076001528 14.639319
 5.4790293 28.865189 0.034643806 28.854385 0.010803988 14.646342
 5.4827461 28.92425 0.034573066 28.924615 -0.00036546877 14.653374
 5.4864628 28.988274 0.034496708 29.000427 -0.012153647 14.660416
 5.4901795 29.069183 0.034400691 29.082517 -0.013333901 14.667468
 5.4938963 29.123981 0.034335965 29.17157 -0.047588881 14.674529
 5.497613 29.186581 0.034262321 29.268336 -0.081755514 14.6816
 5.5013298 29.262295 0.03417367 29.373747 -0.11145252 14.688681
 5.5050465 29.392988 0.03402172 29.489048 -0.096060116 14.695771
 5.5087632 29.518238 0.033877361 29.615307 -0.097069317 14.702871
 5.51248 29.611355 0.033770829 29.75395 -0.14259501 14.709981
 5.5161967 29.69356 0.033677337 29.906824 -0.21326387 14.7171
 5.5199135 29.810762 0.033544932 30.075913 -0.26515079 14.724229
 5.5236302 29.977024 0.033358882 30.26341 -0.28638558 14.731368
 5.527347 30.178434 0.033136245 30.472071 -0.2936366 14.738516
 5.5310637 30.351587 0.032947206 30.705723 -0.35413526 14.745674
 5.5347804 30.555725 0.032727091 30.967905 -0.41217993 14.752841
 5.5384972 30.77899 0.032489695 31.26339 -0.48440037 14.760018
 5.5422139 31.019962 0.032237305 31.598449 -0.57848705 14.767204
 5.5459307 31.343555 0.031904485 31.980459 -0.63690352 14.7744
 5.5496474 31.750441 0.031495626 32.417891 -0.6674505 14.781605
 5.5533641 32.2673 0.030991128 32.92184 -0.65454083 14.78882
 5.5570809 32.912449 0.03038364 33.508501 -0.59605254 14.796044
 5.5607976 33.732391 0.029645097 34.196013 -0.46362207 14.803278
 5.5645144 34.771332 0.028759324 35.012875 -0.24154333 14.810521
 5.5682311 36.290886 0.027555128 36.009777 0.28110877 14.817773
 5.5719478 38.421139 0.026027339 37.287741 1.133398 14.825035
 5.5756646 41.541119 0.024072534 39.058585 2.4825336 14.832307
 5.5793813 46.340141 0.021579563 41.784693 4.5554481 14.839587
 5.5830981 54.041248 0.018504384 46.487722 7.5535263 14.846877
 5.5868148 66.229919 0.015098916 55.036699 11.19322 14.854177
 5.5905316 86.3041 0.011586935 70.603244 15.700856 14.861486
 5.5942483 119.11005 0.0083955969 98.023417 21.086637 14.868804
 5.597965 169.3549 0.0059047596 143.44607 25.908829 14.876131
 5.6016818 245.59978 0.0040716649 212.32903 33.270742 14.883468
 5.6053985 350.07626 0.0028565204 307.4767 42.599562 14.890814
 5.6091153 476.07037 0.0021005298 426.15131 49.919064 14.898169
 5.612832 612.98035 0.0016313737 556.3709 56.609451 14.905534
 5.6165487 727.98712 0.0013736507 678.23253 49.754594 14.912907
 5.6202655 791.11957 0.0012640314 765.98159 25.137982 14.92029
 5.6239822 785.88916 0.0012724441 795.12434 -9.2351831 14.927682
 5.627699 713.53058 0.0014014816 757.33097 -43.800393 14.935084
 5.6314157 596.00427 0.0016778403 664.15712 -68.152852 14.942494
 5.6351325 458.13943 0.0021827416 539.74756 -81.608128 14.949914
 5.6388492 331.98285 0.0030122038 410.08578 -78.102936 14.957343
 5.6425659 233.57826 0.0042812203 294.00484 -60.426582 14.964781
 5.6462827 162.24336 0.0061635803 201.94996 -39.706594 14.972228
 5.6499994 114.12566 0.008762271 136.46731 -22.341642 14.979684
 5.6537162 83.348175 0.011997863 93.762869 -10.414694 14.987149
 5.6574329 64.595299 0.015481003 68.059806 -3.4645077 14.994623
 5.6611496 52.890491 0.01890699 53.642985 -0.75249357 15.002107
 5.6648664 45.542671 0.02195743 45.761952 -0.21928081 15.009599
 5.6685831 40.988758 0.024396933 41.394452 -0.40569354 15.017101
 5.6722999 37.986809 0.026324928 38.820296 -0.83348672 15.024611
 5.6760166 35.959305 0.027809214 37.138859 -1.1795539 15.03213
 5.6797333 34.572659 0.028924591 35.909019 -1.3363609 15.039659
 5.6834501 33.548923 0.029807216 34.940113 -1.3911893 15.047196
 5.6871668 32.751152 0.030533277 34.144428 -1.3932759 15.054743
 5.6908836 32.131493 0.031122115 33.474298 -1.3428057 15.062298
 5.6946003 31.644026 0.031601542 32.901854 -1.2578287 15.069862
 5.6983171 31.247309 0.032002756 32.408791 -1.1614822 15.077435
 5.7020338 30.924179 0.032337156 31.981913 -1.0577339 15.085017
 5.7057505 30.619858 0.032658545 31.609088 -0.9892301 15.092608
 5.7094673 30.39677 0.032898232 31.281723 -0.88495217 15.100208
 5.713184 30.203539 0.033108703 30.993248 -0.78970913 15.107816
 5.7169008 30.014469 0.033317264 30.737655 -0.72318559 15.115434
 5.7206175 29.791613 0.033566494 30.509993 -0.71838007 15.12306
 5.7243342 29.628683 0.033751078 30.306442 -0.67775898 15.130695
 5.728051 29.476015 0.033925888 30.124081 -0.64806627 15.138339
 5.7317677 29.323418 0.034102437 29.959777 -0.63635923 15.145991
 5.7354845 29.197592 0.0342494 29.811268 -0.61367616 15.153653
 5.7392012 29.094805 0.034370397 29.676769 -0.58196439 15.161323
 5.742918 28.981464 0.034504813 29.554568 -0.57310373 15.169002
 5.7466347 28.85586 0.034655006 29.443141 -0.5872816 15.176689
 5.7503514 28.716724 0.034822913 29.34129 -0.6245654 15.184385
 5.7540682 28.595211 0.034970891 29.248122 -0.65291089 15.19209
 5.7577849 28.500357 0.03508728 29.162547 -0.66219046 15.199804
 5.7615017 28.457867 0.035139668 29.083784 -0.62591717 15.207526
 5.7652184 28.402765 0.035207839 29.011202 -0.60843711 15.215257
 5.7689351 28.315229 0.035316684 28.944187 -0.62895774 15.222996
 5.7726519 28.183512 0.035481739 28.882148 -0.69863605 15.230744
 5.7763686 28.113937 0.035569546 28.824619 -0.71068212 15.238501
 5.7800854 28.062502 0.035634741 28.771263 -0.70876088 15.246266
 5.7838021 28.047663 0.035653595 28.721628 -0.67396506 15.25404
 5.7875188 28.002886 0.035710605 28.675387 -0.67250069 15.261822
 5.7912356 27.954742 0.035772106 28.632274 -0.67753129 15.269613
 5.7949523 27.902044 0.035839668 28.592031 -0.68998663 15.277413
 5.7986691 27.849674 0.035907063 28.55439 -0.70471545 15.285221
 5.8023858 27.801577 0.035969183 28.519141 -0.71756469 15.293037
 5.8061026 27.744184 0.03604359 28.486135 -0.74195006 15.300862
 5.8098193 27.73596 0.036054278 28.45516 -0.71920008 15.308695
 5.813536 27.705595 0.036093793 28.42606 -0.72046496 15.316537
 5.8172528 27.660423 0.036152737 27.662105 -0.001681656 15.324387
 5.8209695 27.586924 0.036249058 27.663713 -0.076789092 15.332246
 5.8246863 27.517893 0.036339992 27.665327 -0.147434 15.340113
 5.828403 27.491816 0.036374462 27.666947 -0.17513179 15.347988
 5.8321197 27.511568 0.036348346 27.668574 -0.15700616 15.355872
 5.8358365 27.522846 0.036333452 27.670207 -0.14736121 15.363764
 5.8395532 27.525799 0.036329554 27.671847 -0.14604817 15.371664
 5.84327 27.496521 0.036368237 27.673493 -0.17697186 15.379573
 5.8469867 27.46607 0.036408558 27.675145 -0.20907497 15.38749
 5.8507035 27.426058 0.036461675 27.676804 -0.25074596 15.395415
 5.8544202 27.395039 0.03650296 27.678469 -0.28343013 15.403349
 5.8581369 27.370825 0.036535253 27.68014 -0.30931509 15.41129
 5.8618537 27.354847 0.036556593 27.681817 -0.32697042 15.41924
 5.8655704 27.335112 0.036582986 27.683501 -0.34838951 15.427199
 5.8692872 27.327568 0.036593084 27.685191 -0.35762311 15.435165
 5.8730039 27.308123 0.036619141 27.686887 -0.37876476 15.44314
 5.8767206 27.297346 0.036633598 27.68859 -0.39124377 15.451123
 5.8804374 27.282578 0.036653428 27.690299 -0.40772115 15.459114
 5.8841541 27.263035 0.036679702 27.692014 -0.42897879 15.467113
 5.8878709 27.218014 0.036740374 27.693735 -0.47572103 15.47512
 5.8915876 27.170715 0.036804331 27.695462 -0.52474687 15.483135
 5.8953043 27.114557 0.036880558 27.697196 -0.58263856 15.491159
 5.8990211 27.089659 0.036914455 27.698936 -0.60927685 15.499191
 5.9027378 27.101326 0.036898564 27.700682 -0.59935558 15.50723
 5.9064546 27.097641 0.036903581 27.702434 -0.60479276 15.515278
 5.9101713 27.109972 0.036886796 27.704192 -0.59422017 15.523334
 5.9138881 27.086803 0.036918347 27.705957 -0.61915332 15.531397
 5.9176048 27.079792 0.036927905 27.707727 -0.62793546 15.539469
 5.9213215 27.058428 0.036957062 27.709504 -0.6510765 15.547549
 5.9250383 27.041981 0.03697954 27.711287 -0.66930659 15.555637
 5.928755 27.029819 0.036996178 27.713076 -0.68325701 15.563732
 5.9324718 27.023964 0.037004194 27.714872 -0.69090789 15.571836
 5.9361885 27.046143 0.036973849 27.716673 -0.67053062 15.579947
 5.9399052 27.059738 0.036955273 27.718481 -0.65874252 15.588067
 5.943622 27.025595 0.037001961 27.720294 -0.69469957 15.596194
 5.9473387 26.974873 0.037071537 27.722114 -0.74724139 15.604329
 5.9510555 26.945404 0.03711208 27.72394 -0.77853564 15.612473
 5.9547722 26.981323 0.037062674 27.725771 -0.74444825 15.620624
 5.9584889 26.98625 0.037055908 27.727609 -0.74135945 15.628782
 5.9622057 26.97373 0.037073108 27.729453 -0.75572319 15.636949
 5.9659224 26.971216 0.037076563 27.731303 -0.760087 15.645123
 5.9696392 26.970573 0.037077447 27.733159 -0.76258576 15.653306
 5.9733559 26.975641 0.037070481 27.735021 -0.75937997 15.661495
 5.9770727 26.965105 0.037084966 27.736889 -0.77178413 15.669693
 5.9807894 26.968397 0.037080439 27.738763 -0.77036606 15.677899
 5.9845061 26.971136 0.037076673 27.740643 -0.76950714 15.686112
 5.9882229 26.99914 0.037038217 27.742529 -0.74338943 15.694333
 5.9919396 26.990788 0.037049679 27.744421 -0.75363366 15.702561
 5.9956564 26.953768 0.037100565 27.746319 -0.79255133 15.710798
 5.9993731 26.946321 0.037110817 27.748223 -0.80190155 15.719042
 6.0030898 26.979746 0.037064841 27.750133 -0.770387 15.727293
 6.0068066 27.001936 0.037034382 27.752049 -0.75011268 15.735552
 6.0105233 26.992996 0.037046647 27.75397 -0.76097417 15.743819
 6.0142401 26.955147 0.037098666 27.755898 -0.80075128 15.752094
 6.0179568 26.944439 0.03711341 27.757832 -0.81339269 15.760375
 6.0216736 26.934372 0.037127281 27.759771 -0.8253991 15.768665
 6.0253903 26.913504 0.037156069 27.761716 -0.84821279 15.776962
 6.029107 26.908148 0.037163465 27.763668 -0.85551996 15.785267
 6.0328238 26.929413 0.037134118 27.765625 -0.83621207 15.793579
 6.0365405 26.940678 0.037118591 27.767588 -0.8269102 15.801899
 6.0402573 26.93269 0.0371296 27.769557 -0.83686707 15.810226
 6.043974 26.904575 0.037168399 27.771532 -0.8669562 15.81856
 6.0476907 26.898514 0.037176775 27.773512 -0.87499833 15.826902
 6.0514075 26.907644 0.03716416 27.775498 -0.86785416 15.835252
 6.0551242 26.937096 0.037123527 27.777491 -0.84039506 15.843609
 6.058841 26.970381 0.037077712 27.779489 -0.80910804 15.851973
 6.0625577 26.960976 0.037090646 27.781493 -0.820517 15.860345
 6.0662744 26.935423 0.037125833 27.783502 -0.84807933 15.868724
 6.0699912 26.933107 0.037129024 27.785518 -0.85241032 15.87711
 6.0737079 26.952085 0.03710288 27.787539 -0.83545348 15.885504
 6.0774247 26.970087 0.037078115 27.789566 -0.81947886 15.893905
 6.0811414 26.949129 0.037106951 27.791599 -0.8424695 15.902314
 6.0848582 26.927114 0.037137288 27.793637 -0.86652266 15.91073
 6.0885749 26.958406 0.037094181 27.795681 -0.83727495 15.919153
 6.0922916 26.999334 0.03703795 27.797731 -0.79839696 15.927583
 6.0960084 27.023062 0.037005429 27.799787 -0.77672521 15.93602
 6.0997251 27.03686 0.036986544 27.801848 -0.76498891 15.944465
 6.1034419 27.021698 0.037007297 27.803916 -0.7822175 15.952917
 6.1071586 27.011276 0.037021575 27.805988 -0.79471199 15.961376
 6.1108753 27.008379 0.037025547 27.808067 -0.79968775 15.969843
 6.1145921 27.008419 0.037025492 27.810151 -0.80173188 15.978316
 6.1183088 27.010752 0.037022294 27.812241 -0.80148895 15.986797
 6.1220256 27.002539 0.037033555 27.814336 -0.81179742 15.995285
 6.1257423 27.015903 0.037015234 27.816437 -0.80053382 16.00378
 6.1294591 26.990099 0.037050624 27.818544 -0.82844506 16.012282
 6.1331758 26.976095 0.037069857 27.820656 -0.84456112 16.020791
 6.1368925 26.975475 0.037070709 27.822774 -0.84729906 16.029307
 6.1406093 26.994846 0.037044108 27.824898 -0.83005165 16.03783
 6.144326 27.016386 0.037014573 27.827027 -0.81064107 16.04636
 6.1480428 27.033312 0.036991398 27.829162 -0.79585008 16.054898
 6.1517595 27.031963 0.036993243 27.831302 -0.79933899 16.063442
 6.1554762 27.027073 0.036999937 27.833448 -0.8063753 16.071993
 6.159193 26.991623 0.037048532 27.8356 -0.84397676 16.080552
 6.1629097 26.996216 0.037042229 27.837757 -0.841541 16.089117
 6.1666265 27.029333 0.036996843 27.839919 -0.81058626 16.097689
 6.1703432 27.074474 0.036935158 27.842087 -0.76761309 16.106268
 6.1740599 27.082241 0.036924566 27.844261 -0.76202012 16.114854
 6.1777767 27.067545 0.036944614 27.84644 -0.77889538 16.123447
 6.1814934 27.05308 0.036964368 27.848625 -0.79554531 16.132047
 6.1852102 27.073238 0.036936845 27.850815 -0.77757679 16.140653
 6.1889269 27.092428 0.036910682 27.853011 -0.76058259 16.149267
 6.1926437 27.129614 0.03686009 27.855212 -0.725598 16.157887
 6.1963604 27.131268 0.036857843 27.857419 -0.72615096 16.166514
 6.2000771 27.117441 0.036876636 27.859631 -0.74218938 16.175148
 6.2037939 27.089691 0.036914411 27.861848 -0.77215687 16.183789
 6.2075106 27.096411 0.036905257 27.864071 -0.76766023 16.192436
 6.2112274 27.149921 0.036832519 27.866299 -0.71637793 16.201091
 6.2149441 27.178543 0.036793731 27.868533 -0.68999001 16.209751
 6.2186608 27.18206 0.03678897 27.870772 -0.68871205 16.218419
 6.2223776 27.154245 0.036826654 27.873017 -0.71877152 16.227093
 6.2260943 27.161238 0.036817173 27.875267 -0.71402911 16.235774
 6.2298111 27.190018 0.036778203 27.877522 -0.68750446 16.244462
 6.2335278 27.234234 0.036718492 27.879783 -0.64554902 16.253156
 6.2372446 27.267811 0.036673278 27.882049 -0.61423813 16.261857
 6.2409613 27.276243 0.03666194 27.88432 -0.60807713 16.270565
 6.244678 27.273655 0.03666542 27.886597 -0.61294214 16.279279
 6.2483948 27.282312 0.036653785 27.888879 -0.60656679 16.288
 6.2521115 27.294127 0.036637919 27.891167 -0.59704003 16.296727
 6.2558283 27.273762 0.036665276 27.893459 -0.61969747 16.305461
 6.259545 27.222536 0.03673427 27.895757 -0.67322113 16.314202
 6.2632617 27.233667 0.036719256 27.898061 -0.66439314 16.322949
 6.2669785 27.279387 0.036657716 27.900369 -0.62098251 16.331702
 6.2706952 27.305397 0.036622797 27.902683 -0.59728581 16.340462
 6.274412 27.321053 0.036601811 27.905002 -0.5839494 16.349228
 6.2781287 27.333612 0.036584992 27.907326 -0.5737138 16.358001
 6.2818454 27.351564 0.03656098 27.909656 -0.55809136 16.36678
 6.2855622 27.337919 0.036579229 27.911991 -0.57407138 16.375566
 6.2892789 27.352844 0.036559269 27.914331 -0.56148633 16.384358
 6.2929957 27.370041 0.036536299 27.916676 -0.54663496 16.393157
 6.2967124 27.405109 0.036489546 27.919026 -0.51391691 16.401962
 6.3004292 27.442503 0.036439825 27.921382 -0.47887888 16.410773
 6.3041459 27.48251 0.036386779 27.923743 -0.4412332 16.41959
 6.3078626 27.492214 0.036373935 27.926109 -0.43389457 16.428414
 6.3115794 27.492996 0.0363729 27.92848 -0.43548375 16.437244
 6.3152961 27.50458 0.036357582 28.220169 -0.71558915 16.446081
 6.3190129 27.531548 0.036321968 28.234837 -0.70328932 16.454924
 6.3227296 27.552382 0.036294503 28.250303 -0.69792136 16.463773
 6.3264463 27.560686 0.036283567 28.266636 -0.70594958 16.472628
 6.3301631 27.593124 0.036240912 28.283926 -0.69080183 16.481489
 6.3338798 27.683878 0.036122107 28.302256 -0.61837764 16.490357
 6.3375966 27.746374 0.036040745 28.321713 -0.57533917 16.499231
 6.3413133 27.76701 0.036013961 28.342411 -0.5754008 16.508111
 6.34503 27.743927 0.036043924 28.36449 -0.62056307 16.516997
 6.3487468 27.746655 0.036040381 28.388066 -0.6414118 16.525889
 6.3524635 27.807552 0.035961453 28.413292 -0.60573993 16.534788
 6.3561803 27.884941 0.03586165 28.440367 -0.55542561 16.543692
 6.359897 27.966606 0.035756931 28.469484 -0.50287751 16.552603
 6.3636138 28.008593 0.035703329 28.500854 -0.49226128 16.56152
 6.3673305 28.004284 0.035708822 28.534739 -0.53045495 16.570443
 6.3710472 28.026997 0.035679884 28.571488 -0.54449179 16.579371
 6.374764 28.073162 0.03562121 28.611396 -0.53823429 16.588306
 6.3784807 28.152567 0.03552074 28.654856 -0.50228942 16.597247
 6.3821975 28.174879 0.03549261 28.702377 -0.52749755 16.606194
 6.3859142 28.199909 0.035461107 28.754498 -0.55458876 16.615147
 6.3896309 28.267733 0.035376024 28.811811 -0.54407844 16.624105
 6.3933477 28.370672 0.035247667 28.875056 -0.50438421 16.63307
 6.3970644 28.457069 0.035140653 28.94526 -0.48819021 16.642041
 6.4007812 28.523546 0.035058754 29.023349 -0.49980265 16.651017
 6.4044979 28.612801 0.034949393 29.110574 -0.49777292 16.66
 6.4082147 28.751356 0.034780968 29.208564 -0.45720811 16.668988
 6.4119314 28.88035 0.034625619 29.319213 -0.43886335 16.677982
 6.4156481 29.021084 0.034457707 29.444662 -0.42357851 16.686982
 6.4193649 29.153353 0.034301372 29.587679 -0.43432579 16.695988
 6.4230816 29.333759 0.034090414 29.752237 -0.41847762 16.705
 6.4267984 29.575506 0.033811763 29.942535 -0.36702861 16.714017
 6.4305151 29.895954 0.033449342 30.16473 -0.26877633 16.723041
 6.4342318 30.299322 0.033004039 30.428694 -0.12937179 16.73207
 6.4379486 30.860836 0.032403529 30.751988 0.10884794 16.741104
 6.4416653 31.671371 0.031574256 31.169155 0.50221673 16.750145
 6.4453821 32.914898 0.030381379 31.75603 1.1588683 16.759191
 6.4490988 34.731133 0.028792611 32.688045 2.0430878 16.768243
 6.4528155 37.604286 0.026592713 34.311863 3.2924234 16.7773
 6.4565323 42.242146 0.02367304 37.277588 4.9645571 16.786363
 6.460249 49.638752 0.020145551 42.709459 6.929293 16.795432
 6.4639658 61.492897 0.016262041 52.312278 9.1806194 16.804507
 6.4676825 80.289551 0.012454921 68.119055 12.170495 16.813587
 6.4713993 107.98927 0.009260179 92.159976 15.829297 16.822672
 6.475116 146.98238 0.0068035368 125.79238 21.189992 16.831764
 6.4788327 195.39438 0.0051178545 168.11504 27.279335 16.84086
 6.4825495 247.63109 0.0040382652 215.59341 32.037675 16.849963
 6.4862662 296.02139 0.0033781342 261.79353 34.227864 16.859071
 6.489983 326.94229 0.0030586438 297.87736 29.06493 16.868184
 6.4936997 332.65817 0.0030060888 315.35954 17.298636 16.877303
 6.4974164 312.07849 0.0032043221 309.37422 2.7042721 16.886427
 6.5011332 271.05896 0.0036892343 281.33178 -10.272817 16.895557
 6.5048499 220.67593 0.0045315317 238.91701 -18.241081 16.904692
 6.5085667 168.92148 0.0059199103 191.11629 -22.194811 16.913833
 6.5122834 125.6795 0.0079567473 145.60173 -19.922237 16.922979
 6.5160002 93.545181 0.010690022 107.53751 -13.992327 16.93213
 6.5197169 70.764252 0.014131429 78.841235 -8.0769832 16.941287
 6.5234336 55.62701 0.017976878 59.15124 -3.5242301 16.950449
 6.5271504 46.080303 0.021701246 46.824873 -0.74456999 16.959617
 6.5308671 40.167305 0.02489587 39.610287 0.55701782 16.96879
 6.5345839 36.500336 0.027397008 35.596283 0.90405293 16.977968
 6.5383006 34.169609 0.029265772 33.422129 0.74748033 16.987151
 6.5420173 32.725758 0.03055697 32.222933 0.50282504 16.99634
 6.5457341 31.770462 0.031475778 31.501217 0.26924531 17.005534
 6.5494508 31.125128 0.032128382 31.018024 0.1071035 17.014733
 6.5531676 30.603298 0.032676217 30.660698 -0.057399558 17.023938
 6.5568843 30.217838 0.033093036 30.376068 -0.15822992 17.033148
 6.560601 29.936895 0.033403597 30.139896 -0.20300102 17.042362
 6.5643178 29.743208 0.033621121 29.93992 -0.19671162 17.051582
 6.5680345 29.594185 0.033790422 29.768899 -0.17471369 17.060808
 6.5717513 29.486105 0.033914279 29.62104 -0.13493476 17.070038
 6.575468 29.423553 0.033986378 29.49242 -0.068866484 17.079273
 6.5791848 29.351629 0.034069659 29.380103 -0.028473406 17.088514
 6.5829015 29.255564 0.034181532 29.281456 -0.025892445 17.09776
 6.5866182 29.194151 0.034253437 29.194335 -0.00018382713 17.10701
 6.590335 29.135765 0.034322078 29.117093 0.018672019 17.116266
 6.5940517 29.097513 0.034367198 29.048478 0.049034849 17.125527
 6.5977685 29.049551 0.03442394 28.987169 0.062382293 17.134793
 6.6014852 29.00993 0.034470956 28.932214 0.077715994 17.144064
 6.6052019 28.936556 0.034558363 28.882864 0.053691671 17.153339
 6.6089187 28.715683 0.034824176 28.83841 -0.12272751 17.16262
 6.6126354 28.637964 0.034918683 28.798225 -0.16026122 17.171906
 6.6163522 28.693712 0.034850841 28.761817 -0.068104795 17.181197
 6.6200689 28.885021 0.03462002 28.728819 0.15620211 17.190492
 6.6237856 28.928886 0.034567525 28.698791 0.23009505 17.199793
 6.6275024 28.914946 0.034584191 28.671418 0.24352779 17.209098
 6.6312191 28.878887 0.034627373 28.646445 0.23244259 17.218409
 6.6349359 28.852205 0.034659396 28.623625 0.22858008 17.227724
 6.6386526 28.833057 0.034682413 28.602725 0.23033247 17.237044
 6.6423694 28.839472 0.034674699 28.583559 0.25591259 17.246368
 6.6460861 28.856028 0.034654805 28.565993 0.29003498 17.255698
 6.6498028 28.874348 0.034632817 28.549849 0.32449879 17.265032
 6.6535196 28.885735 0.034619165 28.534999 0.35073525 17.274372
 6.6572363 28.901501 0.034600279 28.52134 0.38016109 17.283715
 6.6609531 28.89703 0.034605633 28.508769 0.38826092 17.293064
 6.6646698 28.871155 0.034636647 28.497183 0.37397157 17.302417
 6.6683865 28.874979 0.03463206 28.486501 0.38847763 17.311776
 6.6721033 28.890102 0.034613931 28.476664 0.41343792 17.321138
 6.67582 28.946077 0.034546995 28.184245 0.76183247 17.330506
 6.6795368 28.946594 0.034546378 28.187076 0.759518 17.339878
 6.6832535 28.93693 0.034557916 28.189912 0.74701812 17.349254
 6.6869703 28.948774 0.034543777 28.192751 0.75602299 17.358636
 6.690687 28.969919 0.034518564 28.195595 0.7743241 17.368022
 6.6944037 28.996773 0.034486596 28.198443 0.79832974 17.377412
 6.6981205 29.020565 0.034458323 28.201295 0.81927009 17.386807
 6.7018372 29.098537 0.034365988 28.204151 0.89438656 17.396207
 6.705554 29.181007 0.034268865 28.207011 0.97399653 17.405611
 6.7092707 29.227179 0.034214729 28.209875 1.0173037 17.41502
 6.7129874 29.242115 0.034197253 28.212743 1.029372 17.424433
 6.7167042 29.24745 0.034191015 29.072869 0.17458119 17.43385
 6.7204209 29.287643 0.034144092 29.113614 0.17402968 17.443273
 6.7241377 29.32752 0.034097666 29.156948 0.17057256 17.452699
 6.7278544 29.388706 0.034026677 29.20308 0.18562635 17.46213
 6.7315711 29.479805 0.033921527 29.252256 0.22754884 17.471566
 6.7352879 29.567806 0.033820568 29.304783 0.26302292 17.481005
 6.7390046 29.627089 0.033752895 29.361034 0.26605448 17.49045
 6.7427214 29.671309 0.033702592 29.421322 0.24998607 17.499898
 6.7464381 29.769953 0.033590917 29.486061 0.28389188 17.509351
 6.7501549 29.871105 0.033477168 29.555795 0.31531021 17.518808
 6.7538716 29.965876 0.033371292 29.631028 0.33484776 17.52827
 6.7575883 30.083324 0.033241007 29.712335 0.37098916 17.537736
 6.7613051 30.207428 0.03310444 29.800435 0.40699288 17.547206
 6.7650218 30.343485 0.032956004 29.896241 0.44724386 17.55668
 6.7687386 30.461283 0.032828558 30.000555 0.46072762 17.566159
 6.7724553 30.584267 0.03269655 30.114434 0.46983312 17.575642
 6.776172 30.707167 0.032565688 30.239263 0.46790328 17.585129
 6.7798888 30.880026 0.032383393 30.376452 0.50357365 17.59462
 6.7836055 31.062355 0.032193309 30.527602 0.53475344 17.604115
 6.7873223 31.228466 0.032022066 30.694728 0.53373826 17.613615
 6.791039 31.380165 0.031867264 30.880514 0.49965113 17.623119
 6.7947558 31.581234 0.031664374 31.087467 0.49376679 17.632626
 6.7984725 31.848822 0.031398336 31.318923 0.52989901 17.642138
 6.8021892 32.1646 0.03109008 31.579293 0.58530745 17.651654
 6.805906 32.481476 0.030786778 31.873506 0.60796934 17.661175
 6.8096227 32.834602 0.030455676 32.207313 0.62728962 17.670699
 6.8133395 33.243359 0.030081196 32.588138 0.65522106 17.680227
 6.8170562 33.751301 0.029628488 33.026491 0.72480954 17.689759
 6.8207729 34.388912 0.02907914 33.53357 0.85534256 17.699295
 6.8244897 35.262665 0.028358606 34.126063 1.1366017 17.708836
 6.8282064 36.416321 0.027460215 34.831476 1.5848446 17.71838
 6.8319232 37.971912 0.026335255 35.699011 2.2729014 17.727928
 6.8356399 40.18708 0.024883619 36.828123 3.3589579 17.73748
 6.8393566 43.452461 0.023013656 38.437316 5.0151453 17.747036
 6.8430734 48.4016 0.020660474 41.033997 7.3676029 17.756596
 6.8467901 56.272865 0.017770554 45.603634 10.669231 17.76616
 6.8505069 68.932861 0.014506869 53.991293 14.941568 17.775728
 6.8542236 89.134277 0.011219029 69.389766 19.744511 17.785299
 6.8579404 121.96722 0.008198924 96.562022 25.405202 17.794875
 6.8616571 173.17648 0.0057744561 141.23777 31.938715 17.804454
 6.8653738 248.58014 0.0040228475 209.17326 39.406882 17.814037
 6.8690906 355.58301 0.0028122829 304.39832 51.184692 17.823624
 6.8728073 491.47385 0.0020346963 424.58935 66.884499 17.833214
 6.8765241 639.78748 0.001563019 560.32432 79.463158 17.842809
 6.8802408 778.68896 0.0012842098 694.00485 84.684119 17.852407
 6.8839575 874.32605 0.0011437381 801.28407 73.041982 17.862008
 6.8876743 901.34094 0.0011094581 858.16284 43.178107 17.871614
 6.891391 852.76819 0.0011726516 849.53624 3.2319451 17.881223
 6.8951078 741.50513 0.0013486083 776.75368 -35.248555 17.890836
 6.8988245 599.79413 0.0016672387 659.78947 -59.995346 17.900452
 6.9025413 453.56619 0.0022047499 523.51167 -69.945473 17.910072
 6.906258 327.60876 0.0030524214 390.41822 -62.809451 17.919696
 6.9099747 231.09612 0.0043272039 276.49057 -45.394454 17.929323
 6.9136915 162.58841 0.0061504999 188.70423 -26.115819 17.938954
 6.9174082 116.10065 0.0086132159 127.17442 -11.073768 17.948589
 6.921125 85.521645 0.011692946 87.891705 -2.3700606 17.958227
 6.9248417 66.803467 0.014969283 64.472797 2.3306699 17.967868
 6.9285584 55.16713 0.018126736 51.29431 3.87282 17.977513
 6.9322752 47.833572 0.020905819 44.159467 3.6741052 17.987162
 6.9359919 43.233921 0.023129986 40.283726 2.9501955 17.996814
 6.9397087 40.225979 0.024859557 38.028758 2.1972213 18.006469
 6.9434254 38.141514 0.026218152 36.579186 1.5623282 18.016128
 6.9471421 36.702953 0.027245764 35.542683 1.1602705 18.025791
 6.9508589 35.630543 0.028065809 34.732407 0.8981355 18.035457
 6.9545756 34.817341 0.02872132 34.066104 0.75123719 18.045126
 6.9582924 34.20388 0.029236449 33.503931 0.69994883 18.054798
 6.9620091 33.720413 0.029655627 33.023332 0.69708145 18.064474
 6.9657259 33.306587 0.030024091 32.607649 0.69893797 18.074153
 6.9694426 32.993298 0.030309186 32.245726 0.74757195 18.083836
 6.9731593 32.714977 0.030567039 31.929357 0.78562005 18.093522
 6.9768761 32.499897 0.030769328 31.651022 0.84887543 18.103211
 6.9805928 32.280029 0.030978906 31.404796 0.87523377 18.112903
 6.9843096 32.039318 0.031211651 31.186123 0.85319546 18.122599
 6.9880263 31.787765 0.031458644 30.991406 0.79635975 18.132298
 6.991743 31.611769 0.031633788 30.817007 0.79476128 18.142
 6.9954598 31.473307 0.031772956 30.660274 0.81303287 18.151706
 6.9991765 31.341518 0.031906559 30.519139 0.8223789 18.161414
 7.0028933 31.219467 0.032031296 30.391573 0.82789385 18.171126
 7.00661 31.114262 0.032139602 30.275856 0.83840563 18.180841
 7.0103267 31.00441 0.032253476 30.170634 0.83377618 18.190559
 7.0140435 30.895613 0.032367055 30.07485 0.82076277 18.20028
 7.0177602 30.777651 0.032491109 29.987299 0.79035189 18.210004
 7.021477 30.67218 0.032602834 29.907102 0.76507811 18.219732
 7.0251937 30.578915 0.032702273 29.833563 0.74535145 18.229462
 7.0289105 30.500134 0.032786742 29.765975 0.73415898 18.239195
 7.0326272 30.460625 0.032829268 29.703696 0.75692876 18.248932
 7.0363439 30.397364 0.03289759 29.646218 0.75114523 18.258671
 7.0400607 30.341705 0.032957937 29.593162 0.74854338 18.268414
 7.0437774 30.279495 0.03302565 29.544033 0.73546216 18.27816
 7.0474942 30.218767 0.033092018 29.498478 0.72028881 18.287908
 7.0512109 30.129641 0.033189908 29.456214 0.67342662 18.297659
 7.0549276 30.083817 0.033240463 29.416949 0.66686765 18.307414
 7.0586444 30.039511 0.03328949 29.3804 0.65911046 18.317171
 7.0623611 30.029938 0.033300102 29.346344 0.68359396 18.326931
 7.0660779 29.998564 0.033334929 28.502001 1.4965632 18.336694
 7.0697946 29.984348 0.033350733 28.505205 1.4791436 18.34646
 7.0735114 29.954773 0.033383661 28.508412 1.4463611 18.356229
 7.0772281 29.966902 0.03337015 28.511622 1.4552795 18.366001
 7.0809448 29.987913 0.033346769 28.514835 1.4730778 18.375775
 7.0846616 29.972775 0.033363611 28.518051 1.4547232 18.385552
 7.0883783 29.940895 0.033399135 28.52127 1.419625 18.395332
 7.0920951 29.906387 0.033437673 29.110454 0.79593291 18.405115
 7.0958118 29.912775 0.033430533 29.139922 0.77285275 18.4149
 7.0995285 29.931931 0.033409138 29.171179 0.76075131 18.424689
 7.1032453 29.970547 0.033366091 29.204406 0.76614024 18.43448
 7.106962 30.015348 0.033316288 29.239804 0.77554491 18.444273
 7.1106788 30.03474 0.033294777 29.277552 0.75718814 18.45407
 7.1143955 30.066294 0.033259836 29.317885 0.74840917 18.463869
 7.1181122 30.099693 0.03322293 29.361117 0.73857646 18.47367
 7.121829 30.183907 0.033130238 29.40751 0.77639613 18.483474
 7.1255457 30.236584 0.033072519 29.457393 0.77919093 18.493281
 7.1292625 30.29034 0.033013825 29.511174 0.77916612 18.503091
 7.1329792 30.364859 0.032932806 29.569334 0.795525 18.512903
 7.136696 30.437933 0.032853742 29.632318 0.80561476 18.522717
 7.1404127 30.52146 0.032763833 29.700702 0.82075759 18.532535
 7.1441294 30.562471 0.032719867 29.775259 0.78721211 18.542354
 7.1478462 30.633627 0.032643866 29.856704 0.77692284 18.552176
 7.1515629 30.703096 0.032570005 29.945907 0.75718918 18.562001
 7.1552797 30.804325 0.032462974 30.043969 0.7603563 18.571828
 7.1589964 30.912685 0.032349179 30.152249 0.76043617 18.581658
 7.1627131 31.03887 0.032217668 30.272074 0.76679615 18.59149
 7.1664299 31.163925 0.032088384 30.405167 0.75875788 18.601324
 7.1701466 31.297604 0.031951328 30.553857 0.74374651 18.611161
 7.1738634 31.467636 0.031778682 30.720541 0.7470948 18.621
 7.1775801 31.670197 0.031575428 30.908142 0.76205495 18.630842
 7.1812969 31.912664 0.031335522 31.120436 0.79222867 18.640686
 7.1850136 32.198208 0.031057629 31.362395 0.83581303 18.650532
 7.1887303 32.54652 0.030725251 31.639279 0.90724132 18.660381
 7.1924471 32.950245 0.030348788 31.958336 0.99190879 18.670232
 7.1961638 33.474873 0.029873153 32.330351 1.1445214 18.680085
 7.1998806 34.184143 0.029253329 32.770644 1.413499 18.68994
 7.2035973 35.169933 0.028433378 33.306372 1.8635609 18.699798
 7.207314 36.556763 0.02735472 33.994173 2.5625898 18.709658
 7.2110308 38.56279 0.025931734 34.965169 3.5976212 18.71952
 7.2147475 41.595203 0.024041234 36.492899 5.102304 18.729385
 7.2184643 46.344635 0.021577471 39.143685 7.2009497 18.739251
 7.222181 53.927273 0.018543493 44.040781 9.8864919 18.74912
 7.2258977 66.168747 0.015112875 53.108711 13.060036 18.758991
 7.2296145 85.942207 0.011635726 69.221078 16.721129 18.768864
 7.2333312 116.93684 0.0085516252 96.205869 20.730967 18.778739
 7.237048 163.50067 0.0061161828 138.52326 24.977413 18.788616
 7.2407647 230.53438 0.0043377478 199.00249 31.531889 18.798496
 7.2444815 318.81015 0.003136663 277.76556 41.044595 18.808377
 7.2481982 420.70645 0.0023769543 370.33912 50.367336 18.81826
 7.2519149 523.55908 0.0019100041 466.16846 57.390626 18.828146
 7.2556317 604.41455 0.0016544936 550.09125 54.323298 18.838033
 7.2593484 643.33191 0.0015544076 605.20445 38.127458 18.847923
 7.2630652 629.99188 0.001587322 617.01412 12.977764 18.857814
 7.2667819 569.64838 0.0017554689 583.10456 -13.456185 18.867708
 7.2704986 478.64728 0.0020892211 512.33016 -33.682878 18.877603
 7.2742154 375.17075 0.002665453 420.49918 -45.328438 18.8875
 7.2779321 279.38635 0.0035792729 324.62167 -45.235321 18.8974
 7.2816489 202.36633 0.0049415334 237.74351 -35.377182 18.907301
 7.2853656 145.24785 0.0068847836 167.37574 -22.127889 18.917204
 7.2890824 105.47565 0.0094808615 116.09526 -10.619616 18.927109
 7.2927991 78.633545 0.012717219 81.696813 -3.0632678 18.937015
 7.2965158 61.73756 0.016197595 60.382647 1.3549128 18.946924
 7.3002326 51.256119 0.019509866 48.11129 3.1448284 18.956834
 7.3039493 44.65176 0.022395534 41.391823 3.2599372 18.966746
 7.3076661 40.593987 0.024634191 37.756449 2.8375374 18.97666
 7.3113828 37.974438 0.026333504 35.742856 2.2315815 18.986576
 7.3150995 36.170811 0.027646602 34.545586 1.6252243 18.996493
 7.3188163 34.939743 0.028620703 33.741076 1.1986669 19.006412
 7.322533 34.074154 0.029347757 33.141976 0.93217822 19.016333
 7.3262498 33.438881 0.029905307 32.66363 0.77525076 19.026256
 7.3299665 32.944233 0.030354326 32.265961 0.67827223 19.03618
 7.3336832 32.526733 0.030743942 31.927524 0.59920937 19.046106
 7.3374 32.19244 0.031063194 31.636143 0.5562974 19.056033
 7.3411167 31.945147 0.03130366 31.383873 0.56127313 19.065963
 7.3448335 31.798338 0.031448185 31.163624 0.63471359 19.075893
 7.3485502 31.623825 0.031621728 30.97024 0.65358495 19.085826
 7.352267 31.410465 0.031836523 30.79977 0.61069554 19.09576
 7.3559837 31.185581 0.032066101 30.64894 0.53664128 19.105695
 7.3597004 31.011803 0.032245788 30.514706 0.49709677 19.115632
 7.3634172 30.922422 0.032338993 30.394802 0.52762076 19.125571
 7.3671339 30.842333 0.032422969 30.287502 0.55483046 19.135511
 7.3708507 30.760036 0.032509714 30.191033 0.56900319 19.145452
 7.3745674 30.65275 0.0326235 30.104002 0.54874808 19.155395
 7.3782841 30.540442 0.032743469 30.025308 0.51513389 19.16534
 7.3820009 30.425892 0.032866744 29.954027 0.47186485 19.175286
 7.3857176 30.335291 0.032964906 29.889204 0.44608661 19.185233
 7.3894344 30.261486 0.033045304 29.830124 0.43136179 19.195182
 7.3931511 30.174358 0.033140721 29.776234 0.39812396 19.205132
 7.3968678 30.107626 0.033214176 29.726936 0.38068978 19.215083
 7.4005846 30.054266 0.033273147 29.681734 0.37253215 19.225036
 7.4043013 30.018137 0.033313193 29.640231 0.37790567 19.23499
 7.4080181 29.98303 0.033352199 29.602102 0.38092802 19.244946
 7.4117348 29.947559 0.033391703 29.566971 0.38058831 19.254903
 7.4154516 29.907249 0.033436709 29.534559 0.3726905 19.264861
 7.4191683 29.829161 0.033524242 29.504649 0.32451165 19.27482
 7.422885 29.766382 0.033594946 29.477 0.28938264 19.284781
 7.4266018 29.73975 0.033625031 29.451399 0.2883513 19.294742
 7.4303185 29.712984 0.03365532 29.427676 0.28530772 19.304705
 7.4340353 29.681005 0.033691581 28.83178 0.8492253 19.31467
 7.437752 29.632021 0.033747276 28.835222 0.79679915 19.324635
 7.4414687 29.628576 0.0337512 28.838665 0.78991105 19.334602
 7.4451855 29.629955 0.033749629 28.84211 0.78784507 19.34457
 7.4489022 29.61245 0.03376958 28.845557 0.76689239 19.354539
 7.452619 29.599783 0.033784032 29.214393 0.38539022 19.364509
 7.4563357 29.572542 0.033815152 29.234755 0.33778679 19.37448
 7.4600525 29.584381 0.03380162 29.256335 0.32804642 19.384452
 7.4637692 29.600105 0.033783664 29.279224 0.32088171 19.394425
 7.4674859 29.623844 0.033756591 29.303549 0.32029479 19.4044
 7.4712027 29.632006 0.033747294 29.329475 0.30253102 19.414375
 7.4749194 29.624119 0.033756278 29.357164 0.2669543 19.424351
 7.4786362 29.614445 0.033767305 29.386787 0.2276574 19.434329
 7.4823529 29.627113 0.033752866 29.418552 0.20856153 19.444307
 7.4860696 29.681162 0.033691403 29.452749 0.22841261 19.454286
 7.4897864 29.761709 0.033600221 29.489609 0.27210066 19.464267
 7.4935031 29.826862 0.033526825 29.529442 0.29742084 19.474248
 7.4972199 29.843357 0.033508295 29.572644 0.27071307 19.48423
 7.5009366 29.843845 0.033507746 29.619648 0.22419705 19.494213
 7.5046533 29.866032 0.033482855 29.670902 0.19512935 19.504197
 7.5083701 29.919214 0.033423338 29.726969 0.19224565 19.514182
 7.5120868 29.983341 0.033351853 29.788628 0.19471275 19.524168
 7.5158036 30.054905 0.033272439 29.856576 0.19832907 19.534154
 7.5195203 30.144402 0.033173656 29.931727 0.2126746 19.544141
 7.5232371 30.224693 0.03308553 30.015259 0.20943385 19.554129
 7.5269538 30.319067 0.032982545 30.10856 0.21050677 19.564118
 7.5306705 30.418461 0.032874773 30.21312 0.20534118 19.574108
 7.5343873 30.544306 0.032739326 30.330862 0.21344397 19.584098
 7.538104 30.715845 0.032556487 30.464473 0.25137192 19.594089
 7.5418208 30.931011 0.032330013 30.616707 0.31430399 19.604081
 7.5455375 31.180338 0.032071493 30.791262 0.389076 19.614074
 7.5492542 31.460136 0.031786258 30.993366 0.46677056 19.624067
 7.552971 31.857855 0.031389433 31.230862 0.62699304 19.634061
 7.5566877 32.401814 0.03086247 31.516302 0.88551163 19.644056
 7.5604045 33.146027 0.030169529 31.875244 1.2707822 19.654051
 7.5641212 34.224033 0.029219233 32.366815 1.8572187 19.664046
 7.567838 35.84642 0.027896788 33.117018 2.7294021 19.674043
 7.5715547 38.349129 0.026076212 34.390345 3.9587834 19.68404
 7.5752714 42.252907 0.023667011 36.714193 5.5387135 19.694037
 7.5789882 48.51582 0.020611834 41.064724 7.4510957 19.704035
 7.5827049 58.723099 0.017029074 48.937826 9.7852725 19.714034
 7.5864217 74.900963 0.013350963 62.439742 12.461221 19.724033
 7.5901384 99.612953 0.010038855 84.23298 15.379974 19.734033
 7.5938551 135.88939 0.0073589263 116.54127 19.348122 19.744033
 7.5975719 185.07784 0.0054031321 160.30774 24.770099 19.754034
 7.6012886 246.89842 0.0040502486 214.17168 32.72674 19.764035
 7.6050054 313.6702 0.0031880619 273.41074 40.259457 19.774036
 7.6087221 371.88712 0.002688988 329.92017 41.966943 19.784038
 7.6124388 410.44476 0.0024363814 373.75458 36.69018 19.79404
 7.6161556 419.85043 0.0023818006 394.91817 24.932262 19.804043
 7.6198723 397.74789 0.0025141554 388.13364 9.6142553 19.814046
 7.6235891 348.76407 0.0028672678 355.35789 -6.5938228 19.824049
 7.6273058 285.78711 0.0034991081 304.32969 -18.542578 19.834053
 7.6310226 223.01871 0.0044839288 245.32837 -22.30966 19.844057
 7.6347393 167.40099 0.0059736805 187.835 -20.434019 19.854061
 7.638456 123.71074 0.0080833726 138.27466 -14.563919 19.864066
 7.6421728 91.993492 0.010870334 99.929855 -7.9363632 19.874071
 7.6458895 70.187065 0.014247639 72.881689 -2.6946241 19.884076
 7.6496063 55.929287 0.01787972 55.29303 0.6362566 19.894081
 7.653323 46.684952 0.021420178 44.703442 1.9815101 19.904087
 7.6570397 41.058414 0.024355544 38.763646 2.2947688 19.914093
 7.6607565 37.576706 0.026612232 35.529635 2.0470707 19.924099
 7.6644732 35.320881 0.028311865 33.786457 1.5344235 19.934105
 7.66819 33.886913 0.029509917 32.814529 1.0723843 19.944111
 7.6719067 32.924271 0.030372731 32.217583 0.70668715 19.954118
 7.6756234 32.257233 0.031000799 31.805341 0.45189191 19.964124
 7.6793402 31.73241 0.031513522 31.491917 0.24049321 19.974131
 7.6830569 31.340897 0.031907192 31.238776 0.10212077 19.984138
 7.6867737 31.05092 0.032205164 31.026252 0.024668409 19.994144
 7.6904904 30.808735 0.032458327 30.844688 -0.035953423 20.004151
 7.6942072 30.580893 0.032700157 30.688212 -0.10731915 20.014158
 7.6979239 30.396029 0.032899035 30.55234 -0.15631141 20.024165
 7.7016406 30.267467 0.033038773 30.433532 -0.16606411 20.034172
 7.7053574 30.153086 0.033164102 30.329146 -0.17606037 20.044179
 7.7090741 30.052595 0.033274997 30.237245 -0.18464998 20.054186
 7.7127909 29.95644 0.033381804 30.155786 -0.19934614 20.064193
 7.7165076 29.865665 0.033483265 30.08332 -0.21765476 20.074199
 7.7202243 29.764662 0.033596888 30.018703 -0.25404155 20.084206
 7.7239411 29.678074 0.033694909 29.960902 -0.28282856 20.094213
 7.7276578 29.597906 0.033786174 29.908984 -0.31107828 20.104219
 7.7313746 29.525362 0.033869187 29.86223 -0.33686782 20.114225
 7.7350913 29.445341 0.03396123 29.8201 -0.37475938 20.124232
 7.7388081 29.373732 0.034044023 29.78198 -0.40824825 20.134238
 7.7425248 29.337591 0.034085961 29.747413 -0.40982178 20.144243
 7.7462415 29.295187 0.0341353 29.716034 -0.42084726 20.154249
 7.7499583 29.240166 0.034199533 29.687509 -0.4473432 20.164255
 7.753675 29.174898 0.034276041 29.661506 -0.48660829 20.17426
 7.7573918 29.104872 0.034358509 29.637772 -0.53289985 20.184265
 7.7611085 29.080021 0.034387871 29.616114 -0.53609318 20.194269
 7.7648252 29.070442 0.034399202 29.596301 -0.52585854 20.204274
 7.768542 29.029358 0.034447886 29.578154 -0.54879573 20.214278
 7.7722587 28.955334 0.034535951 29.56153 -0.60619604 20.224282
 7.7759755 28.893734 0.03460958 29.546298 -0.65256354 20.234285
 7.7796922 28.882729 0.034622768 29.532317 -0.64958803 20.244288
 7.7834089 28.893669 0.034609658 29.161681 -0.26801176 20.254291
 7.7871257 28.870495 0.034637439 29.165242 -0.29474764 20.264294
 7.7908424 28.807999 0.034712581 29.168805 -0.36080645 20.274296
 7.7945592 28.729389 0.034807562 29.172368 -0.44297912 20.284297
 7.7982759 28.694019 0.034850468 29.239035 -0.54501548 20.294299
 7.8019927 28.694063 0.034850415 29.245643 -0.55157948 20.304299
 7.8057094 28.686913 0.034859102 29.252474 -0.56556182 20.3143
 7.8094261 28.698221 0.034845365 29.259552 -0.56133103 20.3243
 7.8131429 28.703148 0.034839384 29.266906 -0.563758 20.334299
 7.8168596 28.719339 0.034819742 29.274561 -0.55522198 20.344298
 7.8205764 28.694859 0.034849449 29.28255 -0.58769108 20.354296
 7.8242931 28.674786 0.034873844 29.290909 -0.61612321 20.364294
 7.8280098 28.656136 0.034896541 29.299687 -0.64355109 20.374291
 7.8317266 28.664951 0.034885808 29.308925 -0.64397394 20.384288
 7.8354433 28.656576 0.034896004 29.318679 -0.66210326 20.394284
 7.8391601 28.646904 0.034907786 29.329022 -0.68211833 20.404279
 7.8428768 28.631166 0.034926974 29.340025 -0.70885861 20.414274
 7.8465936 28.621508 0.03493876 29.35177 -0.73026243 20.424268
 7.8503103 28.630468 0.034927825 29.364361 -0.73389307 20.434262
 7.854027 28.633762 0.034923807 29.377933 -0.74417104 20.444255
 7.8577438 28.629263 0.034929296 29.392613 -0.76334961 20.454247
 7.8614605 28.62904 0.034929568 29.408565 -0.7795253 20.464239
 7.8651773 28.62818 0.034930618 29.426012 -0.79783197 20.474229
 7.868894 28.65609 0.034896596 29.445191 -0.7891015 20.484219
 7.8726107 28.66301 0.034888172 29.466384 -0.80337431 20.494209
 7.8763275 28.699984 0.034843225 29.48995 -0.789966 20.504197
 7.8800442 28.713198 0.03482719 29.516385 -0.80318723 20.514185
 7.883761 28.739136 0.034795758 29.546208 -0.80707195 20.524172
 7.8874777 28.75272 0.034779318 29.580165 -0.8274455 20.534158
 7.8911944 28.811356 0.034708537 29.619435 -0.80807954 20.544144
 7.8949112 28.915699 0.03458329 29.665967 -0.75026777 20.554128
 7.8986279 29.097469 0.03436725 29.723557 -0.62608784 20.564112
 7.9023447 29.290226 0.034141082 29.800525 -0.51029866 20.574094
 7.9060614 29.510597 0.033886132 29.916515 -0.40591815 20.584076
 7.9097782 29.855326 0.033494862 30.111349 -0.2560232 20.594057
 7.9134949 30.401287 0.032893344 30.463927 -0.062640149 20.604037
 7.9172116 31.369381 0.031878219 31.121542 0.24783941 20.614016
 7.9209284 32.976761 0.030324385 32.325179 0.65158156 20.623995
 7.9246451 35.450096 0.028208668 34.408679 1.0414169 20.633972
 7.9283619 39.278633 0.025459134 37.782253 1.4963802 20.643948
 7.9320786 44.975574 0.022234291 42.884984 2.0905901 20.653923
 7.9357953 52.745453 0.01895898 49.911834 2.833619 20.663897
 7.9395121 62.792965 0.015925351 58.721301 4.0716644 20.67387
 7.9432288 74.022438 0.013509417 68.665339 5.3570995 20.683842
 7.9469456 84.474777 0.011837853 78.503103 5.9716744 20.693813
 7.9506623 92.343994 0.010829075 86.616244 5.7277503 20.703783
 7.9543791 95.303932 0.010492746 91.362523 3.9414094 20.713752
 7.9580958 93.018425 0.010750558 91.51469 1.5037354 20.72372
 7.9618125 85.869987 0.011645512 87.109078 -1.2390907 20.733686
 7.9655293 75.783051 0.013195563 79.211911 -3.4288605 20.743652
 7.969246 65.087769 0.01536387 69.443519 -4.3557507 20.753616
 7.9729628 55.004826 0.018180223 59.47044 -4.465614 20.763579
 7.9766795 46.931732 0.021307545 50.54815 -3.6164176 20.773541
 7.9803962 40.961945 0.024412903 43.374728 -2.4127836 20.783501
 7.984113 36.666111 0.027273141 38.162554 -1.4964434 20.793461
 7.9878297 33.755867 0.02962448 34.672985 -0.9171182 20.803419
 7.9915465 31.878719 0.031368889 32.509782 -0.63106223 20.813376
 7.9952632 30.763018 0.032506564 31.26286 -0.49984188 20.823331
 7.9989799 30.081991 0.03324248 30.58346 -0.50146845 20.833286
 8.0026967 29.634586 0.033744355 30.220009 -0.58542311 20.843239
 8.0064134 29.35293 0.034068149 30.023615 -0.67068488 20.85319
 8.0101302 29.133633 0.03432459 29.911335 -0.77770207 20.863141
 8.0138469 28.992937 0.034491159 29.839308 -0.84637066 20.87309
 8.0175637 28.901623 0.034600133 29.787732 -0.88610882 20.883037
 8.0212804 28.888679 0.034615636 29.747724 -0.85904411 20.892983
 8.0249971 28.864424 0.034644724 29.7152 -0.85077654 20.902928
 8.0287139 28.832476 0.034683113 29.688031 -0.85555577 20.912872
 8.0324306 28.789133 0.034735329 29.665074 -0.87594118 20.922814
 8.0361474 28.774523 0.034752966 29.645601 -0.87107806 20.932754
 8.0398641 28.759432 0.034771202 29.628993 -0.86956126 20.942693
 8.0435808 28.731832 0.034804602 29.614786 -0.88295358 20.952631
 8.0472976 28.703415 0.03483906 29.602627 -0.89921166 20.962567
 8.0510143 28.679792 0.034867756 29.592232 -0.91244009 20.972501
 8.0547311 28.681107 0.034866158 29.583329 -0.90222196 20.982434
 8.0584478 28.69718 0.03484663 29.575713 -0.87853348 20.992366
 8.0621645 28.70295 0.034839625 29.569231 -0.86628104 21.002296
 8.0658813 28.69805 0.034845574 29.563727 -0.86567724 21.012224
 8.069598 28.704842 0.034837329 29.559074 -0.85423289 21.022151
 8.0733148 28.692797 0.034851953 29.555174 -0.86237728 21.032076
 8.0770315 28.669874 0.034879818 29.551945 -0.88207115 21.042
 8.0807483 28.641813 0.034913991 29.549301 -0.90748789 21.051921
 8.084465 28.651213 0.034902537 29.547177 -0.89596445 21.061842
 8.0881817 28.665363 0.034885307 29.545523 -0.88015921 21.07176
 8.0918985 28.671196 0.03487821 29.544285 -0.8730895 21.081677
 8.0956152 28.691639 0.034853359 29.54342 -0.85178102 21.091592
 8.099332 28.714148 0.034826038 29.54289 -0.8287424 21.101506
 8.1030487 28.754055 0.034777703 29.542667 -0.78861191 21.111417
 8.1067654 28.765581 0.034763768 29.542717 -0.77713548 21.121327
 8.1104822 28.775873 0.034751335 29.543013 -0.76714022 21.131236
 8.1141989 28.76664 0.034762489 29.543537 -0.77689767 21.141142
 8.1179157 28.770111 0.034758295 29.483797 -0.71368557 21.151047
 8.1216324 28.766928 0.034762141 29.487378 -0.72044991 21.160949
 8.1253492 28.756861 0.03477431 29.490959 -0.73409783 21.17085
 8.1290659 28.786634 0.034738344 29.726224 -0.93958912 21.180749
 8.1327826 28.838785 0.034675524 29.741368 -0.90258284 21.190647
 8.1364994 28.872925 0.034634524 29.75739 -0.88446566 21.200542
 8.1402161 28.888229 0.034616175 29.774392 -0.88616308 21.210436
 8.1439329 28.904728 0.034596416 29.79248 -0.88775165 21.220327
 8.1476496 28.962696 0.034527172 29.811759 -0.84906268 21.230217
 8.1513663 29.00239 0.034479917 29.832362 -0.8299723 21.240105
 8.1550831 29.031197 0.034445704 29.854474 -0.8232778 21.24999
 8.1587998 29.048887 0.034424727 29.878245 -0.82935814 21.259874
 8.1625166 29.076555 0.034391969 29.903875 -0.82731977 21.269756
 8.1662333 29.126043 0.034333534 29.931617 -0.80557337 21.279636
 8.16995 29.165606 0.034286962 29.961755 -0.7961498 21.289514
 8.1736668 29.203833 0.034242081 29.994583 -0.79075045 21.29939
 8.1773835 29.225029 0.034217246 30.030469 -0.80544007 21.309263
 8.1811003 29.274103 0.034159885 30.069924 -0.79582045 21.319135
 8.184817 29.326319 0.034099063 30.113417 -0.78709876 21.329005
 8.1885338 29.415735 0.033995411 30.16156 -0.74582523 21.338872
 8.1922505 29.501194 0.033896933 30.215137 -0.71394281 21.348738
 8.1959672 29.577377 0.033809624 30.275099 -0.69772119 21.358601
 8.199684 29.674477 0.033698994 30.342464 -0.66798732 21.368462
 8.2034007 29.795389 0.03356224 30.418565 -0.62317611 21.378321
 8.2071175 29.947531 0.033391735 30.505287 -0.55775669 21.388178
 8.2108342 30.108276 0.033213459 30.604734 -0.49645747 21.398033
 8.2145509 30.302412 0.033000673 30.720003 -0.41759055 21.407885
 8.2182677 30.54405 0.0327396 30.85636 -0.31230991 21.417735
 8.2219844 30.897219 0.032365373 31.02418 -0.12696114 21.427583
 8.2257012 31.421736 0.031825104 31.244662 0.17707337 21.437429
 8.2294179 32.13908 0.031114767 31.565151 0.57392935 21.447273
 8.2331347 33.254971 0.030070693 32.093785 1.1611853 21.457114
 8.2368514 35.010963 0.028562482 33.046567 1.9643965 21.466953
 8.2405681 37.70863 0.026519129 34.824959 2.8836705 21.47679
 8.2442849 42.081203 0.023763579 38.122906 3.9582973 21.486624
 8.2480016 49.172298 0.020336654 44.037955 5.1343435 21.496456
 8.2517184 59.978191 0.016672727 53.934568 6.0436234 21.506286
 8.2554351 76.463837 0.013078078 69.326362 7.1374749 21.516113
 8.2591518 100.28271 0.0099718082 91.532285 8.7504298 21.525938
 8.2628686 131.78677 0.0075880149 120.72875 11.058021 21.53576
 8.2665853 169.98683 0.0058828086 155.47556 14.51127 21.54558
 8.2703021 209.30827 0.004777642 192.42153 16.886747 21.555398
 8.2740188 243.12158 0.0041131684 226.26488 16.856704 21.565213
 8.2777355 263.99207 0.0037879926 250.93593 13.056132 21.575026
 8.2814523 266.79645 0.0037481758 261.16205 5.6343936 21.584836
 8.285169 251.9837 0.0039685106 254.23215 -2.2484458 21.594644
 8.2888858 222.24672 0.004499504 231.98098 -9.734258 21.60445
 8.2926025 184.92462 0.0054076087 199.44718 -14.522555 21.614252
 8.2963193 147.40482 0.0067840389 162.65615 -15.251338 21.624053
 8.300036 114.09008 0.0087650039 127.16154 -13.071463 21.63385
 8.3037527 87.920021 0.011373974 96.741945 -8.8219241 21.643646
 8.3074695 68.702087 0.014555598 73.144158 -4.4420707 21.653438
 8.3111862 55.284508 0.01808825 56.495222 -1.2107144 21.663228
 8.314903 46.166569 0.021660696 45.669319 0.49724965 21.673016
 8.3186197 40.316032 0.024804028 39.110457 1.2055751 21.6828
 8.3223364 36.729824 0.027225831 35.389744 1.3400799 21.692582
 8.3260532 34.509293 0.028977702 33.394856 1.1144363 21.702362
 8.3297699 33.087723 0.03022269 32.329237 0.75848574 21.712139
 8.3334867 32.160366 0.031094173 31.74613 0.41423631 21.721913
 8.3372034 31.5585 0.031687184 31.402744 0.15575626 21.731684
 8.3409202 31.1581 0.032094383 31.175115 -0.017014921 21.741453
 8.3446369 30.868198 0.032395801 31.006464 -0.13826605 21.751219
 8.3483536 30.628412 0.032649423 30.871909 -0.24349701 21.760982
 8.3520704 30.467468 0.032821894 30.760245 -0.29277717 21.770743
 8.3557871 30.331846 0.032968649 30.665157 -0.33331126 21.7805
 8.3595039 30.245079 0.03306323 30.583262 -0.33818289 21.790255
 8.3632206 30.177662 0.033137093 30.512309 -0.33464705 21.800007
 8.3669373 30.140617 0.033177821 30.450492 -0.30987442 21.809757
 8.3706541 30.082596 0.033241812 30.396308 -0.31371181 21.819503
 8.3743708 29.996523 0.033337197 30.348629 -0.35210624 21.829247
 8.3780876 29.944254 0.033395389 30.306619 -0.36236488 21.838988
 8.3818043 29.917376 0.033425392 30.269391 -0.35201579 21.848726
 8.385521 29.908138 0.033435715 30.236304 -0.32816589 21.858461
 8.3892378 29.866371 0.033482474 30.206849 -0.34047754 21.868193
 8.3929545 29.836893 0.033515554 30.180571 -0.34367758 21.877922
 8.3966713 29.812859 0.033542573 30.157046 -0.34418762 21.887648
 8.400388 29.805748 0.033550576 30.13595 -0.33020197 21.897371
 8.4041048 29.793945 0.033563866 30.117037 -0.32309185 21.907092
 8.4078215 29.750547 0.033612827 30.100029 -0.3494811 21.916809
 8.4115382 29.707266 0.033661799 30.084713 -0.37744674 21.926524
 8.415255 29.702461 0.033667244 30.07092 -0.36845871 21.936235
 8.4189717 29.732449 0.033633288 30.058498 -0.32604922 21.945943
 8.4226885 29.741989 0.033622499 30.047291 -0.3053014 21.955649
 8.4264052 29.746599 0.033617288 30.037178 -0.29057925 21.965351
 8.4301219 29.744202 0.033619998 30.028072 -0.28387017 21.97505
 8.4338387 29.757397 0.03360509 30.019862 -0.26246536 21.984746
 8.4375554 29.786901 0.033571803 29.789506 -0.0026046669 21.994439
 8.4412722 29.837658 0.033514695 29.79302 0.044637998 22.004129
 8.4449889 29.86035 0.033489226 29.796533 0.063816803 22.013816
 8.4487056 29.901772 0.033442835 30.262042 -0.36027025 22.023499
 8.4524224 29.936298 0.033404264 30.28962 -0.35332174 22.03318
 8.4561391 29.986479 0.033348364 30.319139 -0.33266023 22.042857
 8.4598559 30.032425 0.033297345 30.350789 -0.31836445 22.052531
 8.4635726 30.096115 0.03322688 30.384796 -0.28868088 22.062202
 8.4672894 30.163256 0.03315292 30.421441 -0.25818522 22.07187
 8.4710061 30.195961 0.033117012 30.461071 -0.26511023 22.081535
 8.4747228 30.233398 0.033076004 30.504001 -0.27060209 22.091196
 8.4784396 30.277822 0.033027474 30.550637 -0.27281481 22.100854
 8.4821563 30.325075 0.032976011 30.601524 -0.27644859 22.110509
 8.4858731 30.390373 0.032905157 30.657194 -0.26682034 22.12016
 8.4895898 30.478436 0.032810083 30.71827 -0.23983449 22.129808
 8.4933065 30.574795 0.032706679 30.785539 -0.21074466 22.139453
 8.4970233 30.696205 0.032577317 30.860022 -0.16381688 22.149094
 8.50074 30.85215 0.032412652 30.942691 -0.090540651 22.158733
 8.5044568 31.006628 0.032251169 31.034829 -0.028200592 22.168367
 8.5081735 31.151966 0.032100703 31.138149 0.013816983 22.177999
 8.5118903 31.303236 0.031945579 31.254525 0.048710752 22.187627
 8.515607 31.524872 0.031720985 31.386183 0.13868867 22.197252
 8.5193237 31.768965 0.031477261 31.536056 0.23290891 22.206873
 8.5230405 32.071995 0.03117985 31.708355 0.3636395 22.216491
 8.5267572 32.430416 0.03083525 31.908156 0.5222601 22.226105
 8.530474 32.937572 0.030360465 32.144238 0.79333482 22.235716
 8.5341907 33.61388 0.029749615 32.434266 1.1796138 22.245323
 8.5379074 34.558403 0.028936522 32.81573 1.7426729 22.254927
 8.5416242 35.893196 0.027860433 33.370765 2.5224307 22.264528
 8.5453409 37.90733 0.026380123 34.278451 3.6288782 22.274125
 8.5490577 41.013065 0.024382474 35.931032 5.0820334 22.283718
 8.5527744 45.93663 0.02176912 39.038609 6.8980217 22.293308
 8.5564911 53.852356 0.01856929 44.829307 9.0230492 22.302894
 8.5602079 66.562775 0.015023412 55.271906 11.290869 22.312477
 8.5639246 86.481842 0.011563121 73.029689 13.452153 22.322056
 8.5676414 116.81479 0.0085605599 101.00873 15.806057 22.331632
 8.5713581 160.83722 0.0062174664 141.75812 19.079097 22.341204
 8.5750749 220.13652 0.0045426356 196.53983 23.596689 22.350772
 8.5787916 294.63861 0.0033939883 263.08104 31.557575 22.360337
 8.5825083 375.19699 0.0026652666 335.68564 39.511351 22.369898
 8.5862251 447.59872 0.002234144 404.97274 42.62598 22.379455
 8.5899418 498.73831 0.0020050595 459.09755 39.640757 22.389009
 8.5936586 516.33051 0.001936744 487.26318 29.06733 22.398559
 8.5973753 496.84778 0.0020126889 483.0282 13.819577 22.408105
 8.601092 444.47226 0.0022498592 446.83393 -2.3616732 22.417648
 8.6048088 372.06055 0.0026877346 387.42868 -15.368132 22.427186
 8.6085255 295.1452 0.0033881628 316.23125 -21.086044 22.436722
 8.6122423 224.01486 0.0044639895 244.42634 -20.411476 22.446253
 8.615959 166.31808 0.0060125753 180.71044 -14.392351 22.45578
 8.6196758 122.86905 0.0081387461 129.66584 -6.7967898 22.465304
 8.6233925 91.789299 0.010894516 92.351932 -0.56263281 22.474824
 8.6271092 70.579132 0.014168494 67.463849 3.1152832 22.48434
 8.630826 56.417057 0.017725136 51.991953 4.4251042 22.493852
 8.6345427 47.630577 0.020994917 42.998892 4.6316854 22.503361
 8.6382595 42.149643 0.023724993 38.076588 4.073055 22.512865
 8.6419762 38.665527 0.025862831 35.475643 3.1898847 22.522366
 8.6456929 36.4645 0.027423933 34.08287 2.3816302 22.531863
 8.6494097 35.013771 0.028560191 33.297305 1.7164659 22.541356
 8.6531264 33.969738 0.029437966 32.809322 1.1604155 22.550844
 8.6568432 33.238621 0.030085484 32.465275 0.77334616 22.560329
 8.6605599 32.693729 0.030586905 32.198737 0.49499273 22.569811
 8.6642766 32.280781 0.030978185 31.9802 0.3005804 22.579288
 8.6679934 31.922047 0.031326312 31.795561 0.12648566 22.588761
 8.6717101 31.653141 0.031592441 31.636655 0.016486304 22.59823
 8.6754269 31.452875 0.031793596 31.49866 -0.045785014 22.607695
 8.6791436 31.284477 0.031964734 31.378293 -0.093815976 22.617156
 8.6828604 31.11091 0.032143065 31.272588 -0.16167773 22.626613
 8.6865771 30.954596 0.032305381 31.179284 -0.22468867 22.636066
 8.6902938 30.807344 0.032459792 31.096636 -0.28929128 22.645515
 8.6940106 30.693399 0.032580295 31.023237 -0.32983723 22.65496
 8.6977273 30.607521 0.032671708 30.957698 -0.35017646 22.664401
 8.7014441 30.536776 0.0327474 30.898995 -0.36221956 22.673838
 8.7051608 30.436829 0.032854934 30.846339 -0.40951003 22.68327
 8.7088775 30.350075 0.032948848 30.798931 -0.44885615 22.692699
 8.7125943 30.273598 0.033032083 30.756114 -0.48251664 22.702123
 8.716311 30.189947 0.033123609 30.71737 -0.52742244 22.711543
 8.7200278 30.096634 0.033226307 30.68228 -0.58564571 22.720959
 8.7237445 30.014704 0.033317004 30.650382 -0.63567808 22.730371
 8.7274613 29.93788 0.033402499 30.621336 -0.68345669 22.739779
 8.731178 29.86569 0.033483238 30.594876 -0.72918539 22.749182
 8.7348947 29.80271 0.033553996 30.57072 -0.76801071 22.758582
 8.7386115 29.745293 0.033618765 30.548625 -0.80333242 22.767977
 8.7423282 29.698357 0.033671897 30.528394 -0.83003757 22.777367
 8.746045 29.637123 0.033741467 30.075905 -0.4387816 22.786754
 8.7497617 29.576002 0.033811196 30.079278 -0.50327596 22.796136
 8.7534784 29.503422 0.033894374 30.082649 -0.57922768 22.805514
 8.7571952 29.437172 0.033970655 30.086019 -0.6488467 22.814888
 8.7609119 29.3876 0.034027957 30.089386 -0.70178568 22.824257
 8.7646287 29.365488 0.03405358 30.092751 -0.72726251 22.833622
 8.7683454 29.333038 0.034091252 30.096113 -0.7630748 22.842983
 8.7720621 29.313122 0.034114415 30.099474 -0.78635194 22.852339
 8.7757789 29.277491 0.034155933 30.102832 -0.82534145 22.861691
 8.7794956 29.251497 0.034186284 30.106188 -0.85469091 22.871039
 8.7832124 29.235279 0.034205249 30.109542 -0.8742631 22.880382
 8.7869291 29.258507 0.034178094 30.112894 -0.85438707 22.889721
 8.7906459 29.265854 0.034169514 30.116243 -0.85038944 22.899055
 8.7943626 29.238453 0.034201536 30.119591 -0.88113766 22.908385
 8.7980793 29.181326 0.034268491 30.122935 -0.94160954 22.91771
 8.8017961 29.135694 0.034322161 30.126278 -0.99058381 22.927031
 8.8055128 29.09483 0.034370368 30.129619 -1.0347891 22.936348
 8.8092296 29.059923 0.034411653 30.132957 -1.0730338 22.94566
 8.8129463 29.049913 0.034423511 30.136293 -1.0863794 22.954967
 8.816663 29.035511 0.034440586 30.139626 -1.1041154 22.964271
 8.8203798 29.028326 0.03444911 30.142958 -1.1146317 22.973569
 8.8240965 29.010845 0.034469868 30.146287 -1.1354415 22.982863
 8.8278133 29.003422 0.03447869 30.149613 -1.1461915 22.992152
 8.83153 28.986628 0.034498667 30.152938 -1.16631 23.001437
 8.8352467 28.97805 0.034508878 30.156259 -1.1782092 23.010718
 8.8389635 28.962986 0.034526827 30.159579 -1.1965932 23.019993
 8.8426802 28.950195 0.034542081 30.162896 -1.212701 23.029264
 8.846397 28.925358 0.034571742 30.166211 -1.2408534 23.038531
 8.8501137 28.913422 0.034586014 30.169524 -1.256102 23.047793
 8.8538305 28.906023 0.034594866 30.172834 -1.2668107 23.05705
 8.8575472 28.90716 0.034593506 30.176141 -1.2689816 23.066302
 8.8612639 28.884729 0.034620369 30.179447 -1.2947172 23.07555
 8.8649807 28.864643 0.034644461 30.182749 -1.3181062 23.084794
 8.8686974 28.856915 0.03465374 30.18605 -1.3291353 23.094032
 8.8724142 28.858551 0.034651774 30.189348 -1.3307966 23.103266
 8.8761309 28.85747 0.034653073 30.192643 -1.3351736 23.112495
 8.8798476 28.834923 0.034680169 30.195936 -1.3610134 23.121719
 8.8835644 28.828537 0.034687851 30.199227 -1.3706897 23.130939
 8.8872811 28.83367 0.034681676 30.202515 -1.3688451 23.140154
 8.8909979 28.843668 0.034669654 30.2058 -1.3621323 23.149364
 8.8947146 28.862877 0.034646581 30.209083 -1.3462064 23.158569
 8.8984314 28.84322 0.034670193 30.212364 -1.3691441 23.16777
 8.9021481 28.807724 0.034712912 30.215642 -1.4079178 23.176965
 8.9058648 28.762909 0.034766998 30.218917 -1.4560084 23.186156
 8.9095816 28.784279 0.034741186 30.22219 -1.4379114 23.195342
 8.9132983 28.81432 0.034704967 30.22546 -1.4111409 23.204523
 8.9170151 28.829386 0.03468683 30.228728 -1.3993427 23.2137
 8.9207318 28.800116 0.034722083 30.231994 -1.431878 23.222871
 8.9244485 28.784229 0.034741246 30.235256 -1.451027 23.232038
 8.9281653 28.779167 0.034747357 30.238516 -1.4593492 23.241199
 8.931882 28.769123 0.034759488 30.241774 -1.4726507 23.250356
 8.9355988 28.739246 0.034795624 30.245029 -1.5057823 23.259508
 8.9393155 28.746296 0.034787091 30.248281 -1.501985 23.268655
 8.9430322 28.76902 0.034759613 30.25153 -1.4825103 23.277797
 8.946749 28.794348 0.034729038 30.254777 -1.4604296 23.286934
 8.9504657 28.795515 0.03472763 30.258022 -1.4625066 23.296066
 8.9541825 28.804222 0.034717133 30.261263 -1.4570411 23.305193
 8.9578992 28.8286 0.034687775 30.264502 -1.4359024 23.314315
 8.961616 28.835896 0.034678999 30.267739 -1.431843 23.323432
 8.9653327 28.842476 0.034671087 30.270972 -1.4284963 23.332544
 8.9690494 28.843493 0.034669865 30.274203 -1.4307107 23.341651
 8.9727662 28.85281 0.034658669 30.277431 -1.4246214 23.350753
 8.9764829 28.842806 0.034670691 30.280657 -1.437851 23.359849
 8.9801997 28.831804 0.03468392 30.28388 -1.4520753 23.368941
 8.9839164 28.829155 0.034687108 30.2871 -1.4579447 23.378028
 8.9876331 28.829781 0.034686355 30.290317 -1.4605363 23.38711
 8.9913499 28.827585 0.034688996 30.293531 -1.4659462 23.396186
 8.9950666 28.808275 0.034712248 30.296743 -1.4884679 23.405257
 8.9987834 28.826269 0.03469058 30.299952 -1.4736831 23.414324
 9.0025001 28.850698 0.034661206 30.303158 -1.4524599 23.423385
 9.0062169 28.892105 0.034611531 30.306362 -1.4142567 23.432441
 9.0099336 28.909418 0.034590803 30.309562 -1.4001444 23.441491
 9.0136503 28.921196 0.034576717 30.31276 -1.3915642 23.450537
 9.0173671 28.909603 0.034590582 30.315955 -1.4063521 23.459577
 9.0210838 28.926725 0.034570107 30.319147 -1.3924221 23.468612
 9.0248006 28.921354 0.034576527 30.322337 -1.4009824 23.477642
 9.0285173 28.907412 0.034593204 30.325523 -1.4181117 23.486667
 9.032234 28.891693 0.034612025 30.328707 -1.4370138 23.495687
 9.0359508 28.885067 0.034619965 30.331888 -1.4468206 23.504701
 9.0396675 28.908979 0.034591328 30.335066 -1.4260861 23.51371
 9.0433843 28.915422 0.034583621 30.338241 -1.4228181 23.522713
 9.047101 28.935518 0.034559602 30.341413 -1.4058943 23.531712
 9.0508177 28.919327 0.034578952 30.344582 -1.425255 23.540705
 9.0545345 28.937038 0.034557787 30.347748 -1.4107097 23.549693
 9.0582512 28.965641 0.034523662 30.425554 -1.4599133 23.558675
 9.061968 29.004435 0.034477486 30.43305 -1.4286157 23.567652
 9.0656847 29.028727 0.034448635 30.440928 -1.4122009 23.576624
 9.0694015 29.038836 0.034436643 30.449232 -1.4103964 23.58559
 9.0731182 29.063894 0.034406951 30.458027 -1.3941325 23.594551
 9.0768349 29.072762 0.034396457 30.467368 -1.3946066 23.603507
 9.0805517 29.104155 0.034359356 30.477327 -1.3731722 23.612457
 9.0842684 29.119781 0.034340917 30.487992 -1.3682108 23.621402
 9.0879852 29.121866 0.034338459 30.499473 -1.3776068 23.630341
 9.0917019 29.134024 0.034324129 30.511877 -1.3778534 23.639275
 9.0954186 29.149881 0.034305457 30.525344 -1.3754627 23.648203
 9.0991354 29.172203 0.034279207 30.540064 -1.3678606 23.657127
 9.1028521 29.222151 0.034220616 30.556229 -1.3340784 23.666044
 9.1065689 29.270655 0.03416391 30.57408 -1.3034253 23.674956
 9.1102856 29.336136 0.034087652 30.59393 -1.2577937 23.683863
 9.1140023 29.377726 0.034039395 30.616197 -1.2384714 23.692764
 9.1177191 29.446337 0.033960082 30.641374 -1.1950374 23.701659
 9.1214358 29.495073 0.033903967 30.67025 -1.1751764 23.710549
 9.1251526 29.567291 0.033821157 30.704331 -1.1370397 23.719434
 9.1288693 29.67786 0.033695152 30.746601 -1.0687407 23.728313
 9.1325861 29.852627 0.03349789 30.803674 -0.95104743 23.737186
 9.1363028 30.081005 0.03324357 30.890521 -0.8095158 23.746054
 9.1400195 30.40406 0.032890344 31.040943 -0.63688314 23.754916
 9.1437363 30.945505 0.032314871 31.320348 -0.37484288 23.763773
 9.147453 31.783159 0.031463203 31.84967 -0.066510493 23.772624
 9.1511698 33.110065 0.030202296 32.841407 0.26865838 23.781469
 9.1548865 35.19862 0.028410205 34.609541 0.5890787 23.790309
 9.1586032 38.468178 0.025995513 37.557503 0.91067503 23.799143
 9.16232 43.40099 0.023040949 42.137876 1.2631139 23.807971
 9.1660367 50.441513 0.019824941 48.755513 1.6860004 23.816794
 9.1697535 59.892776 0.016696504 57.475568 2.4172084 23.825611
 9.1734702 71.638512 0.013958972 67.946754 3.6917576 23.834422
 9.177187 84.051414 0.01189748 79.256703 4.7947119 23.843228
 9.1809037 95.411797 0.010480884 89.921331 5.4904659 23.852028
 9.1846204 103.75815 0.0096377973 98.20731 5.5508382 23.860822
 9.1883372 106.71353 0.0093708828 102.51227 4.201263 23.869611
 9.1920539 103.98152 0.0096170933 101.80152 2.1800017 23.878394
 9.1957707 96.204979 0.010394472 96.329526 -0.12454742 23.887171
 9.1994874 85.470772 0.011699906 87.253289 -1.7825168 23.895942
 9.2032041 73.45314 0.013614122 76.246835 -2.7936943 23.904707
 9.2069209 62.003086 0.016128229 65.047644 -3.0445579 23.913467
 9.2106376 52.67593 0.018984003 54.978693 -2.3027629 23.922221
 9.2143544 45.575424 0.02194165 46.802838 -1.2274141 23.930969
 9.2180711 40.268726 0.024833167 40.783824 -0.5150978 23.939711
 9.2217878 36.557243 0.02735436 36.681892 -0.12464891 23.948447
 9.2255046 34.096573 0.029328461 34.093664 0.0029089135 23.957178
 9.2292213 32.550671 0.030721333 32.579856 -0.029185269 23.965902
 9.2329381 31.569803 0.031675839 31.746253 -0.17644989 23.974621
 9.2366548 30.976973 0.032282044 31.304164 -0.32719175 23.983334
 9.2403716 30.588312 0.032692226 31.074171 -0.48585885 23.992041
 9.2440883 30.326252 0.032974731 30.952519 -0.6262671 24.000742
 9.247805 30.1558 0.033161117 30.881794 -0.72599417 24.009437
 9.2515218 30.050322 0.033277514 30.835711 -0.78538907 24.018127
 9.2552385 29.959595 0.033378289 30.802216 -0.84262149 24.02681
 9.2589553 29.889595 0.033456459 30.775864 -0.88626928 24.035487
 9.262672 29.857046 0.033492931 30.75416 -0.8971142 24.044159
 9.2663887 29.85775 0.033492142 30.735913 -0.87816326 24.052824
 9.2701055 29.860197 0.033489397 30.720462 -0.8602654 24.061484
 9.2738222 29.835342 0.033517296 30.707279 -0.87193631 24.070137
 9.277539 29.815586 0.033539505 30.695998 -0.88041167 24.078785
 9.2812557 29.811775 0.033543792 30.686344 -0.87456865 24.087426
 9.2849725 29.842009 0.033509809 30.678086 -0.83607756 24.096062
 9.2886892 29.872322 0.033475804 30.671012 -0.79869006 24.104691
 9.2924059 29.879417 0.033467855 30.664962 -0.78554489 24.113314
 9.2961227 29.88376 0.033462991 30.659816 -0.77605554 24.121932
 9.2998394 29.905848 0.033438277 30.655446 -0.74959862 24.130543
 9.3035562 29.941637 0.033398307 30.651755 -0.71011751 24.139148
 9.3072729 29.979404 0.033356233 30.648663 -0.66925876 24.147747
 9.3109896 29.96562 0.033371577 30.646106 -0.68048553 24.15634
 9.3147064 29.965691 0.033371499 30.644014 -0.67832305 24.164927
 9.3184231 29.990772 0.03334359 30.642336 -0.65156372 24.173508
 9.3221399 30.057331 0.033269754 30.641033 -0.5837022 24.182082
 9.3258566 30.081198 0.033243357 30.570418 -0.48922059 24.190651
 9.3295733 30.079063 0.033245716 30.573345 -0.49428117 24.199213
 9.3332901 30.06365 0.033262761 30.576267 -0.51261706 24.207769
 9.3370068 30.09963 0.033222999 30.579186 -0.4795559 24.216319
 9.3407236 30.183479 0.033130707 30.582102 -0.39862254 24.224863
 9.3444403 30.254469 0.033052968 30.585014 -0.33054483 24.2334
 9.3481571 30.307835 0.032994769 30.929932 -0.62209734 24.241932
 9.3518738 30.339848 0.032959955 30.953726 -0.6138784 24.250457
 9.3555905 30.392811 0.032902518 30.979464 -0.58665333 24.258976
 9.3593073 30.44503 0.032846083 31.007401 -0.56237104 24.267489
 9.363024 30.520189 0.032765197 31.037865 -0.51767604 24.275995
 9.3667408 30.591825 0.032688471 31.071156 -0.47933025 24.284495
 9.3704575 30.661592 0.032614092 31.107667 -0.44607408 24.292989
 9.3741742 30.734108 0.032537141 31.147918 -0.41381019 24.301477
 9.377891 30.852837 0.032411931 31.192459 -0.33962208 24.309958
 9.3816077 30.983383 0.032275365 31.241922 -0.2585391 24.318433
 9.3853245 31.065804 0.032189736 31.297118 -0.23131399 24.326902
 9.3890412 31.173132 0.032078907 31.359138 -0.18600559 24.335364
 9.392758 31.3437 0.031904338 31.42907 -0.085369487 24.34382
 9.3964747 31.57259 0.031673043 31.508419 0.064171136 24.35227
 9.4001914 31.802036 0.031444527 31.599374 0.20266213 24.360714
 9.4039082 32.060955 0.031190587 31.70509 0.35586467 24.369151
 9.4076249 32.419201 0.030845918 31.831065 0.58813596 24.377581
 9.4113417 32.898499 0.030396524 31.988869 0.90962941 24.386006
 9.4150584 33.578243 0.029781189 32.206317 1.3719264 24.394424
 9.4187751 34.540489 0.02895153 32.543262 1.9972271 24.402835
 9.4224919 35.943821 0.027821194 33.129756 2.8140654 24.41124
 9.4262086 38.06316 0.026272122 34.238068 3.8250917 24.419639
 9.4299254 41.449856 0.024125536 36.382169 5.0676871 24.428031
 9.4336421 46.866627 0.021337145 40.414508 6.4521192 24.436417
 9.4373588 55.501457 0.018017545 47.640863 7.8605944 24.444796
 9.4410756 69.090004 0.014473874 59.970133 9.1198712 24.453169
 9.4447923 89.621567 0.011158029 79.374803 10.246764 24.461536
 9.4485091 119.40183 0.0083750814 107.64269 11.759136 24.469896
 9.4522258 160.50565 0.0062303104 145.66291 14.842736 24.478249
 9.4559426 211.45279 0.004729188 192.32319 19.129602 24.486596
 9.4596593 268.7951 0.0037203058 243.90041 24.894693 24.494937
 9.463376 324.65652 0.0030801784 294.36904 30.287487 24.50327
 9.4670928 366.59973 0.0027277707 335.7795 30.820227 24.511598
 9.4708095 387.06668 0.0025835342 360.59647 26.470215 24.519919
 9.4745263 382.5329 0.0026141542 363.74149 18.791406 24.528233
 9.478243 354.92316 0.0028175113 344.33467 10.588489 24.536541
 9.4819597 309.05396 0.003235681 306.50744 2.5465152 24.544842
 9.4856765 253.54958 0.0039440019 257.70476 -4.1551802 24.553137
 9.4893932 200.14476 0.0049963836 205.72483 -5.5800688 24.561425
 9.49311 154.06685 0.006490689 157.34193 -3.2750816 24.569706
 9.4968267 117.09933 0.0085397587 116.86193 0.23739864 24.577981
 9.5005434 89.505905 0.011172447 85.96348 3.5424249 24.586249
 9.5042602 69.88327 0.014309576 64.351379 5.531891 24.594511
 9.5079769 56.488819 0.017702618 50.42294 6.0658788 24.602766
 9.5116937 47.622372 0.020998534 42.018939 5.603433 24.611014
 9.5154104 41.999142 0.02381001 37.26989 4.7292522 24.619256
 9.5191272 38.561493 0.025932606 34.747566 3.813927 24.627491
 9.5228439 36.37867 0.027488636 33.434393 2.9442764 24.635719
 9.5265606 34.981571 0.02858648 32.745822 2.2357496 24.643941
 9.5302774 34.055382 0.029363935 32.365004 1.6903775 24.652156
 9.5339941 33.403755 0.029936754 32.130506 1.2732488 24.660364
 9.5377109 32.906612 0.030389029 31.96576 0.94085229 24.668565
 9.5414276 32.508839 0.030760865 31.838187 0.67065166 24.67676
 9.5451443 32.224854 0.031031949 31.733502 0.49135153 24.684948
 9.5488611 32.025848 0.031224778 31.644625 0.38122311 24.69313
 9.5525778 31.880829 0.031366813 31.567919 0.31290973 24.701304
 9.5562946 31.729681 0.031516232 31.501175 0.22850604 24.709472
 9.5600113 31.591818 0.031653766 31.442829 0.14898911 24.717633
 9.5637281 31.493288 0.031752798 31.391468 0.10181993 24.725787
 9.5674448 31.430269 0.031816463 31.346079 0.08418992 24.733935
 9.5711615 31.36578 0.031881879 31.305886 0.059894343 24.742076
 9.5748783 31.289127 0.031959984 31.270135 0.018992716 24.75021
 9.578595 31.223242 0.032027424 31.238216 -0.014974047 24.758337
 9.5823118 31.178446 0.03207344 31.209651 -0.03120521 24.766457
 9.5860285 31.14814 0.032104646 31.184059 -0.035919153 24.77457
 9.5897452 31.106421 0.032147704 31.161033 -0.054612479 24.782677
 9.593462 31.089043 0.032165674 31.140274 -0.051231352 24.790777
 9.5971787 31.074757 0.032180461 31.121548 -0.04679131 24.79887
 9.6008955 31.036449 0.03222018 30.776825 0.25962451 24.806956
 9.6046122 30.987608 0.032270965 30.779466 0.20814147 24.815035
 9.6083289 30.959002 0.032300783 30.782104 0.17689759 24.823107
 9.6120457 30.948881 0.032311346 30.784737 0.16414382 24.831173
 9.6157624 30.92733 0.032333861 30.787367 0.13996351 24.839231
 9.6194792 30.900864 0.032361555 30.789991 0.11087217 24.847283
 9.6231959 30.890331 0.032372589 30.792612 0.097718907 24.855327
 9.6269127 30.917912 0.032343711 30.795229 0.12268233 24.863365
 9.6306294 30.95232 0.032307756 31.065274 -0.11295366 24.871396
 9.6343461 30.931431 0.032329575 31.085195 -0.15376452 24.87942
 9.6380629 30.925426 0.032335852 31.106863 -0.18143619 24.887437
 9.6417796 30.954834 0.032305132 31.130477 -0.17564341 24.895447
 9.6454964 31.010853 0.032246775 31.156311 -0.14545777 24.90345
 9.6492131 31.061981 0.032193697 31.184712 -0.12273048 24.911446
 9.6529298 31.109922 0.032144085 31.216072 -0.10615002 24.919435
 9.6566466 31.149342 0.032103407 31.250821 -0.10147954 24.927417
 9.6603633 31.173876 0.032078142 31.289503 -0.1156269 24.935392
 9.6640801 31.246075 0.03200402 31.332884 -0.086809125 24.94336
 9.6677968 31.377861 0.031869604 31.38171 -0.0038487891 24.951321
 9.6715136 31.511751 0.031734193 31.437022 0.074729131 24.959275
 9.6752303 31.668509 0.031577111 31.500338 0.16817005 24.967221
 9.678947 31.89114 0.031356671 31.574014 0.31712641 24.975161
 9.6826638 32.178257 0.031076885 31.662213 0.51604419 24.983094
 9.6863805 32.534771 0.030736347 31.773954 0.76081665 24.99102
 9.6900973 33.023232 0.030281712 31.931169 1.0920625 24.998938
 9.693814 33.727852 0.029649087 32.181666 1.5461855 25.00685
 9.6975307 34.796787 0.028738285 32.628568 2.1682192 25.014754
 9.7012475 36.420578 0.027457005 33.484568 2.9360103 25.022652
 9.7049642 38.962105 0.025665965 35.155507 3.8065983 25.030542
 9.708681 43.077469 0.023213992 38.305518 4.7719512 25.038425
 9.7123977 49.721916 0.020111856 43.948977 5.772939 25.046301
 9.7161144 60.057358 0.016650749 53.547382 6.509976 25.05417
 9.7198312 75.828896 0.013187585 68.650817 7.1780788 25.062032
 9.7235479 98.731461 0.010128484 90.631207 8.1002537 25.069887
 9.7272647 130.00574 0.0076919682 120.16695 9.8387847 25.077734
 9.7309814 169.75816 0.0058907329 156.4746 13.283559 25.085574
 9.7346982 213.85432 0.0046760803 196.70199 17.15233 25.093407
 9.7384149 256.79074 0.0038942214 236.25043 20.540312 25.101233
 9.7421316 290.37161 0.0034438628 269.07521 21.296405 25.109052
 9.7458484 307.77707 0.003249105 289.30624 18.470831 25.116864
 9.7495651 306.08578 0.003267058 292.94847 13.137317 25.124668
 9.7532819 286.26221 0.0034933008 279.12655 7.1356591 25.132465
 9.7569986 252.75574 0.0039563889 250.62831 2.1274279 25.140255
 9.7607153 211.16521 0.0047356286 213.07269 -1.907486 25.148038
 9.7644321 169.14688 0.0059120215 172.46833 -3.3214458 25.155813
 9.7681488 132.56273 0.0075435985 134.15557 -1.5928454 25.163581
 9.7718656 103.07439 0.0097017306 101.71628 1.3581125 25.171342
 9.7755823 80.486694 0.012424414 76.657083 3.829611 25.179096
 9.7792991 63.876625 0.015655179 58.897874 4.9787514 25.186842
 9.7830158 52.467297 0.019059492 47.329608 5.1376888 25.194582
 9.7867325 44.979172 0.022232513 40.271605 4.7075672 25.202313
 9.7904493 40.056263 0.024964885 36.24497 3.8112926 25.210038
 9.794166 37.038376 0.026999024 34.091517 2.9468588 25.217755
 9.7978828 35.134163 0.028462326 32.975888 2.1582746 25.225465
 9.8015995 33.900909 0.029497734 32.400067 1.5008421 25.233168
 9.8053162 33.096943 0.030214271 32.091804 1.0051386 25.240863
 9.809033 32.548248 0.03072362 31.911028 0.63721981 25.248551
 9.8127497 32.148991 0.031105176 31.789394 0.35959662 25.256232
 9.8164665 31.848089 0.031399058 31.697981 0.15010784 25.263905
 9.8201832 31.610924 0.031634634 31.624162 -0.013238531 25.271571
 9.8238999 31.421972 0.031824864 31.562014 -0.14004138 25.27923
 9.8276167 31.286449 0.031962719 31.508585 -0.22213544 25.286881
 9.8313334 31.163694 0.032088622 31.462192 -0.29849749 25.294525
 9.8350502 31.062582 0.032193074 31.421734 -0.359152 25.302161
 9.8387669 30.986382 0.032272242 31.386187 -0.39980567 25.309791
 9.8424837 30.88439 0.032378817 31.354836 -0.4704464 25.317412
 9.8462004 30.797663 0.032469996 31.327125 -0.52946191 25.325027
 9.8499171 30.72831 0.032543281 31.302542 -0.57423216 25.332633
 9.8536339 30.690998 0.032582844 31.280648 -0.58964992 25.340233
 9.8573506 30.618774 0.0326597 31.261101 -0.64232694 25.347825
 9.8610674 30.542934 0.032740796 31.243646 -0.70071199 25.35541
 9.8647841 30.508041 0.032778243 31.22799 -0.71994888 25.362987
 9.8685008 30.483603 0.032804522 30.956089 -0.47248673 25.370556
 9.8722176 30.445505 0.032845571 30.958417 -0.51291233 25.378119
 9.8759343 30.371449 0.03292566 30.960741 -0.58929256 25.385674
 9.8796511 30.312552 0.032989635 30.96306 -0.65050861 25.393221
 9.8833678 30.310846 0.032991491 30.965375 -0.65452821 25.400761
 9.8870845 30.311674 0.03299059 30.967684 -0.65601038 25.408293
 9.8908013 30.302288 0.033000808 30.96999 -0.66770178 25.415818
 9.894518 30.289116 0.03301516 30.972291 -0.68317466 25.423335
 9.8982348 30.270868 0.033035062 30.974587 -0.70371837 25.430845
 9.9019515 30.249157 0.033058773 30.976878 -0.72772119 25.438348
 9.9056683 30.231501 0.03307808 31.082602 -0.85110108 25.445842
 9.909385 30.220798 0.033089794 31.092017 -0.87121874 25.45333
 9.9131017 30.202753 0.033109564 31.102196 -0.89944268 25.46081
 9.9168185 30.178957 0.033135671 31.113236 -0.93427867 25.468282
 9.9205352 30.186029 0.033127908 31.125264 -0.93923435 25.475747
 9.924252 30.211792 0.033099659 31.138443 -0.92665084 25.483204
 9.9279687 30.224648 0.03308558 31.15297 -0.92832268 25.490653
 9.9316854 30.224668 0.033085557 31.169055 -0.94438635 25.498095
 9.9354022 30.220396 0.033090235 31.186974 -0.96657761 25.50553
 9.9391189 30.246416 0.033061768 31.207129 -0.96071251 25.512957
 9.9428357 30.274532 0.033031064 31.230008 -0.9554757 25.520376
 9.9465524 30.345581 0.032953727 31.256435 -0.91085411 25.527788
 9.9502692 30.447237 0.032843703 31.288059 -0.84082234 25.535192
 9.9539859 30.600306 0.032679412 31.328628 -0.72832272 25.542588
 9.9577026 30.772688 0.032496349 31.386469 -0.61378154 25.549977
 9.9614194 31.041536 0.0322149 31.480454 -0.43891741 25.557359
 9.9651361 31.469263 0.031777039 31.653334 -0.1840705 25.564732
 9.9688529 32.110737 0.031142231 31.989315 0.12142138 25.572098
 9.9725696 33.092815 0.030218039 32.642315 0.45050029 25.579457
 9.9762863 34.633541 0.028873744 33.87548 0.7580616 25.586807
 9.9800031 37.101326 0.026953215 36.104708 0.9966177 25.59415
 9.9837198 41.003799 0.024387984 39.853748 1.1500515 25.601486
 9.9874366 46.954971 0.021296999 45.726538 1.2284329 25.608814
 9.9911533 55.564651 0.017997053 54.304384 1.2602678 25.616134
 9.99487 67.408966 0.014834822 65.806646 1.6023199 25.623446
 9.9985868 82.447556 0.012128922 79.90158 2.5459752 25.630751
 10.002304 99.170517 0.010083642 95.560161 3.610356 25.638048
 10.00602 115.81367 0.0086345595 110.97539 4.8382782 25.645337
 10.009737 129.01941 0.0077507718 123.87607 5.143336 25.652619
 10.013454 136.20207 0.0073420322 132.03776 4.1643091 25.659893
 10.01717 136.02809 0.0073514227 133.77047 2.2576169 25.667159
 10.020887 128.97144 0.0077536549 128.74779 0.22364791 25.674417
 10.024604 116.77609 0.0085633967 118.03968 -1.2635871 25.681668
 10.028321 101.10784 0.0098904297 103.61573 -2.5078841 25.688911
 10.032037 84.952934 0.011771224 87.81468 -2.861746 25.696147
 10.035754 70.704285 0.014143414 72.746755 -2.0424708 25.703374
 10.039471 59.062767 0.01693114 59.82963 -0.76686284 25.710594
 10.043188 50.129986 0.01994814 49.776986 0.35300018 25.717806
 10.046904 43.500557 0.022988211 42.590175 0.91038147 25.72501
 10.050621 38.871212 0.025725979 37.826507 1.0447046 25.732207
 10.054338 35.770634 0.027955893 34.896493 0.87414084 25.739396
 10.058055 33.736492 0.029641493 33.228326 0.5081666 25.746577
 10.061771 32.489006 0.030779643 32.322227 0.1667788 25.75375
 10.065488 31.717251 0.031528584 31.852658 -0.13540763 25.760915
 10.069205 31.192989 0.032058486 31.616023 -0.42303405 25.768073
 10.072922 30.830826 0.03243507 31.493603 -0.66277681 25.775223
 10.076638 30.600098 0.032679634 31.424775 -0.82467774 25.782364
 10.080355 30.454664 0.032835693 31.381179 -0.92651459 25.789499
 10.084072 30.341585 0.032958067 31.35004 -1.0084553 25.796625
 10.087789 30.253193 0.033054362 31.325521 -1.0723286 25.803744
 10.091505 30.185003 0.033129034 31.305241 -1.1202373 25.810854
 10.095222 30.16482 0.033151201 31.288072 -1.123252 25.817957
 10.098939 30.141441 0.033176914 31.27336 -1.1319191 25.825052
 10.102656 30.127319 0.033192465 31.260656 -1.1333369 25.832139
 10.106372 30.087166 0.033236763 31.249645 -1.1624793 25.839219
 10.110089 30.049799 0.033278093 31.240102 -1.1903034 25.84629
 10.113806 30.021034 0.033309978 31.231793 -1.2107588 25.853354
 10.117523 30.001925 0.033331195 31.224548 -1.2226234 25.860409
 10.121239 30.008665 0.033323708 31.218233 -1.209568 25.867457
 10.124956 30.008684 0.033323687 31.21273 -1.2040459 25.874497
 10.128673 30.001453 0.033331719 31.107739 -1.1062854 25.881529
 10.132389 30.005379 0.033327358 31.109735 -1.1043561 25.888553
 10.136106 30.016867 0.033314603 31.111726 -1.0948592 25.89557
 10.139823 30.002085 0.033331017 31.113712 -1.1116272 25.902578
 10.14354 29.982754 0.033352507 31.115693 -1.1329393 25.909579
 10.147256 29.984909 0.033350109 31.117669 -1.1327603 25.916571
 10.150973 29.990744 0.033343621 31.119641 -1.1288972 25.923556
 10.15469 29.992298 0.033341893 31.121607 -1.1293092 25.930533
 10.158407 29.989546 0.033344953 31.123569 -1.134023 25.937501
 10.162123 29.999527 0.033333859 31.125525 -1.1259984 25.944462
 10.16584 30.013416 0.033318433 31.127477 -1.1140607 25.951415
 10.169557 30.055477 0.033271806 31.129424 -1.0739465 25.95836
 10.173274 30.099352 0.033223307 31.131365 -1.0320136 25.965297
 10.17699 30.10251 0.033219821 31.274069 -1.1715589 25.972226
 10.180707 30.097342 0.033225526 31.286721 -1.1893794 25.979148
 10.184424 30.123013 0.033197211 31.300617 -1.1776043 25.986061
 10.188141 30.163378 0.033152786 31.315982 -1.1526046 25.992966
 10.191857 30.233917 0.033075436 31.33305 -1.0991325 25.999863
 10.195574 30.321444 0.03297996 31.352112 -1.0306682 26.006753
 10.199291 30.413582 0.032880047 31.37357 -0.95998787 26.013634
 10.203008 30.486122 0.03280181 31.398027 -0.91190485 26.020507
 10.206724 30.564962 0.0327172 31.426386 -0.86142322 26.027372
 10.210441 30.704 0.032569046 31.460502 -0.75650165 26.03423
 10.214158 30.908163 0.032353912 31.504756 -0.59659273 26.041079
 10.217875 31.153896 0.032098714 31.569196 -0.41529926 26.04792
 10.221591 31.476919 0.03176931 31.676495 -0.19957588 26.054754
 10.225308 31.975401 0.031274041 31.876031 0.099369507 26.061579
 10.229025 32.79538 0.0304921 32.272562 0.52281803 26.068396
 10.232741 34.055534 0.029363803 33.05298 1.0025548 26.075206
 10.236458 36.026344 0.027757465 34.534982 1.4913619 26.082007
 10.240175 39.12825 0.025556982 37.22828 1.89997 26.0888
 10.243892 43.990921 0.022731963 41.811059 2.1798616 26.095585
 10.247608 51.406372 0.019452841 49.050787 2.3555848 26.102362
 10.251325 62.299191 0.016051573 59.673472 2.6257188 26.109131
 10.255042 77.128006 0.012965459 74.131079 2.9969275 26.115892
 10.258759 96.217743 0.010393094 92.067624 4.1501185 26.122645
 10.262475 118.73303 0.0084222561 112.29412 6.4389124 26.12939
 10.266192 141.08356 0.0070879982 132.65666 8.4268936 26.136127
 10.269909 159.84087 0.0062562224 150.25573 9.5851323 26.142856
 10.273626 171.60628 0.0058272927 162.18236 9.4239169 26.149577
 10.277342 174.3889 0.0057343099 166.19715 8.1917536 26.156289
 10.281059 167.80818 0.005959185 161.32589 6.4822872 26.162994
 10.284776 152.82962 0.0065432342 148.72111 4.108514 26.16969
 10.288493 132.8338 0.0075282044 130.71596 2.1178434 26.176379
 10.292209 111.36891 0.0089791665 110.2472 1.1217088 26.183059
 10.295926 91.232643 0.010960989 90.171527 1.0611165 26.189731
 10.299643 74.511429 0.01342076 72.547325 1.9641042 26.196395
 10.30336 61.374252 0.016293478 58.468737 2.9055152 26.203051
 10.307076 51.501411 0.019416944 48.218494 3.2829173 26.209699
 10.310793 44.434074 0.022505251 41.281644 3.1524305 26.216339
 10.31451 39.535133 0.025293958 36.923595 2.6115387 26.222971
 10.318227 36.357983 0.027504276 34.383496 1.9744863 26.229594
 10.321943 34.354885 0.029107942 32.993685 1.3611998 26.23621
 10.32566 33.081959 0.030227956 32.266837 0.8151222 26.242817
 10.329377 32.302605 0.030957256 31.900056 0.40254842 26.249416
 10.333094 31.803099 0.031443477 31.716963 0.086135377 26.256007
 10.33681 31.488913 0.03175721 31.619143 -0.13023021 26.26259
 10.340527 31.271883 0.031977607 31.561035 -0.28915223 26.269165
 10.344244 31.084871 0.03216999 31.521715 -0.43684397 26.275731
 10.34796 30.956882 0.032302994 31.491901 -0.53501811 26.28229
 10.351677 30.85614 0.032408461 31.467589 -0.61144928 26.28884
 10.355394 30.794601 0.032473224 31.447058 -0.65245634 26.295382
 10.359111 30.712667 0.032559855 31.429461 -0.71679395 26.301916
 10.362827 30.675953 0.032598824 31.414211 -0.73825798 26.308442
 10.366544 30.668629 0.03260661 31.400922 -0.73229321 26.31496
 10.370261 30.644506 0.032632276 31.389311 -0.74480433 26.321469
 10.373978 30.615479 0.032663216 31.379144 -0.7636654 26.327971
 10.377694 30.599787 0.032679966 31.370203 -0.77041665 26.334464
 10.381411 30.595486 0.03268456 31.2321 -0.63661474 26.340949
 10.385128 30.594603 0.032685504 31.233755 -0.63915207 26.347426
 10.388845 30.5756 0.032705818 31.235404 -0.65980407 26.353894
 10.392561 30.595501 0.032684544 31.237048 -0.64154677 26.360355
 10.396278 30.618057 0.032660465 31.238687 -0.62062932 26.366807
 10.399995 30.648373 0.03262816 31.24032 -0.59194761 26.373251
 10.403712 30.671225 0.03260385 31.241949 -0.57072422 26.379687
 10.407428 30.682014 0.032592384 31.243572 -0.56155777 26.386114
 10.411145 30.703899 0.032569153 31.245191 -0.54129119 26.392534
 10.414862 30.729786 0.032541717 31.246804 -0.51701778 26.398945
 10.418579 30.778494 0.032490219 31.248412 -0.46991775 26.405348
 10.422295 30.818995 0.032447522 31.250015 -0.43101998 26.411743
 10.426012 30.842892 0.032422381 31.251612 -0.40872059 26.418129
 10.429729 30.876223 0.032387381 31.253205 -0.37698222 26.424508
 10.433446 30.944387 0.032316038 31.254792 -0.31040471 26.430878
 10.437162 31.042036 0.032214382 31.256374 -0.21433835 26.43724
 10.440879 31.147697 0.032105102 31.525869 -0.37817141 26.443593
 10.444596 31.244225 0.032005915 31.54992 -0.30569511 26.449939
 10.448312 31.324339 0.031924058 31.576876 -0.25253716 26.456276
 10.452029 31.41795 0.031828939 31.607349 -0.18939899 26.462605
 10.455746 31.528852 0.031716981 31.642059 -0.11320696 26.468926
 10.459463 31.70365 0.03154211 31.68226 0.021389216 26.475238
 10.463179 31.946011 0.031302813 31.730535 0.21547607 26.481543
 10.466896 32.258366 0.030999711 31.792552 0.4658139 26.487839
 10.470613 32.670078 0.030609048 31.881475 0.78860333 26.494126
 10.47433 33.24947 0.030075668 32.02795 1.2215201 26.500406
 10.478046 34.092846 0.029331667 32.303957 1.7888888 26.506677
 10.481763 35.332664 0.028302423 32.852867 2.4797977 26.51294
 10.48548 37.231628 0.026858884 33.949287 3.2823409 26.519195
 10.489197 40.2584 0.024839537 36.09353 4.1648698 26.525441
 10.492913 45.110165 0.022167953 40.082255 5.02791 26.531679
 10.49663 52.834492 0.01892703 47.018686 5.8158054 26.537909
 10.500347 64.709106 0.015453775 58.288015 6.4210918 26.544131
 10.504064 82.17614 0.012168982 75.462201 6.7139387 26.550344
 10.50778 107.2272 0.0093259916 99.48478 7.7424237 26.55655
 10.511497 140.29384 0.0071278968 130.42699 9.8668474 26.562746
 10.515214 180.78151 0.0055315392 166.90223 13.879275 26.568935
 10.518931 224.77083 0.0044489759 205.58485 19.185981 26.575115
 10.522647 264.59531 0.0037793565 241.64065 22.95466 26.581287
 10.526364 294.34027 0.0033974284 269.61164 24.728632 26.587451
 10.530081 308.32675 0.0032433125 284.27133 24.05542 26.593606
 10.533798 304.06805 0.0032887375 283.01683 21.051225 26.599754
 10.537514 282.96219 0.0035340411 266.11482 16.847365 26.605892
 10.541231 248.74269 0.0040202186 236.66246 12.080228 26.612023
 10.544948 208.91165 0.0047867124 199.84124 9.070411 26.618145
 10.548665 168.8037 0.0059240409 161.22453 7.5791685 26.624259
 10.552381 133.19049 0.0075080435 125.38119 7.8092979 26.630365
 10.556098 104.39984 0.0095785586 95.44017 8.9596711 26.636462
 10.559815 82.104149 0.012179652 72.510194 9.593955 26.642551
 10.563531 65.633583 0.015236103 56.31187 9.3217128 26.648632
 10.567248 53.864285 0.018565177 45.750479 8.1138051 26.654704
 10.570965 45.932396 0.021771126 39.359254 6.5731415 26.660769
 10.574682 40.874603 0.024465069 35.717772 5.1568309 26.666824
 10.578398 37.668091 0.026547669 33.767245 3.9008456 26.672872
 10.582115 35.598972 0.028090699 32.782741 2.8162318 26.678911
 10.585832 34.309696 0.02914628 32.292653 2.0170428 26.684942
 10.589549 33.447063 0.029897991 32.04577 1.401293 26.690965
 10.593265 32.88036 0.030413293 31.913317 0.96704299 26.696979
 10.596982 32.443665 0.030822659 31.832901 0.61076345 26.702985
 10.600699 32.13411 0.03111958 31.776458 0.35765145 26.708982
 10.604416 31.913755 0.031334451 31.732483 0.18127229 26.714972
 10.608132 31.751781 0.031494296 31.696119 0.055662225 26.720953
 10.611849 31.614468 0.031631088 31.665022 -0.05055413 26.726925
 10.615566 31.496784 0.031749273 31.638018 -0.14123376 26.73289
 10.619283 31.384638 0.031862722 31.614398 -0.22976005 26.738846
 10.622999 31.295607 0.031953367 31.593649 -0.29804264 26.744793
 10.626716 31.225256 0.032025358 31.330193 -0.10493681 26.750733
 10.630433 31.167313 0.032084897 31.331505 -0.16419215 26.756664
 10.63415 31.102482 0.032151775 31.332812 -0.23032968 26.762586
 10.637866 31.027674 0.032229293 31.334113 -0.30643931 26.768501
 10.641583 30.966475 0.032292988 31.335409 -0.3689348 26.774407
 10.6453 30.927376 0.032333813 31.3367 -0.40932462 26.780304
 10.649017 30.895906 0.032366747 31.337986 -0.44207978 26.786194
 10.652733 30.872393 0.032391399 31.339267 -0.46687419 26.792075
 10.65645 30.857792 0.032406726 31.340542 -0.48275033 26.797947
 10.660167 30.830345 0.032435576 31.341812 -0.51146722 26.803812
 10.663883 30.773901 0.032495068 31.343077 -0.56917629 26.809668
 10.6676 30.72904 0.032542507 31.344337 -0.61529682 26.815515
 10.671317 30.705317 0.03256765 31.345591 -0.6402749 26.821354
 10.675034 30.688227 0.032585786 31.346841 -0.65861395 26.827185
 10.67875 30.675562 0.03259924 31.348085 -0.67252274 26.833008
 10.682467 30.66363 0.032611925 31.349323 -0.68569389 26.838822
 10.686184 30.641628 0.032635341 31.350557 -0.70892865 26.844628
 10.689901 30.606625 0.032672665 31.351785 -0.74516061 26.850426
 10.693617 30.619545 0.032658879 31.353008 -0.73346332 26.856215
 10.697334 30.653986 0.032622185 31.470439 -0.81645272 26.861996
 10.701051 30.716902 0.032555367 31.482362 -0.76546043 26.867768
 10.704768 30.772863 0.032496164 31.495907 -0.72304385 26.873532
 10.708484 30.838337 0.03242717 31.511649 -0.67331241 26.879288
 10.712201 30.92487 0.032336434 31.530866 -0.60599627 26.885036
 10.715918 31.038952 0.032217583 31.556554 -0.51760199 26.890775
 10.719635 31.196079 0.03205531 31.595745 -0.39966571 26.896506
 10.723351 31.438896 0.031807733 31.664641 -0.22574505 26.902228
 10.727068 31.829548 0.031417349 31.801075 0.028473367 26.907942
 10.730785 32.413971 0.030850895 32.078812 0.33515916 26.913648
 10.734502 33.36142 0.029974744 32.63645 0.72496932 26.919345
 10.738218 34.878563 0.028670906 33.719768 1.1587953 26.925034
 10.741935 37.271454 0.026830185 35.714955 1.5564993 26.930715
 10.745652 41.009769 0.024384434 39.139369 1.8704009 26.936387
 10.749369 46.696545 0.021414861 44.62234 2.0742049 26.942051
 10.753085 55.16013 0.018129036 52.851505 2.3086244 26.947706
 10.756802 67.03714 0.014917104 64.191677 2.8454625 26.953354
 10.760519 82.713333 0.012089949 78.57203 4.1413034 26.958993
 10.764236 101.31275 0.0098704258 95.242903 6.069849 26.964623
 10.767952 120.91876 0.0082700152 112.60294 8.3158215 26.970245
 10.771669 138.9507 0.0071967972 128.42402 10.526682 26.975859
 10.775386 151.49919 0.0066006953 140.28764 11.211548 26.981465
 10.779102 156.82291 0.0063766195 145.98704 10.835863 26.987062
 10.782819 154.19612 0.0064852474 144.52613 9.6699952 26.99265
 10.786536 144.13339 0.0069380175 136.20418 7.9292149 26.998231
 10.790253 128.76624 0.007766011 122.51268 6.2535543 27.003803
 10.793969 110.25204 0.0090701266 105.77698 4.4750641 27.009367
 10.797686 92.207214 0.010845138 88.459275 3.7479393 27.014922
 10.801403 76.38623 0.013091365 72.53452 3.8517103 27.020469
 10.80512 63.280785 0.015802585 59.32093 3.959855 27.026008
 10.808836 53.290596 0.018765037 49.259814 4.0307824 27.031538
 10.812553 45.761646 0.021852361 42.183029 3.578617 27.03706
 10.81627 40.473125 0.024707753 37.582384 2.8907412 27.042573
 10.819987 36.921181 0.027084724 34.809581 2.1116 27.048079
 10.823703 34.577263 0.028920739 33.234894 1.3423688 27.053575
 10.82742 33.103298 0.03020847 32.395172 0.70812577 27.059064
 10.831137 32.192848 0.0310628 31.974285 0.21856303 27.064544
 10.834854 31.602539 0.031643027 31.768015 -0.16547555 27.070016
 10.83857 31.190416 0.03206113 31.666689 -0.47627249 27.07548
 10.842287 30.8878 0.032375242 31.614401 -0.72660052 27.080935
 10.846004 30.675951 0.032598826 31.584171 -0.90821962 27.086381
 10.849721 30.536812 0.032747361 31.563801 -1.0269887 27.09182
 10.853437 30.424049 0.032868734 31.548357 -1.1243074 27.09725
 10.857154 30.335571 0.032964601 31.535785 -1.2002139 27.102672
 10.860871 30.251616 0.033056086 31.525141 -1.2735257 27.108085
 10.864588 30.179247 0.033135353 31.403616 -1.2243689 27.11349
 10.868304 30.111038 0.033210413 31.404593 -1.293555 27.118887
 10.872021 30.055336 0.033271962 31.405565 -1.3502294 27.124275
 10.875738 29.991196 0.033343119 31.406533 -1.4153369 27.129655
 10.879454 29.939844 0.033400307 31.407494 -1.4676502 27.135027
 10.883171 29.927666 0.033413899 31.408451 -1.4807853 27.140391
 10.886888 29.907614 0.033436302 31.409402 -1.5017887 27.145746
 10.890605 29.858957 0.033490788 31.410349 -1.5513914 27.151092
 10.894321 29.800905 0.033556028 31.41129 -1.6103845 27.156431
 10.898038 29.760397 0.033601702 31.412226 -1.6518287 27.161761
 10.901755 29.727282 0.033639134 31.413156 -1.6858747 27.167083
 10.905472 29.701069 0.033668822 31.414082 -1.7130128 27.172396
 10.909188 29.698885 0.033671298 31.415002 -1.716117 27.177701
 10.912905 29.695486 0.033675152 31.415917 -1.720431 27.182998
 10.916622 29.680058 0.033692657 31.416827 -1.7367694 27.188286
 10.920339 29.660439 0.033714943 31.417732 -1.7572931 27.193566
 10.924055 29.647715 0.033729413 31.418631 -1.7709165 27.198838
 10.927772 29.64533 0.033732125 31.419525 -1.7741951 27.204101
 10.931489 29.617334 0.033764011 31.420415 -1.8030802 27.209357
 10.935206 29.593433 0.03379128 31.421299 -1.8278652 27.214603
 10.938922 29.561003 0.033828352 31.422177 -1.8611746 27.219842
 10.942639 29.542969 0.033849002 31.423051 -1.8800822 27.225072
 10.946356 29.504396 0.033893254 31.423919 -1.919523 27.230294
 10.950073 29.47612 0.033925768 31.424783 -1.9486627 27.235507
 10.953789 29.452246 0.033953268 31.425641 -1.973395 27.240713
 10.957506 29.455254 0.033949801 31.426494 -1.9712401 27.24591
 10.961223 29.453638 0.033951663 31.427341 -1.9737033 27.251098
 10.96494 29.437393 0.033970399 31.428184 -1.9907908 27.256279
 10.968656 29.427307 0.033982042 31.429021 -2.0017143 27.261451
 10.972373 29.419332 0.033991254 31.429854 -2.0105211 27.266614
 10.97609 29.420446 0.033989967 31.430681 -2.0102343 27.27177
 10.979807 29.403276 0.034009815 31.431503 -2.0282263 27.276917
 10.983523 29.396145 0.034018066 31.432319 -2.0361746 27.282056
 10.98724 29.391687 0.034023225 31.433131 -2.0414437 27.287186
 10.990957 29.378384 0.034038632 31.433938 -2.0555539 27.292308
 10.994673 29.350388 0.0340711 31.434739 -2.0843514 27.297422
 10.99839 29.329281 0.034095619 31.435535 -2.1062543 27.302528
 11.002107 29.29228 0.034138688 31.436326 -2.1440459 27.307625
 11.005824 29.281662 0.034151067 31.437112 -2.15545 27.312715
 11.00954 29.283196 0.034149279 31.437893 -2.1546973 27.317795
 11.013257 29.301308 0.03412817 31.438668 -2.1373607 27.322868
 11.016974 29.290062 0.034141273 31.439439 -2.149377 27.327932
 11.020691 29.281639 0.034151094 31.440204 -2.1585652 27.332988
 11.024407 29.287239 0.034144564 31.440964 -2.1537254 27.338036
 11.028124 29.276842 0.034156689 31.44172 -2.1648775 27.343075
 11.031841 29.28301 0.034149494 31.44247 -2.1594591 27.348107
 11.035558 29.291504 0.034139592 31.443214 -2.1517105 27.35313
 11.039274 29.308882 0.03411935 31.443954 -2.1350724 27.358144
 11.042991 29.290741 0.034140482 31.444689 -2.1539478 27.363151
 11.046708 29.292473 0.034138463 31.445418 -2.1529455 27.368149
 11.050425 29.301945 0.034127428 31.446143 -2.1441979 27.373139
 11.054141 29.30541 0.034123392 31.446862 -2.1414516 27.37812
 11.057858 29.295475 0.034134965 31.447576 -2.1521012 27.383094
 11.061575 29.285641 0.034146427 31.448285 -2.1626445 27.388059
 11.065292 29.284893 0.034147299 31.448989 -2.1640962 27.393016
 11.069008 29.284632 0.034147604 31.449688 -2.1650564 27.397965
 11.072725 29.28454 0.034147711 31.450382 -2.1658417 27.402905
 11.076442 29.280197 0.034152776 31.451071 -2.1708735 27.407837
 11.080159 29.281862 0.034150833 31.451754 -2.1698919 27.412761
 11.083875 29.287949 0.034143737 31.452433 -2.1644842 27.417677
 11.087592 29.293222 0.034137589 31.453106 -2.1598837 27.422584
 11.091309 29.294102 0.034136565 31.453775 -2.1596728 27.427484
 11.095025 29.309231 0.034118944 31.454438 -2.1452071 27.432375
 11.098742 29.303787 0.034125282 31.455096 -2.1513088 27.437258
 11.102459 29.330675 0.034093999 31.455749 -2.1250741 27.442132
 11.106176 29.334723 0.034089295 31.456397 -2.1216748 27.446999
 11.109892 29.337751 0.034085775 31.45704 -2.1192889 27.451857
 11.113609 29.304676 0.034124247 31.457678 -2.1530023 27.456707
 11.117326 29.284655 0.034147577 31.458311 -2.1736565 27.461549
 11.121043 29.286673 0.034145224 31.458939 -2.1722665 27.466383
 11.124759 29.317448 0.034109381 31.459562 -2.1421142 27.471208
 11.128476 29.36425 0.034055016 31.46018 -2.0959294 27.476026
 11.132193 29.394539 0.034019925 31.460792 -2.0662535 27.480835
 11.13591 29.416464 0.033994569 31.4614 -2.0449362 27.485636
 11.139626 29.435068 0.033973083 31.462003 -2.0269346 27.490428
 11.143343 29.461275 0.033942862 31.4626 -2.0013252 27.495213
 11.14706 29.478384 0.033923162 31.463193 -1.9848088 27.499989
 11.150777 29.498503 0.033900026 31.46378 -1.9652777 27.504758
 11.154493 29.504356 0.0338933 31.464363 -1.9600065 27.509518
 11.15821 29.53302 0.033860404 31.464941 -1.9319205 27.51427
 11.161927 29.549938 0.033841018 31.465513 -1.9155748 27.519013
 11.165644 29.559244 0.033830364 31.46608 -1.9068363 27.523749
 11.16936 29.565201 0.033823548 31.466643 -1.9014422 27.528476
 11.173077 29.589094 0.033796236 31.4672 -1.8781063 27.533196
 11.176794 29.615376 0.033766244 31.467753 -1.8523775 27.537907
 11.180511 29.630901 0.033748552 31.4683 -1.8373991 27.54261
 11.184227 29.644054 0.033733577 31.468843 -1.8247886 27.547305
 11.187944 29.665819 0.033708828 31.46938 -1.8035613 27.551992
 11.191661 29.698553 0.033671674 31.469913 -1.77136 27.55667
 11.195378 29.768717 0.033592311 31.470441 -1.7017238 27.561341
 11.199094 29.883926 0.033462805 31.470963 -1.5870368 27.566003
 11.202811 30.025068 0.033305503 31.567718 -1.5426502 27.570658
 11.206528 30.188311 0.033125404 31.623477 -1.4351666 27.575304
 11.210244 30.453671 0.032836764 31.742206 -1.2885353 27.579942
 11.213961 30.875248 0.032388404 31.990099 -1.114851 27.584572
 11.217678 31.537161 0.031708625 32.478995 -0.9418342 27.589194
 11.221395 32.552444 0.030719659 33.386719 -0.83427462 27.593808
 11.225111 34.151867 0.029280976 34.984735 -0.83286813 27.598414
 11.228828 36.601799 0.027321061 37.591266 -0.98946674 27.603011
 11.232545 40.319317 0.024802008 41.540847 -1.2215303 27.607601
 11.236262 45.696083 0.021883714 47.105827 -1.4097439 27.612182
 11.239978 52.930447 0.018892718 54.351154 -1.4207069 27.616756
 11.243695 62.054535 0.016114858 62.96432 -0.90978554 27.621321
 11.247412 72.389259 0.013814204 72.255067 0.13419234 27.625878
 11.251129 82.355453 0.012142487 81.140404 1.2150495 27.630428
 11.254845 90.379822 0.011064417 88.338057 2.0417644 27.634969
 11.258562 95.166229 0.010507929 92.685622 2.4806075 27.639502
 11.262279 95.859009 0.010431988 93.392559 2.4664503 27.644027
 11.265996 92.46505 0.010814897 90.292517 2.1725331 27.648544
 11.269712 85.5597 0.011687746 84.004961 1.5547388 27.653053
 11.273429 76.629021 0.013049886 75.58489 1.0441307 27.657554
 11.277146 67.035889 0.014917383 66.29747 0.7384183 27.662048
 11.280863 58.052311 0.017225843 57.339625 0.71268547 27.666533
 11.284579 50.53455 0.019788442 49.547627 0.98692261 27.67101
 11.288296 44.539478 0.022451992 43.359848 1.17963 27.675479
 11.292013 39.950935 0.025030703 38.85478 1.0961553 27.67994
 11.29573 36.559509 0.027352665 35.801442 0.75806754 27.684393
 11.299446 34.201065 0.029238856 33.878125 0.32293995 27.688838
 11.303163 32.663963 0.030614778 32.756869 -0.092905205 27.693275
 11.30688 31.705683 0.031540087 32.142089 -0.43640584 27.697704
 11.310596 31.086426 0.032168381 31.824077 -0.73765153 27.702125
 11.314313 30.657473 0.032618475 31.668885 -1.0114122 27.706538
 11.31803 30.364975 0.03293268 31.596677 -1.231702 27.710943
 11.321747 30.204081 0.033108109 31.562873 -1.3587926 27.71534
 11.325463 30.111416 0.033209996 31.485803 -1.3743867 27.71973
 11.32918 30.0431 0.033285513 31.486154 -1.4430536 27.724111
 11.332897 29.987629 0.033347085 31.4865 -1.4988715 27.728484
 11.336614 29.926048 0.033415705 31.486842 -1.5607939 27.73285
 11.34033 29.872978 0.033475069 31.487179 -1.6142008 27.737207
 11.344047 29.848923 0.033502047 31.487511 -1.6385884 27.741557
 11.347764 29.860212 0.03348938 31.487839 -1.6276262 27.745898
 11.351481 29.867809 0.033480862 31.488161 -1.6203517 27.750232
 11.355197 29.836674 0.0335158 31.488479 -1.6518051 27.754558
 11.358914 29.824835 0.033529104 31.488792 -1.663957 27.758876
 11.362631 29.818869 0.033535813 31.4891 -1.6702315 27.763186
 11.366348 29.821577 0.033532767 31.489404 -1.6678265 27.767488
 11.370064 29.82608 0.033527704 31.489702 -1.663622 27.771782
 11.373781 29.829386 0.033523989 31.489996 -1.6606106 27.776069
 11.377498 29.870701 0.033477621 31.490286 -1.6195848 27.780347
 11.381215 29.910343 0.033433251 31.49057 -1.580227 27.784618
 11.384931 29.914524 0.033428578 31.49085 -1.5763259 27.788881
 11.388648 29.901152 0.033443528 31.491125 -1.5899734 27.793136
 11.392365 29.881969 0.033464996 31.491395 -1.6094259 27.797383
 11.396082 29.881191 0.033465868 31.491661 -1.6104698 27.801622
 11.399798 29.871832 0.033476353 31.491922 -1.6200901 27.805853
 11.403515 29.883446 0.033463343 31.492178 -1.6087325 27.810077
 11.407232 29.90827 0.033435568 31.49243 -1.5841599 27.814293
 11.410948 29.946384 0.033393013 31.492677 -1.5462923 27.818501
 11.414665 29.96162 0.033376032 31.492919 -1.5312985 27.822701
 11.418382 30.000471 0.03333281 31.493156 -1.4926853 27.826893
 11.422099 30.066601 0.033259496 31.493389 -1.4267885 27.831078
 11.425815 30.140476 0.033177976 31.493617 -1.3531412 27.835255
 11.429532 30.2047 0.03310743 31.493841 -1.2891405 27.839424
 11.433249 30.294521 0.033009269 31.49406 -1.1995385 27.843585
 11.436966 30.44455 0.032846602 31.494274 -1.0497246 27.847738
 11.440682 30.638708 0.032638452 31.64914 -1.0104317 27.851884
 11.444399 30.925728 0.032335536 31.799788 -0.8740602 27.856022
 11.448116 31.414469 0.031832466 32.112453 -0.69798445 27.860152
 11.451833 32.158089 0.031096375 32.719542 -0.56145321 27.864274
 11.455549 33.303947 0.030026471 33.821765 -0.51781733 27.868389
 11.459266 35.120453 0.028473437 35.699555 -0.57910205 27.872496
 11.462983 37.92226 0.026369736 38.694966 -0.77270595 27.876595
 11.4667 42.052856 0.023779598 43.108496 -1.0556398 27.880687
 11.470416 47.88633 0.020882787 49.13463 -1.2483007 27.88477
 11.474133 55.617283 0.017980023 56.746623 -1.12934 27.888847
 11.47785 64.989677 0.015387059 65.503621 -0.51394329 27.892915
 11.481567 75.044777 0.013325378 74.590665 0.45411237 27.896976
 11.485283 84.410141 0.011846918 82.883286 1.5268553 27.901029
 11.489 91.511513 0.010927587 89.110295 2.4012179 27.905074
 11.492717 95.028328 0.010523178 92.261678 2.7666503 27.909112
 11.496434 94.563057 0.010574954 91.785051 2.7780063 27.913142
 11.50015 90.278572 0.011076826 87.714138 2.5644337 27.917164
 11.503867 83.057175 0.012039899 80.805085 2.2520894 27.921179
 11.507584 74.113335 0.013492849 72.189147 1.9241882 27.925186
 11.511301 64.95443 0.015395409 63.085791 1.8686388 27.929186
 11.515017 56.622997 0.017660669 54.578935 2.044062 27.933177
 11.518734 49.609581 0.020157397 47.370856 2.2387246 27.937162
 11.522451 43.981113 0.022737032 41.767745 2.2133686 27.941138
 11.526167 39.679775 0.025201756 37.766493 1.9132822 27.945107
 11.529884 36.541683 0.027366008 35.111331 1.430352 27.949069
 11.533601 34.35751 0.029105718 33.466739 0.89077089 27.953023
 11.537318 32.925468 0.030371626 32.518387 0.40708142 27.956969
 11.541034 32.030365 0.031220375 32.0109 0.019464938 27.960908
 11.544751 31.461529 0.031784851 31.752533 -0.29100456 27.964839
 11.548468 31.120287 0.03213338 31.628496 -0.50820947 27.968763
 11.552185 30.904545 0.0323577 31.498649 -0.5941042 27.972679
 11.555901 30.768057 0.03250124 31.498718 -0.73066139 27.976587
 11.559618 30.695761 0.032577788 31.498783 -0.80302231 27.980488
 11.563335 30.666256 0.032609132 31.498843 -0.83258751 27.984382
 11.567052 30.630238 0.032647478 31.498899 -0.86866189 27.988268
 11.570768 30.591776 0.032688524 31.498951 -0.9071752 27.992146
 11.574485 30.573385 0.032708187 31.498998 -0.92561304 27.996017
 11.578202 30.560829 0.032721625 31.499041 -0.938212 27.999881
 11.581919 30.572086 0.032709577 31.49908 -0.92699331 28.003737
 11.585635 30.609991 0.032669072 31.499114 -0.8891227 28.007585
 11.589352 30.635111 0.032642284 31.499143 -0.86403263 28.011426
 11.593069 30.634199 0.032643256 31.499169 -0.86496983 28.01526
 11.596786 30.653551 0.032622648 31.49919 -0.84563893 28.019086
 11.600502 30.677105 0.0325976 31.499207 -0.82210186 28.022905
 11.604219 30.700195 0.032573083 31.499219 -0.79902391 28.026716
 11.607936 30.726336 0.032545371 31.499227 -0.77289185 28.03052
 11.611653 30.80604 0.032461167 31.499231 -0.69319134 28.034316
 11.615369 30.863825 0.032400391 31.499231 -0.63540587 28.038105
 11.619086 30.911201 0.032350732 31.499226 -0.58802444 28.041887
 11.622803 30.947409 0.032312883 31.499217 -0.55180822 28.045661
 11.626519 30.996864 0.032261328 31.499204 -0.50233919 28.049428
 11.630236 31.050705 0.032205388 31.499186 -0.44848103 28.053188
 11.633953 31.106655 0.032147462 31.499164 -0.39250901 28.05694
 11.63767 31.202827 0.032048378 31.499138 -0.29631061 28.060685
 11.641386 31.342661 0.031905396 31.499108 -0.15644675 28.064422
 11.645103 31.488354 0.031757773 31.499073 -0.010719437 28.068152
 11.64882 31.62332 0.031622234 31.499034 0.12428526 28.071875
 11.652537 31.801138 0.031445416 31.498991 0.30214654 28.075591
 11.656253 32.065632 0.031186038 31.498944 0.56668775 28.079299
 11.65997 32.419296 0.030845827 31.498893 0.92040349 28.083
 11.663687 32.893185 0.030401435 31.498837 1.3943475 28.086693
 11.667404 33.54472 0.029810951 31.850326 1.6943941 28.09038
 11.67112 34.497536 0.028987578 32.258706 2.2388294 28.094059
 11.674837 35.94931 0.027816945 33.126088 2.8232218 28.09773
 11.678554 38.2346 0.026154321 34.850568 3.384032 28.101395
 11.682271 41.831623 0.02390536 38.07538 3.7562427 28.105052
 11.685987 47.538548 0.021035561 43.748877 3.7896704 28.108702
 11.689704 56.301296 0.01776158 52.990069 3.3112271 28.112345
 11.693421 69.389 0.014411506 67.001784 2.3872161 28.115981
 11.697138 88.258148 0.011330399 86.839191 1.4189573 28.119609
 11.700854 113.9626 0.0087748085 112.68311 1.2794922 28.12323
 11.704571 146.54597 0.0068237971 143.57547 2.9705022 28.126844
 11.708288 183.52721 0.0054487834 177.17702 6.3501831 28.130451
 11.712005 220.51039 0.0045349337 209.70442 10.805972 28.134051
 11.715721 251.54111 0.0039754934 236.6828 14.858312 28.137644
 11.719438 271.44107 0.0036840409 253.91757 17.5235 28.141229
 11.723155 277.18637 0.003607681 258.27998 18.90639 28.144807
 11.726872 267.90775 0.0037326282 249.09542 18.812321 28.148378
 11.730588 245.85007 0.0040675197 228.04814 17.801923 28.151942
 11.734305 215.16737 0.0046475448 198.58045 16.586923 28.155499
 11.738022 180.94153 0.0055266472 165.15372 15.787811 28.159049
 11.741738 147.81012 0.0067654366 132.15468 15.655444 28.162592
 11.745455 118.77439 0.0084193233 102.82595 15.948436 28.166127
 11.749172 94.902252 0.010537158 79.105587 15.796666 28.169656
 11.752889 76.125114 0.013136269 61.43418 14.690935 28.173177
 11.756605 61.925205 0.016148513 49.213398 12.711807 28.176692
 11.760322 51.623272 0.019371108 41.369313 10.253959 28.180199
 11.764039 44.590717 0.022426192 36.713388 7.8773296 28.1837
 11.767756 39.976761 0.025014533 34.104696 5.8720652 28.187193
 11.771472 37.046638 0.026993002 32.738413 4.3082259 28.19068
 11.775189 35.229927 0.028384958 32.072898 3.1570295 28.194159
 11.778906 34.101719 0.029324035 31.765872 2.3358468 28.197631
 11.782623 33.400536 0.02993964 31.4949 1.9056356 28.201097
 11.786339 32.892876 0.03040172 31.494711 1.3981645 28.204555
 11.790056 32.520184 0.030750134 31.494519 1.0256649 28.208007
 11.793773 32.246967 0.031010668 31.494322 0.7526452 28.211451
 11.79749 32.053074 0.031198256 31.494122 0.55895209 28.214889
 11.801206 31.893385 0.031354464 31.493918 0.39946736 28.21832
 11.804923 31.732302 0.03151363 31.49371 0.23859214 28.221743
 11.80864 31.588655 0.031656935 31.493498 0.095157746 28.22516
 11.812357 31.505661 0.031740328 31.493282 0.012378989 28.22857
 11.816073 31.47006 0.031776234 31.493063 -0.023002263 28.231973
 11.81979 31.422119 0.031824715 31.492839 -0.070720196 28.23537
 11.823507 31.345507 0.031902499 31.492612 -0.14710564 28.238759
 11.827224 31.272415 0.031977063 31.492381 -0.21996627 28.242142
 11.83094 31.214674 0.032036215 31.492147 -0.27747292 28.245517
 11.834657 31.158802 0.03209366 31.491909 -0.33310655 28.248886
 11.838374 31.126232 0.032127242 31.491666 -0.36543434 28.252248
 11.84209 31.124636 0.03212889 31.491421 -0.36678502 28.255604
 11.845807 31.146784 0.032106044 31.491171 -0.34438735 28.258952
 11.849524 31.126291 0.032127181 31.490918 -0.3646267 28.262294
 11.853241 31.089197 0.032165514 31.490661 -0.40146381 28.265629
 11.856957 31.060488 0.032195245 31.4904 -0.42991268 28.268957
 11.860674 31.070827 0.032184531 31.490136 -0.41930864 28.272278
 11.864391 31.076616 0.032178535 31.489868 -0.41325185 28.275593
 11.868108 31.103418 0.032150807 31.489597 -0.38617818 28.278901
 11.871824 31.098783 0.032155599 31.489321 -0.39053776 28.282202
 11.875541 31.118319 0.032135412 31.489042 -0.37072381 28.285497
 11.879258 31.200668 0.032050595 31.48876 -0.28809143 28.288785
 11.882975 31.348448 0.031899506 31.488474 -0.14002591 28.292066
 11.886691 31.523102 0.031722767 31.488184 0.03491786 28.295341
 11.890408 31.746912 0.031499127 31.613122 0.13378967 28.298609
 11.894125 32.095837 0.031156689 31.761368 0.33446906 28.30187
 11.897842 32.651608 0.030626363 32.079078 0.57252905 28.305125
 11.901558 33.523502 0.029829819 32.71639 0.80711249 28.308373
 11.905275 34.904312 0.028649755 33.919453 0.98485923 28.311614
 11.908992 37.0854 0.02696479 36.059598 1.025802 28.314849
 11.912709 40.45726 0.024717442 39.587861 0.86939892 28.318077
 11.916425 45.571007 0.021943777 45.010101 0.56090608 28.321299
 11.920142 53.116932 0.018826389 52.806455 0.31047714 28.324514
 11.923859 63.580925 0.015727988 63.146896 0.43402936 28.327722
 11.927576 77.109192 0.012968622 75.76624 1.3429514 28.330924
 11.931292 92.959175 0.01075741 89.845138 3.1140372 28.33412
 11.935009 109.38721 0.0091418369 103.94172 5.4454835 28.337309
 11.938726 124.0585 0.0080607132 116.22799 7.830514 28.340492
 11.942443 134.49475 0.0074352344 124.87988 9.614869 28.343668
 11.946159 138.90407 0.0071992132 128.39618 10.507887 28.346837
 11.949876 136.68527 0.0073160772 126.19951 10.48576 28.35
 11.953593 128.4939 0.0077824708 118.7067 9.7871953 28.353157
 11.957309 116.01159 0.0086198285 107.14526 8.8663275 28.356307
 11.961026 101.4335 0.0098586757 93.292736 8.1407662 28.359451
 11.964743 86.731369 0.011529854 79.062292 7.6690771 28.362588
 11.96846 73.498871 0.013605651 65.976675 7.5221959 28.365719
 11.972176 62.286442 0.016054858 55.051566 7.2348758 28.368844
 11.975893 53.261536 0.018775275 46.664578 6.5969576 28.371962
 11.97961 46.271275 0.02161168 40.691841 5.5794331 28.375074
 11.983327 41.098919 0.02433154 36.743265 4.3556541 28.37818
 11.987043 37.454281 0.026699218 34.329067 3.1252143 28.381279
 11.99076 35.023804 0.02855201 32.936217 2.0875867 28.384372
 11.994477 33.4314 0.029911999 32.184836 1.2465643 28.387458
 11.998194 32.439159 0.030826939 31.807782 0.6313771 28.390539
 12.00191 31.825886 0.031420964 31.628983 0.19690291 28.393613
 12.005627 31.443222 0.031803356 31.477078 -0.033855788 28.39668
 12.009344 31.19314 0.032058331 31.476676 -0.28353563 28.399742
 12.013061 31.02034 0.032236913 31.47627 -0.45593026 28.402797
 12.016777 30.872353 0.032391441 31.475862 -0.60350902 28.405846
 12.020494 30.715626 0.032556719 31.47545 -0.75982411 28.408889
 12.024211 30.604431 0.032675007 31.475035 -0.8706037 28.411926
 12.027928 30.553072 0.032729933 31.474617 -0.92154483 28.414956
 12.031644 30.503637 0.032782976 31.474196 -0.97055824 28.41798
 12.035361 30.440321 0.032851165 31.473771 -1.0334502 28.420998
 12.039078 30.373369 0.032923578 31.473344 -1.0999745 28.42401
 12.042795 30.329937 0.032970725 31.472913 -1.1429761 28.427016
 12.046511 30.296709 0.033006885 31.472479 -1.1757703 28.430016
 12.050228 30.292624 0.033011337 31.472043 -1.1794191 28.43301
 12.053945 30.272049 0.033033773 31.471603 -1.1995538 28.435997
 12.057661 30.23122 0.033078387 31.47116 -1.2399396 28.438978
 12.061378 30.191919 0.033121445 31.470714 -1.2787946 28.441954
 12.065095 30.182869 0.033131377 31.470265 -1.287396 28.444923
 12.068812 30.183319 0.033130883 31.469813 -1.2864939 28.447886
 12.072528 30.139898 0.033178612 31.469358 -1.3294597 28.450844
 12.076245 30.105602 0.033216409 31.4689 -1.3632978 28.453795
 12.079962 30.08345 0.033240868 31.468439 -1.3849888 28.45674
 12.083679 30.034729 0.03329479 31.467975 -1.4332462 28.459679
 12.087395 29.99074 0.033343626 31.467508 -1.4767685 28.462613
 12.091112 29.996899 0.03333678 31.467039 -1.4701399 28.46554
 12.094829 30.014347 0.0333174 31.466566 -1.4522188 28.468462
 12.098546 30.005886 0.033326795 31.46609 -1.4602041 28.471377
 12.102262 29.993999 0.033340002 31.465612 -1.4716122 28.474287
 12.105979 29.987764 0.033346934 31.46513 -1.4773659 28.47719
 12.109696 29.968761 0.033368079 31.464646 -1.4958846 28.480088
 12.113413 29.943682 0.033396027 31.464159 -1.5204771 28.48298
 12.117129 29.929588 0.033411753 31.463669 -1.5340806 28.485866
 12.120846 29.944658 0.033394938 31.463176 -1.5185178 28.488746
 12.124563 29.94305 0.033396731 31.462681 -1.5196301 28.491621
 12.12828 29.896311 0.033448943 31.462182 -1.5658713 28.494489
 12.131996 29.864744 0.033484298 31.461681 -1.5969367 28.497352
 12.135713 29.880989 0.033466094 31.461177 -1.5801879 28.500209
 12.13943 29.922987 0.033419124 31.46067 -1.5376832 28.503061
 12.143147 29.933161 0.033407765 31.460161 -1.5269999 28.505906
 12.146863 29.925232 0.033416617 31.459649 -1.5344166 28.508746
 12.15058 29.910078 0.033433547 31.459134 -1.5490555 28.51158
 12.154297 29.901957 0.033442628 31.458616 -1.5566594 28.514408
 12.158014 29.916452 0.033426423 31.458096 -1.5416432 28.517231
 12.16173 29.927069 0.033414566 31.457573 -1.5305039 28.520048
 12.165447 29.917139 0.033425656 31.457047 -1.5399079 28.522859
 12.169164 29.899387 0.033445501 31.456519 -1.5571313 28.525665
 12.17288 29.874344 0.033473539 31.455988 -1.5816439 28.528465
 12.176597 29.860615 0.033488929 31.455454 -1.5948394 28.53126
 12.180314 29.890444 0.033455509 31.454918 -1.5644742 28.534049
 12.184031 29.939602 0.033400578 31.454379 -1.5147774 28.536832
 12.187747 29.925859 0.033415916 31.453838 -1.5279785 28.53961
 12.191464 29.873989 0.033473936 31.453294 -1.5793049 28.542382
 12.195181 29.84391 0.033507674 31.452748 -1.6088374 28.545148
 12.198898 29.846395 0.033504883 31.452199 -1.6058032 28.547909
 12.202614 29.886169 0.033460293 31.451647 -1.5654777 28.550665
 12.206331 29.947729 0.033391513 31.451093 -1.503364 28.553415
 12.210048 29.979828 0.033355762 31.450537 -1.4707088 28.55616
 12.213765 29.987677 0.033347032 31.449978 -1.4623011 28.558899
 12.217481 29.982397 0.033352904 31.449416 -1.4670192 28.561633
 12.221198 29.970135 0.03336655 31.448852 -1.4787177 28.564361
 12.224915 29.955597 0.033382743 31.448286 -1.4926892 28.567084
 12.228632 29.974613 0.033361565 31.447717 -1.4731043 28.569801
 12.232348 30.034868 0.033294636 31.447146 -1.4122781 28.572513
 12.236065 30.11993 0.033200608 31.446573 -1.3266426 28.57522
 12.239782 30.149742 0.03316778 31.445997 -1.2962549 28.577922
 12.243499 30.13233 0.033186946 31.445419 -1.3130888 28.580618
 12.247215 30.127462 0.033192308 31.444838 -1.3173758 28.583308
 12.250932 30.165176 0.033150809 31.444255 -1.279079 28.585994
 12.254649 30.197891 0.033114895 31.44367 -1.2457789 28.588674
 12.258366 30.22121 0.033089343 31.443083 -1.2218722 28.591349
 12.262082 30.256002 0.033051293 31.442493 -1.1864905 28.594019
 12.265799 30.280743 0.033024289 31.441901 -1.1611583 28.596683
 12.269516 30.277451 0.03302788 31.441307 -1.1638561 28.599342
 12.273232 30.316063 0.032985814 31.44071 -1.1246472 28.601996
 12.276949 30.382616 0.032913558 31.440111 -1.0574954 28.604645
 12.280666 30.410046 0.03288387 31.43951 -1.0294649 28.607289
 12.284383 30.43679 0.032854975 31.438907 -1.0021169 28.609927
 12.288099 30.491362 0.032796174 31.438302 -0.94694044 28.612561
 12.291816 30.575418 0.032706012 31.437695 -0.86227619 28.615189
 12.295533 30.651699 0.032624619 31.437085 -0.78538603 28.617812
 12.29925 30.736403 0.032534712 31.436473 -0.70007083 28.62043
 12.302966 30.831163 0.032434715 31.43586 -0.60469616 28.623043
 12.306683 30.944159 0.032316277 31.435244 -0.49108515 28.625651
 12.3104 31.062317 0.032193349 31.434626 -0.37230878 28.628254
 12.314117 31.212023 0.032038936 31.434006 -0.22198289 28.630852
 12.317833 31.423092 0.03182373 31.433384 -0.010291717 28.633445
 12.32155 31.720303 0.03152555 31.432759 0.28754311 28.636032
 12.325267 32.097664 0.031154915 31.61828 0.47938402 28.638615
 12.328984 32.635551 0.030641431 31.833679 0.80187219 28.641193
 12.3327 33.470539 0.029877021 32.292748 1.1777908 28.643766
 12.336417 34.783688 0.028749108 33.21267 1.5710173 28.646335
 12.340134 36.827377 0.027153712 34.966355 1.8610228 28.648898
 12.343851 40.012318 0.024992304 38.083346 1.928972 28.651456
 12.347567 44.901115 0.022271162 43.255343 1.645772 28.65401
 12.351284 52.280384 0.019127633 51.297593 0.98279131 28.656558
 12.355001 63.188572 0.015825646 63.006229 0.18234251 28.659102
 12.358718 78.433716 0.012749619 78.758552 -0.32483621 28.661641
 12.362434 98.699684 0.010131745 98.373998 0.32568613 28.664175
 12.366151 123.1255 0.0081217942 120.84448 2.2810195 28.666705
 12.369868 149.88333 0.006671856 144.11649 5.766838 28.669229
 12.373585 175.52472 0.0056972032 165.46486 10.059856 28.671749
 12.377301 195.92932 0.0051038813 181.9086 14.020722 28.674265
 12.381018 207.90819 0.0048098154 190.75652 17.151671 28.676775
 12.384735 209.39041 0.0047757679 190.65712 18.733287 28.679281
 12.388451 200.72156 0.0049820259 181.62851 19.093052 28.681782
 12.392168 183.69833 0.0054437075 165.06733 18.631 28.684279
 12.395885 161.45171 0.0061938026 143.64335 17.808354 28.68677
 12.399602 137.45645 0.0072750314 120.36177 17.094677 28.689258
 12.403318 114.61249 0.0087250527 97.926361 16.686127 28.69174
 12.407035 94.573357 0.010573803 78.383872 16.189485 28.694218
 12.410752 77.858124 0.012843875 62.717837 15.140287 28.696692
 12.414469 64.34214 0.015541914 51.091237 13.250903 28.699161
 12.418185 53.906242 0.018550727 43.107879 10.798363 28.701625
 12.421902 46.288525 0.021603627 37.987457 8.3010674 28.704085
 12.425619 40.983379 0.024400135 34.904816 6.0785638 28.706541
 12.429336 37.489075 0.026674438 33.169411 4.3196641 28.708992
 12.433052 35.267155 0.028354995 32.261675 3.0054799 28.711438
 12.436769 33.864914 0.029529087 31.808437 2.0564764 28.71388
 12.440486 32.948875 0.030350049 31.59523 1.3536458 28.716318
 12.444203 32.336514 0.030924793 31.411133 0.92538022 28.718752
 12.447919 31.925934 0.031322498 31.41045 0.51548375 28.72118
 12.451636 31.657673 0.031587919 31.409765 0.24790749 28.723605
 12.455353 31.496756 0.031749302 31.409079 0.087676332 28.726025
 12.45907 31.378672 0.031868781 31.408392 -0.029720169 28.728441
 12.462786 31.272806 0.031976664 31.407703 -0.13489675 28.730853
 12.466503 31.151937 0.032100732 31.407013 -0.25507513 28.73326
 12.47022 31.019932 0.032237337 31.406321 -0.38638927 28.735663
 12.473937 30.942856 0.032317638 31.405628 -0.4627723 28.738062
 12.477653 30.930174 0.032330888 31.404934 -0.47475998 28.740457
 12.48137 30.927504 0.03233368 31.404238 -0.4767347 28.742847
 12.485087 30.859093 0.03240536 31.403541 -0.54444879 28.745233
 12.488803 30.780821 0.032487763 31.402843 -0.62202253 28.747615
 12.49252 30.760468 0.032509259 31.402144 -0.64167648 28.749993
 12.496237 30.74217 0.032528608 31.401443 -0.65927317 28.752367
 12.499954 30.710726 0.032561914 31.400742 -0.69001596 28.754737
 12.50367 30.708927 0.032563821 31.400039 -0.69111161 28.757102
 12.507387 30.717426 0.032554811 31.399335 -0.68190833 28.759464
 12.511104 30.702795 0.032570325 31.398629 -0.69583435 28.761821
 12.514821 30.68165 0.032592771 31.397923 -0.71627279 28.764175
 12.518537 30.655949 0.032620096 31.397215 -0.74126676 28.766524
 12.522254 30.632074 0.03264552 31.396507 -0.76443246 28.76887
 12.525971 30.628361 0.032649478 31.395797 -0.76743637 28.771211
 12.529688 30.703871 0.032569183 31.395086 -0.69121558 28.773549
 12.533404 30.822615 0.032443711 31.394375 -0.57175987 28.775882
 12.537121 30.95933 0.032300441 31.458884 -0.49955451 28.778212
 12.540838 31.110189 0.032143809 31.532739 -0.42254927 28.780538
 12.544555 31.327072 0.031921272 31.690278 -0.3632056 28.78286
 12.548271 31.699575 0.031546164 32.00787 -0.30829439 28.785178
 12.551988 32.364834 0.030897733 32.614384 -0.24954969 28.787492
 12.555705 33.453575 0.029892171 33.692105 -0.23852938 28.789802
 12.559422 35.095573 0.028493622 35.48596 -0.39038672 28.792109
 12.563138 37.529934 0.026645397 38.302395 -0.77246102 28.794412
 12.566855 41.096802 0.024332794 42.411179 -1.314377 28.796711
 12.570572 46.243126 0.021624836 47.980987 -1.7378614 28.799006
 12.574289 53.107079 0.018829882 54.99007 -1.8829912 28.801298
 12.578005 61.573082 0.016240863 63.113426 -1.5403442 28.803586
 12.581722 70.92971 0.014098464 71.656879 -0.72716861 28.80587
 12.585439 80.02552 0.012496014 79.675504 0.35001643 28.808151
 12.589156 87.609413 0.011414299 86.062953 1.5464604 28.810428
 12.592872 92.44088 0.010817725 89.849269 2.5916104 28.812701
 12.596589 93.80883 0.010659977 90.440386 3.3684445 28.814971
 12.600306 91.505547 0.010928299 87.724885 3.7806616 28.817237
 12.604022 86.111313 0.011612876 82.118201 3.9931116 28.8195
 12.607739 78.687172 0.012708552 74.546301 4.1408713 28.821759
 12.611456 70.322945 0.01422011 66.066265 4.2566799 28.824015
 12.615173 62.019306 0.016124011 57.704279 4.3150274 28.826267
 12.618889 54.576195 0.018323007 50.255853 4.3203417 28.828516
 12.622606 48.319748 0.020695472 44.160628 4.1591198 28.830761
 12.626323 43.262619 0.023114643 39.548878 3.713741 28.833003
 12.63004 39.295761 0.025448037 36.324111 2.9716496 28.835242
 12.633756 36.304825 0.027544548 34.205715 2.09911 28.837477
 12.637473 34.168503 0.02926672 32.904247 1.2642563 28.839708
 12.64119 32.74081 0.030542921 32.159819 0.58099176 28.841937
 12.644907 31.855438 0.031391814 31.758609 0.096829427 28.844162
 12.648623 31.306887 0.031941854 31.553945 -0.24705841 28.846384
 12.65234 30.936167 0.032324625 31.455577 -0.51941058 28.848602
 12.656057 30.704502 0.032568514 31.370426 -0.66592411 28.850818
 12.659774 30.588148 0.032692401 31.36969 -0.78154238 28.85303
 12.66349 30.495302 0.032791936 31.368954 -0.8736522 28.855239
 12.667207 30.372557 0.032924459 31.368218 -0.99566124 28.857444
 12.670924 30.269276 0.0330368 31.367481 -1.0982055 28.859647
 12.674641 30.197456 0.033115372 31.366744 -1.1692878 28.861846
 12.678357 30.110235 0.033211298 31.366007 -1.2557716 28.864042
 12.682074 30.038921 0.033290143 31.365269 -1.3263478 28.866236
 12.685791 30.046555 0.033281686 31.364531 -1.3179768 28.868426
 12.689508 30.053724 0.033273746 31.363793 -1.3100691 28.870613
 12.693224 30.015831 0.033315753 31.363055 -1.3472241 28.872797
 12.696941 29.97941 0.033356227 31.362317 -1.3829065 28.874978
 12.700658 29.961134 0.033376574 31.361578 -1.4004442 28.877156
 12.704374 29.944391 0.033395236 31.360839 -1.4164482 28.879331
 12.708091 29.923649 0.033418384 31.360101 -1.4364519 28.881503
 12.711808 29.885569 0.033460966 31.359362 -1.4737932 28.883672
 12.715525 29.867403 0.033481317 31.358623 -1.4912198 28.885838
 12.719241 29.876078 0.033471596 31.357884 -1.4818062 28.888002
 12.722958 29.873024 0.033475017 31.357145 -1.4841209 28.890162
 12.726675 29.828573 0.033524902 31.356406 -1.5278326 28.89232
 12.730392 29.78039 0.033579144 31.355667 -1.5752769 28.894475
 12.734108 29.767975 0.033593149 31.354928 -1.5869529 28.896627
 12.737825 29.779711 0.03357991 31.354189 -1.5744781 28.898776
 12.741542 29.783888 0.0335752 31.35345 -1.5695622 28.900923
 12.745259 29.775696 0.033584438 31.352711 -1.5770155 28.903067
 12.748975 29.746136 0.033617812 31.351973 -1.605837 28.905208
 12.752692 29.710564 0.033658062 31.351234 -1.6406706 28.907347
 12.756409 29.699087 0.033671069 31.350496 -1.6514088 28.909483
 12.760126 29.678574 0.033694342 31.349758 -1.6711842 28.911616
 12.763842 29.654417 0.033721789 31.34902 -1.6946029 28.913746
 12.767559 29.654272 0.033721954 31.348282 -1.6940102 28.915875
 12.771276 29.679794 0.033692956 31.347545 -1.6677505 28.918
 12.774993 29.691778 0.033679357 31.346808 -1.6550295 28.920123
 12.778709 29.699717 0.033670355 31.346071 -1.6463542 28.922244
 12.782426 29.696241 0.033674295 31.345334 -1.6490929 28.924362
 12.786143 29.663954 0.033710948 31.344598 -1.6806443 28.926477
 12.78986 29.637966 0.033740507 31.343862 -1.7058961 28.92859
 12.793576 29.630884 0.033748571 31.343127 -1.7122427 28.930701
 12.797293 29.641338 0.033736668 31.342392 -1.7010534 28.932809
 12.80101 29.680414 0.033692252 31.341657 -1.661243 28.934915
 12.804727 29.691904 0.033679214 31.340923 -1.649019 28.937019
 12.808443 29.65164 0.033724947 31.340189 -1.6885494 28.93912
 12.81216 29.615215 0.033766427 31.339456 -1.7242408 28.941219
 12.815877 29.609404 0.033773054 31.338723 -1.7293199 28.943315
 12.819593 29.593328 0.0337914 31.337991 -1.7446629 28.94541
 12.82331 29.598364 0.033785651 31.33726 -1.7388959 28.947502
 12.827027 29.623661 0.0337568 31.336529 -1.7128678 28.949592
 12.830744 29.648144 0.033728924 31.335798 -1.6876547 28.95168
 12.83446 29.658394 0.033717268 31.335069 -1.6766748 28.953765
 12.838177 29.663296 0.033711696 31.33434 -1.6710439 28.955849
 12.841894 29.673433 0.033700179 31.333611 -1.6601779 28.95793
 12.845611 29.680914 0.033691685 31.332884 -1.6519696 28.96001
 12.849327 29.689795 0.033681607 31.332156 -1.6423619 28.962087
 12.853044 29.680796 0.033691819 31.33143 -1.6506346 28.964162
 12.856761 29.628218 0.033751608 31.330705 -1.7024871 28.966235
 12.860478 29.593157 0.033791596 31.32998 -1.7368233 28.968307
 12.864194 29.599058 0.033784859 31.329256 -1.730198 28.970376
 12.867911 29.595486 0.033788937 31.328533 -1.7330475 28.972443
 12.871628 29.618467 0.033762719 31.327811 -1.7093437 28.974508
 12.875345 29.673733 0.033699838 31.32709 -1.653357 28.976572
 12.879061 29.687778 0.033683895 31.326369 -1.6385909 28.978634
 12.882778 29.662336 0.033712786 31.32565 -1.6633135 28.980693
 12.886495 29.66341 0.033711566 31.324931 -1.6615211 28.982751
 12.890212 29.683474 0.03368878 31.324214 -1.6407402 28.984808
 12.893928 29.689171 0.033682315 31.323497 -1.6343265 28.986862
 12.897645 29.726049 0.033640528 31.322782 -1.5967324 28.988915
 12.901362 29.772594 0.033587936 31.322067 -1.5494728 28.990966
 12.905079 29.756861 0.033605695 31.321354 -1.5644932 28.993015
 12.908795 29.700434 0.033669542 31.320642 -1.6202079 28.995063
 12.912512 29.688515 0.033683059 31.31993 -1.6314157 28.997109
 12.916229 29.725613 0.033641022 31.31922 -1.5936078 28.999153
 12.919945 29.770599 0.033590187 31.318512 -1.5479121 29.001196
 12.923662 29.783186 0.033575992 31.317804 -1.5346179 29.003237
 12.927379 29.783667 0.03357545 31.317097 -1.5334307 29.005277
 12.931096 29.796919 0.033560517 31.316392 -1.5194733 29.007315
 12.934812 29.79048 0.033567771 31.315688 -1.5252085 29.009351
 12.938529 29.774128 0.033586206 31.314985 -1.5408575 29.011387
 12.942246 29.805426 0.033550938 31.314284 -1.5088584 29.01342
 12.945963 29.853134 0.03349732 31.313584 -1.4604499 29.015453
 12.949679 29.888283 0.033457928 31.312885 -1.4246026 29.017484
 12.953396 30.001337 0.033331848 31.36129 -1.3599533 29.019513
 12.957113 30.189213 0.033124415 31.416223 -1.22701 29.021542
 12.96083 30.362707 0.03293514 31.529139 -1.1664314 29.023568
 12.964546 30.597326 0.032682594 31.746612 -1.1492854 29.025594
 12.968263 31.048592 0.03220758 32.141969 -1.0933778 29.027619
 12.97198 31.740173 0.031505814 32.820612 -1.080439 29.029642
 12.975697 32.72731 0.030555521 33.905518 -1.1782082 29.031664
 12.979413 34.185799 0.029251913 35.52945 -1.3436515 29.033684
 12.98313 36.317951 0.027534593 37.813776 -1.4958252 29.035704
 12.986847 39.324017 0.025429752 40.791164 -1.4671472 29.037723
 12.990564 43.16367 0.023167632 44.381872 -1.2182025 29.03974
 12.99428 47.626595 0.020996672 48.363855 -0.73726069 29.041756
 12.997997 52.372925 0.019093835 52.356314 0.016611155 29.043772
 13.001714 56.737289 0.017625093 55.88004 0.85724938 29.045786
 13.005431 60.145229 0.016626423 58.451423 1.6938065 29.047799
 13.009147 61.978489 0.01613463 59.656785 2.3217036 29.049811
 13.012864 61.988838 0.016131936 59.31272 2.6761181 29.051823
 13.016581 60.21904 0.016606044 57.483475 2.7355654 29.053833
 13.020298 57.075279 0.01752072 54.449489 2.6257898 29.055843
 13.024014 53.157429 0.018812046 50.655056 2.5023728 29.057851
 13.027731 49.032726 0.020394542 46.611966 2.4207598 29.059859
 13.031448 45.177376 0.022134973 42.75662 2.4207558 29.061866
 13.035164 41.792149 0.023927939 39.411498 2.3806509 29.063872
 13.038881 38.842892 0.025744736 36.735105 2.1077871 29.065878
 13.042598 36.386368 0.02748282 34.743059 1.6433086 29.067883
 13.046315 34.502728 0.028983216 33.361828 1.1408994 29.069887
 13.050031 33.130791 0.030183403 32.471523 0.65926721 29.07189
 13.053748 32.11829 0.031134908 31.928825 0.18946525 29.073893
 13.057465 31.391626 0.031855629 31.618206 -0.22657927 29.075895
 13.061182 30.921991 0.032339444 31.452112 -0.53012022 29.077896
 13.064898 30.642633 0.032634271 31.367824 -0.72519092 29.079897
 13.068615 30.502445 0.032784257 31.327006 -0.82456083 29.081898
 13.072332 30.426737 0.032865831 31.290751 -0.86401434 29.083898
 13.076049 30.378088 0.032918464 31.290113 -0.91202542 29.085897
 13.079765 30.334249 0.032966037 31.289478 -0.95522838 29.087896
 13.083482 30.312634 0.032989545 31.288845 -0.97621107 29.089895
 13.087199 30.33263 0.032967797 31.288214 -0.95558341 29.091893
 13.090916 30.368965 0.032928353 31.287585 -0.91861976 29.09389
 13.094632 30.383728 0.032912354 31.286959 -0.90323054 29.095888
 13.098349 30.377832 0.032918741 31.286335 -0.9085022 29.097885
 13.102066 30.357306 0.032941 31.285713 -0.92840753 29.099882
 13.105783 30.357924 0.032940329 31.285094 -0.9271704 29.101878
 13.109499 30.383949 0.032912114 31.284477 -0.90052791 29.103875
 13.113216 30.39093 0.032904554 31.283863 -0.89293275 29.105871
 13.116933 30.39679 0.032898211 31.283251 -0.88646168 29.107867
 13.12065 30.429962 0.032862348 31.282642 -0.85267987 29.109862
 13.124366 30.46059 0.032829305 31.282035 -0.82144503 29.111858
 13.128083 30.513052 0.032772861 31.281431 -0.76837935 29.113853
 13.1318 30.583458 0.032697414 31.28083 -0.69737193 29.115849
 13.135516 30.626291 0.032651684 31.280231 -0.65393975 29.117844
 13.139233 30.661497 0.032614193 31.279635 -0.61813771 29.11984
 13.14295 30.738939 0.032532027 31.279041 -0.54010211 29.121835
 13.146667 30.887897 0.03237514 31.278451 -0.39055315 29.123831
 13.150383 31.094023 0.032160522 31.277863 -0.18383987 29.125826
 13.1541 31.339045 0.031909077 31.399738 -0.060693703 29.127822
 13.157817 31.699335 0.031546403 31.536182 0.16315292 29.129818
 13.161534 32.233898 0.031023241 31.819253 0.41464522 29.131814
 13.16525 32.969597 0.030330974 32.376778 0.59281879 29.13381
 13.168967 34.081226 0.029341667 33.41737 0.66385654 29.135806
 13.172684 35.819088 0.027918075 35.231089 0.58799893 29.137803
 13.176401 38.526543 0.025956131 38.200284 0.32625876 29.1398
 13.180117 42.626041 0.023459837 42.799188 -0.17314655 29.141797
 13.183834 48.65345 0.020553527 49.427788 -0.77433823 29.143795
 13.187551 57.229073 0.017473636 58.335715 -1.1066427 29.145793
 13.191268 68.698174 0.014556428 69.484008 -0.78583469 29.147791
 13.194984 83.028755 0.01204402 82.369157 0.65959843 29.14979
 13.198701 99.055489 0.010095352 95.944198 3.1112909 29.151789
 13.202418 115.12702 0.0086860581 108.78025 6.3467712 29.153788
 13.206135 129.03586 0.0077497838 119.18549 9.8503662 29.155789
 13.209851 138.53804 0.0072182341 125.66173 12.876308 29.157789
 13.213568 142.41156 0.0070219019 127.23142 15.180138 29.159791
 13.217285 139.85539 0.0071502427 123.61656 16.238833 29.161792
 13.221002 131.96271 0.0075778985 115.35304 16.60967 29.163795
 13.224718 120.05549 0.0083294817 103.76658 16.288911 29.165798
 13.228435 105.9938 0.0094345137 90.444538 15.549267 29.167802
 13.232152 91.739838 0.01090039 76.992649 14.747189 29.169807
 13.235868 78.604576 0.012721906 64.724404 13.880172 29.171812
 13.239585 67.18557 0.014884149 54.437654 12.747916 29.173818
 13.243302 57.668781 0.017340405 46.453959 11.214823 29.175825
 13.247019 49.99086 0.020003657 40.71025 9.2806096 29.177833
 13.250735 44.056236 0.022698262 36.825302 7.2309342 29.179841
 13.254452 39.737133 0.025165379 34.362929 5.3742039 29.181851
 13.258169 36.72303 0.027230868 32.90756 3.8154701 29.183861
 13.261886 34.74091 0.028784508 32.09462 2.6462899 29.185873
 13.265602 33.427174 0.029915781 31.664972 1.7622021 29.187885
 13.269319 32.596954 0.030677713 31.451215 1.1457394 29.189898
 13.273036 32.100262 0.031152394 31.260177 0.84008507 29.191913
 13.276753 31.82855 0.031418333 31.259698 0.56885203 29.193928
 13.280469 31.653109 0.031592474 31.259224 0.39388489 29.195945
 13.284186 31.457073 0.031789353 31.258753 0.19832033 29.197963
 13.287903 31.275427 0.031973984 31.258286 0.017141003 29.199982
 13.29162 31.185198 0.032066495 31.257823 -0.072624796 29.202002
 13.295336 31.151697 0.03210098 31.257363 -0.10566607 29.204023
 13.299053 31.108334 0.032145727 31.256908 -0.14857414 29.206046
 13.30277 31.050833 0.032205255 31.256456 -0.20562335 29.20807
 13.306487 31.043648 0.032212709 31.256008 -0.21236062 29.210095
 13.310203 31.062542 0.032193115 31.255565 -0.19302268 29.212122
 13.31392 31.04196 0.032214461 31.255125 -0.21316512 29.21415
 13.317637 31.006859 0.032250929 31.254689 -0.24783031 29.216179
 13.321354 31.00828 0.032249451 31.254257 -0.24597762 29.21821
 13.32507 31.046421 0.032209832 31.25383 -0.20740879 29.220243
 13.328787 31.08395 0.032170943 31.253406 -0.1694563 29.222276
 13.332504 31.103138 0.032151097 31.252987 -0.14984899 29.224312
 13.336221 31.12962 0.032123746 31.252572 -0.12295215 29.226349
 13.339937 31.189556 0.032062014 31.252161 -0.062604616 29.228387
 13.343654 31.300373 0.031948501 31.251754 0.048619148 29.230428
 13.347371 31.423798 0.031823016 31.251351 0.17244624 29.23247
 13.351087 31.543547 0.031702206 31.250953 0.29259357 29.234513
 13.354804 31.764112 0.03148207 31.40728 0.35683201 29.236559
 13.358521 32.118381 0.031134819 31.579774 0.53860738 29.238606
 13.362238 32.602875 0.030672142 31.930047 0.67282743 29.240655
 13.365954 33.351669 0.029983507 32.604965 0.74670413 29.242705
 13.369671 34.611557 0.028892084 33.821661 0.78989553 29.244758
 13.373388 36.565006 0.027348553 35.885037 0.67996951 29.246812
 13.377105 39.556152 0.025280517 39.206732 0.34942023 29.248869
 13.380821 43.983795 0.022735646 44.188616 -0.20482047 29.250927
 13.384538 50.496609 0.01980331 51.176037 -0.6794284 29.252988
 13.388255 59.516315 0.016802115 60.342602 -0.82628636 29.25505
 13.391972 71.22522 0.014039971 71.512745 -0.28752521 29.257114
 13.395688 85.39695 0.01171002 84.023772 1.3731779 29.259181
 13.399405 100.6638 0.0099340574 96.794225 3.8695783 29.261249
 13.403122 115.42737 0.0086634566 108.35806 7.0693081 29.26332
 13.406839 127.63766 0.0078346784 117.1798 10.457855 29.265393
 13.410555 135.44168 0.0073832515 121.98868 13.453002 29.267468
 13.414272 137.62012 0.0072663795 122.01267 15.607444 29.269546
 13.417989 133.71919 0.007478358 117.20886 16.510337 29.271625
 13.421706 124.98474 0.0080009767 108.39285 16.591896 29.273707
 13.425422 112.9155 0.0088561803 96.841009 16.074488 29.275792
 13.429139 99.407921 0.010059561 84.071146 15.336775 29.277878
 13.432856 86.143448 0.011608544 71.557166 14.586282 29.279968
 13.436573 74.16243 0.013483916 60.384764 13.777666 29.282059
 13.440289 63.904896 0.015648253 51.196298 12.708597 29.284153
 13.444006 55.286457 0.018087612 44.205166 11.081291 29.28625
 13.447723 48.33675 0.020688193 39.219504 9.1172465 29.288349
 13.451439 42.922699 0.023297696 35.890619 7.0320796 29.290451
 13.455156 38.894634 0.025710487 33.81888 5.0757542 29.292555
 13.458873 36.093578 0.027705759 32.600768 3.4928103 29.294662
 13.46259 34.310669 0.029145453 31.924167 2.3865023 29.296771
 13.466306 33.204136 0.03011673 31.570882 1.6332536 29.298884
 13.470023 32.485256 0.030783196 31.397767 1.0874895 29.300999
 13.47374 31.987463 0.031262248 31.240414 0.74704904 29.303117
 13.477457 31.679241 0.031566413 31.24018 0.43906157 29.305237
 13.481173 31.479547 0.031766657 31.239951 0.23959685 29.307361
 13.48489 31.34132 0.031906761 31.239727 0.10159294 29.309487
 13.488607 31.264053 0.031985616 31.239509 0.024544359 29.311616
 13.492324 31.189842 0.03206172 31.239296 -0.049454079 29.313749
 13.49604 31.077488 0.032177633 31.239089 -0.16160123 29.315884
 13.499757 30.971033 0.032288235 31.238888 -0.26785446 29.318022
 13.503474 30.927612 0.032333566 31.238692 -0.3110792 29.320163
 13.507191 30.93096 0.032330067 31.238501 -0.30754135 29.322307
 13.510907 30.925318 0.032335965 31.238316 -0.31299847 29.324455
 13.514624 30.904726 0.032357511 31.238137 -0.33341103 29.326605
 13.518341 30.883453 0.032379799 31.237964 -0.3545102 29.328759
 13.522058 30.881573 0.03238177 31.237796 -0.35622311 29.330916
 13.525774 30.91552 0.032346213 31.237634 -0.32211413 29.333076
 13.529491 30.963724 0.032295857 31.237478 -0.27375349 29.33524
 13.533208 31.015888 0.03224154 31.237327 -0.22143904 29.337407
 13.536925 31.056143 0.032199749 31.237183 -0.18103993 29.339577
 13.540641 31.10301 0.032151229 31.237044 -0.13403392 29.341751
 13.544358 31.216614 0.032034224 31.236911 -0.020297603 29.343928
 13.548075 31.346716 0.031901268 31.236785 0.1099313 29.346108
 13.551792 31.459021 0.031787385 31.376491 0.082529351 29.348292
 13.555508 31.639906 0.031605657 31.528854 0.11105144 29.350479
 13.559225 32.026684 0.031223963 31.834182 0.19250143 29.35267
 13.562942 32.704121 0.030577187 32.414334 0.28978681 29.354865
 13.566658 33.756065 0.029624306 33.446992 0.30907364 29.357063
 13.570375 35.361996 0.028278947 35.177409 0.18458716 29.359265
 13.574092 37.756775 0.026485313 37.932174 -0.1753993 29.361471
 13.577809 41.317226 0.02420298 42.017359 -0.70013297 29.36368
 13.581525 46.443199 0.021531678 47.687978 -1.2447788 29.365893
 13.585242 53.663013 0.018634809 55.054437 -1.3914234 29.36811
 13.588959 62.932777 0.015889971 63.94125 -1.0084723 29.370331
 13.592676 74.048218 0.013504714 73.799168 0.24905021 29.372556
 13.596392 86.00441 0.011627311 83.760301 2.2441086 29.374784
 13.600109 97.411179 0.010265762 92.670788 4.7403903 29.377017
 13.603826 106.76379 0.0093664712 99.353966 7.4098276 29.379253
 13.607543 112.49771 0.0088890697 102.85282 9.6448901 29.381494
 13.611259 113.87643 0.0087814481 102.60549 11.270942 29.383738
 13.614976 110.65149 0.009037384 98.627674 12.023816 29.385987
 13.618693 103.8027 0.0096336611 91.578072 12.224624 29.38824
 13.62241 94.47879 0.010584386 82.460041 12.018749 29.390497
 13.626126 84.017494 0.011902283 72.450431 11.567063 29.392758
 13.629843 73.771919 0.013555293 62.680324 11.091596 29.395023
 13.63356 64.493614 0.015505411 53.976086 10.517528 29.397293
 13.637277 56.488197 0.017702813 46.825086 9.6631117 29.399567
 13.640993 49.795414 0.020082171 41.381572 8.4138417 29.401845
 13.64471 44.346436 0.022549727 37.494975 6.8514603 29.404128
 13.648427 40.108486 0.02493238 34.894727 5.2137587 29.406415
 13.652144 36.996891 0.027029298 33.272499 3.7243915 29.408707
 13.65586 34.772205 0.028758602 32.314798 2.4574076 29.411003
 13.659577 33.315418 0.030016132 31.780663 1.5347548 29.413303
 13.663294 32.444809 0.030821572 31.500618 0.94419059 29.415608
 13.66701 31.898209 0.031349723 31.362625 0.53558403 29.417918
 13.670727 31.484463 0.031761698 31.236163 0.24829951 29.420232
 13.674444 31.176378 0.032075567 31.236259 -0.059880814 29.422552
 13.678161 30.975729 0.03228334 31.236362 -0.26063308 29.424875
 13.681877 30.879887 0.032383539 31.236472 -0.35658563 29.427204
 13.685594 30.83642 0.032429186 31.23659 -0.40016959 29.429537
 13.689311 30.76071 0.032509003 31.236714 -0.47600454 29.431875
 13.693028 30.683929 0.03259035 31.236846 -0.55291682 29.434218
 13.696744 30.656569 0.032619437 31.236986 -0.580417 29.436566
 13.700461 30.67868 0.032595926 31.237132 -0.55845174 29.438919
 13.704178 30.710201 0.03256247 31.237286 -0.52708493 29.441276
 13.707895 30.684696 0.032589536 31.237448 -0.55275146 29.443639
 13.711611 30.614281 0.032664494 31.237617 -0.62333589 29.446007
 13.715328 30.565388 0.032716745 31.237793 -0.67240528 29.44838
 13.719045 30.538223 0.032745847 31.237977 -0.69975373 29.450758
 13.722762 30.532795 0.032751669 31.238169 -0.7053736 29.453141
 13.726478 30.546068 0.032737438 31.238368 -0.69229951 29.455529
 13.730195 30.556911 0.032725821 31.238575 -0.68166304 29.457923
 13.733912 30.550287 0.032732916 31.238789 -0.68850176 29.460321
 13.737629 30.556431 0.032726335 31.239011 -0.68258039 29.462725
 13.741345 30.633293 0.032644221 31.239241 -0.60594802 29.465135
 13.745062 30.766565 0.032502816 31.313486 -0.54692097 29.46755
 13.748779 30.903278 0.032359026 31.394388 -0.49110988 29.46997
 13.752496 31.094248 0.032160289 31.55537 -0.46112228 29.472396
 13.756212 31.41634 0.03183057 31.860945 -0.44460487 29.474827
 13.759929 31.967443 0.031281826 32.409665 -0.44222198 29.477264
 13.763646 32.802521 0.030485462 33.333344 -0.53082279 29.479706
 13.767363 34.023785 0.029391204 34.796908 -0.77312382 29.482154
 13.771079 35.794376 0.027937349 36.996115 -1.2017385 29.484607
 13.774796 38.461845 0.025999793 40.070826 -1.6089808 29.487066
 13.778513 42.250896 0.023668137 44.089329 -1.838433 29.489531
 13.782229 47.27829 0.021151357 48.987123 -1.7088336 29.492002
 13.785946 53.404129 0.018725144 54.496864 -1.0927353 29.494479
 13.789663 60.151527 0.016624682 60.149345 0.0021825996 29.496961
 13.79338 66.805687 0.014968786 65.339568 1.4661186 29.499449
 13.797096 72.38546 0.013814929 69.379185 3.0062744 29.501943
 13.800813 76.12001 0.01313715 71.707792 4.4122188 29.504443
 13.80453 77.555916 0.012893923 71.981983 5.5739332 29.506949
 13.808247 76.356926 0.013096389 70.142484 6.2144424 29.509462
 13.811963 72.99099 0.013700321 66.465637 6.5253522 29.51198
 13.81568 68.048683 0.014695362 61.50597 6.5427134 29.514504
 13.819397 62.247337 0.016064944 55.908901 6.3384368 29.517034
 13.823114 56.282818 0.017767412 50.315212 5.9676062 29.519571
 13.82683 50.78754 0.019689869 45.236601 5.5509397 29.522114
 13.830547 46.025974 0.021726862 40.981293 5.0446809 29.524663
 13.834264 42.007942 0.023805022 37.673448 4.3344939 29.527218
 13.837981 38.780849 0.025785923 35.279218 3.5016319 29.52978
 13.841697 36.18631 0.02763476 33.647501 2.5388084 29.532348
 13.845414 34.224651 0.029218705 32.603118 1.6215333 29.534923
 13.849131 32.847019 0.030444163 31.979127 0.86789232 29.537504
 13.852848 31.947531 0.031301324 31.625131 0.32239973 29.540091
 13.856564 31.354126 0.031893729 31.435278 -0.081152388 29.542685
 13.860281 30.966925 0.032292519 31.339564 -0.37263955 29.545286
 13.863998 30.671511 0.032603546 31.29416 -0.62264966 29.547893
 13.867715 30.478626 0.032809878 31.251936 -0.77330985 29.550507
 13.871431 30.419003 0.032874188 31.252461 -0.83345817 29.553128
 13.875148 30.445101 0.032846007 31.252994 -0.80789363 29.555755
 13.878865 30.445066 0.032846044 31.253537 -0.8084708 29.55839
 13.882581 30.388845 0.032906811 31.254089 -0.86524382 29.56103
 13.886298 30.290945 0.033013166 31.25465 -0.96370542 29.563678
 13.890015 30.174519 0.033140545 31.255221 -1.0807024 29.566333
 13.893732 30.134527 0.033184526 31.255801 -1.1212735 29.568995
 13.897448 30.17264 0.033142609 31.25639 -1.0837499 29.571663
 13.901165 30.214781 0.033096384 31.256988 -1.0422074 29.574339
 13.904882 30.226061 0.033084033 31.257596 -1.0315352 29.577022
 13.908599 30.182825 0.033131425 31.258213 -1.0753883 29.579712
 13.912315 30.134352 0.033184719 31.25884 -1.1244884 29.582409
 13.916032 30.149267 0.033168302 31.259476 -1.1102092 29.585113
 13.919749 30.187555 0.033126233 31.260122 -1.072567 29.587824
 13.923466 30.200411 0.033112132 31.260778 -1.0603669 29.590543
 13.927182 30.198538 0.033114186 31.261443 -1.062905 29.593269
 13.930899 30.206245 0.033105736 31.262118 -1.0558722 29.596002
 13.934616 30.232689 0.03307678 31.294025 -1.061336 29.598743
 13.938333 30.258677 0.033048372 31.328277 -1.0696003 29.601491
 13.942049 30.310125 0.032992275 31.397956 -1.0878307 29.604247
 13.945766 30.425209 0.032867482 31.531471 -1.1062617 29.60701
 13.949483 30.639496 0.032637613 31.773627 -1.1341313 29.609781
 13.9532 31.025375 0.032231681 32.191633 -1.1662574 29.612559
 13.956916 31.641113 0.031604451 32.872013 -1.2309 29.615345
 13.960633 32.514652 0.030755365 33.909952 -1.3953 29.618138
 13.96435 33.755775 0.02962456 35.398161 -1.6423859 29.62094
 13.968067 35.565182 0.028117388 37.40972 -1.8445384 29.623749
 13.971783 37.971268 0.026335702 39.931669 -1.9604015 29.626566
 13.9755 41.05154 0.024359622 42.86802 -1.8164799 29.62939
 13.979217 44.598709 0.022422174 46.015646 -1.416937 29.632223
 13.982934 48.294399 0.020706335 49.063937 -0.76953795 29.635063
 13.98665 51.732857 0.019330075 51.654404 0.078452941 29.637912
 13.990367 54.405624 0.018380453 53.443309 0.96231499 29.640768
 13.994084 55.913052 0.017884912 54.14791 1.7651417 29.643633
 13.9978 55.981899 0.017862917 53.680372 2.3015272 29.646506
 14.001517 54.777279 0.018255744 52.112635 2.6646443 29.649386
 14.005234 52.434734 0.019071328 49.666807 2.7679271 29.652275
 14.008951 49.393261 0.020245677 46.682979 2.7102816 29.655173
 14.012667 46.15498 0.021666135 43.530875 2.6241044 29.658078
 14.016384 43.107883 0.023197613 40.527417 2.5804669 29.660992
 14.020101 40.369423 0.024771224 37.910668 2.4587552 29.663914
 14.023818 37.892513 0.026390437 35.794677 2.0978358 29.666844
 14.027534 35.781307 0.027947554 34.197606 1.5837011 29.669783
 14.031251 34.148533 0.029283835 33.072133 1.0764001 29.672731
 14.034968 32.943695 0.030354822 32.329294 0.61440078 29.675687
 14.038685 32.002033 0.031248015 31.865394 0.13663884 29.678651
 14.042401 31.281069 0.031968217 31.592722 -0.31165365 29.681624
 14.046118 30.789644 0.032478453 31.443106 -0.6534619 29.684606
 14.049835 30.50658 0.032779813 31.364924 -0.85834382 29.687596
 14.053552 30.33337 0.032966993 31.326448 -0.99307764 29.690596
 14.057268 30.236759 0.033072327 31.291101 -1.0543421 29.693604
 14.060985 30.1773 0.033137491 31.29214 -1.1148405 29.69662
 14.064702 30.138924 0.033179685 31.29319 -1.1542661 29.699646
 14.068419 30.159477 0.033157073 31.294251 -1.1347734 29.70268
 14.072135 30.195761 0.033117232 31.295323 -1.0995621 29.705724
 14.075852 30.176392 0.033138488 31.296406 -1.1200146 29.708776
 14.079569 30.118502 0.033202183 31.297501 -1.1789992 29.711838
 14.083286 30.064438 0.033261889 31.298607 -1.234169 29.714908
 14.087002 30.071869 0.03325367 31.299724 -1.2278554 29.717988
 14.090719 30.131147 0.033188248 31.300853 -1.1697058 29.721077
 14.094436 30.16744 0.033148321 31.301993 -1.134553 29.724175
 14.098152 30.167585 0.033148162 31.303145 -1.1355599 29.727282
 14.101869 30.150246 0.033167226 31.304309 -1.154063 29.730399
 14.105586 30.153261 0.033163909 31.305484 -1.1522224 29.733525
 14.109303 30.208838 0.033102896 31.30667 -1.0978326 29.73666
 14.113019 30.283707 0.033021057 31.307868 -1.0241617 29.739805
 14.116736 30.344238 0.032955185 31.309078 -0.96484008 29.742959
 14.120453 30.428217 0.032864233 31.3103 -0.88208314 29.746123
 14.12417 30.606367 0.03267294 31.422705 -0.81633765 29.749296
 14.127886 30.915739 0.032345984 31.543641 -0.62790152 29.752479
 14.131603 31.316355 0.031932197 31.782959 -0.4666039 29.755672
 14.13532 31.798056 0.031448464 32.233309 -0.43525357 29.758874
 14.139037 32.530071 0.030740787 33.04487 -0.51479839 29.762086
 14.142753 33.768997 0.029612961 34.413556 -0.64455929 29.765308
 14.14647 35.627472 0.028068228 36.589635 -0.96216289 29.76854
 14.150187 38.403854 0.026039053 39.86557 -1.4617157 29.771781
 14.153904 42.431282 0.023567518 44.491247 -2.0599649 29.775033
 14.15762 48.297852 0.020704855 50.593331 -2.2954799 29.778294
 14.161337 56.016769 0.017851797 58.111545 -2.0947759 29.781565
 14.165054 65.614525 0.015240528 66.71704 -1.1025149 29.784847
 14.168771 76.420059 0.01308557 75.729939 0.69011986 29.788138
 14.172487 87.384903 0.011443624 84.251888 3.1330151 29.79144
 14.176204 97.16391 0.010291887 91.239884 5.9240255 29.794752
 14.179921 104.03926 0.0096117561 95.731264 8.3079966 29.798074
 14.183638 107.43956 0.0093075586 97.098992 10.340568 29.801406
 14.187354 106.75152 0.0093675483 95.138095 11.613423 29.804749
 14.191071 102.34808 0.0097705787 90.08462 12.263464 29.808102
 14.194788 94.980843 0.010528439 82.733077 12.247765 29.811466
 14.198505 85.935768 0.011636598 74.050707 11.885061 29.814839
 14.202221 76.392372 0.013090312 65.051327 11.341045 29.818224
 14.205938 67.342575 0.014849447 56.621439 10.721136 29.821619
 14.209655 59.260471 0.016874655 49.348637 9.9118344 29.825024
 14.213371 52.351383 0.019101692 43.518626 8.8327574 29.828441
 14.217088 46.596867 0.02146067 39.180344 7.4165222 29.831868
 14.220805 41.921223 0.023854266 36.137508 5.7837152 29.835305
 14.224522 38.232662 0.026155647 34.130423 4.1022396 29.838754
 14.228238 35.493664 0.028174043 32.889073 2.6045907 29.842213
 14.231955 33.665932 0.029703619 32.165971 1.4999608 29.845683
 14.235672 32.501434 0.030767873 31.765526 0.73590811 29.849164
 14.239389 31.728996 0.031516913 31.556409 0.17258766 29.852656
 14.243105 31.185673 0.032066007 31.45449 -0.26881704 29.856159
 14.246822 30.768448 0.032500827 31.359142 -0.59069422 29.859673
 14.250539 30.485924 0.032802024 31.360803 -0.87487881 29.863198
 14.254256 30.34289 0.03295665 31.362476 -1.0195866 29.866734
 14.257972 30.307562 0.032995066 31.364164 -1.0566017 29.870282
 14.261689 30.261154 0.033045666 31.365864 -1.10471 29.873841
 14.265406 30.134453 0.033184608 31.367578 -1.2331254 29.877411
 14.269123 30.016302 0.03331523 31.369306 -1.3530037 29.880992
 14.272839 29.958414 0.033379604 31.371047 -1.4126329 29.884585
 14.276556 29.940136 0.033399982 31.372802 -1.4326658 29.888189
 14.280273 29.943575 0.033396146 31.37457 -1.4309952 29.891805
 14.28399 29.907867 0.033436018 31.376352 -1.4684847 29.895432
 14.287706 29.86595 0.033482947 31.378148 -1.5121983 29.89907
 14.291423 29.826273 0.033527488 31.379958 -1.5536845 29.902721
 14.29514 29.77309 0.033587377 31.381781 -1.6086906 29.906383
 14.298857 29.78112 0.03357832 31.383618 -1.6024979 29.910057
 14.302573 29.780546 0.033578968 31.385469 -1.6049232 29.913742
 14.30629 29.719215 0.033648264 31.387335 -1.6681191 29.917439
 14.310007 29.70936 0.033659426 31.389214 -1.6798536 29.921148
 14.313723 29.730236 0.033635791 31.391107 -1.6608708 29.924869
 14.31744 29.714888 0.033653164 31.393014 -1.6781266 29.928602
 14.321157 29.699142 0.033671006 31.394936 -1.6957932 29.932347
 14.324874 29.731684 0.033634153 31.396871 -1.6651875 29.936104
 14.32859 29.7924 0.033565607 31.398821 -1.6064208 29.939874
 14.332307 29.7854 0.033573495 31.400785 -1.6153849 29.943655
 14.336024 29.694153 0.033676664 31.402764 -1.708611 29.947448
 14.339741 29.609331 0.033773137 31.404757 -1.7954255 29.951254
 14.343457 29.598127 0.033785921 31.406764 -1.8086366 29.955072
 14.347174 29.627035 0.033752956 31.408786 -1.7817505 29.958902
 14.350891 29.610889 0.03377136 31.410822 -1.7999325 29.962745
 14.354608 29.575365 0.033811924 31.412873 -1.8375077 29.9666
 14.358324 29.555912 0.033834178 31.414938 -1.8590261 29.970467
 14.362041 29.514183 0.033882015 31.417018 -1.9028352 29.974347
 14.365758 29.469967 0.033932851 31.419113 -1.9491462 29.97824
 14.369475 29.497309 0.033901398 31.421223 -1.9239138 29.982145
 14.373191 29.565258 0.033823483 31.423347 -1.8580889 29.986063
 14.376908 29.604929 0.033778159 31.425486 -1.8205571 29.989994
 14.380625 29.611904 0.033770203 31.42764 -1.815736 29.993937
 14.384342 29.562565 0.033826564 31.429809 -1.8672442 29.997894
 14.388058 29.492241 0.033907223 31.431993 -1.9397521 30.001863
 14.391775 29.481028 0.03392012 31.434192 -1.9531644 30.005845
 14.395492 29.528414 0.033865686 31.436406 -1.9079923 30.00984
 14.399209 29.569693 0.03381841 31.438635 -1.8689427 30.013848
 14.402925 29.567455 0.033820969 31.44088 -1.8734244 30.017869
 14.406642 29.56978 0.03381831 31.443139 -1.8733589 30.021903
 14.410359 29.58144 0.03380498 31.445414 -1.8639741 30.02595
 14.414076 29.548309 0.033842884 31.447704 -1.8993949 30.030011
 14.417792 29.536024 0.03385696 31.45001 -1.9139857 30.034085
 14.421509 29.570303 0.033817712 31.452331 -1.8820278 30.038172
 14.425226 29.549156 0.033841914 31.454667 -1.9055109 30.042272
 14.428942 29.501404 0.033896692 31.457019 -1.9556152 30.046386
 14.432659 29.50321 0.033894617 31.459386 -1.9561764 30.050513
 14.436376 29.531422 0.033862237 31.461769 -1.9303478 30.054654
 14.440093 29.580633 0.033805902 31.464168 -1.883535 30.058808
 14.443809 29.629816 0.033749788 31.466583 -1.8367665 30.062976
 14.447526 29.610914 0.033771331 31.469013 -1.8580984 30.067158
 14.451243 29.55447 0.033835829 31.471459 -1.9169885 30.071353
 14.45496 29.539099 0.033853436 31.47392 -1.9348216 30.075562
 14.458676 29.583542 0.033802579 31.476398 -1.8928561 30.079785
 14.462393 29.649937 0.033726885 31.478892 -1.8289549 30.084022
 14.46611 29.681082 0.033691494 31.481401 -1.8003194 30.088273
 14.469827 29.65085 0.033725846 31.483927 -1.8330765 30.092537
 14.473543 29.601379 0.033782209 31.486468 -1.8850891 30.096816
 14.47726 29.609924 0.033772461 31.489026 -1.879102 30.101108
 14.480977 29.660297 0.033715104 31.4916 -1.8313029 30.105415
 14.484694 29.657063 0.033718781 31.494191 -1.837128 30.109736
 14.48841 29.613361 0.033768541 31.496797 -1.8834356 30.114071
 14.492127 29.695419 0.033675227 31.528879 -1.8334599 30.118421
 14.495844 29.856354 0.033493708 31.562689 -1.7063351 30.122784
 14.499561 29.946026 0.033393413 31.628345 -1.6823188 30.127162
 14.503277 30.072155 0.033253353 31.75241 -1.6802552 30.131555
 14.506994 30.368988 0.032928328 31.978542 -1.6095537 30.135962
 14.510711 30.775908 0.032492949 32.367157 -1.5912491 30.140383
 14.514428 31.302942 0.031945879 32.999319 -1.6963762 30.144819
 14.518144 32.11747 0.031135703 33.978133 -1.8606637 30.14927
 14.521861 33.433796 0.029909855 35.400646 -1.9668496 30.153735
 14.525578 35.239178 0.028377507 37.340482 -2.1013041 30.158215
 14.529294 37.739624 0.026497349 39.823137 -2.0835128 30.16271
 14.533011 40.92868 0.024432745 42.790621 -1.861941 30.167219
 14.536728 44.782036 0.022330383 46.064036 -1.2819999 30.171744
 14.540445 49.062271 0.020382261 49.370656 -0.30838445 30.176283
 14.544161 53.145302 0.018816339 52.353558 0.79174373 30.180837
 14.547878 56.617687 0.017662325 54.63997 1.9777177 30.185407
 14.551595 58.981659 0.016954423 55.92462 3.0570392 30.189991
 14.555312 59.998753 0.016667013 56.019921 3.978832 30.194591
 14.559028 59.457436 0.016818754 54.8955 4.5619358 30.199205
 14.562745 57.461483 0.017402962 52.736258 4.7252249 30.203835
 14.566462 54.501637 0.018348073 49.836868 4.6647688 30.208481
 14.570179 51.010479 0.019603815 46.558489 4.4519899 30.213141
 14.573895 47.39341 0.02109998 43.267747 4.1256626 30.217817
 14.577612 43.920761 0.022768276 40.252135 3.6686258 30.222509
 14.581329 40.831036 0.024491174 37.696638 3.1343974 30.227216
 14.585046 38.262508 0.026135244 35.688459 2.5740498 30.231938
 14.588762 36.104424 0.027697437 34.20452 1.8999038 30.236676
 14.592479 34.363762 0.029100423 33.17439 1.1893723 30.24143
 14.596196 32.986469 0.03031546 32.504759 0.48171027 30.246199
 14.599913 31.983875 0.031265755 32.093967 -0.11009137 30.250984
 14.603629 31.3004 0.031948474 31.855351 -0.55495155 30.255785
 14.607346 30.853859 0.032410857 31.725117 -0.87125799 30.260602
 14.611063 30.582819 0.032698098 31.6593 -1.0764811 30.265435
 14.61478 30.423367 0.032869472 31.628061 -1.204694 30.270284
 14.618496 30.324627 0.032976498 31.598665 -1.2740378 30.275149
 14.622213 30.272427 0.033033361 31.60189 -1.3294638 30.280029
 14.62593 30.24618 0.033062027 31.605134 -1.3589546 30.284926
 14.629647 30.294579 0.033009207 31.608396 -1.3138176 30.28984
 14.633363 30.327452 0.032973427 31.611676 -1.2842247 30.294769
 14.63708 30.267704 0.033038515 31.614975 -1.3472708 30.299715
 14.640797 30.220854 0.033089734 31.618292 -1.3974379 30.304677
 14.644513 30.21587 0.033095191 31.621627 -1.405757 30.309655
 14.64823 30.213873 0.033097379 31.624981 -1.4111077 30.31465
 14.651947 30.263275 0.03304335 31.628353 -1.3650776 30.319661
 14.655664 30.389748 0.032905834 31.631743 -1.2419959 30.324689
 14.65938 30.526567 0.032758351 31.635153 -1.1085853 30.329734
 14.663097 30.552664 0.03273037 31.638581 -1.085917 30.334795
 14.666814 30.524973 0.032760062 31.642027 -1.1170545 30.339873
 14.670531 30.599581 0.032680186 31.645493 -1.0459121 30.344967
 14.674247 30.800072 0.032467457 31.76471 -0.96463861 30.350079
 14.677964 31.104759 0.032149421 31.890372 -0.78561297 30.355207
 14.681681 31.516825 0.031729085 32.138025 -0.62120077 30.360352
 14.685398 32.030945 0.03121981 32.604415 -0.57346981 30.365515
 14.689114 32.847893 0.030443353 33.450268 -0.60237537 30.370694
 14.692831 34.086765 0.029336899 34.8943 -0.80753457 30.37589
 14.696548 35.983803 0.027790281 37.221635 -1.2378324 30.381104
 14.700265 38.781689 0.025785365 40.774931 -1.9932427 30.386335
 14.703981 43.203175 0.023146447 45.903146 -2.6999713 30.391583
 14.707698 49.376431 0.020252578 52.82679 -3.450359 30.396848
 14.711415 58.081867 0.017217077 61.59087 -3.5090029 30.402131
 14.715132 69.213318 0.014448086 71.964502 -2.7511839 30.407431
 14.718848 82.470352 0.01212557 83.294761 -0.82440928 30.412749
 14.722565 96.808388 0.010329683 94.607131 2.2012571 30.418084
 14.726282 110.38455 0.0090592387 104.68889 5.6956596 30.423436
 14.729999 121.72123 0.0082154938 112.24766 9.4735682 30.428807
 14.733715 128.90466 0.0077576713 116.29021 12.61445 30.434195
 14.737432 131.43913 0.0076080843 116.24522 15.193913 30.439601
 14.741149 128.78786 0.0077647072 112.05871 16.729147 30.445024
 14.744865 121.66887 0.0082190293 104.37705 17.291823 30.450466
 14.748582 111.57732 0.0089623952 94.25538 17.321937 30.455925
 14.752299 99.875015 0.010012514 82.929695 16.94532 30.461403
 14.756016 87.959679 0.011368846 71.627689 16.331989 30.466898
 14.759732 76.833458 0.013015163 61.317881 15.515577 30.472411
 14.763449 66.976257 0.014930664 52.60301 14.373248 30.477943
 14.767166 58.58083 0.017070431 45.756134 12.824696 30.483493
 14.770883 51.461773 0.0194319 40.709281 10.752492 30.489061
 14.774599 45.565971 0.021946202 37.203571 8.3624 30.494647
 14.778316 40.966881 0.024409962 34.912437 6.054444 30.500252
 14.782033 37.538136 0.026639576 33.508833 4.0293025 30.505875
 14.78575 35.08297 0.028503858 32.68864 2.3943299 30.511517
 14.789466 33.547993 0.029808043 32.236183 1.3118093 30.517177
 14.793183 32.537029 0.030734213 32.002407 0.53462224 30.522856
 14.7969 31.825113 0.031421726 31.888105 -0.062991221 30.528554
 14.800617 31.331043 0.031917226 31.77901 -0.4479672 30.53427
 14.804333 31.010042 0.032247618 31.783186 -0.77314429 30.540005
 14.80805 30.791149 0.032476865 31.787383 -0.99623414 30.545758
 14.811767 30.667795 0.032607496 31.791601 -1.1238057 30.551531
 14.815484 30.677494 0.032597187 31.795839 -1.1183452 30.557322
 14.8192 30.718508 0.032553665 31.800099 -1.0815908 30.563133
 14.822917 30.58305 0.032697851 31.804379 -1.2213291 30.568962
 14.826634 30.347897 0.032951213 31.80868 -1.4607836 30.574811
 14.830351 30.260275 0.033046626 31.813002 -1.5527276 30.580679
 14.834067 30.304617 0.032998272 31.817346 -1.512729 30.586566
 14.837784 30.303556 0.032999427 31.821711 -1.5181542 30.592472
 14.841501 30.278389 0.033026856 31.826097 -1.5477076 30.598398
 14.845218 30.275253 0.033030277 31.830504 -1.5552504 30.604343
 14.848934 30.312792 0.032989373 31.834932 -1.5221404 30.610307
 14.852651 30.392441 0.032902918 31.876632 -1.4841915 30.616291
 14.856368 30.480103 0.032808289 31.919522 -1.4394195 30.622295
 14.860084 30.558424 0.032724201 32.002431 -1.4440069 30.628318
 14.863801 30.678843 0.032595754 32.157517 -1.4786746 30.63436
 14.867518 30.889454 0.032373509 32.435904 -1.5464501 30.640423
 14.871235 31.229128 0.032021387 32.914862 -1.685734 30.646505
 14.874951 31.822367 0.031424438 33.699069 -1.8767024 30.652607
 14.878668 32.900608 0.030394575 34.907515 -2.0069065 30.658729
 14.882385 34.391773 0.029076721 36.665941 -2.2741674 30.664871
 14.886102 36.431255 0.027448958 39.09119 -2.6599344 30.671033
 14.889818 39.172886 0.025527861 42.214786 -3.0418999 30.677215
 14.893535 42.956501 0.023279363 45.975261 -3.01876 30.683418
 14.897252 47.60083 0.021008037 50.185822 -2.5849918 30.68964
 14.900969 52.729607 0.018964678 54.513108 -1.7835009 30.695883
 14.904685 57.810616 0.017297861 58.520846 -0.71023013 30.702146
 14.908402 62.223709 0.016071045 61.742078 0.48163108 30.708429
 14.912119 65.500885 0.015266969 63.731894 1.768991 30.714733
 14.915836 67.025246 0.014919751 64.225602 2.7996437 30.721057
 14.919552 66.895874 0.014948605 63.159209 3.7366655 30.727402
 14.923269 65.003395 0.015383812 60.675469 4.3279258 30.733767
 14.926986 61.715706 0.016203331 57.112867 4.6028388 30.740153
 14.930703 57.409275 0.017418788 52.939797 4.4694783 30.74656
 14.934419 52.840134 0.018925009 48.618425 4.2217089 30.752988
 14.938136 48.562424 0.020592053 44.555295 4.0071291 30.759436
 14.941853 44.780506 0.022331146 41.029859 3.750647 30.765905
 14.94557 41.525208 0.024081758 38.177913 3.3472943 30.772396
 14.949286 38.707348 0.025834888 36.020664 2.6866835 30.778907
 14.953003 36.350513 0.027509928 34.493594 1.856919 30.785439
 14.95672 34.421597 0.029051529 33.469803 0.9517935 30.791993
 14.960436 32.898273 0.030396732 32.822742 0.075531741 30.798567
 14.964153 31.795792 0.031450703 32.439843 -0.64405142 30.805163
 14.96787 31.131546 0.032121758 32.225095 -1.0935486 30.811781
 14.971587 30.726227 0.032545487 32.111736 -1.3855091 30.818419
 14.975303 30.403454 0.032891 32.056469 -1.6530152 30.825079
 14.97902 30.125204 0.033194796 32.003816 -1.8786116 30.831761
 14.982737 29.966238 0.033370889 32.00905 -2.0428123 30.838464
 14.986454 29.942631 0.033397199 32.014308 -2.0716776 30.845189
 14.99017 29.920729 0.033421646 32.01959 -2.0988612 30.851935
 14.993887 29.84132 0.033510582 32.024895 -2.183575 30.858703
 14.997604 29.800087 0.033556949 32.030224 -2.2301368 30.865493
 15.001321 29.800005 0.033557041 32.035576 -2.2355713 30.872305
