two_theta	y_obs	y_weights	y_calc	y_diff	y_bkg	q_values	d_spacings
0.64726557	30.65519524	0.03262090	0.00000000	0.00000000	0.00000000	0.42630772	14.73861496
0.65098231	29.83406639	0.03351873	0.00000000	0.00000000	0.00000000	0.42875564	14.65446669
0.65469905	29.25030136	0.03418768	0.00000000	0.00000000	0.00000000	0.43120357	14.57127385
0.65841579	29.05618668	0.03441608	0.00000000	0.00000000	0.00000000	0.43365150	14.48902025
0.66213254	29.00091362	0.03448167	0.00000000	0.00000000	0.00000000	0.43609942	14.40769009
0.66584928	29.22503853	0.03421723	0.00000000	0.00000000	0.00000000	0.43854735	14.32726790
0.66956602	29.46074867	0.03394347	0.00000000	0.00000000	0.00000000	0.44099527	14.24773855
0.67328276	29.12308693	0.03433702	0.00000000	0.00000000	0.00000000	0.44344319	14.16908727
0.67699950	27.65679359	0.03615748	0.00000000	0.00000000	0.00000000	0.44589112	14.09129958
0.68071624	26.10845947	0.03830176	0.00000000	0.00000000	0.00000000	0.44833904	14.01436135
0.68443298	25.19525719	0.03969001	0.00000000	0.00000000	0.00000000	0.45078696	13.93825873
0.68814973	24.71274376	0.04046495	0.00000000	0.00000000	0.00000000	0.45323488	13.86297819
0.69186647	24.63957405	0.04058512	0.00000000	0.00000000	0.00000000	0.45568281	13.78850647
0.69558321	24.66433716	0.04054437	0.00000000	0.00000000	0.00000000	0.45813073	13.71483061
0.69929995	24.80411911	0.04031588	0.00000000	0.00000000	0.00000000	0.46057865	13.64193793
0.70301669	25.02916908	0.03995338	0.00000000	0.00000000	0.00000000	0.46302657	13.56981600
0.70673343	25.38303375	0.03939639	0.00000000	0.00000000	0.00000000	0.46547449	13.49845265
0.71045017	25.76605225	0.03881076	0.00000000	0.00000000	0.00000000	0.46792240	13.42783599
0.71416691	25.97580338	0.03849737	0.00000000	0.00000000	0.00000000	0.47037032	13.35795435
0.71788366	26.26952934	0.03806692	0.00000000	0.00000000	0.00000000	0.47281824	13.28879633
0.72160040	26.61513329	0.03757261	0.00000000	0.00000000	0.00000000	0.47526616	13.22035073
0.72531714	26.96686363	0.03708255	0.00000000	0.00000000	0.00000000	0.47771408	13.15260661
0.72903388	27.19447899	0.03677217	0.00000000	0.00000000	0.00000000	0.48016199	13.08555323
0.73275062	27.41968155	0.03647015	0.00000000	0.00000000	0.00000000	0.48260991	13.01918009
0.73646736	27.49412155	0.03637141	0.00000000	0.00000000	0.00000000	0.48505782	12.95347689
0.74018410	27.67434120	0.03613455	0.00000000	0.00000000	0.00000000	0.48750574	12.88843353
0.74390085	27.80927086	0.03595923	0.00000000	0.00000000	0.00000000	0.48995365	12.82404013
0.74761759	27.94833183	0.03578031	0.00000000	0.00000000	0.00000000	0.49240157	12.76028699
0.75133433	28.08763123	0.03560286	0.00000000	0.00000000	0.00000000	0.49484948	12.69716461
0.75505107	28.28907204	0.03534934	0.00000000	0.00000000	0.00000000	0.49729739	12.63466368
0.75876781	28.53715706	0.03504203	0.00000000	0.00000000	0.00000000	0.49974531	12.57277505
0.76248455	28.73968697	0.03479509	0.00000000	0.00000000	0.00000000	0.50219322	12.51148979
0.76620129	28.77363396	0.03475404	0.00000000	0.00000000	0.00000000	0.50464113	12.45079910
0.76991803	28.68780136	0.03485802	0.00000000	0.00000000	0.00000000	0.50708904	12.39069438
0.77363478	28.60637093	0.03495725	0.00000000	0.00000000	0.00000000	0.50953695	12.33116718
0.77735152	28.63229179	0.03492560	0.00000000	0.00000000	0.00000000	0.51198486	12.27220922
0.78106826	28.77168655	0.03475639	0.00000000	0.00000000	0.00000000	0.51443277	12.21381237
0.78478500	28.92438889	0.03457290	0.00000000	0.00000000	0.00000000	0.51688068	12.15596866
0.78850174	28.99930000	0.03448359	0.00000000	0.00000000	0.00000000	0.51932858	12.09867026
0.79221848	29.00082397	0.03448178	0.00000000	0.00000000	0.00000000	0.52177649	12.04190951
0.79593522	29.09023094	0.03437580	0.00000000	0.00000000	0.00000000	0.52422440	11.98567887
0.79965197	29.18894768	0.03425954	0.00000000	0.00000000	0.00000000	0.52667231	11.92997095
0.80336871	29.33367348	0.03409051	0.00000000	0.00000000	0.00000000	0.52912021	11.87477849
0.80708545	29.42925453	0.03397979	0.00000000	0.00000000	0.00000000	0.53156812	11.82009437
0.81080219	29.50635529	0.03389100	0.00000000	0.00000000	0.00000000	0.53401602	11.76591160
0.81451893	29.42961502	0.03397938	0.00000000	0.00000000	0.00000000	0.53646393	11.71222333
0.81823567	29.31889725	0.03410769	0.00000000	0.00000000	0.00000000	0.53891183	11.65902280
0.82195241	29.29048729	0.03414078	0.00000000	0.00000000	0.00000000	0.54135973	11.60630340
0.82566915	29.31763649	0.03410916	0.00000000	0.00000000	0.00000000	0.54380764	11.55405864
0.82938590	29.31552315	0.03411162	0.00000000	0.00000000	0.00000000	0.54625554	11.50228214
0.83310264	29.28207588	0.03415058	0.00000000	0.00000000	0.00000000	0.54870344	11.45096762
0.83681938	29.24784851	0.03419055	0.00000000	0.00000000	0.00000000	0.55115134	11.40010894
0.84053612	29.27845573	0.03415481	0.00000000	0.00000000	0.00000000	0.55359924	11.34970004
0.84425286	29.34998322	0.03407157	0.00000000	0.00000000	0.00000000	0.55604714	11.29973498
0.84796960	29.44123840	0.03396596	0.00000000	0.00000000	0.00000000	0.55849504	11.25020793
0.85168634	29.45671654	0.03394811	0.00000000	0.00000000	0.00000000	0.56094294	11.20111316
0.85540309	29.44580460	0.03396070	0.00000000	0.00000000	0.00000000	0.56339083	11.15244503
0.85911983	29.41053581	0.03400142	0.00000000	0.00000000	0.00000000	0.56583873	11.10419799
0.86283657	29.31225204	0.03411543	0.00000000	0.00000000	0.00000000	0.56828663	11.05636662
0.86655331	29.31132126	0.03411651	0.00000000	0.00000000	0.00000000	0.57073452	11.00894556
0.87027005	29.53506660	0.03385806	0.00000000	0.00000000	0.00000000	0.57318242	10.96192956
0.87398679	29.76672745	0.03359456	0.00000000	0.00000000	0.00000000	0.57563031	10.91531344
0.87770353	29.79578972	0.03356179	0.00000000	0.00000000	0.00000000	0.57807821	10.86909213
0.88142027	29.59135818	0.03379365	0.00000000	0.00000000	0.00000000	0.58052610	10.82326063
0.88513702	29.52048683	0.03387478	0.00000000	0.00000000	0.00000000	0.58297400	10.77781403
0.88885376	29.53316498	0.03386024	0.00000000	0.00000000	0.00000000	0.58542189	10.73274751
0.89257050	29.54453850	0.03384720	0.00000000	0.00000000	0.00000000	0.58786978	10.68805631
0.89628724	29.55875397	0.03383093	0.00000000	0.00000000	0.00000000	0.59031767	10.64373577
0.90000398	29.56274986	0.03382635	0.00000000	0.00000000	0.00000000	0.59276556	10.59978129
0.90372072	29.64845467	0.03372857	0.00000000	0.00000000	0.00000000	0.59521345	10.55618836
0.90743746	29.73197174	0.03363383	0.00000000	0.00000000	0.00000000	0.59766134	10.51295254
0.91115421	29.77479172	0.03358546	0.00000000	0.00000000	0.00000000	0.60010923	10.47006945
0.91487095	29.69441223	0.03367637	0.00000000	0.00000000	0.00000000	0.60255712	10.42753480
0.91858769	29.59436989	0.03379021	0.00000000	0.00000000	0.00000000	0.60500500	10.38534435
0.92230443	29.58031082	0.03380627	0.00000000	0.00000000	0.00000000	0.60745289	10.34349395
0.92602117	29.64163399	0.03373633	0.00000000	0.00000000	0.00000000	0.60990078	10.30197950
0.92973791	29.81170082	0.03354388	0.00000000	0.00000000	0.00000000	0.61234866	10.26079697
0.93345465	29.81716919	0.03353772	0.00000000	0.00000000	0.00000000	0.61479655	10.21994240
0.93717140	29.79009819	0.03356820	0.00000000	0.00000000	0.00000000	0.61724443	10.17941188
0.94088814	29.76662636	0.03359467	0.00000000	0.00000000	0.00000000	0.61969232	10.13920158
0.94460488	29.81119156	0.03354445	0.00000000	0.00000000	0.00000000	0.62214020	10.09930771
0.94832162	29.86018753	0.03348941	0.00000000	0.00000000	0.00000000	0.62458808	10.05972656
0.95203836	29.81318474	0.03354221	0.00000000	0.00000000	0.00000000	0.62703596	10.02045446
0.95575510	29.83980560	0.03351228	0.00000000	0.00000000	0.00000000	0.62948384	9.98148781
0.95947184	29.83623886	0.03351629	0.00000000	0.00000000	0.00000000	0.63193172	9.94282305
0.96318858	29.77453995	0.03358574	0.00000000	0.00000000	0.00000000	0.63437960	9.90445669
0.96690533	29.78204918	0.03357727	0.00000000	0.00000000	0.00000000	0.63682748	9.86638530
0.97062207	29.82992744	0.03352338	0.00000000	0.00000000	0.00000000	0.63927536	9.82860547
0.97433881	29.95385361	0.03338469	0.00000000	0.00000000	0.00000000	0.64172324	9.79111389
0.97805555	30.01997566	0.03331115	0.00000000	0.00000000	0.00000000	0.64417111	9.75390725
0.98177229	29.97623825	0.03335976	0.00000000	0.00000000	0.00000000	0.64661899	9.71698232
0.98548903	29.90510559	0.03343911	0.00000000	0.00000000	0.00000000	0.64906687	9.68033592
0.98920577	29.77164841	0.03358900	0.00000000	0.00000000	0.00000000	0.65151474	9.64396491
0.99292252	29.77278328	0.03358772	0.00000000	0.00000000	0.00000000	0.65396262	9.60786619
0.99663926	29.81381416	0.03354150	0.00000000	0.00000000	0.00000000	0.65641049	9.57203672
1.00035600	29.90070343	0.03344403	30.27821249	-0.37750949	30.27821249	0.65885836	9.53647349
1.00407274	29.89478111	0.03345065	30.28864980	-0.39386880	30.28864980	0.66130623	9.50117356
1.00778948	29.90509987	0.03343911	30.29903344	-0.39393344	30.29903344	0.66375411	9.46613400
1.01150622	29.90040207	0.03344437	30.30936352	-0.40896152	30.30936352	0.66620198	9.43135195
1.01522296	29.90369606	0.03344068	30.31964017	-0.41594417	30.31964017	0.66864985	9.39682457
1.01893970	29.84870529	0.03350229	30.32986350	-0.48115850	30.32986350	0.67109772	9.36254909
1.02265645	29.81320381	0.03354219	30.34030777	-0.52710377	30.34030777	0.67354558	9.32852275
1.02637319	29.84122086	0.03351069	30.35042339	-0.50920239	30.35042339	0.67599345	9.29474285
1.03008993	29.91783714	0.03342488	30.36048606	-0.44264906	30.36048606	0.67844132	9.26120672
1.03380667	29.97472000	0.03336145	30.37049588	-0.39577588	30.37049588	0.68088919	9.22791173
1.03752341	29.98595810	0.03334894	30.38045299	-0.39449499	30.38045299	0.68333705	9.19485529
1.04124015	29.95180893	0.03338697	30.39035749	-0.43854849	30.39035749	0.68578492	9.16203485
1.04495689	29.94264412	0.03339718	30.40047504	-0.45783104	30.40047504	0.68823278	9.12944788
1.04867364	29.93062782	0.03341059	30.41027328	-0.47964528	30.41027328	0.69068064	9.09709191
1.05239038	29.88797569	0.03345827	30.42001926	-0.53204326	30.42001926	0.69312851	9.06496449
1.05610712	29.84059334	0.03351140	30.42971311	-0.58912011	30.42971311	0.69557637	9.03306320
1.05982386	29.86276627	0.03348652	30.43935495	-0.57658895	30.43935495	0.69802423	9.00138566
1.06354060	29.95361328	0.03338495	30.44894490	-0.49533190	30.44894490	0.70047209	8.96992954
1.06725734	29.94370461	0.03339600	30.45874013	-0.51503513	30.45874013	0.70291995	8.93869251
1.07097408	29.93107224	0.03341010	30.46822524	-0.53715324	30.46822524	0.70536781	8.90767229
1.07469082	29.93413353	0.03340668	30.47765880	-0.54352480	30.47765880	0.70781567	8.87686664
1.07840757	29.99234009	0.03334185	30.48704093	-0.49470093	30.48704093	0.71026353	8.84627334
1.08212431	30.01148033	0.03332058	30.49637176	-0.48489176	30.49637176	0.71271138	8.81589020
1.08584105	29.97960854	0.03335601	30.50565139	-0.52604239	30.50565139	0.71515924	8.78571506
1.08955779	29.93756485	0.03340285	30.51512865	-0.57756365	30.51512865	0.71760710	8.75574579
1.09327453	29.89497757	0.03345043	30.52430487	-0.62932687	30.52430487	0.72005495	8.72598029
1.09699127	29.89048767	0.03345546	30.53343024	-0.64294224	30.53343024	0.72250280	8.69641649
1.10070801	29.94139290	0.03339858	30.54250488	-0.60111188	30.54250488	0.72495066	8.66705236
1.10442476	29.97698975	0.03335892	30.55152891	-0.57453891	30.55152891	0.72739851	8.63788586
1.10814150	29.96536636	0.03337186	30.56050244	-0.59513644	30.56050244	0.72984636	8.60891502
1.11185824	29.91774368	0.03342498	30.56966606	-0.65192206	30.56966606	0.73229421	8.58013787
1.11557498	29.88575172	0.03346076	30.57853759	-0.69278559	30.57853759	0.73474206	8.55155248
1.11929172	29.87775040	0.03346972	30.58735897	-0.70960897	30.58735897	0.73718991	8.52315693
1.12300846	29.98424530	0.03335085	30.59613031	-0.61188531	30.59613031	0.73963776	8.49494934
1.12672520	29.99280739	0.03334133	30.60485174	-0.61204474	30.60485174	0.74208561	8.46692785
1.13044194	29.98198318	0.03335336	30.61352336	-0.63154036	30.61352336	0.74453346	8.43909063
1.13415869	29.89496803	0.03345045	30.62237762	-0.72740962	30.62237762	0.74698130	8.41143586
1.13787543	29.90429688	0.03344001	30.63094864	-0.72665164	30.63094864	0.74942915	8.38396175
1.14159217	29.97266960	0.03336373	30.63947019	-0.66680019	30.63947019	0.75187699	8.35666655
1.14530891	30.04151535	0.03328727	30.64794240	-0.60642740	30.64794240	0.75432484	8.32954850
1.14902565	30.10301590	0.03321926	30.65636538	-0.55334938	30.65636538	0.75677268	8.30260590
1.15274239	30.12891197	0.03319071	30.66473924	-0.53582724	30.66473924	0.75922052	8.27583703
1.15645913	30.07527733	0.03324990	30.67328842	-0.59801142	30.67328842	0.76166836	8.24924024
1.16017588	30.02271652	0.03330811	30.68156306	-0.65884606	30.68156306	0.76411620	8.22281386
1.16389262	30.05176735	0.03327591	30.68978893	-0.63802193	30.68978893	0.76656404	8.19655626
1.16760936	30.10101891	0.03322147	30.69796615	-0.59694715	30.69796615	0.76901188	8.17046583
1.17132610	30.16350937	0.03315264	30.70609481	-0.54258581	30.70609481	0.77145972	8.14454098
1.17504284	30.14126968	0.03317710	30.71417504	-0.57290504	30.71417504	0.77390756	8.11878013
1.17875958	30.12010765	0.03320041	30.72242335	-0.60231535	30.72242335	0.77635539	8.09318174
1.18247632	30.03240585	0.03329737	30.73040575	-0.69799975	30.73040575	0.77880323	8.06774428
1.18619307	29.99365234	0.03334039	30.73834005	-0.74468805	30.73834005	0.78125107	8.04246622
1.18990981	30.01440048	0.03331734	30.74622637	-0.73182637	30.74622637	0.78369890	8.01734609
1.19362655	30.05683136	0.03327031	30.75406482	-0.69723382	30.75406482	0.78614673	7.99238239
1.19734329	30.05865288	0.03326829	30.76185551	-0.70320251	30.76185551	0.78859457	7.96757368
1.20106003	30.03716469	0.03329209	30.76980717	-0.73264217	30.76980717	0.79104240	7.94291852
1.20477677	30.00949478	0.03332279	30.77750139	-0.76800639	30.77750139	0.79349023	7.91841548
1.20849351	30.05212212	0.03327552	30.78514820	-0.73302620	30.78514820	0.79593806	7.89406316
1.21221025	30.13282013	0.03318641	30.79274771	-0.65992771	30.79274771	0.79838589	7.86986018
1.21592700	30.22559547	0.03308454	30.80030001	-0.57470501	30.80030001	0.80083372	7.84580517
1.21964374	30.28253555	0.03302233	30.80780523	-0.52526923	30.80780523	0.80328154	7.82189677
1.22336048	30.36876869	0.03292857	30.81546440	-0.44669540	30.81546440	0.80572937	7.79813364
1.22707722	30.34221458	0.03295738	30.82287452	-0.48065952	30.82287452	0.80817720	7.77451447
1.23079396	30.29414940	0.03300967	30.83023789	-0.53608889	30.83023789	0.81062502	7.75103796
1.23451070	30.25435448	0.03305309	30.83755462	-0.58320062	30.83755462	0.81307284	7.72770281
1.23822744	30.24670219	0.03306146	30.84482483	-0.59812283	30.84482483	0.81552067	7.70450775
1.24194419	30.24067879	0.03306804	30.85204861	-0.61136961	30.85204861	0.81796849	7.68145152
1.24566093	30.16241264	0.03315385	30.85941944	-0.69700644	30.85941944	0.82041631	7.65853289
1.24937767	30.13307953	0.03318612	30.86654947	-0.73346947	30.86654947	0.82286413	7.63575061
1.25309441	30.13334656	0.03318583	30.87363343	-0.74028643	30.87363343	0.82531195	7.61310349
1.25681115	30.14400673	0.03317409	30.88067140	-0.73666440	30.88067140	0.82775977	7.59059032
1.26052789	30.16582298	0.03315010	30.88766352	-0.72184052	30.88766352	0.83020759	7.56820991
1.26424463	30.18110847	0.03313331	30.89460988	-0.71350188	30.89460988	0.83265541	7.54596110
1.26796137	30.19146538	0.03312194	30.90169647	-0.71023147	30.90169647	0.83510322	7.52384272
1.27167812	30.21427727	0.03309694	30.90855042	-0.69427342	30.90855042	0.83755104	7.50185364
1.27539486	30.17021179	0.03314528	30.91535895	-0.74514695	30.91535895	0.83999885	7.47999272
1.27911160	30.19359779	0.03311960	30.92212216	-0.72852416	30.92212216	0.84244667	7.45825885
1.28282834	30.13808250	0.03318061	30.92884017	-0.79075717	30.92884017	0.84489448	7.43665092
1.28654508	30.17755318	0.03313721	30.93551308	-0.75796008	30.93551308	0.84734229	7.41516784
1.29026182	30.19960022	0.03311302	30.94231951	-0.74271951	30.94231951	0.84979010	7.39380853
1.29397856	30.26573753	0.03304066	30.94890135	-0.68316335	30.94890135	0.85223791	7.37257192
1.29769531	30.28415108	0.03302057	30.95543842	-0.67128742	30.95543842	0.85468572	7.35145697
1.30141205	30.25846481	0.03304860	30.96193082	-0.70346582	30.96193082	0.85713353	7.33046262
1.30512879	30.20931625	0.03310237	30.96837868	-0.75906268	30.96837868	0.85958134	7.30958786
1.30884553	30.13721657	0.03318156	30.97478209	-0.83756509	30.97478209	0.86202914	7.28883165
1.31256227	30.15107536	0.03316631	30.98131242	-0.83023742	30.98131242	0.86447695	7.26819299
1.31627901	30.17384720	0.03314128	30.98762608	-0.81377908	30.98762608	0.86692475	7.24767089
1.31999575	30.13068771	0.03318875	30.99389562	-0.86320762	30.99389562	0.86937256	7.22726436
1.32371249	30.10742378	0.03321440	31.00012115	-0.89269715	31.00012115	0.87182036	7.20697243
1.32742924	30.12446785	0.03319561	31.00630278	-0.88183478	31.00630278	0.87426816	7.18679413
1.33114598	30.19003868	0.03312351	31.01244062	-0.82240162	31.01244062	0.87671596	7.16672852
1.33486272	30.19992065	0.03311267	31.01869887	-0.81877787	31.01869887	0.87916376	7.14677465
1.33857946	30.14701080	0.03317078	31.02474826	-0.87773726	31.02474826	0.88161156	7.12693160
1.34229620	30.11749268	0.03320330	31.03075418	-0.91326118	31.03075418	0.88405936	7.10719843
1.34601294	30.15780449	0.03315891	31.03671673	-0.87891273	31.03671673	0.88650716	7.08757424
1.34972968	30.23705864	0.03307200	31.04263603	-0.80557703	31.04263603	0.88895496	7.06805814
1.35344643	30.24636459	0.03306182	31.04851218	-0.80214718	31.04851218	0.89140275	7.04864922
1.35716317	30.22049141	0.03309013	31.05450233	-0.83401133	31.05450233	0.89385055	7.02934662
1.36087991	30.21218872	0.03309922	31.06029134	-0.84810234	31.06029134	0.89629834	7.01014945
1.36459665	30.24651527	0.03306166	31.06603752	-0.81952252	31.06603752	0.89874613	6.99105686
1.36831339	30.29505539	0.03300869	31.07174097	-0.77668597	31.07174097	0.90119392	6.97206799
1.37203013	30.22862434	0.03308123	31.07740180	-0.84877780	31.07740180	0.90364171	6.95318201
1.37574687	30.18080711	0.03313364	31.08302012	-0.90221312	31.08302012	0.90608950	6.93439807
1.37946361	30.11012650	0.03321142	31.08874615	-0.97862015	31.08874615	0.90853729	6.91571535
1.38318036	30.16349983	0.03315265	31.09427863	-0.93077863	31.09427863	0.91098508	6.89713305
1.38689710	30.18855858	0.03312513	31.09976891	-0.91120991	31.09976891	0.91343287	6.87865034
1.39061384	30.24554825	0.03306272	31.10521710	-0.85966910	31.10521710	0.91588065	6.86026643
1.39433058	30.33328438	0.03296709	31.11062331	-0.77733931	31.11062331	0.91832844	6.84198054
1.39804732	30.41914558	0.03287403	31.11598764	-0.69684164	31.11598764	0.92077622	6.82379187
1.40176406	30.41489220	0.03287863	31.12145347	-0.70656147	31.12145347	0.92322401	6.80569966
1.40548080	30.33315849	0.03296722	31.12673323	-0.79357523	31.12673323	0.92567179	6.78770315
1.40919755	30.31484413	0.03298714	31.13197144	-0.81712744	31.13197144	0.92811957	6.76980156
1.41291429	30.30124283	0.03300195	31.13716818	-0.83592518	31.13716818	0.93056735	6.75199416
1.41663103	30.30033875	0.03300293	31.14232358	-0.84198458	31.14232358	0.93301513	6.73428020
1.42034777	30.33230019	0.03296816	31.17160479	-0.83930479	31.14743772	0.93546291	6.71665895
1.42406451	30.36727142	0.03293019	31.17702570	-0.80975470	31.15264726	0.93791068	6.69912969
1.42778125	30.38383675	0.03291224	31.18226503	-0.79842803	31.15767811	0.94035846	6.68169169
1.43149799	30.34083366	0.03295888	31.18746611	-0.84663211	31.16266803	0.94280624	6.66434424
1.43521474	30.27965927	0.03302547	31.19262910	-0.91297010	31.16761711	0.94525401	6.64708665
1.43893148	30.24929428	0.03305862	31.19775414	-0.94846014	31.17252547	0.94770178	6.62991821
1.44264822	30.28425026	0.03302046	31.20284138	-0.91859138	31.17739321	0.95014956	6.61283824
1.44636496	30.38324356	0.03291288	31.20802694	-0.82478294	31.18235032	0.95259733	6.59584604
1.45008170	30.40725517	0.03288689	31.21303803	-0.80578303	31.18713603	0.95504510	6.57894096
1.45379844	30.39202309	0.03290337	31.21801179	-0.82598879	31.19188142	0.95749287	6.56212232
1.45751518	30.34965134	0.03294931	31.22294839	-0.87329739	31.19658661	0.95994063	6.54538946
1.46123192	30.32240295	0.03297892	31.22784796	-0.90544496	31.20125168	0.96238840	6.52874172
1.46494867	30.31661797	0.03298521	31.23271067	-0.91609267	31.20587676	0.96483617	6.51217846
1.46866541	30.30807495	0.03299451	31.23766661	-0.92959161	31.21058530	0.96728393	6.49569903
1.47238215	30.28091049	0.03302411	31.24245509	-0.96154509	31.21512960	0.96973170	6.47930281
1.47609889	30.23964310	0.03306917	31.24720719	-1.00756419	31.21963420	0.97217946	6.46298915
1.47981563	30.27653122	0.03302888	31.25192308	-0.97539208	31.22409921	0.97462722	6.44675745
1.48353237	30.30134010	0.03300184	31.25660292	-0.95526292	31.22852473	0.97707498	6.43060708
1.48724911	30.33947182	0.03296036	31.26124688	-0.92177488	31.23291086	0.97952274	6.41453744
1.49096586	30.37623215	0.03292048	31.26597917	-0.88974717	31.23737464	0.98197050	6.39854791
1.49468260	30.40063095	0.03289405	31.27055088	-0.86991988	31.24168124	0.98441826	6.38263791
1.49839934	30.36931992	0.03292797	31.27508723	-0.90576723	31.24594876	0.98686602	6.36680684
1.50211608	30.34664154	0.03295258	31.27958837	-0.93294637	31.25017729	0.98931377	6.35105411
1.50583282	30.37468529	0.03292215	31.28405447	-0.90936947	31.25436695	0.99176153	6.33537915
1.50954956	30.43925667	0.03285231	31.28860500	-0.84934800	31.25862948	0.99420928	6.31978138
1.51326630	30.50076485	0.03278606	31.29300061	-0.79223561	31.26274064	0.99665704	6.30426023
1.51698304	30.51518440	0.03277057	31.29736171	-0.78217771	31.26681322	0.99910479	6.28881514
1.52069979	30.51169395	0.03277432	31.30168850	-0.78999450	31.27084733	1.00155254	6.27344555
1.52441653	30.49522018	0.03279202	31.30598114	-0.81076114	31.27484307	1.00400029	6.25815091
1.52813327	30.48244095	0.03280577	31.31023982	-0.82779882	31.27880053	1.00644804	6.24293067
1.53185001	30.46026230	0.03282966	31.31446471	-0.85420271	31.28271982	1.00889578	6.22778429
1.53556675	30.47989082	0.03280852	31.31876881	-0.83887781	31.28670541	1.01134353	6.21271123
1.53928349	30.60963249	0.03266945	31.32292580	-0.71329380	31.29054763	1.01379128	6.19771097
1.54300023	30.66193390	0.03261373	31.32704959	-0.66511559	31.29435198	1.01623902	6.18278297
1.54671698	30.65995789	0.03261583	31.33114034	-0.67118234	31.29811856	1.01868676	6.16792672
1.55043372	30.69253731	0.03258121	31.33519828	-0.64266128	31.30184747	1.02113451	6.15314170
1.55415046	30.70821571	0.03256458	31.33933193	-0.63111593	31.30563806	1.02358225	6.13842740
1.55786720	30.73521423	0.03253597	31.34332392	-0.60810992	31.30929091	1.02602999	6.12378331
1.56158394	30.73925591	0.03253169	31.34728370	-0.60802770	31.31290639	1.02847773	6.10920893
1.56530068	30.76188087	0.03250777	31.35121145	-0.58933045	31.31648461	1.03092546	6.09470377
1.56901742	30.76233482	0.03250729	31.35510740	-0.59277240	31.32002565	1.03337320	6.08026733
1.57273416	30.78853226	0.03247963	31.35897174	-0.57043974	31.32352961	1.03582094	6.06589912
1.57645091	30.86225128	0.03240204	31.36290784	-0.50065684	31.32708980	1.03826867	6.05159867
1.58016765	30.89787865	0.03236468	31.36670876	-0.46882976	31.33051892	1.04071640	6.03736549
1.58388439	30.82114601	0.03244526	31.37047874	-0.54933274	31.33391126	1.04316414	6.02319912
1.58760113	30.70666695	0.03256622	31.37421797	-0.66755097	31.33726693	1.04561187	6.00909907
1.59131787	30.72799110	0.03254362	31.37792669	-0.64993569	31.34058602	1.04805960	5.99506490
1.59503461	30.79245949	0.03247548	31.38160514	-0.58914614	31.34386863	1.05050733	5.98109613
1.59875135	30.88789177	0.03237515	31.38535170	-0.49745970	31.34720208	1.05295506	5.96719231
1.60246810	30.91530800	0.03234643	31.38896946	-0.47366146	31.35041104	1.05540278	5.95335299
1.60618484	30.95760345	0.03230224	31.39255764	-0.43495464	31.35358382	1.05785051	5.93957772
1.60990158	30.95927429	0.03230050	31.39611649	-0.43684249	31.35672051	1.06029823	5.92586606
1.61361832	30.94269371	0.03231781	31.39964623	-0.45695223	31.35982120	1.06274596	5.91221756
1.61733506	30.94972801	0.03231046	31.40314714	-0.45341914	31.36288601	1.06519368	5.89863180
1.62105180	30.96067238	0.03229904	31.40671289	-0.44604089	31.36599639	1.06764140	5.88510834
1.62476854	31.00096893	0.03225706	31.41015610	-0.40918710	31.36898873	1.07008912	5.87164675
1.62848528	30.96592903	0.03229356	31.41357124	-0.44764224	31.37194548	1.07253684	5.85824661
1.63220203	30.93102074	0.03233000	31.41695859	-0.48593759	31.37486673	1.07498456	5.84490750
1.63591877	30.91263390	0.03234923	31.42031839	-0.50768439	31.37775257	1.07743227	5.83162901
1.63963551	30.97464371	0.03228447	31.42365094	-0.44900694	31.38060309	1.07987999	5.81841072
1.64335225	31.01071739	0.03224692	31.42704546	-0.41632846	31.38349401	1.08232770	5.80525222
1.64706899	31.05539131	0.03220053	31.43032363	-0.37493263	31.38627327	1.08477542	5.79215310
1.65078573	31.04564857	0.03221063	31.43357539	-0.38792639	31.38901750	1.08722313	5.77911298
1.65450247	31.05409813	0.03220187	31.43680105	-0.38270305	31.39172681	1.08967084	5.76613145
1.65821922	31.07091141	0.03218444	31.44000091	-0.36908991	31.39440130	1.09211855	5.75320811
1.66193596	31.11444092	0.03213942	31.44317528	-0.32873428	31.39704105	1.09456626	5.74034257
1.66565270	31.20515251	0.03204599	31.44640923	-0.24125623	31.39971610	1.09701397	5.72753446
1.66936944	31.19202805	0.03205947	31.44953290	-0.25750490	31.40228575	1.09946167	5.71478338
1.67308618	31.15118790	0.03210150	31.45263204	-0.30144404	31.40482096	1.10190938	5.70208895
1.67680292	31.16691780	0.03208530	31.45570701	-0.28878901	31.40732182	1.10435708	5.68945081
1.68051966	31.26007271	0.03198969	31.45875812	-0.19868512	31.40978842	1.10680479	5.67686857
1.68423640	31.32311821	0.03192530	31.46178573	-0.13866773	31.41222088	1.10925249	5.66434186
1.68795315	31.33897591	0.03190915	31.46487106	-0.12589506	31.41468362	1.11170019	5.65187032
1.69166989	31.33032036	0.03191796	31.46785213	-0.13753213	31.41704713	1.11414789	5.63945358
1.69538663	31.26536369	0.03198428	31.47081079	-0.20544679	31.41937677	1.11659559	5.62709129
1.69910337	31.32517815	0.03192320	31.47374744	-0.14856944	31.42167263	1.11904329	5.61478308
1.70282011	31.39839172	0.03184877	31.47666246	-0.07827046	31.42393481	1.12149098	5.60252861
1.70653685	31.45279503	0.03179368	31.47955625	-0.02676125	31.42616341	1.12393868	5.59032751
1.71025359	31.42973709	0.03181700	31.48250655	-0.05276955	31.42841738	1.12638637	5.57817945
1.71397034	31.40837288	0.03183864	31.48535856	-0.07698556	31.43057818	1.12883406	5.56608408
1.71768708	31.43192863	0.03181478	31.48819059	-0.05626159	31.43270568	1.13128175	5.55404105
1.72140382	31.44995689	0.03179655	31.49100310	-0.04104610	31.43479998	1.13372944	5.54205004
1.72512056	31.46269989	0.03178367	31.49379652	-0.03109652	31.43686116	1.13617713	5.53011069
1.72883730	31.44443512	0.03180213	31.49657134	-0.05213634	31.43888931	1.13862482	5.51822268
1.73255404	31.44347954	0.03180310	31.49940224	-0.05592224	31.44093801	1.14107251	5.50638567
1.73627078	31.44268608	0.03180390	31.50214078	-0.05945478	31.44289952	1.14352019	5.49459935
1.73998753	31.49827576	0.03174777	31.50486216	-0.00658616	31.44482829	1.14596788	5.48286338
1.74370427	31.57167435	0.03167396	31.50756692	0.06410708	31.44672442	1.14841556	5.47117744
1.74742101	31.59969521	0.03164587	31.51025558	0.08943942	31.44858799	1.15086324	5.45954122
1.75113775	31.56165504	0.03168402	31.51292864	0.04872636	31.45041910	1.15331092	5.44795439
1.75485449	31.55573082	0.03168996	31.51565835	0.04007265	31.45226601	1.15575860	5.43641665
1.75857123	31.58345985	0.03166214	31.51830163	0.06515837	31.45403160	1.15820628	5.42492768
1.76228797	31.65212440	0.03159346	31.52093106	0.13119294	31.45576502	1.16065396	5.41348717
1.76600471	31.65967751	0.03158592	31.52354728	0.13613072	31.45746634	1.16310163	5.40209482
1.76972146	31.66083527	0.03158476	31.52615089	0.13468411	31.45913567	1.16554931	5.39075033
1.77343820	31.70829201	0.03153749	31.52874253	0.17954947	31.46077310	1.16799698	5.37945339
1.77715494	31.77938080	0.03146694	31.53139251	0.24798849	31.46242167	1.17044465	5.36820370
1.78087168	31.81762886	0.03142912	31.53396201	0.28366699	31.46399470	1.17289232	5.35700097
1.78458842	31.78604317	0.03146035	31.53652164	0.24952136	31.46553611	1.17533999	5.34584490
1.78830516	31.74173355	0.03150427	31.53907211	0.20266189	31.46704599	1.17778766	5.33473521
1.79202190	31.71877670	0.03152707	31.54161419	0.17716281	31.46852442	1.18023533	5.32367161
1.79573865	31.73063469	0.03151529	31.54414863	0.18648637	31.46997150	1.18268299	5.31265381
1.79945539	31.74870872	0.03149734	31.54674451	0.20196449	31.47142515	1.18513066	5.30168152
1.80317213	31.79663467	0.03144987	31.54926599	0.24736901	31.47280895	1.18757832	5.29075447
1.80688887	31.78317070	0.03146319	31.55178240	0.23138860	31.47416168	1.19002598	5.27987237
1.81060561	31.81415176	0.03143255	31.55429458	0.25985742	31.47548342	1.19247364	5.26903495
1.81432235	31.85435104	0.03139289	31.55680341	0.29754759	31.47677426	1.19492130	5.25824194
1.81803909	31.85767174	0.03138961	31.55930992	0.29836208	31.47803430	1.19736896	5.24749305
1.82175583	31.85630035	0.03139096	31.56188277	0.29441723	31.47929643	1.19981662	5.23678803
1.82547258	31.86059952	0.03138673	31.56438759	0.29621241	31.48049430	1.20226427	5.22612660
1.82918932	31.90529633	0.03134276	31.56689312	0.33840288	31.48166164	1.20471193	5.21550850
1.83290606	31.89594841	0.03135194	31.56940049	0.32654751	31.48279854	1.20715958	5.20493346
1.83662280	31.93563080	0.03131299	31.57191076	0.36372024	31.48390508	1.20960723	5.19440123
1.84033954	31.99314880	0.03125669	31.57442524	0.41872376	31.48498137	1.21205489	5.18391154
1.84405628	32.07071304	0.03118110	31.57701327	0.49369973	31.48605533	1.21450253	5.17346414
1.84777302	32.11125946	0.03114172	31.57953993	0.53171907	31.48707055	1.21695018	5.16305877
1.85148977	32.12337494	0.03112998	31.58207459	0.54130041	31.48805577	1.21939783	5.15269517
1.85520651	32.19323349	0.03106243	31.58461860	0.60861440	31.48901109	1.22184548	5.14237310
1.85892325	32.22174072	0.03103495	31.58717335	0.63456765	31.48993660	1.22429312	5.13209231
1.86263999	32.22189713	0.03103480	31.58974043	0.63215657	31.49083238	1.22674076	5.12185255
1.86635673	32.19280624	0.03106284	31.59239128	0.60041472	31.49172153	1.22918840	5.11165358
1.87007347	32.21459198	0.03104183	31.59498803	0.61960397	31.49255733	1.23163604	5.10149515
1.87379021	32.29185486	0.03096756	31.59760193	0.69425307	31.49336368	1.23408368	5.09137702
1.87750695	32.31370926	0.03094662	31.60023470	0.71347430	31.49414066	1.23653132	5.08129895
1.88122370	32.32758713	0.03093333	31.60288816	0.72469884	31.49488836	1.23897896	5.07126071
1.88494044	32.33790970	0.03092346	31.60556425	0.73234575	31.49560687	1.24142659	5.06126205
1.88865718	32.33599854	0.03092529	31.60833831	0.72766069	31.49631451	1.24387423	5.05130275
1.89237392	32.39149094	0.03087231	31.61106643	0.78042457	31.49697412	1.24632186	5.04138258
1.89609066	32.44470596	0.03082167	31.61382343	0.83088257	31.49760481	1.24876949	5.03150129
1.89980740	32.48528671	0.03078317	31.61661152	0.86867548	31.49820666	1.25121712	5.02165867
1.90352414	32.52824402	0.03074251	31.61943317	0.90881083	31.49877976	1.25366475	5.01185449
1.90724089	32.58897018	0.03068523	31.62229078	0.96667922	31.49932421	1.25611238	5.00208852
1.91095763	32.64231873	0.03063508	31.62526584	1.01705316	31.49985362	1.25856000	4.99236055
1.91467437	32.60678864	0.03066846	31.62820448	0.97858452	31.50034023	1.26100763	4.98267034
1.91839111	32.57757187	0.03069596	31.63118731	0.94638469	31.50079845	1.26345525	4.97301768
1.92210785	32.57267380	0.03070058	31.63421723	0.93845677	31.50122836	1.26590287	4.96340236
1.92582459	32.64385223	0.03063364	31.63729755	1.00655445	31.50163004	1.26835049	4.95382415
1.92954133	32.72212982	0.03056036	31.64043144	1.08169856	31.50200359	1.27079811	4.94428284
1.93325807	32.71510696	0.03056692	31.64370946	1.07139754	31.50235804	1.27324573	4.93477822
1.93697482	32.69007111	0.03059033	31.64696270	1.04310830	31.50267482	1.27569335	4.92531008
1.94069156	32.70197678	0.03057919	31.65028049	1.05169651	31.50296373	1.27814096	4.91587821
1.94440830	32.72857666	0.03055434	31.65366675	1.07491025	31.50322485	1.28058858	4.90648239
1.94812504	32.75815201	0.03052675	31.65712589	1.10102611	31.50345827	1.28303619	4.89712243
1.95184178	32.76007080	0.03052496	31.66066220	1.09940880	31.50366407	1.28548380	4.88779812
1.95555852	32.78892517	0.03049810	31.66437938	1.12454562	31.50384678	1.28793141	4.87850925
1.95927526	32.83463287	0.03045565	31.66808680	1.16654620	31.50399687	1.29037902	4.86925563
1.96299201	32.92661667	0.03037057	31.67188637	1.25473063	31.50411961	1.29282663	4.86003705
1.96670875	33.05076981	0.03025648	31.67578346	1.37498654	31.50421507	1.29527423	4.85085331
1.97042549	33.09678268	0.03021442	31.67978412	1.41699888	31.50428335	1.29772184	4.84170423
1.97414223	33.03109741	0.03027450	31.68389438	1.34720262	31.50432454	1.30016944	4.83258959
1.97785897	33.00022507	0.03030282	31.68823660	1.31198840	31.50433871	1.30261704	4.82350921
1.98157571	32.99265671	0.03030977	31.69258931	1.30006769	31.50432523	1.30506464	4.81446290
1.98529245	32.99487305	0.03030774	31.69707225	1.29780075	31.50428490	1.30751224	4.80545046
1.98900920	32.97984695	0.03032155	31.70169349	1.27815351	31.50421782	1.30995984	4.79647171
1.99272594	33.03100204	0.03027459	31.70646107	1.32454093	31.50412406	1.31240744	4.78752644
1.99644268	33.05928802	0.03024869	31.71138367	1.34790433	31.50400372	1.31485503	4.77861449
2.00015942	33.02427292	0.03028076	31.71661046	1.30766254	31.50385254	1.31730262	4.76973566
2.00387616	32.98687363	0.03031509	31.72187630	1.26499770	31.50367856	1.31975022	4.76088977
2.00759290	33.00354767	0.03029977	31.72732695	1.27622105	31.50347825	1.32219781	4.75207663
2.01130964	33.06257248	0.03024568	31.73297357	1.32959843	31.50325170	1.32464540	4.74329607
2.01502638	33.12177277	0.03019162	31.73882806	1.38294494	31.50299898	1.32709298	4.73454790
2.01874313	33.16192627	0.03015506	31.74490267	1.41702333	31.50272018	1.32954057	4.72583195
2.02245987	33.21307373	0.03010863	31.75138593	1.46168807	31.50240679	1.33198816	4.71714803
2.02617661	33.22243118	0.03010015	31.75795050	1.46448050	31.50207539	1.33443574	4.70849597
2.02989335	33.22374344	0.03009896	31.76477947	1.45896353	31.50171816	1.33688332	4.69987560
2.03361009	33.23664093	0.03008728	31.77188944	1.46475156	31.50133519	1.33933090	4.69128674
2.03732683	33.26787949	0.03005902	31.77929819	1.48858081	31.50092656	1.34177848	4.68272922
2.04104357	33.32833481	0.03000450	31.78702426	1.54131074	31.50049235	1.34422606	4.67420286
2.04476032	33.36656189	0.02997012	31.79531234	1.57124966	31.50001987	1.34667364	4.66570751
2.04847706	33.46747971	0.02987975	31.80374767	1.66373233	31.49953408	1.34912121	4.65724298
2.05219380	33.50011444	0.02985064	31.81256762	1.68754638	31.49902295	1.35156879	4.64880912
2.05591054	33.46601868	0.02988106	31.82179786	1.64422114	31.49848659	1.35401636	4.64040575
2.05962728	33.43471527	0.02990903	31.83146589	1.60324911	31.49792507	1.35646393	4.63203272
2.06334402	33.47855759	0.02986987	31.84160086	1.63695714	31.49733847	1.35891150	4.62368985
2.06706076	33.55558014	0.02980130	31.85253140	1.70304860	31.49671000	1.36135907	4.61537698
2.07077750	33.65308380	0.02971496	31.86371643	1.78936757	31.49607282	1.36380664	4.60709396
2.07449425	33.72681427	0.02965000	31.87547489	1.85133911	31.49541082	1.36625420	4.59884061
2.07821099	33.75707245	0.02962342	31.88784791	1.86922409	31.49472406	1.36870176	4.59061679
2.08192773	33.76725388	0.02961449	31.90087922	1.86637478	31.49401265	1.37114933	4.58242234
2.08564447	33.78763580	0.02959663	31.91461924	1.87301676	31.49327665	1.37359689	4.57425709
2.08936121	33.78610992	0.02959796	31.92952359	1.85658641	31.49249526	1.37604445	4.56612090
2.09307795	33.81707382	0.02957086	31.94486586	1.87220814	31.49170968	1.37849201	4.55801360
2.09679469	33.87891388	0.02951688	31.96109175	1.91782225	31.49089977	1.38093956	4.54993504
2.10051144	33.95157242	0.02945372	31.97827070	1.97330130	31.49006560	1.38338712	4.54188508
2.10422818	33.96954346	0.02943813	31.99647739	1.97306561	31.48920726	1.38583467	4.53386355
2.10794492	33.92698288	0.02947506	32.01579805	1.91118495	31.48832483	1.38828222	4.52587032
2.11166166	33.90521622	0.02949399	32.03689688	1.86831912	31.48739356	1.39072977	4.51790522
2.11537840	33.95687485	0.02944912	32.05876567	1.89810933	31.48646254	1.39317732	4.50996811
2.11909514	34.01503372	0.02939877	32.08205639	1.93297761	31.48550767	1.39562487	4.50205885
2.12281188	34.11950684	0.02930875	32.10689355	2.01261345	31.48452904	1.39807242	4.49417729
2.12652862	34.27295685	0.02917752	32.13341385	2.13954315	31.48352672	1.40051996	4.48632327
2.13024537	34.38189697	0.02908507	32.16177451	2.22012249	31.48250080	1.40296751	4.47849667
2.13396211	34.43177795	0.02904294	32.19299694	2.23878106	31.48142266	1.40541505	4.47069733
2.13767885	34.46681976	0.02901341	32.22563180	2.24118820	31.48034913	1.40786259	4.46292511
2.14139559	34.58599854	0.02891343	32.26068920	2.32530980	31.47925225	1.41031013	4.45517988
2.14511233	34.72694016	0.02879609	32.29841062	2.42852938	31.47813207	1.41275767	4.44746148
2.14882907	34.83394623	0.02870763	32.33906590	2.49488010	31.47698870	1.41520520	4.43976979
2.15254581	34.96219254	0.02860233	32.38296751	2.57922549	31.47582220	1.41765274	4.43210466
2.15626256	35.09735870	0.02849217	32.43180039	2.66555861	31.47460018	1.42010027	4.42446596
2.15997930	35.23222351	0.02838311	32.48339608	2.74882792	31.47338705	1.42254780	4.41685355
2.16369604	35.32642365	0.02830742	32.53944422	2.78697978	31.47215104	1.42499533	4.40926729
2.16741278	35.45528030	0.02820454	32.60045797	2.85482203	31.47089223	1.42744286	4.40170705
2.17112952	35.65710831	0.02804490	32.66704070	2.99006730	31.46961069	1.42989039	4.39417270
2.17484626	35.83228683	0.02790779	32.73987396	3.09241304	31.46830650	1.43233791	4.38666410
2.17856300	35.92313004	0.02783722	32.82201921	3.10111079	31.46694357	1.43478544	4.37918113
2.18227974	36.04854202	0.02774037	32.91009186	3.13845014	31.46559372	1.43723296	4.37172364
2.18599649	36.19651413	0.02762697	33.00723856	3.18927544	31.46422147	1.43968048	4.36429151
2.18971323	36.36369324	0.02749996	33.11472025	3.24897275	31.46282688	1.44212800	4.35688462
2.19342997	36.56855774	0.02734590	33.23404658	3.33451142	31.46141004	1.44457552	4.34950283
2.19714671	36.88492203	0.02711135	33.36698431	3.51793769	31.45997104	1.44702304	4.34214602
2.20086345	37.33466339	0.02678476	33.51991216	3.81475084	31.45847014	1.44947055	4.33481405
2.20458019	37.68680191	0.02653449	33.68737185	3.99943015	31.45698642	1.45191806	4.32750681
2.20829693	37.99000168	0.02632272	33.87624857	4.11375343	31.45548077	1.45436558	4.32022417
2.21201368	38.32686996	0.02609136	34.09027357	4.23659643	31.45395326	1.45681309	4.31296600
2.21573042	38.83911133	0.02574724	34.33406474	4.50504626	31.45240397	1.45926060	4.30573218
2.21944716	39.44690323	0.02535053	34.61328862	4.83361438	31.45083298	1.46170810	4.29852260
2.22316390	40.15448761	0.02490382	34.94444642	5.21004158	31.44919702	1.46415561	4.29133712
2.22688064	41.08134460	0.02434195	35.31950274	5.76184226	31.44758227	1.46660311	4.28417562
2.23059738	42.26953125	0.02365770	35.75929945	6.51023155	31.44594605	1.46905062	4.27703800
2.23431412	43.72754669	0.02286888	36.28405070	7.44349630	31.44428844	1.47149812	4.26992412
2.23803087	45.78263855	0.02184234	36.93394783	8.84869117	31.44260952	1.47394562	4.26283388
2.24174761	48.73918915	0.02051737	37.80539818	10.93379082	31.44090935	1.47639311	4.25576714
2.24546435	52.90522003	0.01890173	39.19676289	13.70845711	31.43914121	1.47884061	4.24872380
2.24918109	59.05128098	0.01693443	41.69832928	17.35295172	31.43739823	1.48128811	4.24170375
2.25289783	68.56512451	0.01458467	46.88740510	21.67771990	31.43563425	1.48373560	4.23470685
2.25661457	83.40565491	0.01198959	58.07132984	25.33432516	31.43384934	1.48618309	4.22773301
2.26033131	107.05292511	0.00934117	81.50939291	25.54353209	31.43204357	1.48863058	4.22078210
2.26404805	146.81353760	0.00681136	127.51167693	19.30186107	31.43021702	1.49107807	4.21385401
2.26776480	212.51651001	0.00470552	213.33088702	-0.81437702	31.42831957	1.49352556	4.20694864
2.27148154	318.08175659	0.00314385	350.59707408	-32.51531708	31.42645114	1.49597304	4.20006586
2.27519828	482.75891113	0.00207143	552.00875424	-69.24984324	31.42456216	1.49842053	4.19320557
2.27891502	711.83026123	0.00140483	815.18117527	-103.35091427	31.42265272	1.50086801	4.18636767
2.28263176	990.05004883	0.00101005	1116.67418386	-126.62413486	31.42072288	1.50331549	4.17955203
2.28634850	1285.00732422	0.00077821	1410.65392370	-125.64659970	31.41877271	1.50576297	4.17275855
2.29006524	1511.07336426	0.00066178	1641.88997779	-130.81661379	31.41674877	1.50821045	4.16598713
2.29378199	1601.64636230	0.00062436	1741.39011954	-139.74375754	31.41475765	1.51065792	4.15923765
2.29749873	1531.09851074	0.00065313	1688.92283274	-157.82432174	31.41274644	1.51310540	4.15251001
2.30121547	1320.92785645	0.00075704	1499.24578684	-178.31793084	31.41071520	1.51555287	4.14580410
2.30493221	1037.54711914	0.00096381	1221.40787609	-183.86075709	31.40866403	1.51800034	4.13911982
2.30864895	740.96710205	0.00134959	916.33664771	-175.36954571	31.40659299	1.52044781	4.13245707
2.31236569	500.52218628	0.00199791	629.27115944	-128.74897344	31.40444537	1.52289528	4.12581573
2.31608243	332.96966553	0.00300328	407.16372402	-74.19405802	31.40233428	1.52534275	4.11919571
2.31979917	220.77334595	0.00452953	250.31870025	-29.54535425	31.40020356	1.52779021	4.11259691
2.32351592	150.68130493	0.00663652	150.99756609	-0.31626109	31.39805326	1.53023768	4.10601922
2.32723266	109.67970276	0.00911746	94.08596141	15.59374159	31.39588347	1.53268514	4.09946254
2.33094940	84.47444153	0.01183790	64.27490357	20.19953843	31.39369426	1.53513260	4.09292677
2.33466614	68.72048187	0.01455170	49.50889338	19.21158862	31.39142575	1.53758006	4.08641182
2.33838288	59.11444855	0.01691634	42.89015307	16.22429593	31.38919741	1.54002751	4.07991757
2.34209962	52.69409561	0.01897746	39.76368269	12.93041331	31.38694987	1.54247497	4.07344394
2.34581636	48.33076477	0.02069075	38.13670589	10.19405911	31.38468320	1.54492242	4.06699082
2.34953311	45.38225555	0.02203504	37.14008699	8.24216901	31.38239749	1.54736987	4.06055812
2.35324985	43.25034714	0.02312120	36.42579865	6.82454835	31.38009281	1.54981732	4.05414574
2.35696659	41.69359207	0.02398450	35.90243418	5.79115782	31.37770616	1.55226477	4.04775359
2.36068333	40.50851440	0.02468617	35.43503524	5.07347876	31.37536324	1.55471222	4.04138157
2.36440007	39.54587936	0.02528708	35.03761456	4.50826444	31.37300156	1.55715967	4.03502958
2.36811681	38.76024246	0.02579963	34.69575410	4.06448790	31.37062120	1.55960711	4.02869753
2.37183355	38.14168167	0.02621804	34.39933076	3.74235124	31.36822224	1.56205455	4.02238533
2.37555029	37.60000610	0.02659574	34.13407075	3.46593525	31.36573915	1.56450199	4.01609288
2.37926704	37.10805893	0.02694832	33.90770670	3.20035230	31.36330269	1.56694943	4.00982009
2.38298378	36.68859863	0.02725642	33.70787704	2.98072196	31.36084784	1.56939687	4.00356687
2.38670052	36.30133057	0.02754720	33.53056631	2.77076469	31.35837468	1.57184430	3.99733313
2.39041726	35.95799255	0.02781023	33.37251421	2.58547879	31.35588328	1.57429174	3.99111877
2.39413400	35.60079956	0.02808926	33.23101680	2.36978320	31.35337371	1.57673917	3.98492371
2.39785074	35.32086182	0.02831188	33.10056326	2.22029874	31.35077747	1.57918660	3.97874786
2.40156748	35.02847672	0.02854820	32.98611478	2.04236222	31.34823128	1.58163403	3.97259112
2.40528423	34.82054138	0.02871868	32.88245890	1.93808210	31.34566715	1.58408146	3.96645342
2.40900097	34.58174133	0.02891699	32.78826696	1.79347404	31.34308513	1.58652888	3.96033465
2.41271771	34.35799408	0.02910531	32.70240376	1.65559024	31.34048530	1.58897631	3.95423474
2.41643445	34.13401031	0.02929629	32.62389707	1.51011293	31.33786774	1.59142373	3.94815359
2.42015119	33.99287033	0.02941793	32.55004814	1.44282186	31.33516104	1.59387115	3.94209112
2.42386793	33.84563446	0.02954591	32.48401715	1.36161685	31.33250774	1.59631857	3.93604725
2.42758467	33.71045303	0.02966439	32.42314411	1.28730889	31.32983692	1.59876599	3.93002188
2.43130141	33.50799561	0.02984362	32.36689268	1.14110332	31.32714864	1.60121340	3.92401494
2.43501816	33.36771011	0.02996909	32.31479092	1.05291908	31.32444299	1.60366082	3.91802633
2.43873490	33.23287582	0.03009069	32.26642551	0.96645049	31.32172003	1.60610823	3.91205599
2.44245164	33.14950562	0.03016636	32.22025887	0.92924713	31.31890553	1.60855564	3.90610381
2.44616838	33.05148697	0.03025582	32.17839918	0.87308782	31.31614771	1.61100305	3.90016972
2.44988512	32.92702866	0.03037019	32.13929858	0.78773042	31.31337278	1.61345045	3.89425364
2.45360186	32.79186630	0.03049537	32.10270889	0.68915711	31.31058083	1.61589786	3.88835549
2.45731860	32.63798141	0.03063915	32.06840725	0.56957375	31.30777193	1.61834526	3.88247517
2.46103535	32.53141403	0.03073952	32.03619486	0.49521914	31.30494614	1.62079267	3.87661262
2.46475209	32.42772675	0.03083781	32.00510082	0.42262618	31.30202648	1.62324007	3.87076776
2.46846883	32.32834244	0.03093261	31.97659744	0.35174456	31.29916669	1.62568746	3.86494049
2.47218557	32.23943710	0.03101791	31.94969972	0.28973728	31.29629022	1.62813486	3.85913075
2.47590231	32.15425491	0.03110008	31.92427897	0.22997603	31.29339715	1.63058226	3.85333845
2.47961905	32.03326797	0.03121755	31.90021939	0.13304861	31.29048754	1.63302965	3.84756352
2.48333579	31.93523598	0.03131337	31.87741646	0.05781954	31.28756148	1.63547704	3.84180587
2.48705254	31.85132599	0.03139587	31.85520604	-0.00388004	31.28453926	1.63792443	3.83606544
2.49076928	31.74718285	0.03149886	31.83466814	-0.08748514	31.28158004	1.64037182	3.83034214
2.49448602	31.62746811	0.03161809	31.81512559	-0.18765759	31.27860456	1.64281921	3.82463589
2.49820276	31.56980324	0.03167584	31.79650724	-0.22670424	31.27561289	1.64526659	3.81894663
2.50191950	31.57532692	0.03167030	31.77874828	-0.20342128	31.27260511	1.64771398	3.81327427
2.50563624	31.56813240	0.03167752	31.76178953	-0.19365753	31.26958129	1.65016136	3.80761874
2.50935298	31.52600479	0.03171985	31.74514889	-0.21914389	31.26645911	1.65260874	3.80197997
2.51306972	31.49172974	0.03175437	31.72965067	-0.23792067	31.26340297	1.65505611	3.79635787
2.51678647	31.40908623	0.03183792	31.71480212	-0.30571612	31.26033099	1.65750349	3.79075238
2.52050321	31.36904526	0.03187856	31.70056143	-0.33151643	31.25724324	1.65995087	3.78516343
2.52421995	31.28783035	0.03196131	31.68689015	-0.39906015	31.25413978	1.66239824	3.77959093
2.52793669	31.27352905	0.03197592	31.67375302	-0.40022402	31.25102070	1.66484561	3.77403483
2.53165343	31.22256470	0.03202812	31.66078269	-0.43821769	31.24780111	1.66729298	3.76849503
2.53537017	31.19953346	0.03205176	31.64863050	-0.44909750	31.24465054	1.66974035	3.76297148
2.53908691	31.11415672	0.03213971	31.63692107	-0.52276407	31.24148455	1.67218771	3.75746411
2.54280366	31.04777336	0.03220843	31.62562861	-0.57785561	31.23830319	1.67463508	3.75197283
2.54652040	30.95973587	0.03230002	31.61472926	-0.65499326	31.23510655	1.67708244	3.74649759
2.55023714	30.89130211	0.03237157	31.60420103	-0.71289903	31.23189467	1.67952980	3.74103830
2.55395388	30.90373421	0.03235855	31.59375305	-0.69001905	31.22858022	1.68197716	3.73559491
2.55767062	30.89154625	0.03237132	31.58391551	-0.69236951	31.22533769	1.68442451	3.73016734
2.56138736	30.90923119	0.03235279	31.57439130	-0.66516030	31.22208014	1.68687187	3.72475552
2.56510410	30.89797974	0.03236458	31.56516393	-0.66718393	31.21880764	1.68931922	3.71935939
2.56882084	30.89049149	0.03237242	31.55621818	-0.66572718	31.21552025	1.69176657	3.71397887
2.57253759	30.81232071	0.03245455	31.54753965	-0.73521865	31.21221804	1.69421392	3.70861390
2.57625433	30.75967598	0.03251010	31.53889099	-0.77921499	31.20881122	1.69666127	3.70326441
2.57997107	30.72762489	0.03254401	31.53071441	-0.80308941	31.20547918	1.69910862	3.69793034
2.58368781	30.67600441	0.03259877	31.52276754	-0.84676354	31.20213251	1.70155596	3.69261161
2.58740455	30.62825203	0.03264959	31.51503952	-0.88678752	31.19877130	1.70400330	3.68730817
2.59112129	30.66194344	0.03261372	31.50752028	-0.84557728	31.19539560	1.70645065	3.68201994
2.59483803	30.67974091	0.03259480	31.50020037	-0.82045937	31.19200548	1.70889798	3.67674687
2.59855478	30.61403847	0.03266475	31.49288097	-0.87884297	31.18850879	1.71134532	3.67148887
2.60227152	30.54181480	0.03274200	31.48593870	-0.94412370	31.18508964	1.71379266	3.66624590
2.60598826	30.53827477	0.03274579	31.47917067	-0.94089567	31.18165628	1.71623999	3.66101789
2.60970500	30.57747459	0.03270381	31.47256981	-0.89509481	31.17820876	1.71868732	3.65580477
2.61342174	30.58096886	0.03270008	31.46612929	-0.88516029	31.17474715	1.72113465	3.65060647
2.61713848	30.56704521	0.03271497	31.45984275	-0.89279775	31.17127152	1.72358198	3.64542295
2.62085522	30.56402779	0.03271820	31.45354049	-0.88951249	31.16768743	1.72602931	3.64025413
2.62457196	30.50731850	0.03277902	31.44754839	-0.94023039	31.16418358	1.72847663	3.63509994
2.62828871	30.40023232	0.03289449	31.44169346	-1.04146146	31.16066590	1.73092395	3.62996034
2.63200545	30.32932281	0.03297139	31.43597093	-1.10664793	31.15713447	1.73337128	3.62483525
2.63572219	30.33580208	0.03296435	31.43037621	-1.09457421	31.15358934	1.73581859	3.61972462
2.63943893	30.33776283	0.03296222	31.42490506	-1.08714206	31.15003058	1.73826591	3.61462839
2.64315567	30.34606743	0.03295320	31.41941061	-1.07334361	31.14636152	1.74071323	3.60954648
2.64687241	30.36860466	0.03292874	31.41417808	-1.04557308	31.14277533	1.74316054	3.60447885
2.65058915	30.37638092	0.03292031	31.40905797	-1.03267697	31.13917571	1.74560785	3.59942544
2.65430590	30.32810783	0.03297271	31.40404703	-1.07593903	31.13556272	1.74805516	3.59438617
2.65802264	30.28478813	0.03301988	31.39914227	-1.11435427	31.13193643	1.75050247	3.58936100
2.66173938	30.27260208	0.03303317	31.39434096	-1.12173896	31.12829690	1.75294978	3.58434987
2.66545612	30.25194931	0.03305572	31.38951482	-1.13756582	31.12454528	1.75539708	3.57935271
2.66917286	30.25293350	0.03305465	31.38491540	-1.13198140	31.12087911	1.75784438	3.57436947
2.67288960	30.27232361	0.03303347	31.38041220	-1.10808820	31.11719989	1.76029169	3.56940009
2.67660634	30.26697922	0.03303931	31.37600319	-1.10902419	31.11350769	1.76273898	3.56444452
2.68032308	30.26155853	0.03304522	31.37168654	-1.11012754	31.10980256	1.76518628	3.55950268
2.68403983	30.24074554	0.03306797	31.36746055	-1.12671455	31.10608459	1.76763358	3.55457454
2.68775657	30.19658661	0.03311633	31.36321311	-1.16662611	31.10225281	1.77008087	3.54966003
2.69147331	30.15610504	0.03316078	31.35916632	-1.20306132	31.09850897	1.77252816	3.54475909
2.69519005	30.11221504	0.03320911	31.35520600	-1.24299100	31.09475247	1.77497545	3.53987167
2.69890679	30.12216949	0.03319814	31.35133105	-1.22916205	31.09098337	1.77742274	3.53499771
2.70262353	30.13726234	0.03318151	31.34754049	-1.21027849	31.08720174	1.77987002	3.53013716
2.70634027	30.15868187	0.03315795	31.34383357	-1.18515157	31.08340762	1.78231731	3.52528996
2.71005702	30.15572929	0.03316119	31.34011265	-1.18438365	31.07949805	1.78476459	3.52045605
2.71377376	30.12539101	0.03319459	31.33657307	-1.21118207	31.07567885	1.78721187	3.51563539
2.71749050	30.12194252	0.03319839	31.33311529	-1.21117229	31.07184737	1.78965915	3.51082792
2.72120724	30.15707970	0.03315971	31.32973906	-1.17265906	31.06800366	1.79210643	3.50603358
2.72492398	30.19143867	0.03312197	31.32644404	-1.13500504	31.06414780	1.79455370	3.50125232
2.72864072	30.22210884	0.03308836	31.32323021	-1.10112121	31.06027984	1.79700097	3.49648409
2.73235746	30.25638199	0.03305088	31.32001398	-1.06363198	31.05629481	1.79944824	3.49172883
2.73607420	30.27621460	0.03302923	31.31696481	-1.04074981	31.05240253	1.80189551	3.48698649
2.73979095	30.25552750	0.03305181	31.31399722	-1.05847022	31.04849833	1.80434278	3.48225702
2.74350769	30.22322845	0.03308713	31.31111154	-1.08788354	31.04458229	1.80679005	3.47754036
2.74722443	30.20261574	0.03310972	31.30830819	-1.10569219	31.04065447	1.80923731	3.47283647
2.75094117	30.19822502	0.03311453	31.30558780	-1.10736280	31.03671492	1.81168457	3.46814529
2.75465791	30.20042419	0.03311212	31.30288091	-1.10245691	31.03265676	1.81413183	3.46346677
2.75837465	30.20382500	0.03310839	31.30033090	-1.09650590	31.02869365	1.81657909	3.45880086
2.76209139	30.17653465	0.03313833	31.29786624	-1.12133124	31.02471899	1.81902634	3.45414751
2.76580814	30.15490723	0.03316210	31.29548804	-1.14058104	31.02073286	1.82147360	3.44950666
2.76952488	30.11594582	0.03320500	31.29319735	-1.17725135	31.01673532	1.82392085	3.44487828
2.77324162	30.15158081	0.03316576	31.29099551	-1.13941451	31.01272643	1.82636810	3.44026230
2.77695836	30.16355133	0.03315259	31.28882804	-1.12527704	31.00859743	1.82881535	3.43565867
2.78067510	30.20865822	0.03310309	31.28681068	-1.07815268	31.00456571	1.83126259	3.43106736
2.78439184	30.20217705	0.03311020	31.28488670	-1.08270970	31.00052283	1.83370984	3.42648830
2.78810858	30.19918442	0.03311348	31.28305791	-1.08387391	30.99646883	1.83615708	3.42192146
2.79182533	30.13402748	0.03318508	31.28132625	-1.14729925	30.99240379	1.83860432	3.41736677
2.79554207	30.08165169	0.03324286	31.27969373	-1.19804173	30.98832777	1.84105156	3.41282420
2.79925881	30.09774017	0.03322509	31.27812254	-1.18038254	30.98413021	1.84349879	3.40829369
2.80297555	30.16362381	0.03315252	31.27669781	-1.11307381	30.98003210	1.84594603	3.40377520
2.80669229	30.21725273	0.03309368	31.27537930	-1.05812630	30.97592318	1.84839326	3.39926868
2.81040903	30.17754173	0.03313723	31.27416962	-1.09662762	30.97180353	1.85084049	3.39477407
2.81412577	30.11554909	0.03320544	31.27307157	-1.15752257	30.96767319	1.85328772	3.39029134
2.81784251	30.10351944	0.03321871	31.27208812	-1.16856912	30.96353222	1.85573495	3.38582044
2.82155926	30.14201546	0.03317628	31.27120056	-1.12918556	30.95926834	1.85818217	3.38136132
2.82527600	30.23259163	0.03307689	31.27045924	-1.03786724	30.95510603	1.86062939	3.37691393
2.82899274	30.25070381	0.03305708	31.26984254	-1.01913854	30.95093327	1.86307661	3.37247822
2.83270948	30.27193642	0.03303390	31.26935428	-0.99741828	30.94675012	1.86552383	3.36805416
2.83642622	30.26156044	0.03304522	31.26899823	-1.00743823	30.94255666	1.86797105	3.36364170
2.84014296	30.26855469	0.03303759	31.26877873	-1.00022373	30.93835292	1.87041826	3.35924078
2.84385970	30.26421738	0.03304232	31.26869965	-1.00448265	30.93402495	1.87286548	3.35485137
2.84757645	30.28109550	0.03302390	31.26877028	-0.98767428	30.92980059	1.87531269	3.35047342
2.85129319	30.31201553	0.03299022	31.26899132	-0.95697532	30.92556615	1.87775990	3.34610688
2.85500993	30.30744362	0.03299519	31.26936779	-0.96192379	30.92132167	1.88020710	3.34175171
2.85872667	30.29000092	0.03301420	31.26990521	-0.97990421	30.91706723	1.88265431	3.33740787
2.86244341	30.25479507	0.03305261	31.27060923	-1.01581423	30.91280288	1.88510151	3.33307531
2.86616015	30.26529884	0.03304114	31.27151182	-1.00621282	30.90841302	1.88754871	3.32875399
2.86987689	30.31990242	0.03298164	31.27257225	-0.95267025	30.90412876	1.88999591	3.32444386
2.87359363	30.36644554	0.03293109	31.27381849	-0.90737249	30.89983476	1.89244311	3.32014488
2.87731038	30.35373306	0.03294488	31.27525745	-0.92152445	30.89553109	1.89489030	3.31585701
2.88102712	30.33054161	0.03297007	31.27689667	-0.94635467	30.89121780	1.89733750	3.31158021
2.88474386	30.30899429	0.03299351	31.27874392	-0.96974992	30.88689495	1.89978469	3.30731443
2.88846060	30.30981827	0.03299261	31.28086614	-0.97104814	30.88244538	1.90223188	3.30305962
2.89217734	30.32732391	0.03297357	31.28316090	-0.95583690	30.87810333	1.90467906	3.29881575
2.89589408	30.38918304	0.03290645	31.28569017	-0.89650717	30.87375190	1.90712625	3.29458278
2.89961082	30.39971161	0.03289505	31.28846358	-0.88875158	30.86939114	1.90957343	3.29036066
2.90332757	30.39501190	0.03290014	31.29149144	-0.89647944	30.86502111	1.91202061	3.28614935
2.90704431	30.38334465	0.03291277	31.29478467	-0.91143967	30.86064187	1.91446779	3.28194882
2.91076105	30.40223885	0.03289231	31.29845495	-0.89621595	30.85613474	1.91691497	3.27775901
2.91447779	30.38288116	0.03291327	31.30232188	-0.91944088	30.85173700	1.91936215	3.27357988
2.91819453	30.37576294	0.03292098	31.30649109	-0.93072809	30.84733022	1.92180932	3.26941141
2.92191127	30.39004517	0.03290551	31.31097595	-0.92093095	30.84291446	1.92425649	3.26525354
2.92562801	30.40518951	0.03288912	31.31579100	-0.91060100	30.83848978	1.92670366	3.26110623
2.92934475	30.43363190	0.03285839	31.32095161	-0.88731961	30.83405622	1.92915083	3.25696945
2.93306150	30.50391960	0.03278267	31.32662811	-0.82270811	30.82949367	1.93159799	3.25284316
2.93677824	30.51882935	0.03276666	31.33253988	-0.81371088	30.82504232	1.93404515	3.24872731
2.94049498	30.47543716	0.03281331	31.33884937	-0.86341237	30.82058226	1.93649231	3.24462187
2.94421172	30.42565155	0.03286700	31.34557598	-0.91992398	30.81611357	1.93893947	3.24052679
2.94792846	30.47215652	0.03281684	31.35274039	-0.88058339	30.81163629	1.94138663	3.23644204
2.95164520	30.53996849	0.03274398	31.36036460	-0.82039660	30.80715048	1.94383378	3.23236758
2.95536194	30.57335091	0.03270822	31.36869779	-0.79534679	30.80253461	1.94628094	3.22830337
2.95907869	30.59811401	0.03268175	31.37732745	-0.77921345	30.79803169	1.94872809	3.22424937
2.96279543	30.66340446	0.03261216	31.38649265	-0.72308865	30.79352041	1.95117524	3.22020554
2.96651217	30.69431305	0.03257932	31.39622165	-0.70190865	30.78900082	1.95362238	3.21617185
2.97022891	30.74755859	0.03252291	31.40654491	-0.65898591	30.78447299	1.95606953	3.21214825
2.97394565	30.80244446	0.03246496	31.41749466	-0.61505066	30.77993696	1.95851667	3.20813471
2.97766239	30.85613823	0.03240846	31.42942871	-0.57329071	30.77526987	1.96096381	3.20413119
2.98137913	30.83721542	0.03242835	31.44175771	-0.60454271	30.77071740	1.96341095	3.20013765
2.98509587	30.82633209	0.03243980	31.45482591	-0.62849391	30.76615692	1.96585808	3.19615406
2.98881262	30.85008240	0.03241482	31.46867606	-0.61859406	30.76158846	1.96830522	3.19218038
2.99252936	30.89489746	0.03236780	31.48335409	-0.58845709	30.75701209	1.97075235	3.18821657
2.99624610	30.96551514	0.03229399	31.49890934	-0.53339434	30.75242785	1.97319948	3.18426260
2.99996284	31.06659126	0.03218892	31.51585300	-0.44926200	30.74771160	1.97564661	3.18031842
3.00367958	31.17454529	0.03207745	31.53335318	-0.35880818	30.74311160	1.97809373	3.17638401
3.00739632	31.23665619	0.03201367	31.55190370	-0.31524770	30.73850391	1.98054086	3.17245932
3.01111306	31.29085541	0.03195822	31.57157126	-0.28071626	30.73388858	1.98298798	3.16854432
3.01482981	31.30845833	0.03194025	31.59242785	-0.28396985	30.72926567	1.98543510	3.16463898
3.01854655	31.32047272	0.03192800	31.61455099	-0.29407799	30.72463522	1.98788222	3.16074325
3.02226329	31.37874413	0.03186871	31.63867822	-0.25993422	30.71987185	1.99032933	3.15685711
3.02598003	31.48410606	0.03176206	31.66363484	-0.17952884	30.71522630	1.99277645	3.15298052
3.02969677	31.59173012	0.03165385	31.69013552	-0.09840552	30.71057339	1.99522356	3.14911343
3.03341351	31.68903351	0.03155666	31.71828843	-0.02925443	30.70591316	1.99767067	3.14525583
3.03713025	31.77693748	0.03146936	31.74821109	0.02872591	30.70124568	2.00011777	3.14140767
3.04084700	31.91499901	0.03133323	31.78003227	0.13496673	30.69657099	2.00256488	3.13756891
3.04456374	32.05049133	0.03120077	31.81483515	0.23565585	30.69176251	2.00501198	3.13373953
3.04828048	32.16682434	0.03108793	31.85094742	0.31587658	30.68707338	2.00745908	3.12991949
3.05199722	32.23305893	0.03102405	31.88942402	0.34363498	30.68237721	2.00990618	3.12610875
3.05571396	32.30259323	0.03095727	31.93044939	0.37214361	30.67767404	2.01235328	3.12230729
3.05943070	32.42111969	0.03084409	31.97422702	0.44689298	30.67296394	2.01480037	3.11851506
3.06314744	32.54595566	0.03072578	32.02098018	0.52497582	30.66824695	2.01724746	3.11473204
3.06686418	32.67624283	0.03060327	32.07235232	0.60389068	30.66339537	2.01969455	3.11095819
3.07058093	32.76797104	0.03051761	32.12592197	0.64204903	30.65866459	2.02214164	3.10719347
3.07429767	32.91126251	0.03038474	32.18329755	0.72796545	30.65392709	2.02458873	3.10343786
3.07801441	33.07640076	0.03023304	32.27347022	0.80293078	30.64918291	2.02703581	3.09969132
3.08173115	33.28586578	0.03004278	32.33974320	0.94612280	30.64443212	2.02948289	3.09595382
3.08544789	33.45329666	0.02989242	32.41095383	1.04234317	30.63967477	2.03192997	3.09222532
3.08916463	33.59418106	0.02976706	32.48971637	1.10446463	30.63478205	2.03437705	3.08850579
3.09288137	33.77468109	0.02960798	32.57242612	1.20225488	30.63001155	2.03682413	3.08479521
3.09659812	33.98340988	0.02942612	32.66166788	1.32174212	30.62523463	2.03927120	3.08109354
3.10031486	34.18564606	0.02925204	32.75810569	1.42754031	30.62045136	2.04171827	3.07740074
3.10403160	34.42557907	0.02904817	32.86248971	1.56308929	30.61566179	2.04416534	3.07371678
3.10774834	34.69631958	0.02882150	32.97567123	1.72064877	30.61086597	2.04661240	3.07004164
3.11146508	34.97285843	0.02859360	33.10208111	1.87077689	30.60593408	2.04905947	3.06637528
3.11518182	35.22653961	0.02838769	33.23620421	1.99033579	30.60112574	2.05150653	3.06271767
3.11889856	35.56845093	0.02811480	33.38249299	2.18595801	30.59631131	2.05395359	3.05906878
3.12261530	35.89983749	0.02785528	33.54240413	2.35743287	30.59149083	2.05640065	3.05542858
3.12633205	36.18237686	0.02763776	33.71761700	2.46476000	30.58666437	2.05884771	3.05179703
3.13004879	36.50138092	0.02739622	33.91007501	2.59130599	30.58183196	2.06129476	3.04817410
3.13376553	36.85900497	0.02713041	34.12805821	2.73094679	30.57686282	2.06374181	3.04455978
3.13748227	37.24562454	0.02684879	34.36281196	2.88281304	30.57201853	2.06618886	3.04095401
3.14119901	37.64398956	0.02656467	34.62290893	3.02108107	30.56716845	2.06863591	3.03735678
3.14491575	38.09574890	0.02624965	34.91202476	3.18372424	30.56231264	2.07108295	3.03376806
3.14863249	38.60658646	0.02590232	35.23452390	3.37206210	30.55745114	2.07353000	3.03018781
3.15234924	39.15772247	0.02553775	35.59558557	3.56213643	30.55258401	2.07597704	3.02661600
3.15606598	39.79454422	0.02512907	36.01318846	3.78135554	30.54757953	2.07842407	3.02305260
3.15978272	40.51773453	0.02468055	36.47305241	4.04468259	30.54270114	2.08087111	3.01949759
3.16349946	41.32701492	0.02419725	36.99479256	4.33222244	30.53781726	2.08331814	3.01595094
3.16721620	42.28261185	0.02365038	37.58976420	4.69284780	30.53292796	2.08576518	3.01241260
3.17093294	43.40947342	0.02303645	38.24806133	5.16141167	30.52803328	2.08821221	3.00888257
3.17464968	44.82204819	0.02231045	39.05844563	5.76360237	30.52300076	2.09065923	3.00536080
3.17836642	46.63654709	0.02144241	39.97768330	6.65886370	30.51809533	2.09310626	3.00184727
3.18208317	48.88940430	0.02045433	41.05776649	7.83163751	30.51318467	2.09555328	2.99834195
3.18579991	51.87383270	0.01927754	42.35048735	9.52334565	30.50826883	2.09800030	2.99484480
3.18951665	56.03772736	0.01784512	43.95777343	12.07995357	30.50334786	2.10044732	2.99135581
3.19323339	61.80242538	0.01618059	46.11666265	15.68576235	30.49842181	2.10289434	2.98787495
3.19695013	69.97919464	0.01428996	49.52960732	20.44958768	30.49335740	2.10534135	2.98440217
3.20066687	82.51113129	0.01211958	55.48896958	27.02216142	30.48842121	2.10778836	2.98093747
3.20438361	101.95650482	0.00980810	67.32252287	34.63398213	30.48348009	2.11023537	2.97748080
3.20810036	132.32507324	0.00755715	91.62942826	40.69564474	30.47853409	2.11268238	2.97403214
3.21181710	182.85443115	0.00546883	140.26298977	42.59144123	30.47358326	2.11512939	2.97059147
3.21553384	266.02917480	0.00375899	231.70334628	34.32582872	30.46862765	2.11757639	2.96715875
3.21925058	399.14447021	0.00250536	395.54402834	3.60044166	30.46353318	2.12002339	2.96373395
3.22296732	616.36834717	0.00162241	648.04229101	-31.67394401	30.45856803	2.12247039	2.96031706
3.22668406	937.86566162	0.00106625	1005.97320585	-68.10754385	30.45359825	2.12491739	2.95690804
3.23040080	1360.73852539	0.00073490	1458.38751483	-97.64898983	30.44862388	2.12736438	2.95350687
3.23411754	1874.46179199	0.00053349	1959.67396907	-85.21217707	30.44364497	2.12981137	2.95011351
3.23783429	2366.89819336	0.00042249	2430.08595604	-63.18776304	30.43866158	2.13225836	2.94672795
3.24155103	2714.75781250	0.00036836	2777.98060702	-63.22279502	30.43353888	2.13470535	2.94335015
3.24526777	2819.80908203	0.00035463	2897.39393084	-77.58484884	30.42854653	2.13715233	2.93998009
3.24898451	2631.71459961	0.00037998	2765.98835150	-134.27375150	30.42354985	2.13959932	2.93661774
3.25270125	2221.39208984	0.00045017	2420.76447636	-199.37238636	30.41854888	2.14204630	2.93326307
3.25641799	1692.06933594	0.00059099	1948.60082716	-256.53149116	30.41354365	2.14449328	2.92991607
3.26013473	1187.67285156	0.00084198	1447.66196988	-259.98911788	30.40853424	2.14694025	2.92657669
3.26385148	798.37878418	0.00125254	985.96393962	-187.58515562	30.40338511	2.14938723	2.92324493
3.26756822	520.81451416	0.00192007	633.18715033	-112.37263633	30.39836733	2.15183420	2.91992074
3.27128496	338.36337280	0.00295540	385.64150476	-47.27813176	30.39334550	2.15428117	2.91660411
3.27500170	226.88989258	0.00440742	228.98835252	-2.09845952	30.38831966	2.15672814	2.91329501
3.27871844	159.56857300	0.00626690	138.72609752	20.84247548	30.38328986	2.15917510	2.90999341
3.28243518	118.25475311	0.00845632	90.79495473	27.45979827	30.37825616	2.16162206	2.90669929
3.28615192	92.73567200	0.01078334	66.41940448	26.31626752	30.37308239	2.16406902	2.90341262
3.28986867	76.65444946	0.01304556	54.98391632	21.67053268	30.36804090	2.16651598	2.90013338
3.29358541	66.05496216	0.01513891	49.19990629	16.85505571	30.36299564	2.16896294	2.89686154
3.29730215	58.95152283	0.01696309	45.92920801	13.02231499	30.35794667	2.17140989	2.89359707
3.30101889	53.96533203	0.01853042	43.77792583	10.18740617	30.35289402	2.17385684	2.89033996
3.30473563	50.33069992	0.01986859	42.17050066	8.16019934	30.34783774	2.17630379	2.88709018
3.30845237	47.62939835	0.02099544	40.84246619	6.78693181	30.34264108	2.17875074	2.88384770
3.31216911	45.60187531	0.02192892	39.76228790	5.83958710	30.33757760	2.18119768	2.88061250
3.31588585	43.95035934	0.02275294	38.84105227	5.10930673	30.33251063	2.18364462	2.87738455
3.31960260	42.65077591	0.02344623	38.04716584	4.60361016	30.32744022	2.18609156	2.87416383
3.32331934	41.53607178	0.02407546	37.35787815	4.17819385	30.32236641	2.18853850	2.87095032
3.32703608	40.58535004	0.02463943	36.75549946	3.82985054	30.31728926	2.19098544	2.86774398
3.33075282	39.77942657	0.02513862	36.21265191	3.56677509	30.31207146	2.19343237	2.86454481
3.33446956	39.12195969	0.02556109	35.74641587	3.37554413	30.30698766	2.19587930	2.86135276
3.33818630	38.51171494	0.02596612	35.33239986	3.17931514	30.30190066	2.19832623	2.85816783
3.34190304	37.94945908	0.02635084	34.96307906	2.98637994	30.29681050	2.20077315	2.85498998
3.34561979	37.39395142	0.02674229	34.63224588	2.76170512	30.29171722	2.20322008	2.85181919
3.34933653	36.92206192	0.02708408	34.33467261	2.58738939	30.28662087	2.20566700	2.84865544
3.35305327	36.52071762	0.02738172	34.05913306	2.46158494	30.28138364	2.20811392	2.84549871
3.35677001	36.10154343	0.02769965	33.81640973	2.28513327	30.27628120	2.21056084	2.84234897
3.36048675	35.70635605	0.02800622	33.59578042	2.11057558	30.27117584	2.21300775	2.83920619
3.36420349	35.31312943	0.02831808	33.39461140	1.91851760	30.26606758	2.21545466	2.83607036
3.36792023	35.00042725	0.02857108	33.21066046	1.78976654	30.26095649	2.21790157	2.83294146
3.37163697	34.65456772	0.02885622	33.04196816	1.61259984	30.25584259	2.22034848	2.82981945
3.37535372	34.28745270	0.02916519	32.88284961	1.40460339	30.25058762	2.22279538	2.82670432
3.37907046	33.94528198	0.02945917	32.74021058	1.20507142	30.24546820	2.22524229	2.82359604
3.38278720	33.67927933	0.02969185	32.60842264	1.07085636	30.24034611	2.22768919	2.82049459
3.38650394	33.45180130	0.02989376	32.48639364	0.96540736	30.23522141	2.23013608	2.81739996
3.39022068	33.18686676	0.03013240	32.37314533	0.81372167	30.23009413	2.23258298	2.81431210
3.39393742	32.91078186	0.03038518	32.26783839	0.64294361	30.22496433	2.23502987	2.81123102
3.39765416	32.69692612	0.03058391	32.16716246	0.52976354	30.21969330	2.23747676	2.80815667
3.40137091	32.55946732	0.03071303	32.07574733	0.48371967	30.21455851	2.23992365	2.80508905
3.40508765	32.39508820	0.03086888	31.99026095	0.40482705	30.20942132	2.24237054	2.80202812
3.40880439	32.20323563	0.03105278	31.91018689	0.29304911	30.20428179	2.24481742	2.79897387
3.41252113	32.01488876	0.03123547	31.83505045	0.17983855	30.19913995	2.24726431	2.79592627
3.41623787	31.80466080	0.03144193	31.76444075	0.04022025	30.19399585	2.24971118	2.79288530
3.41995461	31.62662888	0.03161892	31.69624050	-0.06961150	30.18871042	2.25215806	2.78985095
3.42367135	31.44816399	0.03179836	31.63370181	-0.18553781	30.18356187	2.25460494	2.78682318
3.42738809	31.31224442	0.03193639	31.57467274	-0.26242874	30.17841119	2.25705181	2.78380199
3.43110484	31.15796280	0.03209452	31.51888394	-0.36092094	30.17325843	2.25949868	2.78078734
3.43482158	31.01884842	0.03223846	31.46608388	-0.44723588	30.16810363	2.26194554	2.77777921
3.43853832	30.90252495	0.03235982	31.41605309	-0.51352809	30.16294683	2.26439241	2.77477759
3.44225506	30.77888870	0.03248980	31.36733908	-0.58845008	30.15764862	2.26683927	2.77178245
3.44597180	30.63680458	0.03264048	31.32232136	-0.68551636	30.15248790	2.26928613	2.76879377
3.44968854	30.49211502	0.03279536	31.27951582	-0.78740082	30.14732532	2.27173299	2.76581153
3.45340528	30.13284683	0.03318638	31.23877237	-1.10592537	30.14216091	2.27417985	2.76283572
3.45712203	29.92168808	0.03342057	31.19994713	-1.27825913	30.13699472	2.27662670	2.75986630
3.46083877	29.80027580	0.03355674	31.16291537	-1.36263937	30.13182679	2.27907355	2.75690326
3.46455551	29.97922134	0.03335644	31.12662584	-1.14740484	30.12651742	2.28152040	2.75394659
3.46827225	30.02750206	0.03330280	31.09288162	-1.06537962	30.12134610	2.28396724	2.75099624
3.47198899	29.97991753	0.03335566	31.06060785	-1.08068985	30.11617317	2.28641409	2.74805222
3.47570573	29.86851692	0.03348007	31.02971060	-1.16119360	30.11099867	2.28886093	2.74511449
3.47942247	29.72412682	0.03364270	31.00010873	-1.27598173	30.10582265	2.29130777	2.74218305
3.48313921	29.62141991	0.03375935	30.97172542	-1.35030542	30.10064514	2.29375460	2.73925785
3.48685596	29.51868057	0.03387685	30.94376840	-1.42508740	30.09532621	2.29620144	2.73633890
3.49057270	29.49052238	0.03390920	30.91764357	-1.42712157	30.09014583	2.29864827	2.73342616
3.49428944	29.46678734	0.03393651	30.89254023	-1.42575323	30.08496409	2.30109510	2.73051962
3.49800618	29.44800949	0.03395815	30.86839969	-1.42039069	30.07978105	2.30354192	2.72761926
3.50172292	29.39824677	0.03401563	30.84517169	-1.44692469	30.07459673	2.30598875	2.72472505
3.50543966	29.37006378	0.03404827	30.82280811	-1.45274411	30.06941118	2.30843557	2.72183698
3.50915640	29.34293747	0.03407975	30.80069221	-1.45775521	30.06408425	2.31088239	2.71895504
3.51287315	29.27851677	0.03415474	30.77994690	-1.50142990	30.05889634	2.31332920	2.71607919
3.51658989	29.22614098	0.03421594	30.75994137	-1.53380037	30.05370733	2.31577602	2.71320942
3.52030663	29.19108963	0.03425703	30.74063776	-1.54954776	30.04851725	2.31822283	2.71034571
3.52402337	29.15344810	0.03430126	30.72200384	-1.56855584	30.04332616	2.32066964	2.70748804
3.52774011	29.05856133	0.03441327	30.70400869	-1.64544769	30.03813408	2.32311645	2.70463640
3.53145685	28.95974159	0.03453069	30.68616141	-1.72641941	30.03280071	2.32556325	2.70179076
3.53517359	28.91987610	0.03457829	30.66937468	-1.74949868	30.02760677	2.32801005	2.69895110
3.53889034	28.90550232	0.03459549	30.65314608	-1.74764408	30.02241198	2.33045685	2.69611741
3.54260708	28.83692741	0.03467776	30.63745093	-1.80052393	30.01721638	2.33290365	2.69328967
3.54632382	28.78527641	0.03473998	30.62226828	-1.83699228	30.01202000	2.33535045	2.69046786
3.55004056	28.76302528	0.03476686	30.60757813	-1.84455313	30.00682290	2.33779724	2.68765195
3.55375730	28.77672958	0.03475030	30.59298326	-1.81625326	30.00148460	2.34024403	2.68484194
3.55747404	28.73987198	0.03479487	30.57923545	-1.83936345	29.99628613	2.34269082	2.68203779
3.56119078	28.67751503	0.03487052	30.56592664	-1.88841164	29.99108705	2.34513760	2.67923951
3.56490752	28.65473366	0.03489825	30.55304206	-1.89830806	29.98588740	2.34758438	2.67644705
3.56862427	28.61782455	0.03494326	30.54056804	-1.92274304	29.98068722	2.35003116	2.67366042
3.57234101	28.53298187	0.03504716	30.52849156	-1.99550956	29.97548655	2.35247794	2.67087959
3.57605775	28.46834755	0.03512673	30.51648963	-2.04814163	29.97014485	2.35492472	2.66810453
3.57977449	28.47205162	0.03512216	30.50518357	-2.03313157	29.96494331	2.35737149	2.66533524
3.58349123	28.51723480	0.03506651	30.49424102	-1.97700602	29.95974140	2.35981826	2.66257170
3.58720797	28.48628807	0.03510461	30.48365331	-1.99736531	29.95453916	2.36226503	2.65981388
3.59092471	28.42057610	0.03518578	30.47341175	-2.05283575	29.94933664	2.36471179	2.65706177
3.59464146	28.37511253	0.03524215	30.46350850	-2.08839550	29.94413386	2.36715855	2.65431536
3.59835820	28.37539482	0.03524180	30.45368246	-2.07828746	29.93879025	2.36960531	2.65157462
3.60207494	28.39697075	0.03521502	30.44444470	-2.04747370	29.93358708	2.37205207	2.64883954
3.60579168	28.40086746	0.03521019	30.43552591	-2.03465891	29.92838379	2.37449883	2.64611009
3.60950842	28.38685417	0.03522757	30.42692149	-2.04006749	29.92318041	2.37694558	2.64338627
3.61322516	28.39578819	0.03521649	30.41862700	-2.02283900	29.91797697	2.37939233	2.64066805
3.61694190	28.39284515	0.03522014	30.41063886	-2.01779386	29.91277352	2.38183908	2.63795542
3.62065864	28.39540291	0.03521697	30.40275063	-2.00734763	29.90742946	2.38428582	2.63524836
3.62437539	28.36073494	0.03526002	30.39537478	-2.03463978	29.90222611	2.38673257	2.63254685
3.62809213	28.34371948	0.03528118	30.38829790	-2.04457890	29.89702285	2.38917931	2.62985088
3.63180887	28.31928825	0.03531162	30.38151873	-2.06223073	29.89181975	2.39162604	2.62716043
3.63552561	28.29635048	0.03534025	30.37503685	-2.07868685	29.88661682	2.39407278	2.62447548
3.63924235	28.24141693	0.03540899	30.36885211	-2.12743511	29.88141411	2.39651951	2.62179602
3.64295909	28.21356773	0.03544394	30.36281023	-2.14924223	29.87607106	2.39896624	2.61912202
3.64667583	28.23386192	0.03541846	30.35723051	-2.12336851	29.87086892	2.40141297	2.61645348
3.65039258	28.25520897	0.03539170	30.35195177	-2.09674277	29.86566711	2.40385969	2.61379037
3.65410932	28.21349525	0.03544403	30.34697654	-2.13348154	29.86046568	2.40630642	2.61113267
3.65782606	28.21274567	0.03544497	30.34230802	-2.12956202	29.85526466	2.40875314	2.60848039
3.66154280	28.21535873	0.03544169	30.33795013	-2.12259113	29.85006409	2.41119985	2.60583348
3.66525954	28.27176285	0.03537098	30.33380258	-2.06203958	29.84472348	2.41364657	2.60319195
3.66897628	28.26688194	0.03537709	30.33008903	-2.06320703	29.83952394	2.41609328	2.60055576
3.67269302	28.25693130	0.03538955	30.32670216	-2.06977116	29.83432497	2.41853999	2.59792492
3.67640976	28.24676323	0.03540229	30.32364893	-2.07688593	29.82912659	2.42098670	2.59529939
3.68012651	28.25874138	0.03538728	30.32093697	-2.06219597	29.82392886	2.42343340	2.59267917
3.68384325	28.26035118	0.03538526	30.31857478	-2.05822378	29.81873181	2.42588010	2.59006424
3.68755999	28.25404739	0.03539316	30.33354513	-2.07949813	29.81339504	2.42832680	2.58745458
3.69127673	28.25037575	0.03539776	30.33206238	-2.08168638	29.80819948	2.43077350	2.58485017
3.69499347	28.27077866	0.03537221	30.33096311	-2.06018411	29.80300470	2.43322020	2.58225101
3.69871021	28.31370354	0.03531859	30.33025990	-2.01655590	29.79781076	2.43566689	2.57965707
3.70242695	28.33842278	0.03528778	30.32996646	-1.99154346	29.79261767	2.43811358	2.57706834
3.70614370	28.39368439	0.03521910	30.33009808	-1.93641408	29.78742549	2.44056026	2.57448480
3.70986044	28.44306374	0.03515796	30.33069265	-1.88762865	29.78209396	2.44300695	2.57190644
3.71357718	28.50934601	0.03507622	30.33173759	-1.82239159	29.77690372	2.44545363	2.56933324
3.71729392	28.53889275	0.03503990	30.33326184	-1.79436884	29.77171449	2.44790031	2.56676519
3.72101066	28.55860519	0.03501572	30.33528651	-1.77668151	29.76652631	2.45034699	2.56420227
3.72472740	28.56409645	0.03500898	30.33783471	-1.77373871	29.76133922	2.45279366	2.56164447
3.72844414	28.56117630	0.03501256	30.34093129	-1.77975529	29.75615325	2.45524033	2.55909176
3.73216088	28.56527519	0.03500754	30.34471077	-1.77943577	29.75082833	2.45768700	2.55654414
3.73587763	28.55560303	0.03501940	30.34900472	-1.79340172	29.74564474	2.46013367	2.55400160
3.73959437	28.51269150	0.03507210	30.35393666	-1.84124566	29.74046239	2.46258033	2.55146410
3.74331111	28.50858498	0.03507715	30.35954137	-1.85095637	29.73528131	2.46502699	2.54893165
3.74702785	28.55271530	0.03502294	30.36585677	-1.81314177	29.73010153	2.46747365	2.54640422
3.75074459	28.56101227	0.03501276	30.37292398	-1.81191198	29.72492308	2.46992030	2.54388180
3.75446133	28.58717537	0.03498072	30.38101147	-1.79383647	29.71960612	2.47236696	2.54136437
3.75817807	28.61059761	0.03495208	30.38974461	-1.77914661	29.71443050	2.47481361	2.53885193
3.76189482	28.65423203	0.03489886	30.39937807	-1.74514607	29.70925634	2.47726026	2.53634445
3.76561156	28.66602707	0.03488450	30.40997042	-1.74394342	29.70408365	2.47970690	2.53384192
3.76932830	28.70230865	0.03484040	30.42158521	-1.71927621	29.69891249	2.48215355	2.53134433
3.77304504	28.77819633	0.03474853	30.43429225	-1.65609625	29.69374288	2.48460019	2.52885166
3.77676178	28.81464958	0.03470457	30.44855958	-1.63390958	29.68843520	2.48704682	2.52636390
3.78047852	28.83808517	0.03467637	30.46372314	-1.62563814	29.68326885	2.48949346	2.52388103
3.78419526	28.82839966	0.03468802	30.48023390	-1.65183390	29.67810416	2.49194009	2.52140304
3.78791200	28.84714127	0.03466548	30.49819380	-1.65105280	29.67294117	2.49438672	2.51892991
3.79162875	28.87206459	0.03463556	30.51771456	-1.64564956	29.66777990	2.49683335	2.51646163
3.79534549	28.89055252	0.03461339	30.53891994	-1.64836694	29.66262040	2.49927997	2.51399818
3.79906223	28.92570496	0.03457133	30.56259495	-1.63688995	29.65732333	2.50172659	2.51153956
3.80277897	29.01430511	0.03446576	30.58765039	-1.57334539	29.65216752	2.50417321	2.50908574
3.80649571	29.12160301	0.03433877	30.61485182	-1.49324882	29.64701358	2.50661983	2.50663672
3.81021245	29.20814896	0.03423702	30.64438709	-1.43623809	29.64186154	2.50906644	2.50419248
3.81392919	29.28290176	0.03414962	30.67646534	-1.39356334	29.63671144	2.51151305	2.50175300
3.81764594	29.33850861	0.03408490	30.71132073	-1.37281173	29.63156332	2.51395966	2.49931827
3.82136268	29.45068741	0.03395506	30.75028287	-1.29959587	29.62627814	2.51640627	2.49688827
3.82507942	29.54665947	0.03384477	30.79160527	-1.24494627	29.62113413	2.51885287	2.49446301
3.82879616	29.67051125	0.03370350	30.83660182	-1.16609082	29.61599218	2.52129947	2.49204245
3.83251290	29.78426933	0.03357477	30.88564822	-1.10137922	29.61085235	2.52374607	2.48962658
3.83622964	29.89451981	0.03345095	30.93916937	-1.04464937	29.60571467	2.52619267	2.48721540
3.83994638	29.98858833	0.03334602	30.99764855	-1.00906055	29.60057916	2.52863926	2.48480889
3.84366313	30.11028099	0.03321125	31.06344506	-0.95316406	29.59530716	2.53108585	2.48240703
3.84737987	30.27046776	0.03303550	31.13374518	-0.86327718	29.59017618	2.53353244	2.48000981
3.85109661	30.43085480	0.03286138	31.21092530	-0.78007030	29.58504747	2.53597902	2.47761722
3.85481335	30.59197235	0.03268831	31.29582125	-0.70384925	29.57992108	2.53842560	2.47522925
3.85853009	30.70448685	0.03256853	31.38939835	-0.68491135	29.57479704	2.54087218	2.47284588
3.86224683	30.83876991	0.03242671	31.49277816	-0.65400816	29.56967537	2.54331876	2.47046709
3.86596357	31.00041199	0.03225764	31.61052839	-0.61011639	29.56441780	2.54576533	2.46809288
3.86968031	31.17948723	0.03207237	31.73802974	-0.55854274	29.55930107	2.54821191	2.46572324
3.87339706	31.42992592	0.03181681	31.88003511	-0.45010911	29.55418681	2.55065848	2.46335814
3.87711380	31.67231750	0.03157331	32.03869422	-0.36637622	29.54907508	2.55310504	2.46099757
3.88083054	31.92827034	0.03132021	32.21656660	-0.28829660	29.54396588	2.55555160	2.45864153
3.88454728	32.19761658	0.03105820	32.41671983	-0.21910283	29.53885927	2.55799817	2.45629000
3.88826402	32.51640701	0.03075371	32.64935794	-0.13295094	29.53361736	2.56044472	2.45394296
3.89198076	32.86328888	0.03042909	32.90685666	-0.04356766	29.52851608	2.56289128	2.45160041
3.89569750	33.30091095	0.03002921	33.20048803	0.10042297	29.52341748	2.56533783	2.44926233
3.89941425	33.79541397	0.02958981	33.53707652	0.25833748	29.51832159	2.56778438	2.44692870
3.90313099	34.38131714	0.02908556	33.92515755	0.45615945	29.51322844	2.57023093	2.44459953
3.90684773	35.15455246	0.02844582	34.37565837	0.77889363	29.50813807	2.57267747	2.44227478
3.91056447	36.16049957	0.02765449	34.91882346	1.24167654	29.50291304	2.57512401	2.43995445
3.91428121	37.37566757	0.02675537	35.54900227	1.82666573	29.49782840	2.57757055	2.43763853
3.91799795	39.03155899	0.02562029	36.32011738	2.71144162	29.49274662	2.58001709	2.43532701
3.92171469	41.41380692	0.02414654	37.32030942	4.09349758	29.48766776	2.58246362	2.43301987
3.92543143	44.79750824	0.02232267	38.75910483	6.03840317	29.48259183	2.58491015	2.43071710
3.92914818	49.90789795	0.02003691	41.13551839	8.77237961	29.47751886	2.58735668	2.42841868
3.93286492	57.88744736	0.01727490	45.73761721	12.14982979	29.47231192	2.58980321	2.42612461
3.93658166	70.10863495	0.01426358	54.70264581	15.40598919	29.46724507	2.59224973	2.42383488
3.94029840	89.99226379	0.01111207	72.40931734	17.58294666	29.46218129	2.59469625	2.42154946
3.94401514	123.50124359	0.00809708	105.74039737	17.76084663	29.45712061	2.59714277	2.41926835
3.94773188	176.86781311	0.00565394	164.07684948	12.79096352	29.45206305	2.59958928	2.41699154
3.95144862	261.48062134	0.00382438	257.63848186	3.84213914	29.44700865	2.60203579	2.41471901
3.95516537	390.95483398	0.00255784	398.01548550	-7.06065150	29.44182096	2.60448230	2.41245076
3.95888211	565.47766113	0.00176842	576.74571790	-11.26805690	29.43677306	2.60692881	2.41018676
3.96259885	778.45941162	0.00128459	782.63213648	-4.17272448	29.43172842	2.60937531	2.40792701
3.96631559	1001.50195312	0.00099850	986.94271640	14.55923660	29.42668705	2.61182181	2.40567150
3.97003233	1173.12255859	0.00085243	1150.64307637	22.47948263	29.42164900	2.61426831	2.40342021
3.97374907	1247.13476562	0.00080184	1234.72780757	12.40695843	29.41661430	2.61671481	2.40117314
3.97746581	1200.97656250	0.00083266	1214.01763119	-13.04106919	29.41144704	2.61916130	2.39893026
3.98118255	1050.57592773	0.00095186	1095.52240908	-44.94648108	29.40641921	2.62160779	2.39669158
3.98489930	837.37854004	0.00119420	911.38825746	-74.00971746	29.40139483	2.62405428	2.39445707
3.98861604	611.52746582	0.00163525	702.25551856	-90.72805256	29.39637391	2.62650076	2.39222672
3.99233278	422.97497559	0.00236421	504.09833237	-81.12335637	29.39135649	2.62894724	2.39000053
3.99604952	286.79879761	0.00348676	340.29643331	-53.49763531	29.38634260	2.63139372	2.38777848
3.99976626	192.30113220	0.00520018	217.07218905	-24.77105705	29.38119690	2.63384020	2.38556056
4.00348300	131.90625000	0.00758114	138.08515471	-6.17890471	29.37619026	2.63628667	2.38334676
4.00719974	96.17785645	0.01039740	90.51447102	5.66338498	29.37118724	2.63873314	2.38113707
4.01091649	73.97530365	0.01351802	64.12758513	9.84771887	29.36618787	2.64117961	2.37893148
4.01463323	60.08715820	0.01664249	50.41288177	9.67427623	29.36119218	2.64362608	2.37672996
4.01834997	51.66017914	0.01935727	43.39093769	8.26924131	29.35606534	2.64607254	2.37453253
4.02206671	46.04044724	0.02172003	39.92404980	6.11639720	29.35107720	2.64851900	2.37233915
4.02578345	42.21532440	0.02368808	37.98376754	4.23155646	29.34609283	2.65096545	2.37014983
4.02950019	39.66079712	0.02521381	36.73977034	2.92102666	29.34111227	2.65341191	2.36796454
4.03321693	37.79055023	0.02646164	35.83206209	1.95848791	29.33613553	2.65585836	2.36578328
4.03693367	36.44343185	0.02743979	35.11077761	1.33265439	29.33116266	2.65830481	2.36360604
4.04065042	35.43298340	0.02822229	34.51154864	0.92143436	29.32619367	2.66075125	2.36143281
4.04436716	34.60564423	0.02889702	33.98975195	0.61589205	29.32109446	2.66319770	2.35926357
4.04808390	33.87185669	0.02952303	33.55379687	0.31806013	29.31613345	2.66564413	2.35709832
4.05180064	33.30643082	0.03002423	33.17572795	0.13070305	29.31117641	2.66809057	2.35493704
4.05551738	32.86056519	0.03043161	32.84560356	0.01496144	29.30622338	2.67053701	2.35277972
4.05923412	32.54509735	0.03072659	32.55568816	-0.01059116	29.30127438	2.67298344	2.35062635
4.06295086	32.23901367	0.03101832	32.29311008	-0.05409608	29.29619586	2.67542987	2.34847693
4.06666761	31.94936562	0.03129953	32.06655842	-0.11719242	29.29125513	2.67787629	2.34633143
4.07038435	31.64718628	0.03159839	31.86445773	-0.21727173	29.28631853	2.68032271	2.34418985
4.07410109	31.39508438	0.03185212	31.68341838	-0.28833438	29.28138607	2.68276914	2.34205218
4.07781783	31.14438248	0.03210852	31.52055400	-0.37617200	29.27645779	2.68521555	2.33991841
4.08153457	30.93621826	0.03232457	31.37345446	-0.43723646	29.27153372	2.68766197	2.33778853
4.08525131	30.74098778	0.03252986	31.23671042	-0.49572242	29.26648098	2.69010838	2.33566252
4.08896805	30.59232521	0.03268794	31.11575785	-0.52343285	29.26156553	2.69255479	2.33354037
4.09268480	30.42967987	0.03286265	31.00540250	-0.57572250	29.25665437	2.69500119	2.33142209
4.09640154	30.22933960	0.03308044	30.90439640	-0.67505640	29.25174753	2.69744760	2.32930764
4.10011828	30.05101395	0.03327675	30.81166988	-0.76065588	29.24684504	2.69989400	2.32719704
4.10383502	29.92647171	0.03341523	30.72633360	-0.79986160	29.24194693	2.70234039	2.32509025
4.10755176	29.82940674	0.03352397	30.64552842	-0.81612142	29.23692102	2.70478679	2.32298728
4.11126850	29.69231606	0.03367875	30.57283070	-0.88051470	29.23203187	2.70723318	2.32088811
4.11498524	29.58370209	0.03380240	30.50541789	-0.92171589	29.22714718	2.70967957	2.31879274
4.11870198	29.46990395	0.03393292	30.44275987	-0.97285587	29.22226698	2.71212596	2.31670114
4.12241873	29.31784058	0.03410892	30.38441164	-1.06657064	29.21739129	2.71457234	2.31461332
4.12613547	29.17218018	0.03427923	30.32995445	-1.15777445	29.21252015	2.71701872	2.31252927
4.12985221	29.09775162	0.03436692	30.27771081	-1.17995881	29.20752212	2.71946510	2.31044896
4.13356895	29.04749298	0.03442638	30.17434576	-1.12685276	29.20266028	2.72191147	2.30837240
4.13728569	28.94723511	0.03454561	30.13013204	-1.18289704	29.19780306	2.72435784	2.30629956
4.14100243	28.85010529	0.03466192	30.08859348	-1.23848848	29.19295050	2.72680421	2.30423045
4.14471917	28.78856659	0.03473601	30.04950201	-1.26093501	29.18810262	2.72925058	2.30216505
4.14843592	28.72794724	0.03480931	30.01266561	-1.28471861	29.18325944	2.73169694	2.30010336
4.15215266	28.65150642	0.03490218	29.97698267	-1.32547667	29.17829030	2.73414330	2.29804535
4.15586940	28.60269737	0.03496174	29.94417543	-1.34147843	29.17345675	2.73658966	2.29599103
4.15958614	28.56433678	0.03500869	29.91312725	-1.34879025	29.16862800	2.73903601	2.29394038
4.16330288	28.52716255	0.03505431	29.88370349	-1.35654049	29.16380406	2.74148237	2.29189339
4.16701962	28.47633362	0.03511688	29.85579179	-1.37945779	29.15898496	2.74392872	2.28985005
4.17073636	28.41310883	0.03519502	29.82927835	-1.41616935	29.15417073	2.74637506	2.28781036
4.17445310	28.34871674	0.03527497	29.80340626	-1.45468926	29.14923149	2.74882140	2.28577429
4.17816985	28.31164360	0.03532116	29.77944487	-1.46780087	29.14442721	2.75126774	2.28374186
4.18188659	28.30380058	0.03533094	29.75661263	-1.45281163	29.13962788	2.75371408	2.28171303
4.18560333	28.27671242	0.03536479	29.73484055	-1.45812855	29.13483353	2.75616042	2.27968781
4.18932007	28.20790100	0.03545106	29.71405699	-1.50615599	29.13004418	2.75860675	2.27766619
4.19303681	28.15511703	0.03551752	29.69420479	-1.53908779	29.12525986	2.76105308	2.27564814
4.19675355	28.13348770	0.03554483	29.67472211	-1.54123411	29.12035150	2.76349940	2.27363368
4.20047029	28.12302589	0.03555805	29.65658642	-1.53356042	29.11557745	2.76594572	2.27162278
4.20418704	28.10895920	0.03557585	29.63922415	-1.53026515	29.11080850	2.76839204	2.26961543
4.20790378	28.08636856	0.03560446	29.62259067	-1.53622167	29.10604469	2.77083836	2.26761163
4.21162052	28.05115700	0.03564915	29.60664960	-1.55549260	29.10128604	2.77328468	2.26561138
4.21533726	28.00340462	0.03570994	29.59136174	-1.58795674	29.09653257	2.77573099	2.26361464
4.21905400	27.99357796	0.03572248	29.57630808	-1.58273008	29.09165604	2.77817729	2.26162143
4.22277074	28.01838875	0.03569085	29.60537453	-1.58698553	29.08691316	2.78062360	2.25963173
4.22648748	27.98022270	0.03573953	29.59222878	-1.61200578	29.08217553	2.78306990	2.25764552
4.23020422	27.91674232	0.03582080	29.57962455	-1.66288255	29.07744319	2.78551620	2.25566281
4.23392097	27.87669563	0.03587226	29.56753641	-1.69084041	29.07271617	2.78796250	2.25368358
4.23763771	27.86310577	0.03588975	29.55594467	-1.69283867	29.06799447	2.79040879	2.25170782
4.24135445	27.83301353	0.03592856	29.54453439	-1.71152039	29.06315075	2.79285508	2.24973553
4.24507119	27.82427025	0.03593985	29.53388742	-1.70961742	29.05843995	2.79530137	2.24776669
4.24878793	27.83760452	0.03592263	29.52368203	-1.68607703	29.05373456	2.79774765	2.24580130
4.25250467	27.83466339	0.03592643	29.51390201	-1.67923901	29.04903461	2.80019394	2.24383934
4.25622141	27.79109001	0.03598276	29.50453508	-1.71344508	29.04434012	2.80264022	2.24188081
4.25993816	27.74937057	0.03603685	29.49556790	-1.74619690	29.03965112	2.80508649	2.23992569
4.26365490	27.74276161	0.03604544	29.48676396	-1.74400196	29.03484112	2.80753276	2.23797399
4.26737164	27.73455048	0.03605611	29.47857646	-1.74402646	29.03016331	2.80997903	2.23602569
4.27108838	27.73688507	0.03605308	29.47075931	-1.73387431	29.02549106	2.81242530	2.23408078
4.27480512	27.72765160	0.03606508	29.46330578	-1.73565378	29.02082440	2.81487157	2.23213925
4.27852186	27.72681808	0.03606617	29.45620888	-1.72939088	29.01616334	2.81731783	2.23020110
4.28223860	27.71024132	0.03608774	29.44946357	-1.73922257	29.01150792	2.81976408	2.22826631
4.28595534	27.69239998	0.03611099	29.44289708	-1.75049708	29.00673256	2.82221034	2.22633488
4.28967209	27.66753769	0.03614344	29.43685132	-1.76931332	29.00208863	2.82465659	2.22440679
4.29338883	27.66058350	0.03615253	29.43114655	-1.77056355	28.99745041	2.82710284	2.22248205
4.29710557	27.68521309	0.03612036	29.42578106	-1.74056806	28.99281791	2.82954909	2.22056063
4.30082231	27.72330666	0.03607073	29.42075429	-1.69744729	28.98819117	2.83199533	2.21864254
4.30453905	27.70846176	0.03609006	29.41606650	-1.70760450	28.98357021	2.83444157	2.21672776
4.30825579	27.67197037	0.03613765	29.41160627	-1.73963627	28.97883039	2.83688781	2.21481628
4.31197253	27.61225891	0.03621580	29.40761052	-1.79535152	28.97422121	2.83933404	2.21290810
4.31568928	27.60949516	0.03621942	29.40396068	-1.79446568	28.96961788	2.84178027	2.21100321
4.31940602	27.63548279	0.03618536	29.40066078	-1.76517778	28.96502042	2.84422650	2.20910160
4.32312276	27.62644577	0.03619720	29.39771637	-1.77127037	28.96042886	2.84667273	2.20720325
4.32683950	27.61467743	0.03621263	29.39513347	-1.78045647	28.95584321	2.84911895	2.20530817
4.33055624	27.60677147	0.03622300	29.39286519	-1.78609419	28.95113982	2.85156517	2.20341635
4.33427298	27.61172104	0.03621650	29.39103997	-1.77931897	28.94656624	2.85401139	2.20152776
4.33798972	27.59600830	0.03623712	29.38960258	-1.79359458	28.94199866	2.85645760	2.19964242
4.34170647	27.61986542	0.03620582	29.38856494	-1.76869994	28.93743708	2.85890381	2.19776030
4.34542321	27.67863464	0.03612895	29.38793893	-1.70930393	28.93288154	2.86135002	2.19588141
4.34913995	27.70539284	0.03609406	29.38773980	-1.68234680	28.92833206	2.86379622	2.19400573
4.35285669	27.67309570	0.03613618	29.38799523	-1.71489923	28.92366595	2.86624242	2.19213325
4.35657343	27.66186523	0.03615085	29.38870993	-1.72684493	28.91912882	2.86868862	2.19026396
4.36029017	27.70017052	0.03610086	29.38990503	-1.68973403	28.91459781	2.87113482	2.18839787
4.36400691	27.68502235	0.03612061	29.39160049	-1.70657849	28.91007295	2.87358101	2.18653495
4.36772365	27.67140961	0.03613838	29.39382176	-1.72241176	28.90555426	2.87602720	2.18467520
4.37144040	27.67816353	0.03612956	29.39659307	-1.71842907	28.90104177	2.87847338	2.18281862
4.37515714	27.74378014	0.03604411	29.40004333	-1.65626333	28.89641379	2.88091957	2.18096520
4.37887388	27.78062820	0.03599631	29.40402392	-1.62339592	28.89191392	2.88336575	2.17911492
4.38259062	27.79638100	0.03597591	29.40865063	-1.61226963	28.88742032	2.88581193	2.17726777
4.38630736	27.85869408	0.03589544	29.41396430	-1.55527030	28.88293299	2.88825810	2.17542376
4.39002410	27.93005753	0.03580372	29.42000461	-1.48994661	28.87845197	2.89070427	2.17358288
4.39374084	27.94934273	0.03577902	29.42682098	-1.47747798	28.87397728	2.89315044	2.17174511
4.39745759	27.93177032	0.03580153	29.43468071	-1.50291071	28.86938826	2.89559660	2.16991044
4.40117433	27.94268608	0.03578754	29.44322870	-1.50054270	28.86492646	2.89804277	2.16807888
4.40489107	27.96354485	0.03576085	29.45272535	-1.48918035	28.86047106	2.90048892	2.16625041
4.40860781	27.98468590	0.03573383	29.46323668	-1.47855068	28.85602207	2.90293508	2.16442502
4.41232455	28.01012611	0.03570137	29.47484319	-1.46471719	28.85157951	2.90538123	2.16260270
4.41604129	28.04809380	0.03565305	29.48762589	-1.43953189	28.84714341	2.90782738	2.16078346
4.41975803	28.07948112	0.03561319	29.50208092	-1.42259992	28.84259417	2.91027353	2.15896727
4.42347477	28.10271263	0.03558375	29.51755661	-1.41484361	28.83817123	2.91271967	2.15715414
4.42719152	28.15439415	0.03551843	29.53452899	-1.38013499	28.83375481	2.91516581	2.15534406
4.43090826	28.21475029	0.03544245	29.55313536	-1.33838536	28.82934494	2.91761195	2.15353701
4.43462500	28.29650116	0.03534006	29.57351707	-1.27701607	28.82494163	2.92005809	2.15173299
4.43834174	28.37940025	0.03523683	29.59584606	-1.21644606	28.82054491	2.92250422	2.14993199
4.44205848	28.49480629	0.03509411	29.62099530	-1.12618930	28.81603623	2.92495035	2.14813401
4.44577522	28.58167648	0.03498745	29.64785722	-1.06618122	28.81165292	2.92739647	2.14633903
4.44949196	28.63961029	0.03491668	29.67730774	-1.03769774	28.80727626	2.92984259	2.14454706
4.45320871	28.71232605	0.03482825	29.70960875	-0.99728275	28.80290628	2.93228871	2.14275807
4.45692545	28.77444839	0.03475306	29.74507721	-0.97062921	28.79854298	2.93473483	2.14097207
4.46064219	28.83789253	0.03467660	29.78405398	-0.94616098	28.79418639	2.93718094	2.13918905
4.46435893	28.89452934	0.03460863	29.82816624	-0.93363724	28.78971907	2.93962705	2.13740900
4.46807567	29.00708580	0.03447434	29.87556936	-0.86848336	28.78537615	2.94207316	2.13563191
4.47179241	29.11199760	0.03435010	29.92789336	-0.81589536	28.78104000	2.94451926	2.13385777
4.47550915	29.18439102	0.03426489	29.98577407	-0.80138307	28.77671065	2.94696536	2.13208658
4.47922589	29.22897530	0.03421263	30.04991827	-0.82094327	28.77238811	2.94941146	2.13031834
4.48294264	29.24956131	0.03418855	30.12118800	-0.87162700	28.76807241	2.95185755	2.12855302
4.48665938	29.33057213	0.03409412	30.20282804	-0.87225604	28.76364720	2.95430364	2.12679063
4.49037612	29.44025421	0.03396710	30.29174554	-0.85149154	28.75934541	2.95674973	2.12503116
4.49409286	29.58543396	0.03380042	30.39138890	-0.80595490	28.75505052	2.95919582	2.12327460
4.49780960	29.71893120	0.03364859	30.50340020	-0.78446920	28.75076254	2.96164190	2.12152094
4.50152634	29.84210014	0.03350971	30.62981526	-0.78771526	28.74648149	2.96408798	2.11977018
4.50524308	30.05168724	0.03327600	30.77302609	-0.72133909	28.74220740	2.96653405	2.11802231
4.50895983	30.26988602	0.03303613	30.94072126	-0.67083526	28.73782506	2.96898013	2.11627732
4.51267657	30.53338051	0.03275104	31.12781157	-0.59443057	28.73356512	2.97142619	2.11453521
4.51639331	30.82290077	0.03244341	31.34291363	-0.52001263	28.72931220	2.97387226	2.11279596
4.52011005	31.18357277	0.03206817	31.59180266	-0.40822966	28.72506632	2.97631832	2.11105958
4.52382679	31.68051338	0.03156515	31.88188064	-0.20136764	28.72082748	2.97876438	2.10932605
4.52754353	32.26888657	0.03098960	32.22373619	0.04515081	28.71659572	2.98121044	2.10759536
4.53126027	33.04570007	0.03026112	32.64660532	0.39909468	28.71225697	2.98365649	2.10586752
4.53497701	34.08531952	0.02933814	33.16237923	0.92294077	28.70803960	2.98610255	2.10414251
4.53869376	35.62764359	0.02806809	33.85660758	1.77103642	28.70382936	2.98854859	2.10242033
4.54241050	37.85483932	0.02641670	34.90589790	2.94894110	28.69962627	2.99099464	2.10070096
4.54612724	41.31964874	0.02420156	36.71371787	4.60593113	28.69543035	2.99344068	2.09898441
4.54984398	46.71352005	0.02140708	40.13393473	6.57958527	28.69124161	2.99588672	2.09727066
4.55356072	55.13505173	0.01813728	47.05495459	8.08009741	28.68694717	2.99833275	2.09555971
4.55727746	69.12893677	0.01446572	59.98819662	9.14074038	28.68277306	3.00077878	2.09385155
4.56099420	92.08511353	0.01085952	83.21581321	8.86930079	28.67860619	3.00322481	2.09214618
4.56471095	128.16354370	0.00780253	121.82589113	6.33765287	28.67444659	3.00567084	2.09044358
4.56842769	184.92543030	0.00540759	180.46837239	4.45705761	28.67029427	3.00811686	2.08874376
4.57214443	263.98724365	0.00378806	261.08747457	2.89976943	28.66614924	3.01056288	2.08704670
4.57586117	363.86001587	0.00274831	363.07731688	0.78269912	28.66189981	3.01300889	2.08535239
4.57957791	480.34329224	0.00208184	470.18732979	10.15596221	28.65776963	3.01545491	2.08366084
4.58329465	583.27697754	0.00171445	567.54133615	15.73564185	28.65364682	3.01790092	2.08197203
4.58701139	646.38806152	0.00154706	634.50957827	11.87848373	28.64953137	3.02034692	2.08028596
4.59072813	653.60070801	0.00152999	653.84409846	-0.24339046	28.64542332	3.02279293	2.07860262
4.59444488	601.85870361	0.00166152	619.98629879	-18.12759479	28.64132267	3.02523893	2.07692201
4.59816162	507.89385986	0.00196892	539.95038001	-32.05652001	28.63711893	3.02768492	2.07524411
4.60187836	391.38061523	0.00255506	437.45530572	-46.07469072	28.63303335	3.03013092	2.07356893
4.60559510	282.97665405	0.00353386	331.08809297	-48.11143897	28.62895524	3.03257691	2.07189644
4.60931184	199.48197937	0.00501298	236.37331833	-36.89133933	28.62488461	3.03502289	2.07022666
4.61302858	138.84022522	0.00720252	161.82845526	-22.98823026	28.62082148	3.03746888	2.06855957
4.61674532	98.30849457	0.01017206	109.13628550	-10.82779050	28.61676587	3.03991486	2.06689516
4.62046207	73.24440765	0.01365292	74.64975495	-1.40534695	28.61260848	3.04236084	2.06523343
4.62417881	57.86614990	0.01728126	55.08651669	2.77963331	28.60856816	3.04480681	2.06357437
4.62789555	48.34193802	0.02068597	44.41063169	3.93130631	28.60453540	3.04725278	2.06191798
4.63161229	42.49509811	0.02353213	38.86685805	3.62823995	28.60051023	3.04969875	2.06026425
4.63532903	38.79337692	0.02577760	36.01521992	2.77815708	28.59649266	3.05214471	2.05861317
4.63904577	36.33335495	0.02752292	34.47476507	1.85858993	28.59248271	3.05459068	2.05696474
4.64276251	34.73014069	0.02879343	33.52603639	1.20410461	28.58837234	3.05703663	2.05531894
4.64647926	33.60717010	0.02975556	32.89270757	0.71446243	28.58437789	3.05948259	2.05367578
4.65019600	32.75290680	0.03053164	32.40767861	0.34522839	28.58039112	3.06192854	2.05203525
4.65391274	32.11949921	0.03113374	32.01251262	0.10698638	28.57641203	3.06437449	2.05039734
4.65762948	31.63682175	0.03160874	31.68037711	-0.04355511	28.57244066	3.06682044	2.04876204
4.66134622	31.25164223	0.03199832	31.39658061	-0.14493861	28.56847700	3.06926638	2.04712936
4.66506296	30.98724174	0.03227135	31.14559463	-0.15835263	28.56441427	3.07171232	2.04549927
4.66877970	30.78445625	0.03248393	30.93358515	-0.14912915	28.56046632	3.07415825	2.04387178
4.67249644	30.60632515	0.03267298	30.74811757	-0.14179257	28.55652615	3.07660419	2.04224688
4.67621319	30.52548790	0.03275951	30.58500754	-0.05951954	28.55259376	3.07905012	2.04062457
4.67992993	30.44506264	0.03284605	30.44079107	0.00427193	28.54866918	3.08149604	2.03900483
4.68364667	30.34620285	0.03295305	30.31271229	0.03349071	28.54475242	3.08394196	2.03738766
4.68736341	30.17460060	0.03314046	30.19553718	-0.02093618	28.54073796	3.08638788	2.03577306
4.69108015	30.10368347	0.03321853	30.09348918	0.01019382	28.53683711	3.08883380	2.03416102
4.69479689	30.02145195	0.03330951	30.00175050	0.01970150	28.53294412	3.09127971	2.03255153
4.69851363	29.87536812	0.03347239	29.91897615	-0.04360815	28.52905903	3.09372562	2.03094459
4.70223038	29.66404915	0.03371084	29.84407066	-0.18002166	28.52518184	3.09617153	2.02934019
4.70594712	29.49995804	0.03389835	29.80098786	-0.30102986	28.52131257	3.09861743	2.02773832
4.70966386	29.36069870	0.03405913	29.73771273	-0.37701373	28.51734699	3.10106333	2.02613898
4.71338060	29.26263428	0.03417327	29.68158581	-0.41895181	28.51349382	3.10350923	2.02454217
4.71709734	29.18832207	0.03426028	29.63026457	-0.44194257	28.50964862	3.10595512	2.02294787
4.72081408	29.10508156	0.03435826	29.58325116	-0.47816916	28.50581140	3.10840102	2.02135609
4.72453082	28.99945068	0.03448341	29.54009273	-0.54064173	28.50198218	3.11084690	2.01976680
4.72824756	28.92222023	0.03457549	29.50041529	-0.57819529	28.49816098	3.11329279	2.01818002
4.73196431	28.85716057	0.03465344	29.46293042	-0.60576942	28.49424485	3.11573867	2.01659574
4.73568105	28.78322601	0.03474246	29.42931015	-0.64608415	28.49043994	3.11818454	2.01501393
4.73939779	28.70816231	0.03483330	29.39827704	-0.69011504	28.48664309	3.12063042	2.01343462
4.74311453	28.66798210	0.03488212	29.36959786	-0.70161586	28.48285432	3.12307629	2.01185777
4.74683127	28.62323570	0.03493665	29.34308004	-0.71984404	28.47907363	3.12552216	2.01028340
4.75054801	28.57122421	0.03500025	29.31854127	-0.74731727	28.47530106	3.12796802	2.00871149
4.75426475	28.52550316	0.03505635	29.29524036	-0.76973736	28.47143497	3.13041388	2.00714204
4.75798150	28.48322678	0.03510838	29.27426076	-0.79103376	28.46767887	3.13285974	2.00557504
4.76169824	28.47027206	0.03512436	29.25484004	-0.78456804	28.46393093	3.13530559	2.00401049
4.76541498	28.46385193	0.03513228	29.23687264	-0.77302064	28.46019115	3.13775144	2.00244838
4.76913172	28.44638252	0.03515385	29.22025772	-0.77387472	28.45645955	3.14019729	2.00088871
4.77284846	28.44043732	0.03516120	29.20491189	-0.76447489	28.45273615	3.14264314	1.99933147
4.77656520	28.44001007	0.03516173	29.19038885	-0.75037885	28.44892066	3.14508898	1.99777665
4.78028194	28.47239304	0.03512174	29.17738221	-0.70498921	28.44521392	3.14753481	1.99622424
4.78399868	28.44926262	0.03515030	29.16543469	-0.71617169	28.44151541	3.14998065	1.99467426
4.78771543	28.40089798	0.03521015	29.15448954	-0.75359154	28.43782517	3.15242648	1.99312667
4.79143217	28.35171509	0.03527123	29.14450041	-0.79278541	28.43414319	3.15487231	1.99158150
4.79514891	28.35469818	0.03526752	29.13542263	-0.78072463	28.43046949	3.15731813	1.99003871
4.79886565	28.37282944	0.03524499	29.12700966	-0.75418066	28.42670515	3.15976395	1.98849832
4.80258239	28.38161659	0.03523407	29.11966988	-0.73805288	28.42304829	3.16220977	1.98696031
4.80629913	28.36465263	0.03525515	29.11314084	-0.74848784	28.41939976	3.16465559	1.98542468
4.81001587	28.35764122	0.03526386	29.10739812	-0.74975712	28.41575956	3.16710140	1.98389143
4.81373262	28.33121109	0.03529676	29.10241981	-0.77120881	28.41212773	3.16954720	1.98236054
4.81744936	28.32616997	0.03530304	29.09818814	-0.77201814	28.40850426	3.17199301	1.98083202
4.82116610	28.31972504	0.03531108	29.09460346	-0.77487846	28.40479158	3.17443881	1.97930585
4.82488284	28.34659576	0.03527760	29.09184243	-0.74524643	28.40118512	3.17688461	1.97778204
4.82859958	28.34147835	0.03528397	29.08979181	-0.74831381	28.39758707	3.17933040	1.97626057
4.83231632	28.35033989	0.03527295	29.08844569	-0.73810569	28.39399744	3.18177619	1.97474144
4.83603306	28.31637383	0.03531526	29.08780001	-0.77142601	28.39041625	3.18422198	1.97322465
4.83974980	28.26885033	0.03537463	29.08786548	-0.81901548	28.38674706	3.18666777	1.97171019
4.84346655	28.24893379	0.03539957	29.08864065	-0.83970665	28.38318302	3.18911355	1.97019806
4.84718329	28.26710320	0.03537681	29.09012072	-0.82301772	28.37962745	3.19155932	1.96868824
4.85090003	28.28695107	0.03535199	29.09231411	-0.80536311	28.37608037	3.19400510	1.96718074
4.85461677	28.29013443	0.03534801	29.09522797	-0.80509397	28.37254180	3.19645087	1.96567555
4.85833351	28.29051971	0.03534753	29.09887621	-0.80835621	28.36901175	3.19889664	1.96417266
4.86205025	28.29405975	0.03534311	29.10327109	-0.80921109	28.36549023	3.20134240	1.96267207
4.86576699	28.32575607	0.03530356	29.10858116	-0.78282516	28.36188242	3.20378816	1.96117377
4.86948374	28.35493088	0.03526723	29.11454780	-0.75961680	28.35837823	3.20623392	1.95967776
4.87320048	28.41095734	0.03519769	29.09287943	-0.68192243	28.35488261	3.20867967	1.95818403
4.87691722	28.45105553	0.03514808	29.10072076	-0.64966476	28.35139558	3.21112543	1.95669258
4.88063396	28.47984886	0.03511255	29.10942042	-0.62957142	28.34791714	3.21357117	1.95520341
4.88435070	28.51905632	0.03506427	29.11928439	-0.60022839	28.34435365	3.21601692	1.95371650
4.88806744	28.54124451	0.03503701	29.12983135	-0.58858635	28.34089268	3.21846266	1.95223185
4.89178418	28.54139137	0.03503683	29.14134559	-0.59995459	28.33744034	3.22090839	1.95074946
4.89550093	28.51578140	0.03506830	29.15387484	-0.63809384	28.33399664	3.22335413	1.94926932
4.89921767	28.53731728	0.03504184	29.16746324	-0.63014624	28.33056161	3.22579986	1.94779143
4.90293441	28.61723328	0.03494398	29.18216867	-0.56493567	28.32713525	3.22824559	1.94631577
4.90665115	28.70196342	0.03484082	29.19849139	-0.49652839	28.32362532	3.23069131	1.94484236
4.91036789	28.74129868	0.03479314	29.21563904	-0.47434004	28.32021658	3.23313703	1.94337117
4.91408463	28.77636909	0.03475074	29.23409877	-0.45772977	28.31681654	3.23558275	1.94190222
4.91780137	28.82330322	0.03469415	29.25394261	-0.43063961	28.31342523	3.23802846	1.94043548
4.92151811	28.86284637	0.03464662	29.27526072	-0.41241472	28.31004265	3.24047417	1.93897096
4.92523486	28.85814285	0.03465226	29.29813986	-0.43999686	28.30666882	3.24291988	1.93750865
4.92895160	28.86764717	0.03464086	29.32337364	-0.45572664	28.30321291	3.24536558	1.93604854
4.93266834	28.91636086	0.03458250	29.34975044	-0.43338944	28.29985684	3.24781128	1.93459064
4.93638508	29.02678680	0.03445094	29.37802770	-0.35124070	28.29650955	3.25025698	1.93313493
4.94010182	29.10233116	0.03436151	29.40834964	-0.30601864	28.29317106	3.25270267	1.93168142
4.94381856	29.10400772	0.03435953	29.44085649	-0.33684849	28.28984137	3.25514836	1.93023009
4.94753530	29.12275696	0.03433741	29.47572287	-0.35296587	28.28652049	3.25759405	1.92878094
4.95125205	29.19409752	0.03425350	29.51417001	-0.32007201	28.28311906	3.26003973	1.92733397
4.95496879	29.33891296	0.03408443	29.55438243	-0.21546943	28.27981609	3.26248541	1.92588917
4.95868553	29.43298149	0.03397549	29.59756840	-0.16458740	28.27652198	3.26493108	1.92444653
4.96240227	29.52693939	0.03386738	29.64396405	-0.11702505	28.27323673	3.26737676	1.92300606
4.96611901	29.58766365	0.03379787	29.69385840	-0.10619440	28.26996035	3.26982242	1.92156775
4.96983575	29.66788483	0.03370648	29.74754611	-0.07966111	28.26669286	3.27226809	1.92013158
4.97355249	29.78442764	0.03357459	29.80700394	-0.02257594	28.26334631	3.27471375	1.91869757
4.97726923	29.95396233	0.03338456	29.86950088	0.08446112	28.26009687	3.27715941	1.91726569
4.98098598	30.08404350	0.03324021	29.93696292	0.14708108	28.25685634	3.27960507	1.91583596
4.98470272	30.18775558	0.03312601	30.00989538	0.17786062	28.25362475	3.28205072	1.91440835
4.98841946	30.30656815	0.03299615	30.08882895	0.21773905	28.25040209	3.28449637	1.91298288
4.99213620	30.44698715	0.03284397	30.17439431	0.27259269	28.24718839	3.28694201	1.91155952
4.99585294	30.60341644	0.03267609	30.26993545	0.33348055	28.24389716	3.28938765	1.91013829
4.99956968	30.74498749	0.03252563	30.37121415	0.37377285	28.24070163	3.29183329	1.90871917
5.00328642	30.91791725	0.03234371	30.48159245	0.43632455	28.23751510	3.29427893	1.90730216
5.00700317	31.08552742	0.03216931	30.60209598	0.48343102	28.23433755	3.29672456	1.90588725
5.01071991	31.26274681	0.03198695	30.73396896	0.52877804	28.23116901	3.29917018	1.90447445
5.01443665	31.43901062	0.03180762	30.87857727	0.56043373	28.22800949	3.30161581	1.90306373
5.01815339	31.58943367	0.03165615	31.04208030	0.54735370	28.22477398	3.30406143	1.90165511
5.02187013	31.80272484	0.03144385	31.21782037	0.58490463	28.22163276	3.30650705	1.90024858
5.02558687	32.04952621	0.03120171	31.41207623	0.63744977	28.21850060	3.30895266	1.89884412
5.02930361	32.29874039	0.03096096	31.62750741	0.67123259	28.21537749	3.31139827	1.89744174
5.03302035	32.53522491	0.03073592	31.86714041	0.66808459	28.21226345	3.31384388	1.89604144
5.03673710	32.82587814	0.03046377	32.13465951	0.69121849	28.20915849	3.31628948	1.89464320
5.04045384	33.17470169	0.03014345	32.44309012	0.73161188	28.20597907	3.31873508	1.89324702
5.04417058	33.55457687	0.02980219	32.78149178	0.77308522	28.20289255	3.32118068	1.89185290
5.04788732	34.01334381	0.02940023	33.16401871	0.84932529	28.19981513	3.32362627	1.89046084
5.05160406	34.51712799	0.02897112	33.59837210	0.91875590	28.19674683	3.32607186	1.88907082
5.05532080	35.10507202	0.02848591	34.09425722	1.01081478	28.19368766	3.32851744	1.88768285
5.05903754	35.88568878	0.02786626	34.66346907	1.22221993	28.19063763	3.33096303	1.88629692
5.06275429	36.80956268	0.02716685	35.34036416	1.46919884	28.18751468	3.33340860	1.88491303
5.06647103	37.91295624	0.02637621	36.10976640	1.80318960	28.18448320	3.33585418	1.88353116
5.07018777	39.34639740	0.02541529	37.01667042	2.32972658	28.18146089	3.33829975	1.88215133
5.07390451	41.28074646	0.02422437	38.10864548	3.17210052	28.17844775	3.34074532	1.88077351
5.07762125	43.85430527	0.02280278	39.47839461	4.37591039	28.17544380	3.34319088	1.87939771
5.08133799	47.59082413	0.02101245	41.33270173	6.25812227	28.17244905	3.34563645	1.87802393
5.08505473	53.10871124	0.01882930	44.24524641	8.86346459	28.16938294	3.34808200	1.87665216
5.08877147	61.54616547	0.01624797	49.15688983	12.38927517	28.16640685	3.35052756	1.87528238
5.09248822	74.95249939	0.01334178	58.35304161	16.59945739	28.16343999	3.35297311	1.87391461
5.09620496	96.53762817	0.01035866	75.96739688	20.57023112	28.16048236	3.35541865	1.87254884
5.09992170	131.13255310	0.00762587	108.81687924	22.31567376	28.15753398	3.35786420	1.87118506
5.10363844	188.39767456	0.00530792	166.61439082	21.78328418	28.15459484	3.36030974	1.86982326
5.10735518	279.06307983	0.00358342	263.89587094	15.16720906	28.15158591	3.36275527	1.86846345
5.11107192	413.83340454	0.00241643	405.48425820	8.34914680	28.14866555	3.36520081	1.86710561
5.11478866	608.37548828	0.00164372	595.95374480	12.42174320	28.14575447	3.36764634	1.86574975
5.11850541	847.96350098	0.00117930	825.23385055	22.72965045	28.14285268	3.37009186	1.86439586
5.12222215	1105.30212402	0.00090473	1067.24435409	38.05776991	28.13996019	3.37253739	1.86304393
5.12593889	1337.13903809	0.00074787	1281.83229422	55.30674378	28.13707699	3.37498290	1.86169397
5.12965563	1470.29772949	0.00068013	1425.09618957	45.20153943	28.13412557	3.37742842	1.86034596
5.13337237	1470.77624512	0.00067991	1451.98498735	18.79125765	28.13126127	3.37987393	1.85899990
5.13708911	1334.93579102	0.00074910	1359.69568531	-24.75989431	28.12840629	3.38231944	1.85765580
5.14080585	1109.09667969	0.00090163	1173.99532468	-64.89864468	28.12556065	3.38476494	1.85631363
5.14452260	851.70257568	0.00117412	939.18238251	-87.47980651	28.12272436	3.38721044	1.85497341
5.14823934	607.23962402	0.00164680	699.70683337	-92.46720937	28.11989743	3.38965594	1.85363512
5.15195608	415.60656738	0.00240612	483.75451119	-68.14794419	28.11700383	3.39210144	1.85229877
5.15567282	280.82449341	0.00356094	320.25939370	-39.43490070	28.11419589	3.39454693	1.85096434
5.15938956	190.32418823	0.00525419	205.46298561	-15.13879761	28.11139732	3.39699241	1.84963183
5.16310630	132.46937561	0.00754891	132.06871228	0.40066372	28.10860814	3.39943790	1.84830125
5.16682304	97.17820740	0.01029037	88.88597964	8.29222736	28.10582836	3.40188338	1.84697258
5.17053978	75.58599091	0.01322996	65.16168974	10.42430126	28.10305797	3.40432885	1.84564582
5.17425653	62.04489899	0.01611736	52.44281925	9.60207975	28.10022252	3.40677432	1.84432096
5.17797327	53.51464462	0.01868647	46.00435567	7.51028933	28.09747122	3.40921979	1.84299801
5.18169001	47.91175079	0.02087171	42.42416602	5.48758498	28.09472936	3.41166526	1.84167696
5.18540675	44.13679123	0.02265684	40.20092391	3.93586709	28.09199692	3.41411072	1.84035780
5.18912349	41.53327942	0.02407708	38.63713111	2.89614789	28.08927394	3.41655618	1.83904054
5.19284023	39.58456421	0.02526237	37.42705172	2.15751228	28.08656040	3.41900163	1.83772516
5.19655697	38.11247635	0.02623813	36.41274338	1.69973262	28.08378336	3.42144708	1.83641166
5.20027372	37.02832413	0.02700635	35.58280801	1.44551599	28.08108901	3.42389253	1.83510004
5.20399046	36.18144226	0.02763848	34.87316147	1.30828053	28.07840412	3.42633797	1.83379029
5.20770720	35.45144653	0.02820759	34.26056860	1.19087840	28.07572871	3.42878341	1.83248241
5.21142394	34.81815338	0.02872065	33.72792162	1.09023138	28.07306280	3.43122885	1.83117640
5.21514068	34.27104950	0.02917915	33.26208588	1.00896312	28.07040637	3.43367428	1.82987226
5.21885742	33.81584167	0.02957194	32.84194440	0.97389760	28.06768804	3.43611971	1.82856997
5.22257416	33.40209198	0.02993824	32.48099081	0.92110119	28.06505089	3.43856514	1.82726953
5.22629090	33.00921249	0.03029457	32.16040930	0.84880270	28.06242325	3.44101056	1.82597095
5.23000765	32.67163086	0.03060759	31.87442485	0.79720615	28.05980513	3.44345598	1.82467421
5.23372439	32.41368103	0.03085117	31.61834835	0.79533265	28.05719655	3.44590139	1.82337931
5.23744113	32.17433929	0.03108067	31.38813998	0.78619902	28.05459750	3.44834680	1.82208625
5.24115787	31.94884491	0.03130004	31.17519081	0.77365419	28.05193814	3.45079221	1.82079503
5.24487461	31.71174812	0.03153405	30.98779589	0.72395211	28.04935845	3.45323762	1.81950564
5.24859135	31.51413918	0.03173179	30.81772184	0.69641716	28.04678831	3.45568302	1.81821807
5.25230809	31.29936409	0.03194953	30.66291572	0.63644828	28.04422774	3.45812841	1.81693233
5.25602484	31.09762764	0.03215679	30.52162006	0.57600794	28.04167674	3.46057381	1.81564840
5.25974158	30.88116646	0.03238220	30.39237488	0.48879112	28.03913531	3.46301920	1.81436630
5.26345832	30.68183899	0.03259257	30.27078436	0.41105464	28.03653518	3.46546458	1.81308600
5.26717506	30.50896072	0.03277726	30.16214086	0.34682014	28.03401319	3.46790996	1.81180751
5.27089180	30.37233734	0.03292470	30.06211050	0.31022650	28.03150079	3.47035534	1.81053082
5.27460854	30.26511192	0.03304134	29.96983252	0.29527948	28.02899800	3.47280072	1.80925594
5.27832528	30.13464737	0.03318439	29.88458370	0.25006330	28.02650482	3.47524609	1.80798284
5.28204202	29.98724174	0.03334752	29.80568642	0.18155558	28.02402125	3.47769145	1.80671155
5.28575877	29.78720093	0.03357147	29.73067917	0.05652183	28.02148058	3.48013682	1.80544204
5.28947551	29.61865807	0.03376250	29.66297427	-0.04431627	28.01901652	3.48258218	1.80417431
5.29319225	29.52665710	0.03386770	29.60008404	-0.07342704	28.01656210	3.48502754	1.80290837
5.29690899	29.50381470	0.03389392	29.54159783	-0.03778283	28.01411731	3.48747289	1.80164420
5.30062573	29.45229340	0.03395321	29.48715228	-0.03485928	28.01168218	3.48991824	1.80038181
5.30434247	29.33549881	0.03408839	29.43644058	-0.10094158	28.00925669	3.49236358	1.79912119
5.30805921	29.23997307	0.03419976	29.38793212	-0.14795912	28.00677570	3.49480892	1.79786233
5.31177596	29.20000267	0.03424657	29.34393317	-0.14393017	28.00436980	3.49725426	1.79660523
5.31549270	29.14911270	0.03430636	29.30288618	-0.15377318	28.00197356	3.49969960	1.79534990
5.31920944	29.04730415	0.03442660	29.26458185	-0.21727785	27.99958700	3.50214493	1.79409631
5.32292618	28.97722244	0.03450986	29.22884527	-0.25162327	27.99721012	3.50459025	1.79284448
5.32664292	28.94667816	0.03454628	29.19550252	-0.24882452	27.99484293	3.50703558	1.79159440
5.33035966	28.88402939	0.03462121	29.16360117	-0.27957217	27.99242184	3.50948090	1.79034606
5.33407640	28.78882408	0.03473570	29.13468213	-0.34585813	27.99007430	3.51192621	1.78909946
5.33779314	28.72159958	0.03481700	29.10775170	-0.38615170	27.98773645	3.51437153	1.78785460
5.34150989	28.70908928	0.03483217	29.08270875	-0.37361975	27.98540832	3.51681683	1.78661147
5.34522663	28.70925140	0.03483198	29.05945102	-0.35020002	27.98308989	3.51926214	1.78537007
5.34894337	28.67356491	0.03487533	29.03789744	-0.36433244	27.98078118	3.52170744	1.78413040
5.35266011	28.58337975	0.03498537	29.01744901	-0.43406901	27.97842020	3.52415274	1.78289245
5.35637685	28.53268623	0.03504752	28.99911744	-0.46643144	27.97613121	3.52659803	1.78165622
5.36009359	28.52832603	0.03505288	28.98228027	-0.45395427	27.97385195	3.52904332	1.78042170
5.36381033	28.53026772	0.03505049	28.96688302	-0.43661502	27.97158242	3.53148861	1.77918889
5.36752708	28.50167274	0.03508566	28.95288339	-0.45121039	27.96932264	3.53393389	1.77795779
5.37124382	28.48569870	0.03510534	28.94023903	-0.45454003	27.96707261	3.53637917	1.77672840
5.37496056	28.47863960	0.03511404	28.92863182	-0.44999182	27.96477191	3.53882444	1.77550071
5.37867730	28.46643639	0.03512909	28.91864462	-0.45220862	27.96254165	3.54126972	1.77427471
5.38239404	28.44126511	0.03516018	28.90993196	-0.46866696	27.96032115	3.54371498	1.77305041
5.38611078	28.40934181	0.03519969	28.90248052	-0.49313852	27.95811042	3.54616025	1.77182780
5.38982752	28.36465645	0.03525514	28.89627917	-0.53162317	27.95590946	3.54860551	1.77060687
5.39354427	28.34287643	0.03528223	28.89132473	-0.54844873	27.95371827	3.55105076	1.76938763
5.39726101	28.37494850	0.03524235	28.88753545	-0.51258645	27.95147804	3.55349602	1.76817007
5.40097775	28.41094017	0.03519771	28.88511832	-0.47417832	27.94930669	3.55594127	1.76695419
5.40469449	28.45114899	0.03514797	28.88396941	-0.43282041	27.94714512	3.55838651	1.76573997
5.40841123	28.45460320	0.03514370	28.88410829	-0.42950529	27.94499334	3.56083175	1.76452743
5.41212797	28.45879364	0.03513852	28.88555898	-0.42676498	27.94285136	3.56327699	1.76331655
5.41584471	28.46677017	0.03512868	28.88835425	-0.42158425	27.94071918	3.56572223	1.76210734
5.41956145	28.45394897	0.03514451	28.89266404	-0.43871504	27.93853958	3.56816746	1.76089979
5.42327820	28.44008636	0.03516164	28.89830816	-0.45822216	27.93642728	3.57061268	1.75969389
5.42699494	28.43359184	0.03516967	28.90543672	-0.47184472	27.93432480	3.57305791	1.75848964
5.43071168	28.43384933	0.03516935	28.91410951	-0.48026051	27.93223213	3.57550312	1.75728704
5.43442842	28.43730927	0.03516507	28.92440085	-0.48709185	27.93014928	3.57794834	1.75608609
5.43814516	28.42359924	0.03518203	28.93638924	-0.51279024	27.92807626	3.58039355	1.75488678
5.44186190	28.45597839	0.03514200	28.95056790	-0.49458990	27.92595744	3.58283876	1.75368911
5.44557864	28.50229454	0.03508489	28.96629929	-0.46400429	27.92390434	3.58528396	1.75249307
5.44929539	28.53787994	0.03504115	28.98404743	-0.44616743	27.92186108	3.58772916	1.75129867
5.45301213	28.56295395	0.03501038	29.00395189	-0.44099789	27.91982767	3.59017436	1.75010589
5.45672887	28.58788109	0.03497986	29.02615873	-0.43827773	27.91780409	3.59261955	1.74891474
5.46044561	28.61071205	0.03495194	29.05084584	-0.44013384	27.91579036	3.59506474	1.74772522
5.46416235	28.66821480	0.03488184	29.07897876	-0.41076376	27.91373246	3.59750993	1.74653731
5.46787909	28.72169495	0.03481689	29.10930193	-0.38760693	27.91173870	3.59995511	1.74535102
5.47159583	28.75883484	0.03477192	29.14277113	-0.38393613	27.90975480	3.60240029	1.74416634
5.47531257	28.79680061	0.03472608	29.17965780	-0.38285680	27.90778076	3.60484546	1.74298326
5.47902932	28.86518860	0.03464381	29.22028963	-0.35510063	27.90581659	3.60729063	1.74180180
5.48274606	28.92424965	0.03457307	29.26501639	-0.34076639	27.90386228	3.60973580	1.74062194
5.48646280	28.98827362	0.03449671	29.31565396	-0.32737996	27.90186542	3.61218096	1.73944367
5.49017954	29.06918335	0.03440069	29.37002184	-0.30083884	27.89993112	3.61462612	1.73826700
5.49389628	29.12398148	0.03433596	29.41302124	-0.28904024	27.89800670	3.61707127	1.73709193
5.49761302	29.18658066	0.03426232	29.47921523	-0.29263423	27.89609215	3.61951642	1.73591844
5.50132976	29.26229477	0.03417367	29.55226562	-0.28997062	27.89418749	3.62196157	1.73474654
5.50504651	29.39298820	0.03402172	29.63301760	-0.24002960	27.89229271	3.62440671	1.73357622
5.50876325	29.51823807	0.03387736	29.72495888	-0.20672088	27.89035702	3.62685185	1.73240749
5.51247999	29.61135483	0.03377083	29.82439841	-0.21304341	27.88848229	3.62929699	1.73124033
5.51619673	29.69355965	0.03367734	29.93496674	-0.24140674	27.88661745	3.63174212	1.73007474
5.51991347	29.81076241	0.03354493	30.05818151	-0.24741951	27.88476251	3.63418725	1.72891072
5.52363021	29.97702408	0.03335888	30.19590390	-0.21887990	27.88291746	3.63663237	1.72774827
5.52734695	30.17843437	0.03313625	30.35027288	-0.17183888	27.88108232	3.63907749	1.72658739
5.53106369	30.35158730	0.03294721	30.52889918	-0.17731218	27.87920789	3.64152261	1.72542806
5.53478044	30.55572510	0.03272709	30.72560452	-0.16987952	27.87739282	3.64396772	1.72427030
5.53849718	30.77898979	0.03248970	30.94858056	-0.16959056	27.87558766	3.64641283	1.72311408
5.54221392	31.01996231	0.03223731	31.20253300	-0.18257100	27.87379242	3.64885794	1.72195942
5.54593066	31.34355545	0.03190449	31.49311943	-0.14956443	27.87200708	3.65130304	1.72080631
5.54964740	31.75044060	0.03149563	31.82753681	-0.07709581	27.87023166	3.65374814	1.71965474
5.55336414	32.26729965	0.03099113	32.22606301	0.04123699	27.86841858	3.65619323	1.71850472
5.55708088	32.91244888	0.03038364	32.68003771	0.23241129	27.86666327	3.65863832	1.71735623
5.56079763	33.73239136	0.02964510	33.21675507	0.51563593	27.86491788	3.66108340	1.71620928
5.56451437	34.77133179	0.02875932	33.87594713	0.89538487	27.86318241	3.66352849	1.71506386
5.56823111	36.29088593	0.02755513	34.69455405	1.59633195	27.86145687	3.66597356	1.71391997
5.57194785	38.42113876	0.02602734	35.81051227	2.61062673	27.85974125	3.66841864	1.71277761
5.57566459	41.54111862	0.02407253	37.57182848	3.96929052	27.85798961	3.67086371	1.71163677
5.57938133	46.34014130	0.02157956	40.53693085	5.80321015	27.85629412	3.67330878	1.71049745
5.58309807	54.04124832	0.01850438	46.03269730	8.00855070	27.85460857	3.67575384	1.70935965
5.58681481	66.22991943	0.01509892	56.40654508	9.82337392	27.85293295	3.67819890	1.70822337
5.59053156	86.30410004	0.01158694	75.42685151	10.87724849	27.85126727	3.68064395	1.70708859
5.59424830	119.11005402	0.00839560	108.32254118	10.78751282	27.84961152	3.68308900	1.70595533
5.59796504	169.35490417	0.00590476	162.76180603	6.59309797	27.84792137	3.68553405	1.70482357
5.60168178	245.59977722	0.00407166	240.71951068	4.88026632	27.84628578	3.68797909	1.70369331
5.60539852	350.07626343	0.00285652	344.03737208	6.03889092	27.84466013	3.69042413	1.70256455
5.60911526	476.07037354	0.00210053	466.54262031	9.52775369	27.84304442	3.69286917	1.70143729
5.61283200	612.98034668	0.00163137	593.86367277	19.11667423	27.84143865	3.69531420	1.70031152
5.61654875	727.98712158	0.00137365	704.44827097	23.53885103	27.83984284	3.69775923	1.69918724
5.62026549	791.11956787	0.00126403	775.18930082	15.93026718	27.83821424	3.70020425	1.69806445
5.62398223	785.88916016	0.00127244	783.59379899	2.29536101	27.83663859	3.70264927	1.69694315
5.62769897	713.53057861	0.00140148	729.73798109	-16.20740209	27.83507289	3.70509429	1.69582332
5.63141571	596.00427246	0.00167784	628.51092262	-32.50665062	27.83351714	3.70753930	1.69470498
5.63513245	458.13943481	0.00218274	503.57578023	-45.43634523	27.83197134	3.70998431	1.69358811
5.63884919	331.98284912	0.00301220	377.82440001	-45.84155101	27.83043550	3.71242931	1.69247271
5.64256593	233.57826233	0.00428122	265.33656533	-31.75830333	27.82886850	3.71487432	1.69135878
5.64628268	162.24336243	0.00616358	180.58072273	-18.33736073	27.82735284	3.71731931	1.69024633
5.64999942	114.12566376	0.00876227	121.16854854	-7.04288454	27.82584712	3.71976430	1.68913533
5.65371616	83.34817505	0.01199786	83.16449590	0.18367910	27.82435137	3.72220929	1.68802580
5.65743290	64.59529877	0.01548100	60.72433045	3.87096855	27.82286557	3.72465428	1.68691772
5.66114964	52.89049149	0.01890699	48.06649557	4.82399543	27.82134998	3.72709926	1.68581110
5.66486638	45.54267120	0.02195743	41.56790816	3.97476284	27.81988437	3.72954424	1.68470593
5.66858312	40.98875809	0.02439693	38.09358714	2.89517086	27.81842872	3.73198921	1.68360222
5.67229987	37.98680878	0.02632493	36.11915005	1.86765895	27.81698303	3.73443418	1.68249995
5.67601661	35.95930481	0.02780921	34.86667326	1.09263174	27.81554730	3.73687914	1.68139912
5.67973335	34.57265854	0.02892459	33.97264047	0.60001853	27.81412152	3.73932411	1.68029974
5.68345009	33.54892349	0.02980722	33.27512128	0.27380172	27.81270571	3.74176906	1.67920179
5.68716683	32.75115204	0.03053328	32.68800480	0.06314720	27.81126201	3.74421402	1.67810528
5.69088357	32.13149261	0.03112211	32.20651843	-0.07502543	27.80986639	3.74665897	1.67701020
5.69460031	31.64402580	0.03160154	31.79399407	-0.14996807	27.80848073	3.74910391	1.67591655
5.69831706	31.24730873	0.03200276	31.43737427	-0.19006527	27.80710504	3.75154885	1.67482433
5.70203380	30.92417908	0.03233716	31.12680965	-0.20263065	27.80573931	3.75399379	1.67373354
5.70575054	30.61985779	0.03265854	30.84787824	-0.22802024	27.80434703	3.75643873	1.67264416
5.70946728	30.39677048	0.03289823	30.60902776	-0.21225776	27.80300149	3.75888366	1.67155621
5.71318402	30.20353889	0.03310870	30.39748610	-0.19394710	27.80166592	3.76132858	1.67046967
5.71690076	30.01446915	0.03331726	30.20929321	-0.19482421	27.80034031	3.76377350	1.66938454
5.72061750	29.79161263	0.03356649	30.04109125	-0.24947825	27.79902465	3.76621842	1.66830083
5.72433424	29.62868309	0.03375108	29.89017762	-0.26149462	27.79771896	3.76866333	1.66721852
5.72805099	29.47601509	0.03392589	29.75074692	-0.27473192	27.79638836	3.77110824	1.66613762
5.73176773	29.32341766	0.03410244	29.62816713	-0.30474913	27.79510286	3.77355315	1.66505812
5.73548447	29.19759178	0.03424940	29.51698240	-0.31939040	27.79382732	3.77599805	1.66398002
5.73920121	29.09480476	0.03437040	29.41578699	-0.32098199	27.79256175	3.77844295	1.66290331
5.74291795	28.98146439	0.03450481	29.32343174	-0.34196774	27.79130613	3.78088785	1.66182801
5.74663469	28.85585976	0.03465501	29.23888524	-0.38302524	27.79006048	3.78333274	1.66075409
5.75035143	28.71672440	0.03482291	29.15929005	-0.44256605	27.78879152	3.78577762	1.65968156
5.75406818	28.59521103	0.03497089	29.08806295	-0.49285195	27.78756606	3.78822250	1.65861042
5.75778492	28.50035667	0.03508728	29.02235842	-0.52200142	27.78635055	3.79066738	1.65754066
5.76150166	28.45786667	0.03513967	28.96162677	-0.50375977	27.78514500	3.79311226	1.65647228
5.76521840	28.40276527	0.03520784	28.90535583	-0.50259083	27.78394940	3.79555713	1.65540528
5.76893514	28.31522942	0.03531668	28.85312481	-0.53789581	27.78276376	3.79800199	1.65433966
5.77265188	28.18351173	0.03548174	28.80327518	-0.61976318	27.78155644	3.80044686	1.65327540
5.77636862	28.11393738	0.03556955	28.75808294	-0.64414594	27.78039099	3.80289171	1.65221252
5.78008536	28.06250191	0.03563474	28.71589878	-0.65339678	27.77923548	3.80533657	1.65115101
5.78380211	28.04766273	0.03565359	28.67644559	-0.62878259	27.77808993	3.80778142	1.65009086
5.78751885	28.00288582	0.03571061	28.63949663	-0.63661063	27.77695433	3.81022626	1.64903207
5.79123559	27.95474243	0.03577211	28.60483068	-0.65008868	27.77582867	3.81267111	1.64797464
5.79495233	27.90204430	0.03583967	28.57141273	-0.66936873	27.77468296	3.81511594	1.64691857
5.79866907	27.84967422	0.03590706	28.54082603	-0.69115203	27.77357747	3.81756078	1.64586386
5.80238581	27.80157661	0.03596918	28.51200588	-0.71042888	27.77248194	3.82000561	1.64481049
5.80610255	27.74418449	0.03604359	28.48482171	-0.74063771	27.77139635	3.82245044	1.64375848
5.80981930	27.73596001	0.03605428	28.45914236	-0.72318236	27.77032070	3.82489526	1.64270781
5.81353604	27.70559502	0.03609379	28.43486153	-0.72926653	27.76925500	3.82734008	1.64165848
5.81725278	27.66042328	0.03615274	28.41126862	-0.75084562	27.76817084	3.82978489	1.64061050
5.82096952	27.58692360	0.03624906	28.38950953	-0.80258553	27.76712529	3.83222970	1.63956386
5.82468626	27.51789284	0.03633999	28.36886647	-0.85097347	27.76608968	3.83467451	1.63851855
5.82840300	27.49181557	0.03637446	28.34925748	-0.85744148	27.76506400	3.83711931	1.63747457
5.83211974	27.51156807	0.03634835	28.33061704	-0.81904904	27.76404826	3.83956411	1.63643193
5.83583648	27.52284622	0.03633345	28.31287634	-0.79003034	27.76304246	3.84200890	1.63539062
5.83955323	27.52579880	0.03632955	28.29553473	-0.76973573	27.76201981	3.84445369	1.63435063
5.84326997	27.49652100	0.03636824	28.27944855	-0.78292755	27.76103413	3.84689848	1.63331196
5.84698671	27.46607018	0.03640856	28.26409831	-0.79802831	27.76005839	3.84934326	1.63227462
5.85070345	27.42605782	0.03646167	28.24944210	-0.82338410	27.75909257	3.85178804	1.63123860
5.85442019	27.39503860	0.03650296	28.23543440	-0.84039540	27.75813668	3.85423281	1.63020389
5.85813693	27.37082481	0.03653525	28.22203972	-0.85121472	27.75719072	3.85667758	1.62917049
5.86185367	27.35484695	0.03655659	28.20888116	-0.85403416	27.75622951	3.85912234	1.62813841
5.86557042	27.33511162	0.03658299	28.19661693	-0.86150493	27.75530366	3.86156711	1.62710763
5.86928716	27.32756805	0.03659308	28.18486492	-0.85729692	27.75438772	3.86401186	1.62607816
5.87300390	27.30812263	0.03661914	28.17359392	-0.86547092	27.75348169	3.86645662	1.62505000
5.87672064	27.29734612	0.03663360	28.16278026	-0.86543426	27.75258558	3.86890137	1.62402313
5.88043738	27.28257751	0.03665343	28.15239682	-0.86981882	27.75169938	3.87134611	1.62299756
5.88415412	27.26303482	0.03667970	28.14215872	-0.87912372	27.75079955	3.87379085	1.62197329
5.88787086	27.21801376	0.03674037	28.13258272	-0.91456872	27.74993343	3.87623559	1.62095032
5.89158760	27.17071533	0.03680433	28.12337277	-0.95265777	27.74907722	3.87868032	1.61992863
5.89530435	27.11455727	0.03688056	28.11451262	-0.99995562	27.74823091	3.88112505	1.61890824
5.89902109	27.08965874	0.03691446	28.10598298	-1.01632398	27.74739451	3.88356978	1.61788912
5.90273783	27.10132599	0.03689856	28.09776978	-0.99644378	27.74656799	3.88601450	1.61687130
5.90645457	27.09764099	0.03690358	28.08964686	-0.99200586	27.74572945	3.88845921	1.61585475
5.91017131	27.10997200	0.03688680	28.08202713	-0.97205513	27.74492299	3.89090393	1.61483949
5.91388805	27.08680344	0.03691835	28.07468109	-0.98787809	27.74412642	3.89334864	1.61382550
5.91760479	27.07979202	0.03692791	28.06759478	-0.98780278	27.74333974	3.89579334	1.61281279
5.92132154	27.05842781	0.03695706	28.06075823	-1.00233023	27.74256295	3.89823804	1.61180134
5.92503828	27.04198074	0.03697954	28.05415904	-1.01217804	27.74179603	3.90068274	1.61079117
5.92875502	27.02981949	0.03699618	28.04761921	-1.01780021	27.74101867	3.90312743	1.60978226
5.93247176	27.02396393	0.03700419	28.04147286	-1.01750886	27.74027178	3.90557212	1.60877462
5.93618850	27.04614258	0.03697385	28.03553495	-0.98939195	27.73953476	3.90801680	1.60776824
5.93990524	27.05973816	0.03695527	28.02979833	-0.97006033	27.73880761	3.91046148	1.60676312
5.94362198	27.02559471	0.03700196	28.02425376	-0.99865876	27.73809033	3.91290616	1.60575926
5.94733873	26.97487259	0.03707154	28.01889505	-1.04402205	27.73738291	3.91535083	1.60475666
5.95105547	26.94540405	0.03711208	28.01357663	-1.06817263	27.73666664	3.91779549	1.60375530
5.95477221	26.98132324	0.03706267	28.04114551	-1.05982251	27.73597921	3.92024016	1.60275520
5.95848895	26.98624992	0.03705591	28.03656535	-1.05031535	27.73530163	3.92268482	1.60175635
5.96220569	26.97373009	0.03707311	28.03214692	-1.05841692	27.73463391	3.92512947	1.60075874
5.96592243	26.97121620	0.03707656	28.02788566	-1.05666966	27.73397603	3.92757412	1.59976237
5.96963917	26.97057343	0.03707745	28.02377548	-1.05320248	27.73332800	3.93001877	1.59876725
5.97335591	26.97564125	0.03707048	28.01970697	-1.04406597	27.73267270	3.93246341	1.59777337
5.97707266	26.96510506	0.03708497	28.01588949	-1.05078449	27.73204462	3.93490805	1.59678072
5.98078940	26.96839714	0.03708044	28.01220899	-1.04381199	27.73142637	3.93735269	1.59578931
5.98450614	26.97113609	0.03707667	28.00866224	-1.03752624	27.73081796	3.93979732	1.59479912
5.98822288	26.99913979	0.03703822	28.00524454	-1.00610454	27.73021937	3.94224194	1.59381017
5.99193962	26.99078751	0.03704968	28.00195288	-1.01116488	27.72963060	3.94468656	1.59282245
5.99565636	26.95376778	0.03710056	27.99869946	-1.04493146	27.72903615	3.94713118	1.59183595
5.99937310	26.94632149	0.03711082	27.99565204	-1.04933104	27.72846729	3.94957580	1.59085067
6.00308985	26.97974586	0.03706484	27.99272084	-1.01297484	27.72790825	3.95202041	1.58986662
6.00680659	27.00193596	0.03703438	27.98990234	-0.98796634	27.72735901	3.95446501	1.58888378
6.01052333	26.99299622	0.03704665	27.98719446	-0.99419846	27.72681958	3.95690961	1.58790216
6.01424007	26.95514679	0.03709867	27.98459402	-1.02944702	27.72628996	3.95935421	1.58692175
6.01795681	26.94443893	0.03711341	27.98203312	-1.03759412	27.72575622	3.96179880	1.58594255
6.02167355	26.93437195	0.03712728	27.97964421	-1.04527221	27.72524645	3.96424339	1.58496457
6.02539029	26.91350365	0.03715607	27.97735593	-1.06385193	27.72474648	3.96668797	1.58398779
6.02910703	26.90814781	0.03716346	27.97516694	-1.06701894	27.72425629	3.96913256	1.58301221
6.03282378	26.92941284	0.03713412	27.97307485	-1.04366185	27.72377588	3.97157713	1.58203784
6.03654052	26.94067764	0.03711859	27.97107846	-1.03040046	27.72330525	3.97402170	1.58106467
6.04025726	26.93268967	0.03712960	27.96912575	-1.03643575	27.72283208	3.97646627	1.58009270
6.04397400	26.90457535	0.03716840	27.92462966	-1.02005466	27.72238126	3.97891083	1.57912192
6.04769074	26.89851379	0.03717678	27.92325790	-1.02474390	27.72194021	3.98135539	1.57815233
6.05140748	26.90764427	0.03716416	27.92197166	-1.01432766	27.72150892	3.98379995	1.57718394
6.05512422	26.93709564	0.03712353	27.92077012	-0.98367412	27.72108739	3.98624450	1.57621674
6.05884097	26.97038078	0.03707771	27.91965206	-0.94927106	27.72067562	3.98868905	1.57525072
6.06255771	26.96097565	0.03709065	27.91859002	-0.95761402	27.72026286	3.99113359	1.57428589
6.06627445	26.93542290	0.03712583	27.91763905	-0.98221605	27.71987084	3.99357813	1.57332225
6.06999119	26.93310738	0.03712902	27.91676935	-0.98366235	27.71948856	3.99602266	1.57235978
6.07370793	26.95208549	0.03710288	27.91598044	-0.96389544	27.71911602	3.99846719	1.57139849
6.07742467	26.97008705	0.03707812	27.91527186	-0.94518486	27.71875321	4.00091172	1.57043838
6.08114141	26.94912910	0.03710695	27.91464323	-0.96551423	27.71840012	4.00335624	1.56947944
6.08485815	26.92711449	0.03713729	27.91408053	-0.98696653	27.71804762	4.00580076	1.56852167
6.08857490	26.95840645	0.03709418	27.91361319	-0.95520719	27.71771424	4.00824527	1.56756508
6.09229164	26.99933434	0.03703795	27.91322523	-0.91389123	27.71739057	4.01068978	1.56660965
6.09600838	27.02306175	0.03700543	27.91291673	-0.88985473	27.71707661	4.01313429	1.56565539
6.09972512	27.03685951	0.03698654	27.91268775	-0.87582775	27.71677235	4.01557879	1.56470229
6.10344186	27.02169800	0.03700730	27.91253844	-0.89084044	27.71647779	4.01802328	1.56375035
6.10715860	27.01127625	0.03702158	27.91246842	-0.90119242	27.71618536	4.02046777	1.56279957
6.11087534	27.00837898	0.03702555	27.91248173	-0.90410273	27.71591045	4.02291226	1.56184995
6.11459209	27.00841904	0.03702549	27.91257601	-0.90415701	27.71564522	4.02535675	1.56090148
6.11830883	27.01075172	0.03702229	27.91275177	-0.90199977	27.71538966	4.02780123	1.55995417
6.12202557	27.00253868	0.03703355	27.91300978	-0.91047078	27.71514379	4.03024570	1.55900800
6.12574231	27.01590347	0.03701523	27.91335080	-0.89744780	27.71490758	4.03269017	1.55806299
6.12945905	26.99009895	0.03705062	27.91378843	-0.92368943	27.71467504	4.03513464	1.55711912
6.13317579	26.97609520	0.03706986	27.91430080	-0.93820580	27.71445842	4.03757910	1.55617640
6.13689253	26.97547531	0.03707071	27.91489924	-0.93942424	27.71425144	4.04002356	1.55523482
6.14060927	26.99484634	0.03704411	27.91558526	-0.92073926	27.71405412	4.04246801	1.55429438
6.14432602	27.01638603	0.03701457	27.91636003	-0.89997403	27.71386644	4.04491246	1.55335508
6.14804276	27.03331184	0.03699140	27.91722516	-0.88391316	27.71368839	4.04735691	1.55241691
6.15175950	27.03196335	0.03699324	27.91820978	-0.88624678	27.71351556	4.04980135	1.55147988
6.15547624	27.02707291	0.03699994	27.91926352	-0.89219052	27.71335703	4.05224579	1.55054398
6.15919298	26.99162292	0.03704853	27.92041335	-0.92879035	27.71320813	4.05469022	1.54960921
6.16290972	26.99621582	0.03704223	27.92166108	-0.92544508	27.71306884	4.05713465	1.54867557
6.16662646	27.02933311	0.03699684	27.92300941	-0.89367641	27.71293916	4.05957907	1.54774305
6.17034321	27.07447433	0.03693516	27.92446044	-0.84998644	27.71281908	4.06202349	1.54681166
6.17405995	27.08224106	0.03692457	27.92606060	-0.84381960	27.71270575	4.06446791	1.54588139
6.17777669	27.06754494	0.03694461	27.92772880	-0.86018380	27.71260513	4.06691232	1.54495224
6.18149343	27.05307961	0.03696437	27.92950836	-0.87642836	27.71251409	4.06935673	1.54402421
6.18521017	27.07323837	0.03693684	27.93140310	-0.85816510	27.71243264	4.07180113	1.54309730
6.18892691	27.09242821	0.03691068	27.93341603	-0.84098803	27.71236076	4.07424553	1.54217149
6.19264365	27.12961388	0.03686009	27.93555125	-0.80593725	27.71229845	4.07668992	1.54124680
6.19636040	27.13126755	0.03685784	27.93787616	-0.80660816	27.71224441	4.07913431	1.54032322
6.20007714	27.11744118	0.03687664	27.94027213	-0.82283113	27.71220148	4.08157870	1.53940075
6.20379388	27.08969116	0.03691441	27.94280397	-0.85311297	27.71216811	4.08402308	1.53847938
6.20751062	27.09641075	0.03690526	27.94547606	-0.84906506	27.71214428	4.08646745	1.53755912
6.21122736	27.14992142	0.03683252	27.94829453	-0.79837353	27.71212999	4.08891183	1.53663996
6.21494410	27.17854309	0.03679373	27.95126438	-0.77272138	27.71212524	4.09135620	1.53572190
6.21866084	27.18206024	0.03678897	27.95447911	-0.77241911	27.71213027	4.09380056	1.53480494
6.22237758	27.15424538	0.03682665	27.95777645	-0.80353145	27.71214483	4.09624492	1.53388907
6.22609433	27.16123772	0.03681717	27.96124532	-0.80000732	27.71216890	4.09868928	1.53297430
6.22981107	27.19001770	0.03677820	27.96489426	-0.77487626	27.71220248	4.10113363	1.53206062
6.23352781	27.23423386	0.03671849	27.96873049	-0.73449649	27.71224556	4.10357797	1.53114802
6.23724455	27.26781082	0.03667328	27.97276336	-0.70495236	27.71229814	4.10602232	1.53023652
6.24096129	27.27624321	0.03666194	27.97712065	-0.70087765	27.71236202	4.10846665	1.52932611
6.24467803	27.27365494	0.03666542	27.98158213	-0.70792713	27.71243383	4.11091099	1.52841677
6.24839477	27.28231239	0.03665378	27.98627186	-0.70395986	27.71251512	4.11335532	1.52750852
6.25211152	27.29412651	0.03663792	27.99120068	-0.69707368	27.71260588	4.11579964	1.52660135
6.25582826	27.27376175	0.03666528	27.99638194	-0.72261994	27.71270611	4.11824396	1.52569526
6.25954500	27.22253609	0.03673427	28.00183025	-0.77929425	27.71281580	4.12068828	1.52479025
6.26326174	27.23366737	0.03671926	28.00771835	-0.77405135	27.71293828	4.12313259	1.52388631
6.26697848	27.27938652	0.03665772	28.01375398	-0.73436698	27.71306712	4.12557690	1.52298344
6.27069522	27.30539703	0.03662280	28.02010449	-0.71470749	27.71320540	4.12802120	1.52208165
6.27441196	27.32105255	0.03660181	28.02679065	-0.70573765	27.71335311	4.13046550	1.52118092
6.27812870	27.33361244	0.03658499	28.03383152	-0.70021952	27.71351024	4.13290980	1.52028126
6.28184545	27.35156441	0.03656098	28.04125051	-0.68968651	27.71367679	4.13535409	1.51938266
6.28556219	27.33791924	0.03657923	28.04929079	-0.71137179	27.71385764	4.13779838	1.51848513
6.28927893	27.35284424	0.03655927	28.05755405	-0.70471005	27.71404327	4.14024266	1.51758866
6.29299567	27.37004089	0.03653630	28.06627810	-0.69623710	27.71423829	4.14268693	1.51669325
6.29671241	27.40510941	0.03648955	28.07549281	-0.67038381	27.71444270	4.14513121	1.51579890
6.30042915	27.44250298	0.03643982	28.08523439	-0.64273139	27.71465650	4.14757548	1.51490560
6.30414589	27.48250961	0.03638678	28.09554276	-0.61303276	27.71487967	4.15001974	1.51401335
6.30786264	27.49221420	0.03637393	28.10676205	-0.61454805	27.71511863	4.15246400	1.51312216
6.31157938	27.49299622	0.03637290	28.11835155	-0.62535555	27.71536079	4.15490826	1.51223202
6.31529612	27.50457954	0.03635758	28.13064704	-0.62606704	27.71561230	4.15735251	1.51134293
6.31901286	27.53154755	0.03632197	28.14370718	-0.61215918	27.71587317	4.15979676	1.51045488
6.32272960	27.55238152	0.03629450	28.18163285	-0.62925085	27.71614337	4.16224100	1.50956788
6.32644634	27.56068611	0.03628357	28.19660914	-0.63592314	27.71642291	4.16468524	1.50868192
6.33016308	27.59312439	0.03624091	28.21301210	-0.61988810	27.71671971	4.16712947	1.50779700
6.33387982	27.68387794	0.03612211	28.23006212	-0.54618412	27.71701815	4.16957370	1.50691312
6.33759657	27.74637413	0.03604075	28.24827995	-0.50190595	27.71732590	4.17201792	1.50603028
6.34131331	27.76700974	0.03601396	28.26777004	-0.50076004	27.71764296	4.17446214	1.50514847
6.34503005	27.74392700	0.03604392	28.28865744	-0.54473044	27.71796931	4.17690636	1.50426770
6.34874679	27.74665451	0.03604038	28.31108325	-0.56442825	27.71830496	4.17935057	1.50338795
6.35246353	27.80755234	0.03596145	28.33587582	-0.52832382	27.71865933	4.18179478	1.50250924
6.35618027	27.88494110	0.03586165	28.36191567	-0.47697467	27.71901378	4.18423898	1.50163156
6.35989701	27.96660614	0.03575693	28.39002780	-0.42342180	27.71937750	4.18668318	1.50075490
6.36361376	28.00859261	0.03570333	28.42044519	-0.41185219	27.71975048	4.18912738	1.49987927
6.36733050	28.00428391	0.03570882	28.45343559	-0.44915159	27.72013271	4.19157157	1.49900466
6.37104724	28.02699661	0.03567988	28.48929278	-0.46229578	27.72052419	4.19401575	1.49813107
6.37476398	28.07316208	0.03562121	28.52948076	-0.45631876	27.72093586	4.19645993	1.49725850
6.37848072	28.15256691	0.03552074	28.57228495	-0.41971795	27.72134605	4.19890411	1.49638695
6.38219746	28.17487907	0.03549261	28.61919503	-0.44431603	27.72176547	4.20134828	1.49551641
6.38591420	28.19990921	0.03546111	28.67076784	-0.47085884	27.72219409	4.20379245	1.49464689
6.38963094	28.26773262	0.03537602	28.72763573	-0.45990273	27.72263193	4.20623661	1.49377838
6.39334769	28.37067223	0.03524767	28.79057551	-0.41990351	27.72307896	4.20868077	1.49291088
6.39706443	28.45706940	0.03514065	28.86247264	-0.40540364	27.72354763	4.21112493	1.49204439
6.40078117	28.52354622	0.03505875	28.94066082	-0.41711482	27.72401328	4.21356908	1.49117890
6.40449791	28.61280060	0.03494939	29.02821599	-0.41541499	27.72448811	4.21601322	1.49031442
6.40821465	28.75135612	0.03478097	29.12671794	-0.37536194	27.72497210	4.21845736	1.48945095
6.41193139	28.88035011	0.03462562	29.23809317	-0.35774317	27.72546524	4.22090150	1.48858847
6.41564813	29.02108383	0.03445771	29.36465920	-0.34357520	27.72596754	4.22334563	1.48772700
6.41936488	29.15335274	0.03430137	29.51355745	-0.36020445	27.72649293	4.22578976	1.48686652
6.42308162	29.33375931	0.03409041	29.68067204	-0.34691304	27.72701374	4.22823388	1.48600704
6.42679836	29.57550621	0.03381176	29.87452165	-0.29901565	27.72754369	4.23067800	1.48514855
6.43051510	29.89595413	0.03344934	30.10195179	-0.20599779	27.72808275	4.23312212	1.48429106
6.43423184	30.29932213	0.03300404	30.37381316	-0.07449116	27.72863092	4.23556623	1.48343456
6.43794858	30.86083603	0.03240353	30.71061260	0.15022340	27.72918818	4.23801033	1.48257904
6.44166532	31.67137146	0.03157426	31.16971418	0.50165682	27.72976998	4.24045443	1.48172452
6.44538207	32.91489792	0.03038138	31.82575002	1.08914798	27.73034567	4.24289853	1.48087098
6.44909881	34.73113251	0.02879261	32.89834596	1.83278704	27.73093043	4.24534262	1.48001843
6.45281555	37.60428619	0.02659271	34.80836685	2.79591915	27.73152426	4.24778671	1.47916685
6.45653229	42.24214554	0.02367304	38.32592091	3.91622509	27.73212715	4.25023079	1.47831626
6.46024903	49.63875198	0.02014555	44.70480901	4.93394299	27.73273909	4.25267487	1.47746665
6.46396577	61.49289703	0.01626204	56.10880733	5.38408967	27.73337698	4.25511895	1.47661802
6.46768251	80.28955078	0.01245492	74.08521041	6.20434059	27.73400723	4.25756302	1.47577036
6.47139925	107.98927307	0.00926018	100.70695557	7.28231743	27.73464651	4.26000708	1.47492368
6.47511600	146.98237610	0.00680354	136.63616733	10.34620867	27.73529480	4.26245114	1.47407796
6.47883274	195.39437866	0.00511785	180.31668917	15.07768983	27.73595210	4.26489520	1.47323322
6.48254948	247.63108826	0.00403827	227.34684708	20.28424092	27.73661840	4.26733925	1.47238945
6.48626622	296.02139282	0.00337813	271.58322755	24.43816545	27.73731206	4.26978330	1.47154665
6.48998296	326.94229126	0.00305864	301.73765629	25.20463471	27.73799657	4.27222734	1.47070481
6.49369970	332.65817261	0.00300609	311.38257899	21.27559401	27.73869005	4.27467138	1.46986394
6.49741644	312.07849121	0.00320432	297.72439550	14.35409550	27.73939249	4.27711541	1.46902403
6.50113319	271.05895996	0.00368923	264.66395855	6.39500145	27.74010388	4.27955944	1.46818508
6.50484993	220.67593384	0.00453153	220.35529339	0.32064061	27.74082422	4.28200347	1.46734708
6.50856667	168.92147827	0.00591991	172.20200457	-3.28052657	27.74157333	4.28444749	1.46651005
6.51228341	125.67949677	0.00795675	129.66795951	-3.98846251	27.74231177	4.28689151	1.46567397
6.51600015	93.54518127	0.01069002	95.36160967	-1.81642867	27.74305913	4.28933552	1.46483885
6.51971689	70.76425171	0.01413143	70.37201165	0.39224035	27.74381539	4.29177952	1.46400468
6.52343363	55.62701035	0.01797688	53.76174500	1.86526500	27.74458056	4.29422353	1.46317146
6.52715037	46.08030319	0.02170125	43.36994061	2.71036239	27.74537566	4.29666752	1.46233919
6.53086712	40.16730499	0.02489587	37.62243770	2.54486730	27.74615883	4.29911152	1.46150787
6.53458386	36.50033569	0.02739701	34.47502002	2.02531598	27.74695088	4.30155551	1.46067749
6.53830060	34.16960907	0.02926577	32.74139646	1.42821254	27.74775178	4.30399949	1.45984806
6.54201734	32.72575760	0.03055697	31.77489925	0.95085875	27.74856154	4.30644347	1.45901957
6.54573408	31.77046204	0.03147578	31.17596682	0.59449518	27.74938015	4.30888745	1.45819202
6.54945082	31.12512779	0.03212838	30.75154065	0.37358735	27.75023007	4.31133142	1.45736542
6.55316756	30.60329819	0.03267622	30.43810780	0.16519020	27.75106657	4.31377538	1.45653975
6.55688431	30.21783829	0.03309304	30.18491503	0.03292297	27.75191188	4.31621934	1.45571501
6.56060105	29.93689537	0.03340360	29.97394827	-0.03705327	27.75276601	4.31866330	1.45489122
6.56431779	29.74320793	0.03362112	29.79523882	-0.05203082	27.75362892	4.32110725	1.45406835
6.56803453	29.59418488	0.03379042	29.64247981	-0.04829481	27.75450062	4.32355120	1.45324642
6.57175127	29.48610497	0.03391428	29.50775260	-0.02164760	27.75540502	4.32599515	1.45242542
6.57546801	29.42355347	0.03398638	29.39459467	0.02895833	27.75629451	4.32843909	1.45160534
6.57918475	29.35162926	0.03406966	29.29638357	0.05524543	27.75719275	4.33088302	1.45078620
6.58290149	29.25556374	0.03418153	29.21086180	0.04470220	27.75809974	4.33332695	1.44996798
6.58661824	29.19415092	0.03425344	29.13622064	0.05793036	27.75901547	4.33577087	1.44915068
6.59033498	29.13576508	0.03432208	29.07093714	0.06482786	27.75993992	4.33821480	1.44833430
6.59405172	29.09751320	0.03436720	29.01234171	0.08517129	27.76089844	4.34065871	1.44751885
6.59776846	29.04955101	0.03442394	28.96245970	0.08709130	27.76184056	4.34310262	1.44670432
6.60148520	29.00992966	0.03447096	28.91877868	0.09115132	27.76279138	4.34554653	1.44589070
6.60520194	28.93655586	0.03455836	28.88058899	0.05596701	27.76375089	4.34799043	1.44507800
6.60891868	28.71568298	0.03482418	28.84727250	-0.13158950	27.76471907	4.35043433	1.44426621
6.61263543	28.63796425	0.03491868	28.81832364	-0.18035964	27.76569593	4.35287822	1.44345534
6.61635217	28.69371223	0.03485084	28.79267467	-0.09896267	27.76670820	4.35532211	1.44264538
6.62006891	28.88502121	0.03462002	28.77129623	0.11372477	27.76770260	4.35776600	1.44183632
6.62378565	28.92888641	0.03456752	28.75315198	0.17573402	27.76870564	4.36020988	1.44102818
6.62750239	28.91494560	0.03458419	28.73796842	0.17697758	27.76971731	4.36265375	1.44022094
6.63121913	28.87888718	0.03462737	28.72552134	0.15336566	27.77073760	4.36509762	1.43941461
6.63493587	28.85220528	0.03465940	28.71561271	0.13659229	27.77176649	4.36754149	1.43860919
6.63865261	28.83305740	0.03468241	28.70790869	0.12514831	27.77283215	4.36998535	1.43780466
6.64236936	28.83947182	0.03467470	28.70267192	0.13680008	27.77387847	4.37242921	1.43700104
6.64608610	28.85602760	0.03465480	28.69955262	0.15647538	27.77493336	4.37487306	1.43619831
6.64980284	28.87434769	0.03463282	28.69845656	0.17589144	27.77599683	4.37731690	1.43539649
6.65351958	28.88573456	0.03461916	28.69930680	0.18642820	27.77706885	4.37976075	1.43459556
6.65723632	28.90150070	0.03460028	28.70204259	0.19945841	27.77814942	4.38220459	1.43379552
6.66095306	28.89702988	0.03460563	28.70676799	0.19026201	27.77926808	4.38464842	1.43299638
6.66466980	28.87115479	0.03463665	28.71320294	0.15795206	27.78036594	4.38709225	1.43219813
6.66838655	28.87497902	0.03463206	28.72142922	0.15354978	27.78147232	4.38953607	1.43140077
6.67210329	28.89010239	0.03461393	28.73144336	0.15865864	27.78258721	4.39197989	1.43060430
6.67582003	28.94607735	0.03454700	28.75876915	0.18730785	27.78371059	4.39442371	1.42980871
6.67953677	28.94659424	0.03454638	28.77251496	0.17407904	27.78484246	4.39686752	1.42901402
6.68325351	28.93692970	0.03455792	28.78855470	0.14837530	27.78601374	4.39931132	1.42822020
6.68697025	28.94877434	0.03454378	28.80608986	0.14268414	27.78716278	4.40175512	1.42742727
6.69068699	28.96991920	0.03451856	28.82557721	0.14434179	27.78832026	4.40419892	1.42663522
6.69440373	28.99677277	0.03448660	28.84708199	0.14969101	27.78948620	4.40664271	1.42584405
6.69812048	29.02056503	0.03445832	28.87069342	0.14987158	27.79066056	4.40908650	1.42505376
6.70183722	29.09853745	0.03436599	28.89650438	0.20203262	27.79184334	4.41153028	1.42426435
6.70555396	29.18100739	0.03426886	28.92542597	0.25558103	27.79306685	4.41397406	1.42347581
6.70927070	29.22717857	0.03421473	28.95607305	0.27110595	27.79426668	4.41641783	1.42268815
6.71298744	29.24211502	0.03419725	28.98931875	0.25279625	27.79547489	4.41886160	1.42190136
6.71670418	29.24744987	0.03419102	29.02534238	0.22210762	27.79669148	4.42130537	1.42111544
6.72042092	29.28764343	0.03414409	29.06432968	0.22331332	27.79791644	4.42374913	1.42033039
6.72413767	29.32752037	0.03409767	29.10651021	0.22100979	27.79914975	4.42619288	1.41954620
6.72785441	29.38870621	0.03402668	29.15340729	0.23529871	27.80042509	4.42863663	1.41876289
6.73157115	29.47980499	0.03392153	29.20284222	0.27696278	27.80167531	4.43108038	1.41798044
6.73528789	29.56780624	0.03382057	29.25632975	0.31147625	27.80293385	4.43352412	1.41719886
6.73900463	29.62708855	0.03375289	29.31421779	0.31287121	27.80420071	4.43596785	1.41641813
6.74272137	29.67130852	0.03370259	29.37693105	0.29437795	27.80547587	4.43841159	1.41563827
6.74643811	29.76995277	0.03359092	29.44491853	0.32503447	27.80675932	4.44085531	1.41485927
6.75015486	29.87110519	0.03347717	29.52080245	0.35030255	27.80808608	4.44329904	1.41408113
6.75387160	29.96587563	0.03337129	29.60121134	0.36466466	27.80938630	4.44574275	1.41330384
6.75758834	30.08332443	0.03324101	29.68873822	0.39458578	27.81069478	4.44818647	1.41252741
6.76130508	30.20742798	0.03310444	29.78419931	0.42322869	27.81201150	4.45063017	1.41175183
6.76502182	30.34348488	0.03295600	29.88848627	0.45499873	27.81333647	4.45307388	1.41097711
6.76873856	30.46128273	0.03282856	30.00268168	0.45860132	27.81466965	4.45551758	1.41020324
6.77245530	30.58426666	0.03269655	30.13153968	0.45272732	27.81604742	4.45796127	1.40943021
6.77617204	30.70716667	0.03256569	30.26974247	0.43742453	27.81739724	4.46040496	1.40865804
6.77988879	30.88002586	0.03238339	30.42222159	0.45780441	27.81875525	4.46284864	1.40788671
6.78360553	31.06235504	0.03219331	30.59090038	0.47145462	27.82012144	4.46529232	1.40711623
6.78732227	31.22846603	0.03202207	30.77813815	0.45032785	27.82149579	4.46773600	1.40634659
6.79103901	31.38016510	0.03186726	30.98663287	0.39353213	27.82287831	4.47017967	1.40557780
6.79475575	31.58123398	0.03166437	31.22636747	0.35486653	27.82430666	4.47262334	1.40480985
6.79847249	31.84882164	0.03139834	31.48877142	0.36005058	27.82570567	4.47506700	1.40404274
6.80218923	32.16460037	0.03109008	31.78451676	0.38008324	27.82711280	4.47751065	1.40327646
6.80590598	32.48147583	0.03078678	32.11948400	0.36199200	27.82852804	4.47995431	1.40251103
6.80962272	32.83460236	0.03045568	32.50070346	0.33389854	27.82995138	4.48239795	1.40174643
6.81333946	33.24335861	0.03008120	32.93708874	0.30627026	27.83138281	4.48484159	1.40098266
6.81705620	33.75130081	0.02962849	33.45428684	0.29701416	27.83286133	4.48728523	1.40021973
6.82077294	34.38891220	0.02907914	34.03996182	0.34895018	27.83430911	4.48972887	1.39945763
6.82448968	35.26266479	0.02835861	34.72729144	0.53537356	27.83576495	4.49217249	1.39869636
6.82820642	36.41632080	0.02746022	35.54834070	0.86798030	27.83722882	4.49461612	1.39793592
6.83192316	37.97191238	0.02633526	36.56268738	1.40922462	27.83870073	4.49705974	1.39717631
6.83563991	40.18708038	0.02488362	37.89352306	2.29355694	27.84018065	4.49950335	1.39641752
6.83935665	43.45246124	0.02301366	39.87468806	3.57777294	27.84170890	4.50194696	1.39565956
6.84307339	48.40159988	0.02066047	42.99791188	5.40368812	27.84320503	4.50439056	1.39490242
6.84679013	56.27286530	0.01777055	48.48125499	7.79161001	27.84470915	4.50683416	1.39414611
6.85050687	68.93286133	0.01450687	58.47632225	10.45653875	27.84622124	4.50927776	1.39339061
6.85422361	89.13427734	0.01121903	76.49204725	12.64222975	27.84774128	4.51172135	1.39263594
6.85794035	121.96722412	0.00819892	107.53888894	14.42833506	27.84926927	4.51416493	1.39188209
6.86165710	173.17648315	0.00577446	159.26024120	13.91624180	27.85084681	4.51660851	1.39112905
6.86537384	248.58013916	0.00402285	234.44309914	14.13703986	27.85239087	4.51905209	1.39037683
6.86909058	355.58300781	0.00281228	336.37805914	19.20494886	27.85394284	4.52149566	1.38962542
6.87280732	491.47384644	0.00203470	461.18142357	30.29242243	27.85550271	4.52393923	1.38887483
6.87652406	639.78747559	0.00156302	596.97400961	42.81346639	27.85707046	4.52638279	1.38812504
6.88024080	778.68896484	0.00128421	723.82196711	54.86699789	27.85864609	4.52882635	1.38737607
6.88395754	874.32604980	0.00114374	818.56517186	55.76087814	27.86027248	4.53126990	1.38662791
6.88767428	901.34094238	0.00110946	852.70166422	48.63927778	27.86186403	4.53371345	1.38588055
6.89139103	852.76818848	0.00117265	819.46999485	33.29819315	27.86346341	4.53615699	1.38513401
6.89510777	741.50512695	0.00134861	728.44599123	13.05913577	27.86507062	4.53860053	1.38438826
6.89882451	599.79412842	0.00166724	602.47732448	-2.68319648	27.86668565	4.54104406	1.38364333
6.90254125	453.56619263	0.00220475	466.61732949	-13.05113649	27.86830847	4.54348759	1.38289919
6.90625799	327.60876465	0.00305242	337.96585251	-10.35708751	27.86998326	4.54593111	1.38215586
6.90997473	231.09611511	0.00432720	235.69727344	-4.60115844	27.87162186	4.54837463	1.38141332
6.91369147	162.58840942	0.00615050	160.15262994	2.43577906	27.87326822	4.55081815	1.38067159
6.91740822	116.10065460	0.00861322	109.21555110	6.88510390	27.87492234	4.55326166	1.37993065
6.92112496	85.52164459	0.01169295	77.52409955	7.99754545	27.87658419	4.55570516	1.37919051
6.92484170	66.80346680	0.01496928	59.09433289	7.70913411	27.87825377	4.55814866	1.37845116
6.92855844	55.16712952	0.01812674	48.66108459	6.50604541	27.87997650	4.56059215	1.37771261
6.93227518	47.83357239	0.02090582	43.14080217	4.69276983	27.88166170	4.56303564	1.37697485
6.93599192	43.23392105	0.02312999	40.00359779	3.23032321	27.88335460	4.56547913	1.37623788
6.93970866	40.22597885	0.02485956	38.06156904	2.16440996	27.88505517	4.56792261	1.37550170
6.94342540	38.14151382	0.02621815	36.72181055	1.41970345	27.88676340	4.57036609	1.37476631
6.94714215	36.70295334	0.02724576	35.70593961	0.99701339	27.88847928	4.57280956	1.37403170
6.95085889	35.63054276	0.02806581	34.86675135	0.76379165	27.89024949	4.57525302	1.37329789
6.95457563	34.81734085	0.02872132	34.18640831	0.63093269	27.89198085	4.57769648	1.37256485
6.95829237	34.20388031	0.02923645	33.60799161	0.59588839	27.89371982	4.58013994	1.37183261
6.96200911	33.72041321	0.02965563	33.11113716	0.60927584	27.89546639	4.58258339	1.37110114
6.96572585	33.30658722	0.03002409	32.68107451	0.62551249	27.89722055	4.58502684	1.37037045
6.96944259	32.99329758	0.03030919	32.30670112	0.68659688	27.89898228	4.58747028	1.36964055
6.97315934	32.71497726	0.03056704	31.97078322	0.74419378	27.90079951	4.58991372	1.36891142
6.97687608	32.49989700	0.03076933	31.68368378	0.81621322	27.90257656	4.59235715	1.36818307
6.98059282	32.28002930	0.03097891	31.43022024	0.84980876	27.90436115	4.59480058	1.36745550
6.98430956	32.03931808	0.03121165	31.20555364	0.83376436	27.90615326	4.59724400	1.36672870
6.98802630	31.78776550	0.03145864	31.00579579	0.78197021	27.90795289	4.59968742	1.36600267
6.99174304	31.61176872	0.03163379	30.82760593	0.78416307	27.90976001	4.60213083	1.36527742
6.99545978	31.47330666	0.03177296	30.66420509	0.80910191	27.91162377	4.60457424	1.36455294
6.99917653	31.34151840	0.03190656	30.52181672	0.81970128	27.91344605	4.60701764	1.36382923
7.00289327	31.21946716	0.03203130	30.39392330	0.82554370	27.91527580	4.60946104	1.36310628
7.00661001	31.11426163	0.03213960	30.27889989	0.83536211	27.91711299	4.61190443	1.36238411
7.01032675	31.00440979	0.03225348	30.17800212	0.82640788	27.91895762	4.61434782	1.36166270
7.01404349	30.89561272	0.03236706	30.08466033	0.81095267	27.92080966	4.61679121	1.36094205
7.01776023	30.77765083	0.03249111	29.99833997	0.77931103	27.92271948	4.61923459	1.36022217
7.02147697	30.67218018	0.03260283	29.92266322	0.74951678	27.92458653	4.62167796	1.35950306
7.02519371	30.57891464	0.03270227	29.85448239	0.72443261	27.92646096	4.62412133	1.35878470
7.02891046	30.50013351	0.03278674	29.79310849	0.70702551	27.92834276	4.62656469	1.35806710
7.03262720	30.46062469	0.03282927	29.73797788	0.72264712	27.93023192	4.62900805	1.35735026
7.03634394	30.39736366	0.03289759	29.68857192	0.70879208	27.93212842	4.63145141	1.35663418
7.04006068	30.34170532	0.03295794	29.64334338	0.69836162	27.93408380	4.63389476	1.35591886
7.04377742	30.27949524	0.03302565	29.60428330	0.67521170	27.93599515	4.63633810	1.35520429
7.04749416	30.21876717	0.03309202	29.56980071	0.64896629	27.93791379	4.63878144	1.35449048
7.05121090	30.12964058	0.03318991	29.53962519	0.59001581	27.93983972	4.64122478	1.35377742
7.05492765	30.08381653	0.03324046	29.51350940	0.57030760	27.94177294	4.64366811	1.35306511
7.05864439	30.03951073	0.03328949	29.49125900	0.54825200	27.94371341	4.64611143	1.35235355
7.06236113	30.02993774	0.03330010	29.47224861	0.55768939	27.94571387	4.64855476	1.35164274
7.06607787	29.99856377	0.03333493	29.45733835	0.54122565	27.94766903	4.65099807	1.35093268
7.06979461	29.98434830	0.03335073	29.44587403	0.53847397	27.94963141	4.65344138	1.35022337
7.07351135	29.95477295	0.03338366	29.43777105	0.51700195	27.95160100	4.65588469	1.34951480
7.07722809	29.96690178	0.03337015	29.43297657	0.53392543	27.95357778	4.65832799	1.34880698
7.08094483	29.98791313	0.03334677	29.43145948	0.55645352	27.95556175	4.66077128	1.34809990
7.08466158	29.97277451	0.03336361	29.43330888	0.53946612	27.95760680	4.66321458	1.34739356
7.08837832	29.94089508	0.03339914	29.43844767	0.50244733	27.95960528	4.66565786	1.34668797
7.09209506	29.90638733	0.03343767	29.44692742	0.45945958	27.96161091	4.66810114	1.34598311
7.09581180	29.91277504	0.03343053	29.45881960	0.45395540	27.96362366	4.67054442	1.34527900
7.09952854	29.93193054	0.03340914	29.47422732	0.45770368	27.96564353	4.67298769	1.34457562
7.10324528	29.97054672	0.03336609	29.49327789	0.47726911	27.96767051	4.67543096	1.34387297
7.10696202	30.01534843	0.03331629	29.51680827	0.49853973	27.96975964	4.67787422	1.34317107
7.11067877	30.03474045	0.03329478	29.54378459	0.49095541	27.97180096	4.68031748	1.34246989
7.11439551	30.06629372	0.03325984	29.57500611	0.49128789	27.97384935	4.68276073	1.34176945
7.11811225	30.09969330	0.03322293	29.61076122	0.48893178	27.97590478	4.68520398	1.34106975
7.12182899	30.18390656	0.03313024	29.65137226	0.53253474	27.97796725	4.68764722	1.34037077
7.12554573	30.23658371	0.03307252	29.69723587	0.53934813	27.98003673	4.69009045	1.33967252
7.12926247	30.29034042	0.03301383	29.75027013	0.54006987	27.98216944	4.69253369	1.33897500
7.13297921	30.36485863	0.03293281	29.80822410	0.55663490	27.98425311	4.69497691	1.33827821
7.13669595	30.43793297	0.03285374	29.87303800	0.56489500	27.98634376	4.69742014	1.33758215
7.14041270	30.52145958	0.03276383	29.94541123	0.57604877	27.98844138	4.69986335	1.33688681
7.14412944	30.56247139	0.03271987	30.02619617	0.53627483	27.99054594	4.70230657	1.33619219
7.14784618	30.63362694	0.03264387	30.11634975	0.51727725	27.99265744	4.70474977	1.33549830
7.15156292	30.70309639	0.03257000	30.21990971	0.48318629	27.99483322	4.70719298	1.33480512
7.15527966	30.80432510	0.03246297	30.33281479	0.47151021	27.99695873	4.70963617	1.33411267
7.15899640	30.91268539	0.03234918	30.45921749	0.45346751	27.99909115	4.71207937	1.33342094
7.16271314	31.03886986	0.03221767	30.60105002	0.43781998	28.00123044	4.71452255	1.33272993
7.16642989	31.16392517	0.03208838	30.76054178	0.40338322	28.00337661	4.71696574	1.33203963
7.17014663	31.29760361	0.03195133	30.94044964	0.35715436	28.00552962	4.71940891	1.33135005
7.17386337	31.46763611	0.03177868	31.14987981	0.31775619	28.00774794	4.72185209	1.33066119
7.17758011	31.67019653	0.03157543	31.38189477	0.28830223	28.00991481	4.72429525	1.32997304
7.18129685	31.91266441	0.03133552	31.64660570	0.26605830	28.01208848	4.72673842	1.32928560
7.18501359	32.19820786	0.03105763	31.94998547	0.24822253	28.01426895	4.72918157	1.32859887
7.18873033	32.54652023	0.03072525	32.29967579	0.24684421	28.01645620	4.73162473	1.32791286
7.19244707	32.95024490	0.03034879	32.70530413	0.24494087	28.01865023	4.73406788	1.32722755
7.19616382	33.47487259	0.02987315	33.19405998	0.28081302	28.02091058	4.73651102	1.32654295
7.19988056	34.18414307	0.02925333	33.76060299	0.42354001	28.02311827	4.73895416	1.32585906
7.20359730	35.16993332	0.02843338	34.45141457	0.71851843	28.02533270	4.74139729	1.32517588
7.20731404	36.55676270	0.02735472	35.33592470	1.22083830	28.02755383	4.74384042	1.32449340
7.21103078	38.56278992	0.02593173	36.56232418	2.00046582	28.02978167	4.74628354	1.32381162
7.21474752	41.59520340	0.02404123	38.44943439	3.14576861	28.03201619	4.74872666	1.32313055
7.21846426	46.34463501	0.02157747	41.76124434	4.58339066	28.03431804	4.75116977	1.32245018
7.22218101	53.92727280	0.01854349	47.58438069	6.34289231	28.03656606	4.75361288	1.32177051
7.22589775	66.16874695	0.01511287	58.08599451	8.08275249	28.03882072	4.75605598	1.32109154
7.22961449	85.94220734	0.01163573	76.39479786	9.54740914	28.04108201	4.75849908	1.32041327
7.23333123	116.93683624	0.00855163	106.50090906	10.43592694	28.04334991	4.76094217	1.31973569
7.23704797	163.50067139	0.00611618	152.43550773	11.06516327	28.04562440	4.76338526	1.31905881
7.24076471	230.53437805	0.00433775	218.76908726	11.76529074	28.04796723	4.76582834	1.31838263
7.24448145	318.81015015	0.00313666	301.05992848	17.75022152	28.05025505	4.76827142	1.31770714
7.24819820	420.70645142	0.00237695	394.61334510	26.09310590	28.05254943	4.77071449	1.31703235
7.25191494	523.55908203	0.00191000	487.55982177	35.99926023	28.05485035	4.77315756	1.31635824
7.25563168	604.41455078	0.00165449	563.43175503	40.98279597	28.05715780	4.77560062	1.31568483
7.25934842	643.33190918	0.00155441	604.85103655	38.48087245	28.05947175	4.77804368	1.31501211
7.26306516	629.99188232	0.00158732	599.57908056	30.41280144	28.06185501	4.78048674	1.31434008
7.26678190	569.64837646	0.00175547	549.44205115	20.20632485	28.06418212	4.78292978	1.31366873
7.27049864	478.64727783	0.00208922	468.36373670	10.28354130	28.06651570	4.78537283	1.31299807
7.27421538	375.17074585	0.00266545	374.02656676	1.14417924	28.06885572	4.78781586	1.31232810
7.27793213	279.38635254	0.00357927	282.07607649	-2.68972349	28.07120219	4.79025890	1.31165881
7.28164887	202.36633301	0.00494153	203.22775234	-0.86141934	28.07355508	4.79270192	1.31099021
7.28536561	145.24784851	0.00688478	141.03878005	4.20906895	28.07597823	4.79514495	1.31032229
7.28908235	105.47564697	0.00948086	98.80655446	6.66909254	28.07834410	4.79758796	1.30965505
7.29279909	78.63354492	0.01271722	71.60401927	7.02952573	28.08071635	4.80003098	1.30898849
7.29651583	61.73756027	0.01619760	55.29101709	6.44654291	28.08309496	4.80247398	1.30832261
7.30023257	51.25611877	0.01950987	46.02804009	5.22807891	28.08547992	4.80491699	1.30765741
7.30394932	44.65176010	0.02239553	40.90479356	3.74696644	28.08787121	4.80735998	1.30699289
7.30766606	40.59398651	0.02463419	37.96869085	2.62529615	28.09033371	4.80980298	1.30632904
7.31138280	37.97443771	0.02633350	36.26525842	1.70917958	28.09273781	4.81224596	1.30566587
7.31509954	36.17081070	0.02764660	35.13224040	1.03857060	28.09514819	4.81468895	1.30500337
7.31881628	34.93974304	0.02862070	34.29900059	0.64074241	28.09756485	4.81713192	1.30434155
7.32253302	34.07415390	0.02934776	33.63964900	0.43450500	28.09998777	4.81957489	1.30368040
7.32624976	33.43888092	0.02990531	33.09518886	0.34369214	28.10241694	4.82201786	1.30301992
7.32996650	32.94423294	0.03035433	32.63397875	0.31025425	28.10491824	4.82446082	1.30236011
7.33368325	32.52673340	0.03074394	32.24171091	0.28502209	28.10736003	4.82690378	1.30170096
7.33739999	32.19244003	0.03106319	31.90306476	0.28937524	28.10980801	4.82934673	1.30104249
7.34111673	31.94514656	0.03130366	31.60876706	0.33637994	28.11226218	4.83178968	1.30038469
7.34483347	31.79833794	0.03144818	31.35169576	0.44664224	28.11472253	4.83423262	1.29972755
7.34855021	31.62382507	0.03162173	31.12032017	0.50350483	28.11725578	4.83667556	1.29907107
7.35226695	31.41046524	0.03183652	30.92202961	0.48843539	28.11972858	4.83911849	1.29841526
7.35598369	31.18558121	0.03206610	30.74655678	0.43902422	28.12220752	4.84156141	1.29776012
7.35970044	31.01180267	0.03224579	30.59070391	0.42109909	28.12469257	4.84400434	1.29710563
7.36341718	30.92242241	0.03233899	30.45189288	0.47052912	28.12718371	4.84644725	1.29645181
7.36713392	30.84233284	0.03242297	30.32791414	0.51441886	28.12968094	4.84889016	1.29579865
7.37085066	30.76003647	0.03250971	30.21407862	0.54595738	28.13225198	4.85133307	1.29514614
7.37456740	30.65275002	0.03262350	30.11483090	0.53791910	28.13476148	4.85377597	1.29449430
7.37828414	30.54044151	0.03274347	30.02566629	0.51477571	28.13727703	4.85621887	1.29384311
7.38200088	30.42589188	0.03286674	29.94549305	0.48039895	28.13979860	4.85866176	1.29319258
7.38571762	30.33529091	0.03296491	29.87333622	0.46195478	28.14232617	4.86110464	1.29254270
7.38943437	30.26148605	0.03304530	29.80839614	0.45308986	28.14485974	4.86354752	1.29189347
7.39315111	30.17435837	0.03314072	29.74846297	0.42589503	28.14746800	4.86599040	1.29124490
7.39686785	30.10762596	0.03321418	29.69607012	0.41155588	28.15001366	4.86843327	1.29059699
7.40058459	30.05426598	0.03327315	29.64904608	0.40521992	28.15256527	4.87087613	1.28994972
7.40430133	30.01813698	0.03331319	29.60692899	0.41120801	28.15512281	4.87331899	1.28930310
7.40801807	29.98303032	0.03335220	29.56934200	0.41368800	28.15768626	4.87576185	1.28865714
7.41173481	29.94755936	0.03339170	29.53594442	0.41161458	28.16025562	4.87820470	1.28801182
7.41545156	29.90724945	0.03343671	29.50569804	0.40155096	28.16290054	4.88064754	1.28736715
7.41916830	29.82916069	0.03352424	29.46937322	0.35978778	28.16548181	4.88309038	1.28672312
7.42288504	29.76638222	0.03359495	29.44715168	0.31923032	28.16806893	4.88553321	1.28607974
7.42660178	29.73974991	0.03362503	29.42819930	0.31155070	28.17066189	4.88797604	1.28543701
7.43031852	29.71298409	0.03365532	29.41236569	0.30061831	28.17326067	4.89041887	1.28479492
7.43403526	29.68100548	0.03369158	29.39953897	0.28146603	28.17586527	4.89286169	1.28415347
7.43775200	29.63202095	0.03374728	29.38939818	0.24262282	28.17854628	4.89530450	1.28351266
7.44146874	29.62857628	0.03375120	29.38240952	0.24616648	28.18116260	4.89774731	1.28287249
7.44518549	29.62995529	0.03374963	29.37822835	0.25172665	28.18378468	4.90019011	1.28223297
7.44890223	29.61244965	0.03376958	29.37683544	0.23561456	28.18641251	4.90263291	1.28159408
7.45261897	29.59978294	0.03378403	29.37823719	0.22154581	28.18904606	4.90507570	1.28095583
7.45633571	29.57254219	0.03381515	29.38246242	0.19007958	28.19168534	4.90751849	1.28031821
7.46005245	29.58438110	0.03380162	29.38979821	0.19458279	28.19440188	4.90996127	1.27968124
7.46376919	29.60010529	0.03378366	29.39993916	0.20016584	28.19705269	4.91240405	1.27904489
7.46748593	29.62384415	0.03375659	29.41314879	0.21069521	28.19970917	4.91484682	1.27840918
7.47120268	29.63200569	0.03374729	29.42956225	0.20244375	28.20237130	4.91728959	1.27777411
7.47491942	29.62411880	0.03375628	29.44935074	0.17476826	28.20503908	4.91973235	1.27713966
7.47863616	29.61444473	0.03376731	29.47272412	0.14172088	28.20771247	4.92217511	1.27650585
7.48235290	29.62711334	0.03375287	29.50071709	0.12639591	28.21046396	4.92461786	1.27587266
7.48606964	29.68116188	0.03369140	29.53216299	0.14899901	28.21314870	4.92706061	1.27524011
7.48978638	29.76170921	0.03360022	29.56808836	0.19362064	28.21583902	4.92950335	1.27460818
7.49350312	29.82686234	0.03352683	29.60891482	0.21794718	28.21853490	4.93194608	1.27397688
7.49721987	29.84335709	0.03350829	29.65511676	0.18824024	28.22123633	4.93438882	1.27334621
7.50093661	29.84384537	0.03350775	29.70726952	0.13657548	28.22394328	4.93683154	1.27271617
7.50465335	29.86603165	0.03348285	29.76774262	0.09828938	28.22672913	4.93927426	1.27208674
7.50837009	29.91921425	0.03342334	29.83414801	0.08506599	28.22944725	4.94171698	1.27145794
7.51208683	29.98334122	0.03335185	29.90894396	0.07439704	28.23217084	4.94415969	1.27082977
7.51580357	30.05490494	0.03327244	29.99323189	0.06167311	28.23489990	4.94660239	1.27020221
7.51952031	30.14440155	0.03317366	30.08835502	0.05604698	28.23763441	4.94904509	1.26957528
7.52323705	30.22469330	0.03308553	30.19592445	0.02876855	28.24037436	4.95148779	1.26894897
7.52695380	30.31906700	0.03298255	30.32135843	-0.00229143	28.24319400	4.95393048	1.26832327
7.53067054	30.41846085	0.03287477	30.46046771	-0.04200671	28.24594491	4.95637316	1.26769819
7.53438728	30.54430580	0.03273933	30.61917650	-0.07487050	28.24870122	4.95881584	1.26707374
7.53810402	30.71584511	0.03255649	30.80101358	-0.08516858	28.25146289	4.96125851	1.26644989
7.54182076	30.93101120	0.03233001	31.01037468	-0.07936368	28.25422992	4.96370118	1.26582666
7.54553750	31.18033791	0.03207149	31.25274047	-0.07240247	28.25700229	4.96614384	1.26520405
7.54925424	31.46013641	0.03178626	31.54375687	-0.08362087	28.25985513	4.96858650	1.26458205
7.55297099	31.85785484	0.03138943	31.87866959	-0.02081459	28.26263827	4.97102916	1.26396066
7.55668773	32.40181351	0.03086247	32.28155796	0.12025604	28.26542671	4.97347180	1.26333989
7.56040447	33.14602661	0.03016953	32.78391095	0.36211605	28.26822042	4.97591445	1.26271972
7.56412121	34.22403336	0.02921923	33.45128681	0.77274619	28.27101940	4.97835708	1.26210017
7.56783795	35.84642029	0.02789679	34.42414119	1.42227881	28.27382362	4.98079971	1.26148122
7.57155469	38.34912872	0.02607621	36.04956459	2.29956441	28.27670907	4.98324234	1.26086288
7.57527143	42.25290680	0.02366701	38.82873151	3.42417549	28.27952387	4.98568496	1.26024515
7.57898817	48.51581955	0.02061183	43.81498414	4.70083586	28.28234387	4.98812758	1.25962803
7.58270492	58.72309875	0.01702907	52.61888549	6.10421351	28.28516904	4.99057019	1.25901151
7.58642166	74.90096283	0.01335096	67.45042846	7.45053454	28.28799939	4.99301280	1.25839559
7.59013840	99.61295319	0.01003886	90.81804917	8.79490383	28.29083488	4.99545540	1.25778028
7.59385514	135.88938904	0.00735893	125.90622541	9.98316359	28.29375235	4.99789799	1.25716558
7.59757188	185.07783508	0.00540313	171.43155743	13.64627757	28.29659823	5.00034058	1.25655147
7.60128862	246.89842224	0.00405025	226.01772368	20.88069832	28.29944921	5.00278317	1.25593796
7.60500536	313.67019653	0.00318806	284.12052406	29.54967294	28.30230528	5.00522574	1.25532506
7.60872211	371.88711548	0.00268899	336.92749812	34.95961688	28.30516641	5.00766832	1.25471275
7.61243885	410.44476318	0.00243638	373.75603401	36.68872899	28.30803260	5.01011089	1.25410105
7.61615559	419.85043335	0.00238180	385.10895559	34.74147741	28.31098150	5.01255345	1.25348994
7.61987233	397.74789429	0.00251416	367.10297730	30.64491670	28.31385788	5.01499601	1.25287942
7.62358907	348.76406860	0.00286727	325.55983789	23.20423111	28.31673926	5.01743856	1.25226951
7.62730581	285.78710938	0.00349911	270.58368239	15.20342661	28.31962563	5.01988111	1.25166018
7.63102255	223.01870728	0.00448393	212.62084140	10.39786560	28.32251698	5.02232365	1.25105145
7.63473929	167.40098572	0.00597368	159.79187957	7.60910643	28.32541328	5.02476619	1.25044332
7.63845604	123.71073914	0.00808337	115.83072951	7.88000949	28.32839300	5.02720872	1.24983577
7.64217278	91.99349213	0.01087033	84.45130069	7.54219131	28.33129930	5.02965125	1.24922882
7.64588952	70.18706512	0.01424764	63.30632381	6.88074119	28.33421050	5.03209377	1.24862246
7.64960626	55.92928696	0.01787972	50.11119268	5.81809432	28.33712660	5.03453629	1.24801669
7.65332300	46.68495178	0.02142018	42.38064187	4.30431013	28.34004757	5.03697880	1.24741151
7.65703974	41.05841446	0.02435554	38.03223019	3.02618381	28.34297339	5.03942130	1.24680691
7.66075648	37.57670593	0.02661223	35.55465941	2.02204659	28.34598334	5.04186380	1.24620290
7.66447323	35.32088089	0.02831186	34.16166161	1.15921939	28.34891897	5.04430630	1.24559948
7.66818997	33.88691330	0.02950992	33.27817416	0.60873884	28.35185941	5.04674879	1.24499665
7.67190671	32.92427063	0.03037273	32.65689099	0.26738001	28.35480464	5.04919127	1.24439439
7.67562345	32.25723267	0.03100080	32.18032926	0.07690374	28.35775465	5.05163375	1.24379273
7.67934019	31.73241043	0.03151352	31.79370314	-0.06129314	28.36070942	5.05407622	1.24319164
7.68305693	31.34089661	0.03190719	31.46189179	-0.12099479	28.36374898	5.05651869	1.24259114
7.68677367	31.05092049	0.03220516	31.18729300	-0.13637300	28.36671335	5.05896115	1.24199121
7.69049041	30.80873489	0.03245833	30.95090495	-0.14216995	28.36968244	5.06140361	1.24139187
7.69420716	30.58089256	0.03270016	30.74589274	-0.16499974	28.37265621	5.06384606	1.24079311
7.69792390	30.39602852	0.03289903	30.56707510	-0.17104610	28.37563467	5.06628851	1.24019493
7.70164064	30.26746750	0.03303877	30.41024485	-0.14277785	28.37861779	5.06873095	1.23959732
7.70535738	30.15308571	0.03316410	30.26857576	-0.11548976	28.38168637	5.07117339	1.23900029
7.70907412	30.05259514	0.03327500	30.14671453	-0.09411953	28.38467890	5.07361582	1.23840384
7.71279086	29.95643997	0.03338180	30.03843188	-0.08199188	28.38767603	5.07605825	1.23780796
7.71650760	29.86566544	0.03348327	29.94189531	-0.07623031	28.39067776	5.07850067	1.23721266
7.72022435	29.76466179	0.03359689	29.85552738	-0.09086538	28.39368408	5.08094308	1.23661793
7.72394109	29.67807388	0.03369491	29.77804932	-0.09997532	28.39669496	5.08338549	1.23602377
7.72765783	29.59790611	0.03378617	29.70655548	-0.10864948	28.39979194	5.08582789	1.23543019
7.73137457	29.52536201	0.03386919	29.64388176	-0.11851976	28.40281203	5.08827029	1.23483717
7.73509131	29.44534111	0.03396123	29.58724490	-0.14190390	28.40583662	5.09071269	1.23424473
7.73880805	29.37373161	0.03404402	29.53596273	-0.16223073	28.40886571	5.09315507	1.23365286
7.74252479	29.33759117	0.03408596	29.48946901	-0.15187801	28.41189929	5.09559746	1.23306155
7.74624153	29.29518700	0.03413530	29.44725038	-0.15206338	28.41493733	5.09803984	1.23247081
7.74995828	29.24016571	0.03419953	29.40789678	-0.16773078	28.41806211	5.10048221	1.23188064
7.75367502	29.17489815	0.03427604	29.37309311	-0.19819511	28.42110916	5.10292457	1.23129104
7.75739176	29.10487175	0.03435851	29.34142174	-0.23654974	28.42416062	5.10536694	1.23070200
7.76110850	29.08002090	0.03438787	29.31260806	-0.23258706	28.42721647	5.10780929	1.23011353
7.76482524	29.07044220	0.03439920	29.28639541	-0.21595341	28.43027671	5.11025164	1.22952562
7.76854198	29.02935791	0.03444789	29.26257437	-0.23321637	28.43334132	5.11269399	1.22893827
7.77225872	28.95533371	0.03453595	29.24039502	-0.28506102	28.43649328	5.11513633	1.22835149
7.77597547	28.89373398	0.03460958	29.22085420	-0.32712020	28.43956669	5.11757866	1.22776526
7.77969221	28.88272858	0.03462277	29.20319952	-0.32047052	28.44264441	5.12002099	1.22717960
7.78340895	28.89366913	0.03460966	29.18730009	-0.29363109	28.44572644	5.12246331	1.22659450
7.78712569	28.87049484	0.03463744	29.17305124	-0.30255624	28.44881274	5.12490563	1.22600995
7.79084243	28.80799866	0.03471258	29.16035471	-0.35235571	28.45190332	5.12734795	1.22542597
7.79455917	28.72938919	0.03480756	29.14885007	-0.41946107	28.45508184	5.12979025	1.22484254
7.79827591	28.69401932	0.03485047	29.13907277	-0.44505377	28.45818101	5.13223256	1.22425966
7.80199266	28.69406319	0.03485041	29.13064350	-0.43658050	28.46128440	5.13467485	1.22367735
7.80570940	28.68691254	0.03485910	29.12352091	-0.43660791	28.46439199	5.13711714	1.22309559
7.80942614	28.69822121	0.03484537	29.11766977	-0.41944877	28.46750376	5.13955943	1.22251438
7.81314288	28.70314789	0.03483938	29.11306999	-0.40992199	28.47061969	5.14200171	1.22193373
7.81685962	28.71933937	0.03481974	29.10963532	-0.39029632	28.47382416	5.14444399	1.22135362
7.82057636	28.69485855	0.03484945	29.07522161	-0.38036261	28.47694850	5.14688625	1.22077408
7.82429310	28.67478561	0.03487384	29.07463982	-0.39985382	28.48007694	5.14932852	1.22019508
7.82800984	28.65613556	0.03489654	29.07532997	-0.41919397	28.48320949	5.15177078	1.21961663
7.83172659	28.66495132	0.03488581	29.07733057	-0.41237957	28.48634612	5.15421303	1.21903873
7.83544333	28.65657616	0.03489600	29.08069426	-0.42411826	28.48948682	5.15665528	1.21846138
7.83916007	28.64690399	0.03490779	29.08564093	-0.43873693	28.49271662	5.15909752	1.21788458
7.84287681	28.63116646	0.03492697	29.09200128	-0.46083528	28.49586550	5.16153976	1.21730832
7.84659355	28.62150764	0.03493876	29.09999832	-0.47849032	28.49901841	5.16398199	1.21673261
7.85031029	28.63046837	0.03492783	29.10976875	-0.47930075	28.50217531	5.16642422	1.21615745
7.85402703	28.63376236	0.03492381	29.12148332	-0.48772132	28.50533620	5.16886644	1.21558283
7.85774378	28.62926292	0.03492930	29.13534644	-0.50608344	28.50850105	5.17130865	1.21500876
7.86146052	28.62903976	0.03492957	29.15208664	-0.52304664	28.51175554	5.17375086	1.21443523
7.86517726	28.62817955	0.03493062	29.17113919	-0.54295919	28.51492838	5.17619307	1.21386224
7.86889400	28.65608978	0.03489660	29.19328452	-0.53719452	28.51810514	5.17863527	1.21328979
7.87261074	28.66300964	0.03488817	29.21899112	-0.55598112	28.52128579	5.18107746	1.21271789
7.87632748	28.69998360	0.03484323	29.24882515	-0.54884115	28.52447032	5.18351965	1.21214652
7.88004422	28.71319771	0.03482719	29.28350591	-0.57030791	28.52765872	5.18596183	1.21157569
7.88376096	28.73913574	0.03479576	29.32511025	-0.58597425	28.53093729	5.18840401	1.21100541
7.88747771	28.75271988	0.03477932	29.37265673	-0.61993673	28.53413347	5.19084618	1.21043566
7.89119445	28.81135559	0.03470854	29.42881978	-0.61746378	28.53733346	5.19328835	1.20986644
7.89491119	28.91569901	0.03458329	29.49616839	-0.58046939	28.54053725	5.19573051	1.20929777
7.89862793	29.09746933	0.03436725	29.57936923	-0.48190023	28.54374482	5.19817266	1.20872963
7.90234467	29.29022598	0.03414108	29.68779939	-0.39757339	28.54695616	5.20061481	1.20816202
7.90606141	29.51059723	0.03388613	29.84650911	-0.33591211	28.55025818	5.20305696	1.20759495
7.90977815	29.85532570	0.03349486	30.09020637	-0.23488037	28.55347709	5.20549910	1.20702841
7.91349490	30.40128708	0.03289334	30.50562170	-0.10433470	28.55669972	5.20794123	1.20646241
7.91721164	31.36938095	0.03187822	31.24294011	0.12644089	28.55992603	5.21038336	1.20589693
7.92092838	32.97676086	0.03032439	32.54439825	0.43236275	28.56315603	5.21282548	1.20533199
7.92464512	35.45009613	0.02820867	34.75369999	0.69639601	28.56638969	5.21526760	1.20476758
7.92836186	39.27863312	0.02545913	38.39775267	0.88088033	28.56971454	5.21770971	1.20420369
7.93207860	44.97557449	0.02223429	43.66751519	1.30805881	28.57295557	5.22015182	1.20364034
7.93579534	52.74545288	0.01895898	50.80827472	1.93717828	28.57620021	5.22259392	1.20307751
7.93951208	62.79296494	0.01592535	59.58848429	3.20448071	28.57944844	5.22503601	1.20251522
7.94322883	74.02243805	0.01350942	69.24100783	4.78143017	28.58270025	5.22747810	1.20195344
7.94694557	84.47477722	0.01183785	78.43676723	6.03800977	28.58595562	5.22992019	1.20139220
7.95066231	92.34399414	0.01082907	85.59409717	6.74989683	28.58930266	5.23236227	1.20083148
7.95437905	95.30393219	0.01049275	88.61323759	6.69069441	28.59256520	5.23480434	1.20027128
7.95809579	93.01842499	0.01075056	86.85871315	6.15971185	28.59583124	5.23724641	1.19971161
7.96181253	85.86998749	0.01164551	80.84286412	5.02712288	28.59910078	5.23968847	1.19915246
7.96552927	75.78305054	0.01319556	72.11061527	3.67243573	28.60237379	5.24213052	1.19859383
7.96924602	65.08776855	0.01536387	62.43740854	2.65036046	28.60565026	5.24457258	1.19803572
7.97296276	55.00482559	0.01818022	53.06731737	1.93750863	28.60901886	5.24701462	1.19747814
7.97667950	46.93173218	0.02130755	45.44622358	1.48550842	28.61230229	5.24945666	1.19692107
7.98039624	40.96194458	0.02441290	39.67917095	1.28277405	28.61558912	5.25189870	1.19636453
7.98411298	36.66611099	0.02727314	35.68867637	0.97743463	28.61887934	5.25434073	1.19580850
7.98782972	33.75586700	0.02962448	33.13709857	0.61876843	28.62217293	5.25678275	1.19525299
7.99154646	31.87871933	0.03136889	31.61141622	0.26730278	28.62546988	5.25922477	1.19469800
7.99526320	30.76301765	0.03250656	30.72470683	0.03831117	28.62885941	5.26166678	1.19414352
7.99897995	30.08199120	0.03324248	30.24599116	-0.16400016	28.63216311	5.26410879	1.19358956
8.00269669	29.63458633	0.03374435	29.97187772	-0.33729172	28.63547012	5.26655079	1.19303612
8.00641343	29.35293007	0.03406815	29.80363444	-0.45070444	28.63878041	5.26899278	1.19248319
8.01013017	29.13363266	0.03432459	29.68998782	-0.55635482	28.64209397	5.27143477	1.19193077
8.01384691	28.99293709	0.03449116	29.60603453	-0.61309753	28.64541078	5.27387676	1.19137887
8.01756365	28.90162277	0.03460013	29.53839745	-0.63677445	28.64882061	5.27631874	1.19082747
8.02128039	28.88867950	0.03461564	29.48490100	-0.59622100	28.65214396	5.27876071	1.19027659
8.02499714	28.86442375	0.03464472	29.44058079	-0.57615679	28.65547052	5.28120268	1.18972622
8.02871388	28.83247566	0.03468311	29.40357041	-0.57109441	28.65880026	5.28364464	1.18917636
8.03243062	28.78913307	0.03473533	29.37259501	-0.58346201	28.66213317	5.28608660	1.18862701
8.03614736	28.77452278	0.03475297	29.34668225	-0.57215925	28.66546923	5.28852855	1.18807817
8.03986410	28.75943184	0.03477120	29.32454279	-0.56511079	28.66889872	5.29097050	1.18752983
8.04358084	28.73183250	0.03480460	29.30670726	-0.57487426	28.67224111	5.29341244	1.18698201
8.04729758	28.70341492	0.03483906	29.29205220	-0.58863720	28.67558660	5.29585437	1.18643468
8.05101433	28.67979240	0.03486776	29.28018075	-0.60038875	28.67893517	5.29829630	1.18588787
8.05473107	28.68110657	0.03486616	29.27075719	-0.58965019	28.68228681	5.30073822	1.18534156
8.05844781	28.69717979	0.03484663	29.26351738	-0.56633738	28.68564150	5.30318014	1.18479575
8.06216455	28.70294952	0.03483963	29.25812503	-0.55517503	28.68909000	5.30562205	1.18425045
8.06588129	28.69804955	0.03484557	29.25467529	-0.55662529	28.69245081	5.30806396	1.18370565
8.06959803	28.70484161	0.03483733	29.25285520	-0.54801320	28.69581462	5.31050586	1.18316135
8.07331477	28.69279671	0.03485195	29.25254439	-0.55974739	28.69918140	5.31294776	1.18261756
8.07703151	28.66987419	0.03487982	29.25364615	-0.58377215	28.70255115	5.31538965	1.18207426
8.08074826	28.64181328	0.03491399	29.25608287	-0.61426987	28.70592384	5.31783153	1.18153147
8.08446500	28.65121269	0.03490254	29.25991347	-0.60870047	28.70939073	5.32027341	1.18098918
8.08818174	28.66536331	0.03488531	29.26489072	-0.59952772	28.71276934	5.32271528	1.18044738
8.09189848	28.67119598	0.03487821	29.27107022	-0.59987422	28.71615084	5.32515715	1.17990608
8.09561522	28.69163895	0.03485336	29.27843486	-0.58679586	28.71953521	5.32759901	1.17936528
8.09933196	28.71414757	0.03482604	29.28698002	-0.57283202	28.72292244	5.33004087	1.17882498
8.10304870	28.75405502	0.03477770	29.29671108	-0.54265608	28.72631252	5.33248272	1.17828517
8.10676545	28.76558113	0.03476377	29.30796161	-0.54238061	28.72979715	5.33492457	1.17774586
8.11048219	28.77587318	0.03475133	29.32016835	-0.54429535	28.73319293	5.33736641	1.17720704
8.11419893	28.76663971	0.03476249	29.33364950	-0.56700950	28.73659150	5.33980824	1.17666872
8.11791567	28.77011108	0.03475829	29.34846269	-0.57835169	28.73999284	5.34225007	1.17613089
8.12163241	28.76692772	0.03476214	29.36467148	-0.59774348	28.74339694	5.34469189	1.17559355
8.12534915	28.75686073	0.03477431	29.38235475	-0.62549375	28.74680377	5.34713371	1.17505670
8.12906589	28.78663445	0.03473834	29.40214580	-0.61551180	28.75030552	5.34957552	1.17452035
8.13278263	28.83878517	0.03467552	29.42312278	-0.58433778	28.75371785	5.35201733	1.17398449
8.13649938	28.87292480	0.03463452	29.44591023	-0.57298523	28.75713286	5.35445913	1.17344911
8.14021612	28.88822937	0.03461617	29.47065177	-0.58242277	28.76055055	5.35690092	1.17291423
8.14393286	28.90472794	0.03459642	29.49753152	-0.59280352	28.76397089	5.35934271	1.17237983
8.14764960	28.96269608	0.03452717	29.52674386	-0.56404786	28.76739386	5.36178449	1.17184592
8.15136634	29.00238991	0.03447992	29.55940966	-0.55701966	28.77091207	5.36422627	1.17131250
8.15508308	29.03119659	0.03444570	29.59409560	-0.56289860	28.77434032	5.36666804	1.17077957
8.15879982	29.04888725	0.03442473	29.63192968	-0.58304268	28.77777117	5.36910981	1.17024712
8.16251657	29.07655525	0.03439197	29.67327249	-0.59671749	28.78120457	5.37155157	1.16971516
8.16623331	29.12604332	0.03433353	29.71853243	-0.59248943	28.78464052	5.37399333	1.16918368
8.16995005	29.16560555	0.03428696	29.76963155	-0.60402555	28.78817198	5.37643508	1.16865269
8.17366679	29.20383263	0.03424208	29.82445668	-0.62062368	28.79161304	5.37887682	1.16812218
8.17738353	29.22502899	0.03421725	29.88495544	-0.65992644	28.79505660	5.38131856	1.16759215
8.18110027	29.27410316	0.03415989	29.95196102	-0.67785802	28.79850264	5.38376029	1.16706260
8.18481701	29.32631874	0.03409906	30.02641523	-0.70009623	28.80195114	5.38620202	1.16653354
8.18853375	29.41573524	0.03399541	30.10946072	-0.69372572	28.80540209	5.38864374	1.16600496
8.19225050	29.50119400	0.03389693	30.20244706	-0.70125306	28.80885546	5.39108545	1.16547685
8.19596724	29.57737732	0.03380962	30.28610747	-0.70873047	28.81240468	5.39352716	1.16494923
8.19968398	29.67447662	0.03369899	30.40499022	-0.73051322	28.81586291	5.39596887	1.16442208
8.20340072	29.79538918	0.03356224	30.54005857	-0.74466957	28.81932353	5.39841057	1.16389542
8.20711746	29.94753075	0.03339173	30.69450517	-0.74697417	28.82278650	5.40085226	1.16336922
8.21083420	30.10827637	0.03321346	30.87228312	-0.76400712	28.82625181	5.40329395	1.16284351
8.21455094	30.30241203	0.03300067	31.08470505	-0.78229305	28.82981320	5.40573563	1.16231827
8.21826769	30.54405022	0.03273960	31.32865287	-0.78460287	28.83328320	5.40817730	1.16179351
8.22198443	30.89721870	0.03236537	31.62230022	-0.72508122	28.83675549	5.41061897	1.16126923
8.22570117	31.42173576	0.03182510	31.99405310	-0.57231710	28.84023006	5.41306064	1.16074541
8.22941791	32.13908005	0.03111477	32.48808136	-0.34900136	28.84370687	5.41550230	1.16022207
8.23313465	33.25497055	0.03007069	33.21626894	0.03870206	28.84718593	5.41794395	1.15969921
8.23685139	35.01096344	0.02856248	34.43865441	0.57230859	28.85076132	5.42038560	1.15917681
8.24056813	37.70862961	0.02651913	36.51407800	1.19455200	28.85424485	5.42282724	1.15865489
8.24428487	42.08120346	0.02376358	40.17910194	1.90210106	28.85773057	5.42526887	1.15813344
8.24800162	49.17229843	0.02033665	46.50938793	2.66291007	28.86121846	5.42771051	1.15761246
8.25171836	59.97819138	0.01667273	56.91151588	3.06667512	28.86470849	5.43015213	1.15709195
8.25543510	76.46383667	0.01307808	72.88181582	3.58202118	28.86820066	5.43259375	1.15657191
8.25915184	100.28271484	0.00997181	96.24458856	4.03812644	28.87178941	5.43503536	1.15605233
8.26286858	131.78677368	0.00758801	125.77928362	6.00749038	28.87528585	5.43747697	1.15553323
8.26658532	169.98683167	0.00588281	160.25646392	9.73036808	28.87878437	5.43991857	1.15501459
8.27030206	209.30827332	0.00477764	195.88402757	13.42424543	28.88228495	5.44236017	1.15449642
8.27401881	243.12158203	0.00411317	226.97370667	16.14787533	28.88578758	5.44480176	1.15397871
8.27773555	263.99206543	0.00378799	246.94180303	17.05026197	28.88929224	5.44724334	1.15346147
8.28145229	266.79644775	0.00374818	250.36151891	16.43492909	28.89289371	5.44968492	1.15294469
8.28516903	251.98370361	0.00396851	236.05534935	15.92835465	28.89640242	5.45212649	1.15242838
8.28888577	222.24671936	0.00449950	208.35141206	13.89530694	28.89991312	5.45456806	1.15191253
8.29260251	184.92462158	0.00540761	173.69107913	11.23354287	28.90342577	5.45700962	1.15139715
8.29631925	147.40481567	0.00678404	138.23932210	9.16549390	28.90694036	5.45945118	1.15088222
8.30003600	114.09008026	0.00876500	106.56714647	7.52293353	28.91045688	5.46189273	1.15036776
8.30375274	87.92002106	0.01137397	80.58653483	7.33348617	28.91407043	5.46433427	1.14985376
8.30746948	68.70208740	0.01455560	62.23113632	6.47095068	28.91759080	5.46677581	1.14934022
8.31118622	55.28450775	0.01808825	49.94004849	5.34445951	28.92111304	5.46921734	1.14882714
8.31490296	46.16656876	0.02166070	42.28852373	3.87804527	28.92463713	5.47165887	1.14831452
8.31861970	40.31603241	0.02480403	37.79480073	2.52123127	28.92816307	5.47410039	1.14780235
8.32233644	36.72982407	0.02722583	35.24506019	1.48476381	28.93169082	5.47654191	1.14729065
8.32605318	34.50929260	0.02897770	33.76956751	0.73972549	28.93531580	5.47898342	1.14677940
8.32976993	33.08772278	0.03022269	32.92293377	0.16478923	28.93884719	5.48142492	1.14626861
8.33348667	32.16036606	0.03109417	32.37490500	-0.21453900	28.94238035	5.48386642	1.14575827
8.33720341	31.55850029	0.03168718	31.98436079	-0.42586079	28.94591527	5.48630791	1.14524839
8.34092015	31.15810013	0.03209438	31.68342001	-0.52532001	28.94945191	5.48874940	1.14473897
8.34463689	30.86819839	0.03239580	31.43980553	-0.57160753	28.95299028	5.49119088	1.14422999
8.34835363	30.62841225	0.03264942	31.23206299	-0.60365099	28.95662604	5.49363235	1.14372148
8.35207037	30.46746826	0.03282189	31.06176299	-0.59429499	28.96016784	5.49607382	1.14321341
8.35578712	30.33184624	0.03296865	30.91695493	-0.58510893	28.96371129	5.49851529	1.14270580
8.35950386	30.24507904	0.03306323	30.79318619	-0.54810719	28.96725640	5.50095674	1.14219864
8.36322060	30.17766190	0.03313709	30.68712004	-0.50945804	28.97080313	5.50339820	1.14169193
8.36693734	30.14061737	0.03317782	30.59607192	-0.45545492	28.97435148	5.50583964	1.14118567
8.37065408	30.08259583	0.03324181	30.51594355	-0.43334755	28.97799739	5.50828108	1.14067986
8.37437082	29.99652290	0.03333720	30.44912130	-0.45259830	28.98154895	5.51072252	1.14017450
8.37808756	29.94425392	0.03339539	30.39191781	-0.44766381	28.98510208	5.51316395	1.13966959
8.38180430	29.91737556	0.03342539	30.34316759	-0.42579159	28.98865675	5.51560537	1.13916513
8.38552105	29.90813828	0.03343572	30.30187122	-0.39373322	28.99221294	5.51804679	1.13866112
8.38923779	29.86637115	0.03348247	30.26723908	-0.40086808	28.99577065	5.52048820	1.13815755
8.39295453	29.83689308	0.03351555	30.23791493	-0.40102193	28.99942606	5.52292960	1.13765443
8.39667127	29.81285858	0.03354257	30.21486670	-0.40200770	29.00298677	5.52537100	1.13715175
8.40038801	29.80574799	0.03355058	30.19680060	-0.39105260	29.00654894	5.52781240	1.13664952
8.40410475	29.79394531	0.03356387	30.18334623	-0.38940123	29.01011255	5.53025379	1.13614773
8.40782149	29.75054741	0.03361283	30.17420759	-0.42366059	29.01367758	5.53269517	1.13564639
8.41153824	29.70726585	0.03366180	30.16913953	-0.46187353	29.01724401	5.53513654	1.13514549
8.41525498	29.70246124	0.03366724	30.16798274	-0.46552174	29.02090829	5.53757792	1.13464504
8.41897172	29.73244858	0.03363329	30.17066074	-0.43821174	29.02447752	5.54001928	1.13414503
8.42268846	29.74198914	0.03362250	30.17700156	-0.43501256	29.02804810	5.54246064	1.13364545
8.42640520	29.74659920	0.03361729	30.18695745	-0.44035845	29.03162002	5.54490199	1.13314632
8.43012194	29.74420166	0.03362000	30.20052114	-0.45631914	29.03519326	5.54734334	1.13264763
8.43383868	29.75739670	0.03360509	30.21771951	-0.46032251	29.03876781	5.54978468	1.13214938
8.43755542	29.78690147	0.03357180	30.23924722	-0.45234622	29.04244029	5.55222602	1.13165157
8.44127217	29.83765793	0.03351469	30.26407928	-0.42642128	29.04601742	5.55466735	1.13115420
8.44498891	29.86034966	0.03348923	30.29287674	-0.43252674	29.04959580	5.55710867	1.13065727
8.44870565	29.90177155	0.03344283	30.32584803	-0.42407603	29.05317541	5.55954999	1.13016077
8.45242239	29.93629837	0.03340426	30.36322994	-0.42693194	29.05675623	5.56199130	1.12966471
8.45613913	29.98647881	0.03334836	30.40531794	-0.41883894	29.06033825	5.56443261	1.12916909
8.45985587	30.03242493	0.03329734	30.45380330	-0.42137830	29.06401832	5.56687391	1.12867390
8.46357261	30.09611511	0.03322688	30.50658346	-0.41046846	29.06760272	5.56931520	1.12817915
8.46728936	30.16325569	0.03315292	30.56535206	-0.40209606	29.07118826	5.57175649	1.12768484
8.47100610	30.19596100	0.03311701	30.63067741	-0.43471641	29.07477493	5.57419778	1.12719095
8.47472284	30.23339844	0.03307600	30.70327702	-0.46987902	29.07836272	5.57663905	1.12669751
8.47843958	30.27782249	0.03302747	30.78394135	-0.50611935	29.08195160	5.57908032	1.12620449
8.48215632	30.32507515	0.03297601	30.87615668	-0.55108168	29.08563859	5.58152159	1.12571191
8.48587306	30.39037323	0.03290516	30.97624977	-0.58587677	29.08922964	5.58396285	1.12521975
8.48958980	30.47843552	0.03281008	31.08782660	-0.60939060	29.09282173	5.58640410	1.12472803
8.49330654	30.57479477	0.03270668	31.21245681	-0.63766181	29.09641484	5.58884535	1.12423675
8.49702329	30.69620514	0.03257732	31.35197108	-0.65576608	29.10000896	5.59128659	1.12374589
8.50074003	30.85214996	0.03241265	31.50867498	-0.65652498	29.10360407	5.59372783	1.12325546
8.50445677	31.00662804	0.03225117	31.69030484	-0.68367684	29.10729736	5.59616906	1.12276546
8.50817351	31.15196609	0.03210070	31.90738029	-0.75541429	29.11089443	5.59861028	1.12227588
8.51189025	31.30323601	0.03194558	32.13499542	-0.83175942	29.11449244	5.60105150	1.12178674
8.51560699	31.52487183	0.03172099	32.39467532	-0.86980332	29.11809137	5.60349271	1.12129802
8.51932373	31.76896477	0.03147726	32.69249540	-0.92353040	29.12169120	5.60593392	1.12080973
8.52304048	32.07199478	0.03117985	33.03605827	-0.96406327	29.12529192	5.60837512	1.12032187
8.52675722	32.43041611	0.03083525	33.44739199	-1.01697599	29.12899087	5.61081632	1.11983443
8.53047396	32.93757248	0.03036046	33.91956302	-0.98199102	29.13259333	5.61325750	1.11934742
8.53419070	33.61388016	0.02974962	34.48584341	-0.87196341	29.13619664	5.61569869	1.11886083
8.53790744	34.55840302	0.02893652	35.18961626	-0.63121326	29.13980076	5.61813986	1.11837467
8.54162418	35.89319611	0.02786043	36.11823471	-0.22503871	29.14340569	5.62058104	1.11788893
8.54534092	37.90732956	0.02638012	37.45421436	0.45311564	29.14701140	5.62302220	1.11740361
8.54905767	41.01306534	0.02438247	39.64397163	1.36909337	29.15071536	5.62546336	1.11691871
8.55277441	45.93663025	0.02176912	43.30317725	2.63345275	29.15432260	5.62790451	1.11643424
8.55649115	53.85235596	0.01856929	49.71174831	4.14060769	29.15793058	5.63034566	1.11595019
8.56020789	66.56277466	0.01502341	60.83809319	5.72468181	29.16153928	5.63278680	1.11546656
8.56392463	86.48184204	0.01156312	79.29803163	7.18381037	29.16514868	5.63522794	1.11498335
8.56764137	116.81478882	0.00856056	108.04554168	8.76924732	29.16875875	5.63766907	1.11450056
8.57135811	160.83721924	0.00621747	150.83122067	10.00599833	29.17246709	5.64011019	1.11401818
8.57507485	220.13652039	0.00454264	206.09263419	14.04388581	29.17607849	5.64255131	1.11353623
8.57879160	294.63861084	0.00339399	272.28258693	22.35602407	29.17969053	5.64499242	1.11305469
8.58250834	375.19699097	0.00266527	342.96286382	32.23412718	29.18330318	5.64743353	1.11257357
8.58622508	447.59872437	0.00223414	407.80813652	39.79058748	29.18691642	5.64987463	1.11209287
8.58994182	498.73831177	0.00200506	454.06874599	44.66956601	29.19053024	5.65231572	1.11161259
8.59365856	516.33050537	0.00193674	470.04233092	46.28817408	29.19424232	5.65475681	1.11113272
8.59737530	496.84777832	0.00201269	450.28026957	46.56750843	29.19785727	5.65719789	1.11065326
8.60109204	444.47225952	0.00224986	401.33295094	43.13930906	29.20147274	5.65963897	1.11017423
8.60480879	372.06054688	0.00268773	335.22694154	36.83360546	29.20508872	5.66208004	1.10969560
8.60852553	295.14520264	0.00338816	264.62014697	30.52505603	29.20870519	5.66452110	1.10921739
8.61224227	224.01486206	0.00446399	199.39690766	24.61795434	29.21232214	5.66696216	1.10873959
8.61595901	166.31808472	0.00601258	144.29091320	22.02717180	29.21603733	5.66940321	1.10826220
8.61967575	122.86904907	0.00813875	104.29405792	18.57499108	29.21965519	5.67184426	1.10778523
8.62339249	91.78929901	0.01089452	76.83183136	14.95746764	29.22327348	5.67428530	1.10730867
8.62710923	70.57913208	0.01416849	59.32788549	11.25124651	29.22689218	5.67672634	1.10683252
8.63082597	56.41705704	0.01772514	48.83918023	7.57787677	29.23051126	5.67916736	1.10635678
8.63454272	47.63057709	0.02099492	42.80683841	4.82373859	29.23413072	5.68160839	1.10588145
8.63825946	42.14964294	0.02372499	39.29792541	2.85171759	29.23784838	5.68404940	1.10540653
8.64197620	38.66552734	0.02586283	37.29762202	1.36790498	29.24146854	5.68649041	1.10493201
8.64569294	36.46450043	0.02742393	36.02255369	0.44194631	29.24508903	5.68893142	1.10445791
8.64940968	35.01377106	0.02856019	35.12797295	-0.11420195	29.24870983	5.69137242	1.10398421
8.65312642	33.96973801	0.02943797	34.44472887	-0.47499087	29.25233091	5.69381341	1.10351093
8.65684316	33.23862076	0.03008548	33.89238489	-0.65376389	29.25595226	5.69625440	1.10303804
8.66055991	32.69372940	0.03058691	33.41952203	-0.72579303	29.25967176	5.69869538	1.10256557
8.66427665	32.28078079	0.03097819	33.02839518	-0.74761418	29.26329361	5.70113635	1.10209350
8.66799339	31.92204666	0.03132631	32.69177309	-0.76972609	29.26691568	5.70357732	1.10162183
8.67171013	31.65314102	0.03159244	32.39990320	-0.74676220	29.27053796	5.70601828	1.10115057
8.67542687	31.45287514	0.03179360	32.14513137	-0.69225637	29.27416042	5.70845924	1.10067972
8.67914361	31.28447723	0.03196473	31.92159470	-0.63711770	29.27778305	5.71090019	1.10020927
8.68286035	31.11091042	0.03214306	31.71949228	-0.60858228	29.28150375	5.71334114	1.09973922
8.68657709	30.95459557	0.03230538	31.54552459	-0.59092859	29.28512668	5.71578207	1.09926957
8.69029384	30.80734444	0.03245979	31.39073445	-0.58339045	29.28874972	5.71822301	1.09880033
8.69401058	30.69339943	0.03258029	31.25251449	-0.55911549	29.29237287	5.72066393	1.09833148
8.69772732	30.60752106	0.03267171	31.12867969	-0.52115869	29.29599610	5.72310485	1.09786304
8.70144406	30.53677559	0.03274740	31.01730621	-0.48053021	29.29961939	5.72554577	1.09739500
8.70516080	30.43682861	0.03285493	30.91427985	-0.47745085	29.30334067	5.72798668	1.09692736
8.70887754	30.35007477	0.03294885	30.82367003	-0.47359503	29.30696406	5.73042758	1.09646012
8.71259428	30.27359772	0.03303208	30.74151220	-0.46791420	29.31058746	5.73286848	1.09599328
8.71631103	30.18994713	0.03312361	30.66679379	-0.47684679	29.31421086	5.73530937	1.09552683
8.72002777	30.09663391	0.03322631	30.59870316	-0.50206916	29.31783424	5.73775025	1.09506079
8.72374451	30.01470375	0.03331700	30.53653646	-0.52183246	29.32145759	5.74019113	1.09459514
8.72746125	29.93787956	0.03340250	30.47816188	-0.54028188	29.32517882	5.74263200	1.09412989
8.73117799	29.86569023	0.03348324	30.42611745	-0.56042745	29.32880205	5.74507287	1.09366503
8.73489473	29.80270958	0.03355400	30.37832163	-0.57561163	29.33242520	5.74751373	1.09320057
8.73861147	29.74529266	0.03361876	30.33436981	-0.58907681	29.33604825	5.74995458	1.09273651
8.74232821	29.69835663	0.03367190	30.29387083	-0.59551383	29.33967117	5.75239543	1.09227284
8.74604496	29.63712311	0.03374147	30.25651402	-0.61939102	29.34329397	5.75483627	1.09180957
8.74976170	29.57600212	0.03381120	30.22112535	-0.64512335	29.34701452	5.75727711	1.09134669
8.75347844	29.50342178	0.03389437	30.18929133	-0.68586933	29.35063699	5.75971794	1.09088420
8.75719518	29.43717194	0.03397065	30.15982602	-0.72265402	29.35425927	5.76215876	1.09042211
8.76091192	29.38759995	0.03402796	30.13253536	-0.74493536	29.35788135	5.76459958	1.08996041
8.76462866	29.36548805	0.03405358	30.10722332	-0.74173532	29.36150322	5.76704039	1.08949910
8.76834540	29.33303833	0.03409125	30.08373593	-0.75069793	29.36512485	5.76948120	1.08903818
8.77206215	29.31312180	0.03411441	30.06135967	-0.74823767	29.36884409	5.77192200	1.08857765
8.77577889	29.27749062	0.03415593	30.04114610	-0.76365510	29.37246519	5.77436279	1.08811752
8.77949563	29.25149727	0.03418628	30.03589495	-0.78439795	29.37608601	5.77680358	1.08765777
8.78321237	29.23527908	0.03420525	30.01852594	-0.78324694	29.37970652	5.77924436	1.08719841
8.78692911	29.25850677	0.03417809	30.00238645	-0.74387945	29.38332671	5.78168514	1.08673945
8.79064585	29.26585388	0.03416951	29.98737851	-0.72152451	29.38694657	5.78412591	1.08628087
8.79436259	29.23845291	0.03420154	29.97306390	-0.73461090	29.39066389	5.78656667	1.08582268
8.79807933	29.18132591	0.03426849	29.96012284	-0.77879684	29.39428302	5.78900743	1.08536487
8.80179608	29.13569450	0.03432216	29.94810190	-0.81240690	29.39790176	5.79144818	1.08490746
8.80551282	29.09482956	0.03437037	29.93693264	-0.84210264	29.40152009	5.79388892	1.08445043
8.80922956	29.05992317	0.03441165	29.92656375	-0.86664075	29.40513801	5.79632966	1.08399378
8.81294630	29.04991341	0.03442351	29.91694787	-0.86703487	29.40875549	5.79877040	1.08353752
8.81666304	29.03551102	0.03444059	29.90779973	-0.87228873	29.41247026	5.80121112	1.08308165
8.82037978	29.02832603	0.03444911	29.89956143	-0.87123543	29.41608681	5.80365184	1.08262616
8.82409652	29.01084518	0.03446987	29.89194627	-0.88110127	29.41970287	5.80609256	1.08217105
8.82781327	29.00342178	0.03447869	29.88491246	-0.88149046	29.42331842	5.80853327	1.08171633
8.83153001	28.98662758	0.03449867	29.87842972	-0.89180172	29.42693346	5.81097397	1.08126200
8.83524675	28.97805023	0.03450888	29.87246723	-0.89441723	29.43054796	5.81341466	1.08080804
8.83896349	28.96298599	0.03452683	29.86685768	-0.90387168	29.43425958	5.81585535	1.08035447
8.84268023	28.95019531	0.03454208	29.86186569	-0.91167069	29.43787294	5.81829604	1.07990127
8.84639697	28.92535782	0.03457174	29.85731497	-0.93195697	29.44148572	5.82073672	1.07944846
8.85011371	28.91342163	0.03458601	29.85318541	-0.93976341	29.44509789	5.82317739	1.07899603
8.85383046	28.90602303	0.03459487	29.84945238	-0.94342938	29.44870945	5.82561805	1.07854398
8.85754720	28.90715981	0.03459351	29.84609890	-0.93893890	29.45232037	5.82805871	1.07809231
8.86126394	28.88472939	0.03462037	29.84303110	-0.95830210	29.45602821	5.83049937	1.07764102
8.86498068	28.86464310	0.03464446	29.84039605	-0.97575305	29.45963779	5.83294001	1.07719011
8.86869742	28.85691452	0.03465374	29.83808949	-0.98117449	29.46324669	5.83538065	1.07673958
8.87241416	28.85855103	0.03465177	29.83609942	-0.97754842	29.46685488	5.83782129	1.07628942
8.87613090	28.85746956	0.03465307	29.83441414	-0.97694414	29.47046236	5.84026192	1.07583964
8.87984764	28.83492279	0.03468017	29.83301919	-0.99809619	29.47406911	5.84270254	1.07539024
8.88356439	28.82853699	0.03468785	29.83187865	-1.00334165	29.47777255	5.84514316	1.07494122
8.88728113	28.83366966	0.03468168	29.83104362	-0.99737362	29.48137775	5.84758377	1.07449257
8.89099787	28.84366798	0.03466965	29.83046877	-0.98680077	29.48498217	5.85002437	1.07404430
8.89471461	28.86287689	0.03464658	29.83014680	-0.96726980	29.48858579	5.85246497	1.07359640
8.89843135	28.84321976	0.03467019	29.83007013	-0.98685013	29.49218860	5.85490556	1.07314887
8.90214809	28.80772400	0.03471291	29.82756967	-1.01984567	29.49579057	5.85734615	1.07270172
8.90586483	28.76290894	0.03476700	29.82799796	-1.06508896	29.49948900	5.85978673	1.07225495
8.90958158	28.78427887	0.03474119	29.82864410	-1.04436510	29.50308924	5.86222730	1.07180854
8.91329832	28.81431961	0.03470497	29.82951163	-1.01519163	29.50668858	5.86466787	1.07136251
8.91701506	28.82938576	0.03468683	29.83059485	-1.00120885	29.51028703	5.86710843	1.07091686
8.92073180	28.80011559	0.03472208	29.83189058	-1.03177458	29.51388457	5.86954898	1.07047157
8.92444854	28.78422928	0.03474125	29.83339547	-1.04916647	29.51748117	5.87198953	1.07002665
8.92816528	28.77916718	0.03474736	29.83515631	-1.05598931	29.52117400	5.87443007	1.06958211
8.93188202	28.76912308	0.03475949	29.83707743	-1.06795443	29.52476866	5.87687061	1.06913793
8.93559876	28.73924637	0.03479562	29.83920119	-1.09995519	29.52836235	5.87931114	1.06869413
8.93931551	28.74629593	0.03478709	29.84152688	-1.09523088	29.53195503	5.88175166	1.06825070
8.94303225	28.76902008	0.03475961	29.84405330	-1.07503330	29.53554671	5.88419218	1.06780763
8.94674899	28.79434776	0.03472904	29.84678102	-1.05243302	29.53913736	5.88663269	1.06736493
8.95046573	28.79551506	0.03472763	29.84979272	-1.05427772	29.54282396	5.88907320	1.06692260
8.95418247	28.80422211	0.03471713	29.85293092	-1.04870892	29.54641247	5.89151370	1.06648064
8.95789921	28.82859993	0.03468778	29.85627439	-1.02767439	29.54999990	5.89395419	1.06603905
8.96161595	28.83589554	0.03467900	29.85982555	-1.02392955	29.55358624	5.89639468	1.06559782
8.96533270	28.84247589	0.03467109	29.86358767	-1.02111167	29.55717146	5.89883516	1.06515696
8.96904944	28.84349251	0.03466987	29.86756487	-1.02407187	29.56075556	5.90127563	1.06471646
8.97276618	28.85280991	0.03465867	29.87187841	-1.01906841	29.56443534	5.90371610	1.06427633
8.97648292	28.84280586	0.03467069	29.87630675	-1.03350075	29.56801711	5.90615656	1.06383656
8.98019966	28.83180428	0.03468392	29.88096732	-1.04916332	29.57159770	5.90859702	1.06339716
8.98391640	28.82915497	0.03468711	29.88586751	-1.05671251	29.57517710	5.91103747	1.06295813
8.98763314	28.82978058	0.03468635	29.89101571	-1.06123471	29.57875529	5.91347791	1.06251945
8.99134988	28.82758522	0.03468900	29.89657096	-1.06898596	29.58242892	5.91591835	1.06208114
8.99506663	28.80827522	0.03471225	29.90225281	-1.09397781	29.58600461	5.91835878	1.06164319
8.99878337	28.82626915	0.03469058	29.90821590	-1.08194690	29.58957905	5.92079920	1.06120561
9.00250011	28.85069847	0.03466121	29.91447316	-1.06377516	29.59315222	5.92323962	1.06076838
9.00621685	28.89210510	0.03461153	29.92104151	-1.02893651	29.59672410	5.92568003	1.06033152
9.00993359	28.90941811	0.03459080	29.92793767	-1.01851967	29.60029467	5.92812044	1.05989502
9.01365033	28.92119598	0.03457672	29.93518091	-1.01398491	29.60386393	5.93056084	1.05945887
9.01736707	28.90960312	0.03459058	29.94300319	-1.03340019	29.60752825	5.93300123	1.05902309
9.02108382	28.92672539	0.03457011	29.95101935	-1.02429435	29.61109478	5.93544162	1.05858767
9.02480056	28.92135429	0.03457653	29.95945676	-1.03810276	29.61465995	5.93788200	1.05815260
9.02851730	28.90741158	0.03459320	29.96834461	-1.06093261	29.61822372	5.94032238	1.05771790
9.03223404	28.89169312	0.03461202	29.97772009	-1.08602709	29.62178610	5.94276275	1.05728355
9.03595078	28.88506699	0.03461996	29.98789612	-1.10282912	29.62544328	5.94520311	1.05684956
9.03966752	28.90897942	0.03459133	29.99837977	-1.08940077	29.62900277	5.94764346	1.05641593
9.04338426	28.91542244	0.03458362	30.01481962	-1.09939762	29.63256081	5.95008381	1.05598266
9.04710100	28.93551826	0.03455960	30.02664104	-1.09112304	29.63611739	5.95252416	1.05554974
9.05081775	28.91932678	0.03457895	30.03920240	-1.11987540	29.63967249	5.95496449	1.05511717
9.05453449	28.93703842	0.03455779	30.05257336	-1.11553536	29.64322609	5.95740483	1.05468497
9.05825123	28.96564102	0.03452366	30.06724122	-1.10160022	29.64687416	5.95984515	1.05425311
9.06196797	29.00443459	0.03447749	30.08252769	-1.07809269	29.65042468	5.96228547	1.05382162
9.06568471	29.02872658	0.03444863	30.09891241	-1.07018541	29.65397365	5.96472578	1.05339047
9.06940145	29.03883553	0.03443664	30.11652810	-1.07769210	29.65752107	5.96716609	1.05295968
9.07311819	29.06389427	0.03440695	30.13551725	-1.07162325	29.66106691	5.96960639	1.05252925
9.07683494	29.07276154	0.03439646	30.15604942	-1.08328742	29.66461117	5.97204668	1.05209916
9.08055168	29.10415459	0.03435936	30.17894641	-1.07479141	29.66824953	5.97448697	1.05166943
9.08426842	29.11978149	0.03434092	30.20324895	-1.08346795	29.67179051	5.97692725	1.05124005
9.08798516	29.12186623	0.03433846	30.22980635	-1.10794035	29.67532985	5.97936752	1.05081102
9.09170190	29.13402367	0.03432413	30.25893726	-1.12491326	29.67886754	5.98180779	1.05038235
9.09541864	29.14988136	0.03430546	30.29104319	-1.14116219	29.68240355	5.98424805	1.04995402
9.09913538	29.17220306	0.03427921	30.32658361	-1.15438061	29.68593788	5.98668831	1.04952605
9.10285213	29.22215080	0.03422062	30.36724207	-1.14509107	29.68956597	5.98912856	1.04909842
9.10656887	29.27065468	0.03416391	30.41159544	-1.14094044	29.69309683	5.99156880	1.04867114
9.11028561	29.33613586	0.03408765	30.46149186	-1.12535586	29.69662597	5.99400904	1.04824422
9.11400235	29.37772560	0.03403939	30.51797832	-1.14025232	29.70015335	5.99644927	1.04781764
9.11771909	29.44633675	0.03396008	30.58236568	-1.13602868	29.70367897	5.99888949	1.04739141
9.12143583	29.49507332	0.03390397	30.65644107	-1.16136807	29.70720281	6.00132971	1.04696552
9.12515257	29.56729126	0.03382116	30.74523781	-1.17794681	29.71082003	6.00376992	1.04653999
9.12886931	29.67786026	0.03369515	30.84822158	-1.17036158	29.71434021	6.00621012	1.04611480
9.13258606	29.85262680	0.03349789	30.97516820	-1.12254120	29.71785857	6.00865032	1.04568996
9.13630280	30.08100510	0.03324357	31.14128579	-1.06028079	29.72137509	6.01109052	1.04526546
9.14001954	30.40406036	0.03289034	31.37797818	-0.97391818	29.72488975	6.01353070	1.04484131
9.14373628	30.94550514	0.03231487	31.74792151	-0.80241651	29.72840254	6.01597088	1.04441751
9.14745302	31.78315926	0.03146320	32.39072658	-0.60756758	29.73200830	6.01841105	1.04399405
9.15116976	33.11006546	0.03020230	33.47926913	-0.36920413	29.73551725	6.02085122	1.04357093
9.15488650	35.19861984	0.02841020	35.33594414	-0.13732414	29.73902427	6.02329138	1.04314816
9.15860325	38.46817780	0.02599551	38.37332067	0.09485733	29.74252936	6.02573154	1.04272573
9.16231999	43.40098953	0.02304095	43.04414278	0.35684722	29.74603250	6.02817169	1.04230364
9.16603673	50.44151306	0.01982494	49.71033342	0.73117958	29.74953367	6.03061183	1.04188190
9.16975347	59.89277649	0.01669650	58.71088165	1.18189435	29.75312741	6.03305196	1.04146050
9.17347021	71.63851166	0.01395897	69.15664857	2.48186343	29.75662455	6.03549209	1.04103944
9.17718695	84.05141449	0.01189748	80.23090842	3.82050558	29.76011968	6.03793221	1.04061872
9.18090369	95.41179657	0.01048088	90.31460821	5.09718879	29.76361279	6.04037233	1.04019835
9.18462043	103.75814819	0.00963780	97.42007683	6.33807117	29.76710384	6.04281244	1.03977831
9.18833718	106.71353149	0.00937088	99.75039365	6.96313735	29.77059285	6.04525254	1.03935861
9.19205392	103.98152161	0.00961709	96.47558030	7.50594170	29.77417399	6.04769264	1.03893926
9.19577066	96.20497894	0.01039447	88.70475750	7.50022150	29.77765877	6.05013273	1.03852024
9.19948740	85.47077179	0.01169991	78.31761811	7.15315389	29.78114145	6.05257282	1.03810156
9.20320414	73.45314026	0.01361412	67.26935845	6.18378155	29.78462201	6.05501290	1.03768322
9.20692088	62.00308609	0.01612823	57.08182264	4.92126336	29.78810043	6.05745297	1.03726522
9.21063762	52.67593002	0.01898400	48.66193597	4.01399403	29.79157671	6.05989303	1.03684756
9.21435437	45.57542419	0.02194165	42.18798772	3.38743628	29.79514468	6.06233309	1.03643023
9.21807111	40.26872635	0.02483317	37.85950403	2.40922197	29.79861655	6.06477315	1.03601325
9.22178785	36.55724335	0.02735436	35.08414136	1.47310164	29.80208623	6.06721319	1.03559659
9.22550459	34.09657288	0.02932846	33.40998909	0.68658391	29.80555369	6.06965323	1.03518028
9.22922133	32.55067062	0.03072133	32.43073946	0.11993154	29.80901893	6.07209327	1.03476430
9.23293807	31.56980324	0.03167584	31.87692004	-0.30711704	29.81248193	6.07453329	1.03434865
9.23665481	30.97697258	0.03228204	31.54477445	-0.56780145	29.81603618	6.07697331	1.03393334
9.24037155	30.58831215	0.03269223	31.34299345	-0.75468145	29.81949459	6.07941333	1.03351836
9.24408830	30.32625198	0.03297473	31.20476683	-0.87851483	29.82295071	6.08185334	1.03310372
9.24780504	30.15579987	0.03316112	31.10244681	-0.94664681	29.82640453	6.08429334	1.03268941
9.25152178	30.05032158	0.03327751	31.02272075	-0.97239875	29.82985604	6.08673333	1.03227544
9.25523852	29.95959473	0.03337829	30.95890121	-0.99930621	29.83330521	6.08917332	1.03186179
9.25895526	29.88959503	0.03345646	30.90606041	-1.01646541	29.83684517	6.09161330	1.03144848
9.26267200	29.85704613	0.03349293	30.86459657	-1.00755057	29.84028957	6.09405328	1.03103551
9.26638874	29.85774994	0.03349214	30.83136487	-0.97361487	29.84373160	6.09649325	1.03062286
9.27010549	29.86019707	0.03348940	30.80515419	-0.94495719	29.84717124	6.09893321	1.03021054
9.27382223	29.83534241	0.03351730	30.78499946	-0.94965746	29.85060847	6.10137317	1.02979856
9.27753897	29.81558609	0.03353951	30.77015777	-0.95457177	29.85404328	6.10381312	1.02938691
9.28125571	29.81177521	0.03354379	30.75982198	-0.94804698	29.85756838	6.10625306	1.02897558
9.28497245	29.84200859	0.03350981	30.75404718	-0.91203818	29.86099824	6.10869300	1.02856459
9.28868919	29.87232208	0.03347580	30.75213243	-0.87981043	29.86442563	6.11113293	1.02815392
9.29240593	29.87941742	0.03346785	30.75378881	-0.87437181	29.86785054	6.11357286	1.02774359
9.29612267	29.88376045	0.03346299	30.75879580	-0.87503580	29.87127296	6.11601278	1.02733358
9.29983942	29.90584755	0.03343828	30.77418606	-0.86833806	29.87469286	6.11845269	1.02692390
9.30355616	29.94163704	0.03339831	30.78586784	-0.84423084	29.87820257	6.12089259	1.02651455
9.30727290	29.97940445	0.03335623	30.80029771	-0.82089371	29.88161734	6.12333249	1.02610553
9.31098964	29.96562004	0.03337158	30.81772757	-0.85210757	29.88502956	6.12577238	1.02569683
9.31470638	29.96569061	0.03337150	30.83817459	-0.87248359	29.88843921	6.12821227	1.02528846
9.31842312	29.99077225	0.03334359	30.86169696	-0.87092496	29.89184627	6.13065215	1.02488041
9.32213986	30.05733109	0.03326975	30.88838455	-0.83105355	29.89525074	6.13309202	1.02447269
9.32585661	30.08119774	0.03324336	30.91924324	-0.83804524	29.89874450	6.13553189	1.02406530
9.32957335	30.07906342	0.03324572	30.95282238	-0.87375938	29.90214365	6.13797175	1.02365823
9.33329009	30.06365013	0.03326276	30.99010107	-0.92645107	29.90554016	6.14041160	1.02325149
9.33700683	30.09963036	0.03322300	31.03136523	-0.93173523	29.90893402	6.14285145	1.02284507
9.34072357	30.18347931	0.03313071	31.07692879	-0.89344979	29.91232520	6.14529129	1.02243897
9.34444031	30.25446892	0.03305297	31.12717399	-0.87270499	29.91571370	6.14773113	1.02203320
9.34815705	30.30783463	0.03299477	31.18411217	-0.87627717	29.91919096	6.15017095	1.02162775
9.35187380	30.33984756	0.03295995	31.24531304	-0.90546504	29.92257397	6.15261078	1.02122262
9.35559054	30.39281082	0.03290252	31.31281858	-0.92000758	29.92595425	6.15505059	1.02081782
9.35930728	30.44503021	0.03284608	31.38734500	-0.94231500	29.92933178	6.15749040	1.02041333
9.36302402	30.52018929	0.03276520	31.46979511	-0.94960611	29.93270655	6.15993020	1.02000917
9.36674076	30.59182549	0.03268847	31.56117477	-0.96934977	29.93607856	6.16237000	1.01960533
9.37045750	30.66159248	0.03261409	31.66556822	-1.00397622	29.93953879	6.16480979	1.01920181
9.37417424	30.73410797	0.03253714	31.77899843	-1.04489043	29.94290513	6.16724957	1.01879861
9.37789098	30.85283661	0.03241193	31.90577757	-1.05294057	29.94626864	6.16968934	1.01839573
9.38160773	30.98338318	0.03227536	32.04797855	-1.06459555	29.94962933	6.17212911	1.01799317
9.38532447	31.06580353	0.03218974	32.20806201	-1.14225801	29.95298718	6.17456888	1.01759093
9.38904121	31.17313194	0.03207891	32.38915288	-1.21602088	29.95634216	6.17700863	1.01718901
9.39275795	31.34370041	0.03190434	32.60089487	-1.25719487	29.95978483	6.17944838	1.01678741
9.39647469	31.57258987	0.03167304	32.83680452	-1.26421452	29.96313397	6.18188813	1.01638612
9.40019143	31.80203629	0.03144453	33.10808973	-1.30605373	29.96648021	6.18432786	1.01598516
9.40390817	32.06095505	0.03119059	33.42236584	-1.36141084	29.96982354	6.18676759	1.01558451
9.40762492	32.41920090	0.03084592	33.79037461	-1.37117361	29.97316393	6.18920732	1.01518417
9.41134166	32.89849854	0.03039652	34.22878864	-1.33028964	29.97650138	6.19164704	1.01478416
9.41505840	33.57824326	0.02978119	34.78416793	-1.20592493	29.97992595	6.19408675	1.01438445
9.41877514	34.54048920	0.02895153	35.48807889	-0.94758989	29.98325739	6.19652645	1.01398507
9.42249188	35.94382095	0.02782119	36.47640842	-0.53258742	29.98658583	6.19896615	1.01358600
9.42620862	38.06315994	0.02627212	37.99690791	0.06625209	29.98991128	6.20140584	1.01318725
9.42992536	41.44985580	0.02412554	40.51764457	0.93221143	29.99323371	6.20384553	1.01278881
9.43364210	46.86662674	0.02133714	44.85322245	2.01340455	29.99655311	6.20628520	1.01239068
9.43735885	55.50145721	0.01801754	52.53549196	2.96596504	29.99995906	6.20872488	1.01199287
9.44107559	69.09000397	0.01447387	64.96048723	4.12951677	30.00327228	6.21116454	1.01159537
9.44479233	89.62156677	0.01115803	84.31406506	5.30750194	30.00658242	6.21360420	1.01119819
9.44850907	119.40182495	0.00837508	112.37352385	7.02830115	30.00988948	6.21604385	1.01080132
9.45222581	160.50564575	0.00623031	149.88003355	10.62561245	30.01319344	6.21848350	1.01040476
9.45594255	211.45278931	0.00472919	195.59189325	15.86089575	30.01649429	6.22092314	1.01000851
9.45965929	268.79510498	0.00372031	246.99229697	21.80280803	30.01988109	6.22336277	1.00961257
9.46337604	324.65652466	0.00308018	294.60032998	30.05619502	30.02317558	6.22580240	1.00921695
9.46709278	366.59973145	0.00272777	330.97746572	35.62226528	30.02646692	6.22824202	1.00882164
9.47080952	387.06668091	0.00258353	347.42082575	39.64585525	30.02975508	6.23068163	1.00842663
9.47452626	382.53289795	0.00261415	339.25082796	43.28207004	30.03304007	6.23312124	1.00803194
9.47824300	354.92315674	0.00281751	308.86005518	46.06310182	30.03632185	6.23556084	1.00763756
9.48195974	309.05395508	0.00323568	262.75003593	46.30391907	30.03968899	6.23800043	1.00724349
9.48567648	253.54957581	0.00394400	212.62599181	40.92358419	30.04296426	6.24044002	1.00684972
9.48939322	200.14476013	0.00499638	164.85689320	35.28786680	30.04623628	6.24287960	1.00645627
9.49310997	154.06684875	0.00649069	124.28274332	29.78410568	30.04950506	6.24531917	1.00606312
9.49682671	117.09932709	0.00853976	92.98881268	24.11051432	30.05277056	6.24775874	1.00567028
9.50054345	89.50590515	0.01117245	70.82956421	18.67634079	30.05603279	6.25019830	1.00527775
9.50426019	69.88327026	0.01430958	55.96244567	13.92082433	30.05937976	6.25263785	1.00488553
9.50797693	56.48881912	0.01770262	47.10787769	9.38094131	30.06263530	6.25507740	1.00449361
9.51169367	47.62237167	0.02099853	41.89628000	5.72609200	30.06588752	6.25751694	1.00410201
9.51541041	41.99914169	0.02381001	38.88004266	3.11909934	30.06913640	6.25995647	1.00371070
9.51912716	38.56149292	0.02593261	37.09839509	1.46309791	30.07238194	6.26239600	1.00331970
9.52284390	36.37866974	0.02748864	35.97892511	0.39974489	30.07562412	6.26483552	1.00292901
9.52656064	34.98157120	0.02858648	35.19377769	-0.21220669	30.07895041	6.26727504	1.00253863
9.53027738	34.05538177	0.02936393	34.62461393	-0.56923193	30.08218573	6.26971455	1.00214854
9.53399412	33.40375519	0.02993675	34.17194126	-0.76818626	30.08541765	6.27215405	1.00175877
9.53771086	32.90661240	0.03038903	33.79844276	-0.89183076	30.08864616	6.27459354	1.00136929
9.54142760	32.50883865	0.03076087	33.48377426	-0.97493526	30.09187124	6.27703303	1.00098013
9.54514434	32.22485352	0.03103195	33.19452818	-0.96967418	30.09509287	6.27947251	1.00059126
9.54886109	32.02584839	0.03122478	32.95908116	-0.93323316	30.09839798	6.28191199	1.00020270
9.55257783	31.88082886	0.03136681	32.77574549	-0.89491649	30.10161260	6.28435145	0.99981444
9.55629457	31.72968102	0.03151623	32.60532678	-0.87564578	30.10482374	6.28679092	0.99942648
9.56001131	31.59181786	0.03165377	32.45762518	-0.86580718	30.10803138	6.28923037	0.99903882
9.56372805	31.49328804	0.03175280	32.32946366	-0.83617566	30.11123551	6.29166982	0.99865147
9.56744479	31.43026924	0.03181646	32.21815595	-0.78788695	30.11443613	6.29410926	0.99826442
9.57116153	31.36577988	0.03188188	32.11916330	-0.75338330	30.11771956	6.29654870	0.99787766
9.57487828	31.28912735	0.03195998	32.03591803	-0.74679103	30.12091300	6.29898812	0.99749121
9.57859502	31.22324181	0.03202742	31.96412484	-0.74088284	30.12410287	6.30142755	0.99710506
9.58231176	31.17844582	0.03207344	31.90260737	-0.72416137	30.12728917	6.30386696	0.99671921
9.58602850	31.14813995	0.03210465	31.85037637	-0.70223637	30.13047188	6.30630637	0.99633366
9.58974524	31.10642052	0.03214770	31.80663036	-0.70020936	30.13365098	6.30874577	0.99594841
9.59346198	31.08904266	0.03216567	31.76981401	-0.68077101	30.13691225	6.31118517	0.99556345
9.59717872	31.07475662	0.03218046	31.74133940	-0.66658240	30.14008403	6.31362456	0.99517880
9.60089547	31.03644943	0.03222018	31.71972743	-0.68327843	30.14325216	6.31606394	0.99479444
9.60461221	30.98760796	0.03227096	31.70465345	-0.71704545	30.14641663	6.31850331	0.99441038
9.60832895	30.95900154	0.03230078	31.69590929	-0.73690729	30.14957745	6.32094268	0.99402662
9.61204569	30.94888115	0.03231135	31.69336764	-0.74448664	30.15273458	6.32338205	0.99364316
9.61576243	30.92733002	0.03233386	31.69716899	-0.76983899	30.15597320	6.32582140	0.99325999
9.61947917	30.90086365	0.03236156	31.70715838	-0.80629438	30.15912284	6.32826075	0.99287712
9.62319591	30.89033127	0.03237259	31.72348436	-0.83315336	30.16226876	6.33070009	0.99249454
9.62691265	30.91791153	0.03234371	31.74636387	-0.82845187	30.16541095	6.33313943	0.99211227
9.63062940	30.95232010	0.03230776	31.77612724	-0.82380724	30.16854939	6.33557876	0.99173028
9.63434614	30.93143082	0.03232957	31.81319857	-0.88176757	30.17168408	6.33801808	0.99134859
9.63806288	30.92542648	0.03233585	31.85944770	-0.93402170	30.17489957	6.34045739	0.99096720
9.64177962	30.95483398	0.03230513	31.91316793	-0.95833393	30.17802661	6.34289670	0.99058610
9.64549636	31.01085281	0.03224678	31.97631845	-0.96546545	30.18114985	6.34533601	0.99020529
9.64921310	31.06198120	0.03219370	32.04995457	-0.98797357	30.18426929	6.34777530	0.98982478
9.65292984	31.10992241	0.03214409	32.13534421	-1.02542221	30.18738490	6.35021459	0.98944456
9.65664659	31.14934158	0.03210341	32.23410595	-1.08476395	30.19049669	6.35265387	0.98906464
9.66036333	31.17387581	0.03207814	32.35146764	-1.17759164	30.19368857	6.35509315	0.98868501
9.66408007	31.24607468	0.03200402	32.48363612	-1.23756112	30.19679255	6.35753242	0.98830567
9.66779681	31.37786102	0.03186960	32.63648884	-1.25862784	30.19989265	6.35997168	0.98792662
9.67151355	31.51175117	0.03173419	32.81365070	-1.30189970	30.20298888	6.36241093	0.98754786
9.67523029	31.66850853	0.03157711	33.01974993	-1.35124093	30.20608121	6.36485018	0.98716940
9.67894703	31.89113998	0.03135667	33.26078354	-1.36964354	30.20916963	6.36728942	0.98679122
9.68266377	32.17825699	0.03107689	33.55376069	-1.37550369	30.21233744	6.36972866	0.98641334
9.68638052	32.53477097	0.03073635	33.89678203	-1.36201103	30.21541790	6.37216789	0.98603574
9.69009726	33.02323151	0.03028171	34.32052396	-1.29729196	30.21849442	6.37460711	0.98565844
9.69381400	33.72785187	0.02964909	34.87165296	-1.14380096	30.22156697	6.37704633	0.98528143
9.69753074	34.79678726	0.02873829	35.64471684	-0.84792984	30.22463556	6.37948553	0.98490470
9.70124748	36.42057800	0.02745701	36.82876213	-0.40818413	30.22770017	6.38192474	0.98452827
9.70496422	38.96210480	0.02566596	38.85103504	0.11106996	30.23084345	6.38436393	0.98415212
9.70868096	43.07746887	0.02321399	42.24620342	0.83126558	30.23389994	6.38680312	0.98377626
9.71239771	49.72191620	0.02011186	48.04132543	1.68059057	30.23695242	6.38924230	0.98340069
9.71611445	60.05735779	0.01665075	57.58893545	2.46842255	30.24000087	6.39168148	0.98302541
9.71983119	75.82889557	0.01318758	72.46819173	3.36070427	30.24304527	6.39412064	0.98265042
9.72354793	98.73146057	0.01012848	94.08266632	4.64879468	30.24608562	6.39655981	0.98227571
9.72726467	130.00573730	0.00769197	123.92716027	6.07857673	30.24920390	6.39899896	0.98190129
9.73098141	169.75816345	0.00589073	159.53704111	10.22112189	30.25223599	6.40143811	0.98152715
9.73469815	213.85432434	0.00467608	198.66270551	15.19161849	30.25526399	6.40387725	0.98115330
9.73841489	256.79074097	0.00389422	236.23320097	20.55754003	30.25828788	6.40631638	0.98077974
9.74213164	290.37161255	0.00344386	265.49753774	24.87407526	30.26130766	6.40875551	0.98040646
9.74584838	307.77706909	0.00324910	279.58716301	28.18990599	30.26432331	6.41119463	0.98003347
9.74956512	306.08578491	0.00326706	274.10570466	31.98008034	30.26741615	6.41363375	0.97966076
9.75328186	286.26220703	0.00349330	250.95160889	35.31059811	30.27042339	6.41607285	0.97928834
9.75699860	252.75573730	0.00395639	216.24097939	36.51475761	30.27342647	6.41851196	0.97891620
9.76071534	211.16520691	0.00473563	177.07017553	34.09503147	30.27642537	6.42095105	0.97854434
9.76443208	169.14688110	0.00591202	139.38221738	29.76466362	30.27942009	6.42339014	0.97817277
9.76814883	132.56272888	0.00754360	107.07168595	25.49104305	30.28241060	6.42582922	0.97780148
9.77186557	103.07439423	0.00970173	81.35123752	21.72315648	30.28547756	6.42826829	0.97743047
9.77558231	80.48669434	0.01242441	63.56508923	16.92160477	30.28845953	6.43070736	0.97705975
9.77929905	63.87662506	0.01565518	51.80095605	12.07566895	30.29143726	6.43314642	0.97668931
9.78301579	52.46729660	0.01905949	44.49163503	7.97566197	30.29441074	6.43558547	0.97631915
9.78673253	44.97917175	0.02223251	40.15430541	4.82486659	30.29737996	6.43802452	0.97594927
9.79044927	40.05626297	0.02496489	37.62991843	2.42634457	30.30034492	6.44046356	0.97557967
9.79416601	37.03837585	0.02699902	36.10233981	0.93603619	30.30338555	6.44290259	0.97521035
9.79788276	35.13416290	0.02846233	35.17937939	-0.04521639	30.30634181	6.44534162	0.97484132
9.80159950	33.90090942	0.02949773	34.54204952	-0.64114052	30.30929377	6.44778064	0.97447256
9.80531624	33.09694290	0.03021427	34.06652670	-0.96958370	30.31224141	6.45021965	0.97410408
9.80903298	32.54824829	0.03072362	33.68849896	-1.14025096	30.31518472	6.45265866	0.97373589
9.81274972	32.14899063	0.03110518	33.36849239	-1.21950139	30.31820307	6.45509766	0.97336797
9.81646646	31.84808922	0.03139906	33.10605915	-1.25797015	30.32113757	6.45753665	0.97300033
9.82018320	31.61092377	0.03163463	32.88161955	-1.27069555	30.32406771	6.45997563	0.97263297
9.82389995	31.42197227	0.03182486	32.68823108	-1.26625908	30.32699348	6.46241461	0.97226589
9.82761669	31.28644943	0.03196272	32.52069766	-1.23424866	30.32991486	6.46485359	0.97189909
9.83133343	31.16369438	0.03208862	32.37483714	-1.21114314	30.33283184	6.46729255	0.97153256
9.83505017	31.06258202	0.03219307	32.24419573	-1.18161373	30.33582307	6.46973151	0.97116631
9.83876691	30.98638153	0.03227224	32.13294317	-1.14656117	30.33873111	6.47217046	0.97080034
9.84248365	30.88438988	0.03237882	32.03525965	-1.15086965	30.34163471	6.47460941	0.97043465
9.84620039	30.79766273	0.03247000	31.94930996	-1.15164696	30.34453388	6.47704834	0.97006923
9.84991713	30.72830963	0.03254328	31.87364642	-1.14533642	30.34742859	6.47948728	0.96970409
9.85363388	30.69099808	0.03258284	31.80705947	-1.11606147	30.35031883	6.48192620	0.96933922
9.85735062	30.61877441	0.03265970	31.74701219	-1.12823819	30.35328253	6.48436512	0.96897463
9.86106736	30.54293442	0.03274080	31.69581985	-1.15288585	30.35616369	6.48680403	0.96861032
9.86478410	30.50804138	0.03277824	31.65108909	-1.14304809	30.35904035	6.48924293	0.96824628
9.86850084	30.48360252	0.03280452	31.61224319	-1.12864019	30.36191250	6.49168183	0.96788251
9.87221758	30.44550514	0.03284557	31.57877529	-1.13327029	30.36478014	6.49412072	0.96751902
9.87593432	30.37144852	0.03292566	31.55029952	-1.17885052	30.36764324	6.49655960	0.96715580
9.87965107	30.31255150	0.03298963	31.52592068	-1.21336968	30.37057899	6.49899848	0.96679286
9.88336781	30.31084633	0.03299149	31.50665535	-1.19580935	30.37343287	6.50143735	0.96643019
9.88708455	30.31167412	0.03299059	31.49162197	-1.17994797	30.37628219	6.50387621	0.96606779
9.89080129	30.30228806	0.03300081	31.48069575	-1.17840775	30.37912694	6.50631507	0.96570566
9.89451803	30.28911591	0.03301516	31.47381125	-1.18469525	30.38196709	6.50875392	0.96534381
9.89823477	30.27086830	0.03303506	31.47095375	-1.20008575	30.38480265	6.51119276	0.96498223
9.90195151	30.24915695	0.03305877	31.47226584	-1.22310884	30.38771006	6.51363160	0.96462092
9.90566826	30.23150063	0.03307808	31.47779171	-1.24629071	30.39053627	6.51607042	0.96425988
9.90938500	30.22079849	0.03308979	31.48769160	-1.26689360	30.39335785	6.51850925	0.96389912
9.91310174	30.20275307	0.03310956	31.50222091	-1.29946791	30.39617479	6.52094806	0.96353862
9.91681848	30.17895699	0.03313567	31.52171565	-1.34275865	30.39898708	6.52338687	0.96317840
9.92053522	30.18602943	0.03312791	31.54662651	-1.36059751	30.40179471	6.52582567	0.96281844
9.92425196	30.21179199	0.03309966	31.57843564	-1.36664364	30.40467336	6.52826447	0.96245876
9.92796870	30.22464752	0.03308558	31.61619061	-1.39154261	30.40747151	6.53070325	0.96209934
9.93168544	30.22466850	0.03308556	31.66152186	-1.43685286	30.41026496	6.53314203	0.96174020
9.93540219	30.22039604	0.03309023	31.71556224	-1.49516624	30.41305372	6.53558081	0.96138132
9.93911893	30.24641609	0.03306177	31.77969942	-1.53328342	30.41583776	6.53801957	0.96102271
9.94283567	30.27453232	0.03303106	31.85569582	-1.58116382	30.41861707	6.54045833	0.96066437
9.94655241	30.34558105	0.03295373	31.94860265	-1.60302165	30.42146657	6.54289709	0.96030630
9.95026915	30.44723701	0.03284370	32.05689284	-1.60965584	30.42423628	6.54533583	0.95994850
9.95398589	30.60030556	0.03267941	32.18799882	-1.58769282	30.42700123	6.54777457	0.95959096
9.95770263	30.77268791	0.03249635	32.35104808	-1.57836008	30.42976142	6.55021331	0.95923369
9.96141938	31.04153633	0.03221490	32.56400100	-1.52246500	30.43251682	6.55265203	0.95887669
9.96513612	31.46926308	0.03177704	32.86305653	-1.39379353	30.43526745	6.55509075	0.95851996
9.96885286	32.11073685	0.03114223	33.33593565	-1.22519865	30.43808742	6.55752946	0.95816349
9.97256960	33.09281540	0.03021804	34.09825892	-1.00544392	30.44082831	6.55996817	0.95780729
9.97628634	34.63354111	0.02887374	35.39905609	-0.76551509	30.44356438	6.56240687	0.95745135
9.98000308	37.10132599	0.02695321	37.61106262	-0.50973662	30.44629562	6.56484556	0.95709568
9.98371982	41.00379944	0.02438798	41.24864604	-0.24484704	30.44902203	6.56728424	0.95674027
9.98743656	46.95497131	0.02129700	46.90904860	0.04592240	30.45174359	6.56972292	0.95638513
9.99115331	55.56465149	0.01799705	55.39106174	0.17358926	30.45453365	6.57216159	0.95603025
9.99487005	67.40896606	0.01483482	66.49006574	0.91890026	30.45724535	6.57460025	0.95567564
9.99858679	82.44755554	0.01212892	80.07317176	2.37438424	30.45995217	6.57703891	0.95532129
10.00230353	99.17051697	0.01008364	95.05139808	4.11911892	30.46265411	6.57947756	0.95496721
10.00602027	115.81366730	0.00863456	109.51947621	6.29419079	30.46535115	6.58191620	0.95461339
10.00973701	129.01940918	0.00775077	120.92927478	8.09013422	30.46804328	6.58435484	0.95425983
10.01345375	136.20207214	0.00734203	126.68013660	9.52193540	30.47080306	6.58679347	0.95390653
10.01717050	136.02809143	0.00735142	124.85811439	11.16997661	30.47348521	6.58923209	0.95355350
10.02088724	128.97143555	0.00775365	116.24283807	12.72859793	30.47616243	6.59167070	0.95320073
10.02460398	116.77609253	0.00856340	103.08241641	13.69367659	30.47883470	6.59410931	0.95284822
10.02832072	101.10784149	0.00989043	88.09382977	13.01401123	30.48150202	6.59654791	0.95249597
10.03203746	84.95293427	0.01177122	73.57437225	11.37856175	30.48416437	6.59898651	0.95214398
10.03575420	70.70428467	0.01414341	60.74528169	9.95900331	30.48689349	6.60142509	0.95179226
10.03947094	59.06276703	0.01693114	51.01181581	8.05095119	30.48954574	6.60386367	0.95144080
10.04318768	50.12998581	0.01994814	44.02630597	6.10368003	30.49219300	6.60630225	0.95108959
10.04690443	43.50055695	0.02298821	39.37224995	4.12830705	30.49483526	6.60874081	0.95073865
10.05062117	38.87121201	0.02572598	36.46258441	2.40862759	30.49747250	6.61117937	0.95038796
10.05433791	35.77063370	0.02795589	34.72624562	1.04438838	30.50010471	6.61361793	0.95003754
10.05805465	33.73649216	0.02964149	33.69142598	0.04506602	30.50280283	6.61605647	0.94968738
10.06177139	32.48900604	0.03077964	33.09837270	-0.60936670	30.50542484	6.61849501	0.94933747
10.06548813	31.71725082	0.03152858	32.72683503	-1.00958403	30.50804179	6.62093354	0.94898782
10.06920487	31.19298935	0.03205849	32.47430514	-1.28131614	30.51065368	6.62337207	0.94863843
10.07292162	30.83082581	0.03243507	32.28780467	-1.45697867	30.51326050	6.62581058	0.94828930
10.07663836	30.60009766	0.03267963	32.14123566	-1.54113766	30.51586224	6.62824909	0.94794043
10.08035510	30.45466423	0.03283569	32.01860206	-1.56393806	30.51852900	6.63068760	0.94759182
10.08407184	30.34158516	0.03295807	31.91930840	-1.57772340	30.52112042	6.63312609	0.94724346
10.08778858	30.25319290	0.03305436	31.83561783	-1.58242483	30.52370673	6.63556458	0.94689536
10.09150532	30.18500328	0.03312903	31.76475126	-1.57974826	30.52628792	6.63800307	0.94654751
10.09522206	30.16481972	0.03315120	31.70464689	-1.53982689	30.52886399	6.64044154	0.94619993
10.09893880	30.14144135	0.03317691	31.65366015	-1.51221915	30.53143492	6.64288001	0.94585260
10.10265555	30.12731934	0.03319247	31.60945926	-1.48214026	30.53406998	6.64531847	0.94550552
10.10637229	30.08716583	0.03323676	31.57333346	-1.48616746	30.53663047	6.64775693	0.94515870
10.11008903	30.04979897	0.03327809	31.54317153	-1.49337253	30.53918581	6.65019538	0.94481214
10.11380577	30.02103424	0.03330998	31.51831668	-1.49728268	30.54173597	6.65263382	0.94446583
10.11752251	30.00192451	0.03333120	31.49823029	-1.49630529	30.54428095	6.65507225	0.94411977
10.12123925	30.00866508	0.03332371	31.48248389	-1.47381889	30.54682075	6.65751068	0.94377397
10.12495599	30.00868416	0.03332369	31.47045964	-1.46177564	30.54942377	6.65994910	0.94342843
10.12867274	30.00145340	0.03333172	31.46252421	-1.46107121	30.55195302	6.66238751	0.94308314
10.13238948	30.00537872	0.03332736	31.45811033	-1.45273133	30.55447705	6.66482592	0.94273810
10.13610622	30.01686668	0.03331460	31.45707408	-1.44020708	30.55699586	6.66726432	0.94239331
10.13982296	30.00208473	0.03333102	31.45933036	-1.45724536	30.55950944	6.66970271	0.94204878
10.14353970	29.98275375	0.03335251	31.46484262	-1.48208862	30.56201778	6.67214109	0.94170450
10.14725644	29.98490906	0.03335011	31.47034871	-1.48543971	30.56458844	6.67457947	0.94136048
10.15097318	29.99074364	0.03334362	31.48257532	-1.49183132	30.56708612	6.67701784	0.94101670
10.15468993	29.99229813	0.03334189	31.49824390	-1.50594590	30.56957854	6.67945621	0.94067318
10.15840667	29.98954582	0.03334495	31.51751468	-1.52796868	30.57206568	6.68189456	0.94032991
10.16212341	29.99952698	0.03333386	31.54061920	-1.54109220	30.57454754	6.68433291	0.93998689
10.16584015	30.01341629	0.03331843	31.56784080	-1.55442480	30.57702411	6.68677125	0.93964412
10.16955689	30.05547714	0.03327181	31.60045614	-1.54497914	30.57956209	6.68920959	0.93930161
10.17327363	30.09935188	0.03322331	31.63721947	-1.53786747	30.58202790	6.69164792	0.93895934
10.17699037	30.10251045	0.03321982	31.67947152	-1.57696152	30.58448839	6.69408624	0.93861732
10.18070711	30.09734154	0.03322553	31.72788416	-1.63054216	30.58694356	6.69652455	0.93827556
10.18442386	30.12301254	0.03319721	31.78326330	-1.66025030	30.58939339	6.69896286	0.93793404
10.18814060	30.16337776	0.03315279	31.84663657	-1.68325857	30.59183788	6.70140116	0.93759277
10.19185734	30.23391724	0.03307544	31.92132154	-1.68740454	30.59434287	6.70383946	0.93725176
10.19557408	30.32144356	0.03297996	32.00490751	-1.68346351	30.59677650	6.70627774	0.93691099
10.19929082	30.41358185	0.03288005	32.10115468	-1.68757268	30.59920477	6.70871602	0.93657047
10.20300756	30.48612213	0.03280181	32.21241620	-1.72629420	30.60162766	6.71115429	0.93623020
10.20672430	30.56496239	0.03271720	32.34177357	-1.77681157	30.60404517	6.71359256	0.93589017
10.21044105	30.70400047	0.03256905	32.49343068	-1.78943068	30.60645729	6.71603082	0.93555040
10.21415779	30.90816307	0.03235391	32.67928473	-1.77112173	30.60892898	6.71846907	0.93521087
10.21787453	31.15389633	0.03209871	32.90095640	-1.74706040	30.61133014	6.72090731	0.93487159
10.22159127	31.47691917	0.03176931	33.18441045	-1.70749145	30.61372589	6.72334555	0.93453256
10.22530801	31.97540092	0.03127404	33.57315671	-1.59775571	30.61611622	6.72578378	0.93419377
10.22902475	32.79537964	0.03049210	34.15354328	-1.35816328	30.61850111	6.72822200	0.93385523
10.23274149	34.05553436	0.02936380	35.08928387	-1.03374987	30.62088057	6.73066022	0.93351694
10.23645823	36.02634430	0.02775747	36.72222537	-0.69588137	30.62331866	6.73309843	0.93317889
10.24017498	39.12825012	0.02555698	39.43533125	-0.30708125	30.62568707	6.73553663	0.93284109
10.24389172	43.99092102	0.02273196	43.90573332	0.08518768	30.62805001	6.73797482	0.93250353
10.24760846	51.40637207	0.01945284	50.90310813	0.50326387	30.63040749	6.74041301	0.93216622
10.25132520	62.29919052	0.01605157	61.16117588	1.13801512	30.63275948	6.74285119	0.93182915
10.25504194	77.12800598	0.01296546	75.08341546	2.04459054	30.63510600	6.74528936	0.93149233
10.25875868	96.21774292	0.01039309	92.91083095	3.30691205	30.63751021	6.74772753	0.93115575
10.26247542	118.73303223	0.00842226	112.45790495	6.27512705	30.63984558	6.75016569	0.93081942
10.26619217	141.08355713	0.00708800	131.83908268	9.24447432	30.64217544	6.75260384	0.93048333
10.26990891	159.84086609	0.00625622	147.82314951	12.01771649	30.64449979	6.75504198	0.93014748
10.27362565	171.60627747	0.00582729	156.86448860	14.74178840	30.64681862	6.75748012	0.92981188
10.27734239	174.38890076	0.00573431	156.48317213	17.90572887	30.64913191	6.75991825	0.92947652
10.28105913	167.80818176	0.00595919	146.42299531	21.38518669	30.65150197	6.76235638	0.92914141
10.28477587	152.82962036	0.00654323	129.92458542	22.90503458	30.65380403	6.76479449	0.92880653
10.28849261	132.83380127	0.00752820	110.39748026	22.43632074	30.65610054	6.76723260	0.92847190
10.29220935	111.36891174	0.00897917	90.99695474	20.37195726	30.65839150	6.76967070	0.92813751
10.29592610	91.23264313	0.01096099	73.92069528	17.31194772	30.66067688	6.77210880	0.92780336
10.29964284	74.51142883	0.01342076	60.30270345	14.20872555	30.66295670	6.77454689	0.92746945
10.30335958	61.37425232	0.01629348	50.11081316	11.26343884	30.66529232	6.77698497	0.92713579
10.30707632	51.50141144	0.01941694	43.42795299	8.07345801	30.66756081	6.77942304	0.92680236
10.31079306	44.43407440	0.02250525	39.19166246	5.24241154	30.66982371	6.78186111	0.92646918
10.31450980	39.53513336	0.02529396	36.63565928	2.89947372	30.67208101	6.78429917	0.92613624
10.31822654	36.35798264	0.02750428	35.13488724	1.22309576	30.67433270	6.78673722	0.92580353
10.32194329	34.35488510	0.02910794	34.24844479	0.10644021	30.67657878	6.78917526	0.92547107
10.32566003	33.08195877	0.03022796	33.68926819	-0.60730919	30.67887971	6.79161330	0.92513885
10.32937677	32.30260468	0.03095726	33.32817476	-1.02556976	30.68111438	6.79405133	0.92480686
10.33309351	31.80309868	0.03144348	33.06652276	-1.26342376	30.68334341	6.79648936	0.92447512
10.33681025	31.48891258	0.03175721	32.86412655	-1.37521355	30.68556681	6.79892737	0.92414361
10.34052699	31.27188301	0.03197761	32.70084276	-1.42895976	30.68778455	6.80136538	0.92381235
10.34424373	31.08487129	0.03216999	32.56619283	-1.48132183	30.68999664	6.80380338	0.92348132
10.34796047	30.95688248	0.03230299	32.45127162	-1.49438962	30.69226262	6.80624138	0.92315053
10.35167722	30.85614014	0.03240846	32.35792959	-1.50178959	30.69446322	6.80867937	0.92281997
10.35539396	30.79460144	0.03247322	32.27995495	-1.48535395	30.69665815	6.81111735	0.92248966
10.35911070	30.71266747	0.03255986	32.21509936	-1.50243236	30.69884739	6.81355532	0.92215958
10.36282744	30.67595291	0.03259882	32.16160714	-1.48565414	30.70103094	6.81599329	0.92182974
10.36654418	30.66862869	0.03260661	32.11804497	-1.44941597	30.70320880	6.81843125	0.92150013
10.37026092	30.64450645	0.03263228	32.08248373	-1.43797773	30.70543959	6.82086920	0.92117077
10.37397766	30.61547852	0.03266322	32.05589866	-1.44041966	30.70760589	6.82330714	0.92084164
10.37769441	30.59978676	0.03267997	32.03652912	-1.43674212	30.70976647	6.82574508	0.92051274
10.38141115	30.59548569	0.03268456	32.02384790	-1.42836190	30.71192133	6.82818301	0.92018408
10.38512789	30.59460258	0.03268550	32.01745338	-1.42285038	30.71407046	6.83062093	0.91985566
10.38884463	30.57559967	0.03270582	32.01706198	-1.44146198	30.71621386	6.83305885	0.91952747
10.39256137	30.59550095	0.03268454	32.02272114	-1.42722014	30.71840922	6.83549676	0.91919952
10.39627811	30.61805725	0.03266047	32.03405243	-1.41599543	30.72054098	6.83793466	0.91887180
10.39999485	30.64837265	0.03262816	32.05113609	-1.40276309	30.72266698	6.84037256	0.91854431
10.40371160	30.67122459	0.03260385	32.07408450	-1.40285950	30.72478724	6.84281044	0.91821706
10.40742834	30.68201447	0.03259238	32.10309135	-1.42107735	30.72690172	6.84524832	0.91789005
10.41114508	30.70389938	0.03256915	32.13845127	-1.43455227	30.72901044	6.84768620	0.91756327
10.41486182	30.72978592	0.03254172	32.18178897	-1.45200297	30.73117014	6.85012406	0.91723672
10.41857856	30.77849388	0.03249022	32.23136903	-1.45287503	30.73326714	6.85256192	0.91691040
10.42229530	30.81899452	0.03244752	32.28888031	-1.46988531	30.73535836	6.85499977	0.91658432
10.42601204	30.84289169	0.03242238	32.35510715	-1.51221515	30.73744378	6.85743762	0.91625847
10.42972878	30.87622261	0.03238738	32.43106413	-1.55484113	30.73952341	6.85987545	0.91593285
10.43344553	30.94438744	0.03231604	32.51793067	-1.57354367	30.74159723	6.86231328	0.91560747
10.43716227	31.04203606	0.03221438	32.60346830	-1.56143230	30.74372105	6.86475110	0.91528232
10.44087901	31.14769745	0.03210510	32.71736229	-1.56966529	30.74578308	6.86718892	0.91495740
10.44459575	31.24422455	0.03200592	32.84760865	-1.60338365	30.74783930	6.86962673	0.91463271
10.44831249	31.32433891	0.03192406	32.99686775	-1.67252875	30.74988969	6.87206453	0.91430825
10.45202923	31.41794968	0.03182894	33.16837659	-1.75042659	30.75193424	6.87450232	0.91398403
10.45574597	31.52885246	0.03171698	33.36632450	-1.83747250	30.75397296	6.87694011	0.91366003
10.45946272	31.70364952	0.03154211	33.60262453	-1.89897453	30.75606069	6.87937789	0.91333627
10.46317946	31.94601059	0.03130281	33.87194197	-1.92593097	30.75808756	6.88181566	0.91301273
10.46689620	32.25836563	0.03099971	34.19041642	-1.93205042	30.76010857	6.88425342	0.91268943
10.47061294	32.67007828	0.03060905	34.57463792	-1.90455992	30.76212372	6.88669118	0.91236635
10.47432968	33.24946976	0.03007567	35.05507827	-1.80560827	30.76413301	6.88912893	0.91204351
10.47804642	34.09284592	0.02933167	35.69163392	-1.59878792	30.76613643	6.89156667	0.91172089
10.48176316	35.33266449	0.02830242	36.63530222	-1.30263822	30.76818787	6.89400441	0.91139850
10.48547990	37.23162842	0.02685888	38.07671805	-0.84509005	30.77017938	6.89644214	0.91107635
10.48919665	40.25839996	0.02483954	40.46402219	-0.20562219	30.77216499	6.89887986	0.91075442
10.49291339	45.11016464	0.02216795	44.50691951	0.60324549	30.77414472	6.90131757	0.91043272
10.49663013	52.83449173	0.01892703	51.25402028	1.58047172	30.77611855	6.90375528	0.91011124
10.50034687	64.70910645	0.01545378	62.05847031	2.65063569	30.77808648	6.90619298	0.90979000
10.50406361	82.17613983	0.01216898	78.89241541	3.28372459	30.78010145	6.90863067	0.90946898
10.50778035	107.22720337	0.00932599	101.98653166	5.24067134	30.78205740	6.91106836	0.90914819
10.51149709	140.29383850	0.00712790	131.82752839	8.46631061	30.78400744	6.91350603	0.90882763
10.51521384	180.78150940	0.00553154	166.97037251	13.81113649	30.78595155	6.91594370	0.90850730
10.51893058	224.77082825	0.00444898	204.06530685	20.70552115	30.78788974	6.91838137	0.90818719
10.52264732	264.59530640	0.00377936	237.81880192	26.77650408	30.78982201	6.92081902	0.90786730
10.52636406	294.34027100	0.00339743	262.10269911	32.23757189	30.79180031	6.92325667	0.90754765
10.53008080	308.32675171	0.00324331	269.56272750	38.76402450	30.79372054	6.92569431	0.90722822
10.53379754	304.06805420	0.00328874	258.82121160	45.24684240	30.79563483	6.92813194	0.90690901
10.53751428	282.96218872	0.00353404	232.96392254	49.99826646	30.79754316	6.93056957	0.90659003
10.54123102	248.74269104	0.00402022	198.27402482	50.46866618	30.79944554	6.93300719	0.90627128
10.54494777	208.91165161	0.00478671	161.18236858	47.72928342	30.80134197	6.93544480	0.90595275
10.54866451	168.80369568	0.00592404	125.83705463	42.96664137	30.80328344	6.93788241	0.90563445
10.55238125	133.19049072	0.00750804	97.20123199	35.98925901	30.80516778	6.94032000	0.90531637
10.55609799	104.39984131	0.00957856	75.38294667	29.01689433	30.80704615	6.94275759	0.90499851
10.55981473	82.10414886	0.01217965	60.03993495	22.06421405	30.80891854	6.94519518	0.90468088
10.56353147	65.63358307	0.01523610	49.97884332	15.65473968	30.81078495	6.94763275	0.90436348
10.56724821	53.86428452	0.01856518	43.74795947	10.11632553	30.81264538	6.95007032	0.90404629
10.57096496	45.93239594	0.02177113	39.95470743	5.97768857	30.81454985	6.95250788	0.90372933
10.57468170	40.87460327	0.02446507	37.78910459	3.08549841	30.81639814	6.95494544	0.90341260
10.57839844	37.66809082	0.02654767	36.47239635	1.19569465	30.81824043	6.95738298	0.90309608
10.58211518	35.59897232	0.02809070	35.61758651	-0.01861451	30.82007672	6.95982052	0.90277979
10.58583192	34.30969620	0.02914628	35.01447613	-0.70478013	30.82190701	6.96225805	0.90246372
10.58954866	33.44706345	0.02989799	34.55515135	-1.10808835	30.82373129	6.96469558	0.90214787
10.59326540	32.88035965	0.03041329	34.17683153	-1.29647153	30.82559862	6.96713309	0.90183225
10.59698214	32.44366455	0.03082266	33.87133966	-1.42767466	30.82741071	6.96957060	0.90151685
10.60069889	32.13410950	0.03111958	33.61269277	-1.47858377	30.82921678	6.97200810	0.90120166
10.60441563	31.91375542	0.03133445	33.39146675	-1.47771175	30.83101682	6.97444560	0.90088670
10.60813237	31.75178146	0.03149430	33.20089254	-1.44911154	30.83281084	6.97688309	0.90057196
10.61184911	31.61446762	0.03163109	33.03600437	-1.42153637	30.83459883	6.97932057	0.90025745
10.61556585	31.49678421	0.03174927	32.88927900	-1.39249500	30.83642887	6.98175804	0.89994315
10.61928259	31.38463783	0.03186272	32.76514293	-1.38050493	30.83820462	6.98419551	0.89962907
10.62299933	31.29560661	0.03195337	32.65693420	-1.36132720	30.83997433	6.98663296	0.89931521
10.62671608	31.22525597	0.03202536	32.56256720	-1.33731120	30.84173800	6.98907042	0.89900157
10.63043282	31.16731262	0.03208490	32.48035255	-1.31303955	30.84349562	6.99150786	0.89868816
10.63414956	31.10248184	0.03215178	32.40704821	-1.30456621	30.84529444	6.99394529	0.89837496
10.63786630	31.02767372	0.03222929	32.34536576	-1.31769176	30.84703979	6.99638272	0.89806198
10.64158304	30.96647453	0.03229299	32.29231130	-1.32583630	30.84877908	6.99882015	0.89774922
10.64529978	30.92737579	0.03233381	32.24709598	-1.31971998	30.85051231	7.00125756	0.89743668
10.64901652	30.89590645	0.03236675	32.20912430	-1.31321830	30.85223947	7.00369497	0.89712435
10.65273327	30.87239265	0.03239140	32.17791755	-1.30552455	30.85396056	7.00613237	0.89681225
10.65645001	30.85779190	0.03240673	32.15312067	-1.29532867	30.85567559	7.00856976	0.89650036
10.66016675	30.83034515	0.03243558	32.13404482	-1.30369982	30.85743064	7.01100714	0.89618869
10.66388349	30.77390099	0.03249507	32.12154857	-1.34764757	30.85913334	7.01344452	0.89587724
10.66760023	30.72904015	0.03254251	32.11499753	-1.38595753	30.86082997	7.01588189	0.89556600
10.67131697	30.70531654	0.03256765	32.11443540	-1.40911840	30.86252051	7.01831925	0.89525499
10.67503371	30.68822670	0.03258579	32.12001815	-1.43179115	30.86420496	7.02075661	0.89494419
10.67875045	30.67556190	0.03259924	32.13242261	-1.45686061	30.86592860	7.02319395	0.89463360
10.68246720	30.66362953	0.03261193	32.15140019	-1.48777019	30.86760071	7.02563129	0.89432324
10.68618394	30.64162827	0.03263534	32.17772268	-1.53609468	30.86926672	7.02806863	0.89401308
10.68990068	30.60662460	0.03267267	32.21209345	-1.60546845	30.87092663	7.03050595	0.89370315
10.69361742	30.61954498	0.03265888	32.25540475	-1.63585975	30.87258044	7.03294327	0.89339343
10.69733416	30.65398598	0.03262218	32.30882849	-1.65484249	30.87422815	7.03538058	0.89308393
10.70105090	30.71690178	0.03255537	32.37575052	-1.65884852	30.87591404	7.03781788	0.89277464
10.70476764	30.77286339	0.03249616	32.45453528	-1.68167228	30.87754937	7.04025518	0.89246556
10.70848439	30.83833694	0.03242717	32.54926648	-1.71092948	30.87917858	7.04269247	0.89215670
10.71220113	30.92486954	0.03233643	32.66326216	-1.73839216	30.88080169	7.04512975	0.89184806
10.71591787	31.03895187	0.03221758	32.78814492	-1.74919292	30.88241867	7.04756702	0.89153963
10.71963461	31.19607925	0.03205531	32.95887660	-1.76279760	30.88402954	7.05000429	0.89123142
10.72335135	31.43889618	0.03180773	33.18422830	-1.74533230	30.88567758	7.05244155	0.89092341
10.72706809	31.82954788	0.03141735	33.49686177	-1.66731377	30.88727604	7.05487880	0.89061563
10.73078483	32.41397095	0.03085089	33.93674227	-1.52277127	30.88886837	7.05731604	0.89030805
10.73450157	33.36141968	0.02997474	34.63440189	-1.27298189	30.89045458	7.05975328	0.89000069
10.73821832	34.87856293	0.02867091	35.79825346	-0.91969046	30.89203465	7.06219051	0.88969354
10.74193506	37.27145386	0.02683018	37.76669063	-0.49523663	30.89360860	7.06462773	0.88938661
10.74565180	41.00976944	0.02438443	41.14094155	-0.13117255	30.89521869	7.06706495	0.88907989
10.74936854	46.69654465	0.02141486	46.37575165	0.32079335	30.89678020	7.06950215	0.88877338
10.75308528	55.16012955	0.01812904	54.17063157	0.98949843	30.89833557	7.07193935	0.88846708
10.75680202	67.03713989	0.01491710	64.95936876	2.07777124	30.89988480	7.07437654	0.88816099
10.76051876	82.71333313	0.01208995	78.71816360	3.99516940	30.90142789	7.07681373	0.88785512
10.76423551	101.31275177	0.00987043	94.69297689	6.61977511	30.90296483	7.07925091	0.88754946
10.76795225	120.91876221	0.00827002	111.69481272	9.22394928	30.90453692	7.08168808	0.88724401
10.77166899	138.95069885	0.00719680	126.31456913	12.63612987	30.90606141	7.08412524	0.88693877
10.77538573	151.49919128	0.00660070	136.02857753	15.47061347	30.90757974	7.08656239	0.88663374
10.77910247	156.82290649	0.00637662	138.31782597	18.50508003	30.90909193	7.08899954	0.88632892
10.78281921	154.19612122	0.00648525	132.51025366	21.68586734	30.91059796	7.09143668	0.88602431
10.78653595	144.13339233	0.00693802	120.24624694	23.88714506	30.91209784	7.09387381	0.88571991
10.79025269	128.76623535	0.00776601	103.95824942	24.80798558	30.91363185	7.09631094	0.88541573
10.79396944	110.25204468	0.00907013	87.38855034	22.86349466	30.91511925	7.09874805	0.88511175
10.79768618	92.20721436	0.01084514	72.23752645	19.96968755	30.91660049	7.10118516	0.88480798
10.80140292	76.38623047	0.01309136	59.73716848	16.64906152	30.91807558	7.10362227	0.88450442
10.80511966	63.28078461	0.01580259	50.29281260	12.98797240	30.91954450	7.10605936	0.88420107
10.80883640	53.29059601	0.01876504	43.69381345	9.59678255	30.92100726	7.10849645	0.88389793
10.81255314	45.76164627	0.02185236	39.29163555	6.47001045	30.92250314	7.11093353	0.88359500
10.81626988	40.47312546	0.02470775	36.66047917	3.81264583	30.92395341	7.11337060	0.88329228
10.81998663	36.92118073	0.02708472	35.08839394	1.83278706	30.92539751	7.11580767	0.88298976
10.82370337	34.57726288	0.02892074	34.15200304	0.42525996	30.92683544	7.11824472	0.88268745
10.82742011	33.10329819	0.03020847	33.57519354	-0.47189554	30.92826720	7.12068178	0.88238535
10.83113685	32.19284821	0.03106280	33.19471654	-1.00186854	30.92969280	7.12311882	0.88208346
10.83485359	31.60253906	0.03164303	32.91558430	-1.31304530	30.93115051	7.12555585	0.88178178
10.83857033	31.19041634	0.03206113	32.70627869	-1.51586269	30.93256360	7.12799288	0.88148030
10.84228707	30.88780022	0.03237524	32.53598738	-1.64818738	30.93397051	7.13042990	0.88117903
10.84600381	30.67595100	0.03259883	32.39315965	-1.71720865	30.93537126	7.13286691	0.88087797
10.84972056	30.53681183	0.03274736	32.27115837	-1.73434637	30.93676583	7.13530392	0.88057711
10.85343730	30.42404938	0.03286873	32.16582943	-1.74178043	30.93815423	7.13774092	0.88027646
10.85715404	30.33557129	0.03296460	32.07190040	-1.73632940	30.93957373	7.14017791	0.87997602
10.86087078	30.25161552	0.03305609	31.99195726	-1.74034126	30.94094961	7.14261489	0.87967578
10.86458752	30.17924690	0.03313535	31.92158676	-1.74233976	30.94231932	7.14505186	0.87937575
10.86830426	30.11103821	0.03321041	31.85934327	-1.74830527	30.94368285	7.14748883	0.87907592
10.87202100	30.05533600	0.03327196	31.80405783	-1.74872183	30.94504021	7.14992579	0.87877630
10.87573775	29.99119568	0.03334312	31.75472614	-1.76353014	30.94639139	7.15236274	0.87847688
10.87945449	29.93984413	0.03340031	31.70942408	-1.76958008	30.94777265	7.15479969	0.87817767
10.88317123	29.92766571	0.03341390	31.66985794	-1.74219194	30.94911131	7.15723663	0.87787866
10.88688797	29.90761375	0.03343630	31.63418061	-1.72656661	30.95044379	7.15967356	0.87757986
10.89060471	29.85895729	0.03349079	31.60192428	-1.74296728	30.95177009	7.16211048	0.87728126
10.89432145	29.80090523	0.03355603	31.57268186	-1.77177686	30.95309022	7.16454739	0.87698287
10.89803819	29.76039696	0.03360170	31.54611263	-1.78571563	30.95440416	7.16698430	0.87668468
10.90175493	29.72728157	0.03363913	31.52127909	-1.79399709	30.95574719	7.16942120	0.87638669
10.90547168	29.70106888	0.03366882	31.49923532	-1.79816632	30.95704861	7.17185809	0.87608891
10.90918842	29.69888496	0.03367130	31.47907965	-1.78019465	30.95834385	7.17429498	0.87579133
10.91290516	29.69548607	0.03367515	31.46060882	-1.76512282	30.95963292	7.17673186	0.87549395
10.91662190	29.68005753	0.03369266	31.44366052	-1.76360252	30.96091581	7.17916873	0.87519677
10.92033864	29.66043854	0.03371494	31.42809208	-1.76765308	30.96219252	7.18160559	0.87489980
10.92405538	29.64771461	0.03372941	31.41339447	-1.76567947	30.96349730	7.18404244	0.87460303
10.92777212	29.64533043	0.03373213	31.40023073	-1.75490073	30.96476149	7.18647929	0.87430647
10.93148887	29.61733437	0.03376401	31.38809739	-1.77076339	30.96601950	7.18891613	0.87401010
10.93520561	29.59343338	0.03379128	31.37690928	-1.78347628	30.96727134	7.19135296	0.87371394
10.93892235	29.56100273	0.03382835	31.36658114	-1.80557814	30.96851700	7.19378978	0.87341798
10.94263909	29.54296875	0.03384900	31.35704673	-1.81407773	30.96975648	7.19622660	0.87312221
10.94635583	29.50439644	0.03389325	31.34801742	-1.84362142	30.97102303	7.19866341	0.87282666
10.95007257	29.47612000	0.03392577	31.34570683	-1.86958683	30.97225000	7.20110021	0.87253130
10.95378931	29.45224571	0.03395327	31.33826466	-1.88601866	30.97347079	7.20353701	0.87223614
10.95750606	29.45525360	0.03394980	31.33140321	-1.87614921	30.97468541	7.20597379	0.87194118
10.96122280	29.45363808	0.03395166	31.32508433	-1.87144633	30.97589386	7.20841057	0.87164643
10.96493954	29.43739319	0.03397040	31.31926835	-1.88187535	30.97709614	7.21084734	0.87135187
10.96865628	29.42730713	0.03398204	31.31378670	-1.88647970	30.97832449	7.21328411	0.87105751
10.97237302	29.41933250	0.03399125	31.30890029	-1.88956729	30.97951425	7.21572086	0.87076336
10.97608976	29.42044640	0.03398997	31.30442922	-1.88398322	30.98069785	7.21815761	0.87046940
10.97980650	29.40327644	0.03400982	31.30035176	-1.89707576	30.98187529	7.22059435	0.87017564
10.98352324	29.39614487	0.03401807	31.29135424	-1.89520924	30.98304655	7.22303108	0.86988208
10.98723999	29.39168739	0.03402323	31.28804342	-1.89635642	30.98421165	7.22546781	0.86958872
10.99095673	29.37838364	0.03403863	31.28499304	-1.90660904	30.98540182	7.22790453	0.86929556
10.99467347	29.35038757	0.03407110	31.28234850	-1.93196050	30.98655443	7.23034124	0.86900260
10.99839021	29.32928085	0.03409562	31.28001252	-1.95073152	30.98770087	7.23277794	0.86870983
11.00210695	29.29228020	0.03413869	31.27797134	-1.98569134	30.98884116	7.23521464	0.86841727
11.00582369	29.28166199	0.03415107	31.27621564	-1.99455364	30.98997528	7.23765132	0.86812490
11.00954043	29.28319550	0.03414928	31.27473690	-1.99154190	30.99110324	7.24008801	0.86783273
11.01325718	29.30130768	0.03412817	31.27349691	-1.97218891	30.99225529	7.24252468	0.86754075
11.01697392	29.29006195	0.03414127	31.27255513	-1.98249313	30.99337077	7.24496134	0.86724898
11.02069066	29.28163910	0.03415109	31.27186972	-1.99023072	30.99448011	7.24739800	0.86695740
11.02440740	29.28723907	0.03414456	31.27143694	-1.98419794	30.99558329	7.24983465	0.86666602
11.02812414	29.27684212	0.03415669	31.27125268	-1.99441068	30.99668032	7.25227129	0.86637483
11.03184088	29.28301048	0.03414949	31.27131533	-1.98830533	30.99777120	7.25470793	0.86608384
11.03555762	29.29150391	0.03413959	31.27163569	-1.98013169	30.99888517	7.25714455	0.86579305
11.03927436	29.30888176	0.03411935	31.27219662	-1.96331462	30.99996360	7.25958117	0.86550245
11.04299111	29.29074097	0.03414048	31.27300453	-1.98226353	31.00103588	7.26201778	0.86521205
11.04670785	29.29247284	0.03413846	31.27406156	-1.98158856	31.00210202	7.26445439	0.86492185
11.05042459	29.30194473	0.03412743	31.27537115	-1.97342615	31.00316202	7.26689098	0.86463184
11.05414133	29.30541039	0.03412339	31.27693781	-1.97152781	31.00421589	7.26932757	0.86434202
11.05785807	29.29547501	0.03413496	31.27882050	-1.98334550	31.00529185	7.27176415	0.86405241
11.06157481	29.28564072	0.03414643	31.28092708	-1.99528608	31.00633328	7.27420073	0.86376298
11.06529155	29.28489304	0.03414730	31.28331265	-1.99841965	31.00736858	7.27663729	0.86347375
11.06900830	29.28463173	0.03414760	31.28598698	-2.00135498	31.00839775	7.27907385	0.86318472
11.07272504	29.28454018	0.03414771	31.28896118	-2.00442118	31.00942080	7.28151040	0.86289588
11.07644178	29.28019714	0.03415278	31.29224983	-2.01205283	31.01043772	7.28394694	0.86260723
11.08015852	29.28186226	0.03415083	31.29597051	-2.01410851	31.01147576	7.28638348	0.86231878
11.08387526	29.28794861	0.03414374	31.29994523	-2.01199623	31.01248027	7.28882000	0.86203052
11.08759200	29.29322243	0.03413759	31.30428660	-2.01106460	31.01347868	7.29125652	0.86174246
11.09130874	29.29410172	0.03413656	31.30901911	-2.01491711	31.01447096	7.29369303	0.86145459
11.09502548	29.30923080	0.03411894	31.31416774	-2.00493674	31.01545714	7.29612954	0.86116691
11.09874223	29.30378723	0.03412528	31.31976032	-2.01597332	31.01643720	7.29856604	0.86087942
11.10245897	29.33067513	0.03409400	31.32600347	-1.99532847	31.01743740	7.30100252	0.86059213
11.10617571	29.33472252	0.03408929	31.33260532	-1.99788232	31.01840510	7.30343901	0.86030503
11.10989245	29.33775139	0.03408578	31.33976608	-2.00201508	31.01936669	7.30587548	0.86001812
11.11360919	29.30467606	0.03412425	31.34753187	-2.04285587	31.02032219	7.30831195	0.85973141
11.11732593	29.28465462	0.03414758	31.35596080	-2.07130580	31.02127159	7.31074840	0.85944488
11.12104267	29.28667259	0.03414522	31.36511323	-2.07844023	31.02221490	7.31318485	0.85915855
11.12475942	29.31744766	0.03410938	31.37533840	-2.05789040	31.02317736	7.31562130	0.85887241
11.12847616	29.36425018	0.03405502	31.38618496	-2.02193496	31.02410834	7.31805773	0.85858646
11.13219290	29.39453888	0.03401992	31.39800192	-2.00346292	31.02503322	7.32049416	0.85830071
11.13590964	29.41646385	0.03399457	31.41089324	-1.99442924	31.02595204	7.32293058	0.85801514
11.13962638	29.43506813	0.03397308	31.42498837	-1.98992037	31.02686477	7.32536699	0.85772976
11.14334312	29.46127510	0.03394286	31.44042730	-1.97915230	31.02777143	7.32780339	0.85744458
11.14705986	29.47838402	0.03392316	31.45785765	-1.97947365	31.02869628	7.33023979	0.85715959
11.15077660	29.49850273	0.03390003	31.47655464	-1.97805164	31.02959065	7.33267618	0.85687478
11.15449335	29.50435638	0.03389330	31.49719370	-1.99283770	31.03047895	7.33511256	0.85659017
11.15821009	29.53302002	0.03386040	31.52003925	-1.98701925	31.03136119	7.33754893	0.85630575
11.16192683	29.54993820	0.03384102	31.54540315	-1.99546515	31.03223738	7.33998530	0.85602151
11.16564357	29.55924416	0.03383036	31.57367696	-2.01443296	31.03310752	7.34242166	0.85573747
11.16936031	29.56520081	0.03382355	31.60621619	-2.04101519	31.03399488	7.34485801	0.85545361
11.17307705	29.58909416	0.03379624	31.64186694	-2.05277294	31.03485276	7.34729435	0.85516995
11.17679379	29.61537552	0.03376624	31.68209538	-2.06671938	31.03570460	7.34973069	0.85488647
11.18051054	29.63090134	0.03374855	31.72773914	-2.09683814	31.03655041	7.35216701	0.85460318
11.18422728	29.64405441	0.03373358	31.77980191	-2.13574791	31.03739018	7.35460333	0.85432008
11.18794402	29.66581917	0.03370883	31.83955171	-2.17373271	31.03822392	7.35703964	0.85403717
11.19166076	29.69855309	0.03367167	31.91073649	-2.21218349	31.03907393	7.35947595	0.85375445
11.19537750	29.76871681	0.03359231	31.99206797	-2.22335097	31.03989547	7.36191224	0.85347191
11.19909424	29.88392639	0.03346280	32.08912176	-2.20519576	31.04071099	7.36434853	0.85318956
11.20281098	30.02506828	0.03330550	32.20882782	-2.18375982	31.04152050	7.36678481	0.85290740
11.20652773	30.18831062	0.03312540	32.36444562	-2.17613462	31.04232400	7.36922109	0.85262543
11.21024447	30.45367050	0.03283676	32.58220967	-2.12853867	31.04312150	7.37165735	0.85234365
11.21396121	30.87524796	0.03238840	32.92374269	-2.04849469	31.04393431	7.37409361	0.85206205
11.21767795	31.53716087	0.03170862	33.46547947	-1.92831847	31.04471965	7.37652986	0.85178064
11.22139469	32.55244446	0.03071966	34.36871284	-1.81626884	31.04549900	7.37896610	0.85149941
11.22511143	34.15186691	0.02928098	35.86356687	-1.71169987	31.04627237	7.38140233	0.85121838
11.22882817	36.60179901	0.02732106	38.25342165	-1.65162265	31.04703975	7.38383856	0.85093752
11.23254491	40.31931686	0.02480201	41.87133393	-1.55201693	31.04780116	7.38627478	0.85065686
11.23626166	45.69608307	0.02188371	47.15232140	-1.45623840	31.04857693	7.38871099	0.85037638
11.23997840	52.93044662	0.01889272	53.89814139	-0.96769439	31.04932624	7.39114719	0.85009609
11.24369514	62.05453491	0.01611486	61.97488167	0.07965333	31.05006959	7.39358339	0.84981598
11.24741188	72.38925934	0.01381420	70.69523564	1.69402336	31.05080698	7.39601957	0.84953606
11.25112862	82.35545349	0.01214249	78.91305529	3.44239771	31.05153842	7.39845575	0.84925632
11.25484536	90.37982178	0.01106442	85.15791496	5.22190704	31.05226390	7.40089193	0.84897677
11.25856210	95.16622925	0.01050793	87.94905932	7.21716968	31.05300282	7.40332809	0.84869740
11.26227885	95.85900879	0.01043199	86.34849996	9.51050904	31.05371626	7.40576425	0.84841822
11.26599559	92.46504974	0.01081490	80.95068932	11.51436068	31.05442378	7.40820039	0.84813922
11.26971233	85.55970001	0.01168775	73.12691704	12.43278296	31.05512537	7.41063654	0.84786041
11.27342907	76.62902069	0.01304989	64.41794333	12.21107767	31.05582104	7.41307267	0.84758178
11.27714581	67.03588867	0.01491738	56.07934138	10.95654762	31.05651079	7.41550879	0.84730333
11.28086255	58.05231094	0.01722584	48.74836380	9.30394720	31.05721303	7.41794491	0.84702507
11.28457929	50.53454971	0.01978844	43.18561846	7.34893154	31.05789080	7.42038102	0.84674699
11.28829603	44.53947830	0.02245199	39.17513548	5.36434252	31.05856268	7.42281712	0.84646910
11.29201278	39.95093536	0.02503070	36.47977720	3.47115780	31.05922866	7.42525322	0.84619139
11.29572952	36.55950928	0.02735266	34.77286280	1.78664620	31.05988875	7.42768930	0.84591386
11.29944626	34.20106506	0.02923886	33.73692812	0.46413688	31.06054295	7.43012538	0.84563651
11.30316300	32.66396332	0.03061478	33.10682587	-0.44286287	31.06120872	7.43256145	0.84535935
11.30687974	31.70568275	0.03154009	32.73786199	-1.03217899	31.06185102	7.43499751	0.84508237
11.31059648	31.08642578	0.03216838	32.50244826	-1.41602226	31.06248746	7.43743357	0.84480557
11.31431322	30.65747261	0.03261847	32.34054814	-1.68307514	31.06311803	7.43986962	0.84452895
11.31802997	30.36497498	0.03293268	32.22043462	-1.85545962	31.06374274	7.44230565	0.84425252
11.32174671	30.20408058	0.03310811	32.12609862	-1.92201762	31.06436161	7.44474169	0.84397627
11.32546345	30.11141586	0.03321000	32.04747409	-1.93605809	31.06499113	7.44717771	0.84370020
11.32918019	30.04310036	0.03328551	31.98413118	-1.94103118	31.06559816	7.44961372	0.84342431
11.33289693	29.98762894	0.03334708	31.93113750	-1.94350850	31.06619936	7.45204973	0.84314860
11.33661367	29.92604828	0.03341570	31.88667807	-1.96063007	31.06679474	7.45448573	0.84287307
11.34033041	29.87297821	0.03347507	31.84942337	-1.97644537	31.06738430	7.45692172	0.84259773
11.34404715	29.84892273	0.03350205	31.81832255	-1.96939955	31.06796805	7.45935771	0.84232256
11.34776390	29.86021233	0.03348938	31.79194419	-1.93173219	31.06856154	7.46179369	0.84204758
11.35148064	29.86780930	0.03348086	31.77102549	-1.90321649	31.06913352	7.46422965	0.84177277
11.35519738	29.83667374	0.03351580	31.75428298	-1.91760898	31.06969972	7.46666562	0.84149815
11.35891412	29.82483482	0.03352910	31.74132204	-1.91648704	31.07026013	7.46910157	0.84122371
11.36263086	29.81886864	0.03353581	31.73183201	-1.91296301	31.07081477	7.47153751	0.84094944
11.36634760	29.82157707	0.03353277	31.72558070	-1.90400370	31.07136363	7.47397345	0.84067536
11.37006434	29.82608032	0.03352770	31.72235272	-1.89627272	31.07192133	7.47640938	0.84040145
11.37378109	29.82938576	0.03352399	31.72221202	-1.89282602	31.07245851	7.47884530	0.84012773
11.37749783	29.87070084	0.03347762	31.72498210	-1.85428110	31.07298994	7.48128121	0.83985418
11.38121457	29.91034317	0.03343325	31.74054846	-1.83020546	31.07351562	7.48371712	0.83958081
11.38493131	29.91452408	0.03342858	31.74928156	-1.83475756	31.07403557	7.48615302	0.83930762
11.38864805	29.90115166	0.03344353	31.76110273	-1.85995073	31.07454979	7.48858891	0.83903461
11.39236479	29.88196945	0.03346500	31.77663734	-1.89466834	31.07507195	7.49102479	0.83876178
11.39608153	29.88119125	0.03346587	31.79532186	-1.91413086	31.07557457	7.49346066	0.83848913
11.39979827	29.87183189	0.03347635	31.81783689	-1.94600489	31.07607148	7.49589653	0.83821665
11.40351502	29.88344574	0.03346334	31.84458599	-1.96113999	31.07656270	7.49833239	0.83794436
11.40723176	29.90826988	0.03343557	31.87610270	-1.96783270	31.07704821	7.50076824	0.83767224
11.41094850	29.94638443	0.03339301	31.91303462	-1.96665062	31.07752804	7.50320408	0.83740029
11.41466524	29.96162033	0.03337603	31.95745598	-1.99583598	31.07801493	7.50563992	0.83712853
11.41838198	30.00047112	0.03333281	32.00811780	-2.00764680	31.07848326	7.50807574	0.83685694
11.42209872	30.06660080	0.03325950	32.06745472	-2.00085372	31.07894592	7.51051156	0.83658553
11.42581546	30.14047623	0.03317798	32.13732329	-1.99684729	31.07940292	7.51294737	0.83631430
11.42953221	30.20470047	0.03310743	32.22044857	-2.01574857	31.07985427	7.51538318	0.83604324
11.43324895	30.29452133	0.03300927	32.32142476	-2.02690376	31.08029998	7.51781897	0.83577236
11.43696569	30.44454956	0.03284660	32.45253599	-2.00798599	31.08075188	7.52025476	0.83550166
11.44068243	30.63870811	0.03263845	32.62370111	-1.98499311	31.08118618	7.52269054	0.83523113
11.44439917	30.92572784	0.03233554	32.87063294	-1.94490494	31.08161486	7.52512631	0.83496078
11.44811591	31.41446877	0.03183247	33.25460923	-1.84014023	31.08203793	7.52756207	0.83469060
11.45183265	32.15808868	0.03109638	33.88327901	-1.72519001	31.08245540	7.52999783	0.83442060
11.45554940	33.30394745	0.03002647	34.92887439	-1.62492739	31.08286728	7.53243358	0.83415078
11.45926614	35.12045288	0.02847344	36.69756323	-1.57711023	31.08328447	7.53486932	0.83388113
11.46298288	37.92226028	0.02636974	39.41115970	-1.48889970	31.08368504	7.53730505	0.83361165
11.46669962	42.05285645	0.02377960	43.41744342	-1.36458742	31.08408003	7.53974077	0.83334235
11.47041636	47.88632965	0.02088279	48.93297361	-1.04664361	31.08446946	7.54217649	0.83307323
11.47413310	55.61728287	0.01798002	55.94079066	-0.32350766	31.08485334	7.54461220	0.83280428
11.47784984	64.98967743	0.01538706	64.06919520	0.92048180	31.08523168	7.54704790	0.83253550
11.48156658	75.04477692	0.01332538	72.73730224	2.30747476	31.08561448	7.54948359	0.83226690
11.48528333	84.41014099	0.01184692	80.23735806	4.17278294	31.08598160	7.55191927	0.83199847
11.48900007	91.51151276	0.01092759	85.29960258	6.21191042	31.08634321	7.55435495	0.83173022
11.49271681	95.02832794	0.01052318	86.62620906	8.40211894	31.08669931	7.55679062	0.83146214
11.49643355	94.56305695	0.01057495	83.83078385	10.73227315	31.08704990	7.55922628	0.83119424
11.50015029	90.27857208	0.01107683	77.51005878	12.76851322	31.08740426	7.56166193	0.83092650
11.50386703	83.05717468	0.01203990	69.48334519	13.57382981	31.08774373	7.56409758	0.83065894
11.50758377	74.11333466	0.01349285	61.03171518	13.08161982	31.08807773	7.56653321	0.83039156
11.51130052	64.95442963	0.01539541	53.25986599	11.69456401	31.08840627	7.56896884	0.83012435
11.51501726	56.62299728	0.01766067	46.79321175	9.82978525	31.08872934	7.57140446	0.82985731
11.51873400	49.60958099	0.02015740	41.86157789	7.74800311	31.08904698	7.57384008	0.82959044
11.52245074	43.98111343	0.02273703	38.30139356	5.67971944	31.08936753	7.57627568	0.82932374
11.52616748	39.67977524	0.02520176	36.02947718	3.65029782	31.08967415	7.57871128	0.82905722
11.52988422	36.54168320	0.02736601	34.61276666	1.92891634	31.08997535	7.58114687	0.82879087
11.53360096	34.35750961	0.02910572	33.76113924	0.59637076	31.09027114	7.58358245	0.82852469
11.53731770	32.92546844	0.03037163	33.25526699	-0.32979899	31.09056153	7.58601802	0.82825868
11.54103445	32.03036499	0.03122037	32.94842522	-0.91806022	31.09084653	7.58845358	0.82799285
11.54475119	31.46152878	0.03178485	32.74808244	-1.28655344	31.09113364	7.59088914	0.82772719
11.54846793	31.12028694	0.03213338	32.61513229	-1.49484529	31.09140774	7.59332469	0.82746169
11.55218467	30.90454483	0.03235770	32.51818633	-1.61364133	31.09167648	7.59576023	0.82719637
11.55590141	30.76805687	0.03250124	32.44462026	-1.67656326	31.09193987	7.59819576	0.82693122
11.55961815	30.69576073	0.03257779	32.38787053	-1.69210953	31.09219791	7.60063129	0.82666624
11.56333489	30.66625595	0.03260913	32.34433740	-1.67808140	31.09245063	7.60306681	0.82640143
11.56705164	30.63023758	0.03264748	32.31105393	-1.68081593	31.09270463	7.60550231	0.82613680
11.57076838	30.59177589	0.03268852	32.28822112	-1.69644512	31.09294657	7.60793782	0.82587233
11.57448512	30.57338524	0.03270819	32.27375764	-1.70037264	31.09318320	7.61037331	0.82560803
11.57820186	30.56082916	0.03272163	32.26687873	-1.70604973	31.09341455	7.61280879	0.82534390
11.58191860	30.57208633	0.03270958	32.26701905	-1.69493305	31.09364061	7.61524427	0.82507994
11.58563534	30.60999107	0.03266907	32.27379463	-1.66380363	31.09386139	7.61767974	0.82481615
11.58935208	30.63511086	0.03264228	32.29104199	-1.65593099	31.09408267	7.62011520	0.82455254
11.59306882	30.63419914	0.03264326	32.31072208	-1.67652308	31.09429281	7.62255065	0.82428909
11.59678557	30.65355110	0.03262265	32.33674851	-1.68319751	31.09449770	7.62498610	0.82402580
11.60050231	30.67710495	0.03259760	32.36927244	-1.69216744	31.09469736	7.62742153	0.82376269
11.60421905	30.70019531	0.03257308	32.40857082	-1.70837582	31.09489181	7.62985696	0.82349975
11.60793579	30.72633553	0.03254537	32.45503388	-1.72869788	31.09508104	7.63229238	0.82323698
11.61165253	30.80603981	0.03246117	32.51080644	-1.70476644	31.09526998	7.63472780	0.82297437
11.61536927	30.86382484	0.03240039	32.57364953	-1.70982453	31.09544869	7.63716320	0.82271193
11.61908601	30.91120148	0.03235073	32.64577796	-1.73457696	31.09562222	7.63959860	0.82244966
11.62280276	30.94740868	0.03231288	32.72830563	-1.78089663	31.09579059	7.64203399	0.82218756
11.62651950	30.99686432	0.03226133	32.82253567	-1.82567167	31.09595380	7.64446937	0.82192563
11.63023624	31.05070496	0.03220539	32.93008148	-1.87937648	31.09611187	7.64690474	0.82166387
11.63395298	31.10665512	0.03214746	33.05644071	-1.94978571	31.09626887	7.64934010	0.82140227
11.63766972	31.20282745	0.03204838	33.19749735	-1.99467035	31.09641655	7.65177546	0.82114084
11.64138646	31.34266090	0.03190540	33.35933414	-2.01667314	31.09655911	7.65421081	0.82087957
11.64510320	31.48835373	0.03175777	33.54563762	-2.05728362	31.09669658	7.65664615	0.82061848
11.64881994	31.62331963	0.03162223	33.76124905	-2.13792905	31.09682896	7.65908148	0.82035755
11.65253669	31.80113792	0.03144542	34.01238626	-2.21124826	31.09695626	7.66151681	0.82009679
11.65625343	32.06563187	0.03118604	34.31655016	-2.25091816	31.09708173	7.66395212	0.81983619
11.65997017	32.41929626	0.03084583	34.67217078	-2.25287478	31.09719878	7.66638743	0.81957576
11.66368691	32.89318466	0.03040143	35.11132759	-2.21814259	31.09731079	7.66882273	0.81931550
11.66740365	33.54471970	0.02981095	35.68132202	-2.13660202	31.09741777	7.67125802	0.81905540
11.67112039	34.49753571	0.02898758	36.47456741	-1.97703141	31.09751972	7.67369331	0.81879547
11.67483713	35.94931030	0.02781695	37.66881795	-1.71950795	31.09761667	7.67612858	0.81853570
11.67855388	38.23460007	0.02615432	39.65082227	-1.41622227	31.09771105	7.67856385	0.81827610
11.68227062	41.83162308	0.02390536	42.86496998	-1.03334698	31.09779789	7.68099911	0.81801667
11.68598736	47.53854752	0.02103556	48.16469111	-0.62614311	31.09787975	7.68343436	0.81775740
11.68970410	56.30129623	0.01776158	56.62177006	-0.32047406	31.09795666	7.68586961	0.81749830
11.69342084	69.38899994	0.01441151	69.43327963	-0.04427963	31.09802863	7.68830484	0.81723936
11.69713758	88.25814819	0.01133040	87.60972617	0.64842183	31.09809565	7.69074007	0.81698058
11.70085432	113.96260071	0.00877481	112.26424692	1.69835408	31.09815937	7.69317529	0.81672197
11.70457107	146.54597473	0.00682380	141.30539809	5.24057691	31.09821643	7.69561050	0.81646353
11.70828781	183.52720642	0.00544878	172.99419630	10.53300970	31.09826860	7.69804570	0.81620525
11.71200455	220.51039124	0.00453493	203.41369050	17.09670050	31.09831588	7.70048090	0.81594713
11.71572129	251.54110718	0.00397549	227.26663463	24.27447237	31.09835828	7.70291608	0.81568918
11.71943803	271.44107056	0.00368404	239.03759706	32.40347394	31.09839583	7.70535126	0.81543139
11.72315477	277.18637085	0.00360768	235.10856557	42.07780543	31.09842934	7.70778643	0.81517377
11.72687151	267.90774536	0.00373263	216.83353089	51.07421411	31.09845708	7.71022160	0.81491631
11.73058825	245.85006714	0.00406752	189.06610955	56.78395745	31.09847999	7.71265675	0.81465901
11.73430500	215.16737366	0.00464754	157.44488651	57.72248749	31.09849809	7.71509190	0.81440188
11.73802174	180.94152832	0.00552665	126.65334381	54.28818419	31.09851139	7.71752703	0.81414490
11.74173848	147.81011963	0.00676544	99.84406671	47.96605329	31.09851992	7.71996216	0.81388810
11.74545522	118.77439117	0.00841932	78.05846435	40.71592665	31.09852370	7.72239729	0.81363145
11.74917196	94.90225220	0.01053716	62.59602823	32.30622377	31.09852257	7.72483240	0.81337497
11.75288870	76.12511444	0.01313627	52.05767555	24.06743845	31.09851669	7.72726751	0.81311865
11.75660544	61.92520523	0.01614851	45.29008508	16.63511992	31.09850608	7.72970260	0.81286249
11.76032219	51.62327194	0.01937111	41.12424711	10.49902489	31.09849075	7.73213769	0.81260649
11.76403893	44.59071732	0.02242619	38.61777554	5.97294146	31.09847071	7.73457277	0.81235066
11.76775567	39.97676086	0.02501453	37.05809400	2.91866700	31.09844526	7.73700785	0.81209499
11.77147241	37.04663849	0.02699300	36.09355392	0.95308408	31.09841573	7.73944291	0.81183948
11.77518915	35.22992706	0.02838496	35.42950534	-0.19957834	31.09838154	7.74187797	0.81158413
11.77890589	34.10171890	0.02932404	34.93631306	-0.83459406	31.09834269	7.74431302	0.81132894
11.78262263	33.40053558	0.02993964	34.54721920	-1.14668320	31.09829921	7.74674806	0.81107392
11.78633937	32.89287567	0.03040172	34.22803985	-1.33516385	31.09825111	7.74918309	0.81081905
11.79005612	32.52018356	0.03075013	33.95341967	-1.43323567	31.09819691	7.75161812	0.81056435
11.79377286	32.24696732	0.03101067	33.72663393	-1.47966693	31.09813948	7.75405313	0.81030981
11.79748960	32.05307388	0.03119826	33.53250619	-1.47943219	31.09807746	7.75648814	0.81005543
11.80120634	31.89338493	0.03135446	33.36554458	-1.47215958	31.09801088	7.75892314	0.80980120
11.80492308	31.73230171	0.03151363	33.22164290	-1.48934090	31.09793975	7.76135813	0.80954714
11.80863982	31.58865547	0.03165693	33.09750701	-1.50885201	31.09786407	7.76379312	0.80929324
11.81235656	31.50566101	0.03174033	32.98784150	-1.48218050	31.09778164	7.76622809	0.80903950
11.81607331	31.47006035	0.03177623	32.89620277	-1.42614277	31.09769681	7.76866306	0.80878592
11.81979005	31.42211914	0.03182472	32.81780674	-1.39568774	31.09760749	7.77109802	0.80853250
11.82350679	31.34550667	0.03190250	32.75130329	-1.40579629	31.09751367	7.77353297	0.80827924
11.82722353	31.27241516	0.03197706	32.69557734	-1.42316234	31.09741540	7.77596791	0.80802614
11.83094027	31.21467400	0.03203621	32.64980592	-1.43513192	31.09731267	7.77840284	0.80777319
11.83465701	31.15880203	0.03209366	32.61250659	-1.45370459	31.09720254	7.78083777	0.80752041
11.83837375	31.12623215	0.03212724	32.58518110	-1.45894910	31.09709083	7.78327269	0.80726779
11.84209049	31.12463570	0.03212889	32.56647486	-1.44183886	31.09697470	7.78570760	0.80701532
11.84580724	31.14678383	0.03210604	32.55630438	-1.40952038	31.09685419	7.78814250	0.80676301
11.84952398	31.12629128	0.03212718	32.55475538	-1.42846438	31.09672929	7.79057739	0.80651086
11.85324072	31.08919716	0.03216551	32.56209869	-1.47290169	31.09660003	7.79301228	0.80625887
11.85695746	31.06048775	0.03219524	32.57939268	-1.51890468	31.09646275	7.79544716	0.80600704
11.86067420	31.07082748	0.03218453	32.60643368	-1.53560668	31.09632469	7.79788203	0.80575537
11.86439094	31.07661629	0.03217854	32.64453274	-1.56791674	31.09618231	7.80031689	0.80550385
11.86810768	31.10341835	0.03215081	32.69498556	-1.59156756	31.09603563	7.80275174	0.80525250
11.87182443	31.09878349	0.03215560	32.75952100	-1.66073800	31.09588465	7.80518658	0.80500129
11.87554117	31.11831856	0.03213541	32.84045429	-1.72213529	31.09572941	7.80762142	0.80475025
11.87925791	31.20066833	0.03205060	32.94419325	-1.74352525	31.09556553	7.81005625	0.80449937
11.88297465	31.34844780	0.03189951	33.07056306	-1.72211506	31.09540167	7.81249107	0.80424864
11.88669139	31.52310181	0.03172277	33.23099848	-1.70789648	31.09523359	7.81492588	0.80399807
11.89040813	31.74691200	0.03149913	33.44260116	-1.69568916	31.09506129	7.81736068	0.80374765
11.89412487	32.09583664	0.03115669	33.73860615	-1.64276915	31.09488479	7.81979548	0.80349740
11.89784161	32.65160751	0.03062636	34.18319816	-1.53159016	31.09470412	7.82223026	0.80324730
11.90155836	33.52350235	0.02982982	34.91850941	-1.39500741	31.09451422	7.82466504	0.80299735
11.90527510	34.90431213	0.02864976	36.11243740	-1.20812540	31.09432513	7.82709981	0.80274756
11.90899184	37.08539963	0.02696479	38.09274217	-1.00734217	31.09413189	7.82953457	0.80249793
11.91270858	40.45726013	0.02471744	41.28662325	-0.82936325	31.09393455	7.83196933	0.80224846
11.91642532	45.57100677	0.02194378	46.19818941	-0.62718241	31.09373310	7.83440407	0.80199914
11.92014206	53.11693192	0.01882639	53.29460818	-0.17767618	31.09352757	7.83683881	0.80174997
11.92385880	63.58092499	0.01572799	63.12043034	0.46049466	31.09331225	7.83927354	0.80150096
11.92757555	77.10919189	0.01296862	74.98437969	2.12481231	31.09309849	7.84170826	0.80125211
11.93129229	92.95917511	0.01075741	88.32342759	4.63574741	31.09288070	7.84414297	0.80100341
11.93500903	109.38720703	0.00914184	101.66076657	7.72644043	31.09265888	7.84657768	0.80075487
11.93872577	124.05850220	0.00806071	112.88236679	11.17613521	31.09243307	7.84901237	0.80050649
11.94244251	134.49475098	0.00743523	119.58989952	14.90485148	31.09220327	7.85144706	0.80025825
11.94615925	138.90406799	0.00719921	119.88962414	19.01444386	31.09196313	7.85388174	0.80001018
11.94987599	136.68527222	0.00731608	113.67734882	23.00792318	31.09172530	7.85631641	0.79976225
11.95359273	128.49389648	0.00778247	102.74275339	25.75114261	31.09148354	7.85875108	0.79951448
11.95730948	116.01158905	0.00861983	89.48326703	26.52832197	31.09123786	7.86118573	0.79926687
11.96102622	101.43350220	0.00985868	76.05712549	25.37637651	31.09098827	7.86362038	0.79901941
11.96474296	86.73136902	0.01152985	64.00548960	22.72587940	31.09073481	7.86605502	0.79877210
11.96845970	73.49887085	0.01360565	53.93621681	19.56265419	31.09047046	7.86848965	0.79852495
11.97217644	62.28644180	0.01605486	46.61021744	15.67622456	31.09020918	7.87092427	0.79827795
11.97589318	53.26153564	0.01877528	41.50421728	11.75731872	31.08994406	7.87335888	0.79803111
11.97960992	46.27127457	0.02161168	38.15865610	8.11261890	31.08967512	7.87579349	0.79778442
11.98332667	41.09891891	0.02433154	36.07002318	5.02889582	31.08940238	7.87822808	0.79753788
11.98704341	37.45428085	0.02669922	34.80083163	2.65344937	31.08912587	7.88066267	0.79729149
11.99076015	35.02380371	0.02855201	34.01146686	1.01233714	31.08883796	7.88309725	0.79704526
11.99447689	33.43140030	0.02991200	33.52772458	-0.09632458	31.08855384	7.88553182	0.79679918
11.99819363	32.43915939	0.03082694	33.20141075	-0.76225175	31.08826598	7.88796639	0.79655326
12.00191037	31.82588577	0.03142096	32.96088402	-1.13499802	31.08797442	7.89040094	0.79630748
12.00562711	31.44322205	0.03180336	32.77240927	-1.32918727	31.08767916	7.89283549	0.79606186
12.00934386	31.19314003	0.03205833	32.61786609	-1.42472609	31.08738023	7.89527003	0.79581639
12.01306060	31.02033997	0.03223691	32.48436074	-1.46402074	31.08706941	7.89770456	0.79557108
12.01677734	30.87235260	0.03239144	32.37314636	-1.50079336	31.08676308	7.90013908	0.79532591
12.02049408	30.71562576	0.03255672	32.27682194	-1.56119594	31.08645313	7.90257360	0.79508090
12.02421082	30.60443115	0.03267501	32.19277841	-1.58834741	31.08613959	7.90500810	0.79483604
12.02792756	30.55307198	0.03272993	32.11903181	-1.56595981	31.08582245	7.90744260	0.79459133
12.03164430	30.50363731	0.03278298	32.05395385	-1.55031685	31.08550175	7.90987709	0.79434677
12.03536104	30.44032097	0.03285116	31.99480782	-1.55448682	31.08516869	7.91231157	0.79410236
12.03907779	30.37336922	0.03292358	31.94364643	-1.57027743	31.08484081	7.91474604	0.79385811
12.04279453	30.32993698	0.03297072	31.89792355	-1.56798655	31.08450943	7.91718050	0.79361400
12.04651127	30.29670906	0.03300689	31.85693123	-1.56022223	31.08417455	7.91961496	0.79337005
12.05022801	30.29262352	0.03301134	31.82006612	-1.52744212	31.08383620	7.92204941	0.79312625
12.05394475	30.27204895	0.03303377	31.78682837	-1.51477937	31.08349440	7.92448385	0.79288259
12.05766149	30.23122025	0.03307839	31.75599855	-1.52477855	31.08313977	7.92691828	0.79263909
12.06137823	30.19191933	0.03312145	31.72883763	-1.53691863	31.08279102	7.92935270	0.79239574
12.06509498	30.18286896	0.03313138	31.70418718	-1.52131818	31.08243887	7.93178711	0.79215254
12.06881172	30.18331909	0.03313088	31.68176858	-1.49844958	31.08208334	7.93422152	0.79190949
12.07252846	30.13989830	0.03317861	31.66135883	-1.52146083	31.08172445	7.93665592	0.79166659
12.07624520	30.10560226	0.03321641	31.64276450	-1.53716250	31.08136222	7.93909031	0.79142384
12.07996194	30.08345032	0.03324087	31.62536693	-1.54191693	31.08098674	7.94152469	0.79118123
12.08367868	30.03472900	0.03329479	31.60993530	-1.57520630	31.08061779	7.94395906	0.79093878
12.08739542	29.99073982	0.03334363	31.59586054	-1.60512054	31.08024556	7.94639342	0.79069648
12.09111216	29.99689865	0.03333678	31.58303267	-1.58613367	31.07987006	7.94882778	0.79045433
12.09482891	30.01434708	0.03331740	31.57134635	-1.55699935	31.07949133	7.95126212	0.79021232
12.09854565	30.00588608	0.03332679	31.56071847	-1.55483247	31.07910936	7.95369646	0.78997047
12.10226239	29.99399948	0.03334000	31.55082767	-1.55682867	31.07871374	7.95613079	0.78972876
12.10597913	29.98776436	0.03334693	31.54212260	-1.55435860	31.07832529	7.95856512	0.78948720
12.10969587	29.96876144	0.03336808	31.53427441	-1.56551341	31.07793369	7.96099943	0.78924579
12.11341261	29.94368172	0.03339603	31.52723264	-1.58355064	31.07753893	7.96343373	0.78900453
12.11712935	29.92958832	0.03341175	31.52095461	-1.59136661	31.07714105	7.96586803	0.78876342
12.12084610	29.94465828	0.03339494	31.51539912	-1.57074112	31.07674007	7.96830232	0.78852245
12.12456284	29.94305038	0.03339673	31.51041272	-1.56736272	31.07632503	7.97073660	0.78828164
12.12827958	29.89631081	0.03344894	31.50623029	-1.60991929	31.07591781	7.97317087	0.78804097
12.13199632	29.86474419	0.03348430	31.50268589	-1.63794189	31.07550754	7.97560514	0.78780045
12.13571306	29.88098907	0.03346609	31.49976084	-1.61877184	31.07509425	7.97803939	0.78756008
12.13942980	29.92298698	0.03341912	31.49743987	-1.57445287	31.07467795	7.98047364	0.78731985
12.14314654	29.93316078	0.03340776	31.49570993	-1.56254893	31.07425867	7.98290788	0.78707977
12.14686328	29.92523193	0.03341662	31.49453963	-1.56930763	31.07382497	7.98534211	0.78683984
12.15058003	29.91007805	0.03343355	31.49398493	-1.58390693	31.07339970	7.98777633	0.78660006
12.15429677	29.90195656	0.03344263	31.49400464	-1.59204764	31.07297151	7.99021054	0.78636042
12.15801351	29.91645241	0.03342642	31.49459976	-1.57814776	31.07254041	7.99264474	0.78612093
12.16173025	29.92706871	0.03341457	31.49577406	-1.56870506	31.07210643	7.99507894	0.78588158
12.16544699	29.91713905	0.03342566	31.49753379	-1.58039479	31.07166960	7.99751313	0.78564239
12.16916373	29.89938736	0.03344550	31.49996227	-1.60057527	31.07121800	7.99994731	0.78540334
12.17288047	29.87434387	0.03347354	31.50294475	-1.62860075	31.07077543	8.00238148	0.78516443
12.17659722	29.86061478	0.03348893	31.50655391	-1.64593891	31.07033006	8.00481564	0.78492567
12.18031396	29.89044380	0.03345551	31.51080876	-1.62036476	31.06988191	8.00724979	0.78468706
12.18403070	29.93960190	0.03340058	31.51573570	-1.57613370	31.06943101	8.00968394	0.78444859
12.18774744	29.92585945	0.03341592	31.52136179	-1.59550279	31.06897738	8.01211808	0.78421027
12.19146418	29.87398911	0.03347394	31.52790026	-1.65391126	31.06850866	8.01455221	0.78397210
12.19518092	29.84391022	0.03350767	31.53504805	-1.69113805	31.06804955	8.01698633	0.78373407
12.19889766	29.84639549	0.03350488	31.54930549	-1.70291049	31.06758777	8.01942044	0.78349618
12.20261440	29.88616943	0.03346029	31.55816972	-1.67200072	31.06712335	8.02185454	0.78325844
12.20633115	29.94772911	0.03339151	31.56795177	-1.62022277	31.06665629	8.02428864	0.78302085
12.21004789	29.97982788	0.03335576	31.57871077	-1.59888277	31.06618664	8.02672272	0.78278340
12.21376463	29.98767662	0.03334703	31.59085082	-1.60317382	31.06570160	8.02915680	0.78254610
12.21748137	29.98239708	0.03335290	31.60380848	-1.62141148	31.06522673	8.03159087	0.78230894
12.22119811	29.97013474	0.03336655	31.61798431	-1.64784931	31.06474932	8.03402493	0.78207192
12.22491485	29.95559692	0.03338274	31.63347458	-1.67787758	31.06426940	8.03645899	0.78183505
12.22863159	29.97461319	0.03336156	31.65038717	-1.67577417	31.06378698	8.03889303	0.78159832
12.23234834	30.03486824	0.03329464	31.66885780	-1.63398980	31.06330209	8.04132707	0.78136174
12.23606508	30.11993027	0.03320061	31.68959685	-1.56966685	31.06280154	8.04376109	0.78112530
12.23978182	30.14974213	0.03316778	31.71167866	-1.56193666	31.06231171	8.04619511	0.78088901
12.24349856	30.13232994	0.03318695	31.73580527	-1.60347527	31.06181947	8.04862912	0.78065286
12.24721530	30.12746239	0.03319231	31.75876305	-1.63130105	31.06132485	8.05106313	0.78041685
12.25093204	30.16517639	0.03315081	31.78769076	-1.62251476	31.06082787	8.05349712	0.78018098
12.25464878	30.19789124	0.03311490	31.81939372	-1.62150272	31.06032855	8.05593110	0.77994526
12.25836553	30.22121048	0.03308934	31.85519574	-1.63398574	31.05981333	8.05836508	0.77970969
12.26208227	30.25600243	0.03305129	31.89358046	-1.63757846	31.05930935	8.06079905	0.77947425
12.26579901	30.28074265	0.03302429	31.93587613	-1.65513313	31.05880309	8.06323301	0.77923896
12.26951575	30.27745056	0.03302788	31.98256872	-1.70511772	31.05829459	8.06566696	0.77900381
12.27323249	30.31606293	0.03298581	32.03426538	-1.71820238	31.05778387	8.06810090	0.77876881
12.27694923	30.38261604	0.03291356	32.09163737	-1.70902137	31.05727095	8.07053484	0.77853394
12.28066597	30.41004562	0.03288387	32.15729984	-1.74725384	31.05674190	8.07296876	0.77829922
12.28438271	30.43679047	0.03285498	32.22880408	-1.79201408	31.05622459	8.07540268	0.77806464
12.28809946	30.49136162	0.03279617	32.30891668	-1.81755468	31.05570515	8.07783659	0.77783021
12.29181620	30.57541847	0.03270601	32.39898385	-1.82356585	31.05518360	8.08027049	0.77759591
12.29553294	30.65169907	0.03262462	32.50070801	-1.84900901	31.05465997	8.08270438	0.77736176
12.29924968	30.73640251	0.03253471	32.61607918	-1.87967618	31.05413428	8.08513826	0.77712775
12.30296642	30.83116341	0.03243472	32.75137943	-1.92021643	31.05359227	8.08757214	0.77689388
12.30668316	30.94415855	0.03231628	32.90259947	-1.95844047	31.05306247	8.09000601	0.77666015
12.31039990	31.06231689	0.03219335	33.07712880	-2.01481180	31.05253070	8.09243986	0.77642657
12.31411665	31.21202278	0.03203894	33.28030176	-2.06827876	31.05199695	8.09487371	0.77619312
12.31783339	31.42309189	0.03182373	33.51993604	-2.09684404	31.05146127	8.09730755	0.77595982
12.32155013	31.72030258	0.03152555	33.81776746	-2.09746446	31.05090911	8.09974139	0.77572666
12.32526687	32.09766388	0.03115492	34.18221174	-2.08454774	31.05036957	8.10217521	0.77549364
12.32898361	32.63555145	0.03064143	34.66607058	-2.03051958	31.04982816	8.10460902	0.77526075
12.33270035	33.47053909	0.02987702	35.35713136	-1.88659236	31.04928491	8.10704283	0.77502801
12.33641709	34.78368759	0.02874911	36.41874382	-1.63505582	31.04873983	8.10947663	0.77479541
12.34013383	36.82737732	0.02715371	38.13310954	-1.30573254	31.04819296	8.11191042	0.77456296
12.34385058	40.01231766	0.02499230	41.04385675	-1.03153875	31.04762947	8.11434420	0.77433064
12.34756732	44.90111542	0.02227116	45.65156500	-0.75045000	31.04707904	8.11677797	0.77409846
12.35128406	52.28038406	0.01912763	52.80428404	-0.52390004	31.04652689	8.11921174	0.77386642
12.35500080	63.18857193	0.01582565	63.29702141	-0.10844941	31.04597304	8.12164549	0.77363452
12.35871754	78.43371582	0.01274962	77.68900698	0.74470902	31.04541752	8.12407924	0.77340276
12.36243428	98.69968414	0.01013174	95.95915074	2.74053326	31.04486035	8.12651298	0.77317114
12.36615102	123.12550354	0.00812179	117.80179252	5.32371148	31.04428643	8.12894671	0.77293966
12.36986777	149.88333130	0.00667186	140.00811386	9.87521714	31.04372601	8.13138043	0.77270832
12.37358451	175.52471924	0.00569720	160.01580498	15.50891402	31.04316400	8.13381414	0.77247712
12.37730125	195.92932129	0.00510388	173.94815706	21.98116394	31.04260046	8.13624784	0.77224606
12.38101799	207.90818787	0.00480982	178.30122403	29.60696397	31.04203539	8.13868154	0.77201513
12.38473473	209.39041138	0.00477577	171.80957132	37.58083968	31.04146882	8.14111523	0.77178435
12.38845147	200.72155762	0.00498203	155.81865428	44.90290372	31.04088542	8.14354890	0.77155370
12.39216821	183.69833374	0.00544371	134.98120232	48.71713168	31.04031590	8.14598257	0.77132320
12.39588495	161.45170593	0.00619380	112.75458572	48.69712028	31.03974496	8.14841624	0.77109283
12.39960170	137.45645142	0.00727503	91.99262984	45.46382116	31.03917263	8.15084989	0.77086260
12.40331844	114.61248779	0.00872505	74.47055007	40.14193793	31.03859893	8.15328353	0.77063250
12.40703518	94.57335663	0.01057380	60.89631325	33.67704375	31.03802389	8.15571717	0.77040255
12.41075192	77.85812378	0.01284387	50.92217509	26.93594891	31.03743193	8.15815080	0.77017273
12.41446866	64.34214020	0.01554191	44.43126371	19.91087629	31.03685425	8.16058441	0.76994306
12.41818540	53.90624237	0.01855073	40.29742324	13.60881876	31.03627530	8.16301802	0.76971352
12.42190214	46.28852463	0.02160363	37.75518878	8.53333622	31.03569512	8.16545162	0.76948411
12.42561889	40.98337936	0.02440014	36.20776987	4.77560913	31.03511372	8.16788522	0.76925485
12.42933563	37.48907471	0.02667444	35.24420144	2.24487356	31.03453114	8.17031880	0.76902572
12.43305237	35.26715469	0.02835500	34.59627008	0.67088492	31.03393160	8.17275238	0.76879673
12.43676911	33.86491394	0.02952909	34.15111674	-0.28620274	31.03334670	8.17518594	0.76856788
12.44048585	32.94887543	0.03035005	33.81246748	-0.86359248	31.03276069	8.17761950	0.76833916
12.44420259	32.33651352	0.03092479	33.54116787	-1.20465387	31.03217359	8.18005305	0.76811058
12.44791933	31.92593384	0.03132250	33.31652063	-1.39058663	31.03158545	8.18248659	0.76788214
12.45163607	31.65767288	0.03158792	33.12708022	-1.46940722	31.03099628	8.18492013	0.76765383
12.45535282	31.49675560	0.03174930	32.96165210	-1.46489610	31.03039014	8.18735365	0.76742566
12.45906956	31.37867165	0.03186878	32.82394822	-1.44527622	31.02979898	8.18978716	0.76719763
12.46278630	31.27280617	0.03197666	32.70553257	-1.43272657	31.02920686	8.19222067	0.76696973
12.46650304	31.15193748	0.03210073	32.60360296	-1.45166596	31.02861383	8.19465417	0.76674197
12.47021978	31.01993179	0.03223734	32.51592748	-1.49599548	31.02801991	8.19708766	0.76651435
12.47393652	30.94285583	0.03231764	32.44066265	-1.49780665	31.02742512	8.19952114	0.76628686
12.47765326	30.93017387	0.03233089	32.37479736	-1.44462336	31.02681338	8.20195461	0.76605951
12.48137001	30.92750359	0.03233368	32.31723196	-1.38972796	31.02621693	8.20438807	0.76583229
12.48508675	30.85909271	0.03240536	32.27203619	-1.41294319	31.02561969	8.20682153	0.76560521
12.48880349	30.78082085	0.03248776	32.23510381	-1.45428281	31.02502170	8.20925498	0.76537826
12.49252023	30.76046753	0.03250926	32.20594538	-1.44547738	31.02442298	8.21168841	0.76515145
12.49623697	30.74217033	0.03252861	32.18424660	-1.44207660	31.02382356	8.21412184	0.76492478
12.49995371	30.71072578	0.03256191	32.16955126	-1.45882526	31.02320725	8.21655526	0.76469824
12.50367045	30.70892715	0.03256382	32.16264758	-1.45372058	31.02260650	8.21898867	0.76447183
12.50738720	30.71742630	0.03255481	32.16322525	-1.44579925	31.02200513	8.22142208	0.76424556
12.51110394	30.70279503	0.03257032	32.17164593	-1.46885093	31.02140318	8.22385547	0.76401942
12.51482068	30.68165016	0.03259277	32.18847998	-1.50682998	31.02080067	8.22628886	0.76379342
12.51853742	30.65594864	0.03262010	32.21455244	-1.55860344	31.02019763	8.22872223	0.76356755
12.52225416	30.63207436	0.03264552	32.25215912	-1.62008512	31.01957776	8.23115560	0.76334182
12.52597090	30.62836075	0.03264948	32.30104346	-1.67268246	31.01897373	8.23358896	0.76311622
12.52968764	30.70387077	0.03256918	32.36458590	-1.66071490	31.01836925	8.23602231	0.76289076
12.53340438	30.82261467	0.03244371	32.44699329	-1.62437829	31.01776436	8.23845566	0.76266543
12.53712113	30.95932961	0.03230044	32.55600318	-1.59667318	31.01715908	8.24088899	0.76244023
12.54083787	31.11018944	0.03214381	32.70638244	-1.59619344	31.01655343	8.24332231	0.76221517
12.54455461	31.32707214	0.03192127	32.93399249	-1.60692049	31.01593107	8.24575563	0.76199024
12.54827135	31.69957542	0.03154616	33.28195432	-1.58237932	31.01532479	8.24818894	0.76176544
12.55198809	32.36483383	0.03089773	33.84975894	-1.48492494	31.01471823	8.25062224	0.76154078
12.55570483	33.45357513	0.02989217	34.78921516	-1.33564016	31.01411142	8.25305553	0.76131625
12.55942157	35.09557343	0.02849362	36.31880843	-1.22323543	31.01350440	8.25548881	0.76109186
12.56313832	37.52993393	0.02664540	38.71589943	-1.18596543	31.01289720	8.25792208	0.76086759
12.56685506	41.09680176	0.02433279	42.38601557	-1.28921357	31.01227342	8.26035535	0.76064346
12.57057180	46.24312592	0.02162484	47.35916052	-1.11603452	31.01166592	8.26278860	0.76041947
12.57428854	53.10707855	0.01882988	53.74926674	-0.64218774	31.01105833	8.26522185	0.76019560
12.57800528	61.57308197	0.01624086	61.28480409	0.28827791	31.01045067	8.26765509	0.75997187
12.58172202	70.92971039	0.01409846	69.31362094	1.61608906	31.00984297	8.27008832	0.75974827
12.58543876	80.02552032	0.01249601	76.78211544	3.24340456	31.00923525	8.27252154	0.75952480
12.58915550	87.60941315	0.01141430	82.44561432	5.16379868	31.00861114	8.27495475	0.75930147
12.59287225	92.44087982	0.01081772	84.63265133	7.80822867	31.00800350	8.27738795	0.75907827
12.59658899	93.80883026	0.01065998	82.90034120	10.90848880	31.00739594	8.27982115	0.75885520
12.60030573	91.50554657	0.01092830	77.74830078	13.75724622	31.00678849	8.28225433	0.75863226
12.60402247	86.11131287	0.01161288	70.45829097	15.65302203	31.00618118	8.28468751	0.75840945
12.60773921	78.68717194	0.01270855	62.42046708	16.26670492	31.00557404	8.28712068	0.75818678
12.61145595	70.32294464	0.01422011	54.54966902	15.77327598	31.00495070	8.28955384	0.75796423
12.61517269	62.01930618	0.01612401	47.98002166	14.03928434	31.00434399	8.29198699	0.75774182
12.61888944	54.57619476	0.01832301	42.81106977	11.76512523	31.00373755	8.29442013	0.75751954
12.62260618	48.31974792	0.02069547	39.04322960	9.27651840	31.00313140	8.29685327	0.75729739
12.62632292	43.26261902	0.02311464	36.47243334	6.79018566	31.00252557	8.29928639	0.75707537
12.63003966	39.29576111	0.02544804	34.81270807	4.48305293	31.00192009	8.30171951	0.75685348
12.63375640	36.30482483	0.02754455	33.76015676	2.54466824	31.00129865	8.30415262	0.75663172
12.63747314	34.16850281	0.02926672	33.13652444	1.03197856	31.00069398	8.30658572	0.75641010
12.64118988	32.74081039	0.03054292	32.74725028	-0.00644028	31.00008976	8.30901881	0.75618860
12.64490662	31.85543823	0.03139181	32.49139129	-0.63595329	30.99948601	8.31145189	0.75596724
12.64862337	31.30688667	0.03194185	32.31060910	-1.00372210	30.99888277	8.31388496	0.75574600
12.65234011	30.93616676	0.03232463	32.17322312	-1.23705612	30.99828007	8.31631802	0.75552490
12.65605685	30.70450211	0.03256851	32.06011340	-1.35561140	30.99766167	8.31875108	0.75530392
12.65977359	30.58814812	0.03269240	31.96851272	-1.38036472	30.99706015	8.32118412	0.75508308
12.66349033	30.49530220	0.03279194	31.89038374	-1.39508174	30.99645927	8.32361716	0.75486236
12.66720707	30.37255669	0.03292446	31.82287027	-1.45031327	30.99585905	8.32605019	0.75464178
12.67092381	30.26927567	0.03303680	31.76400359	-1.49472759	30.99525952	8.32848321	0.75442132
12.67464056	30.19745636	0.03311537	31.71233510	-1.51487910	30.99466072	8.33091622	0.75420100
12.67835730	30.11023521	0.03321130	31.66553803	-1.55530303	30.99404653	8.33334922	0.75398080
12.68207404	30.03892136	0.03329014	31.62515916	-1.58623816	30.99344930	8.33578222	0.75376073
12.68579078	30.04655457	0.03328169	31.58915530	-1.54260030	30.99285289	8.33821520	0.75354079
12.68950752	30.05372429	0.03327375	31.55689765	-1.50317365	30.99225734	8.34064818	0.75332099
12.69322426	30.01583099	0.03331575	31.52788950	-1.51205850	30.99166267	8.34308115	0.75310131
12.69694100	29.97941017	0.03335623	31.50170792	-1.52229792	30.99106892	8.34551411	0.75288176
12.70065774	29.96113396	0.03337657	31.47739325	-1.51625925	30.99046011	8.34794705	0.75266233
12.70437449	29.94439125	0.03339524	31.45590923	-1.51151823	30.98986832	8.35038000	0.75244304
12.70809123	29.92364883	0.03341838	31.43633571	-1.51268671	30.98927755	8.35281293	0.75222387
12.71180797	29.88556862	0.03346097	31.40532626	-1.51975726	30.98868782	8.35524585	0.75200484
12.71552471	29.86740303	0.03348132	31.38905352	-1.52165052	30.98809917	8.35767877	0.75178593
12.71924145	29.87607765	0.03347160	31.37412885	-1.49805085	30.98751164	8.36011167	0.75156715
12.72295819	29.87302399	0.03347502	31.36006247	-1.48703847	30.98690942	8.36254457	0.75134850
12.72667493	29.82857323	0.03352490	31.34746656	-1.51889356	30.98632424	8.36497746	0.75112997
12.73039168	29.78038979	0.03357914	31.33585479	-1.55546479	30.98574027	8.36741034	0.75091158
12.73410842	29.76797485	0.03359315	31.32513639	-1.55716139	30.98515754	8.36984321	0.75069331
12.73782516	29.77971077	0.03357991	31.31523439	-1.53552339	30.98457610	8.37227607	0.75047517
12.74154190	29.78388786	0.03357520	31.30607440	-1.52218640	30.98399596	8.37470892	0.75025716
12.74525864	29.77569580	0.03358444	31.29737724	-1.52168124	30.98340154	8.37714177	0.75003927
12.74897538	29.74613571	0.03361781	31.28954791	-1.54341191	30.98282417	8.37957460	0.74982151
12.75269212	29.71056366	0.03365806	31.28229687	-1.57173287	30.98224820	8.38200743	0.74960388
12.75640886	29.69908714	0.03367107	31.27558417	-1.57649717	30.98167367	8.38444025	0.74938638
12.76012561	29.67857361	0.03369434	31.26937264	-1.59079864	30.98110063	8.38687306	0.74916900
12.76384235	29.65441704	0.03372179	31.26363051	-1.60921351	30.98052909	8.38930586	0.74895175
12.76755909	29.65427208	0.03372195	31.25818837	-1.60391637	30.97994371	8.39173865	0.74873463
12.77127583	29.67979431	0.03369296	31.25330802	-1.57351402	30.97937534	8.39417143	0.74851763
12.77499257	29.69177818	0.03367936	31.24881865	-1.55704065	30.97880859	8.39660420	0.74830076
12.77870931	29.69971657	0.03367035	31.24469824	-1.54498124	30.97824347	8.39903697	0.74808402
12.78242605	29.69624138	0.03367430	31.24370364	-1.54746264	30.97768004	8.40146973	0.74786740
12.78614280	29.66395378	0.03371095	31.24029330	-1.57633930	30.97711833	8.40390247	0.74765091
12.78985954	29.63796616	0.03374051	31.23712887	-1.59916287	30.97654325	8.40633521	0.74743454
12.79357628	29.63088417	0.03374857	31.23436433	-1.60348033	30.97598511	8.40876794	0.74721830
12.79729302	29.64133835	0.03373667	31.23190333	-1.59056533	30.97542879	8.41120066	0.74700219
12.80100976	29.68041420	0.03369225	31.22973842	-1.54932442	30.97487433	8.41363337	0.74678620
12.80472650	29.69190407	0.03367921	31.22786283	-1.53595883	30.97432175	8.41606608	0.74657034
12.80844324	29.65163994	0.03372495	31.22627223	-1.57463223	30.97377109	8.41849877	0.74635460
12.81215999	29.61521530	0.03376643	31.22493246	-1.60971746	30.97320758	8.42093146	0.74613899
12.81587673	29.60940361	0.03377305	31.22391200	-1.61450800	30.97266093	8.42336413	0.74592351
12.81959347	29.59332848	0.03379140	31.22317221	-1.62984421	30.97211630	8.42579680	0.74570815
12.82331021	29.59836388	0.03378565	31.22271435	-1.62435035	30.97157373	8.42822946	0.74549291
12.82702695	29.62366104	0.03375680	31.22254139	-1.59888039	30.97103325	8.43066211	0.74527780
12.83074369	29.64814377	0.03372892	31.22265826	-1.57451426	30.97049491	8.43309475	0.74506281
12.83446043	29.65839386	0.03371727	31.22308656	-1.56469256	30.96994427	8.43552738	0.74484795
12.83817717	29.66329575	0.03371170	31.22381168	-1.56051568	30.96941036	8.43796000	0.74463322
12.84189392	29.67343330	0.03370018	31.22485162	-1.55141862	30.96887868	8.44039262	0.74441861
12.84561066	29.68091393	0.03369168	31.22621833	-1.54530433	30.96834928	8.44282522	0.74420412
12.84932740	29.68979454	0.03368161	31.22792625	-1.53813125	30.96782218	8.44525782	0.74398976
12.85304414	29.68079567	0.03369182	31.22999177	-1.54919577	30.96729743	8.44769041	0.74377552
12.85676088	29.62821770	0.03375161	31.23250756	-1.60428956	30.96676097	8.45012299	0.74356140
12.86047762	29.59315681	0.03379160	31.23536397	-1.64220697	30.96624108	8.45255556	0.74334741
12.86419436	29.59905815	0.03378486	31.23864773	-1.63958973	30.96572365	8.45498812	0.74313355
12.86791111	29.59548569	0.03378894	31.24239146	-1.64690546	30.96520870	8.45742067	0.74291980
12.87162785	29.61846733	0.03376272	31.24662963	-1.62816263	30.96469627	8.45985321	0.74270619
12.87534459	29.67373276	0.03369984	31.25140288	-1.57766988	30.96418640	8.46228575	0.74249269
12.87906133	29.68777847	0.03368389	31.25691017	-1.56913217	30.96366546	8.46471827	0.74227932
12.88277807	29.66233635	0.03371279	31.26291942	-1.60058342	30.96316090	8.46715079	0.74206607
12.88649481	29.66341019	0.03371157	31.26962919	-1.60621919	30.96265900	8.46958330	0.74185294
12.89021155	29.68347359	0.03368878	31.27710999	-1.59363599	30.96215981	8.47201580	0.74163994
12.89392829	29.68917084	0.03368231	31.28545039	-1.59627939	30.96166337	8.47444829	0.74142706
12.89764504	29.72604942	0.03364053	31.29474697	-1.56869797	30.96116970	8.47688077	0.74121431
12.90136178	29.77259445	0.03358794	31.30540888	-1.53281488	30.96066563	8.47931324	0.74100167
12.90507852	29.75686073	0.03360570	31.31701851	-1.56015751	30.96017771	8.48174570	0.74078916
12.90879526	29.70043373	0.03366954	31.32999990	-1.62956590	30.95969268	8.48417816	0.74057678
12.91251200	29.68851471	0.03368306	31.34454356	-1.65602856	30.95921058	8.48661060	0.74036451
12.91622874	29.72561264	0.03364102	31.36087252	-1.63525952	30.95873144	8.48904304	0.74015237
12.91994548	29.77059937	0.03359019	31.37926837	-1.60866937	30.95825531	8.49147546	0.73994035
12.92366223	29.78318596	0.03357599	31.40065621	-1.61747021	30.95776947	8.49390788	0.73972845
12.92737897	29.78366661	0.03357545	31.42431420	-1.64064720	30.95729954	8.49634029	0.73951667
12.93109571	29.79691887	0.03356052	31.45128149	-1.65436249	30.95683272	8.49877269	0.73930502
12.93481245	29.79047966	0.03356777	31.48217609	-1.69169609	30.95636905	8.50120508	0.73909349
12.93852919	29.77412796	0.03358621	31.51208751	-1.73795951	30.95590857	8.50363747	0.73888208
12.94224593	29.80542564	0.03355094	31.55359978	-1.74817378	30.95545132	8.50606984	0.73867079
12.94596267	29.85313416	0.03349732	31.60410633	-1.75097233	30.95498511	8.50850221	0.73845962
12.94967941	29.88828278	0.03345793	31.66384728	-1.77556428	30.95453452	8.51093456	0.73824857
12.95339616	30.00133705	0.03333185	31.73928343	-1.73794643	30.95408727	8.51336691	0.73803765
12.95711290	30.18921280	0.03312441	31.84050113	-1.65128813	30.95364340	8.51579925	0.73782685
12.96082964	30.36270714	0.03293514	31.98647440	-1.62376740	30.95320295	8.51823158	0.73761616
12.96454638	30.59732628	0.03268259	32.21144808	-1.61412208	30.95276595	8.52066390	0.73740560
12.96826312	31.04859161	0.03220758	32.58516479	-1.53657279	30.95232078	8.52309621	0.73719516
12.97197986	31.74017334	0.03150581	33.17989065	-1.43971765	30.95189091	8.52552851	0.73698485
12.97569660	32.72731018	0.03055552	34.12057539	-1.39326539	30.95146461	8.52796080	0.73677465
12.97941335	34.18579865	0.02925191	35.54929337	-1.36349437	30.95104192	8.53039309	0.73656457
12.98313009	36.31795120	0.02753459	37.59873102	-1.28078002	30.95062288	8.53282536	0.73635461
12.98684683	39.32401657	0.02542975	40.34373931	-1.01972231	30.95020753	8.53525763	0.73614478
12.99056357	43.16366959	0.02316763	43.84423797	-0.68056797	30.94978483	8.53768988	0.73593506
12.99428031	47.62659454	0.02099667	47.70728466	-0.08068966	30.94937707	8.54012213	0.73572546
12.99799705	52.37292480	0.01909384	51.61529554	0.75762946	30.94897312	8.54255437	0.73551599
13.00171379	56.73728943	0.01762509	54.98154565	1.75574335	30.94857302	8.54498660	0.73530663
13.00543053	60.14522934	0.01662642	57.11391515	3.03131385	30.94817679	8.54741882	0.73509739
13.00914728	61.97848892	0.01613463	57.45454494	4.52394406	30.94778450	8.54985104	0.73488828
13.01286402	61.98883820	0.01613194	55.83901285	6.14982515	30.94738572	8.55228324	0.73467928
13.01658076	60.21903992	0.01660604	52.80076983	7.41827017	30.94700150	8.55471543	0.73447040
13.02029750	57.07527924	0.01752072	49.00445861	8.07082039	30.94662131	8.55714762	0.73426165
13.02401424	53.15742874	0.01881205	45.08549342	8.07193558	30.94624521	8.55957979	0.73405301
13.02773098	49.03272629	0.02039454	41.50663857	7.52608743	30.94587324	8.56201196	0.73384449
13.03144772	45.17737579	0.02213497	38.53612687	6.64124913	30.94550542	8.56444412	0.73363609
13.03516447	41.79214859	0.02392794	36.21104746	5.58110154	30.94513204	8.56687627	0.73342781
13.03888121	38.84289169	0.02574474	34.61021402	4.23267798	30.94477278	8.56930841	0.73321965
13.04259795	36.38636780	0.02748282	33.54329438	2.84307362	30.94441781	8.57174054	0.73301161
13.04631469	34.50272751	0.02898322	32.86756692	1.63516108	30.94406715	8.57417266	0.73280368
13.05003143	33.13079071	0.03018340	32.45445404	0.67633696	30.94372086	8.57660478	0.73259588
13.05374817	32.11828995	0.03113491	32.20495010	-0.08666010	30.94337898	8.57903688	0.73238819
13.05746491	31.39162636	0.03185563	32.04869297	-0.65706697	30.94303248	8.58146897	0.73218062
13.06118166	30.92199135	0.03233944	31.95198402	-1.02999302	30.94269965	8.58390106	0.73197317
13.06489840	30.64263344	0.03263427	31.88674943	-1.24411643	30.94237134	8.58633314	0.73176584
13.06861514	30.50244522	0.03278426	31.84077381	-1.33832881	30.94204759	8.58876521	0.73155863
13.07233188	30.42673683	0.03286583	31.80770884	-1.38097184	30.94172846	8.59119726	0.73135153
13.07604862	30.37808800	0.03291846	31.78425944	-1.40617144	30.94141397	8.59362931	0.73114456
13.07976536	30.33424950	0.03296604	31.76827697	-1.43402797	30.94109587	8.59606136	0.73093770
13.08348210	30.31263351	0.03298955	31.75949129	-1.44685729	30.94079093	8.59849339	0.73073096
13.08719884	30.33263016	0.03296780	31.75670687	-1.42407687	30.94049076	8.60092541	0.73052433
13.09091559	30.36896515	0.03292835	31.75948729	-1.39052229	30.94019541	8.60335742	0.73031783
13.09463233	30.38372803	0.03291235	31.76757113	-1.38384313	30.93990491	8.60578943	0.73011144
13.09834907	30.37783241	0.03291874	31.78084902	-1.40301702	30.93961931	8.60822142	0.72990517
13.10206581	30.35730553	0.03294100	31.79990948	-1.44260348	30.93933113	8.61065341	0.72969901
13.10578255	30.35792351	0.03294033	31.82388552	-1.46596152	30.93905559	8.61308539	0.72949298
13.10949929	30.38394928	0.03291211	31.85348870	-1.46953970	30.93878506	8.61551736	0.72928706
13.11321603	30.39093018	0.03290455	31.88911153	-1.49818153	30.93851960	8.61794932	0.72908126
13.11693278	30.39678955	0.03289821	31.93129782	-1.53450782	30.93825925	8.62038127	0.72887557
13.12064952	30.42996216	0.03286235	31.98074220	-1.55078020	30.93800404	8.62281321	0.72867000
13.12436626	30.46059036	0.03282930	32.04005698	-1.57946698	30.93774734	8.62524514	0.72846455
13.12808300	30.51305199	0.03277286	32.10727262	-1.59422062	30.93750270	8.62767706	0.72825921
13.13179974	30.58345795	0.03269741	32.18525529	-1.60179729	30.93726333	8.63010898	0.72805399
13.13551648	30.62629128	0.03265168	32.27586776	-1.64957676	30.93702928	8.63254088	0.72784889
13.13923322	30.66149712	0.03261419	32.38144326	-1.71994626	30.93680059	8.63497278	0.72764390
13.14294996	30.73893929	0.03253203	32.50874943	-1.76981043	30.93657135	8.63740467	0.72743903
13.14666671	30.88789749	0.03237514	32.65585786	-1.76796086	30.93635366	8.63983654	0.72723428
13.15038345	31.09402275	0.03216052	32.83327517	-1.73925217	30.93614145	8.64226841	0.72702964
13.15410019	31.33904457	0.03190908	33.05419058	-1.71514558	30.93593478	8.64470027	0.72682512
13.15781693	31.69933510	0.03154640	33.34788036	-1.64854536	30.93573369	8.64713212	0.72662071
13.16153367	32.23389816	0.03102324	33.75277959	-1.51888159	30.93553821	8.64956396	0.72641642
13.16525041	32.96959686	0.03033097	34.36065897	-1.39106197	30.93534839	8.65199580	0.72621225
13.16896715	34.08122635	0.02934167	35.35596326	-1.27473726	30.93515938	8.65442762	0.72600819
13.17268390	35.81908798	0.02791808	36.93630315	-1.11721515	30.93498117	8.65685943	0.72580424
13.17640064	38.52654266	0.02595613	39.47505389	-0.94851089	30.93480875	8.65929124	0.72560041
13.18011738	42.62604141	0.02345984	43.41842719	-0.79238619	30.93464217	8.66172303	0.72539670
13.18383412	48.65345001	0.02055353	49.23685141	-0.58340141	30.93448147	8.66415482	0.72519310
13.18755086	57.22907257	0.01747364	57.55153460	-0.32246160	30.93432258	8.66658660	0.72498962
13.19126760	68.69817352	0.01455643	68.00096513	0.69720887	30.93417393	8.66901837	0.72478625
13.19498434	83.02875519	0.01204402	80.36515476	2.66360024	30.93403129	8.67145013	0.72458300
13.19870108	99.05548859	0.01009535	93.63743837	5.41805063	30.93389470	8.67388188	0.72437986
13.20241783	115.12702179	0.00868606	106.14920810	8.97781390	30.93376421	8.67631362	0.72417683
13.20613457	129.03585815	0.00774978	115.69602658	13.33983142	30.93363987	8.67874535	0.72397392
13.20985131	138.53804016	0.00721823	120.06589788	18.47214212	30.93351860	8.68117707	0.72377113
13.21356805	142.41156006	0.00702190	117.79924334	24.61231666	30.93340685	8.68360879	0.72356845
13.21728479	139.85539246	0.00715024	109.75125999	30.10413201	30.93330137	8.68604049	0.72336588
13.22100153	131.96270752	0.00757790	97.96593298	33.99677502	30.93320221	8.68847219	0.72316343
13.22471827	120.05548859	0.00832948	84.73771225	35.31777675	30.93310942	8.69090387	0.72296109
13.22843502	105.99380493	0.00943451	71.93733014	34.05647486	30.93302303	8.69333555	0.72275886
13.23215176	91.73983765	0.01090039	60.52441552	31.21542248	30.93294104	8.69576722	0.72255675
13.23586850	78.60457611	0.01272191	51.69397004	26.91060596	30.93286779	8.69819888	0.72235475
13.23958524	67.18556976	0.01488415	45.17580839	22.00976161	30.93280108	8.70063053	0.72215287
13.24330198	57.66878128	0.01734040	40.67535887	16.99342213	30.93274097	8.70306217	0.72195110
13.24701872	49.99085999	0.02000366	37.73811499	12.25274501	30.93268750	8.70549380	0.72174944
13.25073546	44.05623627	0.02269826	35.89743114	8.15880486	30.93264070	8.70792542	0.72154790
13.25445220	39.73713303	0.02516538	34.74318893	4.99394407	30.93259965	8.71035703	0.72134647
13.25816895	36.72303009	0.02723087	34.05140411	2.67162589	30.93256654	8.71278864	0.72114515
13.26188569	34.74090958	0.02878451	33.60448451	1.13642549	30.93254024	8.71522023	0.72094395
13.26560243	33.42717361	0.02991578	33.29713059	0.13004341	30.93252082	8.71765182	0.72074286
13.26931917	32.59695435	0.03067771	33.07123656	-0.47428256	30.93250830	8.72008339	0.72054188
13.27303591	32.10026169	0.03115239	32.89619579	-0.79593379	30.93250274	8.72251496	0.72034102
13.27675265	31.82855034	0.03141833	32.75244361	-0.92389361	30.93250432	8.72494652	0.72014027
13.28046939	31.65310860	0.03159247	32.63868374	-0.98557474	30.93251300	8.72737807	0.71993963
13.28418614	31.45707321	0.03178935	32.54557932	-1.08850632	30.93252877	8.72980961	0.71973910
13.28790288	31.27542686	0.03197398	32.46969718	-1.19427018	30.93255169	8.73224114	0.71953869
13.29161962	31.18519783	0.03206650	32.40866387	-1.22346587	30.93258180	8.73467266	0.71933838
13.29533636	31.15169716	0.03210098	32.36071874	-1.20902174	30.93261914	8.73710417	0.71913819
13.29905310	31.10833359	0.03214573	32.32369471	-1.21536071	30.93266506	8.73953568	0.71893812
13.30276984	31.05083275	0.03220526	32.29858012	-1.24774712	30.93271721	8.74196717	0.71873815
13.30648658	31.04364777	0.03221271	32.28359570	-1.23994770	30.93277673	8.74439865	0.71853830
13.31020333	31.06254196	0.03219312	32.27835569	-1.21581369	30.93284367	8.74683013	0.71833855
13.31392007	31.04195976	0.03221446	32.28271483	-1.24075483	30.93291808	8.74926160	0.71813892
13.31763681	31.00685883	0.03225093	32.29677207	-1.28991307	30.93300000	8.75169305	0.71793941
13.32135355	31.00827980	0.03224945	32.32165378	-1.31337378	30.93309201	8.75412450	0.71774000
13.32507029	31.04642105	0.03220983	32.35667671	-1.31025571	30.93318931	8.75655594	0.71754070
13.32878703	31.08395004	0.03217094	32.40325349	-1.31930349	30.93329427	8.75898737	0.71734152
13.33250377	31.10313797	0.03215110	32.46263244	-1.35949444	30.93340694	8.76141879	0.71714245
13.33622051	31.12961960	0.03212375	32.53648270	-1.40686270	30.93352736	8.76385020	0.71694349
13.33993726	31.18955612	0.03206201	32.62713730	-1.43758130	30.93365557	8.76628160	0.71674464
13.34365400	31.30037308	0.03194850	32.74114146	-1.44076846	30.93379543	8.76871299	0.71654590
13.34737074	31.42379761	0.03182302	32.87754208	-1.45374408	30.93393960	8.77114438	0.71634727
13.35108748	31.54354668	0.03170221	33.04753794	-1.50399094	30.93409172	8.77357575	0.71614875
13.35480422	31.76411247	0.03148207	33.26645605	-1.50234405	30.93425183	8.77600712	0.71595034
13.35852096	32.11838150	0.03113482	33.56340545	-1.44502345	30.93441998	8.77843847	0.71575205
13.36223770	32.60287476	0.03067214	33.99370725	-1.39083225	30.93459622	8.78086982	0.71555386
13.36595445	33.35166931	0.02998351	34.67980845	-1.32813945	30.93478569	8.78330115	0.71535579
13.36967119	34.61155701	0.02889208	35.75954427	-1.14798727	30.93497847	8.78573248	0.71515782
13.37338793	36.56500626	0.02734855	37.51078280	-0.94577680	30.93517948	8.78816380	0.71495997
13.37710467	39.55615234	0.02528052	40.29936382	-0.74321182	30.93538878	8.79059511	0.71476222
13.38082141	43.98379517	0.02273565	44.55344475	-0.56964975	30.93560641	8.79302641	0.71456459
13.38453815	50.49660873	0.01980331	50.72000129	-0.22339229	30.93583242	8.79545770	0.71436707
13.38825489	59.51631546	0.01680212	59.32927309	0.18704191	30.93607331	8.79788898	0.71416965
13.39197163	71.22521973	0.01403997	69.87347049	1.35174951	30.93631645	8.80032026	0.71397235
13.39568838	85.39694977	0.01171002	81.99854811	3.39840189	30.93656812	8.80275152	0.71377515
13.39940512	100.66380310	0.00993406	94.55374878	6.11005422	30.93682837	8.80518277	0.71357807
13.40312186	115.42736816	0.00866346	105.79291989	9.63444811	30.93709724	8.80761402	0.71338109
13.40683860	127.63765717	0.00783468	113.53948625	14.09817075	30.93737479	8.81004525	0.71318423
13.41055534	135.44168091	0.00738325	115.81836182	19.62331918	30.93766892	8.81247648	0.71298747
13.41427208	137.62011719	0.00726638	111.85033375	25.76978325	30.93796420	8.81490769	0.71279082
13.41798882	133.71919250	0.00747836	102.90101675	30.81817625	30.93826831	8.81733890	0.71259428
13.42170557	124.98474121	0.00800098	91.08653263	33.89820837	30.93858129	8.81977010	0.71239786
13.42542231	112.91549683	0.00885618	78.49588565	34.41961135	30.93890320	8.82220129	0.71220154
13.42913905	99.40792084	0.01005956	66.72246550	32.68545550	30.93923408	8.82463247	0.71200532
13.43285579	86.14344788	0.01160854	56.50098710	29.64246090	30.93958329	8.82706364	0.71180922
13.43657253	74.16242981	0.01348392	48.77270902	25.38972098	30.93993251	8.82949480	0.71161323
13.44028927	63.90489578	0.01564825	43.17332193	20.73157407	30.94029086	8.83192595	0.71141734
13.44400601	55.28645706	0.01808761	39.36641182	15.92004518	30.94065838	8.83435709	0.71122157
13.44772275	48.33675003	0.02068819	36.90880171	11.42794829	30.94103512	8.83678823	0.71102590
13.45143950	42.92269897	0.02329770	35.37586240	7.54683660	30.94142115	8.83921935	0.71083034
13.45515624	38.89463425	0.02571049	34.41085894	4.48377506	30.94182731	8.84165047	0.71063489
13.45887298	36.09357834	0.02770576	33.82423757	2.26934043	30.94223229	8.84408157	0.71043955
13.46258972	34.31066895	0.02914545	33.43697678	0.87369222	30.94264669	8.84651267	0.71024431
13.46630646	33.20413589	0.03011673	33.16373940	0.04039660	30.94307058	8.84894375	0.71004919
13.47002320	32.48525620	0.03078320	32.95830880	-0.47305280	30.94350400	8.85137483	0.70985417
13.47373994	31.98746300	0.03126225	32.79633743	-0.80887443	30.94394699	8.85380590	0.70965926
13.47745669	31.67924118	0.03156641	32.66161135	-0.98237035	30.94441199	8.85623696	0.70946445
13.48117343	31.47954750	0.03176666	32.55392591	-1.07437791	30.94487457	8.85866801	0.70926976
13.48489017	31.34132004	0.03190676	32.46497826	-1.12365826	30.94534688	8.86109905	0.70907517
13.48860691	31.26405334	0.03198562	32.39182680	-1.12777380	30.94582898	8.86353008	0.70888069
13.49232365	31.18984222	0.03206172	32.33229579	-1.14245379	30.94632092	8.86596110	0.70868632
13.49604039	31.07748795	0.03217763	32.28481486	-1.20732686	30.94682275	8.86839211	0.70849205
13.49975713	30.97103310	0.03228824	32.24735559	-1.27632259	30.94734849	8.87082312	0.70829789
13.50347387	30.92761230	0.03233357	32.22099405	-1.29338205	30.94787052	8.87325411	0.70810384
13.50719062	30.93095970	0.03233007	32.20403187	-1.27307187	30.94840261	8.87568509	0.70790990
13.51090736	30.92531776	0.03233597	32.19613471	-1.27081671	30.94894479	8.87811607	0.70771606
13.51462410	30.90472603	0.03235751	32.19719364	-1.29246764	30.94949712	8.88054703	0.70752233
13.51834084	30.88345337	0.03237980	32.20733339	-1.32388039	30.95005966	8.88297799	0.70732870
13.52205758	30.88157272	0.03238177	32.22931605	-1.34774305	30.95064807	8.88540894	0.70713519
13.52577432	30.91551971	0.03234621	32.25923343	-1.34371343	30.95123145	8.88783987	0.70694178
13.52949106	30.96372414	0.03229586	32.30015295	-1.33642895	30.95182519	8.89027080	0.70674847
13.53320781	31.01588821	0.03224154	32.35336420	-1.33747620	30.95242935	8.89270172	0.70655527
13.53692455	31.05614281	0.03219975	32.42065820	-1.36451520	30.95304397	8.89513263	0.70636218
13.54064129	31.10301018	0.03215123	32.50468353	-1.40167353	30.95366911	8.89756353	0.70616920
13.54435803	31.21661377	0.03203422	32.61266378	-1.39604978	30.95432215	8.89999442	0.70597632
13.54807477	31.34671593	0.03190127	32.74602907	-1.39931307	30.95496878	8.90242530	0.70578355
13.55179151	31.45902061	0.03178739	32.92015207	-1.46113107	30.95562609	8.90485617	0.70559088
13.55550825	31.63990593	0.03160566	33.15960731	-1.51970131	30.95629413	8.90728704	0.70539832
13.55922500	32.02668381	0.03122396	33.51038819	-1.48370419	30.95697295	8.90971789	0.70520586
13.56294174	32.70412064	0.03057719	34.05497206	-1.35085106	30.95766262	8.91214873	0.70501352
13.56665848	33.75606537	0.02962431	34.96203670	-1.20597170	30.95838227	8.91457957	0.70482127
13.57037522	35.36199570	0.02827895	36.40092462	-1.03892862	30.95909407	8.91701039	0.70462913
13.57409196	37.75677490	0.02648531	38.68040344	-0.92362844	30.95981687	8.91944121	0.70443710
13.57780870	41.31722641	0.02420298	42.14475881	-0.82753281	30.96055073	8.92187202	0.70424517
13.58152544	46.44319916	0.02153168	47.12089025	-0.67769125	30.96129570	8.92430281	0.70405335
13.58524218	53.66301346	0.01863481	53.80805324	-0.14504024	30.96205183	8.92673360	0.70386163
13.58895893	62.93277740	0.01588997	62.38335001	0.54942699	30.96284008	8.92916438	0.70367002
13.59267567	74.04821777	0.01350471	71.92761512	2.12060288	30.96361900	8.93159515	0.70347852
13.59639241	86.00440979	0.01162731	81.70633109	4.29807891	30.96440926	8.93402591	0.70328712
13.60010915	97.41117859	0.01026576	90.32336407	7.08781493	30.96521089	8.93645666	0.70309582
13.60382589	106.76379395	0.00936647	96.07406559	10.68972841	30.96602396	8.93888740	0.70290463
13.60754263	112.49771118	0.00888907	97.48285654	15.01485446	30.96684852	8.94131813	0.70271354
13.61125937	113.87643433	0.00878145	93.98694210	19.88949190	30.96770739	8.94374885	0.70252256
13.61497612	110.65148926	0.00903738	86.75009076	23.90139824	30.96855541	8.94617956	0.70233168
13.61869286	103.80269623	0.00963366	77.41122697	26.39146903	30.96941508	8.94861027	0.70214090
13.62240960	94.47879028	0.01058439	67.58196700	26.89682300	30.97028647	8.95104096	0.70195024
13.62612634	84.01749420	0.01190228	58.46587195	25.55162205	30.97116962	8.95347164	0.70175967
13.62984308	73.77191925	0.01355529	50.78017824	22.99174076	30.97206460	8.95590232	0.70156921
13.63355982	64.49361420	0.01550541	44.67018255	19.82343145	30.97299612	8.95833298	0.70137885
13.63727656	56.48819733	0.01770281	40.39277538	16.09542162	30.97391523	8.96076364	0.70118860
13.64099330	49.79541397	0.02008217	37.48913752	12.30627648	30.97484633	8.96319429	0.70099845
13.64471005	44.34643555	0.02254973	35.61474326	8.73169274	30.97578947	8.96562492	0.70080841
13.64842679	40.10848618	0.02493238	34.44385023	5.66463577	30.97674471	8.96805555	0.70061846
13.65214353	36.99689102	0.02702930	33.71890927	3.27798173	30.97771210	8.97048617	0.70042863
13.65586027	34.77220535	0.02875860	33.25024445	1.52196055	30.97871835	8.97291678	0.70023889
13.65957701	33.31541824	0.03001613	32.94813081	0.36728719	30.97971056	8.97534738	0.70004926
13.66329375	32.44480896	0.03082157	32.73300323	-0.28819423	30.98071509	8.97777797	0.69985973
13.66701049	31.89820862	0.03134972	32.56973667	-0.67152767	30.98173201	8.98020855	0.69967031
13.67072724	31.48446274	0.03176170	32.43990865	-0.95544565	30.98276136	8.98263912	0.69948099
13.67444398	31.17637825	0.03207557	32.33366232	-1.15728432	30.98380320	8.98506968	0.69929177
13.67816072	30.97572899	0.03228334	32.24327687	-1.26754787	30.98488627	8.98750023	0.69910266
13.68187746	30.87988663	0.03238354	32.16995952	-1.29007252	30.98595362	8.98993077	0.69891365
13.68559420	30.83642006	0.03242919	32.10880116	-1.27238116	30.98703363	8.99236131	0.69872474
13.68931094	30.76070976	0.03250900	32.05811581	-1.29740581	30.98812636	8.99479183	0.69853593
13.69302768	30.68392944	0.03259035	32.01659769	-1.33266869	30.98923187	8.99722234	0.69834723
13.69674442	30.65656853	0.03261944	31.98329184	-1.32672284	30.99035021	8.99965285	0.69815863
13.70046117	30.67868042	0.03259593	31.95688356	-1.27820356	30.99151221	9.00208334	0.69797013
13.70417791	30.71020126	0.03256247	31.94432799	-1.23412699	30.99265675	9.00451383	0.69778174
13.70789465	30.68469620	0.03258954	31.93236520	-1.24766920	30.99381430	9.00694431	0.69759344
13.71161139	30.61428070	0.03266449	31.92689837	-1.31261737	30.99498491	9.00937477	0.69740525
13.71532813	30.56538773	0.03271675	31.92794274	-1.36255474	30.99616865	9.01180523	0.69721717
13.71904487	30.53822327	0.03274585	31.93568645	-1.39746345	30.99736557	9.01423568	0.69702918
13.72276161	30.53279495	0.03275167	31.95101185	-1.41821685	30.99860863	9.01666612	0.69684130
13.72647836	30.54606819	0.03273744	31.97372231	-1.42765431	30.99983244	9.01909655	0.69665351
13.73019510	30.55691147	0.03272582	32.00503512	-1.44812412	31.00106962	9.02152696	0.69646583
13.73391184	30.55028725	0.03273292	32.04628532	-1.49599832	31.00232021	9.02395737	0.69627826
13.73762858	30.55643082	0.03272634	32.09957483	-1.54314383	31.00358427	9.02638778	0.69609078
13.74134532	30.63329315	0.03264422	32.16845364	-1.53516064	31.00486186	9.02881817	0.69590341
13.74506206	30.76656532	0.03250282	32.26234714	-1.49578214	31.00618812	9.03124855	0.69571613
13.74877880	30.90327835	0.03235903	32.38907671	-1.48579871	31.00749332	9.03367892	0.69552896
13.75249554	31.09424782	0.03216029	32.57446271	-1.48021471	31.00881223	9.03610928	0.69534189
13.75621229	31.41633987	0.03183057	32.86150920	-1.44516920	31.01014490	9.03853963	0.69515492
13.75992903	31.96744347	0.03128183	33.32270881	-1.35526581	31.01149140	9.04096998	0.69496805
13.76364577	32.80252075	0.03048546	34.07041527	-1.26789427	31.01285178	9.04340031	0.69478129
13.76736251	34.02378464	0.02939120	35.30067531	-1.27689031	31.01426344	9.04583064	0.69459462
13.77107925	35.79437637	0.02793735	37.14350616	-1.34913016	31.01565214	9.04826095	0.69440806
13.77479599	38.46184540	0.02599979	39.81343436	-1.35158936	31.01705491	9.05069126	0.69422159
13.77851273	42.25089645	0.02366814	43.43808094	-1.18718494	31.01847180	9.05312155	0.69403523
13.78222948	47.27828979	0.02115136	48.01195131	-0.73366131	31.01990287	9.05555184	0.69384897
13.78594622	53.40412903	0.01872514	53.31849602	0.08563298	31.02134818	9.05798212	0.69366281
13.78966296	60.15152740	0.01662468	59.03132576	1.12020124	31.02284744	9.06041238	0.69347675
13.79337970	66.80568695	0.01496879	64.09100804	2.71467896	31.02432180	9.06284264	0.69329079
13.79709644	72.38545990	0.01381493	67.69789681	4.68756319	31.02581058	9.06527289	0.69310493
13.80081318	76.12001038	0.01313715	68.96292785	7.15708215	31.02731384	9.06770313	0.69291917
13.80452992	77.55591583	0.01289392	67.52093482	10.03498118	31.02883164	9.07013336	0.69273351
13.80824666	76.35692596	0.01309639	63.78442029	12.57250571	31.03036405	9.07256358	0.69254795
13.81196341	72.99098969	0.01370032	58.51073842	14.48025158	31.03195313	9.07499379	0.69236249
13.81568015	68.04868317	0.01469536	52.93840207	15.11028093	31.03351532	9.07742399	0.69217713
13.81939689	62.24733734	0.01606494	47.66377451	14.58356249	31.03509229	9.07985418	0.69199187
13.82311363	56.28281784	0.01776741	43.14343907	13.13937893	31.03668410	9.08228436	0.69180672
13.82683037	50.78754044	0.01968987	39.57757885	11.20996115	31.03829082	9.08471453	0.69162166
13.83054711	46.02597427	0.02172686	36.96273727	9.06323673	31.03991250	9.08714469	0.69143670
13.83426385	42.00794220	0.02380502	35.12351450	6.88442750	31.04159366	9.08957485	0.69125184
13.83798060	38.78084946	0.02578592	33.96227795	4.81857105	31.04324586	9.09200499	0.69106708
13.84169734	36.18630981	0.02763476	33.23213834	2.95417166	31.04491322	9.09443512	0.69088242
13.84541408	34.22465134	0.02921871	32.77915886	1.44549214	31.04659579	9.09686525	0.69069785
13.84913082	32.84701920	0.03044416	32.49401555	0.35300345	31.04829363	9.09929536	0.69051339
13.85284756	31.94753075	0.03130132	32.30640227	-0.35887127	31.05000680	9.10172547	0.69032903
13.85656430	31.35412598	0.03189373	32.17190162	-0.81777562	31.05178230	9.10415556	0.69014477
13.86028104	30.96692467	0.03229252	32.07432538	-1.10740038	31.05352674	9.10658565	0.68996060
13.86399779	30.67151070	0.03260355	31.99760439	-1.32609339	31.05528671	9.10901572	0.68977654
13.86771453	30.47862625	0.03280988	31.93540160	-1.45677560	31.05706225	9.11144579	0.68959257
13.87143127	30.41900253	0.03287419	31.88414238	-1.46513938	31.05885344	9.11387585	0.68940870
13.87514801	30.44510078	0.03284601	31.84169025	-1.39658925	31.06066034	9.11630589	0.68922493
13.87886475	30.44506645	0.03284604	31.80806501	-1.36299901	31.06253248	9.11873593	0.68904126
13.88258149	30.38884544	0.03290681	31.77948738	-1.39064238	31.06437140	9.12116596	0.68885769
13.88629823	30.29094505	0.03301317	31.75645224	-1.46550724	31.06622621	9.12359598	0.68867422
13.89001497	30.17451859	0.03314055	31.73838305	-1.56386405	31.06809698	9.12602599	0.68849084
13.89373172	30.13452721	0.03318453	31.72485730	-1.59033030	31.06998377	9.12845599	0.68830756
13.89744846	30.17263985	0.03314261	31.71556859	-1.54292859	31.07188664	9.13088598	0.68812439
13.90116520	30.21478081	0.03309638	31.71024925	-1.49546825	31.07385775	9.13331596	0.68794131
13.90488194	30.22606087	0.03308403	31.70909869	-1.48303769	31.07579341	9.13574593	0.68775832
13.90859868	30.18282509	0.03313142	31.71194584	-1.52912084	31.07774534	9.13817589	0.68757544
13.91231542	30.13435173	0.03318472	31.71892444	-1.58457244	31.07971361	9.14060584	0.68739265
13.91603216	30.14926720	0.03316830	31.73028797	-1.58102097	31.08169827	9.14303578	0.68720997
13.91974891	30.18755531	0.03312623	31.74643229	-1.55887729	31.08369940	9.14546571	0.68702738
13.92346565	30.20041084	0.03311213	31.76863434	-1.56822334	31.08577181	9.14789564	0.68684488
13.92718239	30.19853783	0.03311419	31.79667989	-1.59814189	31.08780650	9.15032555	0.68666249
13.93089913	30.20624542	0.03310574	31.83262046	-1.62637546	31.08985784	9.15275545	0.68648019
13.93461587	30.23268890	0.03307678	31.87923314	-1.64654414	31.09192590	9.15518535	0.68629799
13.93833261	30.25867653	0.03304837	31.94168321	-1.68300621	31.09401073	9.15761523	0.68611589
13.94204935	30.31012535	0.03299228	32.02977830	-1.71965330	31.09611242	9.16004510	0.68593388
13.94576609	30.42520905	0.03286748	32.16600790	-1.74079890	31.09828850	9.16247497	0.68575198
13.94948284	30.63949585	0.03263761	32.37577949	-1.73628349	31.10042452	9.16490482	0.68557016
13.95319958	31.02537537	0.03223168	32.71349353	-1.68811853	31.10257758	9.16733467	0.68538845
13.95691632	31.64111328	0.03160445	33.25425679	-1.61314379	31.10474775	9.16976451	0.68520683
13.96063306	32.51465225	0.03075537	34.09574423	-1.58109223	31.10693508	9.17219433	0.68502531
13.96434980	33.75577545	0.02962456	35.38555654	-1.62978154	31.10919947	9.17462415	0.68484389
13.96806654	35.56518173	0.02811739	37.14779810	-1.58261610	31.11142179	9.17705395	0.68466257
13.97178328	37.97126770	0.02633570	39.44616820	-1.47490020	31.11366148	9.17948375	0.68448134
13.97550003	41.05154037	0.02435962	42.21799741	-1.16645741	31.11591860	9.18191354	0.68430020
13.97921677	44.59870911	0.02242217	45.27021605	-0.67150705	31.11819322	9.18434332	0.68411917
13.98293351	48.29439926	0.02070633	48.26145687	0.03294213	31.12048538	9.18677309	0.68393823
13.98665025	51.73285675	0.01933007	50.71583263	1.01702437	31.12279518	9.18920284	0.68375739
13.99036699	54.40562439	0.01838045	52.11792825	2.28769575	31.12518581	9.19163259	0.68357664
13.99408373	55.91305161	0.01788491	52.01515178	3.89790022	31.12753152	9.19406233	0.68339599
13.99780047	55.98189926	0.01786292	50.49253437	5.48936463	31.12989506	9.19649206	0.68321543
14.00151721	54.77727890	0.01825574	47.95711812	6.82016088	31.13227648	9.19892178	0.68303497
14.00523396	52.43473434	0.01907133	44.94372476	7.49100924	31.13467586	9.20135149	0.68285461
14.00895070	49.39326096	0.02024568	41.83852653	7.55473447	31.13715884	9.20378119	0.68267435
14.01266744	46.15497971	0.02166613	39.13254664	7.02243336	31.13959481	9.20621088	0.68249418
14.01638418	43.10788345	0.02319761	36.91443092	6.19345208	31.14204892	9.20864056	0.68231410
14.02010092	40.36942291	0.02477122	35.23445377	5.13496923	31.14452126	9.21107024	0.68213412
14.02381766	37.89251328	0.02639044	34.04474120	3.84777180	31.14701188	9.21349990	0.68195424
14.02753440	35.78130722	0.02794755	33.25111956	2.53018744	31.14952086	9.21592955	0.68177445
14.03125115	34.14853287	0.02928383	32.73591192	1.41262108	31.15211681	9.21835919	0.68159476
14.03496789	32.94369507	0.03035482	32.42892898	0.51476602	31.15466318	9.22078882	0.68141516
14.03868463	32.00203323	0.03124801	32.24152871	-0.23949571	31.15722811	9.22321845	0.68123566
14.04240137	31.28106880	0.03196822	32.12528982	-0.84422082	31.15981166	9.22564806	0.68105625
14.04611811	30.78964424	0.03247845	32.05053909	-1.26089509	31.16241389	9.22807766	0.68087694
14.04983485	30.50658035	0.03277981	32.00037291	-1.49379291	31.16503487	9.23050726	0.68069773
14.05355159	30.33337021	0.03296699	31.96616073	-1.63279073	31.16774629	9.23293684	0.68051861
14.05726833	30.23675919	0.03307233	31.94259742	-1.70583842	31.17040549	9.23536642	0.68033958
14.06098508	30.17729950	0.03313749	31.92727448	-1.74997548	31.17308365	9.23779598	0.68016065
14.06470182	30.13892365	0.03317969	31.91884726	-1.77992326	31.17578084	9.24022554	0.67998181
14.06841856	30.15947723	0.03315707	31.91653350	-1.75705650	31.17849711	9.24265508	0.67980307
14.07213530	30.19576073	0.03311723	31.91987460	-1.72411360	31.18123255	9.24508462	0.67962442
14.07585204	30.17639160	0.03313849	31.92894008	-1.75254808	31.18406193	9.24751414	0.67944587
14.07956878	30.11850166	0.03320218	31.94317956	-1.82467756	31.18683641	9.24994366	0.67926741
14.08328552	30.06443787	0.03326189	31.96283353	-1.89839553	31.18963026	9.25237317	0.67908905
14.08700227	30.07186890	0.03325367	31.98813472	-1.91626572	31.19244353	9.25480266	0.67891078
14.09071901	30.13114738	0.03318825	32.01945385	-1.88830685	31.19527631	9.25723215	0.67873261
14.09443575	30.16744041	0.03314832	32.05732982	-1.88988982	31.19812866	9.25966163	0.67855453
14.09815249	30.16758537	0.03314816	32.10380994	-1.93622494	31.20107855	9.26209109	0.67837654
14.10186923	30.15024567	0.03316723	32.15744631	-2.00720031	31.20397077	9.26452055	0.67819865
14.10558597	30.15326118	0.03316391	32.22060197	-2.06734097	31.20688278	9.26695000	0.67802085
14.10930271	30.20883751	0.03310290	32.29490252	-2.08606452	31.20981463	9.26937944	0.67784314
14.11301946	30.28370667	0.03302106	32.38263274	-2.09892574	31.21276640	9.27180887	0.67766553
14.11673620	30.34423828	0.03295519	32.48706819	-2.14283019	31.21573815	9.27423829	0.67748802
14.12045294	30.42821693	0.03286423	32.61726889	-2.18905189	31.21881109	9.27666769	0.67731059
14.12416968	30.60636711	0.03267294	32.77604913	-2.16968213	31.22182356	9.27909709	0.67713326
14.12788642	30.91573906	0.03234598	32.98409626	-2.06835726	31.22485622	9.28152648	0.67695603
14.13160316	31.31635475	0.03193220	33.27442833	-1.95807333	31.22790915	9.28395586	0.67677889
14.13531990	31.79805565	0.03144846	33.70684021	-1.90878421	31.23098241	9.28638523	0.67660184
14.13903664	32.53007126	0.03074079	34.38394951	-1.85387851	31.23407607	9.28881459	0.67642488
14.14275339	33.76899719	0.02961296	35.50396143	-1.73496443	31.23727465	9.29124394	0.67624802
14.14647013	35.62747192	0.02806823	37.24315276	-1.61568076	31.24040988	9.29367328	0.67607125
14.15018687	38.40385437	0.02603905	39.91476090	-1.51090690	31.24356573	9.29610261	0.67589457
14.15390361	42.43128204	0.02356752	43.82170980	-1.39042780	31.24674225	9.29853193	0.67571799
14.15762035	48.29785156	0.02070485	49.19808323	-0.90023123	31.24993954	9.30096125	0.67554150
14.16133709	56.01676941	0.01785180	56.09369188	-0.07692288	31.25315764	9.30339055	0.67536510
14.16505383	65.61452484	0.01524053	64.49898439	1.11554061	31.25648448	9.30581984	0.67518880
14.16877058	76.42005920	0.01308557	73.31569642	3.10436258	31.25974501	9.30824912	0.67501259
14.17248732	87.38490295	0.01144362	81.67967557	5.70522743	31.26302658	9.31067839	0.67483647
14.17620406	97.16390991	0.01029189	88.16142453	9.00248547	31.26632926	9.31310766	0.67466044
14.17992080	104.03926086	0.00961176	91.26590462	12.77335638	31.26965312	9.31553691	0.67448451
14.18363754	107.43955994	0.00930756	90.12304420	17.31651580	31.27299823	9.31796615	0.67430866
14.18735428	106.75151825	0.00936755	84.88835052	21.86316748	31.27645595	9.32039538	0.67413291
14.19107102	102.34808350	0.00977058	77.16923577	25.17884723	31.27984435	9.32282461	0.67395726
14.19478776	94.98084259	0.01052844	68.39829591	26.58254709	31.28325422	9.32525382	0.67378169
14.19850451	85.93576813	0.01163660	59.82519059	26.11057741	31.28668563	9.32768302	0.67360622
14.20222125	76.39237213	0.01309031	52.27754600	24.11482600	31.29013865	9.33011222	0.67343084
14.20593799	67.34257507	0.01484945	46.17838672	21.16418828	31.29361335	9.33254140	0.67325555
14.20965473	59.26047134	0.01687465	41.50032051	17.76015049	31.29720460	9.33497057	0.67308035
14.21337147	52.35138321	0.01910169	38.31841285	14.03297015	31.30072347	9.33739974	0.67290525
14.21708821	46.59686661	0.02146067	36.20538034	10.39148666	31.30426423	9.33982889	0.67273024
14.22080495	41.92122269	0.02385427	34.85171914	7.06950386	31.30782697	9.34225804	0.67255532
14.22452170	38.23266220	0.02615565	34.00983369	4.22282831	31.31141175	9.34468717	0.67238049
14.22823844	35.49366379	0.02817404	33.48074064	2.01292336	31.31501864	9.34711630	0.67220575
14.23195518	33.66593170	0.02970362	33.12690924	0.53902276	31.31874611	9.34954541	0.67203110
14.23567192	32.50143433	0.03076787	32.88886148	-0.38742748	31.32239806	9.35197452	0.67185655
14.23938866	31.72899628	0.03151691	32.71182961	-0.98283361	31.32607234	9.35440361	0.67168208
14.24310540	31.18567276	0.03206601	32.57251775	-1.38684475	31.32976903	9.35683270	0.67150771
14.24682214	30.76844788	0.03250083	32.45844849	-1.69000049	31.33348819	9.35926177	0.67133343
14.25053888	30.48592377	0.03280202	32.36274273	-1.87681873	31.33722991	9.36169084	0.67115924
14.25425563	30.34288979	0.03295665	32.27917508	-1.93628508	31.34109632	9.36411990	0.67098514
14.25797237	30.30756187	0.03299507	32.20938321	-1.90182121	31.34488398	9.36654894	0.67081113
14.26168911	30.26115417	0.03304567	32.14903080	-1.88787680	31.34869442	9.36897798	0.67063722
14.26540585	30.13445282	0.03318461	32.09656557	-1.96211257	31.35252770	9.37140700	0.67046339
14.26912259	30.01630211	0.03331523	32.05079449	-2.03449249	31.35638391	9.37383602	0.67028965
14.27283933	29.95841408	0.03337960	32.01073506	-2.05232106	31.36026312	9.37626503	0.67011601
14.27655607	29.94013596	0.03339998	31.97469980	-2.03456380	31.36427118	9.37869402	0.66994246
14.28027282	29.94357491	0.03339615	31.94388702	-2.00031202	31.36819723	9.38112301	0.66976899
14.28398956	29.90786743	0.03343602	31.91674052	-2.00887352	31.37214650	9.38355199	0.66959562
14.28770630	29.86594963	0.03348295	31.89280297	-2.02685297	31.37611906	9.38598096	0.66942234
14.29142304	29.82627296	0.03352749	31.87166816	-2.04539516	31.38011498	9.38840991	0.66924914
14.29513978	29.77309036	0.03358738	31.85301208	-2.07992208	31.38413436	9.39083886	0.66907604
14.29885652	29.78112030	0.03357832	31.83613997	-2.05501997	31.38828684	9.39326780	0.66890303
14.30257326	29.78054619	0.03357897	31.82168453	-2.04113853	31.39235396	9.39569673	0.66873011
14.30629000	29.71921539	0.03364826	31.80897168	-2.08975668	31.39644474	9.39812564	0.66855728
14.31000675	29.70936012	0.03365943	31.79782363	-2.08846363	31.40055928	9.40055455	0.66838454
14.31372349	29.73023605	0.03363579	31.78809027	-2.05785427	31.40469763	9.40298345	0.66821189
14.31744023	29.71488762	0.03365316	31.77963090	-2.06474290	31.40885987	9.40541234	0.66803932
14.32115697	29.69914246	0.03367101	31.77215135	-2.07300935	31.41315955	9.40784122	0.66786685
14.32487371	29.73168373	0.03363415	31.76594552	-2.03426152	31.41737046	9.41027009	0.66769447
14.32859045	29.79240036	0.03356561	31.76070785	-1.96830785	31.42160549	9.41269894	0.66752218
14.33230719	29.78540039	0.03357350	31.75636479	-1.97096479	31.42586471	9.41512779	0.66734998
14.33602394	29.69415283	0.03367666	31.75284925	-2.05869625	31.43014821	9.41755663	0.66717786
14.33974068	29.60933113	0.03377314	31.75010451	-2.14077351	31.43445606	9.41998546	0.66700584
14.34345742	29.59812737	0.03378592	31.74803043	-2.14990343	31.43890575	9.42241428	0.66683390
14.34717416	29.62703514	0.03375296	31.74669295	-2.11965795	31.44326319	9.42484309	0.66666206
14.35089090	29.61088943	0.03377136	31.74599055	-2.13510155	31.44764520	9.42727189	0.66649030
14.35460764	29.57536507	0.03381192	31.74588739	-2.17052239	31.45205187	9.42970068	0.66631864
14.35832438	29.55591202	0.03383418	31.74635635	-2.19044435	31.45648326	9.43212945	0.66614706
14.36204113	29.51418304	0.03388202	31.74737317	-2.23319017	31.46093947	9.43455822	0.66597557
14.36575787	29.46996689	0.03393285	31.74896729	-2.27900029	31.46554201	9.43698698	0.66580417
14.36947461	29.49730873	0.03390140	31.75103674	-2.25372774	31.47004874	9.43941573	0.66563286
14.37319135	29.56525803	0.03382348	31.75360429	-2.18834629	31.47458050	9.44184447	0.66546164
14.37690809	29.60492897	0.03377816	31.75666079	-2.15173179	31.47913738	9.44427320	0.66529051
14.38062483	29.61190414	0.03377020	31.76019929	-2.14829529	31.48371945	9.44670192	0.66511946
14.38434157	29.56256485	0.03382656	31.76421725	-2.20165225	31.48832680	9.44913063	0.66494851
14.38805831	29.49224091	0.03390722	31.76884321	-2.27660221	31.49308505	9.45155933	0.66477764
14.39177506	29.48102760	0.03392012	31.77383734	-2.29280934	31.49774386	9.45398802	0.66460686
14.39549180	29.52841377	0.03386569	31.77932195	-2.25090795	31.50242817	9.45641670	0.66443617
14.39920854	29.56969261	0.03381841	31.78926392	-2.21957092	31.50713806	9.45884537	0.66426557
14.40292528	29.56745529	0.03382097	31.79579288	-2.22833788	31.51187361	9.46127403	0.66409506
14.40664202	29.56978035	0.03381831	31.80285667	-2.23307667	31.51663490	9.46370268	0.66392463
14.41035876	29.58143997	0.03380498	31.81069205	-2.22925205	31.52155175	9.46613132	0.66375429
14.41407550	29.54830933	0.03384288	31.81891422	-2.27060522	31.52636545	9.46855995	0.66358404
14.41779225	29.53602409	0.03385696	31.82775741	-2.29173341	31.53120512	9.47098857	0.66341388
14.42150899	29.57030296	0.03381771	31.83726100	-2.26695800	31.53607085	9.47341718	0.66324381
14.42522573	29.54915619	0.03384191	31.84151586	-2.29235986	31.54096270	9.47584578	0.66307383
14.42894247	29.50140381	0.03389669	31.85253273	-2.35112873	31.54588077	9.47827437	0.66290393
14.43265921	29.50321007	0.03389462	31.86471264	-2.36150264	31.55095912	9.48070295	0.66273412
14.43637595	29.53142166	0.03386224	31.87749158	-2.34606958	31.55593056	9.48313152	0.66256440
14.44009269	29.58063316	0.03380590	31.89126727	-2.31063427	31.56092844	9.48556008	0.66239476
14.44380943	29.62981606	0.03374979	31.90615133	-2.27633533	31.56595285	9.48798863	0.66222521
14.44752618	29.61091423	0.03377133	31.92226793	-2.31135393	31.57100387	9.49041717	0.66205576
14.45124292	29.55447006	0.03383583	31.93976324	-2.38529324	31.57608157	9.49284570	0.66188638
14.45495966	29.53909874	0.03385344	31.95936051	-2.42026151	31.58132437	9.49527422	0.66171710
14.45867640	29.58354187	0.03380258	31.98024192	-2.39669992	31.58645640	9.49770273	0.66154790
14.46239314	29.64993668	0.03372688	32.00315762	-2.35322062	31.59161536	9.50013123	0.66137879
14.46610988	29.68108177	0.03369149	32.02841121	-2.34732921	31.59680133	9.50255972	0.66120977
14.46982662	29.65085030	0.03372585	32.05638895	-2.40553895	31.60201438	9.50498820	0.66104083
14.47354337	29.60137939	0.03378221	32.08754845	-2.48616945	31.60725460	9.50741668	0.66087198
14.47726011	29.60992432	0.03377246	32.12346485	-2.51354085	31.61266480	9.50984514	0.66070322
14.48097685	29.66029739	0.03371510	32.16303005	-2.50273305	31.61796033	9.51227359	0.66053455
14.48469359	29.65706253	0.03371878	32.20816510	-2.55110210	31.62328327	9.51470203	0.66036596
14.48841033	29.61336136	0.03376854	32.26041759	-2.64705659	31.62863369	9.51713046	0.66019746
14.49212707	29.69541931	0.03367523	32.32232472	-2.62690572	31.63401168	9.51955888	0.66002904
14.49584381	29.85635376	0.03349371	32.39848347	-2.54212947	31.63941732	9.52198729	0.65986071
14.49956055	29.94602585	0.03339341	32.50049055	-2.55446455	31.64499793	9.52441569	0.65969247
14.50327730	30.07215500	0.03325335	32.63910192	-2.56694692	31.65045986	9.52684408	0.65952431
14.50699404	30.36898804	0.03292833	32.84483429	-2.47584629	31.65594969	9.52927246	0.65935625
14.51071078	30.77590752	0.03249295	33.16405876	-2.38815076	31.66146749	9.53170083	0.65918826
14.51442752	31.30294228	0.03194588	33.66670847	-2.36376647	31.66701335	9.53412919	0.65902037
14.51814426	32.11746979	0.03113570	34.44796461	-2.33049461	31.67258735	9.53655754	0.65885256
14.52186100	33.43379593	0.02990986	35.65771640	-2.22392040	31.67834137	9.53898588	0.65868483
14.52557774	35.23917770	0.02837751	37.34151309	-2.10233509	31.68397265	9.54141421	0.65851719
14.52929449	37.73962402	0.02649735	39.59051642	-1.85089242	31.68963232	9.54384253	0.65834964
14.53301123	40.92868042	0.02443274	42.38738586	-1.45870586	31.69532046	9.54627084	0.65818218
14.53672797	44.78203583	0.02233038	45.58882021	-0.80678421	31.70103714	9.54869914	0.65801480
14.54044471	49.06227112	0.02038226	48.90042168	0.16184932	31.70678245	9.55112743	0.65784750
14.54416145	53.14530182	0.01881634	51.94487432	1.20042768	31.71271293	9.55355571	0.65768029
14.54787819	56.61768723	0.01766233	53.98480321	2.63288379	31.71851653	9.55598398	0.65751317
14.55159493	58.98165894	0.01695442	54.59931461	4.38234439	31.72434901	9.55841224	0.65734613
14.55531167	59.99875259	0.01666701	53.61453885	6.38421415	31.73021045	9.56084049	0.65717918
14.55902842	59.45743561	0.01681875	51.31300249	8.14443351	31.73610094	9.56326873	0.65701231
14.56274516	57.46148300	0.01740296	48.24197860	9.21950440	31.74202055	9.56569696	0.65684553
14.56646190	54.50163651	0.01834807	44.86041055	9.64122645	31.74813056	9.56812518	0.65667884
14.57017864	51.01047897	0.01960382	41.77016476	9.24031424	31.75410947	9.57055339	0.65651223
14.57389538	47.39340973	0.02109998	39.13217727	8.26123273	31.76011776	9.57298159	0.65634570
14.57761212	43.92076111	0.02276828	37.05762690	6.86313410	31.76615551	9.57540978	0.65617926
14.58132886	40.83103561	0.02449117	35.53845096	5.29258504	31.77222281	9.57783796	0.65601291
14.58504561	38.26250839	0.02613524	34.49520702	3.76730098	31.77831973	9.58026612	0.65584664
14.58876235	36.10442352	0.02769744	33.80273465	2.30168935	31.78461237	9.58269428	0.65568045
14.59247909	34.36376190	0.02910042	33.38616238	0.97759962	31.79076961	9.58512243	0.65551435
14.59619583	32.98646927	0.03031546	33.13385800	-0.14738900	31.79695673	9.58755057	0.65534834
14.59991257	31.98387527	0.03126575	32.98240375	-0.99852875	31.80317382	9.58997870	0.65518240
14.60362931	31.30039978	0.03194847	32.89082781	-1.59042781	31.80942096	9.59240682	0.65501656
14.60734605	30.85385895	0.03241086	32.83480202	-1.98094302	31.81569823	9.59483493	0.65485080
14.61106280	30.58281898	0.03269810	32.80022086	-2.21740186	31.82217661	9.59726303	0.65468512
14.61477954	30.42336655	0.03286947	32.78168454	-2.35831754	31.82851523	9.59969112	0.65451953
14.61849628	30.32462692	0.03297650	32.77440287	-2.44977587	31.83488423	9.60211919	0.65435402
14.62221302	30.27242661	0.03303336	32.77173278	-2.49930578	31.84128371	9.60454726	0.65418860
14.62592976	30.24617958	0.03306203	32.78221393	-2.53603393	31.84771375	9.60697532	0.65402326
14.62964650	30.29457855	0.03300921	32.80057003	-2.50599103	31.85417443	9.60940337	0.65385800
14.63336324	30.32745171	0.03297343	32.82745445	-2.50000245	31.86084172	9.61183141	0.65369283
14.63707998	30.26770401	0.03303852	32.86154096	-2.59383696	31.86736478	9.61425943	0.65352775
14.64079673	30.22085381	0.03308973	32.90375572	-2.68290172	31.87391874	9.61668745	0.65336274
14.64451347	30.21586990	0.03309519	32.95463909	-2.73876909	31.88050369	9.61911546	0.65319783
14.64823021	30.21387291	0.03309738	33.01501750	-2.80114450	31.88711971	9.62154346	0.65303299
14.65194695	30.26327515	0.03304335	33.08597149	-2.82269649	31.89376689	9.62397145	0.65286824
14.65566369	30.38974762	0.03290583	33.17134847	-2.78160047	31.90062625	9.62639942	0.65270357
14.65938043	30.52656746	0.03275835	33.26863113	-2.74206413	31.90733686	9.62882739	0.65253899
14.66309717	30.55266380	0.03273037	33.38244215	-2.82977815	31.91407888	9.63125535	0.65237449
14.66681392	30.52497292	0.03276006	33.51636549	-2.99139249	31.92085241	9.63368329	0.65221008
14.67053066	30.59958076	0.03268019	33.67601326	-3.07643226	31.92765752	9.63611123	0.65204574
14.67424740	30.80007172	0.03246746	33.87068317	-3.07061117	31.93449432	9.63853916	0.65188149
14.67796414	31.10475922	0.03214942	34.12486995	-3.02011095	31.94154896	9.64096707	0.65171733
14.68168088	31.51682472	0.03172908	34.45747028	-2.94064528	31.94845023	9.64339498	0.65155325
14.68539762	32.03094482	0.03121981	34.93308532	-2.90214032	31.95538344	9.64582288	0.65138925
14.68911436	32.84789276	0.03044335	35.65419771	-2.80630471	31.96234868	9.64825076	0.65122533
14.69283110	34.08676529	0.02933690	36.78783697	-2.70107197	31.96934603	9.65067864	0.65106150
14.69654785	35.98380280	0.02779028	38.58426208	-2.60045908	31.97637558	9.65310650	0.65089775
14.70026459	38.78168869	0.02578537	41.46959455	-2.68790555	31.98362873	9.65553436	0.65073408
14.70398133	43.20317459	0.02314645	45.68585878	-2.48268378	31.99072382	9.65796220	0.65057050
14.70769807	49.37643051	0.02025258	51.64872210	-2.27229110	31.99785137	9.66039004	0.65040700
14.71141481	58.08186722	0.01721708	59.56345196	-1.48158496	32.00501148	9.66281787	0.65024358
14.71513155	69.21331787	0.01444809	69.32828437	-0.11496637	32.01220422	9.66524568	0.65008025
14.71884829	82.47035217	0.01212557	80.40382813	2.06652387	32.01942970	9.66767348	0.64991700
14.72256504	96.80838776	0.01032968	92.03481752	4.77357048	32.02688461	9.67010128	0.64975383
14.72628178	110.38455200	0.00905924	101.97326365	8.41128835	32.03417669	9.67252906	0.64959074
14.72999852	121.72122955	0.00821549	108.57303324	13.14819676	32.04150177	9.67495684	0.64942774
14.73371526	128.90466309	0.00775767	110.15449288	18.75017012	32.04885993	9.67738460	0.64926481
14.73743200	131.43913269	0.00760808	106.25723241	25.18190059	32.05625127	9.67981236	0.64910197
14.74114874	128.78785706	0.00776471	97.97612717	30.81172983	32.06367586	9.68224010	0.64893922
14.74486548	121.66886902	0.00821903	86.92003090	34.74883810	32.07133583	9.68466783	0.64877654
14.74858222	111.57731628	0.00896240	75.54807256	36.02924344	32.07882811	9.68709556	0.64861395
14.75229897	99.87501526	0.01001251	64.95963104	34.91538396	32.08635392	9.68952327	0.64845144
14.75601571	87.95967865	0.01136885	55.98105910	31.97861990	32.09391334	9.69195097	0.64828901
14.75973245	76.83345795	0.01301516	48.94053078	27.89292722	32.10150648	9.69437867	0.64812666
14.76344919	66.97625732	0.01493066	43.79112261	23.18513439	32.10913341	9.69680635	0.64796440
14.76716593	58.58082962	0.01707043	40.16851991	18.41231009	32.11700174	9.69923402	0.64780222
14.77088267	51.46177292	0.01943190	37.87291984	13.58885316	32.12469745	9.70166168	0.64764012
14.77459941	45.56597137	0.02194620	36.41841784	9.14755316	32.13242723	9.70408933	0.64747810
14.77831616	40.96688080	0.02440996	35.50721947	5.45966153	32.14019116	9.70651698	0.64731616
14.78203290	37.53813553	0.02663958	34.92704093	2.61109507	32.14798934	9.70894461	0.64715431
14.78574964	35.08296967	0.02850386	34.53242514	0.55054486	32.15603402	9.71137223	0.64699253
14.78946638	33.54799271	0.02980804	34.26214687	-0.71415387	32.16390189	9.71379984	0.64683084
14.79318312	32.53702927	0.03073421	34.05933725	-1.52230825	32.17180429	9.71622744	0.64666923
14.79689986	31.82511330	0.03142173	33.90000387	-2.07489087	32.17974129	9.71865503	0.64650770
14.80061660	31.33104324	0.03191723	33.77129948	-2.44025648	32.18771299	9.72108261	0.64634625
14.80433334	31.01004219	0.03224762	33.66591041	-2.65586841	32.19571949	9.72351018	0.64618488
14.80805009	30.79114914	0.03247687	33.57935734	-2.78820834	32.20376086	9.72593774	0.64602360
14.81176683	30.66779518	0.03260750	33.50685026	-2.83905526	32.21205598	9.72836529	0.64586239
14.81548357	30.67749405	0.03259719	33.45002870	-2.77253470	32.22016834	9.73079283	0.64570127
14.81920031	30.71850777	0.03255366	33.40247962	-2.68397162	32.22831585	9.73322036	0.64554023
14.82291705	30.58304977	0.03269785	33.36847498	-2.78542498	32.23649862	9.73564788	0.64537927
14.82663379	30.34789658	0.03295121	33.34445656	-2.99655956	32.24471673	9.73807539	0.64521839
14.83035053	30.26027489	0.03304663	33.32962802	-3.06935302	32.25319382	9.74050289	0.64505759
14.83406728	30.30461693	0.03299827	33.32452041	-3.01990341	32.26148385	9.74293038	0.64489687
14.83778402	30.30355644	0.03299943	33.32864723	-3.02509123	32.26980948	9.74535785	0.64473623
14.84150076	30.27838898	0.03302686	33.34237116	-3.06398216	32.27817083	9.74778532	0.64457568
14.84521750	30.27525330	0.03303028	33.36646993	-3.09121693	32.28656798	9.75021278	0.64441520
14.84893424	30.31279182	0.03298937	33.40240449	-3.08961249	32.29500102	9.75264023	0.64425480
14.85265098	30.39244080	0.03290292	33.45444890	-3.06200790	32.30369944	9.75506766	0.64409449
14.85636772	30.48010254	0.03280829	33.52503213	-3.04492913	32.31220552	9.75749509	0.64393425
14.86008446	30.55842400	0.03272420	33.62507319	-3.06664919	32.32074778	9.75992251	0.64377410
14.86380121	30.67884254	0.03259575	33.77275116	-3.09390816	32.32932630	9.76234991	0.64361402
14.86751795	30.88945389	0.03237351	34.00058089	-3.11112689	32.33794117	9.76477731	0.64345403
14.87123469	31.22912788	0.03202139	34.36280619	-3.13367819	32.34659250	9.76720470	0.64329412
14.87495143	31.82236671	0.03142444	34.96280514	-3.14043814	32.35551569	9.76963207	0.64313428
14.87866817	32.90060806	0.03039458	35.88738935	-2.98678135	32.36424119	9.77205944	0.64297453
14.88238491	34.39177322	0.02907672	37.28900608	-2.89723308	32.37300342	9.77448679	0.64281485
14.88610165	36.43125534	0.02744896	39.30904750	-2.87779250	32.38180248	9.77691414	0.64265526
14.88981840	39.17288589	0.02552786	42.04632609	-2.87344009	32.39063846	9.77934147	0.64249575
14.89353514	42.95650101	0.02327936	45.50454130	-2.54804030	32.39951146	9.78176879	0.64233631
14.89725188	47.60083008	0.02100804	49.65257539	-2.05174539	32.40866289	9.78419611	0.64217696
14.90096862	52.72960663	0.01896468	53.93228106	-1.20267406	32.41761119	9.78662341	0.64201769
14.90468536	57.81061554	0.01729786	57.90656994	-0.09595394	32.42659680	9.78905070	0.64185849
14.90840210	62.22370911	0.01607104	60.86923274	1.35447626	32.43561980	9.79147799	0.64169938
14.91211884	65.50088501	0.01526697	62.11975574	3.38112926	32.44468028	9.79390526	0.64154034
14.91583559	67.02524567	0.01491975	61.30298732	5.72225868	32.45377834	9.79633252	0.64138138
14.91955233	66.89587402	0.01494861	58.56529250	8.33058150	32.46316152	9.79875977	0.64122251
14.92326907	65.00339508	0.01538381	54.72684733	10.27654767	32.47233604	9.80118702	0.64106371
14.92698581	61.71570587	0.01620333	50.46204107	11.25366493	32.48154844	9.80361425	0.64090499
14.93070255	57.40927505	0.01741879	46.34571037	11.06356463	32.49079880	9.80604147	0.64074635
14.93441929	52.84013367	0.01892501	42.75256715	10.08756685	32.50008721	9.80846868	0.64058779
14.93813603	48.56242371	0.02059205	39.86230299	8.70012101	32.50941378	9.81089588	0.64042931
14.94185277	44.78050613	0.02233115	37.65047090	7.13003510	32.51903222	9.81332307	0.64027091
14.94556952	41.52520752	0.02408176	36.14747467	5.37773333	32.52843642	9.81575025	0.64011259
14.94928626	38.70734787	0.02583489	35.14790397	3.55944403	32.53787905	9.81817742	0.63995435
14.95300300	36.35051346	0.02750993	34.50922320	1.84128980	32.54736022	9.82060458	0.63979618
14.95671974	34.42159653	0.02905153	34.10951990	0.31207710	32.55688002	9.82303173	0.63963810
14.96043648	32.89827347	0.03039673	33.85844807	-0.96017507	32.56643855	9.82545886	0.63948009
14.96415322	31.79579163	0.03145070	33.69218050	-1.89638850	32.57629583	9.82788599	0.63932216
14.96786996	31.13154602	0.03212176	33.58232529	-2.45077929	32.58593315	9.83031311	0.63916431
14.97158671	30.72622681	0.03254549	33.50301762	-2.77679062	32.59560950	9.83274022	0.63900654
14.97530345	30.40345383	0.03289100	33.44305062	-3.03959662	32.60532495	9.83516731	0.63884885
14.97902019	30.12520409	0.03319480	33.39644676	-3.27124276	32.61507962	9.83759440	0.63869123
14.98273693	29.96623802	0.03337089	33.35987733	-3.39363933	32.62487360	9.84002148	0.63853370
14.98645367	29.94263077	0.03339720	33.33070044	-3.38806944	32.63497330	9.84244854	0.63837624
14.99017041	29.92072868	0.03342165	33.30913414	-3.38840514	32.64484726	9.84487560	0.63821886
14.99388715	29.84132004	0.03351058	33.29344201	-3.45212201	32.65476081	9.84730264	0.63806156
14.99760389	29.80008698	0.03355695	33.28300321	-3.48291621	32.66471407	9.84972968	0.63790434
15.00132064	29.80000496	0.03355704	0.00000000	0.00000000	0.00000000	9.85215670	0.63774720
15.00503738	29.71087456	0.03365771	0.00000000	0.00000000	0.00000000	9.85458372	0.63759013
15.00875412	29.60091591	0.03378274	0.00000000	0.00000000	0.00000000	9.85701072	0.63743314
15.01247086	29.64432526	0.03373327	0.00000000	0.00000000	0.00000000	9.85943772	0.63727623
15.01618760	29.74713898	0.03361668	0.00000000	0.00000000	0.00000000	9.86186470	0.63711940
15.01990434	29.75161362	0.03361162	0.00000000	0.00000000	0.00000000	9.86429167	0.63696264
15.02362108	29.74181557	0.03362270	0.00000000	0.00000000	0.00000000	9.86671863	0.63680597
15.02733783	29.80452919	0.03355195	0.00000000	0.00000000	0.00000000	9.86914559	0.63664937
15.03105457	29.86874008	0.03347982	0.00000000	0.00000000	0.00000000	9.87157253	0.63649285
15.03477131	29.89481926	0.03345061	0.00000000	0.00000000	0.00000000	9.87399946	0.63633640
15.03848805	29.94920921	0.03338986	0.00000000	0.00000000	0.00000000	9.87642638	0.63618004
15.04220479	30.03088188	0.03329906	0.00000000	0.00000000	0.00000000	9.87885329	0.63602375
15.04592153	30.10210609	0.03322027	0.00000000	0.00000000	0.00000000	9.88128019	0.63586754
15.04963827	30.25098228	0.03305678	0.00000000	0.00000000	0.00000000	9.88370708	0.63571140
15.05335501	30.62359238	0.03265456	0.00000000	0.00000000	0.00000000	9.88613396	0.63555535
15.05707176	31.19830322	0.03205303	0.00000000	0.00000000	0.00000000	9.88856083	0.63539937
15.06078850	31.96231270	0.03128685	0.00000000	0.00000000	0.00000000	9.89098769	0.63524347
15.06450524	33.02404404	0.03028097	0.00000000	0.00000000	0.00000000	9.89341453	0.63508764
15.06822198	34.60089874	0.02890098	0.00000000	0.00000000	0.00000000	9.89584137	0.63493189
15.07193872	36.57620239	0.02734018	0.00000000	0.00000000	0.00000000	9.89826820	0.63477622
15.07565546	39.05250168	0.02560655	0.00000000	0.00000000	0.00000000	9.90069501	0.63462063
15.07937220	41.73648834	0.02395985	0.00000000	0.00000000	0.00000000	9.90312182	0.63446511
15.08308895	44.29147339	0.02257771	0.00000000	0.00000000	0.00000000	9.90554862	0.63430967
15.08680569	46.55264282	0.02148106	0.00000000	0.00000000	0.00000000	9.90797540	0.63415431
15.09052243	48.19672012	0.02074830	0.00000000	0.00000000	0.00000000	9.91040218	0.63399902
15.09423917	49.06552505	0.02038091	0.00000000	0.00000000	0.00000000	9.91282894	0.63384381
15.09795591	48.70117950	0.02053338	0.00000000	0.00000000	0.00000000	9.91525570	0.63368868
15.10167265	47.51029587	0.02104807	0.00000000	0.00000000	0.00000000	9.91768244	0.63353362
15.10538939	45.62361526	0.02191847	0.00000000	0.00000000	0.00000000	9.92010917	0.63337865
15.10910613	43.33018494	0.02307860	0.00000000	0.00000000	0.00000000	9.92253590	0.63322374
15.11282288	40.94178009	0.02442493	0.00000000	0.00000000	0.00000000	9.92496261	0.63306891
15.11653962	38.76296616	0.02579782	0.00000000	0.00000000	0.00000000	9.92738931	0.63291416
15.12025636	36.90371323	0.02709754	0.00000000	0.00000000	0.00000000	9.92981600	0.63275949
15.12397310	35.25368500	0.02836583	0.00000000	0.00000000	0.00000000	9.93224268	0.63260489
15.12768984	33.84683990	0.02954486	0.00000000	0.00000000	0.00000000	9.93466936	0.63245037
15.13140658	32.68029022	0.03059948	0.00000000	0.00000000	0.00000000	9.93709602	0.63229592
15.13512332	31.75033569	0.03149573	0.00000000	0.00000000	0.00000000	9.93952267	0.63214155
15.13884007	31.02094269	0.03223629	0.00000000	0.00000000	0.00000000	9.94194930	0.63198726
15.14255681	30.51269913	0.03277324	0.00000000	0.00000000	0.00000000	9.94437593	0.63183304
15.14627355	30.03943253	0.03328958	0.00000000	0.00000000	0.00000000	9.94680255	0.63167890
15.14999029	29.74269104	0.03362171	0.00000000	0.00000000	0.00000000	9.94922916	0.63152484
15.15370703	29.68943596	0.03368201	0.00000000	0.00000000	0.00000000	9.95165576	0.63137085
15.15742377	29.65741730	0.03371838	0.00000000	0.00000000	0.00000000	9.95408234	0.63121693
15.16114051	29.60252762	0.03378090	0.00000000	0.00000000	0.00000000	9.95650892	0.63106309
15.16485726	29.57279205	0.03381487	0.00000000	0.00000000	0.00000000	9.95893549	0.63090933
15.16857400	29.53522301	0.03385788	0.00000000	0.00000000	0.00000000	9.96136204	0.63075564
15.17229074	29.55083275	0.03383999	0.00000000	0.00000000	0.00000000	9.96378859	0.63060203
15.17600748	29.56407547	0.03382484	0.00000000	0.00000000	0.00000000	9.96621512	0.63044849
15.17972422	29.55848503	0.03383123	0.00000000	0.00000000	0.00000000	9.96864165	0.63029503
15.18344096	29.56637955	0.03382220	0.00000000	0.00000000	0.00000000	9.97106816	0.63014165
15.18715770	29.55918503	0.03383043	0.00000000	0.00000000	0.00000000	9.97349466	0.62998834
15.19087444	29.59244919	0.03379240	0.00000000	0.00000000	0.00000000	9.97592116	0.62983510
15.19459119	29.67580605	0.03369748	0.00000000	0.00000000	0.00000000	9.97834764	0.62968194
15.19830793	29.69530487	0.03367536	0.00000000	0.00000000	0.00000000	9.98077411	0.62952886
15.20202467	29.65819931	0.03371749	0.00000000	0.00000000	0.00000000	9.98320057	0.62937585
15.20574141	29.67088699	0.03370307	0.00000000	0.00000000	0.00000000	9.98562702	0.62922291
15.20945815	29.70550728	0.03366379	0.00000000	0.00000000	0.00000000	9.98805346	0.62907005
15.21317489	29.70667076	0.03366247	0.00000000	0.00000000	0.00000000	9.99047989	0.62891727
15.21689163	29.68943977	0.03368201	0.00000000	0.00000000	0.00000000	9.99290631	0.62876456
15.22060838	29.74953842	0.03361397	0.00000000	0.00000000	0.00000000	9.99533272	0.62861192
15.22432512	29.96462440	0.03337269	0.00000000	0.00000000	0.00000000	9.99775912	0.62845936
15.22804186	30.16859818	0.03314705	0.00000000	0.00000000	0.00000000	10.00018551	0.62830688
15.23175860	30.44056511	0.03285090	0.00000000	0.00000000	0.00000000	10.00261188	0.62815446
15.23547534	30.98929214	0.03226921	0.00000000	0.00000000	0.00000000	10.00503825	0.62800213
15.23919208	31.81092262	0.03143574	0.00000000	0.00000000	0.00000000	10.00746461	0.62784987
15.24290882	32.98247910	0.03031913	0.00000000	0.00000000	0.00000000	10.00989095	0.62769768
15.24662556	34.62856674	0.02887789	0.00000000	0.00000000	0.00000000	10.01231729	0.62754556
15.25034231	36.64531326	0.02728862	0.00000000	0.00000000	0.00000000	10.01474361	0.62739353
15.25405905	38.71488190	0.02582986	0.00000000	0.00000000	0.00000000	10.01716992	0.62724156
15.25777579	40.90878677	0.02444463	0.00000000	0.00000000	0.00000000	10.01959623	0.62708967
15.26149253	42.89271545	0.02331398	0.00000000	0.00000000	0.00000000	10.02202252	0.62693786
15.26520927	44.33367538	0.02255622	0.00000000	0.00000000	0.00000000	10.02444880	0.62678611
15.26892601	45.20948792	0.02211925	0.00000000	0.00000000	0.00000000	10.02687508	0.62663445
15.27264275	45.22149658	0.02211338	0.00000000	0.00000000	0.00000000	10.02930134	0.62648285
15.27635950	44.51045990	0.02246663	0.00000000	0.00000000	0.00000000	10.03172759	0.62633133
15.28007624	43.03610229	0.02323631	0.00000000	0.00000000	0.00000000	10.03415383	0.62617989
15.28379298	41.32029724	0.02420118	0.00000000	0.00000000	0.00000000	10.03658006	0.62602851
15.28750972	39.48122025	0.02532850	0.00000000	0.00000000	0.00000000	10.03900628	0.62587722
15.29122646	37.69160080	0.02653111	0.00000000	0.00000000	0.00000000	10.04143248	0.62572599
15.29494320	36.18293762	0.02763734	0.00000000	0.00000000	0.00000000	10.04385868	0.62557484
15.29865994	34.83621216	0.02870576	0.00000000	0.00000000	0.00000000	10.04628487	0.62542376
15.30237668	33.55706787	0.02979998	0.00000000	0.00000000	0.00000000	10.04871105	0.62527276
15.30609343	32.38223648	0.03088113	0.00000000	0.00000000	0.00000000	10.05113721	0.62512183
15.30981017	31.54488945	0.03170086	0.00000000	0.00000000	0.00000000	10.05356337	0.62497098
15.31352691	31.00595665	0.03225187	0.00000000	0.00000000	0.00000000	10.05598951	0.62482019
15.31724365	30.66376305	0.03261178	0.00000000	0.00000000	0.00000000	10.05841565	0.62466948
15.32096039	30.23956108	0.03306926	0.00000000	0.00000000	0.00000000	10.06084177	0.62451885
15.32467713	29.93951797	0.03340067	0.00000000	0.00000000	0.00000000	10.06326788	0.62436828
15.32839387	29.80825043	0.03354776	0.00000000	0.00000000	0.00000000	10.06569399	0.62421780
15.33211062	29.72195053	0.03364517	0.00000000	0.00000000	0.00000000	10.06812008	0.62406738
15.33582736	29.69863701	0.03367158	0.00000000	0.00000000	0.00000000	10.07054616	0.62391704
15.33954410	29.73186874	0.03363394	0.00000000	0.00000000	0.00000000	10.07297223	0.62376677
15.34326084	29.64731979	0.03372986	0.00000000	0.00000000	0.00000000	10.07539829	0.62361657
15.34697758	29.57451248	0.03381290	0.00000000	0.00000000	0.00000000	10.07782434	0.62346644
15.35069432	29.53022385	0.03386361	0.00000000	0.00000000	0.00000000	10.08025038	0.62331639
15.35441106	29.44261360	0.03396438	0.00000000	0.00000000	0.00000000	10.08267641	0.62316641
15.35812780	29.44409180	0.03396267	0.00000000	0.00000000	0.00000000	10.08510243	0.62301651
15.36184455	29.57271576	0.03381495	0.00000000	0.00000000	0.00000000	10.08752843	0.62286668
15.36556129	29.76468849	0.03359686	0.00000000	0.00000000	0.00000000	10.08995443	0.62271692
15.36927803	29.91396141	0.03342921	0.00000000	0.00000000	0.00000000	10.09238042	0.62256723
15.37299477	29.97738838	0.03335848	0.00000000	0.00000000	0.00000000	10.09480639	0.62241761
15.37671151	29.97428703	0.03336193	0.00000000	0.00000000	0.00000000	10.09723236	0.62226807
15.38042825	29.97803307	0.03335776	0.00000000	0.00000000	0.00000000	10.09965831	0.62211860
15.38414499	30.22787666	0.03308205	0.00000000	0.00000000	0.00000000	10.10208426	0.62196920
15.38786174	30.55619431	0.03272659	0.00000000	0.00000000	0.00000000	10.10451019	0.62181988
15.39157848	30.83600426	0.03242962	0.00000000	0.00000000	0.00000000	10.10693611	0.62167063
15.39529522	31.20826530	0.03204279	0.00000000	0.00000000	0.00000000	10.10936202	0.62152145
15.39901196	31.83418846	0.03141277	0.00000000	0.00000000	0.00000000	10.11178792	0.62137234
15.40272870	32.79304504	0.03049427	0.00000000	0.00000000	0.00000000	10.11421381	0.62122330
15.40644544	34.63427734	0.02887313	0.00000000	0.00000000	0.00000000	10.11663969	0.62107434
15.41016218	37.14104462	0.02692439	0.00000000	0.00000000	0.00000000	10.11906556	0.62092545
15.41387893	41.15540314	0.02429815	0.00000000	0.00000000	0.00000000	10.12149142	0.62077663
15.41759567	46.50031281	0.02150523	0.00000000	0.00000000	0.00000000	10.12391727	0.62062788
15.42131241	53.74661636	0.01860582	0.00000000	0.00000000	0.00000000	10.12634311	0.62047920
15.42502915	62.26172638	0.01606123	0.00000000	0.00000000	0.00000000	10.12876893	0.62033060
15.42874589	71.70237732	0.01394654	0.00000000	0.00000000	0.00000000	10.13119475	0.62018207
15.43246263	81.16544342	0.01232051	0.00000000	0.00000000	0.00000000	10.13362055	0.62003361
15.43617937	88.99324036	0.01123681	0.00000000	0.00000000	0.00000000	10.13604635	0.61988522
15.43989611	94.88410187	0.01053917	0.00000000	0.00000000	0.00000000	10.13847213	0.61973690
15.44361286	96.78285980	0.01033241	0.00000000	0.00000000	0.00000000	10.14089791	0.61958866
15.44732960	95.50390625	0.01047078	0.00000000	0.00000000	0.00000000	10.14332367	0.61944048
15.45104634	90.98561096	0.01099075	0.00000000	0.00000000	0.00000000	10.14574942	0.61929238
15.45476308	84.43302155	0.01184371	0.00000000	0.00000000	0.00000000	10.14817516	0.61914435
15.45847982	76.84704590	0.01301286	0.00000000	0.00000000	0.00000000	10.15060089	0.61899639
15.46219656	68.98906708	0.01449505	0.00000000	0.00000000	0.00000000	10.15302661	0.61884850
15.46591330	61.53303909	0.01625143	0.00000000	0.00000000	0.00000000	10.15545232	0.61870068
15.46963005	54.91680908	0.01820936	0.00000000	0.00000000	0.00000000	10.15787802	0.61855294
15.47334679	49.35564804	0.02026111	0.00000000	0.00000000	0.00000000	10.16030371	0.61840527
15.47706353	44.62202454	0.02241046	0.00000000	0.00000000	0.00000000	10.16272939	0.61825766
15.48078027	40.68199158	0.02458090	0.00000000	0.00000000	0.00000000	10.16515505	0.61811013
15.48449701	37.52443695	0.02664930	0.00000000	0.00000000	0.00000000	10.16758071	0.61796267
15.48821375	35.21478271	0.02839717	0.00000000	0.00000000	0.00000000	10.17000635	0.61781528
15.49193049	33.29445648	0.03003503	0.00000000	0.00000000	0.00000000	10.17243199	0.61766796
15.49564723	31.89846992	0.03134947	0.00000000	0.00000000	0.00000000	10.17485761	0.61752071
15.49936398	31.00441551	0.03225347	0.00000000	0.00000000	0.00000000	10.17728322	0.61737353
15.50308072	30.56802750	0.03271392	0.00000000	0.00000000	0.00000000	10.17970883	0.61722643
15.50679746	30.46394920	0.03282568	0.00000000	0.00000000	0.00000000	10.18213442	0.61707939
15.51051420	30.35340118	0.03294524	0.00000000	0.00000000	0.00000000	10.18456000	0.61693243
15.51423094	30.08347702	0.03324084	0.00000000	0.00000000	0.00000000	10.18698557	0.61678553
15.51794768	29.92486382	0.03341703	0.00000000	0.00000000	0.00000000	10.18941113	0.61663871
15.52166442	29.98093796	0.03335453	0.00000000	0.00000000	0.00000000	10.19183668	0.61649195
15.52538117	29.91089058	0.03343264	0.00000000	0.00000000	0.00000000	10.19426221	0.61634527
15.52909791	29.65947914	0.03371603	0.00000000	0.00000000	0.00000000	10.19668774	0.61619866
15.53281465	29.62093163	0.03375991	0.00000000	0.00000000	0.00000000	10.19911326	0.61605212
15.53653139	29.88271332	0.03346416	0.00000000	0.00000000	0.00000000	10.20153876	0.61590564
15.54024813	29.94342232	0.03339632	0.00000000	0.00000000	0.00000000	10.20396426	0.61575924
15.54396487	29.71967506	0.03364774	0.00000000	0.00000000	0.00000000	10.20638974	0.61561291
15.54768161	29.64065933	0.03373744	0.00000000	0.00000000	0.00000000	10.20881522	0.61546665
15.55139835	29.77019310	0.03359065	0.00000000	0.00000000	0.00000000	10.21124068	0.61532046
15.55511510	30.01145935	0.03332061	0.00000000	0.00000000	0.00000000	10.21366613	0.61517434
15.55883184	30.28870583	0.03301561	0.00000000	0.00000000	0.00000000	10.21609157	0.61502829
15.56254858	30.33390236	0.03296641	0.00000000	0.00000000	0.00000000	10.21851700	0.61488231
15.56626532	30.21160698	0.03309986	0.00000000	0.00000000	0.00000000	10.22094242	0.61473640
15.56998206	30.35103035	0.03294781	0.00000000	0.00000000	0.00000000	10.22336783	0.61459055
15.57369880	30.91322708	0.03234861	0.00000000	0.00000000	0.00000000	10.22579323	0.61444478
15.57741554	31.85327148	0.03139395	0.00000000	0.00000000	0.00000000	10.22821862	0.61429908
15.58113229	33.55905914	0.02979821	0.00000000	0.00000000	0.00000000	10.23064400	0.61415345
15.58484903	35.93317413	0.02782944	0.00000000	0.00000000	0.00000000	10.23306936	0.61400789
15.58856577	39.59836197	0.02525357	0.00000000	0.00000000	0.00000000	10.23549472	0.61386240
15.59228251	44.31728363	0.02256456	0.00000000	0.00000000	0.00000000	10.23792006	0.61371697
15.59599925	50.16296387	0.01993503	0.00000000	0.00000000	0.00000000	10.24034540	0.61357162
15.59971599	56.34585953	0.01774753	0.00000000	0.00000000	0.00000000	10.24277072	0.61342634
15.60343273	62.85563278	0.01590947	0.00000000	0.00000000	0.00000000	10.24519603	0.61328112
15.60714947	68.41734314	0.01461618	0.00000000	0.00000000	0.00000000	10.24762133	0.61313598
15.61086622	71.92646790	0.01390309	0.00000000	0.00000000	0.00000000	10.25004662	0.61299090
15.61458296	74.10515594	0.01349434	0.00000000	0.00000000	0.00000000	10.25247190	0.61284589
15.61829970	73.10478210	0.01367900	0.00000000	0.00000000	0.00000000	10.25489717	0.61270096
15.62201644	70.51995087	0.01418038	0.00000000	0.00000000	0.00000000	10.25732243	0.61255609
15.62573318	65.81282806	0.01519461	0.00000000	0.00000000	0.00000000	10.25974768	0.61241129
15.62944992	60.76975250	0.01645555	0.00000000	0.00000000	0.00000000	10.26217291	0.61226656
15.63316666	55.38541412	0.01805530	0.00000000	0.00000000	0.00000000	10.26459814	0.61212190
15.63688341	49.98652649	0.02000539	0.00000000	0.00000000	0.00000000	10.26702335	0.61197731
15.64060015	46.06501770	0.02170845	0.00000000	0.00000000	0.00000000	10.26944856	0.61183278
15.64431689	42.67948914	0.02343046	0.00000000	0.00000000	0.00000000	10.27187375	0.61168833
15.64803363	39.54444504	0.02528800	0.00000000	0.00000000	0.00000000	10.27429894	0.61154395
15.65175037	36.74254608	0.02721640	0.00000000	0.00000000	0.00000000	10.27672411	0.61139963
15.65546711	34.99779892	0.02857323	0.00000000	0.00000000	0.00000000	10.27914927	0.61125538
15.65918385	33.40076065	0.02993944	0.00000000	0.00000000	0.00000000	10.28157442	0.61111120
15.66290060	32.20330048	0.03105272	0.00000000	0.00000000	0.00000000	10.28399956	0.61096709
15.66661734	31.24356079	0.03200660	0.00000000	0.00000000	0.00000000	10.28642469	0.61082305
15.67033408	30.61498451	0.03266374	0.00000000	0.00000000	0.00000000	10.28884980	0.61067908
15.67405082	30.18441391	0.03312968	0.00000000	0.00000000	0.00000000	10.29127491	0.61053517
15.67776756	30.01449203	0.03331724	0.00000000	0.00000000	0.00000000	10.29370001	0.61039134
15.68148430	29.98297691	0.03335226	0.00000000	0.00000000	0.00000000	10.29612509	0.61024757
15.68520104	29.94528580	0.03339424	0.00000000	0.00000000	0.00000000	10.29855017	0.61010387
15.68891778	29.84956360	0.03350133	0.00000000	0.00000000	0.00000000	10.30097523	0.60996024
15.69263453	29.76755333	0.03359362	0.00000000	0.00000000	0.00000000	10.30340028	0.60981668
15.69635127	29.70935249	0.03365943	0.00000000	0.00000000	0.00000000	10.30582533	0.60967318
15.70006801	29.84792709	0.03350316	0.00000000	0.00000000	0.00000000	10.30825036	0.60952975
15.70378475	30.01995659	0.03331117	0.00000000	0.00000000	0.00000000	10.31067538	0.60938640
15.70750149	29.88170052	0.03346530	0.00000000	0.00000000	0.00000000	10.31310039	0.60924311
15.71121823	29.64680099	0.03373045	0.00000000	0.00000000	0.00000000	10.31552539	0.60909988
15.71493497	29.30421638	0.03412478	0.00000000	0.00000000	0.00000000	10.31795037	0.60895673
15.71865172	28.86601067	0.03464282	0.00000000	0.00000000	0.00000000	10.32037535	0.60881364
15.72236846	28.88022041	0.03462577	0.00000000	0.00000000	0.00000000	10.32280032	0.60867062
15.72608520	29.02191353	0.03445672	0.00000000	0.00000000	0.00000000	10.32522527	0.60852767
15.72980194	28.81537437	0.03470370	0.00000000	0.00000000	0.00000000	10.32765022	0.60838479
15.73351868	28.70298386	0.03483958	0.00000000	0.00000000	0.00000000	10.33007515	0.60824197
15.73723542	28.74135780	0.03479307	0.00000000	0.00000000	0.00000000	10.33250007	0.60809923
15.74095216	28.72689819	0.03481058	0.00000000	0.00000000	0.00000000	10.33492498	0.60795655
15.74466890	28.70442009	0.03483784	0.00000000	0.00000000	0.00000000	10.33734988	0.60781393
15.74838565	28.65614319	0.03489653	0.00000000	0.00000000	0.00000000	10.33977477	0.60767139
15.75210239	28.59654617	0.03496926	0.00000000	0.00000000	0.00000000	10.34219965	0.60752891
15.75581913	28.52294159	0.03505950	0.00000000	0.00000000	0.00000000	10.34462452	0.60738650
15.75953587	28.57053185	0.03500110	0.00000000	0.00000000	0.00000000	10.34704938	0.60724416
15.76325261	28.77306557	0.03475473	0.00000000	0.00000000	0.00000000	10.34947423	0.60710188
15.76696935	29.17094612	0.03428068	0.00000000	0.00000000	0.00000000	10.35189906	0.60695968
15.77068609	29.55355644	0.03383688	0.00000000	0.00000000	0.00000000	10.35432389	0.60681754
15.77440284	29.33399582	0.03409014	0.00000000	0.00000000	0.00000000	10.35674870	0.60667546
15.77811958	28.76716805	0.03476185	0.00000000	0.00000000	0.00000000	10.35917350	0.60653346
15.78183632	28.43119812	0.03517263	0.00000000	0.00000000	0.00000000	10.36159829	0.60639152
15.78555306	28.36183739	0.03525865	0.00000000	0.00000000	0.00000000	10.36402308	0.60624964
15.78926980	28.40427971	0.03520596	0.00000000	0.00000000	0.00000000	10.36644785	0.60610784
15.79298654	28.49114609	0.03509862	0.00000000	0.00000000	0.00000000	10.36887261	0.60596610
15.79670328	28.46747589	0.03512781	0.00000000	0.00000000	0.00000000	10.37129735	0.60582443
15.80042002	28.18265915	0.03548281	0.00000000	0.00000000	0.00000000	10.37372209	0.60568283
15.80413677	28.33726501	0.03528922	0.00000000	0.00000000	0.00000000	10.37614682	0.60554129
15.80785351	28.98146439	0.03450481	0.00000000	0.00000000	0.00000000	10.37857153	0.60539982
15.81157025	29.02705383	0.03445062	0.00000000	0.00000000	0.00000000	10.38099624	0.60525841
15.81528699	28.62876701	0.03492990	0.00000000	0.00000000	0.00000000	10.38342093	0.60511708
15.81900373	28.46184731	0.03513475	0.00000000	0.00000000	0.00000000	10.38584561	0.60497580
15.82272047	28.41124725	0.03519733	0.00000000	0.00000000	0.00000000	10.38827029	0.60483460
15.82643721	28.64158249	0.03491427	0.00000000	0.00000000	0.00000000	10.39069495	0.60469346
15.83015396	29.14205551	0.03431467	0.00000000	0.00000000	0.00000000	10.39311960	0.60455239
15.83387070	29.02858162	0.03444881	0.00000000	0.00000000	0.00000000	10.39554424	0.60441139
15.83758744	28.33456612	0.03529258	0.00000000	0.00000000	0.00000000	10.39796886	0.60427045
15.84130418	28.15032959	0.03552356	0.00000000	0.00000000	0.00000000	10.40039348	0.60412958
15.84502092	28.53429031	0.03504555	0.00000000	0.00000000	0.00000000	10.40281809	0.60398877
15.84873766	28.30178070	0.03533347	0.00000000	0.00000000	0.00000000	10.40524268	0.60384803
15.85245440	27.07602310	0.03693305	0.00000000	0.00000000	0.00000000	10.40766727	0.60370736
15.85617114	26.68253326	0.03747770	0.00000000	0.00000000	0.00000000	10.41009184	0.60356675
15.85988789	28.02228165	0.03568589	0.00000000	0.00000000	0.00000000	10.41251640	0.60342621
15.86360463	29.17382622	0.03427730	0.00000000	0.00000000	0.00000000	10.41494096	0.60328573
15.86732137	29.17382622	0.03427730	0.00000000	0.00000000	0.00000000	10.41736550	0.60314533
